ISO-10303-21;
HEADER;
/* Generated by software containing ST-Developer
 * from STEP Tools, Inc. (www.steptools.com) 
 */
/* OPTION: using custom renumber hook */

FILE_DESCRIPTION(
/* description */ ('STEP AP242',
'CAx-IF Rec.Pracs.---Representation and Presentation of Product Manufa
cturing Information (PMI)---4.0---2014-10-13',
'CAx-IF Rec.Pracs.---3D Tessellated Geometry---0.4---2014-09-14','2;1'),

/* implementation_level */ '2;1');

FILE_NAME(
/* name */ '68fb1f3334e6012dc82c94ba',
/* time_stamp */ '2025-10-24T06:39:48Z',
/* author */ (''),
/* organization */ (''),
/* preprocessor_version */ 'ST-DEVELOPER v20',
/* originating_system */ 'ONSHAPE BY PTC INC, 1.205',
/* authorisation */ '  ');

FILE_SCHEMA (('AP242_MANAGED_MODEL_BASED_3D_ENGINEERING_MIM_LF { 1 0 10303 442 1 1 4 }'));
ENDSEC;

DATA;
#10=SHAPE_REPRESENTATION_RELATIONSHIP('','',#2989,#11);
#11=ADVANCED_BREP_SHAPE_REPRESENTATION('',(#2987),#5533);
#12=B_SPLINE_SURFACE_WITH_KNOTS('',3,1,((#5311,#5312),(#5313,#5314),(#5315,
#5316),(#5317,#5318)),.SURF_OF_LINEAR_EXTRUSION.,.F.,.F.,.F.,(4,4),(2,2),
(-8.93593849141983E-15,1.),(0.,1.),.PIECEWISE_BEZIER_KNOTS.);
#13=B_SPLINE_SURFACE_WITH_KNOTS('',3,1,((#5321,#5322),(#5323,#5324),(#5325,
#5326),(#5327,#5328)),.SURF_OF_LINEAR_EXTRUSION.,.F.,.F.,.F.,(4,4),(2,2),
(0.,1.),(0.,1.),.PIECEWISE_BEZIER_KNOTS.);
#14=B_SPLINE_SURFACE_WITH_KNOTS('',3,1,((#5330,#5331),(#5332,#5333),(#5334,
#5335),(#5336,#5337)),.SURF_OF_LINEAR_EXTRUSION.,.F.,.F.,.F.,(4,4),(2,2),
(0.,1.),(0.,1.),.PIECEWISE_BEZIER_KNOTS.);
#15=B_SPLINE_SURFACE_WITH_KNOTS('',3,1,((#5341,#5342),(#5343,#5344),(#5345,
#5346),(#5347,#5348)),.SURF_OF_LINEAR_EXTRUSION.,.F.,.F.,.F.,(4,4),(2,2),
(0.,1.),(0.,1.),.PIECEWISE_BEZIER_KNOTS.);
#16=B_SPLINE_SURFACE_WITH_KNOTS('',3,1,((#5350,#5351),(#5352,#5353),(#5354,
#5355),(#5356,#5357)),.SURF_OF_LINEAR_EXTRUSION.,.F.,.F.,.F.,(4,4),(2,2),
(0.,1.),(0.,1.),.PIECEWISE_BEZIER_KNOTS.);
#17=B_SPLINE_SURFACE_WITH_KNOTS('',3,1,((#5359,#5360),(#5361,#5362),(#5363,
#5364),(#5365,#5366)),.SURF_OF_LINEAR_EXTRUSION.,.F.,.F.,.F.,(4,4),(2,2),
(0.,1.),(0.,1.),.PIECEWISE_BEZIER_KNOTS.);
#18=B_SPLINE_SURFACE_WITH_KNOTS('',3,1,((#5368,#5369),(#5370,#5371),(#5372,
#5373),(#5374,#5375)),.SURF_OF_LINEAR_EXTRUSION.,.F.,.F.,.F.,(4,4),(2,2),
(-1.05049803271207E-14,1.),(0.,1.),.PIECEWISE_BEZIER_KNOTS.);
#19=B_SPLINE_SURFACE_WITH_KNOTS('',3,1,((#5379,#5380),(#5381,#5382),(#5383,
#5384),(#5385,#5386)),.SURF_OF_LINEAR_EXTRUSION.,.F.,.F.,.F.,(4,4),(2,2),
(0.,1.),(0.,1.),.PIECEWISE_BEZIER_KNOTS.);
#20=B_SPLINE_SURFACE_WITH_KNOTS('',3,1,((#5420,#5421),(#5422,#5423),(#5424,
#5425),(#5426,#5427)),.SURF_OF_LINEAR_EXTRUSION.,.F.,.F.,.F.,(4,4),(2,2),
(0.,1.),(0.,1.),.PIECEWISE_BEZIER_KNOTS.);
#21=B_SPLINE_SURFACE_WITH_KNOTS('',3,1,((#5444,#5445),(#5446,#5447),(#5448,
#5449),(#5450,#5451)),.SURF_OF_LINEAR_EXTRUSION.,.F.,.F.,.F.,(4,4),(2,2),
(0.,1.),(0.,1.),.PIECEWISE_BEZIER_KNOTS.);
#22=B_SPLINE_SURFACE_WITH_KNOTS('',3,1,((#5454,#5455),(#5456,#5457),(#5458,
#5459),(#5460,#5461)),.SURF_OF_LINEAR_EXTRUSION.,.F.,.F.,.F.,(4,4),(2,2),
(0.,1.),(0.,1.),.PIECEWISE_BEZIER_KNOTS.);
#23=B_SPLINE_SURFACE_WITH_KNOTS('',3,1,((#5469,#5470),(#5471,#5472),(#5473,
#5474),(#5475,#5476)),.SURF_OF_LINEAR_EXTRUSION.,.F.,.F.,.F.,(4,4),(2,2),
(0.,1.),(0.,1.),.PIECEWISE_BEZIER_KNOTS.);
#24=B_SPLINE_SURFACE_WITH_KNOTS('',3,1,((#5478,#5479),(#5480,#5481),(#5482,
#5483),(#5484,#5485)),.SURF_OF_LINEAR_EXTRUSION.,.F.,.F.,.F.,(4,4),(2,2),
(0.,1.00000000000017),(0.,1.),.PIECEWISE_BEZIER_KNOTS.);
#25=PLANE('',#3106);
#26=PLANE('',#3107);
#27=PLANE('',#3122);
#28=PLANE('',#3123);
#29=PLANE('',#3137);
#30=PLANE('',#3138);
#31=PLANE('',#3152);
#32=PLANE('',#3153);
#33=PLANE('',#3161);
#34=PLANE('',#3162);
#35=PLANE('',#3166);
#36=PLANE('',#3167);
#37=PLANE('',#3171);
#38=PLANE('',#3172);
#39=PLANE('',#3176);
#40=PLANE('',#3177);
#41=PLANE('',#3181);
#42=PLANE('',#3185);
#43=PLANE('',#3186);
#44=PLANE('',#3187);
#45=PLANE('',#3188);
#46=PLANE('',#3189);
#47=PLANE('',#3190);
#48=PLANE('',#3191);
#49=PLANE('',#3192);
#50=PLANE('',#3193);
#51=PLANE('',#3194);
#52=PLANE('',#3195);
#53=PLANE('',#3196);
#54=PLANE('',#3197);
#55=PLANE('',#3198);
#56=PLANE('',#3199);
#57=PLANE('',#3200);
#58=PLANE('',#3201);
#59=PLANE('',#3202);
#60=PLANE('',#3203);
#61=PLANE('',#3204);
#62=PLANE('',#3205);
#63=PLANE('',#3206);
#64=PLANE('',#3207);
#65=PLANE('',#3208);
#66=PLANE('',#3209);
#67=PLANE('',#3210);
#68=PLANE('',#3211);
#69=PLANE('',#3212);
#70=PLANE('',#3213);
#71=PLANE('',#3214);
#72=PLANE('',#3215);
#73=PLANE('',#3216);
#74=PLANE('',#3217);
#75=PLANE('',#3218);
#76=PLANE('',#3219);
#77=PLANE('',#3220);
#78=PLANE('',#3221);
#79=PLANE('',#3222);
#80=PLANE('',#3223);
#81=PLANE('',#3224);
#82=PLANE('',#3225);
#83=PLANE('',#3226);
#84=PLANE('',#3227);
#85=PLANE('',#3228);
#86=PLANE('',#3229);
#87=PLANE('',#3230);
#88=PLANE('',#3231);
#89=PLANE('',#3232);
#90=PLANE('',#3233);
#91=PLANE('',#3234);
#92=PLANE('',#3235);
#93=PLANE('',#3236);
#94=PLANE('',#3237);
#95=PLANE('',#3238);
#96=PLANE('',#3239);
#97=PLANE('',#3240);
#98=PLANE('',#3241);
#99=PLANE('',#3243);
#100=PLANE('',#3245);
#101=PLANE('',#3246);
#102=PLANE('',#3248);
#103=PLANE('',#3250);
#104=PLANE('',#3251);
#105=PLANE('',#3253);
#106=PLANE('',#3255);
#107=PLANE('',#3256);
#108=PLANE('',#3257);
#109=PLANE('',#3258);
#110=PLANE('',#3260);
#111=PLANE('',#3262);
#112=PLANE('',#3264);
#113=PLANE('',#3265);
#114=PLANE('',#3267);
#115=PLANE('',#3270);
#116=PLANE('',#3273);
#117=PLANE('',#3275);
#118=PLANE('',#3276);
#119=PLANE('',#3278);
#120=PLANE('',#3280);
#121=PLANE('',#3281);
#122=PLANE('',#3283);
#123=PLANE('',#3285);
#124=PLANE('',#3286);
#125=PLANE('',#3288);
#126=PLANE('',#3290);
#127=PLANE('',#3291);
#128=CONICAL_SURFACE('',#3078,0.0348972602417291,0.117108744566865);
#129=CONICAL_SURFACE('',#3101,0.0348972602417291,0.117108744566865);
#130=CONICAL_SURFACE('',#3109,0.0348972602417291,0.117108744566865);
#131=CONICAL_SURFACE('',#3113,0.0348972602417291,0.117108744566865);
#132=CONICAL_SURFACE('',#3117,0.0348972602417291,0.117108744566865);
#133=CONICAL_SURFACE('',#3125,0.0348972602417291,0.117108744566865);
#134=CONICAL_SURFACE('',#3128,0.0348972602417291,0.117108744566865);
#135=CONICAL_SURFACE('',#3132,0.0348972602417291,0.117108744566865);
#136=CONICAL_SURFACE('',#3140,0.0348972602417291,0.117108744566865);
#137=CONICAL_SURFACE('',#3143,0.0348972602417291,0.117108744566865);
#138=CONICAL_SURFACE('',#3147,0.0348972602417291,0.117108744566865);
#139=CONICAL_SURFACE('',#3155,0.0348972602417291,0.117108744566865);
#140=CONICAL_SURFACE('',#3157,0.0348972602417291,0.117108744566865);
#141=CONICAL_SURFACE('',#3164,0.0348972602417291,0.117108744566865);
#142=CONICAL_SURFACE('',#3169,0.0348972602417291,0.117108744566865);
#143=CONICAL_SURFACE('',#3174,0.0348972602417291,0.117108744566865);
#144=CONICAL_SURFACE('',#3179,0.0348972602417291,0.117108744566865);
#145=CONICAL_SURFACE('',#3183,0.0348972602417291,0.117108744566865);
#146=ELLIPSE('',#3004,0.0345604669460544,0.0302514);
#147=ELLIPSE('',#3005,0.034545378516635,0.0302514);
#148=ELLIPSE('',#3010,50.5825303489094,0.0302514);
#149=ELLIPSE('',#3012,14.3208543097502,0.0302514);
#150=ELLIPSE('',#3013,0.0302515633573859,0.0302514);
#151=ELLIPSE('',#3014,14.3208543097503,0.0302514);
#152=ELLIPSE('',#3016,7.88937603748547,0.0302514);
#153=ELLIPSE('',#3017,0.0302516965288525,0.0302514);
#154=ELLIPSE('',#3018,7.88937603748548,0.0302514);
#155=ELLIPSE('',#3020,6.10099967871883,0.0302514);
#156=ELLIPSE('',#3021,0.0302517834509864,0.0302514);
#157=ELLIPSE('',#3022,6.10099967871884,0.0302514);
#158=ELLIPSE('',#3024,6.10099967871883,0.0302514);
#159=ELLIPSE('',#3025,0.0302517834509864,0.0302514);
#160=ELLIPSE('',#3026,6.10099967871884,0.0302514);
#161=ELLIPSE('',#3028,7.88937603748547,0.0302514);
#162=ELLIPSE('',#3029,0.0302516965288525,0.0302514);
#163=ELLIPSE('',#3030,7.88937603748548,0.0302514);
#164=ELLIPSE('',#3032,14.3208543097502,0.0302514);
#165=ELLIPSE('',#3033,0.0302515633573859,0.0302514);
#166=ELLIPSE('',#3034,14.3208543097503,0.0302514);
#167=ELLIPSE('',#3036,50.582530348909,0.0302514);
#168=ELLIPSE('',#3037,0.0302514462493326,0.0302514);
#169=ELLIPSE('',#3038,50.5825303489095,0.0302514);
#170=ELLIPSE('',#3042,50.5825303489089,0.0302514);
#171=ELLIPSE('',#3043,0.0302514462493326,0.0302514);
#172=ELLIPSE('',#3044,0.0302514462493326,0.0302514);
#173=ELLIPSE('',#3045,50.582530348909,0.0302514);
#174=ELLIPSE('',#3049,50.5825303489093,0.0302514);
#175=ELLIPSE('',#3050,0.0302514462493326,0.0302514);
#176=ELLIPSE('',#3051,50.5825303489091,0.0302514);
#177=ELLIPSE('',#3053,14.3208543097503,0.0302514);
#178=ELLIPSE('',#3054,0.0302515633573859,0.0302514);
#179=ELLIPSE('',#3055,14.3208543097502,0.0302514);
#180=ELLIPSE('',#3057,7.88937603748548,0.0302514);
#181=ELLIPSE('',#3058,0.0302516965288525,0.0302514);
#182=ELLIPSE('',#3059,7.88937603748547,0.0302514);
#183=ELLIPSE('',#3061,6.10099967871884,0.0302514);
#184=ELLIPSE('',#3062,0.0302517834509864,0.0302514);
#185=ELLIPSE('',#3063,6.10099967871884,0.0302514);
#186=ELLIPSE('',#3065,6.10099967871884,0.0302514);
#187=ELLIPSE('',#3066,0.0302517834509864,0.0302514);
#188=ELLIPSE('',#3067,6.10099967871883,0.0302514);
#189=ELLIPSE('',#3069,7.88937603748547,0.0302514);
#190=ELLIPSE('',#3070,0.0302516965288525,0.0302514);
#191=ELLIPSE('',#3071,7.88937603748547,0.0302514);
#192=ELLIPSE('',#3073,14.3208543097502,0.0302514);
#193=ELLIPSE('',#3074,0.0302515633573859,0.0302514);
#194=ELLIPSE('',#3075,14.3208543097502,0.0302514);
#195=ELLIPSE('',#3077,50.5825303489092,0.0302514);
#196=ELLIPSE('',#3089,0.0389956012058798,0.034076536002527);
#197=ELLIPSE('',#3090,0.0389811809482744,0.0340487935108671);
#198=ELLIPSE('',#3098,0.0343149584227203,0.0343145174495478);
#199=ELLIPSE('',#3105,0.0343149584227202,0.0343145174495478);
#200=ELLIPSE('',#3111,0.0343149673702338,0.0343145263969463);
#201=ELLIPSE('',#3114,0.0343145758337425,0.0343145226464669);
#202=ELLIPSE('',#3119,0.0343148598008604,0.0343145187891777);
#203=ELLIPSE('',#3127,0.034314866720097,0.0343145257083455);
#204=ELLIPSE('',#3129,0.0343147087045198,0.0343145208416024);
#205=ELLIPSE('',#3134,0.0343147087045198,0.0343145208416024);
#206=ELLIPSE('',#3142,0.0343147125163015,0.0343145246533633);
#207=ELLIPSE('',#3144,0.0343148598008604,0.0343145187891777);
#208=ELLIPSE('',#3149,0.0343145758337425,0.0343145226464669);
#209=ELLIPSE('',#3156,0.0343145769129203,0.0343145237256431);
#210=ELLIPSE('',#3170,0.0343145769129203,0.0343145237256431);
#211=ELLIPSE('',#3175,0.0343147125163015,0.0343145246533633);
#212=ELLIPSE('',#3180,0.034314866720097,0.0343145257083455);
#213=ELLIPSE('',#3184,0.0343149673702338,0.0343145263969463);
#214=CIRCLE('',#2992,0.0302514);
#215=CIRCLE('',#2993,0.0302514);
#216=CIRCLE('',#2994,0.0302514);
#217=CIRCLE('',#2995,0.0302514);
#218=CIRCLE('',#2996,0.0302514);
#219=CIRCLE('',#2997,0.0302514);
#220=CIRCLE('',#2998,0.0302514);
#221=CIRCLE('',#2999,0.0302514);
#222=CIRCLE('',#3000,0.0302514);
#223=CIRCLE('',#3001,0.0302514);
#224=CIRCLE('',#3002,0.0302514);
#225=CIRCLE('',#3003,0.0302514);
#226=CIRCLE('',#3006,0.0302514);
#227=CIRCLE('',#3007,0.0302514);
#228=CIRCLE('',#3008,0.0302514);
#229=CIRCLE('',#3009,0.0302514);
#230=CIRCLE('',#3011,0.0302514);
#231=CIRCLE('',#3015,0.0302514);
#232=CIRCLE('',#3019,0.0302514);
#233=CIRCLE('',#3023,0.0302514);
#234=CIRCLE('',#3027,0.0302514);
#235=CIRCLE('',#3031,0.0302514);
#236=CIRCLE('',#3035,0.0302514);
#237=CIRCLE('',#3039,0.0302514);
#238=CIRCLE('',#3040,0.0302514);
#239=CIRCLE('',#3041,0.0302514);
#240=CIRCLE('',#3046,0.0302514);
#241=CIRCLE('',#3047,0.0302514);
#242=CIRCLE('',#3048,0.0302514);
#243=CIRCLE('',#3052,0.0302514);
#244=CIRCLE('',#3056,0.0302514);
#245=CIRCLE('',#3060,0.0302514);
#246=CIRCLE('',#3064,0.0302514);
#247=CIRCLE('',#3068,0.0302514);
#248=CIRCLE('',#3072,0.0302514);
#249=CIRCLE('',#3076,0.0302514);
#250=CIRCLE('',#3079,0.0341850718591225);
#251=CIRCLE('',#3080,0.0342406274146781);
#252=CIRCLE('',#3081,0.0341850718591225);
#253=CIRCLE('',#3082,0.0341602556826519);
#254=CIRCLE('',#3083,0.0341047001270964);
#255=CIRCLE('',#3084,0.0341602556826519);
#256=CIRCLE('',#3085,0.0337968467774232);
#257=CIRCLE('',#3086,0.0337602352578154);
#258=CIRCLE('',#3087,0.0336262483297107);
#259=CIRCLE('',#3088,0.0337373594408219);
#260=CIRCLE('',#3091,0.0336259419571617);
#261=CIRCLE('',#3092,0.0335994407316715);
#262=CIRCLE('',#3093,0.0335713565813448);
#263=CIRCLE('',#3094,0.0335994407316715);
#264=CIRCLE('',#3095,0.0339840914669657);
#265=CIRCLE('',#3096,0.0338383602578154);
#266=CIRCLE('',#3097,0.0349027586533794);
#267=CIRCLE('',#3099,0.0349027586533794);
#268=CIRCLE('',#3100,0.0329027586533794);
#269=CIRCLE('',#3102,0.0349027586533794);
#270=CIRCLE('',#3103,0.0329027586533794);
#271=CIRCLE('',#3104,0.0349027586533794);
#272=CIRCLE('',#3108,0.0329027586533794);
#273=CIRCLE('',#3110,0.0349027586533794);
#274=CIRCLE('',#3112,0.0349027586533794);
#275=CIRCLE('',#3115,0.0349027586533794);
#276=CIRCLE('',#3116,0.0329027586533794);
#277=CIRCLE('',#3118,0.0349027586533794);
#278=CIRCLE('',#3120,0.0349027586533794);
#279=CIRCLE('',#3121,0.0329027586533794);
#280=CIRCLE('',#3124,0.0329027586533794);
#281=CIRCLE('',#3126,0.0349027586533794);
#282=CIRCLE('',#3130,0.0349027586533794);
#283=CIRCLE('',#3131,0.0329027586533794);
#284=CIRCLE('',#3133,0.0349027586533794);
#285=CIRCLE('',#3135,0.0349027586533793);
#286=CIRCLE('',#3136,0.0329027586533794);
#287=CIRCLE('',#3139,0.0329027586533794);
#288=CIRCLE('',#3141,0.0349027586533794);
#289=CIRCLE('',#3145,0.0349027586533794);
#290=CIRCLE('',#3146,0.0329027586533794);
#291=CIRCLE('',#3148,0.0349027586533794);
#292=CIRCLE('',#3150,0.0349027586533794);
#293=CIRCLE('',#3151,0.0329027586533794);
#294=CIRCLE('',#3154,0.0329027586533794);
#295=CIRCLE('',#3158,0.0349027586533794);
#296=CIRCLE('',#3159,0.0343145233592617);
#297=CIRCLE('',#3160,0.0329027586533794);
#298=CIRCLE('',#3163,0.0329027586533794);
#299=CIRCLE('',#3165,0.0343145233592617);
#300=CIRCLE('',#3168,0.0329027586533794);
#301=CIRCLE('',#3173,0.0329027586533794);
#302=CIRCLE('',#3178,0.0329027586533794);
#303=CIRCLE('',#3182,0.0329027586533794);
#304=LINE('',#4058,#458);
#305=LINE('',#4067,#459);
#306=LINE('',#4081,#460);
#307=LINE('',#4090,#461);
#308=LINE('',#4099,#462);
#309=LINE('',#4113,#463);
#310=LINE('',#4166,#464);
#311=LINE('',#4175,#465);
#312=LINE('',#4189,#466);
#313=LINE('',#4198,#467);
#314=LINE('',#4207,#468);
#315=LINE('',#4216,#469);
#316=LINE('',#4237,#470);
#317=LINE('',#4345,#471);
#318=LINE('',#4349,#472);
#319=LINE('',#4363,#473);
#320=LINE('',#4367,#474);
#321=LINE('',#4758,#475);
#322=LINE('',#4759,#476);
#323=LINE('',#4761,#477);
#324=LINE('',#4765,#478);
#325=LINE('',#4848,#479);
#326=LINE('',#4849,#480);
#327=LINE('',#4851,#481);
#328=LINE('',#4853,#482);
#329=LINE('',#4935,#483);
#330=LINE('',#4936,#484);
#331=LINE('',#4938,#485);
#332=LINE('',#4940,#486);
#333=LINE('',#5022,#487);
#334=LINE('',#5023,#488);
#335=LINE('',#5025,#489);
#336=LINE('',#5027,#490);
#337=LINE('',#5077,#491);
#338=LINE('',#5078,#492);
#339=LINE('',#5080,#493);
#340=LINE('',#5082,#494);
#341=LINE('',#5106,#495);
#342=LINE('',#5107,#496);
#343=LINE('',#5109,#497);
#344=LINE('',#5111,#498);
#345=LINE('',#5135,#499);
#346=LINE('',#5136,#500);
#347=LINE('',#5138,#501);
#348=LINE('',#5140,#502);
#349=LINE('',#5164,#503);
#350=LINE('',#5165,#504);
#351=LINE('',#5167,#505);
#352=LINE('',#5169,#506);
#353=LINE('',#5193,#507);
#354=LINE('',#5195,#508);
#355=LINE('',#5219,#509);
#356=LINE('',#5220,#510);
#357=LINE('',#5222,#511);
#358=LINE('',#5224,#512);
#359=LINE('',#5227,#513);
#360=LINE('',#5229,#514);
#361=LINE('',#5232,#515);
#362=LINE('',#5234,#516);
#363=LINE('',#5237,#517);
#364=LINE('',#5239,#518);
#365=LINE('',#5242,#519);
#366=LINE('',#5244,#520);
#367=LINE('',#5247,#521);
#368=LINE('',#5249,#522);
#369=LINE('',#5252,#523);
#370=LINE('',#5254,#524);
#371=LINE('',#5257,#525);
#372=LINE('',#5259,#526);
#373=LINE('',#5262,#527);
#374=LINE('',#5264,#528);
#375=LINE('',#5267,#529);
#376=LINE('',#5269,#530);
#377=LINE('',#5272,#531);
#378=LINE('',#5274,#532);
#379=LINE('',#5277,#533);
#380=LINE('',#5279,#534);
#381=LINE('',#5282,#535);
#382=LINE('',#5284,#536);
#383=LINE('',#5287,#537);
#384=LINE('',#5289,#538);
#385=LINE('',#5292,#539);
#386=LINE('',#5294,#540);
#387=LINE('',#5297,#541);
#388=LINE('',#5299,#542);
#389=LINE('',#5302,#543);
#390=LINE('',#5304,#544);
#391=LINE('',#5307,#545);
#392=LINE('',#5309,#546);
#393=LINE('',#5319,#547);
#394=LINE('',#5320,#548);
#395=LINE('',#5329,#549);
#396=LINE('',#5338,#550);
#397=LINE('',#5340,#551);
#398=LINE('',#5349,#552);
#399=LINE('',#5358,#553);
#400=LINE('',#5367,#554);
#401=LINE('',#5376,#555);
#402=LINE('',#5378,#556);
#403=LINE('',#5388,#557);
#404=LINE('',#5389,#558);
#405=LINE('',#5391,#559);
#406=LINE('',#5393,#560);
#407=LINE('',#5395,#561);
#408=LINE('',#5397,#562);
#409=LINE('',#5399,#563);
#410=LINE('',#5401,#564);
#411=LINE('',#5403,#565);
#412=LINE('',#5405,#566);
#413=LINE('',#5407,#567);
#414=LINE('',#5409,#568);
#415=LINE('',#5411,#569);
#416=LINE('',#5413,#570);
#417=LINE('',#5415,#571);
#418=LINE('',#5417,#572);
#419=LINE('',#5419,#573);
#420=LINE('',#5428,#574);
#421=LINE('',#5430,#575);
#422=LINE('',#5432,#576);
#423=LINE('',#5434,#577);
#424=LINE('',#5436,#578);
#425=LINE('',#5438,#579);
#426=LINE('',#5440,#580);
#427=LINE('',#5442,#581);
#428=LINE('',#5452,#582);
#429=LINE('',#5453,#583);
#430=LINE('',#5462,#584);
#431=LINE('',#5464,#585);
#432=LINE('',#5466,#586);
#433=LINE('',#5468,#587);
#434=LINE('',#5477,#588);
#435=LINE('',#5486,#589);
#436=LINE('',#5488,#590);
#437=LINE('',#5490,#591);
#438=LINE('',#5493,#592);
#439=LINE('',#5494,#593);
#440=LINE('',#5496,#594);
#441=LINE('',#5498,#595);
#442=LINE('',#5500,#596);
#443=LINE('',#5502,#597);
#444=LINE('',#5504,#598);
#445=LINE('',#5506,#599);
#446=LINE('',#5508,#600);
#447=LINE('',#5510,#601);
#448=LINE('',#5512,#602);
#449=LINE('',#5514,#603);
#450=LINE('',#5516,#604);
#451=LINE('',#5518,#605);
#452=LINE('',#5520,#606);
#453=LINE('',#5522,#607);
#454=LINE('',#5524,#608);
#455=LINE('',#5526,#609);
#456=LINE('',#5528,#610);
#457=LINE('',#5530,#611);
#458=VECTOR('',#3296,1.);
#459=VECTOR('',#3299,1.);
#460=VECTOR('',#3302,1.);
#461=VECTOR('',#3305,1.);
#462=VECTOR('',#3308,1.);
#463=VECTOR('',#3311,1.);
#464=VECTOR('',#3318,1.);
#465=VECTOR('',#3321,1.);
#466=VECTOR('',#3324,1.);
#467=VECTOR('',#3327,1.);
#468=VECTOR('',#3330,1.);
#469=VECTOR('',#3333,1.);
#470=VECTOR('',#3338,1.);
#471=VECTOR('',#3405,1.);
#472=VECTOR('',#3408,1.);
#473=VECTOR('',#3421,1.);
#474=VECTOR('',#3424,1.);
#475=VECTOR('',#3543,1.);
#476=VECTOR('',#3544,1.);
#477=VECTOR('',#3547,1.);
#478=VECTOR('',#3550,1.);
#479=VECTOR('',#3579,1.);
#480=VECTOR('',#3580,1.);
#481=VECTOR('',#3583,1.);
#482=VECTOR('',#3584,1.);
#483=VECTOR('',#3613,1.);
#484=VECTOR('',#3614,1.);
#485=VECTOR('',#3617,1.);
#486=VECTOR('',#3618,1.);
#487=VECTOR('',#3647,1.);
#488=VECTOR('',#3648,1.);
#489=VECTOR('',#3651,1.);
#490=VECTOR('',#3652,1.);
#491=VECTOR('',#3669,1.);
#492=VECTOR('',#3670,1.);
#493=VECTOR('',#3673,1.);
#494=VECTOR('',#3674,1.);
#495=VECTOR('',#3683,1.);
#496=VECTOR('',#3684,1.);
#497=VECTOR('',#3687,1.);
#498=VECTOR('',#3688,1.);
#499=VECTOR('',#3697,1.);
#500=VECTOR('',#3698,1.);
#501=VECTOR('',#3701,1.);
#502=VECTOR('',#3702,1.);
#503=VECTOR('',#3711,1.);
#504=VECTOR('',#3712,1.);
#505=VECTOR('',#3715,1.);
#506=VECTOR('',#3716,1.);
#507=VECTOR('',#3725,1.);
#508=VECTOR('',#3726,1.);
#509=VECTOR('',#3735,1.);
#510=VECTOR('',#3736,1.);
#511=VECTOR('',#3739,1.);
#512=VECTOR('',#3742,1.);
#513=VECTOR('',#3747,1.);
#514=VECTOR('',#3750,1.);
#515=VECTOR('',#3755,1.);
#516=VECTOR('',#3758,1.);
#517=VECTOR('',#3763,1.);
#518=VECTOR('',#3766,1.);
#519=VECTOR('',#3771,1.);
#520=VECTOR('',#3774,1.);
#521=VECTOR('',#3779,1.);
#522=VECTOR('',#3782,1.);
#523=VECTOR('',#3787,1.);
#524=VECTOR('',#3790,1.);
#525=VECTOR('',#3795,1.);
#526=VECTOR('',#3798,1.);
#527=VECTOR('',#3803,1.);
#528=VECTOR('',#3806,1.);
#529=VECTOR('',#3811,1.);
#530=VECTOR('',#3814,1.);
#531=VECTOR('',#3819,1.);
#532=VECTOR('',#3822,1.);
#533=VECTOR('',#3827,1.);
#534=VECTOR('',#3830,1.);
#535=VECTOR('',#3835,1.);
#536=VECTOR('',#3838,1.);
#537=VECTOR('',#3843,1.);
#538=VECTOR('',#3846,1.);
#539=VECTOR('',#3851,1.);
#540=VECTOR('',#3854,1.);
#541=VECTOR('',#3859,1.);
#542=VECTOR('',#3862,1.);
#543=VECTOR('',#3867,1.);
#544=VECTOR('',#3870,1.);
#545=VECTOR('',#3875,1.);
#546=VECTOR('',#3878,1.);
#547=VECTOR('',#3881,1.);
#548=VECTOR('',#3882,1.);
#549=VECTOR('',#3883,1.);
#550=VECTOR('',#3884,1.);
#551=VECTOR('',#3887,1.);
#552=VECTOR('',#3888,1.);
#553=VECTOR('',#3889,1.);
#554=VECTOR('',#3890,1.);
#555=VECTOR('',#3891,1.);
#556=VECTOR('',#3894,1.);
#557=VECTOR('',#3897,1.);
#558=VECTOR('',#3898,1.);
#559=VECTOR('',#3901,1.);
#560=VECTOR('',#3904,1.);
#561=VECTOR('',#3907,1.);
#562=VECTOR('',#3910,1.);
#563=VECTOR('',#3913,1.);
#564=VECTOR('',#3916,1.);
#565=VECTOR('',#3919,1.);
#566=VECTOR('',#3922,1.);
#567=VECTOR('',#3925,1.);
#568=VECTOR('',#3928,1.);
#569=VECTOR('',#3931,1.);
#570=VECTOR('',#3934,1.);
#571=VECTOR('',#3937,1.);
#572=VECTOR('',#3940,1.);
#573=VECTOR('',#3943,1.);
#574=VECTOR('',#3944,1.);
#575=VECTOR('',#3947,1.);
#576=VECTOR('',#3950,1.);
#577=VECTOR('',#3953,1.);
#578=VECTOR('',#3956,1.);
#579=VECTOR('',#3959,1.);
#580=VECTOR('',#3962,1.);
#581=VECTOR('',#3965,1.);
#582=VECTOR('',#3968,1.);
#583=VECTOR('',#3969,1.);
#584=VECTOR('',#3970,1.);
#585=VECTOR('',#3973,1.);
#586=VECTOR('',#3976,1.);
#587=VECTOR('',#3979,1.);
#588=VECTOR('',#3980,1.);
#589=VECTOR('',#3981,1.);
#590=VECTOR('',#3984,1.);
#591=VECTOR('',#3987,1.);
#592=VECTOR('',#3992,1.);
#593=VECTOR('',#3993,1.);
#594=VECTOR('',#3996,1.);
#595=VECTOR('',#3999,1.);
#596=VECTOR('',#4002,1.);
#597=VECTOR('',#4005,1.);
#598=VECTOR('',#4008,1.);
#599=VECTOR('',#4011,1.);
#600=VECTOR('',#4014,1.);
#601=VECTOR('',#4017,1.);
#602=VECTOR('',#4020,1.);
#603=VECTOR('',#4023,1.);
#604=VECTOR('',#4026,1.);
#605=VECTOR('',#4029,1.);
#606=VECTOR('',#4032,1.);
#607=VECTOR('',#4035,1.);
#608=VECTOR('',#4038,1.);
#609=VECTOR('',#4041,1.);
#610=VECTOR('',#4044,1.);
#611=VECTOR('',#4047,1.);
#612=ORIENTED_EDGE('',*,*,#1542,.F.);
#613=ORIENTED_EDGE('',*,*,#1543,.F.);
#614=ORIENTED_EDGE('',*,*,#1544,.F.);
#615=ORIENTED_EDGE('',*,*,#1545,.F.);
#616=ORIENTED_EDGE('',*,*,#1546,.F.);
#617=ORIENTED_EDGE('',*,*,#1547,.F.);
#618=ORIENTED_EDGE('',*,*,#1548,.F.);
#619=ORIENTED_EDGE('',*,*,#1549,.F.);
#620=ORIENTED_EDGE('',*,*,#1550,.F.);
#621=ORIENTED_EDGE('',*,*,#1551,.F.);
#622=ORIENTED_EDGE('',*,*,#1552,.F.);
#623=ORIENTED_EDGE('',*,*,#1553,.F.);
#624=ORIENTED_EDGE('',*,*,#1554,.F.);
#625=ORIENTED_EDGE('',*,*,#1555,.F.);
#626=ORIENTED_EDGE('',*,*,#1556,.F.);
#627=ORIENTED_EDGE('',*,*,#1557,.F.);
#628=ORIENTED_EDGE('',*,*,#1558,.F.);
#629=ORIENTED_EDGE('',*,*,#1559,.F.);
#630=ORIENTED_EDGE('',*,*,#1560,.F.);
#631=ORIENTED_EDGE('',*,*,#1561,.F.);
#632=ORIENTED_EDGE('',*,*,#1562,.F.);
#633=ORIENTED_EDGE('',*,*,#1563,.F.);
#634=ORIENTED_EDGE('',*,*,#1564,.F.);
#635=ORIENTED_EDGE('',*,*,#1565,.F.);
#636=ORIENTED_EDGE('',*,*,#1566,.F.);
#637=ORIENTED_EDGE('',*,*,#1567,.F.);
#638=ORIENTED_EDGE('',*,*,#1568,.F.);
#639=ORIENTED_EDGE('',*,*,#1569,.F.);
#640=ORIENTED_EDGE('',*,*,#1570,.F.);
#641=ORIENTED_EDGE('',*,*,#1571,.F.);
#642=ORIENTED_EDGE('',*,*,#1572,.F.);
#643=ORIENTED_EDGE('',*,*,#1573,.F.);
#644=ORIENTED_EDGE('',*,*,#1574,.F.);
#645=ORIENTED_EDGE('',*,*,#1575,.F.);
#646=ORIENTED_EDGE('',*,*,#1576,.F.);
#647=ORIENTED_EDGE('',*,*,#1577,.F.);
#648=ORIENTED_EDGE('',*,*,#1578,.F.);
#649=ORIENTED_EDGE('',*,*,#1579,.F.);
#650=ORIENTED_EDGE('',*,*,#1580,.F.);
#651=ORIENTED_EDGE('',*,*,#1581,.F.);
#652=ORIENTED_EDGE('',*,*,#1582,.F.);
#653=ORIENTED_EDGE('',*,*,#1583,.F.);
#654=ORIENTED_EDGE('',*,*,#1584,.F.);
#655=ORIENTED_EDGE('',*,*,#1585,.F.);
#656=ORIENTED_EDGE('',*,*,#1586,.F.);
#657=ORIENTED_EDGE('',*,*,#1587,.F.);
#658=ORIENTED_EDGE('',*,*,#1588,.F.);
#659=ORIENTED_EDGE('',*,*,#1589,.F.);
#660=ORIENTED_EDGE('',*,*,#1590,.F.);
#661=ORIENTED_EDGE('',*,*,#1591,.F.);
#662=ORIENTED_EDGE('',*,*,#1592,.F.);
#663=ORIENTED_EDGE('',*,*,#1593,.F.);
#664=ORIENTED_EDGE('',*,*,#1594,.F.);
#665=ORIENTED_EDGE('',*,*,#1595,.F.);
#666=ORIENTED_EDGE('',*,*,#1596,.F.);
#667=ORIENTED_EDGE('',*,*,#1597,.F.);
#668=ORIENTED_EDGE('',*,*,#1598,.F.);
#669=ORIENTED_EDGE('',*,*,#1599,.F.);
#670=ORIENTED_EDGE('',*,*,#1600,.F.);
#671=ORIENTED_EDGE('',*,*,#1601,.F.);
#672=ORIENTED_EDGE('',*,*,#1602,.F.);
#673=ORIENTED_EDGE('',*,*,#1603,.F.);
#674=ORIENTED_EDGE('',*,*,#1604,.F.);
#675=ORIENTED_EDGE('',*,*,#1605,.F.);
#676=ORIENTED_EDGE('',*,*,#1606,.F.);
#677=ORIENTED_EDGE('',*,*,#1607,.F.);
#678=ORIENTED_EDGE('',*,*,#1608,.F.);
#679=ORIENTED_EDGE('',*,*,#1609,.T.);
#680=ORIENTED_EDGE('',*,*,#1610,.T.);
#681=ORIENTED_EDGE('',*,*,#1611,.F.);
#682=ORIENTED_EDGE('',*,*,#1612,.F.);
#683=ORIENTED_EDGE('',*,*,#1613,.T.);
#684=ORIENTED_EDGE('',*,*,#1614,.T.);
#685=ORIENTED_EDGE('',*,*,#1615,.F.);
#686=ORIENTED_EDGE('',*,*,#1616,.F.);
#687=ORIENTED_EDGE('',*,*,#1617,.T.);
#688=ORIENTED_EDGE('',*,*,#1618,.T.);
#689=ORIENTED_EDGE('',*,*,#1619,.F.);
#690=ORIENTED_EDGE('',*,*,#1620,.F.);
#691=ORIENTED_EDGE('',*,*,#1621,.T.);
#692=ORIENTED_EDGE('',*,*,#1622,.T.);
#693=ORIENTED_EDGE('',*,*,#1623,.F.);
#694=ORIENTED_EDGE('',*,*,#1624,.F.);
#695=ORIENTED_EDGE('',*,*,#1625,.T.);
#696=ORIENTED_EDGE('',*,*,#1626,.T.);
#697=ORIENTED_EDGE('',*,*,#1627,.F.);
#698=ORIENTED_EDGE('',*,*,#1628,.F.);
#699=ORIENTED_EDGE('',*,*,#1629,.T.);
#700=ORIENTED_EDGE('',*,*,#1630,.T.);
#701=ORIENTED_EDGE('',*,*,#1631,.F.);
#702=ORIENTED_EDGE('',*,*,#1632,.F.);
#703=ORIENTED_EDGE('',*,*,#1633,.T.);
#704=ORIENTED_EDGE('',*,*,#1634,.T.);
#705=ORIENTED_EDGE('',*,*,#1635,.F.);
#706=ORIENTED_EDGE('',*,*,#1636,.F.);
#707=ORIENTED_EDGE('',*,*,#1637,.T.);
#708=ORIENTED_EDGE('',*,*,#1638,.T.);
#709=ORIENTED_EDGE('',*,*,#1639,.F.);
#710=ORIENTED_EDGE('',*,*,#1640,.F.);
#711=ORIENTED_EDGE('',*,*,#1641,.T.);
#712=ORIENTED_EDGE('',*,*,#1642,.T.);
#713=ORIENTED_EDGE('',*,*,#1643,.T.);
#714=ORIENTED_EDGE('',*,*,#1644,.T.);
#715=ORIENTED_EDGE('',*,*,#1645,.F.);
#716=ORIENTED_EDGE('',*,*,#1646,.F.);
#717=ORIENTED_EDGE('',*,*,#1647,.T.);
#718=ORIENTED_EDGE('',*,*,#1648,.T.);
#719=ORIENTED_EDGE('',*,*,#1649,.F.);
#720=ORIENTED_EDGE('',*,*,#1650,.F.);
#721=ORIENTED_EDGE('',*,*,#1651,.T.);
#722=ORIENTED_EDGE('',*,*,#1652,.T.);
#723=ORIENTED_EDGE('',*,*,#1653,.F.);
#724=ORIENTED_EDGE('',*,*,#1654,.F.);
#725=ORIENTED_EDGE('',*,*,#1655,.T.);
#726=ORIENTED_EDGE('',*,*,#1656,.T.);
#727=ORIENTED_EDGE('',*,*,#1657,.F.);
#728=ORIENTED_EDGE('',*,*,#1658,.F.);
#729=ORIENTED_EDGE('',*,*,#1659,.T.);
#730=ORIENTED_EDGE('',*,*,#1660,.T.);
#731=ORIENTED_EDGE('',*,*,#1661,.F.);
#732=ORIENTED_EDGE('',*,*,#1662,.F.);
#733=ORIENTED_EDGE('',*,*,#1663,.T.);
#734=ORIENTED_EDGE('',*,*,#1664,.T.);
#735=ORIENTED_EDGE('',*,*,#1665,.F.);
#736=ORIENTED_EDGE('',*,*,#1666,.F.);
#737=ORIENTED_EDGE('',*,*,#1667,.T.);
#738=ORIENTED_EDGE('',*,*,#1668,.T.);
#739=ORIENTED_EDGE('',*,*,#1669,.F.);
#740=ORIENTED_EDGE('',*,*,#1670,.F.);
#741=ORIENTED_EDGE('',*,*,#1671,.T.);
#742=ORIENTED_EDGE('',*,*,#1672,.T.);
#743=ORIENTED_EDGE('',*,*,#1673,.F.);
#744=ORIENTED_EDGE('',*,*,#1674,.F.);
#745=ORIENTED_EDGE('',*,*,#1675,.T.);
#746=ORIENTED_EDGE('',*,*,#1676,.T.);
#747=ORIENTED_EDGE('',*,*,#1677,.F.);
#748=ORIENTED_EDGE('',*,*,#1678,.F.);
#749=ORIENTED_EDGE('',*,*,#1679,.F.);
#750=ORIENTED_EDGE('',*,*,#1680,.F.);
#751=ORIENTED_EDGE('',*,*,#1681,.F.);
#752=ORIENTED_EDGE('',*,*,#1682,.F.);
#753=ORIENTED_EDGE('',*,*,#1683,.F.);
#754=ORIENTED_EDGE('',*,*,#1684,.F.);
#755=ORIENTED_EDGE('',*,*,#1685,.F.);
#756=ORIENTED_EDGE('',*,*,#1686,.F.);
#757=ORIENTED_EDGE('',*,*,#1687,.F.);
#758=ORIENTED_EDGE('',*,*,#1688,.F.);
#759=ORIENTED_EDGE('',*,*,#1689,.F.);
#760=ORIENTED_EDGE('',*,*,#1690,.F.);
#761=ORIENTED_EDGE('',*,*,#1691,.F.);
#762=ORIENTED_EDGE('',*,*,#1692,.F.);
#763=ORIENTED_EDGE('',*,*,#1693,.F.);
#764=ORIENTED_EDGE('',*,*,#1694,.F.);
#765=ORIENTED_EDGE('',*,*,#1695,.F.);
#766=ORIENTED_EDGE('',*,*,#1696,.F.);
#767=ORIENTED_EDGE('',*,*,#1697,.F.);
#768=ORIENTED_EDGE('',*,*,#1698,.F.);
#769=ORIENTED_EDGE('',*,*,#1699,.F.);
#770=ORIENTED_EDGE('',*,*,#1700,.F.);
#771=ORIENTED_EDGE('',*,*,#1701,.F.);
#772=ORIENTED_EDGE('',*,*,#1702,.F.);
#773=ORIENTED_EDGE('',*,*,#1703,.F.);
#774=ORIENTED_EDGE('',*,*,#1704,.F.);
#775=ORIENTED_EDGE('',*,*,#1705,.F.);
#776=ORIENTED_EDGE('',*,*,#1706,.F.);
#777=ORIENTED_EDGE('',*,*,#1707,.F.);
#778=ORIENTED_EDGE('',*,*,#1708,.F.);
#779=ORIENTED_EDGE('',*,*,#1709,.F.);
#780=ORIENTED_EDGE('',*,*,#1710,.F.);
#781=ORIENTED_EDGE('',*,*,#1711,.F.);
#782=ORIENTED_EDGE('',*,*,#1712,.F.);
#783=ORIENTED_EDGE('',*,*,#1713,.F.);
#784=ORIENTED_EDGE('',*,*,#1714,.F.);
#785=ORIENTED_EDGE('',*,*,#1715,.F.);
#786=ORIENTED_EDGE('',*,*,#1716,.F.);
#787=ORIENTED_EDGE('',*,*,#1717,.F.);
#788=ORIENTED_EDGE('',*,*,#1718,.F.);
#789=ORIENTED_EDGE('',*,*,#1719,.F.);
#790=ORIENTED_EDGE('',*,*,#1720,.F.);
#791=ORIENTED_EDGE('',*,*,#1721,.F.);
#792=ORIENTED_EDGE('',*,*,#1722,.F.);
#793=ORIENTED_EDGE('',*,*,#1723,.F.);
#794=ORIENTED_EDGE('',*,*,#1724,.F.);
#795=ORIENTED_EDGE('',*,*,#1725,.F.);
#796=ORIENTED_EDGE('',*,*,#1726,.F.);
#797=ORIENTED_EDGE('',*,*,#1727,.F.);
#798=ORIENTED_EDGE('',*,*,#1728,.F.);
#799=ORIENTED_EDGE('',*,*,#1729,.F.);
#800=ORIENTED_EDGE('',*,*,#1730,.F.);
#801=ORIENTED_EDGE('',*,*,#1731,.F.);
#802=ORIENTED_EDGE('',*,*,#1732,.F.);
#803=ORIENTED_EDGE('',*,*,#1733,.F.);
#804=ORIENTED_EDGE('',*,*,#1734,.F.);
#805=ORIENTED_EDGE('',*,*,#1735,.F.);
#806=ORIENTED_EDGE('',*,*,#1736,.F.);
#807=ORIENTED_EDGE('',*,*,#1737,.F.);
#808=ORIENTED_EDGE('',*,*,#1738,.F.);
#809=ORIENTED_EDGE('',*,*,#1739,.F.);
#810=ORIENTED_EDGE('',*,*,#1740,.F.);
#811=ORIENTED_EDGE('',*,*,#1741,.F.);
#812=ORIENTED_EDGE('',*,*,#1742,.F.);
#813=ORIENTED_EDGE('',*,*,#1743,.F.);
#814=ORIENTED_EDGE('',*,*,#1744,.T.);
#815=ORIENTED_EDGE('',*,*,#1745,.T.);
#816=ORIENTED_EDGE('',*,*,#1746,.T.);
#817=ORIENTED_EDGE('',*,*,#1747,.F.);
#818=ORIENTED_EDGE('',*,*,#1748,.T.);
#819=ORIENTED_EDGE('',*,*,#1749,.T.);
#820=ORIENTED_EDGE('',*,*,#1750,.F.);
#821=ORIENTED_EDGE('',*,*,#1751,.F.);
#822=ORIENTED_EDGE('',*,*,#1752,.T.);
#823=ORIENTED_EDGE('',*,*,#1753,.T.);
#824=ORIENTED_EDGE('',*,*,#1754,.F.);
#825=ORIENTED_EDGE('',*,*,#1755,.F.);
#826=ORIENTED_EDGE('',*,*,#1756,.T.);
#827=ORIENTED_EDGE('',*,*,#1757,.T.);
#828=ORIENTED_EDGE('',*,*,#1758,.T.);
#829=ORIENTED_EDGE('',*,*,#1759,.F.);
#830=ORIENTED_EDGE('',*,*,#1754,.T.);
#831=ORIENTED_EDGE('',*,*,#1760,.T.);
#832=ORIENTED_EDGE('',*,*,#1640,.T.);
#833=ORIENTED_EDGE('',*,*,#1761,.F.);
#834=ORIENTED_EDGE('',*,*,#1645,.T.);
#835=ORIENTED_EDGE('',*,*,#1762,.T.);
#836=ORIENTED_EDGE('',*,*,#1763,.F.);
#837=ORIENTED_EDGE('',*,*,#1764,.F.);
#838=ORIENTED_EDGE('',*,*,#1763,.T.);
#839=ORIENTED_EDGE('',*,*,#1765,.T.);
#840=ORIENTED_EDGE('',*,*,#1766,.F.);
#841=ORIENTED_EDGE('',*,*,#1767,.F.);
#842=ORIENTED_EDGE('',*,*,#1768,.T.);
#843=ORIENTED_EDGE('',*,*,#1769,.T.);
#844=ORIENTED_EDGE('',*,*,#1770,.F.);
#845=ORIENTED_EDGE('',*,*,#1771,.F.);
#846=ORIENTED_EDGE('',*,*,#1766,.T.);
#847=ORIENTED_EDGE('',*,*,#1772,.T.);
#848=ORIENTED_EDGE('',*,*,#1773,.T.);
#849=ORIENTED_EDGE('',*,*,#1774,.F.);
#850=ORIENTED_EDGE('',*,*,#1775,.T.);
#851=ORIENTED_EDGE('',*,*,#1776,.T.);
#852=ORIENTED_EDGE('',*,*,#1777,.F.);
#853=ORIENTED_EDGE('',*,*,#1778,.F.);
#854=ORIENTED_EDGE('',*,*,#1779,.F.);
#855=ORIENTED_EDGE('',*,*,#1780,.T.);
#856=ORIENTED_EDGE('',*,*,#1781,.T.);
#857=ORIENTED_EDGE('',*,*,#1782,.T.);
#858=ORIENTED_EDGE('',*,*,#1783,.F.);
#859=ORIENTED_EDGE('',*,*,#1784,.T.);
#860=ORIENTED_EDGE('',*,*,#1785,.T.);
#861=ORIENTED_EDGE('',*,*,#1786,.F.);
#862=ORIENTED_EDGE('',*,*,#1787,.F.);
#863=ORIENTED_EDGE('',*,*,#1786,.T.);
#864=ORIENTED_EDGE('',*,*,#1788,.T.);
#865=ORIENTED_EDGE('',*,*,#1608,.T.);
#866=ORIENTED_EDGE('',*,*,#1789,.F.);
#867=ORIENTED_EDGE('',*,*,#1677,.T.);
#868=ORIENTED_EDGE('',*,*,#1790,.T.);
#869=ORIENTED_EDGE('',*,*,#1791,.F.);
#870=ORIENTED_EDGE('',*,*,#1792,.F.);
#871=ORIENTED_EDGE('',*,*,#1791,.T.);
#872=ORIENTED_EDGE('',*,*,#1793,.T.);
#873=ORIENTED_EDGE('',*,*,#1794,.F.);
#874=ORIENTED_EDGE('',*,*,#1795,.F.);
#875=ORIENTED_EDGE('',*,*,#1796,.T.);
#876=ORIENTED_EDGE('',*,*,#1797,.T.);
#877=ORIENTED_EDGE('',*,*,#1775,.F.);
#878=ORIENTED_EDGE('',*,*,#1794,.T.);
#879=ORIENTED_EDGE('',*,*,#1798,.T.);
#880=ORIENTED_EDGE('',*,*,#1799,.T.);
#881=ORIENTED_EDGE('',*,*,#1800,.F.);
#882=ORIENTED_EDGE('',*,*,#1801,.T.);
#883=ORIENTED_EDGE('',*,*,#1802,.T.);
#884=ORIENTED_EDGE('',*,*,#1803,.F.);
#885=ORIENTED_EDGE('',*,*,#1804,.F.);
#886=ORIENTED_EDGE('',*,*,#1805,.F.);
#887=ORIENTED_EDGE('',*,*,#1806,.T.);
#888=ORIENTED_EDGE('',*,*,#1807,.T.);
#889=ORIENTED_EDGE('',*,*,#1808,.T.);
#890=ORIENTED_EDGE('',*,*,#1809,.F.);
#891=ORIENTED_EDGE('',*,*,#1810,.T.);
#892=ORIENTED_EDGE('',*,*,#1811,.T.);
#893=ORIENTED_EDGE('',*,*,#1812,.F.);
#894=ORIENTED_EDGE('',*,*,#1813,.F.);
#895=ORIENTED_EDGE('',*,*,#1812,.T.);
#896=ORIENTED_EDGE('',*,*,#1814,.T.);
#897=ORIENTED_EDGE('',*,*,#1612,.T.);
#898=ORIENTED_EDGE('',*,*,#1815,.F.);
#899=ORIENTED_EDGE('',*,*,#1673,.T.);
#900=ORIENTED_EDGE('',*,*,#1816,.T.);
#901=ORIENTED_EDGE('',*,*,#1817,.F.);
#902=ORIENTED_EDGE('',*,*,#1818,.F.);
#903=ORIENTED_EDGE('',*,*,#1817,.T.);
#904=ORIENTED_EDGE('',*,*,#1819,.T.);
#905=ORIENTED_EDGE('',*,*,#1820,.F.);
#906=ORIENTED_EDGE('',*,*,#1821,.F.);
#907=ORIENTED_EDGE('',*,*,#1822,.T.);
#908=ORIENTED_EDGE('',*,*,#1823,.T.);
#909=ORIENTED_EDGE('',*,*,#1801,.F.);
#910=ORIENTED_EDGE('',*,*,#1820,.T.);
#911=ORIENTED_EDGE('',*,*,#1824,.T.);
#912=ORIENTED_EDGE('',*,*,#1825,.T.);
#913=ORIENTED_EDGE('',*,*,#1826,.F.);
#914=ORIENTED_EDGE('',*,*,#1827,.T.);
#915=ORIENTED_EDGE('',*,*,#1828,.T.);
#916=ORIENTED_EDGE('',*,*,#1829,.F.);
#917=ORIENTED_EDGE('',*,*,#1830,.F.);
#918=ORIENTED_EDGE('',*,*,#1831,.F.);
#919=ORIENTED_EDGE('',*,*,#1832,.T.);
#920=ORIENTED_EDGE('',*,*,#1833,.T.);
#921=ORIENTED_EDGE('',*,*,#1834,.T.);
#922=ORIENTED_EDGE('',*,*,#1835,.F.);
#923=ORIENTED_EDGE('',*,*,#1836,.T.);
#924=ORIENTED_EDGE('',*,*,#1837,.T.);
#925=ORIENTED_EDGE('',*,*,#1838,.F.);
#926=ORIENTED_EDGE('',*,*,#1839,.F.);
#927=ORIENTED_EDGE('',*,*,#1838,.T.);
#928=ORIENTED_EDGE('',*,*,#1840,.T.);
#929=ORIENTED_EDGE('',*,*,#1616,.T.);
#930=ORIENTED_EDGE('',*,*,#1841,.F.);
#931=ORIENTED_EDGE('',*,*,#1669,.T.);
#932=ORIENTED_EDGE('',*,*,#1842,.T.);
#933=ORIENTED_EDGE('',*,*,#1843,.F.);
#934=ORIENTED_EDGE('',*,*,#1844,.F.);
#935=ORIENTED_EDGE('',*,*,#1843,.T.);
#936=ORIENTED_EDGE('',*,*,#1845,.T.);
#937=ORIENTED_EDGE('',*,*,#1744,.F.);
#938=ORIENTED_EDGE('',*,*,#1846,.F.);
#939=ORIENTED_EDGE('',*,*,#1847,.T.);
#940=ORIENTED_EDGE('',*,*,#1848,.T.);
#941=ORIENTED_EDGE('',*,*,#1827,.F.);
#942=ORIENTED_EDGE('',*,*,#1849,.F.);
#943=ORIENTED_EDGE('',*,*,#1850,.T.);
#944=ORIENTED_EDGE('',*,*,#1851,.T.);
#945=ORIENTED_EDGE('',*,*,#1852,.T.);
#946=ORIENTED_EDGE('',*,*,#1853,.F.);
#947=ORIENTED_EDGE('',*,*,#1770,.T.);
#948=ORIENTED_EDGE('',*,*,#1854,.T.);
#949=ORIENTED_EDGE('',*,*,#1855,.F.);
#950=ORIENTED_EDGE('',*,*,#1856,.F.);
#951=ORIENTED_EDGE('',*,*,#1855,.T.);
#952=ORIENTED_EDGE('',*,*,#1857,.T.);
#953=ORIENTED_EDGE('',*,*,#1620,.T.);
#954=ORIENTED_EDGE('',*,*,#1858,.F.);
#955=ORIENTED_EDGE('',*,*,#1665,.T.);
#956=ORIENTED_EDGE('',*,*,#1859,.T.);
#957=ORIENTED_EDGE('',*,*,#1860,.F.);
#958=ORIENTED_EDGE('',*,*,#1861,.F.);
#959=ORIENTED_EDGE('',*,*,#1860,.T.);
#960=ORIENTED_EDGE('',*,*,#1862,.T.);
#961=ORIENTED_EDGE('',*,*,#1756,.F.);
#962=ORIENTED_EDGE('',*,*,#1863,.F.);
#963=ORIENTED_EDGE('',*,*,#1864,.T.);
#964=ORIENTED_EDGE('',*,*,#1865,.T.);
#965=ORIENTED_EDGE('',*,*,#1748,.F.);
#966=ORIENTED_EDGE('',*,*,#1866,.F.);
#967=ORIENTED_EDGE('',*,*,#1777,.T.);
#968=ORIENTED_EDGE('',*,*,#1867,.T.);
#969=ORIENTED_EDGE('',*,*,#1624,.T.);
#970=ORIENTED_EDGE('',*,*,#1868,.F.);
#971=ORIENTED_EDGE('',*,*,#1661,.T.);
#972=ORIENTED_EDGE('',*,*,#1869,.T.);
#973=ORIENTED_EDGE('',*,*,#1870,.F.);
#974=ORIENTED_EDGE('',*,*,#1871,.F.);
#975=ORIENTED_EDGE('',*,*,#1872,.T.);
#976=ORIENTED_EDGE('',*,*,#1873,.T.);
#977=ORIENTED_EDGE('',*,*,#1752,.F.);
#978=ORIENTED_EDGE('',*,*,#1874,.F.);
#979=ORIENTED_EDGE('',*,*,#1870,.T.);
#980=ORIENTED_EDGE('',*,*,#1875,.T.);
#981=ORIENTED_EDGE('',*,*,#1780,.F.);
#982=ORIENTED_EDGE('',*,*,#1876,.F.);
#983=ORIENTED_EDGE('',*,*,#1803,.T.);
#984=ORIENTED_EDGE('',*,*,#1877,.T.);
#985=ORIENTED_EDGE('',*,*,#1628,.T.);
#986=ORIENTED_EDGE('',*,*,#1878,.F.);
#987=ORIENTED_EDGE('',*,*,#1657,.T.);
#988=ORIENTED_EDGE('',*,*,#1879,.T.);
#989=ORIENTED_EDGE('',*,*,#1880,.F.);
#990=ORIENTED_EDGE('',*,*,#1881,.F.);
#991=ORIENTED_EDGE('',*,*,#1882,.T.);
#992=ORIENTED_EDGE('',*,*,#1883,.T.);
#993=ORIENTED_EDGE('',*,*,#1784,.F.);
#994=ORIENTED_EDGE('',*,*,#1884,.F.);
#995=ORIENTED_EDGE('',*,*,#1880,.T.);
#996=ORIENTED_EDGE('',*,*,#1885,.T.);
#997=ORIENTED_EDGE('',*,*,#1806,.F.);
#998=ORIENTED_EDGE('',*,*,#1886,.F.);
#999=ORIENTED_EDGE('',*,*,#1829,.T.);
#1000=ORIENTED_EDGE('',*,*,#1887,.T.);
#1001=ORIENTED_EDGE('',*,*,#1632,.T.);
#1002=ORIENTED_EDGE('',*,*,#1888,.F.);
#1003=ORIENTED_EDGE('',*,*,#1653,.T.);
#1004=ORIENTED_EDGE('',*,*,#1889,.T.);
#1005=ORIENTED_EDGE('',*,*,#1890,.F.);
#1006=ORIENTED_EDGE('',*,*,#1891,.F.);
#1007=ORIENTED_EDGE('',*,*,#1892,.T.);
#1008=ORIENTED_EDGE('',*,*,#1893,.T.);
#1009=ORIENTED_EDGE('',*,*,#1810,.F.);
#1010=ORIENTED_EDGE('',*,*,#1894,.F.);
#1011=ORIENTED_EDGE('',*,*,#1890,.T.);
#1012=ORIENTED_EDGE('',*,*,#1895,.T.);
#1013=ORIENTED_EDGE('',*,*,#1832,.F.);
#1014=ORIENTED_EDGE('',*,*,#1896,.F.);
#1015=ORIENTED_EDGE('',*,*,#1649,.T.);
#1016=ORIENTED_EDGE('',*,*,#1897,.T.);
#1017=ORIENTED_EDGE('',*,*,#1898,.F.);
#1018=ORIENTED_EDGE('',*,*,#1899,.F.);
#1019=ORIENTED_EDGE('',*,*,#1900,.T.);
#1020=ORIENTED_EDGE('',*,*,#1901,.T.);
#1021=ORIENTED_EDGE('',*,*,#1836,.F.);
#1022=ORIENTED_EDGE('',*,*,#1902,.F.);
#1023=ORIENTED_EDGE('',*,*,#1898,.T.);
#1024=ORIENTED_EDGE('',*,*,#1903,.T.);
#1025=ORIENTED_EDGE('',*,*,#1850,.F.);
#1026=ORIENTED_EDGE('',*,*,#1904,.F.);
#1027=ORIENTED_EDGE('',*,*,#1750,.T.);
#1028=ORIENTED_EDGE('',*,*,#1905,.T.);
#1029=ORIENTED_EDGE('',*,*,#1636,.T.);
#1030=ORIENTED_EDGE('',*,*,#1903,.F.);
#1031=ORIENTED_EDGE('',*,*,#1897,.F.);
#1032=ORIENTED_EDGE('',*,*,#1648,.F.);
#1033=ORIENTED_EDGE('',*,*,#1906,.F.);
#1034=ORIENTED_EDGE('',*,*,#1851,.F.);
#1035=ORIENTED_EDGE('',*,*,#1906,.T.);
#1036=ORIENTED_EDGE('',*,*,#1647,.F.);
#1037=ORIENTED_EDGE('',*,*,#1907,.F.);
#1038=ORIENTED_EDGE('',*,*,#1852,.F.);
#1039=ORIENTED_EDGE('',*,*,#1853,.T.);
#1040=ORIENTED_EDGE('',*,*,#1907,.T.);
#1041=ORIENTED_EDGE('',*,*,#1646,.T.);
#1042=ORIENTED_EDGE('',*,*,#1764,.T.);
#1043=ORIENTED_EDGE('',*,*,#1771,.T.);
#1044=ORIENTED_EDGE('',*,*,#1863,.T.);
#1045=ORIENTED_EDGE('',*,*,#1755,.T.);
#1046=ORIENTED_EDGE('',*,*,#1761,.T.);
#1047=ORIENTED_EDGE('',*,*,#1639,.T.);
#1048=ORIENTED_EDGE('',*,*,#1908,.F.);
#1049=ORIENTED_EDGE('',*,*,#1909,.T.);
#1050=ORIENTED_EDGE('',*,*,#1637,.F.);
#1051=ORIENTED_EDGE('',*,*,#1905,.F.);
#1052=ORIENTED_EDGE('',*,*,#1749,.F.);
#1053=ORIENTED_EDGE('',*,*,#1865,.F.);
#1054=ORIENTED_EDGE('',*,*,#1908,.T.);
#1055=ORIENTED_EDGE('',*,*,#1638,.F.);
#1056=ORIENTED_EDGE('',*,*,#1909,.F.);
#1057=ORIENTED_EDGE('',*,*,#1864,.F.);
#1058=ORIENTED_EDGE('',*,*,#1895,.F.);
#1059=ORIENTED_EDGE('',*,*,#1889,.F.);
#1060=ORIENTED_EDGE('',*,*,#1652,.F.);
#1061=ORIENTED_EDGE('',*,*,#1910,.F.);
#1062=ORIENTED_EDGE('',*,*,#1833,.F.);
#1063=ORIENTED_EDGE('',*,*,#1910,.T.);
#1064=ORIENTED_EDGE('',*,*,#1651,.F.);
#1065=ORIENTED_EDGE('',*,*,#1911,.F.);
#1066=ORIENTED_EDGE('',*,*,#1834,.F.);
#1067=ORIENTED_EDGE('',*,*,#1835,.T.);
#1068=ORIENTED_EDGE('',*,*,#1911,.T.);
#1069=ORIENTED_EDGE('',*,*,#1650,.T.);
#1070=ORIENTED_EDGE('',*,*,#1896,.T.);
#1071=ORIENTED_EDGE('',*,*,#1902,.T.);
#1072=ORIENTED_EDGE('',*,*,#1846,.T.);
#1073=ORIENTED_EDGE('',*,*,#1751,.T.);
#1074=ORIENTED_EDGE('',*,*,#1904,.T.);
#1075=ORIENTED_EDGE('',*,*,#1635,.T.);
#1076=ORIENTED_EDGE('',*,*,#1912,.F.);
#1077=ORIENTED_EDGE('',*,*,#1913,.T.);
#1078=ORIENTED_EDGE('',*,*,#1633,.F.);
#1079=ORIENTED_EDGE('',*,*,#1887,.F.);
#1080=ORIENTED_EDGE('',*,*,#1828,.F.);
#1081=ORIENTED_EDGE('',*,*,#1848,.F.);
#1082=ORIENTED_EDGE('',*,*,#1912,.T.);
#1083=ORIENTED_EDGE('',*,*,#1634,.F.);
#1084=ORIENTED_EDGE('',*,*,#1913,.F.);
#1085=ORIENTED_EDGE('',*,*,#1847,.F.);
#1086=ORIENTED_EDGE('',*,*,#1885,.F.);
#1087=ORIENTED_EDGE('',*,*,#1879,.F.);
#1088=ORIENTED_EDGE('',*,*,#1656,.F.);
#1089=ORIENTED_EDGE('',*,*,#1914,.F.);
#1090=ORIENTED_EDGE('',*,*,#1807,.F.);
#1091=ORIENTED_EDGE('',*,*,#1914,.T.);
#1092=ORIENTED_EDGE('',*,*,#1655,.F.);
#1093=ORIENTED_EDGE('',*,*,#1915,.F.);
#1094=ORIENTED_EDGE('',*,*,#1808,.F.);
#1095=ORIENTED_EDGE('',*,*,#1809,.T.);
#1096=ORIENTED_EDGE('',*,*,#1915,.T.);
#1097=ORIENTED_EDGE('',*,*,#1654,.T.);
#1098=ORIENTED_EDGE('',*,*,#1888,.T.);
#1099=ORIENTED_EDGE('',*,*,#1894,.T.);
#1100=ORIENTED_EDGE('',*,*,#1821,.T.);
#1101=ORIENTED_EDGE('',*,*,#1830,.T.);
#1102=ORIENTED_EDGE('',*,*,#1886,.T.);
#1103=ORIENTED_EDGE('',*,*,#1631,.T.);
#1104=ORIENTED_EDGE('',*,*,#1916,.F.);
#1105=ORIENTED_EDGE('',*,*,#1917,.T.);
#1106=ORIENTED_EDGE('',*,*,#1629,.F.);
#1107=ORIENTED_EDGE('',*,*,#1877,.F.);
#1108=ORIENTED_EDGE('',*,*,#1802,.F.);
#1109=ORIENTED_EDGE('',*,*,#1823,.F.);
#1110=ORIENTED_EDGE('',*,*,#1916,.T.);
#1111=ORIENTED_EDGE('',*,*,#1630,.F.);
#1112=ORIENTED_EDGE('',*,*,#1917,.F.);
#1113=ORIENTED_EDGE('',*,*,#1822,.F.);
#1114=ORIENTED_EDGE('',*,*,#1875,.F.);
#1115=ORIENTED_EDGE('',*,*,#1869,.F.);
#1116=ORIENTED_EDGE('',*,*,#1660,.F.);
#1117=ORIENTED_EDGE('',*,*,#1918,.F.);
#1118=ORIENTED_EDGE('',*,*,#1781,.F.);
#1119=ORIENTED_EDGE('',*,*,#1918,.T.);
#1120=ORIENTED_EDGE('',*,*,#1659,.F.);
#1121=ORIENTED_EDGE('',*,*,#1919,.F.);
#1122=ORIENTED_EDGE('',*,*,#1782,.F.);
#1123=ORIENTED_EDGE('',*,*,#1783,.T.);
#1124=ORIENTED_EDGE('',*,*,#1919,.T.);
#1125=ORIENTED_EDGE('',*,*,#1658,.T.);
#1126=ORIENTED_EDGE('',*,*,#1878,.T.);
#1127=ORIENTED_EDGE('',*,*,#1884,.T.);
#1128=ORIENTED_EDGE('',*,*,#1795,.T.);
#1129=ORIENTED_EDGE('',*,*,#1804,.T.);
#1130=ORIENTED_EDGE('',*,*,#1876,.T.);
#1131=ORIENTED_EDGE('',*,*,#1627,.T.);
#1132=ORIENTED_EDGE('',*,*,#1920,.F.);
#1133=ORIENTED_EDGE('',*,*,#1921,.T.);
#1134=ORIENTED_EDGE('',*,*,#1625,.F.);
#1135=ORIENTED_EDGE('',*,*,#1867,.F.);
#1136=ORIENTED_EDGE('',*,*,#1776,.F.);
#1137=ORIENTED_EDGE('',*,*,#1797,.F.);
#1138=ORIENTED_EDGE('',*,*,#1920,.T.);
#1139=ORIENTED_EDGE('',*,*,#1626,.F.);
#1140=ORIENTED_EDGE('',*,*,#1921,.F.);
#1141=ORIENTED_EDGE('',*,*,#1796,.F.);
#1142=ORIENTED_EDGE('',*,*,#1862,.F.);
#1143=ORIENTED_EDGE('',*,*,#1859,.F.);
#1144=ORIENTED_EDGE('',*,*,#1664,.F.);
#1145=ORIENTED_EDGE('',*,*,#1922,.F.);
#1146=ORIENTED_EDGE('',*,*,#1757,.F.);
#1147=ORIENTED_EDGE('',*,*,#1922,.T.);
#1148=ORIENTED_EDGE('',*,*,#1663,.F.);
#1149=ORIENTED_EDGE('',*,*,#1923,.F.);
#1150=ORIENTED_EDGE('',*,*,#1758,.F.);
#1151=ORIENTED_EDGE('',*,*,#1759,.T.);
#1152=ORIENTED_EDGE('',*,*,#1923,.T.);
#1153=ORIENTED_EDGE('',*,*,#1662,.T.);
#1154=ORIENTED_EDGE('',*,*,#1868,.T.);
#1155=ORIENTED_EDGE('',*,*,#1874,.T.);
#1156=ORIENTED_EDGE('',*,*,#1767,.T.);
#1157=ORIENTED_EDGE('',*,*,#1778,.T.);
#1158=ORIENTED_EDGE('',*,*,#1866,.T.);
#1159=ORIENTED_EDGE('',*,*,#1623,.T.);
#1160=ORIENTED_EDGE('',*,*,#1924,.F.);
#1161=ORIENTED_EDGE('',*,*,#1925,.T.);
#1162=ORIENTED_EDGE('',*,*,#1621,.F.);
#1163=ORIENTED_EDGE('',*,*,#1857,.F.);
#1164=ORIENTED_EDGE('',*,*,#1854,.F.);
#1165=ORIENTED_EDGE('',*,*,#1769,.F.);
#1166=ORIENTED_EDGE('',*,*,#1924,.T.);
#1167=ORIENTED_EDGE('',*,*,#1622,.F.);
#1168=ORIENTED_EDGE('',*,*,#1925,.F.);
#1169=ORIENTED_EDGE('',*,*,#1768,.F.);
#1170=ORIENTED_EDGE('',*,*,#1926,.F.);
#1171=ORIENTED_EDGE('',*,*,#1745,.F.);
#1172=ORIENTED_EDGE('',*,*,#1845,.F.);
#1173=ORIENTED_EDGE('',*,*,#1842,.F.);
#1174=ORIENTED_EDGE('',*,*,#1668,.F.);
#1175=ORIENTED_EDGE('',*,*,#1927,.F.);
#1176=ORIENTED_EDGE('',*,*,#1746,.F.);
#1177=ORIENTED_EDGE('',*,*,#1926,.T.);
#1178=ORIENTED_EDGE('',*,*,#1667,.F.);
#1179=ORIENTED_EDGE('',*,*,#1666,.T.);
#1180=ORIENTED_EDGE('',*,*,#1858,.T.);
#1181=ORIENTED_EDGE('',*,*,#1861,.T.);
#1182=ORIENTED_EDGE('',*,*,#1747,.T.);
#1183=ORIENTED_EDGE('',*,*,#1927,.T.);
#1184=ORIENTED_EDGE('',*,*,#1619,.T.);
#1185=ORIENTED_EDGE('',*,*,#1928,.F.);
#1186=ORIENTED_EDGE('',*,*,#1899,.T.);
#1187=ORIENTED_EDGE('',*,*,#1849,.T.);
#1188=ORIENTED_EDGE('',*,*,#1856,.T.);
#1189=ORIENTED_EDGE('',*,*,#1840,.F.);
#1190=ORIENTED_EDGE('',*,*,#1837,.F.);
#1191=ORIENTED_EDGE('',*,*,#1901,.F.);
#1192=ORIENTED_EDGE('',*,*,#1929,.T.);
#1193=ORIENTED_EDGE('',*,*,#1617,.F.);
#1194=ORIENTED_EDGE('',*,*,#1929,.F.);
#1195=ORIENTED_EDGE('',*,*,#1900,.F.);
#1196=ORIENTED_EDGE('',*,*,#1928,.T.);
#1197=ORIENTED_EDGE('',*,*,#1618,.F.);
#1198=ORIENTED_EDGE('',*,*,#1930,.F.);
#1199=ORIENTED_EDGE('',*,*,#1824,.F.);
#1200=ORIENTED_EDGE('',*,*,#1819,.F.);
#1201=ORIENTED_EDGE('',*,*,#1816,.F.);
#1202=ORIENTED_EDGE('',*,*,#1672,.F.);
#1203=ORIENTED_EDGE('',*,*,#1931,.F.);
#1204=ORIENTED_EDGE('',*,*,#1825,.F.);
#1205=ORIENTED_EDGE('',*,*,#1930,.T.);
#1206=ORIENTED_EDGE('',*,*,#1671,.F.);
#1207=ORIENTED_EDGE('',*,*,#1670,.T.);
#1208=ORIENTED_EDGE('',*,*,#1841,.T.);
#1209=ORIENTED_EDGE('',*,*,#1844,.T.);
#1210=ORIENTED_EDGE('',*,*,#1826,.T.);
#1211=ORIENTED_EDGE('',*,*,#1931,.T.);
#1212=ORIENTED_EDGE('',*,*,#1615,.T.);
#1213=ORIENTED_EDGE('',*,*,#1932,.F.);
#1214=ORIENTED_EDGE('',*,*,#1891,.T.);
#1215=ORIENTED_EDGE('',*,*,#1831,.T.);
#1216=ORIENTED_EDGE('',*,*,#1839,.T.);
#1217=ORIENTED_EDGE('',*,*,#1814,.F.);
#1218=ORIENTED_EDGE('',*,*,#1811,.F.);
#1219=ORIENTED_EDGE('',*,*,#1893,.F.);
#1220=ORIENTED_EDGE('',*,*,#1933,.T.);
#1221=ORIENTED_EDGE('',*,*,#1613,.F.);
#1222=ORIENTED_EDGE('',*,*,#1933,.F.);
#1223=ORIENTED_EDGE('',*,*,#1892,.F.);
#1224=ORIENTED_EDGE('',*,*,#1932,.T.);
#1225=ORIENTED_EDGE('',*,*,#1614,.F.);
#1226=ORIENTED_EDGE('',*,*,#1934,.F.);
#1227=ORIENTED_EDGE('',*,*,#1798,.F.);
#1228=ORIENTED_EDGE('',*,*,#1793,.F.);
#1229=ORIENTED_EDGE('',*,*,#1790,.F.);
#1230=ORIENTED_EDGE('',*,*,#1676,.F.);
#1231=ORIENTED_EDGE('',*,*,#1935,.F.);
#1232=ORIENTED_EDGE('',*,*,#1799,.F.);
#1233=ORIENTED_EDGE('',*,*,#1934,.T.);
#1234=ORIENTED_EDGE('',*,*,#1675,.F.);
#1235=ORIENTED_EDGE('',*,*,#1674,.T.);
#1236=ORIENTED_EDGE('',*,*,#1815,.T.);
#1237=ORIENTED_EDGE('',*,*,#1818,.T.);
#1238=ORIENTED_EDGE('',*,*,#1800,.T.);
#1239=ORIENTED_EDGE('',*,*,#1935,.T.);
#1240=ORIENTED_EDGE('',*,*,#1611,.T.);
#1241=ORIENTED_EDGE('',*,*,#1936,.F.);
#1242=ORIENTED_EDGE('',*,*,#1881,.T.);
#1243=ORIENTED_EDGE('',*,*,#1805,.T.);
#1244=ORIENTED_EDGE('',*,*,#1813,.T.);
#1245=ORIENTED_EDGE('',*,*,#1788,.F.);
#1246=ORIENTED_EDGE('',*,*,#1785,.F.);
#1247=ORIENTED_EDGE('',*,*,#1883,.F.);
#1248=ORIENTED_EDGE('',*,*,#1937,.T.);
#1249=ORIENTED_EDGE('',*,*,#1609,.F.);
#1250=ORIENTED_EDGE('',*,*,#1937,.F.);
#1251=ORIENTED_EDGE('',*,*,#1882,.F.);
#1252=ORIENTED_EDGE('',*,*,#1936,.T.);
#1253=ORIENTED_EDGE('',*,*,#1610,.F.);
#1254=ORIENTED_EDGE('',*,*,#1938,.F.);
#1255=ORIENTED_EDGE('',*,*,#1772,.F.);
#1256=ORIENTED_EDGE('',*,*,#1765,.F.);
#1257=ORIENTED_EDGE('',*,*,#1762,.F.);
#1258=ORIENTED_EDGE('',*,*,#1644,.F.);
#1259=ORIENTED_EDGE('',*,*,#1939,.F.);
#1260=ORIENTED_EDGE('',*,*,#1773,.F.);
#1261=ORIENTED_EDGE('',*,*,#1938,.T.);
#1262=ORIENTED_EDGE('',*,*,#1643,.F.);
#1263=ORIENTED_EDGE('',*,*,#1678,.T.);
#1264=ORIENTED_EDGE('',*,*,#1789,.T.);
#1265=ORIENTED_EDGE('',*,*,#1792,.T.);
#1266=ORIENTED_EDGE('',*,*,#1774,.T.);
#1267=ORIENTED_EDGE('',*,*,#1939,.T.);
#1268=ORIENTED_EDGE('',*,*,#1607,.T.);
#1269=ORIENTED_EDGE('',*,*,#1940,.F.);
#1270=ORIENTED_EDGE('',*,*,#1871,.T.);
#1271=ORIENTED_EDGE('',*,*,#1779,.T.);
#1272=ORIENTED_EDGE('',*,*,#1787,.T.);
#1273=ORIENTED_EDGE('',*,*,#1760,.F.);
#1274=ORIENTED_EDGE('',*,*,#1753,.F.);
#1275=ORIENTED_EDGE('',*,*,#1873,.F.);
#1276=ORIENTED_EDGE('',*,*,#1941,.T.);
#1277=ORIENTED_EDGE('',*,*,#1641,.F.);
#1278=ORIENTED_EDGE('',*,*,#1941,.F.);
#1279=ORIENTED_EDGE('',*,*,#1872,.F.);
#1280=ORIENTED_EDGE('',*,*,#1940,.T.);
#1281=ORIENTED_EDGE('',*,*,#1642,.F.);
#1282=ORIENTED_EDGE('',*,*,#1597,.T.);
#1283=ORIENTED_EDGE('',*,*,#1942,.F.);
#1284=ORIENTED_EDGE('',*,*,#1734,.T.);
#1285=ORIENTED_EDGE('',*,*,#1943,.T.);
#1286=ORIENTED_EDGE('',*,*,#1598,.T.);
#1287=ORIENTED_EDGE('',*,*,#1943,.F.);
#1288=ORIENTED_EDGE('',*,*,#1743,.T.);
#1289=ORIENTED_EDGE('',*,*,#1944,.T.);
#1290=ORIENTED_EDGE('',*,*,#1599,.T.);
#1291=ORIENTED_EDGE('',*,*,#1944,.F.);
#1292=ORIENTED_EDGE('',*,*,#1742,.T.);
#1293=ORIENTED_EDGE('',*,*,#1945,.T.);
#1294=ORIENTED_EDGE('',*,*,#1600,.T.);
#1295=ORIENTED_EDGE('',*,*,#1945,.F.);
#1296=ORIENTED_EDGE('',*,*,#1741,.T.);
#1297=ORIENTED_EDGE('',*,*,#1946,.T.);
#1298=ORIENTED_EDGE('',*,*,#1601,.T.);
#1299=ORIENTED_EDGE('',*,*,#1946,.F.);
#1300=ORIENTED_EDGE('',*,*,#1740,.T.);
#1301=ORIENTED_EDGE('',*,*,#1947,.T.);
#1302=ORIENTED_EDGE('',*,*,#1602,.T.);
#1303=ORIENTED_EDGE('',*,*,#1947,.F.);
#1304=ORIENTED_EDGE('',*,*,#1739,.T.);
#1305=ORIENTED_EDGE('',*,*,#1948,.T.);
#1306=ORIENTED_EDGE('',*,*,#1603,.T.);
#1307=ORIENTED_EDGE('',*,*,#1948,.F.);
#1308=ORIENTED_EDGE('',*,*,#1738,.T.);
#1309=ORIENTED_EDGE('',*,*,#1949,.T.);
#1310=ORIENTED_EDGE('',*,*,#1604,.T.);
#1311=ORIENTED_EDGE('',*,*,#1949,.F.);
#1312=ORIENTED_EDGE('',*,*,#1737,.T.);
#1313=ORIENTED_EDGE('',*,*,#1950,.T.);
#1314=ORIENTED_EDGE('',*,*,#1605,.T.);
#1315=ORIENTED_EDGE('',*,*,#1950,.F.);
#1316=ORIENTED_EDGE('',*,*,#1736,.T.);
#1317=ORIENTED_EDGE('',*,*,#1951,.T.);
#1318=ORIENTED_EDGE('',*,*,#1606,.T.);
#1319=ORIENTED_EDGE('',*,*,#1951,.F.);
#1320=ORIENTED_EDGE('',*,*,#1735,.T.);
#1321=ORIENTED_EDGE('',*,*,#1942,.T.);
#1322=ORIENTED_EDGE('',*,*,#1572,.T.);
#1323=ORIENTED_EDGE('',*,*,#1952,.F.);
#1324=ORIENTED_EDGE('',*,*,#1709,.T.);
#1325=ORIENTED_EDGE('',*,*,#1953,.T.);
#1326=ORIENTED_EDGE('',*,*,#1573,.T.);
#1327=ORIENTED_EDGE('',*,*,#1953,.F.);
#1328=ORIENTED_EDGE('',*,*,#1733,.T.);
#1329=ORIENTED_EDGE('',*,*,#1954,.T.);
#1330=ORIENTED_EDGE('',*,*,#1574,.T.);
#1331=ORIENTED_EDGE('',*,*,#1954,.F.);
#1332=ORIENTED_EDGE('',*,*,#1732,.T.);
#1333=ORIENTED_EDGE('',*,*,#1955,.T.);
#1334=ORIENTED_EDGE('',*,*,#1575,.T.);
#1335=ORIENTED_EDGE('',*,*,#1955,.F.);
#1336=ORIENTED_EDGE('',*,*,#1731,.T.);
#1337=ORIENTED_EDGE('',*,*,#1956,.T.);
#1338=ORIENTED_EDGE('',*,*,#1576,.T.);
#1339=ORIENTED_EDGE('',*,*,#1956,.F.);
#1340=ORIENTED_EDGE('',*,*,#1730,.T.);
#1341=ORIENTED_EDGE('',*,*,#1957,.T.);
#1342=ORIENTED_EDGE('',*,*,#1577,.T.);
#1343=ORIENTED_EDGE('',*,*,#1957,.F.);
#1344=ORIENTED_EDGE('',*,*,#1729,.T.);
#1345=ORIENTED_EDGE('',*,*,#1958,.T.);
#1346=ORIENTED_EDGE('',*,*,#1578,.T.);
#1347=ORIENTED_EDGE('',*,*,#1958,.F.);
#1348=ORIENTED_EDGE('',*,*,#1728,.T.);
#1349=ORIENTED_EDGE('',*,*,#1959,.T.);
#1350=ORIENTED_EDGE('',*,*,#1579,.T.);
#1351=ORIENTED_EDGE('',*,*,#1959,.F.);
#1352=ORIENTED_EDGE('',*,*,#1727,.T.);
#1353=ORIENTED_EDGE('',*,*,#1960,.T.);
#1354=ORIENTED_EDGE('',*,*,#1580,.T.);
#1355=ORIENTED_EDGE('',*,*,#1960,.F.);
#1356=ORIENTED_EDGE('',*,*,#1726,.T.);
#1357=ORIENTED_EDGE('',*,*,#1961,.T.);
#1358=ORIENTED_EDGE('',*,*,#1581,.T.);
#1359=ORIENTED_EDGE('',*,*,#1961,.F.);
#1360=ORIENTED_EDGE('',*,*,#1725,.T.);
#1361=ORIENTED_EDGE('',*,*,#1962,.T.);
#1362=ORIENTED_EDGE('',*,*,#1582,.T.);
#1363=ORIENTED_EDGE('',*,*,#1962,.F.);
#1364=ORIENTED_EDGE('',*,*,#1724,.T.);
#1365=ORIENTED_EDGE('',*,*,#1963,.T.);
#1366=ORIENTED_EDGE('',*,*,#1583,.T.);
#1367=ORIENTED_EDGE('',*,*,#1963,.F.);
#1368=ORIENTED_EDGE('',*,*,#1723,.T.);
#1369=ORIENTED_EDGE('',*,*,#1964,.T.);
#1370=ORIENTED_EDGE('',*,*,#1584,.T.);
#1371=ORIENTED_EDGE('',*,*,#1964,.F.);
#1372=ORIENTED_EDGE('',*,*,#1722,.T.);
#1373=ORIENTED_EDGE('',*,*,#1965,.T.);
#1374=ORIENTED_EDGE('',*,*,#1585,.T.);
#1375=ORIENTED_EDGE('',*,*,#1965,.F.);
#1376=ORIENTED_EDGE('',*,*,#1721,.T.);
#1377=ORIENTED_EDGE('',*,*,#1966,.T.);
#1378=ORIENTED_EDGE('',*,*,#1586,.T.);
#1379=ORIENTED_EDGE('',*,*,#1966,.F.);
#1380=ORIENTED_EDGE('',*,*,#1720,.T.);
#1381=ORIENTED_EDGE('',*,*,#1967,.T.);
#1382=ORIENTED_EDGE('',*,*,#1587,.T.);
#1383=ORIENTED_EDGE('',*,*,#1967,.F.);
#1384=ORIENTED_EDGE('',*,*,#1719,.T.);
#1385=ORIENTED_EDGE('',*,*,#1968,.T.);
#1386=ORIENTED_EDGE('',*,*,#1588,.T.);
#1387=ORIENTED_EDGE('',*,*,#1968,.F.);
#1388=ORIENTED_EDGE('',*,*,#1718,.T.);
#1389=ORIENTED_EDGE('',*,*,#1969,.T.);
#1390=ORIENTED_EDGE('',*,*,#1589,.T.);
#1391=ORIENTED_EDGE('',*,*,#1969,.F.);
#1392=ORIENTED_EDGE('',*,*,#1717,.T.);
#1393=ORIENTED_EDGE('',*,*,#1970,.T.);
#1394=ORIENTED_EDGE('',*,*,#1590,.T.);
#1395=ORIENTED_EDGE('',*,*,#1970,.F.);
#1396=ORIENTED_EDGE('',*,*,#1716,.T.);
#1397=ORIENTED_EDGE('',*,*,#1971,.T.);
#1398=ORIENTED_EDGE('',*,*,#1591,.T.);
#1399=ORIENTED_EDGE('',*,*,#1971,.F.);
#1400=ORIENTED_EDGE('',*,*,#1715,.T.);
#1401=ORIENTED_EDGE('',*,*,#1972,.T.);
#1402=ORIENTED_EDGE('',*,*,#1592,.T.);
#1403=ORIENTED_EDGE('',*,*,#1972,.F.);
#1404=ORIENTED_EDGE('',*,*,#1714,.T.);
#1405=ORIENTED_EDGE('',*,*,#1973,.T.);
#1406=ORIENTED_EDGE('',*,*,#1593,.T.);
#1407=ORIENTED_EDGE('',*,*,#1973,.F.);
#1408=ORIENTED_EDGE('',*,*,#1713,.T.);
#1409=ORIENTED_EDGE('',*,*,#1974,.T.);
#1410=ORIENTED_EDGE('',*,*,#1594,.T.);
#1411=ORIENTED_EDGE('',*,*,#1974,.F.);
#1412=ORIENTED_EDGE('',*,*,#1712,.T.);
#1413=ORIENTED_EDGE('',*,*,#1975,.T.);
#1414=ORIENTED_EDGE('',*,*,#1595,.T.);
#1415=ORIENTED_EDGE('',*,*,#1975,.F.);
#1416=ORIENTED_EDGE('',*,*,#1711,.T.);
#1417=ORIENTED_EDGE('',*,*,#1976,.T.);
#1418=ORIENTED_EDGE('',*,*,#1596,.T.);
#1419=ORIENTED_EDGE('',*,*,#1976,.F.);
#1420=ORIENTED_EDGE('',*,*,#1710,.T.);
#1421=ORIENTED_EDGE('',*,*,#1952,.T.);
#1422=ORIENTED_EDGE('',*,*,#1562,.T.);
#1423=ORIENTED_EDGE('',*,*,#1977,.F.);
#1424=ORIENTED_EDGE('',*,*,#1699,.T.);
#1425=ORIENTED_EDGE('',*,*,#1978,.T.);
#1426=ORIENTED_EDGE('',*,*,#1563,.T.);
#1427=ORIENTED_EDGE('',*,*,#1978,.F.);
#1428=ORIENTED_EDGE('',*,*,#1708,.T.);
#1429=ORIENTED_EDGE('',*,*,#1979,.T.);
#1430=ORIENTED_EDGE('',*,*,#1564,.T.);
#1431=ORIENTED_EDGE('',*,*,#1979,.F.);
#1432=ORIENTED_EDGE('',*,*,#1707,.T.);
#1433=ORIENTED_EDGE('',*,*,#1980,.T.);
#1434=ORIENTED_EDGE('',*,*,#1565,.T.);
#1435=ORIENTED_EDGE('',*,*,#1980,.F.);
#1436=ORIENTED_EDGE('',*,*,#1706,.T.);
#1437=ORIENTED_EDGE('',*,*,#1981,.T.);
#1438=ORIENTED_EDGE('',*,*,#1566,.T.);
#1439=ORIENTED_EDGE('',*,*,#1981,.F.);
#1440=ORIENTED_EDGE('',*,*,#1705,.T.);
#1441=ORIENTED_EDGE('',*,*,#1982,.T.);
#1442=ORIENTED_EDGE('',*,*,#1567,.T.);
#1443=ORIENTED_EDGE('',*,*,#1982,.F.);
#1444=ORIENTED_EDGE('',*,*,#1704,.T.);
#1445=ORIENTED_EDGE('',*,*,#1983,.T.);
#1446=ORIENTED_EDGE('',*,*,#1568,.T.);
#1447=ORIENTED_EDGE('',*,*,#1983,.F.);
#1448=ORIENTED_EDGE('',*,*,#1703,.T.);
#1449=ORIENTED_EDGE('',*,*,#1984,.T.);
#1450=ORIENTED_EDGE('',*,*,#1569,.T.);
#1451=ORIENTED_EDGE('',*,*,#1984,.F.);
#1452=ORIENTED_EDGE('',*,*,#1702,.T.);
#1453=ORIENTED_EDGE('',*,*,#1985,.T.);
#1454=ORIENTED_EDGE('',*,*,#1570,.T.);
#1455=ORIENTED_EDGE('',*,*,#1985,.F.);
#1456=ORIENTED_EDGE('',*,*,#1701,.T.);
#1457=ORIENTED_EDGE('',*,*,#1986,.T.);
#1458=ORIENTED_EDGE('',*,*,#1571,.T.);
#1459=ORIENTED_EDGE('',*,*,#1986,.F.);
#1460=ORIENTED_EDGE('',*,*,#1700,.T.);
#1461=ORIENTED_EDGE('',*,*,#1977,.T.);
#1462=ORIENTED_EDGE('',*,*,#1542,.T.);
#1463=ORIENTED_EDGE('',*,*,#1987,.F.);
#1464=ORIENTED_EDGE('',*,*,#1679,.T.);
#1465=ORIENTED_EDGE('',*,*,#1988,.T.);
#1466=ORIENTED_EDGE('',*,*,#1543,.T.);
#1467=ORIENTED_EDGE('',*,*,#1988,.F.);
#1468=ORIENTED_EDGE('',*,*,#1698,.T.);
#1469=ORIENTED_EDGE('',*,*,#1989,.T.);
#1470=ORIENTED_EDGE('',*,*,#1544,.T.);
#1471=ORIENTED_EDGE('',*,*,#1989,.F.);
#1472=ORIENTED_EDGE('',*,*,#1697,.T.);
#1473=ORIENTED_EDGE('',*,*,#1990,.T.);
#1474=ORIENTED_EDGE('',*,*,#1545,.T.);
#1475=ORIENTED_EDGE('',*,*,#1990,.F.);
#1476=ORIENTED_EDGE('',*,*,#1696,.T.);
#1477=ORIENTED_EDGE('',*,*,#1991,.T.);
#1478=ORIENTED_EDGE('',*,*,#1546,.T.);
#1479=ORIENTED_EDGE('',*,*,#1991,.F.);
#1480=ORIENTED_EDGE('',*,*,#1695,.T.);
#1481=ORIENTED_EDGE('',*,*,#1992,.T.);
#1482=ORIENTED_EDGE('',*,*,#1547,.T.);
#1483=ORIENTED_EDGE('',*,*,#1992,.F.);
#1484=ORIENTED_EDGE('',*,*,#1694,.T.);
#1485=ORIENTED_EDGE('',*,*,#1993,.T.);
#1486=ORIENTED_EDGE('',*,*,#1548,.T.);
#1487=ORIENTED_EDGE('',*,*,#1993,.F.);
#1488=ORIENTED_EDGE('',*,*,#1693,.T.);
#1489=ORIENTED_EDGE('',*,*,#1994,.T.);
#1490=ORIENTED_EDGE('',*,*,#1549,.T.);
#1491=ORIENTED_EDGE('',*,*,#1994,.F.);
#1492=ORIENTED_EDGE('',*,*,#1692,.T.);
#1493=ORIENTED_EDGE('',*,*,#1995,.T.);
#1494=ORIENTED_EDGE('',*,*,#1550,.T.);
#1495=ORIENTED_EDGE('',*,*,#1995,.F.);
#1496=ORIENTED_EDGE('',*,*,#1691,.T.);
#1497=ORIENTED_EDGE('',*,*,#1996,.T.);
#1498=ORIENTED_EDGE('',*,*,#1551,.T.);
#1499=ORIENTED_EDGE('',*,*,#1996,.F.);
#1500=ORIENTED_EDGE('',*,*,#1690,.T.);
#1501=ORIENTED_EDGE('',*,*,#1997,.T.);
#1502=ORIENTED_EDGE('',*,*,#1552,.T.);
#1503=ORIENTED_EDGE('',*,*,#1997,.F.);
#1504=ORIENTED_EDGE('',*,*,#1689,.T.);
#1505=ORIENTED_EDGE('',*,*,#1998,.T.);
#1506=ORIENTED_EDGE('',*,*,#1553,.T.);
#1507=ORIENTED_EDGE('',*,*,#1998,.F.);
#1508=ORIENTED_EDGE('',*,*,#1688,.T.);
#1509=ORIENTED_EDGE('',*,*,#1999,.T.);
#1510=ORIENTED_EDGE('',*,*,#1554,.T.);
#1511=ORIENTED_EDGE('',*,*,#1999,.F.);
#1512=ORIENTED_EDGE('',*,*,#1687,.T.);
#1513=ORIENTED_EDGE('',*,*,#2000,.T.);
#1514=ORIENTED_EDGE('',*,*,#1555,.T.);
#1515=ORIENTED_EDGE('',*,*,#2000,.F.);
#1516=ORIENTED_EDGE('',*,*,#1686,.T.);
#1517=ORIENTED_EDGE('',*,*,#2001,.T.);
#1518=ORIENTED_EDGE('',*,*,#1556,.T.);
#1519=ORIENTED_EDGE('',*,*,#2001,.F.);
#1520=ORIENTED_EDGE('',*,*,#1685,.T.);
#1521=ORIENTED_EDGE('',*,*,#2002,.T.);
#1522=ORIENTED_EDGE('',*,*,#1557,.T.);
#1523=ORIENTED_EDGE('',*,*,#2002,.F.);
#1524=ORIENTED_EDGE('',*,*,#1684,.T.);
#1525=ORIENTED_EDGE('',*,*,#2003,.T.);
#1526=ORIENTED_EDGE('',*,*,#1558,.T.);
#1527=ORIENTED_EDGE('',*,*,#2003,.F.);
#1528=ORIENTED_EDGE('',*,*,#1683,.T.);
#1529=ORIENTED_EDGE('',*,*,#2004,.T.);
#1530=ORIENTED_EDGE('',*,*,#1559,.T.);
#1531=ORIENTED_EDGE('',*,*,#2004,.F.);
#1532=ORIENTED_EDGE('',*,*,#1682,.T.);
#1533=ORIENTED_EDGE('',*,*,#2005,.T.);
#1534=ORIENTED_EDGE('',*,*,#1560,.T.);
#1535=ORIENTED_EDGE('',*,*,#2005,.F.);
#1536=ORIENTED_EDGE('',*,*,#1681,.T.);
#1537=ORIENTED_EDGE('',*,*,#2006,.T.);
#1538=ORIENTED_EDGE('',*,*,#1561,.T.);
#1539=ORIENTED_EDGE('',*,*,#2006,.F.);
#1540=ORIENTED_EDGE('',*,*,#1680,.T.);
#1541=ORIENTED_EDGE('',*,*,#1987,.T.);
#1542=EDGE_CURVE('',#2007,#2008,#2317,.T.);
#1543=EDGE_CURVE('',#2009,#2007,#304,.T.);
#1544=EDGE_CURVE('',#2010,#2009,#2318,.T.);
#1545=EDGE_CURVE('',#2011,#2010,#214,.T.);
#1546=EDGE_CURVE('',#2012,#2011,#305,.T.);
#1547=EDGE_CURVE('',#2013,#2012,#2319,.T.);
#1548=EDGE_CURVE('',#2014,#2013,#215,.T.);
#1549=EDGE_CURVE('',#2015,#2014,#2320,.T.);
#1550=EDGE_CURVE('',#2016,#2015,#306,.F.);
#1551=EDGE_CURVE('',#2017,#2016,#216,.T.);
#1552=EDGE_CURVE('',#2018,#2017,#2321,.T.);
#1553=EDGE_CURVE('',#2019,#2018,#307,.F.);
#1554=EDGE_CURVE('',#2020,#2019,#2322,.T.);
#1555=EDGE_CURVE('',#2021,#2020,#217,.T.);
#1556=EDGE_CURVE('',#2022,#2021,#308,.F.);
#1557=EDGE_CURVE('',#2023,#2022,#2323,.T.);
#1558=EDGE_CURVE('',#2024,#2023,#218,.T.);
#1559=EDGE_CURVE('',#2025,#2024,#2324,.T.);
#1560=EDGE_CURVE('',#2026,#2025,#309,.T.);
#1561=EDGE_CURVE('',#2008,#2026,#219,.T.);
#1562=EDGE_CURVE('',#2027,#2028,#2325,.T.);
#1563=EDGE_CURVE('',#2029,#2027,#2326,.T.);
#1564=EDGE_CURVE('',#2030,#2029,#2327,.T.);
#1565=EDGE_CURVE('',#2031,#2030,#220,.T.);
#1566=EDGE_CURVE('',#2032,#2031,#2328,.T.);
#1567=EDGE_CURVE('',#2033,#2032,#2329,.T.);
#1568=EDGE_CURVE('',#2034,#2033,#2330,.T.);
#1569=EDGE_CURVE('',#2035,#2034,#2331,.T.);
#1570=EDGE_CURVE('',#2036,#2035,#221,.T.);
#1571=EDGE_CURVE('',#2028,#2036,#2332,.T.);
#1572=EDGE_CURVE('',#2037,#2038,#2333,.T.);
#1573=EDGE_CURVE('',#2039,#2037,#310,.T.);
#1574=EDGE_CURVE('',#2040,#2039,#2334,.T.);
#1575=EDGE_CURVE('',#2041,#2040,#222,.T.);
#1576=EDGE_CURVE('',#2042,#2041,#311,.T.);
#1577=EDGE_CURVE('',#2043,#2042,#2335,.T.);
#1578=EDGE_CURVE('',#2044,#2043,#223,.T.);
#1579=EDGE_CURVE('',#2045,#2044,#2336,.T.);
#1580=EDGE_CURVE('',#2046,#2045,#312,.F.);
#1581=EDGE_CURVE('',#2047,#2046,#224,.T.);
#1582=EDGE_CURVE('',#2048,#2047,#2337,.T.);
#1583=EDGE_CURVE('',#2049,#2048,#313,.F.);
#1584=EDGE_CURVE('',#2050,#2049,#2338,.T.);
#1585=EDGE_CURVE('',#2051,#2050,#225,.T.);
#1586=EDGE_CURVE('',#2052,#2051,#314,.F.);
#1587=EDGE_CURVE('',#2053,#2052,#146,.T.);
#1588=EDGE_CURVE('',#2054,#2053,#2339,.T.);
#1589=EDGE_CURVE('',#2055,#2054,#315,.F.);
#1590=EDGE_CURVE('',#2056,#2055,#2340,.T.);
#1591=EDGE_CURVE('',#2057,#2056,#147,.T.);
#1592=EDGE_CURVE('',#2058,#2057,#2341,.T.);
#1593=EDGE_CURVE('',#2059,#2058,#226,.T.);
#1594=EDGE_CURVE('',#2060,#2059,#2342,.T.);
#1595=EDGE_CURVE('',#2061,#2060,#316,.T.);
#1596=EDGE_CURVE('',#2038,#2061,#227,.T.);
#1597=EDGE_CURVE('',#2062,#2063,#2343,.T.);
#1598=EDGE_CURVE('',#2064,#2062,#2344,.T.);
#1599=EDGE_CURVE('',#2065,#2064,#2345,.T.);
#1600=EDGE_CURVE('',#2066,#2065,#228,.T.);
#1601=EDGE_CURVE('',#2067,#2066,#2346,.T.);
#1602=EDGE_CURVE('',#2068,#2067,#2347,.T.);
#1603=EDGE_CURVE('',#2069,#2068,#2348,.T.);
#1604=EDGE_CURVE('',#2070,#2069,#2349,.T.);
#1605=EDGE_CURVE('',#2071,#2070,#229,.T.);
#1606=EDGE_CURVE('',#2063,#2071,#2350,.T.);
#1607=EDGE_CURVE('',#2072,#2073,#148,.T.);
#1608=EDGE_CURVE('',#2074,#2072,#230,.F.);
#1609=EDGE_CURVE('',#2074,#2075,#149,.T.);
#1610=EDGE_CURVE('',#2075,#2076,#150,.T.);
#1611=EDGE_CURVE('',#2077,#2076,#151,.T.);
#1612=EDGE_CURVE('',#2078,#2077,#231,.F.);
#1613=EDGE_CURVE('',#2078,#2079,#152,.T.);
#1614=EDGE_CURVE('',#2079,#2080,#153,.T.);
#1615=EDGE_CURVE('',#2081,#2080,#154,.T.);
#1616=EDGE_CURVE('',#2082,#2081,#232,.F.);
#1617=EDGE_CURVE('',#2082,#2083,#155,.T.);
#1618=EDGE_CURVE('',#2083,#2084,#156,.T.);
#1619=EDGE_CURVE('',#2085,#2084,#157,.T.);
#1620=EDGE_CURVE('',#2086,#2085,#233,.F.);
#1621=EDGE_CURVE('',#2086,#2087,#158,.T.);
#1622=EDGE_CURVE('',#2087,#2088,#159,.T.);
#1623=EDGE_CURVE('',#2089,#2088,#160,.T.);
#1624=EDGE_CURVE('',#2090,#2089,#234,.F.);
#1625=EDGE_CURVE('',#2090,#2091,#161,.T.);
#1626=EDGE_CURVE('',#2091,#2092,#162,.T.);
#1627=EDGE_CURVE('',#2093,#2092,#163,.T.);
#1628=EDGE_CURVE('',#2094,#2093,#235,.F.);
#1629=EDGE_CURVE('',#2094,#2095,#164,.T.);
#1630=EDGE_CURVE('',#2095,#2096,#165,.T.);
#1631=EDGE_CURVE('',#2097,#2096,#166,.T.);
#1632=EDGE_CURVE('',#2098,#2097,#236,.F.);
#1633=EDGE_CURVE('',#2098,#2099,#167,.T.);
#1634=EDGE_CURVE('',#2099,#2100,#168,.T.);
#1635=EDGE_CURVE('',#2101,#2100,#169,.T.);
#1636=EDGE_CURVE('',#2102,#2101,#237,.F.);
#1637=EDGE_CURVE('',#2102,#2103,#317,.T.);
#1638=EDGE_CURVE('',#2103,#2104,#238,.T.);
#1639=EDGE_CURVE('',#2105,#2104,#318,.T.);
#1640=EDGE_CURVE('',#2106,#2105,#239,.F.);
#1641=EDGE_CURVE('',#2106,#2107,#170,.T.);
#1642=EDGE_CURVE('',#2107,#2073,#171,.T.);
#1643=EDGE_CURVE('',#2108,#2109,#172,.T.);
#1644=EDGE_CURVE('',#2109,#2110,#173,.T.);
#1645=EDGE_CURVE('',#2111,#2110,#240,.F.);
#1646=EDGE_CURVE('',#2112,#2111,#319,.T.);
#1647=EDGE_CURVE('',#2112,#2113,#241,.T.);
#1648=EDGE_CURVE('',#2113,#2114,#320,.T.);
#1649=EDGE_CURVE('',#2115,#2114,#242,.F.);
#1650=EDGE_CURVE('',#2116,#2115,#174,.T.);
#1651=EDGE_CURVE('',#2116,#2117,#175,.T.);
#1652=EDGE_CURVE('',#2117,#2118,#176,.T.);
#1653=EDGE_CURVE('',#2119,#2118,#243,.F.);
#1654=EDGE_CURVE('',#2120,#2119,#177,.T.);
#1655=EDGE_CURVE('',#2120,#2121,#178,.T.);
#1656=EDGE_CURVE('',#2121,#2122,#179,.T.);
#1657=EDGE_CURVE('',#2123,#2122,#244,.F.);
#1658=EDGE_CURVE('',#2124,#2123,#180,.T.);
#1659=EDGE_CURVE('',#2124,#2125,#181,.T.);
#1660=EDGE_CURVE('',#2125,#2126,#182,.T.);
#1661=EDGE_CURVE('',#2127,#2126,#245,.F.);
#1662=EDGE_CURVE('',#2128,#2127,#183,.T.);
#1663=EDGE_CURVE('',#2128,#2129,#184,.T.);
#1664=EDGE_CURVE('',#2129,#2130,#185,.T.);
#1665=EDGE_CURVE('',#2131,#2130,#246,.F.);
#1666=EDGE_CURVE('',#2132,#2131,#186,.T.);
#1667=EDGE_CURVE('',#2132,#2133,#187,.T.);
#1668=EDGE_CURVE('',#2133,#2134,#188,.T.);
#1669=EDGE_CURVE('',#2135,#2134,#247,.F.);
#1670=EDGE_CURVE('',#2136,#2135,#189,.T.);
#1671=EDGE_CURVE('',#2136,#2137,#190,.T.);
#1672=EDGE_CURVE('',#2137,#2138,#191,.T.);
#1673=EDGE_CURVE('',#2139,#2138,#248,.F.);
#1674=EDGE_CURVE('',#2140,#2139,#192,.T.);
#1675=EDGE_CURVE('',#2140,#2141,#193,.T.);
#1676=EDGE_CURVE('',#2141,#2142,#194,.T.);
#1677=EDGE_CURVE('',#2143,#2142,#249,.F.);
#1678=EDGE_CURVE('',#2108,#2143,#195,.T.);
#1679=EDGE_CURVE('',#2144,#2145,#2351,.T.);
#1680=EDGE_CURVE('',#2146,#2144,#250,.F.);
#1681=EDGE_CURVE('',#2147,#2146,#2352,.T.);
#1682=EDGE_CURVE('',#2148,#2147,#2353,.T.);
#1683=EDGE_CURVE('',#2149,#2148,#251,.F.);
#1684=EDGE_CURVE('',#2150,#2149,#2354,.T.);
#1685=EDGE_CURVE('',#2151,#2150,#2355,.T.);
#1686=EDGE_CURVE('',#2152,#2151,#252,.F.);
#1687=EDGE_CURVE('',#2153,#2152,#2356,.T.);
#1688=EDGE_CURVE('',#2154,#2153,#2357,.T.);
#1689=EDGE_CURVE('',#2155,#2154,#2358,.T.);
#1690=EDGE_CURVE('',#2156,#2155,#253,.F.);
#1691=EDGE_CURVE('',#2157,#2156,#2359,.T.);
#1692=EDGE_CURVE('',#2158,#2157,#2360,.T.);
#1693=EDGE_CURVE('',#2159,#2158,#254,.F.);
#1694=EDGE_CURVE('',#2160,#2159,#2361,.T.);
#1695=EDGE_CURVE('',#2161,#2160,#2362,.T.);
#1696=EDGE_CURVE('',#2162,#2161,#255,.F.);
#1697=EDGE_CURVE('',#2163,#2162,#2363,.T.);
#1698=EDGE_CURVE('',#2145,#2163,#2364,.T.);
#1699=EDGE_CURVE('',#2164,#2165,#2365,.T.);
#1700=EDGE_CURVE('',#2166,#2164,#2366,.T.);
#1701=EDGE_CURVE('',#2167,#2166,#256,.F.);
#1702=EDGE_CURVE('',#2168,#2167,#2367,.T.);
#1703=EDGE_CURVE('',#2169,#2168,#2368,.T.);
#1704=EDGE_CURVE('',#2170,#2169,#2369,.T.);
#1705=EDGE_CURVE('',#2171,#2170,#2370,.T.);
#1706=EDGE_CURVE('',#2172,#2171,#257,.F.);
#1707=EDGE_CURVE('',#2173,#2172,#2371,.T.);
#1708=EDGE_CURVE('',#2165,#2173,#2372,.T.);
#1709=EDGE_CURVE('',#2174,#2175,#2373,.T.);
#1710=EDGE_CURVE('',#2176,#2174,#258,.F.);
#1711=EDGE_CURVE('',#2177,#2176,#2374,.T.);
#1712=EDGE_CURVE('',#2178,#2177,#2375,.T.);
#1713=EDGE_CURVE('',#2179,#2178,#259,.F.);
#1714=EDGE_CURVE('',#2180,#2179,#2376,.T.);
#1715=EDGE_CURVE('',#2181,#2180,#196,.F.);
#1716=EDGE_CURVE('',#2182,#2181,#2377,.T.);
#1717=EDGE_CURVE('',#2183,#2182,#2378,.T.);
#1718=EDGE_CURVE('',#2184,#2183,#2379,.T.);
#1719=EDGE_CURVE('',#2185,#2184,#197,.F.);
#1720=EDGE_CURVE('',#2186,#2185,#2380,.T.);
#1721=EDGE_CURVE('',#2187,#2186,#260,.F.);
#1722=EDGE_CURVE('',#2188,#2187,#2381,.T.);
#1723=EDGE_CURVE('',#2189,#2188,#2382,.T.);
#1724=EDGE_CURVE('',#2190,#2189,#2383,.T.);
#1725=EDGE_CURVE('',#2191,#2190,#261,.F.);
#1726=EDGE_CURVE('',#2192,#2191,#2384,.T.);
#1727=EDGE_CURVE('',#2193,#2192,#2385,.T.);
#1728=EDGE_CURVE('',#2194,#2193,#262,.F.);
#1729=EDGE_CURVE('',#2195,#2194,#2386,.T.);
#1730=EDGE_CURVE('',#2196,#2195,#2387,.T.);
#1731=EDGE_CURVE('',#2197,#2196,#263,.F.);
#1732=EDGE_CURVE('',#2198,#2197,#2388,.T.);
#1733=EDGE_CURVE('',#2175,#2198,#2389,.T.);
#1734=EDGE_CURVE('',#2199,#2200,#2390,.T.);
#1735=EDGE_CURVE('',#2201,#2199,#2391,.T.);
#1736=EDGE_CURVE('',#2202,#2201,#264,.F.);
#1737=EDGE_CURVE('',#2203,#2202,#2392,.T.);
#1738=EDGE_CURVE('',#2204,#2203,#2393,.T.);
#1739=EDGE_CURVE('',#2205,#2204,#2394,.T.);
#1740=EDGE_CURVE('',#2206,#2205,#2395,.T.);
#1741=EDGE_CURVE('',#2207,#2206,#265,.F.);
#1742=EDGE_CURVE('',#2208,#2207,#2396,.T.);
#1743=EDGE_CURVE('',#2200,#2208,#2397,.T.);
#1744=EDGE_CURVE('',#2209,#2210,#266,.T.);
#1745=EDGE_CURVE('',#2210,#2211,#2398,.T.);
#1746=EDGE_CURVE('',#2211,#2212,#198,.F.);
#1747=EDGE_CURVE('',#2213,#2212,#2399,.T.);
#1748=EDGE_CURVE('',#2213,#2214,#267,.T.);
#1749=EDGE_CURVE('',#2214,#2215,#2400,.T.);
#1750=EDGE_CURVE('',#2216,#2215,#268,.T.);
#1751=EDGE_CURVE('',#2209,#2216,#2401,.T.);
#1752=EDGE_CURVE('',#2217,#2218,#269,.T.);
#1753=EDGE_CURVE('',#2218,#2219,#2402,.T.);
#1754=EDGE_CURVE('',#2220,#2219,#270,.T.);
#1755=EDGE_CURVE('',#2221,#2220,#2403,.T.);
#1756=EDGE_CURVE('',#2221,#2222,#271,.T.);
#1757=EDGE_CURVE('',#2222,#2223,#2404,.T.);
#1758=EDGE_CURVE('',#2223,#2224,#199,.F.);
#1759=EDGE_CURVE('',#2217,#2224,#2405,.T.);
#1760=EDGE_CURVE('',#2219,#2106,#321,.T.);
#1761=EDGE_CURVE('',#2220,#2105,#322,.T.);
#1762=EDGE_CURVE('',#2110,#2225,#323,.T.);
#1763=EDGE_CURVE('',#2226,#2225,#272,.F.);
#1764=EDGE_CURVE('',#2111,#2226,#324,.T.);
#1765=EDGE_CURVE('',#2225,#2227,#2406,.T.);
#1766=EDGE_CURVE('',#2228,#2227,#273,.T.);
#1767=EDGE_CURVE('',#2229,#2228,#2407,.T.);
#1768=EDGE_CURVE('',#2229,#2230,#200,.F.);
#1769=EDGE_CURVE('',#2230,#2231,#2408,.T.);
#1770=EDGE_CURVE('',#2232,#2231,#274,.T.);
#1771=EDGE_CURVE('',#2226,#2232,#2409,.T.);
#1772=EDGE_CURVE('',#2227,#2233,#2410,.T.);
#1773=EDGE_CURVE('',#2233,#2234,#201,.F.);
#1774=EDGE_CURVE('',#2235,#2234,#2411,.T.);
#1775=EDGE_CURVE('',#2235,#2236,#275,.T.);
#1776=EDGE_CURVE('',#2236,#2237,#2412,.T.);
#1777=EDGE_CURVE('',#2238,#2237,#276,.T.);
#1778=EDGE_CURVE('',#2228,#2238,#2413,.T.);
#1779=EDGE_CURVE('',#2239,#2240,#2414,.T.);
#1780=EDGE_CURVE('',#2239,#2241,#277,.T.);
#1781=EDGE_CURVE('',#2241,#2242,#2415,.T.);
#1782=EDGE_CURVE('',#2242,#2243,#202,.F.);
#1783=EDGE_CURVE('',#2244,#2243,#2416,.T.);
#1784=EDGE_CURVE('',#2244,#2245,#278,.T.);
#1785=EDGE_CURVE('',#2245,#2246,#2417,.T.);
#1786=EDGE_CURVE('',#2240,#2246,#279,.T.);
#1787=EDGE_CURVE('',#2240,#2072,#325,.T.);
#1788=EDGE_CURVE('',#2246,#2074,#326,.T.);
#1789=EDGE_CURVE('',#2143,#2247,#327,.T.);
#1790=EDGE_CURVE('',#2142,#2248,#328,.T.);
#1791=EDGE_CURVE('',#2247,#2248,#280,.F.);
#1792=EDGE_CURVE('',#2247,#2235,#2418,.T.);
#1793=EDGE_CURVE('',#2248,#2249,#2419,.T.);
#1794=EDGE_CURVE('',#2250,#2249,#281,.T.);
#1795=EDGE_CURVE('',#2251,#2250,#2420,.T.);
#1796=EDGE_CURVE('',#2251,#2252,#203,.F.);
#1797=EDGE_CURVE('',#2252,#2236,#2421,.T.);
#1798=EDGE_CURVE('',#2249,#2253,#2422,.T.);
#1799=EDGE_CURVE('',#2253,#2254,#204,.F.);
#1800=EDGE_CURVE('',#2255,#2254,#2423,.T.);
#1801=EDGE_CURVE('',#2255,#2256,#282,.T.);
#1802=EDGE_CURVE('',#2256,#2257,#2424,.T.);
#1803=EDGE_CURVE('',#2258,#2257,#283,.T.);
#1804=EDGE_CURVE('',#2250,#2258,#2425,.T.);
#1805=EDGE_CURVE('',#2259,#2260,#2426,.T.);
#1806=EDGE_CURVE('',#2259,#2261,#284,.T.);
#1807=EDGE_CURVE('',#2261,#2262,#2427,.T.);
#1808=EDGE_CURVE('',#2262,#2263,#205,.F.);
#1809=EDGE_CURVE('',#2264,#2263,#2428,.T.);
#1810=EDGE_CURVE('',#2264,#2265,#285,.T.);
#1811=EDGE_CURVE('',#2265,#2266,#2429,.T.);
#1812=EDGE_CURVE('',#2260,#2266,#286,.T.);
#1813=EDGE_CURVE('',#2260,#2077,#329,.T.);
#1814=EDGE_CURVE('',#2266,#2078,#330,.T.);
#1815=EDGE_CURVE('',#2139,#2267,#331,.T.);
#1816=EDGE_CURVE('',#2138,#2268,#332,.T.);
#1817=EDGE_CURVE('',#2267,#2268,#287,.F.);
#1818=EDGE_CURVE('',#2267,#2255,#2430,.T.);
#1819=EDGE_CURVE('',#2268,#2269,#2431,.T.);
#1820=EDGE_CURVE('',#2270,#2269,#288,.T.);
#1821=EDGE_CURVE('',#2271,#2270,#2432,.T.);
#1822=EDGE_CURVE('',#2271,#2272,#206,.F.);
#1823=EDGE_CURVE('',#2272,#2256,#2433,.T.);
#1824=EDGE_CURVE('',#2269,#2273,#2434,.T.);
#1825=EDGE_CURVE('',#2273,#2274,#207,.F.);
#1826=EDGE_CURVE('',#2275,#2274,#2435,.T.);
#1827=EDGE_CURVE('',#2275,#2276,#289,.T.);
#1828=EDGE_CURVE('',#2276,#2277,#2436,.T.);
#1829=EDGE_CURVE('',#2278,#2277,#290,.T.);
#1830=EDGE_CURVE('',#2270,#2278,#2437,.T.);
#1831=EDGE_CURVE('',#2279,#2280,#2438,.T.);
#1832=EDGE_CURVE('',#2279,#2281,#291,.T.);
#1833=EDGE_CURVE('',#2281,#2282,#2439,.T.);
#1834=EDGE_CURVE('',#2282,#2283,#208,.F.);
#1835=EDGE_CURVE('',#2284,#2283,#2440,.T.);
#1836=EDGE_CURVE('',#2284,#2285,#292,.T.);
#1837=EDGE_CURVE('',#2285,#2286,#2441,.T.);
#1838=EDGE_CURVE('',#2280,#2286,#293,.T.);
#1839=EDGE_CURVE('',#2280,#2081,#333,.T.);
#1840=EDGE_CURVE('',#2286,#2082,#334,.T.);
#1841=EDGE_CURVE('',#2135,#2287,#335,.T.);
#1842=EDGE_CURVE('',#2134,#2288,#336,.T.);
#1843=EDGE_CURVE('',#2287,#2288,#294,.F.);
#1844=EDGE_CURVE('',#2287,#2275,#2442,.T.);
#1845=EDGE_CURVE('',#2288,#2210,#2443,.T.);
#1846=EDGE_CURVE('',#2289,#2209,#2444,.T.);
#1847=EDGE_CURVE('',#2289,#2290,#209,.F.);
#1848=EDGE_CURVE('',#2290,#2276,#2445,.T.);
#1849=EDGE_CURVE('',#2291,#2292,#2446,.T.);
#1850=EDGE_CURVE('',#2291,#2293,#295,.T.);
#1851=EDGE_CURVE('',#2293,#2294,#2447,.T.);
#1852=EDGE_CURVE('',#2294,#2295,#296,.F.);
#1853=EDGE_CURVE('',#2232,#2295,#2448,.T.);
#1854=EDGE_CURVE('',#2231,#2296,#2449,.T.);
#1855=EDGE_CURVE('',#2292,#2296,#297,.T.);
#1856=EDGE_CURVE('',#2292,#2085,#337,.T.);
#1857=EDGE_CURVE('',#2296,#2086,#338,.T.);
#1858=EDGE_CURVE('',#2131,#2297,#339,.T.);
#1859=EDGE_CURVE('',#2130,#2298,#340,.T.);
#1860=EDGE_CURVE('',#2297,#2298,#298,.F.);
#1861=EDGE_CURVE('',#2297,#2213,#2450,.T.);
#1862=EDGE_CURVE('',#2298,#2222,#2451,.T.);
#1863=EDGE_CURVE('',#2299,#2221,#2452,.T.);
#1864=EDGE_CURVE('',#2299,#2300,#299,.F.);
#1865=EDGE_CURVE('',#2300,#2214,#2453,.T.);
#1866=EDGE_CURVE('',#2238,#2089,#341,.T.);
#1867=EDGE_CURVE('',#2237,#2090,#342,.T.);
#1868=EDGE_CURVE('',#2127,#2301,#343,.T.);
#1869=EDGE_CURVE('',#2126,#2302,#344,.T.);
#1870=EDGE_CURVE('',#2301,#2302,#300,.F.);
#1871=EDGE_CURVE('',#2303,#2239,#2454,.T.);
#1872=EDGE_CURVE('',#2303,#2304,#210,.F.);
#1873=EDGE_CURVE('',#2304,#2218,#2455,.T.);
#1874=EDGE_CURVE('',#2301,#2217,#2456,.T.);
#1875=EDGE_CURVE('',#2302,#2241,#2457,.T.);
#1876=EDGE_CURVE('',#2258,#2093,#345,.T.);
#1877=EDGE_CURVE('',#2257,#2094,#346,.T.);
#1878=EDGE_CURVE('',#2123,#2305,#347,.T.);
#1879=EDGE_CURVE('',#2122,#2306,#348,.T.);
#1880=EDGE_CURVE('',#2305,#2306,#301,.F.);
#1881=EDGE_CURVE('',#2307,#2259,#2458,.T.);
#1882=EDGE_CURVE('',#2307,#2308,#211,.F.);
#1883=EDGE_CURVE('',#2308,#2245,#2459,.T.);
#1884=EDGE_CURVE('',#2305,#2244,#2460,.T.);
#1885=EDGE_CURVE('',#2306,#2261,#2461,.T.);
#1886=EDGE_CURVE('',#2278,#2097,#349,.T.);
#1887=EDGE_CURVE('',#2277,#2098,#350,.T.);
#1888=EDGE_CURVE('',#2119,#2309,#351,.T.);
#1889=EDGE_CURVE('',#2118,#2310,#352,.T.);
#1890=EDGE_CURVE('',#2309,#2310,#302,.F.);
#1891=EDGE_CURVE('',#2311,#2279,#2462,.T.);
#1892=EDGE_CURVE('',#2311,#2312,#212,.F.);
#1893=EDGE_CURVE('',#2312,#2265,#2463,.T.);
#1894=EDGE_CURVE('',#2309,#2264,#2464,.T.);
#1895=EDGE_CURVE('',#2310,#2281,#2465,.T.);
#1896=EDGE_CURVE('',#2115,#2313,#353,.T.);
#1897=EDGE_CURVE('',#2114,#2314,#354,.T.);
#1898=EDGE_CURVE('',#2313,#2314,#303,.F.);
#1899=EDGE_CURVE('',#2315,#2291,#2466,.T.);
#1900=EDGE_CURVE('',#2315,#2316,#213,.F.);
#1901=EDGE_CURVE('',#2316,#2285,#2467,.T.);
#1902=EDGE_CURVE('',#2313,#2284,#2468,.T.);
#1903=EDGE_CURVE('',#2314,#2293,#2469,.T.);
#1904=EDGE_CURVE('',#2216,#2101,#355,.T.);
#1905=EDGE_CURVE('',#2215,#2102,#356,.T.);
#1906=EDGE_CURVE('',#2294,#2113,#357,.T.);
#1907=EDGE_CURVE('',#2295,#2112,#358,.T.);
#1908=EDGE_CURVE('',#2299,#2104,#359,.T.);
#1909=EDGE_CURVE('',#2300,#2103,#360,.T.);
#1910=EDGE_CURVE('',#2282,#2117,#361,.T.);
#1911=EDGE_CURVE('',#2283,#2116,#362,.T.);
#1912=EDGE_CURVE('',#2289,#2100,#363,.T.);
#1913=EDGE_CURVE('',#2290,#2099,#364,.T.);
#1914=EDGE_CURVE('',#2262,#2121,#365,.T.);
#1915=EDGE_CURVE('',#2263,#2120,#366,.T.);
#1916=EDGE_CURVE('',#2271,#2096,#367,.T.);
#1917=EDGE_CURVE('',#2272,#2095,#368,.T.);
#1918=EDGE_CURVE('',#2242,#2125,#369,.T.);
#1919=EDGE_CURVE('',#2243,#2124,#370,.T.);
#1920=EDGE_CURVE('',#2251,#2092,#371,.T.);
#1921=EDGE_CURVE('',#2252,#2091,#372,.T.);
#1922=EDGE_CURVE('',#2223,#2129,#373,.T.);
#1923=EDGE_CURVE('',#2224,#2128,#374,.T.);
#1924=EDGE_CURVE('',#2229,#2088,#375,.T.);
#1925=EDGE_CURVE('',#2230,#2087,#376,.T.);
#1926=EDGE_CURVE('',#2211,#2133,#377,.T.);
#1927=EDGE_CURVE('',#2212,#2132,#378,.T.);
#1928=EDGE_CURVE('',#2315,#2084,#379,.T.);
#1929=EDGE_CURVE('',#2316,#2083,#380,.T.);
#1930=EDGE_CURVE('',#2273,#2137,#381,.T.);
#1931=EDGE_CURVE('',#2274,#2136,#382,.T.);
#1932=EDGE_CURVE('',#2311,#2080,#383,.T.);
#1933=EDGE_CURVE('',#2312,#2079,#384,.T.);
#1934=EDGE_CURVE('',#2253,#2141,#385,.T.);
#1935=EDGE_CURVE('',#2254,#2140,#386,.T.);
#1936=EDGE_CURVE('',#2307,#2076,#387,.T.);
#1937=EDGE_CURVE('',#2308,#2075,#388,.T.);
#1938=EDGE_CURVE('',#2233,#2109,#389,.T.);
#1939=EDGE_CURVE('',#2234,#2108,#390,.T.);
#1940=EDGE_CURVE('',#2303,#2073,#391,.T.);
#1941=EDGE_CURVE('',#2304,#2107,#392,.T.);
#1942=EDGE_CURVE('',#2199,#2063,#393,.T.);
#1943=EDGE_CURVE('',#2200,#2062,#394,.T.);
#1944=EDGE_CURVE('',#2208,#2064,#395,.T.);
#1945=EDGE_CURVE('',#2207,#2065,#396,.T.);
#1946=EDGE_CURVE('',#2206,#2066,#397,.T.);
#1947=EDGE_CURVE('',#2205,#2067,#398,.T.);
#1948=EDGE_CURVE('',#2204,#2068,#399,.T.);
#1949=EDGE_CURVE('',#2203,#2069,#400,.T.);
#1950=EDGE_CURVE('',#2202,#2070,#401,.T.);
#1951=EDGE_CURVE('',#2201,#2071,#402,.T.);
#1952=EDGE_CURVE('',#2174,#2038,#403,.T.);
#1953=EDGE_CURVE('',#2175,#2037,#404,.T.);
#1954=EDGE_CURVE('',#2198,#2039,#405,.T.);
#1955=EDGE_CURVE('',#2197,#2040,#406,.T.);
#1956=EDGE_CURVE('',#2196,#2041,#407,.T.);
#1957=EDGE_CURVE('',#2195,#2042,#408,.T.);
#1958=EDGE_CURVE('',#2194,#2043,#409,.T.);
#1959=EDGE_CURVE('',#2193,#2044,#410,.T.);
#1960=EDGE_CURVE('',#2192,#2045,#411,.T.);
#1961=EDGE_CURVE('',#2191,#2046,#412,.T.);
#1962=EDGE_CURVE('',#2190,#2047,#413,.T.);
#1963=EDGE_CURVE('',#2189,#2048,#414,.T.);
#1964=EDGE_CURVE('',#2188,#2049,#415,.T.);
#1965=EDGE_CURVE('',#2187,#2050,#416,.T.);
#1966=EDGE_CURVE('',#2186,#2051,#417,.T.);
#1967=EDGE_CURVE('',#2185,#2052,#418,.T.);
#1968=EDGE_CURVE('',#2184,#2053,#419,.T.);
#1969=EDGE_CURVE('',#2183,#2054,#420,.T.);
#1970=EDGE_CURVE('',#2182,#2055,#421,.T.);
#1971=EDGE_CURVE('',#2181,#2056,#422,.T.);
#1972=EDGE_CURVE('',#2180,#2057,#423,.T.);
#1973=EDGE_CURVE('',#2179,#2058,#424,.T.);
#1974=EDGE_CURVE('',#2178,#2059,#425,.T.);
#1975=EDGE_CURVE('',#2177,#2060,#426,.T.);
#1976=EDGE_CURVE('',#2176,#2061,#427,.T.);
#1977=EDGE_CURVE('',#2164,#2028,#428,.T.);
#1978=EDGE_CURVE('',#2165,#2027,#429,.T.);
#1979=EDGE_CURVE('',#2173,#2029,#430,.T.);
#1980=EDGE_CURVE('',#2172,#2030,#431,.T.);
#1981=EDGE_CURVE('',#2171,#2031,#432,.T.);
#1982=EDGE_CURVE('',#2170,#2032,#433,.T.);
#1983=EDGE_CURVE('',#2169,#2033,#434,.T.);
#1984=EDGE_CURVE('',#2168,#2034,#435,.T.);
#1985=EDGE_CURVE('',#2167,#2035,#436,.T.);
#1986=EDGE_CURVE('',#2166,#2036,#437,.T.);
#1987=EDGE_CURVE('',#2144,#2008,#438,.T.);
#1988=EDGE_CURVE('',#2145,#2007,#439,.T.);
#1989=EDGE_CURVE('',#2163,#2009,#440,.T.);
#1990=EDGE_CURVE('',#2162,#2010,#441,.T.);
#1991=EDGE_CURVE('',#2161,#2011,#442,.T.);
#1992=EDGE_CURVE('',#2160,#2012,#443,.T.);
#1993=EDGE_CURVE('',#2159,#2013,#444,.T.);
#1994=EDGE_CURVE('',#2158,#2014,#445,.T.);
#1995=EDGE_CURVE('',#2157,#2015,#446,.T.);
#1996=EDGE_CURVE('',#2156,#2016,#447,.T.);
#1997=EDGE_CURVE('',#2155,#2017,#448,.T.);
#1998=EDGE_CURVE('',#2154,#2018,#449,.T.);
#1999=EDGE_CURVE('',#2153,#2019,#450,.T.);
#2000=EDGE_CURVE('',#2152,#2020,#451,.T.);
#2001=EDGE_CURVE('',#2151,#2021,#452,.T.);
#2002=EDGE_CURVE('',#2150,#2022,#453,.T.);
#2003=EDGE_CURVE('',#2149,#2023,#454,.T.);
#2004=EDGE_CURVE('',#2148,#2024,#455,.T.);
#2005=EDGE_CURVE('',#2147,#2025,#456,.T.);
#2006=EDGE_CURVE('',#2146,#2026,#457,.T.);
#2007=VERTEX_POINT('',#4056);
#2008=VERTEX_POINT('',#4057);
#2009=VERTEX_POINT('',#4059);
#2010=VERTEX_POINT('',#4064);
#2011=VERTEX_POINT('',#4066);
#2012=VERTEX_POINT('',#4068);
#2013=VERTEX_POINT('',#4073);
#2014=VERTEX_POINT('',#4075);
#2015=VERTEX_POINT('',#4080);
#2016=VERTEX_POINT('',#4082);
#2017=VERTEX_POINT('',#4084);
#2018=VERTEX_POINT('',#4089);
#2019=VERTEX_POINT('',#4091);
#2020=VERTEX_POINT('',#4096);
#2021=VERTEX_POINT('',#4098);
#2022=VERTEX_POINT('',#4100);
#2023=VERTEX_POINT('',#4105);
#2024=VERTEX_POINT('',#4107);
#2025=VERTEX_POINT('',#4112);
#2026=VERTEX_POINT('',#4114);
#2027=VERTEX_POINT('',#4120);
#2028=VERTEX_POINT('',#4121);
#2029=VERTEX_POINT('',#4126);
#2030=VERTEX_POINT('',#4131);
#2031=VERTEX_POINT('',#4133);
#2032=VERTEX_POINT('',#4138);
#2033=VERTEX_POINT('',#4143);
#2034=VERTEX_POINT('',#4148);
#2035=VERTEX_POINT('',#4153);
#2036=VERTEX_POINT('',#4155);
#2037=VERTEX_POINT('',#4164);
#2038=VERTEX_POINT('',#4165);
#2039=VERTEX_POINT('',#4167);
#2040=VERTEX_POINT('',#4172);
#2041=VERTEX_POINT('',#4174);
#2042=VERTEX_POINT('',#4176);
#2043=VERTEX_POINT('',#4181);
#2044=VERTEX_POINT('',#4183);
#2045=VERTEX_POINT('',#4188);
#2046=VERTEX_POINT('',#4190);
#2047=VERTEX_POINT('',#4192);
#2048=VERTEX_POINT('',#4197);
#2049=VERTEX_POINT('',#4199);
#2050=VERTEX_POINT('',#4204);
#2051=VERTEX_POINT('',#4206);
#2052=VERTEX_POINT('',#4208);
#2053=VERTEX_POINT('',#4210);
#2054=VERTEX_POINT('',#4215);
#2055=VERTEX_POINT('',#4217);
#2056=VERTEX_POINT('',#4222);
#2057=VERTEX_POINT('',#4224);
#2058=VERTEX_POINT('',#4229);
#2059=VERTEX_POINT('',#4231);
#2060=VERTEX_POINT('',#4236);
#2061=VERTEX_POINT('',#4238);
#2062=VERTEX_POINT('',#4244);
#2063=VERTEX_POINT('',#4245);
#2064=VERTEX_POINT('',#4250);
#2065=VERTEX_POINT('',#4255);
#2066=VERTEX_POINT('',#4257);
#2067=VERTEX_POINT('',#4262);
#2068=VERTEX_POINT('',#4267);
#2069=VERTEX_POINT('',#4272);
#2070=VERTEX_POINT('',#4277);
#2071=VERTEX_POINT('',#4279);
#2072=VERTEX_POINT('',#4285);
#2073=VERTEX_POINT('',#4286);
#2074=VERTEX_POINT('',#4288);
#2075=VERTEX_POINT('',#4290);
#2076=VERTEX_POINT('',#4292);
#2077=VERTEX_POINT('',#4294);
#2078=VERTEX_POINT('',#4296);
#2079=VERTEX_POINT('',#4298);
#2080=VERTEX_POINT('',#4300);
#2081=VERTEX_POINT('',#4302);
#2082=VERTEX_POINT('',#4304);
#2083=VERTEX_POINT('',#4306);
#2084=VERTEX_POINT('',#4308);
#2085=VERTEX_POINT('',#4310);
#2086=VERTEX_POINT('',#4312);
#2087=VERTEX_POINT('',#4314);
#2088=VERTEX_POINT('',#4316);
#2089=VERTEX_POINT('',#4318);
#2090=VERTEX_POINT('',#4320);
#2091=VERTEX_POINT('',#4322);
#2092=VERTEX_POINT('',#4324);
#2093=VERTEX_POINT('',#4326);
#2094=VERTEX_POINT('',#4328);
#2095=VERTEX_POINT('',#4330);
#2096=VERTEX_POINT('',#4332);
#2097=VERTEX_POINT('',#4334);
#2098=VERTEX_POINT('',#4336);
#2099=VERTEX_POINT('',#4338);
#2100=VERTEX_POINT('',#4340);
#2101=VERTEX_POINT('',#4342);
#2102=VERTEX_POINT('',#4344);
#2103=VERTEX_POINT('',#4346);
#2104=VERTEX_POINT('',#4348);
#2105=VERTEX_POINT('',#4350);
#2106=VERTEX_POINT('',#4352);
#2107=VERTEX_POINT('',#4354);
#2108=VERTEX_POINT('',#4357);
#2109=VERTEX_POINT('',#4358);
#2110=VERTEX_POINT('',#4360);
#2111=VERTEX_POINT('',#4362);
#2112=VERTEX_POINT('',#4364);
#2113=VERTEX_POINT('',#4366);
#2114=VERTEX_POINT('',#4368);
#2115=VERTEX_POINT('',#4370);
#2116=VERTEX_POINT('',#4372);
#2117=VERTEX_POINT('',#4374);
#2118=VERTEX_POINT('',#4376);
#2119=VERTEX_POINT('',#4378);
#2120=VERTEX_POINT('',#4380);
#2121=VERTEX_POINT('',#4382);
#2122=VERTEX_POINT('',#4384);
#2123=VERTEX_POINT('',#4386);
#2124=VERTEX_POINT('',#4388);
#2125=VERTEX_POINT('',#4390);
#2126=VERTEX_POINT('',#4392);
#2127=VERTEX_POINT('',#4394);
#2128=VERTEX_POINT('',#4396);
#2129=VERTEX_POINT('',#4398);
#2130=VERTEX_POINT('',#4400);
#2131=VERTEX_POINT('',#4402);
#2132=VERTEX_POINT('',#4404);
#2133=VERTEX_POINT('',#4406);
#2134=VERTEX_POINT('',#4408);
#2135=VERTEX_POINT('',#4410);
#2136=VERTEX_POINT('',#4412);
#2137=VERTEX_POINT('',#4414);
#2138=VERTEX_POINT('',#4416);
#2139=VERTEX_POINT('',#4418);
#2140=VERTEX_POINT('',#4420);
#2141=VERTEX_POINT('',#4422);
#2142=VERTEX_POINT('',#4424);
#2143=VERTEX_POINT('',#4426);
#2144=VERTEX_POINT('',#4433);
#2145=VERTEX_POINT('',#4434);
#2146=VERTEX_POINT('',#4436);
#2147=VERTEX_POINT('',#4441);
#2148=VERTEX_POINT('',#4446);
#2149=VERTEX_POINT('',#4448);
#2150=VERTEX_POINT('',#4453);
#2151=VERTEX_POINT('',#4458);
#2152=VERTEX_POINT('',#4460);
#2153=VERTEX_POINT('',#4465);
#2154=VERTEX_POINT('',#4470);
#2155=VERTEX_POINT('',#4475);
#2156=VERTEX_POINT('',#4477);
#2157=VERTEX_POINT('',#4482);
#2158=VERTEX_POINT('',#4487);
#2159=VERTEX_POINT('',#4489);
#2160=VERTEX_POINT('',#4494);
#2161=VERTEX_POINT('',#4499);
#2162=VERTEX_POINT('',#4501);
#2163=VERTEX_POINT('',#4506);
#2164=VERTEX_POINT('',#4515);
#2165=VERTEX_POINT('',#4516);
#2166=VERTEX_POINT('',#4521);
#2167=VERTEX_POINT('',#4523);
#2168=VERTEX_POINT('',#4528);
#2169=VERTEX_POINT('',#4533);
#2170=VERTEX_POINT('',#4538);
#2171=VERTEX_POINT('',#4543);
#2172=VERTEX_POINT('',#4545);
#2173=VERTEX_POINT('',#4550);
#2174=VERTEX_POINT('',#4559);
#2175=VERTEX_POINT('',#4560);
#2176=VERTEX_POINT('',#4562);
#2177=VERTEX_POINT('',#4567);
#2178=VERTEX_POINT('',#4572);
#2179=VERTEX_POINT('',#4574);
#2180=VERTEX_POINT('',#4579);
#2181=VERTEX_POINT('',#4581);
#2182=VERTEX_POINT('',#4586);
#2183=VERTEX_POINT('',#4591);
#2184=VERTEX_POINT('',#4596);
#2185=VERTEX_POINT('',#4598);
#2186=VERTEX_POINT('',#4603);
#2187=VERTEX_POINT('',#4605);
#2188=VERTEX_POINT('',#4610);
#2189=VERTEX_POINT('',#4615);
#2190=VERTEX_POINT('',#4620);
#2191=VERTEX_POINT('',#4622);
#2192=VERTEX_POINT('',#4627);
#2193=VERTEX_POINT('',#4632);
#2194=VERTEX_POINT('',#4634);
#2195=VERTEX_POINT('',#4639);
#2196=VERTEX_POINT('',#4644);
#2197=VERTEX_POINT('',#4646);
#2198=VERTEX_POINT('',#4651);
#2199=VERTEX_POINT('',#4660);
#2200=VERTEX_POINT('',#4661);
#2201=VERTEX_POINT('',#4666);
#2202=VERTEX_POINT('',#4668);
#2203=VERTEX_POINT('',#4673);
#2204=VERTEX_POINT('',#4678);
#2205=VERTEX_POINT('',#4683);
#2206=VERTEX_POINT('',#4688);
#2207=VERTEX_POINT('',#4690);
#2208=VERTEX_POINT('',#4695);
#2209=VERTEX_POINT('',#4701);
#2210=VERTEX_POINT('',#4702);
#2211=VERTEX_POINT('',#4707);
#2212=VERTEX_POINT('',#4709);
#2213=VERTEX_POINT('',#4714);
#2214=VERTEX_POINT('',#4716);
#2215=VERTEX_POINT('',#4721);
#2216=VERTEX_POINT('',#4723);
#2217=VERTEX_POINT('',#4730);
#2218=VERTEX_POINT('',#4731);
#2219=VERTEX_POINT('',#4736);
#2220=VERTEX_POINT('',#4738);
#2221=VERTEX_POINT('',#4743);
#2222=VERTEX_POINT('',#4745);
#2223=VERTEX_POINT('',#4750);
#2224=VERTEX_POINT('',#4752);
#2225=VERTEX_POINT('',#4762);
#2226=VERTEX_POINT('',#4764);
#2227=VERTEX_POINT('',#4771);
#2228=VERTEX_POINT('',#4773);
#2229=VERTEX_POINT('',#4778);
#2230=VERTEX_POINT('',#4780);
#2231=VERTEX_POINT('',#4785);
#2232=VERTEX_POINT('',#4787);
#2233=VERTEX_POINT('',#4797);
#2234=VERTEX_POINT('',#4799);
#2235=VERTEX_POINT('',#4804);
#2236=VERTEX_POINT('',#4806);
#2237=VERTEX_POINT('',#4811);
#2238=VERTEX_POINT('',#4813);
#2239=VERTEX_POINT('',#4823);
#2240=VERTEX_POINT('',#4824);
#2241=VERTEX_POINT('',#4826);
#2242=VERTEX_POINT('',#4831);
#2243=VERTEX_POINT('',#4833);
#2244=VERTEX_POINT('',#4838);
#2245=VERTEX_POINT('',#4840);
#2246=VERTEX_POINT('',#4845);
#2247=VERTEX_POINT('',#4852);
#2248=VERTEX_POINT('',#4854);
#2249=VERTEX_POINT('',#4865);
#2250=VERTEX_POINT('',#4867);
#2251=VERTEX_POINT('',#4872);
#2252=VERTEX_POINT('',#4874);
#2253=VERTEX_POINT('',#4884);
#2254=VERTEX_POINT('',#4886);
#2255=VERTEX_POINT('',#4891);
#2256=VERTEX_POINT('',#4893);
#2257=VERTEX_POINT('',#4898);
#2258=VERTEX_POINT('',#4900);
#2259=VERTEX_POINT('',#4910);
#2260=VERTEX_POINT('',#4911);
#2261=VERTEX_POINT('',#4913);
#2262=VERTEX_POINT('',#4918);
#2263=VERTEX_POINT('',#4920);
#2264=VERTEX_POINT('',#4925);
#2265=VERTEX_POINT('',#4927);
#2266=VERTEX_POINT('',#4932);
#2267=VERTEX_POINT('',#4939);
#2268=VERTEX_POINT('',#4941);
#2269=VERTEX_POINT('',#4952);
#2270=VERTEX_POINT('',#4954);
#2271=VERTEX_POINT('',#4959);
#2272=VERTEX_POINT('',#4961);
#2273=VERTEX_POINT('',#4971);
#2274=VERTEX_POINT('',#4973);
#2275=VERTEX_POINT('',#4978);
#2276=VERTEX_POINT('',#4980);
#2277=VERTEX_POINT('',#4985);
#2278=VERTEX_POINT('',#4987);
#2279=VERTEX_POINT('',#4997);
#2280=VERTEX_POINT('',#4998);
#2281=VERTEX_POINT('',#5000);
#2282=VERTEX_POINT('',#5005);
#2283=VERTEX_POINT('',#5007);
#2284=VERTEX_POINT('',#5012);
#2285=VERTEX_POINT('',#5014);
#2286=VERTEX_POINT('',#5019);
#2287=VERTEX_POINT('',#5026);
#2288=VERTEX_POINT('',#5028);
#2289=VERTEX_POINT('',#5043);
#2290=VERTEX_POINT('',#5045);
#2291=VERTEX_POINT('',#5055);
#2292=VERTEX_POINT('',#5056);
#2293=VERTEX_POINT('',#5058);
#2294=VERTEX_POINT('',#5063);
#2295=VERTEX_POINT('',#5065);
#2296=VERTEX_POINT('',#5074);
#2297=VERTEX_POINT('',#5081);
#2298=VERTEX_POINT('',#5083);
#2299=VERTEX_POINT('',#5098);
#2300=VERTEX_POINT('',#5100);
#2301=VERTEX_POINT('',#5110);
#2302=VERTEX_POINT('',#5112);
#2303=VERTEX_POINT('',#5119);
#2304=VERTEX_POINT('',#5121);
#2305=VERTEX_POINT('',#5139);
#2306=VERTEX_POINT('',#5141);
#2307=VERTEX_POINT('',#5148);
#2308=VERTEX_POINT('',#5150);
#2309=VERTEX_POINT('',#5168);
#2310=VERTEX_POINT('',#5170);
#2311=VERTEX_POINT('',#5177);
#2312=VERTEX_POINT('',#5179);
#2313=VERTEX_POINT('',#5194);
#2314=VERTEX_POINT('',#5196);
#2315=VERTEX_POINT('',#5203);
#2316=VERTEX_POINT('',#5205);
#2317=B_SPLINE_CURVE_WITH_KNOTS('',3,(#4052,#4053,#4054,#4055),
 .UNSPECIFIED.,.F.,.F.,(4,4),(5.75265506303115E-9,4.5031198417071E-5),
 .UNSPECIFIED.);
#2318=B_SPLINE_CURVE_WITH_KNOTS('',3,(#4060,#4061,#4062,#4063),
 .UNSPECIFIED.,.F.,.F.,(4,4),(1.28987701531354E-10,4.50311469379984E-5),
 .UNSPECIFIED.);
#2319=B_SPLINE_CURVE_WITH_KNOTS('',3,(#4069,#4070,#4071,#4072),
 .UNSPECIFIED.,.F.,.F.,(4,4),(1.3020430382985E-10,4.50763670594085E-5),
 .UNSPECIFIED.);
#2320=B_SPLINE_CURVE_WITH_KNOTS('',3,(#4076,#4077,#4078,#4079),
 .UNSPECIFIED.,.F.,.F.,(4,4),(0.,4.50951272593372E-5),.UNSPECIFIED.);
#2321=B_SPLINE_CURVE_WITH_KNOTS('',3,(#4085,#4086,#4087,#4088),
 .UNSPECIFIED.,.F.,.F.,(4,4),(0.,4.5147232275863E-5),.UNSPECIFIED.);
#2322=B_SPLINE_CURVE_WITH_KNOTS('',3,(#4092,#4093,#4094,#4095),
 .UNSPECIFIED.,.F.,.F.,(4,4),(1.16565834127248E-11,4.51466440094446E-5),
 .UNSPECIFIED.);
#2323=B_SPLINE_CURVE_WITH_KNOTS('',3,(#4101,#4102,#4103,#4104),
 .UNSPECIFIED.,.F.,.F.,(4,4),(9.79793109193696E-12,4.50946436139973E-5),
 .UNSPECIFIED.);
#2324=B_SPLINE_CURVE_WITH_KNOTS('',3,(#4108,#4109,#4110,#4111),
 .UNSPECIFIED.,.F.,.F.,(4,4),(5.76037639353665E-9,4.50764560200847E-5),
 .UNSPECIFIED.);
#2325=B_SPLINE_CURVE_WITH_KNOTS('',3,(#4116,#4117,#4118,#4119),
 .UNSPECIFIED.,.F.,.F.,(4,4),(0.,0.000130110468439984),.UNSPECIFIED.);
#2326=B_SPLINE_CURVE_WITH_KNOTS('',3,(#4122,#4123,#4124,#4125),
 .UNSPECIFIED.,.F.,.F.,(4,4),(8.67361737988404E-19,0.000130822153441257),
 .UNSPECIFIED.);
#2327=B_SPLINE_CURVE_WITH_KNOTS('',3,(#4127,#4128,#4129,#4130),
 .UNSPECIFIED.,.F.,.F.,(4,4),(1.26551804580384E-10,0.000121194406260125),
 .UNSPECIFIED.);
#2328=B_SPLINE_CURVE_WITH_KNOTS('',3,(#4134,#4135,#4136,#4137),
 .UNSPECIFIED.,.F.,.F.,(4,4),(0.,0.000121065876908882),.UNSPECIFIED.);
#2329=B_SPLINE_CURVE_WITH_KNOTS('',3,(#4139,#4140,#4141,#4142),
 .UNSPECIFIED.,.F.,.F.,(4,4),(0.,0.000131700985613593),.UNSPECIFIED.);
#2330=B_SPLINE_CURVE_WITH_KNOTS('',3,(#4144,#4145,#4146,#4147),
 .UNSPECIFIED.,.F.,.F.,(4,4),(0.,0.000130542485743509),.UNSPECIFIED.);
#2331=B_SPLINE_CURVE_WITH_KNOTS('',3,(#4149,#4150,#4151,#4152),
 .UNSPECIFIED.,.F.,.F.,(4,4),(9.85166382337383E-13,0.000120962920678893),
 .UNSPECIFIED.);
#2332=B_SPLINE_CURVE_WITH_KNOTS('',3,(#4156,#4157,#4158,#4159),
 .UNSPECIFIED.,.F.,.F.,(4,4),(-1.8504462949453E-11,0.000121086876877533),
 .UNSPECIFIED.);
#2333=B_SPLINE_CURVE_WITH_KNOTS('',3,(#4160,#4161,#4162,#4163),
 .UNSPECIFIED.,.F.,.F.,(4,4),(5.74755798974311E-9,4.50006605084826E-5),
 .UNSPECIFIED.);
#2334=B_SPLINE_CURVE_WITH_KNOTS('',3,(#4168,#4169,#4170,#4171),
 .UNSPECIFIED.,.F.,.F.,(4,4),(1.28175374551238E-10,4.50006320480366E-5),
 .UNSPECIFIED.);
#2335=B_SPLINE_CURVE_WITH_KNOTS('',3,(#4177,#4178,#4179,#4180),
 .UNSPECIFIED.,.F.,.F.,(4,4),(1.29109807079708E-10,4.50357071373869E-5),
 .UNSPECIFIED.);
#2336=B_SPLINE_CURVE_WITH_KNOTS('',3,(#4184,#4185,#4186,#4187),
 .UNSPECIFIED.,.F.,.F.,(4,4),(0.,4.50544649071326E-5),.UNSPECIFIED.);
#2337=B_SPLINE_CURVE_WITH_KNOTS('',3,(#4193,#4194,#4195,#4196),
 .UNSPECIFIED.,.F.,.F.,(4,4),(0.,4.51285155630153E-5),.UNSPECIFIED.);
#2338=B_SPLINE_CURVE_WITH_KNOTS('',3,(#4200,#4201,#4202,#4203),
 .UNSPECIFIED.,.F.,.F.,(4,4),(1.09913295399433E-11,4.51279653219175E-5),
 .UNSPECIFIED.);
#2339=B_SPLINE_CURVE_WITH_KNOTS('',3,(#4211,#4212,#4213,#4214),
 .UNSPECIFIED.,.F.,.F.,(4,4),(0.,4.97178699053865E-5),.UNSPECIFIED.);
#2340=B_SPLINE_CURVE_WITH_KNOTS('',3,(#4218,#4219,#4220,#4221),
 .UNSPECIFIED.,.F.,.F.,(4,4),(0.,4.43243228735231E-5),.UNSPECIFIED.);
#2341=B_SPLINE_CURVE_WITH_KNOTS('',3,(#4225,#4226,#4227,#4228),
 .UNSPECIFIED.,.F.,.F.,(4,4),(4.84793239216965E-13,4.03557850882329E-5),
 .UNSPECIFIED.);
#2342=B_SPLINE_CURVE_WITH_KNOTS('',3,(#4232,#4233,#4234,#4235),
 .UNSPECIFIED.,.F.,.F.,(4,4),(5.75342546398101E-9,4.50357622169998E-5),
 .UNSPECIFIED.);
#2343=B_SPLINE_CURVE_WITH_KNOTS('',3,(#4240,#4241,#4242,#4243),
 .UNSPECIFIED.,.F.,.F.,(4,4),(0.,0.000499871124697277),.UNSPECIFIED.);
#2344=B_SPLINE_CURVE_WITH_KNOTS('',3,(#4246,#4247,#4248,#4249),
 .UNSPECIFIED.,.F.,.F.,(4,4),(0.,0.00049806473574572),.UNSPECIFIED.);
#2345=B_SPLINE_CURVE_WITH_KNOTS('',3,(#4251,#4252,#4253,#4254),
 .UNSPECIFIED.,.F.,.F.,(4,4),(0.,0.000509806198992527),.UNSPECIFIED.);
#2346=B_SPLINE_CURVE_WITH_KNOTS('',3,(#4258,#4259,#4260,#4261),
 .UNSPECIFIED.,.F.,.F.,(4,4),(0.,0.000510414518516026),.UNSPECIFIED.);
#2347=B_SPLINE_CURVE_WITH_KNOTS('',3,(#4263,#4264,#4265,#4266),
 .UNSPECIFIED.,.F.,.F.,(4,4),(0.,0.000500567477582972),.UNSPECIFIED.);
#2348=B_SPLINE_CURVE_WITH_KNOTS('',3,(#4268,#4269,#4270,#4271),
 .UNSPECIFIED.,.F.,.F.,(4,4),(0.,0.000498775796681694),.UNSPECIFIED.);
#2349=B_SPLINE_CURVE_WITH_KNOTS('',3,(#4273,#4274,#4275,#4276),
 .UNSPECIFIED.,.F.,.F.,(4,4),(0.,0.000512233486049011),.UNSPECIFIED.);
#2350=B_SPLINE_CURVE_WITH_KNOTS('',3,(#4280,#4281,#4282,#4283),
 .UNSPECIFIED.,.F.,.F.,(4,4),(0.,0.000507949983636677),.UNSPECIFIED.);
#2351=B_SPLINE_CURVE_WITH_KNOTS('',3,(#4429,#4430,#4431,#4432),
 .UNSPECIFIED.,.F.,.F.,(4,4),(0.,4.49752116672432E-5),.UNSPECIFIED.);
#2352=B_SPLINE_CURVE_WITH_KNOTS('',3,(#4437,#4438,#4439,#4440),
 .UNSPECIFIED.,.F.,.F.,(4,4),(0.00950944916705789,0.00995703297022712),
 .UNSPECIFIED.);
#2353=B_SPLINE_CURVE_WITH_KNOTS('',3,(#4442,#4443,#4444,#4445),
 .UNSPECIFIED.,.F.,.F.,(4,4),(0.,4.49922541516354E-5),.UNSPECIFIED.);
#2354=B_SPLINE_CURVE_WITH_KNOTS('',3,(#4449,#4450,#4451,#4452),
 .UNSPECIFIED.,.F.,.F.,(4,4),(2.99389247413043E-11,4.53846844653944E-5),
 .UNSPECIFIED.);
#2355=B_SPLINE_CURVE_WITH_KNOTS('',3,(#4454,#4455,#4456,#4457),
 .UNSPECIFIED.,.F.,.F.,(4,4),(0.00950965420682506,0.00995724371691751),
 .UNSPECIFIED.);
#2356=B_SPLINE_CURVE_WITH_KNOTS('',3,(#4461,#4462,#4463,#4464),
 .UNSPECIFIED.,.F.,.F.,(4,4),(3.21329807940578E-11,4.54445378599712E-5),
 .UNSPECIFIED.);
#2357=B_SPLINE_CURVE_WITH_KNOTS('',3,(#4466,#4467,#4468,#4469),
 .UNSPECIFIED.,.F.,.F.,(4,4),(0.00950062749774346,0.00965715120394765),
 .UNSPECIFIED.);
#2358=B_SPLINE_CURVE_WITH_KNOTS('',3,(#4471,#4472,#4473,#4474),
 .UNSPECIFIED.,.F.,.F.,(4,4),(0.,4.50220555374508E-5),.UNSPECIFIED.);
#2359=B_SPLINE_CURVE_WITH_KNOTS('',3,(#4478,#4479,#4480,#4481),
 .UNSPECIFIED.,.F.,.F.,(4,4),(0.00950963679952366,0.00995722691377483),
 .UNSPECIFIED.);
#2360=B_SPLINE_CURVE_WITH_KNOTS('',3,(#4483,#4484,#4485,#4486),
 .UNSPECIFIED.,.F.,.F.,(4,4),(0.,4.50000084555856E-5),.UNSPECIFIED.);
#2361=B_SPLINE_CURVE_WITH_KNOTS('',3,(#4490,#4491,#4492,#4493),
 .UNSPECIFIED.,.F.,.F.,(4,4),(5.3025741571678E-11,4.5365603635958E-5),
 .UNSPECIFIED.);
#2362=B_SPLINE_CURVE_WITH_KNOTS('',3,(#4495,#4496,#4497,#4498),
 .UNSPECIFIED.,.F.,.F.,(4,4),(0.00950947607254568,0.00995706105500689),
 .UNSPECIFIED.);
#2363=B_SPLINE_CURVE_WITH_KNOTS('',3,(#4502,#4503,#4504,#4505),
 .UNSPECIFIED.,.F.,.F.,(4,4),(5.13383361263149E-11,4.53110042516784E-5),
 .UNSPECIFIED.);
#2364=B_SPLINE_CURVE_WITH_KNOTS('',3,(#4507,#4508,#4509,#4510),
 .UNSPECIFIED.,.F.,.F.,(4,4),(0.00950000571085821,0.00965651932611269),
 .UNSPECIFIED.);
#2365=B_SPLINE_CURVE_WITH_KNOTS('',3,(#4511,#4512,#4513,#4514),
 .UNSPECIFIED.,.F.,.F.,(4,4),(8.67361737988404E-19,0.000130865841843835),
 .UNSPECIFIED.);
#2366=B_SPLINE_CURVE_WITH_KNOTS('',3,(#4517,#4518,#4519,#4520),
 .UNSPECIFIED.,.F.,.F.,(4,4),(0.,0.000120652826209792),.UNSPECIFIED.);
#2367=B_SPLINE_CURVE_WITH_KNOTS('',3,(#4524,#4525,#4526,#4527),
 .UNSPECIFIED.,.F.,.F.,(4,4),(-2.96837299410143E-11,0.000121329614988053),
 .UNSPECIFIED.);
#2368=B_SPLINE_CURVE_WITH_KNOTS('',3,(#4529,#4530,#4531,#4532),
 .UNSPECIFIED.,.F.,.F.,(4,4),(4.33680868994202E-19,0.000131320781552516),
 .UNSPECIFIED.);
#2369=B_SPLINE_CURVE_WITH_KNOTS('',3,(#4534,#4535,#4536,#4537),
 .UNSPECIFIED.,.F.,.F.,(4,4),(8.67361737988404E-19,0.000130915003091176),
 .UNSPECIFIED.);
#2370=B_SPLINE_CURVE_WITH_KNOTS('',3,(#4539,#4540,#4541,#4542),
 .UNSPECIFIED.,.F.,.F.,(4,4),(0.,0.000120369564222233),.UNSPECIFIED.);
#2371=B_SPLINE_CURVE_WITH_KNOTS('',3,(#4546,#4547,#4548,#4549),
 .UNSPECIFIED.,.F.,.F.,(4,4),(-3.19573291034147E-12,0.000121555383165581),
 .UNSPECIFIED.);
#2372=B_SPLINE_CURVE_WITH_KNOTS('',3,(#4551,#4552,#4553,#4554),
 .UNSPECIFIED.,.F.,.F.,(4,4),(4.33680868994202E-19,0.000131540585782609),
 .UNSPECIFIED.);
#2373=B_SPLINE_CURVE_WITH_KNOTS('',3,(#4555,#4556,#4557,#4558),
 .UNSPECIFIED.,.F.,.F.,(4,4),(0.,4.4966541907016E-5),.UNSPECIFIED.);
#2374=B_SPLINE_CURVE_WITH_KNOTS('',3,(#4563,#4564,#4565,#4566),
 .UNSPECIFIED.,.F.,.F.,(4,4),(0.00954350795259727,0.0104666112701276),
 .UNSPECIFIED.);
#2375=B_SPLINE_CURVE_WITH_KNOTS('',3,(#4568,#4569,#4570,#4571),
 .UNSPECIFIED.,.F.,.F.,(4,4),(0.,4.49789568720299E-5),.UNSPECIFIED.);
#2376=B_SPLINE_CURVE_WITH_KNOTS('',3,(#4575,#4576,#4577,#4578),
 .UNSPECIFIED.,.F.,.F.,(4,4),(-6.62661046776361E-12,4.04962915827612E-5),
 .UNSPECIFIED.);
#2377=B_SPLINE_CURVE_WITH_KNOTS('',3,(#4582,#4583,#4584,#4585),
 .UNSPECIFIED.,.F.,.F.,(4,4),(4.82587949066595E-12,4.47988273976731E-5),
 .UNSPECIFIED.);
#2378=B_SPLINE_CURVE_WITH_KNOTS('',3,(#4587,#4588,#4589,#4590),
 .UNSPECIFIED.,.F.,.F.,(4,4),(0.00950150958064472,0.00968596882957131),
 .UNSPECIFIED.);
#2379=B_SPLINE_CURVE_WITH_KNOTS('',3,(#4592,#4593,#4594,#4595),
 .UNSPECIFIED.,.F.,.F.,(4,4),(1.78811203067275E-17,4.97473801016461E-5),
 .UNSPECIFIED.);
#2380=B_SPLINE_CURVE_WITH_KNOTS('',3,(#4599,#4600,#4601,#4602),
 .UNSPECIFIED.,.F.,.F.,(4,4),(0.00951979032827989,0.0101491708776913),
 .UNSPECIFIED.);
#2381=B_SPLINE_CURVE_WITH_KNOTS('',3,(#4606,#4607,#4608,#4609),
 .UNSPECIFIED.,.F.,.F.,(4,4),(3.17987797938192E-11,4.54351073750812E-5),
 .UNSPECIFIED.);
#2382=B_SPLINE_CURVE_WITH_KNOTS('',3,(#4611,#4612,#4613,#4614),
 .UNSPECIFIED.,.F.,.F.,(4,4),(0.00950083750470245,0.00967178440953894),
 .UNSPECIFIED.);
#2383=B_SPLINE_CURVE_WITH_KNOTS('',3,(#4616,#4617,#4618,#4619),
 .UNSPECIFIED.,.F.,.F.,(4,4),(0.,4.50183321117296E-5),.UNSPECIFIED.);
#2384=B_SPLINE_CURVE_WITH_KNOTS('',3,(#4623,#4624,#4625,#4626),
 .UNSPECIFIED.,.F.,.F.,(4,4),(0.00950131681192309,0.0097137560995374),
 .UNSPECIFIED.);
#2385=B_SPLINE_CURVE_WITH_KNOTS('',3,(#4628,#4629,#4630,#4631),
 .UNSPECIFIED.,.F.,.F.,(4,4),(0.,4.49864875744638E-5),.UNSPECIFIED.);
#2386=B_SPLINE_CURVE_WITH_KNOTS('',3,(#4635,#4636,#4637,#4638),
 .UNSPECIFIED.,.F.,.F.,(4,4),(5.17953758944891E-11,4.53253634092869E-5),
 .UNSPECIFIED.);
#2387=B_SPLINE_CURVE_WITH_KNOTS('',3,(#4640,#4641,#4642,#4643),
 .UNSPECIFIED.,.F.,.F.,(4,4),(0.00950116510376437,0.0097136017980047),
 .UNSPECIFIED.);
#2388=B_SPLINE_CURVE_WITH_KNOTS('',3,(#4647,#4648,#4649,#4650),
 .UNSPECIFIED.,.F.,.F.,(4,4),(5.03385240067594E-11,4.5280820774237E-5),
 .UNSPECIFIED.);
#2389=B_SPLINE_CURVE_WITH_KNOTS('',3,(#4652,#4653,#4654,#4655),
 .UNSPECIFIED.,.F.,.F.,(4,4),(0.00950019325882624,0.00967375033471793),
 .UNSPECIFIED.);
#2390=B_SPLINE_CURVE_WITH_KNOTS('',3,(#4656,#4657,#4658,#4659),
 .UNSPECIFIED.,.F.,.F.,(4,4),(0.,0.000498915920575059),.UNSPECIFIED.);
#2391=B_SPLINE_CURVE_WITH_KNOTS('',3,(#4662,#4663,#4664,#4665),
 .UNSPECIFIED.,.F.,.F.,(4,4),(0.,0.000507496688874304),.UNSPECIFIED.);
#2392=B_SPLINE_CURVE_WITH_KNOTS('',3,(#4669,#4670,#4671,#4672),
 .UNSPECIFIED.,.F.,.F.,(4,4),(0.,0.000512338241228662),.UNSPECIFIED.);
#2393=B_SPLINE_CURVE_WITH_KNOTS('',3,(#4674,#4675,#4676,#4677),
 .UNSPECIFIED.,.F.,.F.,(4,4),(0.,0.000506075713120177),.UNSPECIFIED.);
#2394=B_SPLINE_CURVE_WITH_KNOTS('',3,(#4679,#4680,#4681,#4682),
 .UNSPECIFIED.,.F.,.F.,(4,4),(0.,0.00049855763074849),.UNSPECIFIED.);
#2395=B_SPLINE_CURVE_WITH_KNOTS('',3,(#4684,#4685,#4686,#4687),
 .UNSPECIFIED.,.F.,.F.,(4,4),(0.,0.000508791060857491),.UNSPECIFIED.);
#2396=B_SPLINE_CURVE_WITH_KNOTS('',3,(#4691,#4692,#4693,#4694),
 .UNSPECIFIED.,.F.,.F.,(4,4),(0.,0.000509760872383222),.UNSPECIFIED.);
#2397=B_SPLINE_CURVE_WITH_KNOTS('',3,(#4696,#4697,#4698,#4699),
 .UNSPECIFIED.,.F.,.F.,(4,4),(0.,0.000504595442080179),.UNSPECIFIED.);
#2398=B_SPLINE_CURVE_WITH_KNOTS('',3,(#4703,#4704,#4705,#4706),
 .UNSPECIFIED.,.F.,.F.,(4,4),(0.,0.00500228233142436),.UNSPECIFIED.);
#2399=B_SPLINE_CURVE_WITH_KNOTS('',3,(#4710,#4711,#4712,#4713),
 .UNSPECIFIED.,.F.,.F.,(4,4),(0.028141245632972,0.0331474539111465),
 .UNSPECIFIED.);
#2400=B_SPLINE_CURVE_WITH_KNOTS('',3,(#4717,#4718,#4719,#4720),
 .UNSPECIFIED.,.F.,.F.,(4,4),(0.,0.0171172590497505),.UNSPECIFIED.);
#2401=B_SPLINE_CURVE_WITH_KNOTS('',3,(#4724,#4725,#4726,#4727),
 .UNSPECIFIED.,.F.,.F.,(4,4),(0.0520963116707755,0.0692135885789089),
 .UNSPECIFIED.);
#2402=B_SPLINE_CURVE_WITH_KNOTS('',3,(#4732,#4733,#4734,#4735),
 .UNSPECIFIED.,.F.,.F.,(4,4),(0.,0.0171172477285042),.UNSPECIFIED.);
#2403=B_SPLINE_CURVE_WITH_KNOTS('',3,(#4739,#4740,#4741,#4742),
 .UNSPECIFIED.,.F.,.F.,(4,4),(0.0520963243425676,0.0692135833923086),
 .UNSPECIFIED.);
#2404=B_SPLINE_CURVE_WITH_KNOTS('',3,(#4746,#4747,#4748,#4749),
 .UNSPECIFIED.,.F.,.F.,(4,4),(0.,0.0050626958446535),.UNSPECIFIED.);
#2405=B_SPLINE_CURVE_WITH_KNOTS('',3,(#4753,#4754,#4755,#4756),
 .UNSPECIFIED.,.F.,.F.,(4,4),(0.0284685643718645,0.0335351861371499),
 .UNSPECIFIED.);
#2406=B_SPLINE_CURVE_WITH_KNOTS('',3,(#4767,#4768,#4769,#4770),
 .UNSPECIFIED.,.F.,.F.,(4,4),(0.0521904584300494,0.069307706321103),
 .UNSPECIFIED.);
#2407=B_SPLINE_CURVE_WITH_KNOTS('',3,(#4774,#4775,#4776,#4777),
 .UNSPECIFIED.,.F.,.F.,(4,4),(0.,0.00506669159031074),.UNSPECIFIED.);
#2408=B_SPLINE_CURVE_WITH_KNOTS('',3,(#4781,#4782,#4783,#4784),
 .UNSPECIFIED.,.F.,.F.,(4,4),(0.0285416254707251,0.0336043903760955),
 .UNSPECIFIED.);
#2409=B_SPLINE_CURVE_WITH_KNOTS('',3,(#4788,#4789,#4790,#4791),
 .UNSPECIFIED.,.F.,.F.,(4,4),(0.,0.0171172590497506),.UNSPECIFIED.);
#2410=B_SPLINE_CURVE_WITH_KNOTS('',3,(#4793,#4794,#4795,#4796),
 .UNSPECIFIED.,.F.,.F.,(4,4),(0.,0.00497748089986656),.UNSPECIFIED.);
#2411=B_SPLINE_CURVE_WITH_KNOTS('',3,(#4800,#4801,#4802,#4803),
 .UNSPECIFIED.,.F.,.F.,(4,4),(0.0279881885074839,0.0329661429309276),
 .UNSPECIFIED.);
#2412=B_SPLINE_CURVE_WITH_KNOTS('',3,(#4807,#4808,#4809,#4810),
 .UNSPECIFIED.,.F.,.F.,(4,4),(0.,0.0171172998660316),.UNSPECIFIED.);
#2413=B_SPLINE_CURVE_WITH_KNOTS('',3,(#4814,#4815,#4816,#4817),
 .UNSPECIFIED.,.F.,.F.,(4,4),(0.0520961169224661,0.0692137216225869),
 .UNSPECIFIED.);
#2414=B_SPLINE_CURVE_WITH_KNOTS('',3,(#4819,#4820,#4821,#4822),
 .UNSPECIFIED.,.F.,.F.,(4,4),(0.0520963116707756,0.0692135885789089),
 .UNSPECIFIED.);
#2415=B_SPLINE_CURVE_WITH_KNOTS('',3,(#4827,#4828,#4829,#4830),
 .UNSPECIFIED.,.F.,.F.,(4,4),(0.028700669817965,0.0338101040257542),
 .UNSPECIFIED.);
#2416=B_SPLINE_CURVE_WITH_KNOTS('',3,(#4834,#4835,#4836,#4837),
 .UNSPECIFIED.,.F.,.F.,(4,4),(0.0287169850159121,0.0338294551926499),
 .UNSPECIFIED.);
#2417=B_SPLINE_CURVE_WITH_KNOTS('',3,(#4841,#4842,#4843,#4844),
 .UNSPECIFIED.,.F.,.F.,(4,4),(0.,0.0171172482943044),.UNSPECIFIED.);
#2418=B_SPLINE_CURVE_WITH_KNOTS('',3,(#4857,#4858,#4859,#4860),
 .UNSPECIFIED.,.F.,.F.,(4,4),(0.,0.0171172764864023),.UNSPECIFIED.);
#2419=B_SPLINE_CURVE_WITH_KNOTS('',3,(#4861,#4862,#4863,#4864),
 .UNSPECIFIED.,.F.,.F.,(4,4),(0.0521904528620128,0.0693077005716254),
 .UNSPECIFIED.);
#2420=B_SPLINE_CURVE_WITH_KNOTS('',3,(#4868,#4869,#4870,#4871),
 .UNSPECIFIED.,.F.,.F.,(4,4),(0.,0.00511249822000619),.UNSPECIFIED.);
#2421=B_SPLINE_CURVE_WITH_KNOTS('',3,(#4875,#4876,#4877,#4878),
 .UNSPECIFIED.,.F.,.F.,(4,4),(0.0287940704390107,0.0339035328128632),
 .UNSPECIFIED.);
#2422=B_SPLINE_CURVE_WITH_KNOTS('',3,(#4880,#4881,#4882,#4883),
 .UNSPECIFIED.,.F.,.F.,(4,4),(0.,0.00494666855149134),.UNSPECIFIED.);
#2423=B_SPLINE_CURVE_WITH_KNOTS('',3,(#4887,#4888,#4889,#4890),
 .UNSPECIFIED.,.F.,.F.,(4,4),(0.0279112632848156,0.0328596043789259),
 .UNSPECIFIED.);
#2424=B_SPLINE_CURVE_WITH_KNOTS('',3,(#4894,#4895,#4896,#4897),
 .UNSPECIFIED.,.F.,.F.,(4,4),(0.,0.0171172482943044),.UNSPECIFIED.);
#2425=B_SPLINE_CURVE_WITH_KNOTS('',3,(#4901,#4902,#4903,#4904),
 .UNSPECIFIED.,.F.,.F.,(4,4),(0.0520961843423524,0.0692136713007684),
 .UNSPECIFIED.);
#2426=B_SPLINE_CURVE_WITH_KNOTS('',3,(#4906,#4907,#4908,#4909),
 .UNSPECIFIED.,.F.,.F.,(4,4),(0.0520962644382404,0.069213615798861),
 .UNSPECIFIED.);
#2427=B_SPLINE_CURVE_WITH_KNOTS('',3,(#4914,#4915,#4916,#4917),
 .UNSPECIFIED.,.F.,.F.,(4,4),(0.,0.00512062101734955),.UNSPECIFIED.);
#2428=B_SPLINE_CURVE_WITH_KNOTS('',3,(#4921,#4922,#4923,#4924),
 .UNSPECIFIED.,.F.,.F.,(4,4),(0.0288621635877625,0.0339844571157356),
 .UNSPECIFIED.);
#2429=B_SPLINE_CURVE_WITH_KNOTS('',3,(#4928,#4929,#4930,#4931),
 .UNSPECIFIED.,.F.,.F.,(4,4),(0.,0.0171172998660316),.UNSPECIFIED.);
#2430=B_SPLINE_CURVE_WITH_KNOTS('',3,(#4944,#4945,#4946,#4947),
 .UNSPECIFIED.,.F.,.F.,(4,4),(0.,0.0171173487117439),.UNSPECIFIED.);
#2431=B_SPLINE_CURVE_WITH_KNOTS('',3,(#4948,#4949,#4950,#4951),
 .UNSPECIFIED.,.F.,.F.,(4,4),(0.0521904221490188,0.069307718562142),
 .UNSPECIFIED.);
#2432=B_SPLINE_CURVE_WITH_KNOTS('',3,(#4955,#4956,#4957,#4958),
 .UNSPECIFIED.,.F.,.F.,(4,4),(0.,0.00512228733218387),.UNSPECIFIED.);
#2433=B_SPLINE_CURVE_WITH_KNOTS('',3,(#4962,#4963,#4964,#4965),
 .UNSPECIFIED.,.F.,.F.,(4,4),(0.0289462660472816,0.0340668810255001),
 .UNSPECIFIED.);
#2434=B_SPLINE_CURVE_WITH_KNOTS('',3,(#4967,#4968,#4969,#4970),
 .UNSPECIFIED.,.F.,.F.,(4,4),(0.,0.00495646228058183),.UNSPECIFIED.);
#2435=B_SPLINE_CURVE_WITH_KNOTS('',3,(#4974,#4975,#4976,#4977),
 .UNSPECIFIED.,.F.,.F.,(4,4),(0.027888188249171,0.0328476865495568),
 .UNSPECIFIED.);
#2436=B_SPLINE_CURVE_WITH_KNOTS('',3,(#4981,#4982,#4983,#4984),
 .UNSPECIFIED.,.F.,.F.,(4,4),(0.,0.0171172477285042),.UNSPECIFIED.);
#2437=B_SPLINE_CURVE_WITH_KNOTS('',3,(#4988,#4989,#4990,#4991),
 .UNSPECIFIED.,.F.,.F.,(4,4),(0.0520962644382404,0.069213615798861),
 .UNSPECIFIED.);
#2438=B_SPLINE_CURVE_WITH_KNOTS('',3,(#4993,#4994,#4995,#4996),
 .UNSPECIFIED.,.F.,.F.,(4,4),(0.0520961843423524,0.0692136713007684),
 .UNSPECIFIED.);
#2439=B_SPLINE_CURVE_WITH_KNOTS('',3,(#5001,#5002,#5003,#5004),
 .UNSPECIFIED.,.F.,.F.,(4,4),(0.,0.00509101985787745),.UNSPECIFIED.);
#2440=B_SPLINE_CURVE_WITH_KNOTS('',3,(#5008,#5009,#5010,#5011),
 .UNSPECIFIED.,.F.,.F.,(4,4),(0.0286033381374943,0.0336948315130376),
 .UNSPECIFIED.);
#2441=B_SPLINE_CURVE_WITH_KNOTS('',3,(#5015,#5016,#5017,#5018),
 .UNSPECIFIED.,.F.,.F.,(4,4),(0.,0.0171173627588278),.UNSPECIFIED.);
#2442=B_SPLINE_CURVE_WITH_KNOTS('',3,(#5031,#5032,#5033,#5034),
 .UNSPECIFIED.,.F.,.F.,(4,4),(0.,0.017117479756953),.UNSPECIFIED.);
#2443=B_SPLINE_CURVE_WITH_KNOTS('',3,(#5035,#5036,#5037,#5038),
 .UNSPECIFIED.,.F.,.F.,(4,4),(0.052190388111867,0.0693077443869145),
 .UNSPECIFIED.);
#2444=B_SPLINE_CURVE_WITH_KNOTS('',3,(#5039,#5040,#5041,#5042),
 .UNSPECIFIED.,.F.,.F.,(4,4),(0.,0.00509148627919176),.UNSPECIFIED.);
#2445=B_SPLINE_CURVE_WITH_KNOTS('',3,(#5046,#5047,#5048,#5049),
 .UNSPECIFIED.,.F.,.F.,(4,4),(0.028694232543106,0.0337852452763603),
 .UNSPECIFIED.);
#2446=B_SPLINE_CURVE_WITH_KNOTS('',3,(#5051,#5052,#5053,#5054),
 .UNSPECIFIED.,.F.,.F.,(4,4),(0.0520961169224661,0.0692137216225869),
 .UNSPECIFIED.);
#2447=B_SPLINE_CURVE_WITH_KNOTS('',3,(#5059,#5060,#5061,#5062),
 .UNSPECIFIED.,.F.,.F.,(4,4),(0.,0.00503448775877146),.UNSPECIFIED.);
#2448=B_SPLINE_CURVE_WITH_KNOTS('',3,(#5066,#5067,#5068,#5069),
 .UNSPECIFIED.,.F.,.F.,(4,4),(0.0283329974425698,0.0333674852013402),
 .UNSPECIFIED.);
#2449=B_SPLINE_CURVE_WITH_KNOTS('',3,(#5070,#5071,#5072,#5073),
 .UNSPECIFIED.,.F.,.F.,(4,4),(0.,0.0171173627588278),.UNSPECIFIED.);
#2450=B_SPLINE_CURVE_WITH_KNOTS('',3,(#5086,#5087,#5088,#5089),
 .UNSPECIFIED.,.F.,.F.,(4,4),(0.,0.0171175933677067),.UNSPECIFIED.);
#2451=B_SPLINE_CURVE_WITH_KNOTS('',3,(#5090,#5091,#5092,#5093),
 .UNSPECIFIED.,.F.,.F.,(4,4),(0.052190388111867,0.0693077443869145),
 .UNSPECIFIED.);
#2452=B_SPLINE_CURVE_WITH_KNOTS('',3,(#5094,#5095,#5096,#5097),
 .UNSPECIFIED.,.F.,.F.,(4,4),(0.,0.00503448775877151),.UNSPECIFIED.);
#2453=B_SPLINE_CURVE_WITH_KNOTS('',3,(#5101,#5102,#5103,#5104),
 .UNSPECIFIED.,.F.,.F.,(4,4),(0.0284271276553843,0.033461615414154),
 .UNSPECIFIED.);
#2454=B_SPLINE_CURVE_WITH_KNOTS('',3,(#5115,#5116,#5117,#5118),
 .UNSPECIFIED.,.F.,.F.,(4,4),(0.,0.00497794746069141),.UNSPECIFIED.);
#2455=B_SPLINE_CURVE_WITH_KNOTS('',3,(#5122,#5123,#5124,#5125),
 .UNSPECIFIED.,.F.,.F.,(4,4),(0.0280804152368868,0.033057888872667),
 .UNSPECIFIED.);
#2456=B_SPLINE_CURVE_WITH_KNOTS('',3,(#5126,#5127,#5128,#5129),
 .UNSPECIFIED.,.F.,.F.,(4,4),(0.,0.0171175933677067),.UNSPECIFIED.);
#2457=B_SPLINE_CURVE_WITH_KNOTS('',3,(#5130,#5131,#5132,#5133),
 .UNSPECIFIED.,.F.,.F.,(4,4),(0.0521904221490188,0.069307718562142),
 .UNSPECIFIED.);
#2458=B_SPLINE_CURVE_WITH_KNOTS('',3,(#5144,#5145,#5146,#5147),
 .UNSPECIFIED.,.F.,.F.,(4,4),(0.,0.00494833563004769),.UNSPECIFIED.);
#2459=B_SPLINE_CURVE_WITH_KNOTS('',3,(#5151,#5152,#5153,#5154),
 .UNSPECIFIED.,.F.,.F.,(4,4),(0.027997406850001,0.0329440686164198),
 .UNSPECIFIED.);
#2460=B_SPLINE_CURVE_WITH_KNOTS('',3,(#5155,#5156,#5157,#5158),
 .UNSPECIFIED.,.F.,.F.,(4,4),(0.,0.017117479756953),.UNSPECIFIED.);
#2461=B_SPLINE_CURVE_WITH_KNOTS('',3,(#5159,#5160,#5161,#5162),
 .UNSPECIFIED.,.F.,.F.,(4,4),(0.0521904528620128,0.0693077005716255),
 .UNSPECIFIED.);
#2462=B_SPLINE_CURVE_WITH_KNOTS('',3,(#5173,#5174,#5175,#5176),
 .UNSPECIFIED.,.F.,.F.,(4,4),(0.,0.00495952752756369),.UNSPECIFIED.);
#2463=B_SPLINE_CURVE_WITH_KNOTS('',3,(#5180,#5181,#5182,#5183),
 .UNSPECIFIED.,.F.,.F.,(4,4),(0.0279670652235037,0.0329235544951066),
 .UNSPECIFIED.);
#2464=B_SPLINE_CURVE_WITH_KNOTS('',3,(#5184,#5185,#5186,#5187),
 .UNSPECIFIED.,.F.,.F.,(4,4),(0.,0.0171173487117439),.UNSPECIFIED.);
#2465=B_SPLINE_CURVE_WITH_KNOTS('',3,(#5188,#5189,#5190,#5191),
 .UNSPECIFIED.,.F.,.F.,(4,4),(0.0521904584300494,0.069307706321103),
 .UNSPECIFIED.);
#2466=B_SPLINE_CURVE_WITH_KNOTS('',3,(#5199,#5200,#5201,#5202),
 .UNSPECIFIED.,.F.,.F.,(4,4),(0.,0.0050062787131065),.UNSPECIFIED.);
#2467=B_SPLINE_CURVE_WITH_KNOTS('',3,(#5206,#5207,#5208,#5209),
 .UNSPECIFIED.,.F.,.F.,(4,4),(0.0282150137865762,0.033217364584077),
 .UNSPECIFIED.);
#2468=B_SPLINE_CURVE_WITH_KNOTS('',3,(#5210,#5211,#5212,#5213),
 .UNSPECIFIED.,.F.,.F.,(4,4),(0.,0.0171172764864023),.UNSPECIFIED.);
#2469=B_SPLINE_CURVE_WITH_KNOTS('',3,(#5214,#5215,#5216,#5217),
 .UNSPECIFIED.,.F.,.F.,(4,4),(0.0521904551020091,0.069307714151734),
 .UNSPECIFIED.);
#2470=EDGE_LOOP('',(#612,#613,#614,#615,#616,#617,#618,#619,#620,#621,#622,
#623,#624,#625,#626,#627,#628,#629,#630,#631));
#2471=EDGE_LOOP('',(#632,#633,#634,#635,#636,#637,#638,#639,#640,#641));
#2472=EDGE_LOOP('',(#642,#643,#644,#645,#646,#647,#648,#649,#650,#651,#652,
#653,#654,#655,#656,#657,#658,#659,#660,#661,#662,#663,#664,#665,#666));
#2473=EDGE_LOOP('',(#667,#668,#669,#670,#671,#672,#673,#674,#675,#676));
#2474=EDGE_LOOP('',(#677,#678,#679,#680,#681,#682,#683,#684,#685,#686,#687,
#688,#689,#690,#691,#692,#693,#694,#695,#696,#697,#698,#699,#700,#701,#702,
#703,#704,#705,#706,#707,#708,#709,#710,#711,#712));
#2475=EDGE_LOOP('',(#713,#714,#715,#716,#717,#718,#719,#720,#721,#722,#723,
#724,#725,#726,#727,#728,#729,#730,#731,#732,#733,#734,#735,#736,#737,#738,
#739,#740,#741,#742,#743,#744,#745,#746,#747,#748));
#2476=EDGE_LOOP('',(#749,#750,#751,#752,#753,#754,#755,#756,#757,#758,#759,
#760,#761,#762,#763,#764,#765,#766,#767,#768));
#2477=EDGE_LOOP('',(#769,#770,#771,#772,#773,#774,#775,#776,#777,#778));
#2478=EDGE_LOOP('',(#779,#780,#781,#782,#783,#784,#785,#786,#787,#788,#789,
#790,#791,#792,#793,#794,#795,#796,#797,#798,#799,#800,#801,#802,#803));
#2479=EDGE_LOOP('',(#804,#805,#806,#807,#808,#809,#810,#811,#812,#813));
#2480=EDGE_LOOP('',(#814,#815,#816,#817,#818,#819,#820,#821));
#2481=EDGE_LOOP('',(#822,#823,#824,#825,#826,#827,#828,#829));
#2482=EDGE_LOOP('',(#830,#831,#832,#833));
#2483=EDGE_LOOP('',(#834,#835,#836,#837));
#2484=EDGE_LOOP('',(#838,#839,#840,#841,#842,#843,#844,#845));
#2485=EDGE_LOOP('',(#846,#847,#848,#849,#850,#851,#852,#853));
#2486=EDGE_LOOP('',(#854,#855,#856,#857,#858,#859,#860,#861));
#2487=EDGE_LOOP('',(#862,#863,#864,#865));
#2488=EDGE_LOOP('',(#866,#867,#868,#869));
#2489=EDGE_LOOP('',(#870,#871,#872,#873,#874,#875,#876,#877));
#2490=EDGE_LOOP('',(#878,#879,#880,#881,#882,#883,#884,#885));
#2491=EDGE_LOOP('',(#886,#887,#888,#889,#890,#891,#892,#893));
#2492=EDGE_LOOP('',(#894,#895,#896,#897));
#2493=EDGE_LOOP('',(#898,#899,#900,#901));
#2494=EDGE_LOOP('',(#902,#903,#904,#905,#906,#907,#908,#909));
#2495=EDGE_LOOP('',(#910,#911,#912,#913,#914,#915,#916,#917));
#2496=EDGE_LOOP('',(#918,#919,#920,#921,#922,#923,#924,#925));
#2497=EDGE_LOOP('',(#926,#927,#928,#929));
#2498=EDGE_LOOP('',(#930,#931,#932,#933));
#2499=EDGE_LOOP('',(#934,#935,#936,#937,#938,#939,#940,#941));
#2500=EDGE_LOOP('',(#942,#943,#944,#945,#946,#947,#948,#949));
#2501=EDGE_LOOP('',(#950,#951,#952,#953));
#2502=EDGE_LOOP('',(#954,#955,#956,#957));
#2503=EDGE_LOOP('',(#958,#959,#960,#961,#962,#963,#964,#965));
#2504=EDGE_LOOP('',(#966,#967,#968,#969));
#2505=EDGE_LOOP('',(#970,#971,#972,#973));
#2506=EDGE_LOOP('',(#974,#975,#976,#977,#978,#979,#980,#981));
#2507=EDGE_LOOP('',(#982,#983,#984,#985));
#2508=EDGE_LOOP('',(#986,#987,#988,#989));
#2509=EDGE_LOOP('',(#990,#991,#992,#993,#994,#995,#996,#997));
#2510=EDGE_LOOP('',(#998,#999,#1000,#1001));
#2511=EDGE_LOOP('',(#1002,#1003,#1004,#1005));
#2512=EDGE_LOOP('',(#1006,#1007,#1008,#1009,#1010,#1011,#1012,#1013));
#2513=EDGE_LOOP('',(#1014,#1015,#1016,#1017));
#2514=EDGE_LOOP('',(#1018,#1019,#1020,#1021,#1022,#1023,#1024,#1025));
#2515=EDGE_LOOP('',(#1026,#1027,#1028,#1029));
#2516=EDGE_LOOP('',(#1030,#1031,#1032,#1033,#1034));
#2517=EDGE_LOOP('',(#1035,#1036,#1037,#1038));
#2518=EDGE_LOOP('',(#1039,#1040,#1041,#1042,#1043));
#2519=EDGE_LOOP('',(#1044,#1045,#1046,#1047,#1048));
#2520=EDGE_LOOP('',(#1049,#1050,#1051,#1052,#1053));
#2521=EDGE_LOOP('',(#1054,#1055,#1056,#1057));
#2522=EDGE_LOOP('',(#1058,#1059,#1060,#1061,#1062));
#2523=EDGE_LOOP('',(#1063,#1064,#1065,#1066));
#2524=EDGE_LOOP('',(#1067,#1068,#1069,#1070,#1071));
#2525=EDGE_LOOP('',(#1072,#1073,#1074,#1075,#1076));
#2526=EDGE_LOOP('',(#1077,#1078,#1079,#1080,#1081));
#2527=EDGE_LOOP('',(#1082,#1083,#1084,#1085));
#2528=EDGE_LOOP('',(#1086,#1087,#1088,#1089,#1090));
#2529=EDGE_LOOP('',(#1091,#1092,#1093,#1094));
#2530=EDGE_LOOP('',(#1095,#1096,#1097,#1098,#1099));
#2531=EDGE_LOOP('',(#1100,#1101,#1102,#1103,#1104));
#2532=EDGE_LOOP('',(#1105,#1106,#1107,#1108,#1109));
#2533=EDGE_LOOP('',(#1110,#1111,#1112,#1113));
#2534=EDGE_LOOP('',(#1114,#1115,#1116,#1117,#1118));
#2535=EDGE_LOOP('',(#1119,#1120,#1121,#1122));
#2536=EDGE_LOOP('',(#1123,#1124,#1125,#1126,#1127));
#2537=EDGE_LOOP('',(#1128,#1129,#1130,#1131,#1132));
#2538=EDGE_LOOP('',(#1133,#1134,#1135,#1136,#1137));
#2539=EDGE_LOOP('',(#1138,#1139,#1140,#1141));
#2540=EDGE_LOOP('',(#1142,#1143,#1144,#1145,#1146));
#2541=EDGE_LOOP('',(#1147,#1148,#1149,#1150));
#2542=EDGE_LOOP('',(#1151,#1152,#1153,#1154,#1155));
#2543=EDGE_LOOP('',(#1156,#1157,#1158,#1159,#1160));
#2544=EDGE_LOOP('',(#1161,#1162,#1163,#1164,#1165));
#2545=EDGE_LOOP('',(#1166,#1167,#1168,#1169));
#2546=EDGE_LOOP('',(#1170,#1171,#1172,#1173,#1174));
#2547=EDGE_LOOP('',(#1175,#1176,#1177,#1178));
#2548=EDGE_LOOP('',(#1179,#1180,#1181,#1182,#1183));
#2549=EDGE_LOOP('',(#1184,#1185,#1186,#1187,#1188));
#2550=EDGE_LOOP('',(#1189,#1190,#1191,#1192,#1193));
#2551=EDGE_LOOP('',(#1194,#1195,#1196,#1197));
#2552=EDGE_LOOP('',(#1198,#1199,#1200,#1201,#1202));
#2553=EDGE_LOOP('',(#1203,#1204,#1205,#1206));
#2554=EDGE_LOOP('',(#1207,#1208,#1209,#1210,#1211));
#2555=EDGE_LOOP('',(#1212,#1213,#1214,#1215,#1216));
#2556=EDGE_LOOP('',(#1217,#1218,#1219,#1220,#1221));
#2557=EDGE_LOOP('',(#1222,#1223,#1224,#1225));
#2558=EDGE_LOOP('',(#1226,#1227,#1228,#1229,#1230));
#2559=EDGE_LOOP('',(#1231,#1232,#1233,#1234));
#2560=EDGE_LOOP('',(#1235,#1236,#1237,#1238,#1239));
#2561=EDGE_LOOP('',(#1240,#1241,#1242,#1243,#1244));
#2562=EDGE_LOOP('',(#1245,#1246,#1247,#1248,#1249));
#2563=EDGE_LOOP('',(#1250,#1251,#1252,#1253));
#2564=EDGE_LOOP('',(#1254,#1255,#1256,#1257,#1258));
#2565=EDGE_LOOP('',(#1259,#1260,#1261,#1262));
#2566=EDGE_LOOP('',(#1263,#1264,#1265,#1266,#1267));
#2567=EDGE_LOOP('',(#1268,#1269,#1270,#1271,#1272));
#2568=EDGE_LOOP('',(#1273,#1274,#1275,#1276,#1277));
#2569=EDGE_LOOP('',(#1278,#1279,#1280,#1281));
#2570=EDGE_LOOP('',(#1282,#1283,#1284,#1285));
#2571=EDGE_LOOP('',(#1286,#1287,#1288,#1289));
#2572=EDGE_LOOP('',(#1290,#1291,#1292,#1293));
#2573=EDGE_LOOP('',(#1294,#1295,#1296,#1297));
#2574=EDGE_LOOP('',(#1298,#1299,#1300,#1301));
#2575=EDGE_LOOP('',(#1302,#1303,#1304,#1305));
#2576=EDGE_LOOP('',(#1306,#1307,#1308,#1309));
#2577=EDGE_LOOP('',(#1310,#1311,#1312,#1313));
#2578=EDGE_LOOP('',(#1314,#1315,#1316,#1317));
#2579=EDGE_LOOP('',(#1318,#1319,#1320,#1321));
#2580=EDGE_LOOP('',(#1322,#1323,#1324,#1325));
#2581=EDGE_LOOP('',(#1326,#1327,#1328,#1329));
#2582=EDGE_LOOP('',(#1330,#1331,#1332,#1333));
#2583=EDGE_LOOP('',(#1334,#1335,#1336,#1337));
#2584=EDGE_LOOP('',(#1338,#1339,#1340,#1341));
#2585=EDGE_LOOP('',(#1342,#1343,#1344,#1345));
#2586=EDGE_LOOP('',(#1346,#1347,#1348,#1349));
#2587=EDGE_LOOP('',(#1350,#1351,#1352,#1353));
#2588=EDGE_LOOP('',(#1354,#1355,#1356,#1357));
#2589=EDGE_LOOP('',(#1358,#1359,#1360,#1361));
#2590=EDGE_LOOP('',(#1362,#1363,#1364,#1365));
#2591=EDGE_LOOP('',(#1366,#1367,#1368,#1369));
#2592=EDGE_LOOP('',(#1370,#1371,#1372,#1373));
#2593=EDGE_LOOP('',(#1374,#1375,#1376,#1377));
#2594=EDGE_LOOP('',(#1378,#1379,#1380,#1381));
#2595=EDGE_LOOP('',(#1382,#1383,#1384,#1385));
#2596=EDGE_LOOP('',(#1386,#1387,#1388,#1389));
#2597=EDGE_LOOP('',(#1390,#1391,#1392,#1393));
#2598=EDGE_LOOP('',(#1394,#1395,#1396,#1397));
#2599=EDGE_LOOP('',(#1398,#1399,#1400,#1401));
#2600=EDGE_LOOP('',(#1402,#1403,#1404,#1405));
#2601=EDGE_LOOP('',(#1406,#1407,#1408,#1409));
#2602=EDGE_LOOP('',(#1410,#1411,#1412,#1413));
#2603=EDGE_LOOP('',(#1414,#1415,#1416,#1417));
#2604=EDGE_LOOP('',(#1418,#1419,#1420,#1421));
#2605=EDGE_LOOP('',(#1422,#1423,#1424,#1425));
#2606=EDGE_LOOP('',(#1426,#1427,#1428,#1429));
#2607=EDGE_LOOP('',(#1430,#1431,#1432,#1433));
#2608=EDGE_LOOP('',(#1434,#1435,#1436,#1437));
#2609=EDGE_LOOP('',(#1438,#1439,#1440,#1441));
#2610=EDGE_LOOP('',(#1442,#1443,#1444,#1445));
#2611=EDGE_LOOP('',(#1446,#1447,#1448,#1449));
#2612=EDGE_LOOP('',(#1450,#1451,#1452,#1453));
#2613=EDGE_LOOP('',(#1454,#1455,#1456,#1457));
#2614=EDGE_LOOP('',(#1458,#1459,#1460,#1461));
#2615=EDGE_LOOP('',(#1462,#1463,#1464,#1465));
#2616=EDGE_LOOP('',(#1466,#1467,#1468,#1469));
#2617=EDGE_LOOP('',(#1470,#1471,#1472,#1473));
#2618=EDGE_LOOP('',(#1474,#1475,#1476,#1477));
#2619=EDGE_LOOP('',(#1478,#1479,#1480,#1481));
#2620=EDGE_LOOP('',(#1482,#1483,#1484,#1485));
#2621=EDGE_LOOP('',(#1486,#1487,#1488,#1489));
#2622=EDGE_LOOP('',(#1490,#1491,#1492,#1493));
#2623=EDGE_LOOP('',(#1494,#1495,#1496,#1497));
#2624=EDGE_LOOP('',(#1498,#1499,#1500,#1501));
#2625=EDGE_LOOP('',(#1502,#1503,#1504,#1505));
#2626=EDGE_LOOP('',(#1506,#1507,#1508,#1509));
#2627=EDGE_LOOP('',(#1510,#1511,#1512,#1513));
#2628=EDGE_LOOP('',(#1514,#1515,#1516,#1517));
#2629=EDGE_LOOP('',(#1518,#1519,#1520,#1521));
#2630=EDGE_LOOP('',(#1522,#1523,#1524,#1525));
#2631=EDGE_LOOP('',(#1526,#1527,#1528,#1529));
#2632=EDGE_LOOP('',(#1530,#1531,#1532,#1533));
#2633=EDGE_LOOP('',(#1534,#1535,#1536,#1537));
#2634=EDGE_LOOP('',(#1538,#1539,#1540,#1541));
#2635=FACE_BOUND('',#2470,.T.);
#2636=FACE_BOUND('',#2471,.T.);
#2637=FACE_BOUND('',#2472,.T.);
#2638=FACE_BOUND('',#2473,.T.);
#2639=FACE_BOUND('',#2474,.T.);
#2640=FACE_BOUND('',#2475,.T.);
#2641=FACE_BOUND('',#2476,.T.);
#2642=FACE_BOUND('',#2477,.T.);
#2643=FACE_BOUND('',#2478,.T.);
#2644=FACE_BOUND('',#2479,.T.);
#2645=FACE_BOUND('',#2480,.T.);
#2646=FACE_BOUND('',#2481,.T.);
#2647=FACE_BOUND('',#2482,.T.);
#2648=FACE_BOUND('',#2483,.T.);
#2649=FACE_BOUND('',#2484,.T.);
#2650=FACE_BOUND('',#2485,.T.);
#2651=FACE_BOUND('',#2486,.T.);
#2652=FACE_BOUND('',#2487,.T.);
#2653=FACE_BOUND('',#2488,.T.);
#2654=FACE_BOUND('',#2489,.T.);
#2655=FACE_BOUND('',#2490,.T.);
#2656=FACE_BOUND('',#2491,.T.);
#2657=FACE_BOUND('',#2492,.T.);
#2658=FACE_BOUND('',#2493,.T.);
#2659=FACE_BOUND('',#2494,.T.);
#2660=FACE_BOUND('',#2495,.T.);
#2661=FACE_BOUND('',#2496,.T.);
#2662=FACE_BOUND('',#2497,.T.);
#2663=FACE_BOUND('',#2498,.T.);
#2664=FACE_BOUND('',#2499,.T.);
#2665=FACE_BOUND('',#2500,.T.);
#2666=FACE_BOUND('',#2501,.T.);
#2667=FACE_BOUND('',#2502,.T.);
#2668=FACE_BOUND('',#2503,.T.);
#2669=FACE_BOUND('',#2504,.T.);
#2670=FACE_BOUND('',#2505,.T.);
#2671=FACE_BOUND('',#2506,.T.);
#2672=FACE_BOUND('',#2507,.T.);
#2673=FACE_BOUND('',#2508,.T.);
#2674=FACE_BOUND('',#2509,.T.);
#2675=FACE_BOUND('',#2510,.T.);
#2676=FACE_BOUND('',#2511,.T.);
#2677=FACE_BOUND('',#2512,.T.);
#2678=FACE_BOUND('',#2513,.T.);
#2679=FACE_BOUND('',#2514,.T.);
#2680=FACE_BOUND('',#2515,.T.);
#2681=FACE_BOUND('',#2516,.T.);
#2682=FACE_BOUND('',#2517,.T.);
#2683=FACE_BOUND('',#2518,.T.);
#2684=FACE_BOUND('',#2519,.T.);
#2685=FACE_BOUND('',#2520,.T.);
#2686=FACE_BOUND('',#2521,.T.);
#2687=FACE_BOUND('',#2522,.T.);
#2688=FACE_BOUND('',#2523,.T.);
#2689=FACE_BOUND('',#2524,.T.);
#2690=FACE_BOUND('',#2525,.T.);
#2691=FACE_BOUND('',#2526,.T.);
#2692=FACE_BOUND('',#2527,.T.);
#2693=FACE_BOUND('',#2528,.T.);
#2694=FACE_BOUND('',#2529,.T.);
#2695=FACE_BOUND('',#2530,.T.);
#2696=FACE_BOUND('',#2531,.T.);
#2697=FACE_BOUND('',#2532,.T.);
#2698=FACE_BOUND('',#2533,.T.);
#2699=FACE_BOUND('',#2534,.T.);
#2700=FACE_BOUND('',#2535,.T.);
#2701=FACE_BOUND('',#2536,.T.);
#2702=FACE_BOUND('',#2537,.T.);
#2703=FACE_BOUND('',#2538,.T.);
#2704=FACE_BOUND('',#2539,.T.);
#2705=FACE_BOUND('',#2540,.T.);
#2706=FACE_BOUND('',#2541,.T.);
#2707=FACE_BOUND('',#2542,.T.);
#2708=FACE_BOUND('',#2543,.T.);
#2709=FACE_BOUND('',#2544,.T.);
#2710=FACE_BOUND('',#2545,.T.);
#2711=FACE_BOUND('',#2546,.T.);
#2712=FACE_BOUND('',#2547,.T.);
#2713=FACE_BOUND('',#2548,.T.);
#2714=FACE_BOUND('',#2549,.T.);
#2715=FACE_BOUND('',#2550,.T.);
#2716=FACE_BOUND('',#2551,.T.);
#2717=FACE_BOUND('',#2552,.T.);
#2718=FACE_BOUND('',#2553,.T.);
#2719=FACE_BOUND('',#2554,.T.);
#2720=FACE_BOUND('',#2555,.T.);
#2721=FACE_BOUND('',#2556,.T.);
#2722=FACE_BOUND('',#2557,.T.);
#2723=FACE_BOUND('',#2558,.T.);
#2724=FACE_BOUND('',#2559,.T.);
#2725=FACE_BOUND('',#2560,.T.);
#2726=FACE_BOUND('',#2561,.T.);
#2727=FACE_BOUND('',#2562,.T.);
#2728=FACE_BOUND('',#2563,.T.);
#2729=FACE_BOUND('',#2564,.T.);
#2730=FACE_BOUND('',#2565,.T.);
#2731=FACE_BOUND('',#2566,.T.);
#2732=FACE_BOUND('',#2567,.T.);
#2733=FACE_BOUND('',#2568,.T.);
#2734=FACE_BOUND('',#2569,.T.);
#2735=FACE_BOUND('',#2570,.T.);
#2736=FACE_BOUND('',#2571,.T.);
#2737=FACE_BOUND('',#2572,.T.);
#2738=FACE_BOUND('',#2573,.T.);
#2739=FACE_BOUND('',#2574,.T.);
#2740=FACE_BOUND('',#2575,.T.);
#2741=FACE_BOUND('',#2576,.T.);
#2742=FACE_BOUND('',#2577,.T.);
#2743=FACE_BOUND('',#2578,.T.);
#2744=FACE_BOUND('',#2579,.T.);
#2745=FACE_BOUND('',#2580,.T.);
#2746=FACE_BOUND('',#2581,.T.);
#2747=FACE_BOUND('',#2582,.T.);
#2748=FACE_BOUND('',#2583,.T.);
#2749=FACE_BOUND('',#2584,.T.);
#2750=FACE_BOUND('',#2585,.T.);
#2751=FACE_BOUND('',#2586,.T.);
#2752=FACE_BOUND('',#2587,.T.);
#2753=FACE_BOUND('',#2588,.T.);
#2754=FACE_BOUND('',#2589,.T.);
#2755=FACE_BOUND('',#2590,.T.);
#2756=FACE_BOUND('',#2591,.T.);
#2757=FACE_BOUND('',#2592,.T.);
#2758=FACE_BOUND('',#2593,.T.);
#2759=FACE_BOUND('',#2594,.T.);
#2760=FACE_BOUND('',#2595,.T.);
#2761=FACE_BOUND('',#2596,.T.);
#2762=FACE_BOUND('',#2597,.T.);
#2763=FACE_BOUND('',#2598,.T.);
#2764=FACE_BOUND('',#2599,.T.);
#2765=FACE_BOUND('',#2600,.T.);
#2766=FACE_BOUND('',#2601,.T.);
#2767=FACE_BOUND('',#2602,.T.);
#2768=FACE_BOUND('',#2603,.T.);
#2769=FACE_BOUND('',#2604,.T.);
#2770=FACE_BOUND('',#2605,.T.);
#2771=FACE_BOUND('',#2606,.T.);
#2772=FACE_BOUND('',#2607,.T.);
#2773=FACE_BOUND('',#2608,.T.);
#2774=FACE_BOUND('',#2609,.T.);
#2775=FACE_BOUND('',#2610,.T.);
#2776=FACE_BOUND('',#2611,.T.);
#2777=FACE_BOUND('',#2612,.T.);
#2778=FACE_BOUND('',#2613,.T.);
#2779=FACE_BOUND('',#2614,.T.);
#2780=FACE_BOUND('',#2615,.T.);
#2781=FACE_BOUND('',#2616,.T.);
#2782=FACE_BOUND('',#2617,.T.);
#2783=FACE_BOUND('',#2618,.T.);
#2784=FACE_BOUND('',#2619,.T.);
#2785=FACE_BOUND('',#2620,.T.);
#2786=FACE_BOUND('',#2621,.T.);
#2787=FACE_BOUND('',#2622,.T.);
#2788=FACE_BOUND('',#2623,.T.);
#2789=FACE_BOUND('',#2624,.T.);
#2790=FACE_BOUND('',#2625,.T.);
#2791=FACE_BOUND('',#2626,.T.);
#2792=FACE_BOUND('',#2627,.T.);
#2793=FACE_BOUND('',#2628,.T.);
#2794=FACE_BOUND('',#2629,.T.);
#2795=FACE_BOUND('',#2630,.T.);
#2796=FACE_BOUND('',#2631,.T.);
#2797=FACE_BOUND('',#2632,.T.);
#2798=FACE_BOUND('',#2633,.T.);
#2799=FACE_BOUND('',#2634,.T.);
#2800=CYLINDRICAL_SURFACE('',#2991,0.0302514);
#2801=CYLINDRICAL_SURFACE('',#3242,2.40993932319495E-5);
#2802=CYLINDRICAL_SURFACE('',#3244,2.40993932387555E-5);
#2803=CYLINDRICAL_SURFACE('',#3247,2.40993932321328E-5);
#2804=CYLINDRICAL_SURFACE('',#3249,2.40993932322002E-5);
#2805=CYLINDRICAL_SURFACE('',#3252,2.40993932387815E-5);
#2806=CYLINDRICAL_SURFACE('',#3254,2.40993932387144E-5);
#2807=CYLINDRICAL_SURFACE('',#3259,4.13250409718712E-5);
#2808=CYLINDRICAL_SURFACE('',#3261,7.85859697444612E-5);
#2809=CYLINDRICAL_SURFACE('',#3263,2.40993932387034E-5);
#2810=CYLINDRICAL_SURFACE('',#3266,0.000169877405263094);
#2811=CYLINDRICAL_SURFACE('',#3268,0.000169034717555197);
#2812=CYLINDRICAL_SURFACE('',#3269,0.000169726551375219);
#2813=CYLINDRICAL_SURFACE('',#3271,0.000170573807136556);
#2814=CYLINDRICAL_SURFACE('',#3272,2.4099393231991E-5);
#2815=CYLINDRICAL_SURFACE('',#3274,2.40993932321548E-5);
#2816=CYLINDRICAL_SURFACE('',#3277,2.40993932319901E-5);
#2817=CYLINDRICAL_SURFACE('',#3279,2.40993932387425E-5);
#2818=CYLINDRICAL_SURFACE('',#3282,2.4099393232135E-5);
#2819=CYLINDRICAL_SURFACE('',#3284,2.40993932320546E-5);
#2820=CYLINDRICAL_SURFACE('',#3287,2.40993932328173E-5);
#2821=CYLINDRICAL_SURFACE('',#3289,2.40993932321585E-5);
#2822=ADVANCED_FACE('',(#2635,#2636,#2637,#2638,#2639,#2640),#2800,.F.);
#2823=ADVANCED_FACE('',(#2641,#2642,#2643,#2644,#2645),#128,.T.);
#2824=ADVANCED_FACE('',(#2646),#129,.T.);
#2825=ADVANCED_FACE('',(#2647),#25,.T.);
#2826=ADVANCED_FACE('',(#2648),#26,.T.);
#2827=ADVANCED_FACE('',(#2649),#130,.T.);
#2828=ADVANCED_FACE('',(#2650),#131,.T.);
#2829=ADVANCED_FACE('',(#2651),#132,.T.);
#2830=ADVANCED_FACE('',(#2652),#27,.T.);
#2831=ADVANCED_FACE('',(#2653),#28,.T.);
#2832=ADVANCED_FACE('',(#2654),#133,.T.);
#2833=ADVANCED_FACE('',(#2655),#134,.T.);
#2834=ADVANCED_FACE('',(#2656),#135,.T.);
#2835=ADVANCED_FACE('',(#2657),#29,.T.);
#2836=ADVANCED_FACE('',(#2658),#30,.T.);
#2837=ADVANCED_FACE('',(#2659),#136,.T.);
#2838=ADVANCED_FACE('',(#2660),#137,.T.);
#2839=ADVANCED_FACE('',(#2661),#138,.T.);
#2840=ADVANCED_FACE('',(#2662),#31,.T.);
#2841=ADVANCED_FACE('',(#2663),#32,.T.);
#2842=ADVANCED_FACE('',(#2664),#139,.T.);
#2843=ADVANCED_FACE('',(#2665),#140,.T.);
#2844=ADVANCED_FACE('',(#2666),#33,.T.);
#2845=ADVANCED_FACE('',(#2667),#34,.T.);
#2846=ADVANCED_FACE('',(#2668),#141,.T.);
#2847=ADVANCED_FACE('',(#2669),#35,.T.);
#2848=ADVANCED_FACE('',(#2670),#36,.T.);
#2849=ADVANCED_FACE('',(#2671),#142,.T.);
#2850=ADVANCED_FACE('',(#2672),#37,.T.);
#2851=ADVANCED_FACE('',(#2673),#38,.T.);
#2852=ADVANCED_FACE('',(#2674),#143,.T.);
#2853=ADVANCED_FACE('',(#2675),#39,.T.);
#2854=ADVANCED_FACE('',(#2676),#40,.T.);
#2855=ADVANCED_FACE('',(#2677),#144,.T.);
#2856=ADVANCED_FACE('',(#2678),#41,.T.);
#2857=ADVANCED_FACE('',(#2679),#145,.T.);
#2858=ADVANCED_FACE('',(#2680),#42,.T.);
#2859=ADVANCED_FACE('',(#2681),#43,.T.);
#2860=ADVANCED_FACE('',(#2682),#44,.T.);
#2861=ADVANCED_FACE('',(#2683),#45,.F.);
#2862=ADVANCED_FACE('',(#2684),#46,.F.);
#2863=ADVANCED_FACE('',(#2685),#47,.T.);
#2864=ADVANCED_FACE('',(#2686),#48,.T.);
#2865=ADVANCED_FACE('',(#2687),#49,.T.);
#2866=ADVANCED_FACE('',(#2688),#50,.T.);
#2867=ADVANCED_FACE('',(#2689),#51,.F.);
#2868=ADVANCED_FACE('',(#2690),#52,.F.);
#2869=ADVANCED_FACE('',(#2691),#53,.T.);
#2870=ADVANCED_FACE('',(#2692),#54,.T.);
#2871=ADVANCED_FACE('',(#2693),#55,.T.);
#2872=ADVANCED_FACE('',(#2694),#56,.T.);
#2873=ADVANCED_FACE('',(#2695),#57,.F.);
#2874=ADVANCED_FACE('',(#2696),#58,.F.);
#2875=ADVANCED_FACE('',(#2697),#59,.T.);
#2876=ADVANCED_FACE('',(#2698),#60,.T.);
#2877=ADVANCED_FACE('',(#2699),#61,.T.);
#2878=ADVANCED_FACE('',(#2700),#62,.T.);
#2879=ADVANCED_FACE('',(#2701),#63,.F.);
#2880=ADVANCED_FACE('',(#2702),#64,.F.);
#2881=ADVANCED_FACE('',(#2703),#65,.T.);
#2882=ADVANCED_FACE('',(#2704),#66,.T.);
#2883=ADVANCED_FACE('',(#2705),#67,.T.);
#2884=ADVANCED_FACE('',(#2706),#68,.T.);
#2885=ADVANCED_FACE('',(#2707),#69,.F.);
#2886=ADVANCED_FACE('',(#2708),#70,.F.);
#2887=ADVANCED_FACE('',(#2709),#71,.T.);
#2888=ADVANCED_FACE('',(#2710),#72,.T.);
#2889=ADVANCED_FACE('',(#2711),#73,.T.);
#2890=ADVANCED_FACE('',(#2712),#74,.T.);
#2891=ADVANCED_FACE('',(#2713),#75,.F.);
#2892=ADVANCED_FACE('',(#2714),#76,.F.);
#2893=ADVANCED_FACE('',(#2715),#77,.T.);
#2894=ADVANCED_FACE('',(#2716),#78,.T.);
#2895=ADVANCED_FACE('',(#2717),#79,.T.);
#2896=ADVANCED_FACE('',(#2718),#80,.T.);
#2897=ADVANCED_FACE('',(#2719),#81,.F.);
#2898=ADVANCED_FACE('',(#2720),#82,.F.);
#2899=ADVANCED_FACE('',(#2721),#83,.T.);
#2900=ADVANCED_FACE('',(#2722),#84,.T.);
#2901=ADVANCED_FACE('',(#2723),#85,.T.);
#2902=ADVANCED_FACE('',(#2724),#86,.T.);
#2903=ADVANCED_FACE('',(#2725),#87,.F.);
#2904=ADVANCED_FACE('',(#2726),#88,.F.);
#2905=ADVANCED_FACE('',(#2727),#89,.T.);
#2906=ADVANCED_FACE('',(#2728),#90,.T.);
#2907=ADVANCED_FACE('',(#2729),#91,.T.);
#2908=ADVANCED_FACE('',(#2730),#92,.T.);
#2909=ADVANCED_FACE('',(#2731),#93,.F.);
#2910=ADVANCED_FACE('',(#2732),#94,.F.);
#2911=ADVANCED_FACE('',(#2733),#95,.T.);
#2912=ADVANCED_FACE('',(#2734),#96,.T.);
#2913=ADVANCED_FACE('',(#2735),#12,.F.);
#2914=ADVANCED_FACE('',(#2736),#13,.F.);
#2915=ADVANCED_FACE('',(#2737),#14,.F.);
#2916=ADVANCED_FACE('',(#2738),#97,.F.);
#2917=ADVANCED_FACE('',(#2739),#15,.F.);
#2918=ADVANCED_FACE('',(#2740),#16,.F.);
#2919=ADVANCED_FACE('',(#2741),#17,.F.);
#2920=ADVANCED_FACE('',(#2742),#18,.F.);
#2921=ADVANCED_FACE('',(#2743),#98,.F.);
#2922=ADVANCED_FACE('',(#2744),#19,.F.);
#2923=ADVANCED_FACE('',(#2745),#2801,.F.);
#2924=ADVANCED_FACE('',(#2746),#99,.F.);
#2925=ADVANCED_FACE('',(#2747),#2802,.F.);
#2926=ADVANCED_FACE('',(#2748),#100,.F.);
#2927=ADVANCED_FACE('',(#2749),#101,.F.);
#2928=ADVANCED_FACE('',(#2750),#2803,.F.);
#2929=ADVANCED_FACE('',(#2751),#102,.F.);
#2930=ADVANCED_FACE('',(#2752),#2804,.F.);
#2931=ADVANCED_FACE('',(#2753),#103,.F.);
#2932=ADVANCED_FACE('',(#2754),#104,.F.);
#2933=ADVANCED_FACE('',(#2755),#2805,.F.);
#2934=ADVANCED_FACE('',(#2756),#105,.F.);
#2935=ADVANCED_FACE('',(#2757),#2806,.F.);
#2936=ADVANCED_FACE('',(#2758),#106,.F.);
#2937=ADVANCED_FACE('',(#2759),#107,.F.);
#2938=ADVANCED_FACE('',(#2760),#108,.F.);
#2939=ADVANCED_FACE('',(#2761),#20,.F.);
#2940=ADVANCED_FACE('',(#2762),#109,.F.);
#2941=ADVANCED_FACE('',(#2763),#2807,.F.);
#2942=ADVANCED_FACE('',(#2764),#110,.F.);
#2943=ADVANCED_FACE('',(#2765),#2808,.F.);
#2944=ADVANCED_FACE('',(#2766),#111,.F.);
#2945=ADVANCED_FACE('',(#2767),#2809,.F.);
#2946=ADVANCED_FACE('',(#2768),#112,.F.);
#2947=ADVANCED_FACE('',(#2769),#113,.F.);
#2948=ADVANCED_FACE('',(#2770),#21,.F.);
#2949=ADVANCED_FACE('',(#2771),#22,.F.);
#2950=ADVANCED_FACE('',(#2772),#2810,.F.);
#2951=ADVANCED_FACE('',(#2773),#114,.F.);
#2952=ADVANCED_FACE('',(#2774),#2811,.F.);
#2953=ADVANCED_FACE('',(#2775),#23,.F.);
#2954=ADVANCED_FACE('',(#2776),#24,.F.);
#2955=ADVANCED_FACE('',(#2777),#2812,.F.);
#2956=ADVANCED_FACE('',(#2778),#115,.F.);
#2957=ADVANCED_FACE('',(#2779),#2813,.F.);
#2958=ADVANCED_FACE('',(#2780),#2814,.F.);
#2959=ADVANCED_FACE('',(#2781),#116,.F.);
#2960=ADVANCED_FACE('',(#2782),#2815,.F.);
#2961=ADVANCED_FACE('',(#2783),#117,.F.);
#2962=ADVANCED_FACE('',(#2784),#118,.F.);
#2963=ADVANCED_FACE('',(#2785),#2816,.F.);
#2964=ADVANCED_FACE('',(#2786),#119,.F.);
#2965=ADVANCED_FACE('',(#2787),#2817,.F.);
#2966=ADVANCED_FACE('',(#2788),#120,.F.);
#2967=ADVANCED_FACE('',(#2789),#121,.F.);
#2968=ADVANCED_FACE('',(#2790),#2818,.F.);
#2969=ADVANCED_FACE('',(#2791),#122,.F.);
#2970=ADVANCED_FACE('',(#2792),#2819,.F.);
#2971=ADVANCED_FACE('',(#2793),#123,.F.);
#2972=ADVANCED_FACE('',(#2794),#124,.F.);
#2973=ADVANCED_FACE('',(#2795),#2820,.F.);
#2974=ADVANCED_FACE('',(#2796),#125,.F.);
#2975=ADVANCED_FACE('',(#2797),#2821,.F.);
#2976=ADVANCED_FACE('',(#2798),#126,.F.);
#2977=ADVANCED_FACE('',(#2799),#127,.F.);
#2978=CLOSED_SHELL('',(#2822,#2823,#2824,#2825,#2826,#2827,#2828,#2829,
#2830,#2831,#2832,#2833,#2834,#2835,#2836,#2837,#2838,#2839,#2840,#2841,
#2842,#2843,#2844,#2845,#2846,#2847,#2848,#2849,#2850,#2851,#2852,#2853,
#2854,#2855,#2856,#2857,#2858,#2859,#2860,#2861,#2862,#2863,#2864,#2865,
#2866,#2867,#2868,#2869,#2870,#2871,#2872,#2873,#2874,#2875,#2876,#2877,
#2878,#2879,#2880,#2881,#2882,#2883,#2884,#2885,#2886,#2887,#2888,#2889,
#2890,#2891,#2892,#2893,#2894,#2895,#2896,#2897,#2898,#2899,#2900,#2901,
#2902,#2903,#2904,#2905,#2906,#2907,#2908,#2909,#2910,#2911,#2912,#2913,
#2914,#2915,#2916,#2917,#2918,#2919,#2920,#2921,#2922,#2923,#2924,#2925,
#2926,#2927,#2928,#2929,#2930,#2931,#2932,#2933,#2934,#2935,#2936,#2937,
#2938,#2939,#2940,#2941,#2942,#2943,#2944,#2945,#2946,#2947,#2948,#2949,
#2950,#2951,#2952,#2953,#2954,#2955,#2956,#2957,#2958,#2959,#2960,#2961,
#2962,#2963,#2964,#2965,#2966,#2967,#2968,#2969,#2970,#2971,#2972,#2973,
#2974,#2975,#2976,#2977));
#2979=STYLED_ITEM('',(#2980),#2987);
#2980=PRESENTATION_STYLE_ASSIGNMENT((#2981));
#2981=SURFACE_STYLE_USAGE(.BOTH.,#2982);
#2982=SURFACE_SIDE_STYLE('',(#2983));
#2983=SURFACE_STYLE_FILL_AREA(#2984);
#2984=FILL_AREA_STYLE('',(#2985));
#2985=FILL_AREA_STYLE_COLOUR('',#2986);
#2986=COLOUR_RGB('',0.972549019607843,0.529411764705882,0.00392156862745098);
#2987=MANIFOLD_SOLID_BREP('Part 11',#2978);
#2988=SHAPE_DEFINITION_REPRESENTATION(#5538,#2989);
#2989=SHAPE_REPRESENTATION('Part 11',(#2990),#5533);
#2990=AXIS2_PLACEMENT_3D('',#4050,#3292,#3293);
#2991=AXIS2_PLACEMENT_3D('',#4051,#3294,#3295);
#2992=AXIS2_PLACEMENT_3D('',#4065,#3297,#3298);
#2993=AXIS2_PLACEMENT_3D('',#4074,#3300,#3301);
#2994=AXIS2_PLACEMENT_3D('',#4083,#3303,#3304);
#2995=AXIS2_PLACEMENT_3D('',#4097,#3306,#3307);
#2996=AXIS2_PLACEMENT_3D('',#4106,#3309,#3310);
#2997=AXIS2_PLACEMENT_3D('',#4115,#3312,#3313);
#2998=AXIS2_PLACEMENT_3D('',#4132,#3314,#3315);
#2999=AXIS2_PLACEMENT_3D('',#4154,#3316,#3317);
#3000=AXIS2_PLACEMENT_3D('',#4173,#3319,#3320);
#3001=AXIS2_PLACEMENT_3D('',#4182,#3322,#3323);
#3002=AXIS2_PLACEMENT_3D('',#4191,#3325,#3326);
#3003=AXIS2_PLACEMENT_3D('',#4205,#3328,#3329);
#3004=AXIS2_PLACEMENT_3D('',#4209,#3331,#3332);
#3005=AXIS2_PLACEMENT_3D('',#4223,#3334,#3335);
#3006=AXIS2_PLACEMENT_3D('',#4230,#3336,#3337);
#3007=AXIS2_PLACEMENT_3D('',#4239,#3339,#3340);
#3008=AXIS2_PLACEMENT_3D('',#4256,#3341,#3342);
#3009=AXIS2_PLACEMENT_3D('',#4278,#3343,#3344);
#3010=AXIS2_PLACEMENT_3D('',#4284,#3345,#3346);
#3011=AXIS2_PLACEMENT_3D('',#4287,#3347,#3348);
#3012=AXIS2_PLACEMENT_3D('',#4289,#3349,#3350);
#3013=AXIS2_PLACEMENT_3D('',#4291,#3351,#3352);
#3014=AXIS2_PLACEMENT_3D('',#4293,#3353,#3354);
#3015=AXIS2_PLACEMENT_3D('',#4295,#3355,#3356);
#3016=AXIS2_PLACEMENT_3D('',#4297,#3357,#3358);
#3017=AXIS2_PLACEMENT_3D('',#4299,#3359,#3360);
#3018=AXIS2_PLACEMENT_3D('',#4301,#3361,#3362);
#3019=AXIS2_PLACEMENT_3D('',#4303,#3363,#3364);
#3020=AXIS2_PLACEMENT_3D('',#4305,#3365,#3366);
#3021=AXIS2_PLACEMENT_3D('',#4307,#3367,#3368);
#3022=AXIS2_PLACEMENT_3D('',#4309,#3369,#3370);
#3023=AXIS2_PLACEMENT_3D('',#4311,#3371,#3372);
#3024=AXIS2_PLACEMENT_3D('',#4313,#3373,#3374);
#3025=AXIS2_PLACEMENT_3D('',#4315,#3375,#3376);
#3026=AXIS2_PLACEMENT_3D('',#4317,#3377,#3378);
#3027=AXIS2_PLACEMENT_3D('',#4319,#3379,#3380);
#3028=AXIS2_PLACEMENT_3D('',#4321,#3381,#3382);
#3029=AXIS2_PLACEMENT_3D('',#4323,#3383,#3384);
#3030=AXIS2_PLACEMENT_3D('',#4325,#3385,#3386);
#3031=AXIS2_PLACEMENT_3D('',#4327,#3387,#3388);
#3032=AXIS2_PLACEMENT_3D('',#4329,#3389,#3390);
#3033=AXIS2_PLACEMENT_3D('',#4331,#3391,#3392);
#3034=AXIS2_PLACEMENT_3D('',#4333,#3393,#3394);
#3035=AXIS2_PLACEMENT_3D('',#4335,#3395,#3396);
#3036=AXIS2_PLACEMENT_3D('',#4337,#3397,#3398);
#3037=AXIS2_PLACEMENT_3D('',#4339,#3399,#3400);
#3038=AXIS2_PLACEMENT_3D('',#4341,#3401,#3402);
#3039=AXIS2_PLACEMENT_3D('',#4343,#3403,#3404);
#3040=AXIS2_PLACEMENT_3D('',#4347,#3406,#3407);
#3041=AXIS2_PLACEMENT_3D('',#4351,#3409,#3410);
#3042=AXIS2_PLACEMENT_3D('',#4353,#3411,#3412);
#3043=AXIS2_PLACEMENT_3D('',#4355,#3413,#3414);
#3044=AXIS2_PLACEMENT_3D('',#4356,#3415,#3416);
#3045=AXIS2_PLACEMENT_3D('',#4359,#3417,#3418);
#3046=AXIS2_PLACEMENT_3D('',#4361,#3419,#3420);
#3047=AXIS2_PLACEMENT_3D('',#4365,#3422,#3423);
#3048=AXIS2_PLACEMENT_3D('',#4369,#3425,#3426);
#3049=AXIS2_PLACEMENT_3D('',#4371,#3427,#3428);
#3050=AXIS2_PLACEMENT_3D('',#4373,#3429,#3430);
#3051=AXIS2_PLACEMENT_3D('',#4375,#3431,#3432);
#3052=AXIS2_PLACEMENT_3D('',#4377,#3433,#3434);
#3053=AXIS2_PLACEMENT_3D('',#4379,#3435,#3436);
#3054=AXIS2_PLACEMENT_3D('',#4381,#3437,#3438);
#3055=AXIS2_PLACEMENT_3D('',#4383,#3439,#3440);
#3056=AXIS2_PLACEMENT_3D('',#4385,#3441,#3442);
#3057=AXIS2_PLACEMENT_3D('',#4387,#3443,#3444);
#3058=AXIS2_PLACEMENT_3D('',#4389,#3445,#3446);
#3059=AXIS2_PLACEMENT_3D('',#4391,#3447,#3448);
#3060=AXIS2_PLACEMENT_3D('',#4393,#3449,#3450);
#3061=AXIS2_PLACEMENT_3D('',#4395,#3451,#3452);
#3062=AXIS2_PLACEMENT_3D('',#4397,#3453,#3454);
#3063=AXIS2_PLACEMENT_3D('',#4399,#3455,#3456);
#3064=AXIS2_PLACEMENT_3D('',#4401,#3457,#3458);
#3065=AXIS2_PLACEMENT_3D('',#4403,#3459,#3460);
#3066=AXIS2_PLACEMENT_3D('',#4405,#3461,#3462);
#3067=AXIS2_PLACEMENT_3D('',#4407,#3463,#3464);
#3068=AXIS2_PLACEMENT_3D('',#4409,#3465,#3466);
#3069=AXIS2_PLACEMENT_3D('',#4411,#3467,#3468);
#3070=AXIS2_PLACEMENT_3D('',#4413,#3469,#3470);
#3071=AXIS2_PLACEMENT_3D('',#4415,#3471,#3472);
#3072=AXIS2_PLACEMENT_3D('',#4417,#3473,#3474);
#3073=AXIS2_PLACEMENT_3D('',#4419,#3475,#3476);
#3074=AXIS2_PLACEMENT_3D('',#4421,#3477,#3478);
#3075=AXIS2_PLACEMENT_3D('',#4423,#3479,#3480);
#3076=AXIS2_PLACEMENT_3D('',#4425,#3481,#3482);
#3077=AXIS2_PLACEMENT_3D('',#4427,#3483,#3484);
#3078=AXIS2_PLACEMENT_3D('',#4428,#3485,#3486);
#3079=AXIS2_PLACEMENT_3D('',#4435,#3487,#3488);
#3080=AXIS2_PLACEMENT_3D('',#4447,#3489,#3490);
#3081=AXIS2_PLACEMENT_3D('',#4459,#3491,#3492);
#3082=AXIS2_PLACEMENT_3D('',#4476,#3493,#3494);
#3083=AXIS2_PLACEMENT_3D('',#4488,#3495,#3496);
#3084=AXIS2_PLACEMENT_3D('',#4500,#3497,#3498);
#3085=AXIS2_PLACEMENT_3D('',#4522,#3499,#3500);
#3086=AXIS2_PLACEMENT_3D('',#4544,#3501,#3502);
#3087=AXIS2_PLACEMENT_3D('',#4561,#3503,#3504);
#3088=AXIS2_PLACEMENT_3D('',#4573,#3505,#3506);
#3089=AXIS2_PLACEMENT_3D('',#4580,#3507,#3508);
#3090=AXIS2_PLACEMENT_3D('',#4597,#3509,#3510);
#3091=AXIS2_PLACEMENT_3D('',#4604,#3511,#3512);
#3092=AXIS2_PLACEMENT_3D('',#4621,#3513,#3514);
#3093=AXIS2_PLACEMENT_3D('',#4633,#3515,#3516);
#3094=AXIS2_PLACEMENT_3D('',#4645,#3517,#3518);
#3095=AXIS2_PLACEMENT_3D('',#4667,#3519,#3520);
#3096=AXIS2_PLACEMENT_3D('',#4689,#3521,#3522);
#3097=AXIS2_PLACEMENT_3D('',#4700,#3523,#3524);
#3098=AXIS2_PLACEMENT_3D('',#4708,#3525,#3526);
#3099=AXIS2_PLACEMENT_3D('',#4715,#3527,#3528);
#3100=AXIS2_PLACEMENT_3D('',#4722,#3529,#3530);
#3101=AXIS2_PLACEMENT_3D('',#4728,#3531,#3532);
#3102=AXIS2_PLACEMENT_3D('',#4729,#3533,#3534);
#3103=AXIS2_PLACEMENT_3D('',#4737,#3535,#3536);
#3104=AXIS2_PLACEMENT_3D('',#4744,#3537,#3538);
#3105=AXIS2_PLACEMENT_3D('',#4751,#3539,#3540);
#3106=AXIS2_PLACEMENT_3D('',#4757,#3541,#3542);
#3107=AXIS2_PLACEMENT_3D('',#4760,#3545,#3546);
#3108=AXIS2_PLACEMENT_3D('',#4763,#3548,#3549);
#3109=AXIS2_PLACEMENT_3D('',#4766,#3551,#3552);
#3110=AXIS2_PLACEMENT_3D('',#4772,#3553,#3554);
#3111=AXIS2_PLACEMENT_3D('',#4779,#3555,#3556);
#3112=AXIS2_PLACEMENT_3D('',#4786,#3557,#3558);
#3113=AXIS2_PLACEMENT_3D('',#4792,#3559,#3560);
#3114=AXIS2_PLACEMENT_3D('',#4798,#3561,#3562);
#3115=AXIS2_PLACEMENT_3D('',#4805,#3563,#3564);
#3116=AXIS2_PLACEMENT_3D('',#4812,#3565,#3566);
#3117=AXIS2_PLACEMENT_3D('',#4818,#3567,#3568);
#3118=AXIS2_PLACEMENT_3D('',#4825,#3569,#3570);
#3119=AXIS2_PLACEMENT_3D('',#4832,#3571,#3572);
#3120=AXIS2_PLACEMENT_3D('',#4839,#3573,#3574);
#3121=AXIS2_PLACEMENT_3D('',#4846,#3575,#3576);
#3122=AXIS2_PLACEMENT_3D('',#4847,#3577,#3578);
#3123=AXIS2_PLACEMENT_3D('',#4850,#3581,#3582);
#3124=AXIS2_PLACEMENT_3D('',#4855,#3585,#3586);
#3125=AXIS2_PLACEMENT_3D('',#4856,#3587,#3588);
#3126=AXIS2_PLACEMENT_3D('',#4866,#3589,#3590);
#3127=AXIS2_PLACEMENT_3D('',#4873,#3591,#3592);
#3128=AXIS2_PLACEMENT_3D('',#4879,#3593,#3594);
#3129=AXIS2_PLACEMENT_3D('',#4885,#3595,#3596);
#3130=AXIS2_PLACEMENT_3D('',#4892,#3597,#3598);
#3131=AXIS2_PLACEMENT_3D('',#4899,#3599,#3600);
#3132=AXIS2_PLACEMENT_3D('',#4905,#3601,#3602);
#3133=AXIS2_PLACEMENT_3D('',#4912,#3603,#3604);
#3134=AXIS2_PLACEMENT_3D('',#4919,#3605,#3606);
#3135=AXIS2_PLACEMENT_3D('',#4926,#3607,#3608);
#3136=AXIS2_PLACEMENT_3D('',#4933,#3609,#3610);
#3137=AXIS2_PLACEMENT_3D('',#4934,#3611,#3612);
#3138=AXIS2_PLACEMENT_3D('',#4937,#3615,#3616);
#3139=AXIS2_PLACEMENT_3D('',#4942,#3619,#3620);
#3140=AXIS2_PLACEMENT_3D('',#4943,#3621,#3622);
#3141=AXIS2_PLACEMENT_3D('',#4953,#3623,#3624);
#3142=AXIS2_PLACEMENT_3D('',#4960,#3625,#3626);
#3143=AXIS2_PLACEMENT_3D('',#4966,#3627,#3628);
#3144=AXIS2_PLACEMENT_3D('',#4972,#3629,#3630);
#3145=AXIS2_PLACEMENT_3D('',#4979,#3631,#3632);
#3146=AXIS2_PLACEMENT_3D('',#4986,#3633,#3634);
#3147=AXIS2_PLACEMENT_3D('',#4992,#3635,#3636);
#3148=AXIS2_PLACEMENT_3D('',#4999,#3637,#3638);
#3149=AXIS2_PLACEMENT_3D('',#5006,#3639,#3640);
#3150=AXIS2_PLACEMENT_3D('',#5013,#3641,#3642);
#3151=AXIS2_PLACEMENT_3D('',#5020,#3643,#3644);
#3152=AXIS2_PLACEMENT_3D('',#5021,#3645,#3646);
#3153=AXIS2_PLACEMENT_3D('',#5024,#3649,#3650);
#3154=AXIS2_PLACEMENT_3D('',#5029,#3653,#3654);
#3155=AXIS2_PLACEMENT_3D('',#5030,#3655,#3656);
#3156=AXIS2_PLACEMENT_3D('',#5044,#3657,#3658);
#3157=AXIS2_PLACEMENT_3D('',#5050,#3659,#3660);
#3158=AXIS2_PLACEMENT_3D('',#5057,#3661,#3662);
#3159=AXIS2_PLACEMENT_3D('',#5064,#3663,#3664);
#3160=AXIS2_PLACEMENT_3D('',#5075,#3665,#3666);
#3161=AXIS2_PLACEMENT_3D('',#5076,#3667,#3668);
#3162=AXIS2_PLACEMENT_3D('',#5079,#3671,#3672);
#3163=AXIS2_PLACEMENT_3D('',#5084,#3675,#3676);
#3164=AXIS2_PLACEMENT_3D('',#5085,#3677,#3678);
#3165=AXIS2_PLACEMENT_3D('',#5099,#3679,#3680);
#3166=AXIS2_PLACEMENT_3D('',#5105,#3681,#3682);
#3167=AXIS2_PLACEMENT_3D('',#5108,#3685,#3686);
#3168=AXIS2_PLACEMENT_3D('',#5113,#3689,#3690);
#3169=AXIS2_PLACEMENT_3D('',#5114,#3691,#3692);
#3170=AXIS2_PLACEMENT_3D('',#5120,#3693,#3694);
#3171=AXIS2_PLACEMENT_3D('',#5134,#3695,#3696);
#3172=AXIS2_PLACEMENT_3D('',#5137,#3699,#3700);
#3173=AXIS2_PLACEMENT_3D('',#5142,#3703,#3704);
#3174=AXIS2_PLACEMENT_3D('',#5143,#3705,#3706);
#3175=AXIS2_PLACEMENT_3D('',#5149,#3707,#3708);
#3176=AXIS2_PLACEMENT_3D('',#5163,#3709,#3710);
#3177=AXIS2_PLACEMENT_3D('',#5166,#3713,#3714);
#3178=AXIS2_PLACEMENT_3D('',#5171,#3717,#3718);
#3179=AXIS2_PLACEMENT_3D('',#5172,#3719,#3720);
#3180=AXIS2_PLACEMENT_3D('',#5178,#3721,#3722);
#3181=AXIS2_PLACEMENT_3D('',#5192,#3723,#3724);
#3182=AXIS2_PLACEMENT_3D('',#5197,#3727,#3728);
#3183=AXIS2_PLACEMENT_3D('',#5198,#3729,#3730);
#3184=AXIS2_PLACEMENT_3D('',#5204,#3731,#3732);
#3185=AXIS2_PLACEMENT_3D('',#5218,#3733,#3734);
#3186=AXIS2_PLACEMENT_3D('',#5221,#3737,#3738);
#3187=AXIS2_PLACEMENT_3D('',#5223,#3740,#3741);
#3188=AXIS2_PLACEMENT_3D('',#5225,#3743,#3744);
#3189=AXIS2_PLACEMENT_3D('',#5226,#3745,#3746);
#3190=AXIS2_PLACEMENT_3D('',#5228,#3748,#3749);
#3191=AXIS2_PLACEMENT_3D('',#5230,#3751,#3752);
#3192=AXIS2_PLACEMENT_3D('',#5231,#3753,#3754);
#3193=AXIS2_PLACEMENT_3D('',#5233,#3756,#3757);
#3194=AXIS2_PLACEMENT_3D('',#5235,#3759,#3760);
#3195=AXIS2_PLACEMENT_3D('',#5236,#3761,#3762);
#3196=AXIS2_PLACEMENT_3D('',#5238,#3764,#3765);
#3197=AXIS2_PLACEMENT_3D('',#5240,#3767,#3768);
#3198=AXIS2_PLACEMENT_3D('',#5241,#3769,#3770);
#3199=AXIS2_PLACEMENT_3D('',#5243,#3772,#3773);
#3200=AXIS2_PLACEMENT_3D('',#5245,#3775,#3776);
#3201=AXIS2_PLACEMENT_3D('',#5246,#3777,#3778);
#3202=AXIS2_PLACEMENT_3D('',#5248,#3780,#3781);
#3203=AXIS2_PLACEMENT_3D('',#5250,#3783,#3784);
#3204=AXIS2_PLACEMENT_3D('',#5251,#3785,#3786);
#3205=AXIS2_PLACEMENT_3D('',#5253,#3788,#3789);
#3206=AXIS2_PLACEMENT_3D('',#5255,#3791,#3792);
#3207=AXIS2_PLACEMENT_3D('',#5256,#3793,#3794);
#3208=AXIS2_PLACEMENT_3D('',#5258,#3796,#3797);
#3209=AXIS2_PLACEMENT_3D('',#5260,#3799,#3800);
#3210=AXIS2_PLACEMENT_3D('',#5261,#3801,#3802);
#3211=AXIS2_PLACEMENT_3D('',#5263,#3804,#3805);
#3212=AXIS2_PLACEMENT_3D('',#5265,#3807,#3808);
#3213=AXIS2_PLACEMENT_3D('',#5266,#3809,#3810);
#3214=AXIS2_PLACEMENT_3D('',#5268,#3812,#3813);
#3215=AXIS2_PLACEMENT_3D('',#5270,#3815,#3816);
#3216=AXIS2_PLACEMENT_3D('',#5271,#3817,#3818);
#3217=AXIS2_PLACEMENT_3D('',#5273,#3820,#3821);
#3218=AXIS2_PLACEMENT_3D('',#5275,#3823,#3824);
#3219=AXIS2_PLACEMENT_3D('',#5276,#3825,#3826);
#3220=AXIS2_PLACEMENT_3D('',#5278,#3828,#3829);
#3221=AXIS2_PLACEMENT_3D('',#5280,#3831,#3832);
#3222=AXIS2_PLACEMENT_3D('',#5281,#3833,#3834);
#3223=AXIS2_PLACEMENT_3D('',#5283,#3836,#3837);
#3224=AXIS2_PLACEMENT_3D('',#5285,#3839,#3840);
#3225=AXIS2_PLACEMENT_3D('',#5286,#3841,#3842);
#3226=AXIS2_PLACEMENT_3D('',#5288,#3844,#3845);
#3227=AXIS2_PLACEMENT_3D('',#5290,#3847,#3848);
#3228=AXIS2_PLACEMENT_3D('',#5291,#3849,#3850);
#3229=AXIS2_PLACEMENT_3D('',#5293,#3852,#3853);
#3230=AXIS2_PLACEMENT_3D('',#5295,#3855,#3856);
#3231=AXIS2_PLACEMENT_3D('',#5296,#3857,#3858);
#3232=AXIS2_PLACEMENT_3D('',#5298,#3860,#3861);
#3233=AXIS2_PLACEMENT_3D('',#5300,#3863,#3864);
#3234=AXIS2_PLACEMENT_3D('',#5301,#3865,#3866);
#3235=AXIS2_PLACEMENT_3D('',#5303,#3868,#3869);
#3236=AXIS2_PLACEMENT_3D('',#5305,#3871,#3872);
#3237=AXIS2_PLACEMENT_3D('',#5306,#3873,#3874);
#3238=AXIS2_PLACEMENT_3D('',#5308,#3876,#3877);
#3239=AXIS2_PLACEMENT_3D('',#5310,#3879,#3880);
#3240=AXIS2_PLACEMENT_3D('',#5339,#3885,#3886);
#3241=AXIS2_PLACEMENT_3D('',#5377,#3892,#3893);
#3242=AXIS2_PLACEMENT_3D('',#5387,#3895,#3896);
#3243=AXIS2_PLACEMENT_3D('',#5390,#3899,#3900);
#3244=AXIS2_PLACEMENT_3D('',#5392,#3902,#3903);
#3245=AXIS2_PLACEMENT_3D('',#5394,#3905,#3906);
#3246=AXIS2_PLACEMENT_3D('',#5396,#3908,#3909);
#3247=AXIS2_PLACEMENT_3D('',#5398,#3911,#3912);
#3248=AXIS2_PLACEMENT_3D('',#5400,#3914,#3915);
#3249=AXIS2_PLACEMENT_3D('',#5402,#3917,#3918);
#3250=AXIS2_PLACEMENT_3D('',#5404,#3920,#3921);
#3251=AXIS2_PLACEMENT_3D('',#5406,#3923,#3924);
#3252=AXIS2_PLACEMENT_3D('',#5408,#3926,#3927);
#3253=AXIS2_PLACEMENT_3D('',#5410,#3929,#3930);
#3254=AXIS2_PLACEMENT_3D('',#5412,#3932,#3933);
#3255=AXIS2_PLACEMENT_3D('',#5414,#3935,#3936);
#3256=AXIS2_PLACEMENT_3D('',#5416,#3938,#3939);
#3257=AXIS2_PLACEMENT_3D('',#5418,#3941,#3942);
#3258=AXIS2_PLACEMENT_3D('',#5429,#3945,#3946);
#3259=AXIS2_PLACEMENT_3D('',#5431,#3948,#3949);
#3260=AXIS2_PLACEMENT_3D('',#5433,#3951,#3952);
#3261=AXIS2_PLACEMENT_3D('',#5435,#3954,#3955);
#3262=AXIS2_PLACEMENT_3D('',#5437,#3957,#3958);
#3263=AXIS2_PLACEMENT_3D('',#5439,#3960,#3961);
#3264=AXIS2_PLACEMENT_3D('',#5441,#3963,#3964);
#3265=AXIS2_PLACEMENT_3D('',#5443,#3966,#3967);
#3266=AXIS2_PLACEMENT_3D('',#5463,#3971,#3972);
#3267=AXIS2_PLACEMENT_3D('',#5465,#3974,#3975);
#3268=AXIS2_PLACEMENT_3D('',#5467,#3977,#3978);
#3269=AXIS2_PLACEMENT_3D('',#5487,#3982,#3983);
#3270=AXIS2_PLACEMENT_3D('',#5489,#3985,#3986);
#3271=AXIS2_PLACEMENT_3D('',#5491,#3988,#3989);
#3272=AXIS2_PLACEMENT_3D('',#5492,#3990,#3991);
#3273=AXIS2_PLACEMENT_3D('',#5495,#3994,#3995);
#3274=AXIS2_PLACEMENT_3D('',#5497,#3997,#3998);
#3275=AXIS2_PLACEMENT_3D('',#5499,#4000,#4001);
#3276=AXIS2_PLACEMENT_3D('',#5501,#4003,#4004);
#3277=AXIS2_PLACEMENT_3D('',#5503,#4006,#4007);
#3278=AXIS2_PLACEMENT_3D('',#5505,#4009,#4010);
#3279=AXIS2_PLACEMENT_3D('',#5507,#4012,#4013);
#3280=AXIS2_PLACEMENT_3D('',#5509,#4015,#4016);
#3281=AXIS2_PLACEMENT_3D('',#5511,#4018,#4019);
#3282=AXIS2_PLACEMENT_3D('',#5513,#4021,#4022);
#3283=AXIS2_PLACEMENT_3D('',#5515,#4024,#4025);
#3284=AXIS2_PLACEMENT_3D('',#5517,#4027,#4028);
#3285=AXIS2_PLACEMENT_3D('',#5519,#4030,#4031);
#3286=AXIS2_PLACEMENT_3D('',#5521,#4033,#4034);
#3287=AXIS2_PLACEMENT_3D('',#5523,#4036,#4037);
#3288=AXIS2_PLACEMENT_3D('',#5525,#4039,#4040);
#3289=AXIS2_PLACEMENT_3D('',#5527,#4042,#4043);
#3290=AXIS2_PLACEMENT_3D('',#5529,#4045,#4046);
#3291=AXIS2_PLACEMENT_3D('',#5531,#4048,#4049);
#3292=DIRECTION('',(0.,0.,1.));
#3293=DIRECTION('',(1.,0.,0.));
#3294=DIRECTION('',(-1.,0.,0.));
#3295=DIRECTION('',(0.,0.,1.));
#3296=DIRECTION('',(-1.,0.,0.));
#3297=DIRECTION('',(1.,0.,0.));
#3298=DIRECTION('',(0.,0.,-1.));
#3299=DIRECTION('',(-1.,0.,0.));
#3300=DIRECTION('',(1.,0.,0.));
#3301=DIRECTION('',(0.,0.,-1.));
#3302=DIRECTION('',(-1.,0.,0.));
#3303=DIRECTION('',(1.,0.,0.));
#3304=DIRECTION('',(0.,0.,-1.));
#3305=DIRECTION('',(-1.,0.,0.));
#3306=DIRECTION('',(-1.,0.,0.));
#3307=DIRECTION('',(0.,0.,1.));
#3308=DIRECTION('',(-1.,0.,0.));
#3309=DIRECTION('',(-1.,0.,0.));
#3310=DIRECTION('',(0.,0.,1.));
#3311=DIRECTION('',(-1.,0.,0.));
#3312=DIRECTION('',(-1.,0.,0.));
#3313=DIRECTION('',(0.,0.,1.));
#3314=DIRECTION('',(1.,0.,0.));
#3315=DIRECTION('',(0.,0.,-1.));
#3316=DIRECTION('',(-1.,0.,0.));
#3317=DIRECTION('',(0.,0.,1.));
#3318=DIRECTION('',(-1.,0.,0.));
#3319=DIRECTION('',(1.,0.,0.));
#3320=DIRECTION('',(0.,0.,-1.));
#3321=DIRECTION('',(-1.,0.,0.));
#3322=DIRECTION('',(1.,0.,0.));
#3323=DIRECTION('',(0.,0.,-1.));
#3324=DIRECTION('',(-1.,0.,0.));
#3325=DIRECTION('',(1.,0.,0.));
#3326=DIRECTION('',(0.,0.,-1.));
#3327=DIRECTION('',(-1.,0.,0.));
#3328=DIRECTION('',(-1.,0.,0.));
#3329=DIRECTION('',(0.,0.,1.));
#3330=DIRECTION('',(-1.,0.,0.));
#3331=DIRECTION('',(0.875318034539858,-0.483547658880983,0.));
#3332=DIRECTION('',(-0.483547658880983,-0.875318034539858,0.));
#3333=DIRECTION('',(-1.,0.,0.));
#3334=DIRECTION('',(-0.875700348323951,0.482854947106593,0.));
#3335=DIRECTION('',(-0.482854947106593,-0.875700348323951,0.));
#3336=DIRECTION('',(-1.,0.,0.));
#3337=DIRECTION('',(0.,0.,1.));
#3338=DIRECTION('',(-1.,0.,0.));
#3339=DIRECTION('',(-1.,0.,0.));
#3340=DIRECTION('',(0.,0.,1.));
#3341=DIRECTION('',(1.,0.,0.));
#3342=DIRECTION('',(0.,0.,-1.));
#3343=DIRECTION('',(-1.,0.,0.));
#3344=DIRECTION('',(0.,0.,1.));
#3345=DIRECTION('',(-0.000598060235249822,-0.766045971949441,-0.642785509469521));
#3346=DIRECTION('',(-0.999999821161962,0.000458141716129427,0.000384424521758246));
#3347=DIRECTION('',(1.,0.,0.));
#3348=DIRECTION('',(0.,0.,-1.));
#3349=DIRECTION('',(-0.00211240191022707,-0.173653577632016,-0.984804535293055));
#3350=DIRECTION('',(-0.999997768876596,0.00036682696754387,0.00208030762297636));
#3351=DIRECTION('',(0.999994600034913,0.0021124019102272,-0.00251747079099359));
#3352=DIRECTION('',(-0.00328632028473145,0.64278290620211,-0.766041340655552));
#3353=DIRECTION('',(-0.00211240191022707,-0.173653577632016,-0.984804535293055));
#3354=DIRECTION('',(-0.999997768876596,0.000366826967543869,0.00208030762297635));
#3355=DIRECTION('',(1.,0.,0.));
#3356=DIRECTION('',(0.,0.,-1.));
#3357=DIRECTION('',(-0.00383444772517674,0.499990197943042,-0.866022574169704));
#3358=DIRECTION('',(-0.999992648478299,-0.0019172003714535,0.00332074270198876));
#3359=DIRECTION('',(0.999990197943042,0.00383444772517686,-0.00221382665968789));
#3360=DIRECTION('',(-0.00442764246933499,0.866016207554754,-0.499996324221134));
#3361=DIRECTION('',(-0.00383444772517673,0.499990197943042,-0.866022574169704));
#3362=DIRECTION('',(-0.999992648478299,-0.0019172003714535,0.00332074270198876));
#3363=DIRECTION('',(1.,0.,0.));
#3364=DIRECTION('',(0.,0.,-1.));
#3365=DIRECTION('',(-0.00495843330487645,0.939679945467541,-0.342019025823534));
#3366=DIRECTION('',(-0.99998770689402,-0.00465939761599944,0.00169589937641558));
#3367=DIRECTION('',(0.999987324681633,0.00495843330487657,-0.000874308430371526));
#3368=DIRECTION('',(-0.00503492562709003,0.984795173235073,-0.17364652687812));
#3369=DIRECTION('',(-0.00495843330487645,0.939679945467541,-0.342019025823534));
#3370=DIRECTION('',(-0.99998770689402,-0.00465939761599944,0.00169589937641557));
#3371=DIRECTION('',(1.,0.,0.));
#3372=DIRECTION('',(0.,0.,-1.));
#3373=DIRECTION('',(-0.00495843330487645,0.939679945467541,0.342019025823534));
#3374=DIRECTION('',(-0.99998770689402,-0.00465939761599944,-0.00169589937641558));
#3375=DIRECTION('',(0.999987324681633,0.00495843330487657,0.000874308430371527));
#3376=DIRECTION('',(-0.00503492562709003,0.984795173235072,0.17364652687812));
#3377=DIRECTION('',(-0.00495843330487645,0.939679945467541,0.342019025823534));
#3378=DIRECTION('',(-0.99998770689402,-0.00465939761599944,-0.00169589937641557));
#3379=DIRECTION('',(1.,0.,0.));
#3380=DIRECTION('',(0.,0.,-1.));
#3381=DIRECTION('',(-0.00383444772517674,0.499990197943042,0.866022574169704));
#3382=DIRECTION('',(-0.999992648478299,-0.0019172003714535,-0.00332074270198876));
#3383=DIRECTION('',(0.999990197943042,0.00383444772517686,0.00221382665968789));
#3384=DIRECTION('',(-0.00442764246933498,0.866016207554754,0.499996324221135));
#3385=DIRECTION('',(-0.00383444772517673,0.499990197943042,0.866022574169704));
#3386=DIRECTION('',(-0.999992648478299,-0.0019172003714535,-0.00332074270198876));
#3387=DIRECTION('',(1.,0.,0.));
#3388=DIRECTION('',(0.,0.,-1.));
#3389=DIRECTION('',(-0.00211240191022707,-0.173653577632017,0.984804535293055));
#3390=DIRECTION('',(-0.999997768876596,0.00036682696754387,-0.00208030762297636));
#3391=DIRECTION('',(0.999994600034913,0.00211240191022719,0.00251747079099359));
#3392=DIRECTION('',(-0.00328632028473145,0.64278290620211,0.766041340655552));
#3393=DIRECTION('',(-0.00211240191022707,-0.173653577632017,0.984804535293055));
#3394=DIRECTION('',(-0.999997768876596,0.00036682696754387,-0.00208030762297635));
#3395=DIRECTION('',(1.,0.,0.));
#3396=DIRECTION('',(0.,0.,-1.));
#3397=DIRECTION('',(-0.000598060235249826,-0.766045971949441,0.642785509469521));
#3398=DIRECTION('',(-0.999999821161962,0.000458141716129431,-0.000384424521758248));
#3399=DIRECTION('',(0.999998471169537,0.000598060235249946,0.00164316236062206));
#3400=DIRECTION('',(-0.00174861619240825,0.342018633656581,0.939691543312537));
#3401=DIRECTION('',(-0.000598060235249821,-0.766045971949441,0.642785509469521));
#3402=DIRECTION('',(-0.999999821161962,0.000458141716129426,-0.000384424521758245));
#3403=DIRECTION('',(1.,0.,0.));
#3404=DIRECTION('',(0.,0.,-1.));
#3405=DIRECTION('',(-1.,0.,0.));
#3406=DIRECTION('',(1.,0.,0.));
#3407=DIRECTION('',(0.,0.,-1.));
#3408=DIRECTION('',(-1.,0.,0.));
#3409=DIRECTION('',(1.,0.,0.));
#3410=DIRECTION('',(0.,0.,-1.));
#3411=DIRECTION('',(-0.000598060235249827,-0.766045971949441,-0.642785509469521));
#3412=DIRECTION('',(-0.999999821161962,0.000458141716129431,0.000384424521758249));
#3413=DIRECTION('',(0.999998471169537,0.000598060235249947,-0.00164316236062207));
#3414=DIRECTION('',(-0.00174861619240825,0.342018633656581,-0.939691543312537));
#3415=DIRECTION('',(-0.999998471169537,-0.000598060235249947,0.00164316236062207));
#3416=DIRECTION('',(-0.00174861619240825,0.342018633656581,-0.939691543312537));
#3417=DIRECTION('',(0.000598060235249826,0.766045971949441,0.642785509469521));
#3418=DIRECTION('',(-0.999999821161962,0.00045814171612943,0.000384424521758248));
#3419=DIRECTION('',(-1.,0.,0.));
#3420=DIRECTION('',(0.,0.,1.));
#3421=DIRECTION('',(-1.,0.,0.));
#3422=DIRECTION('',(-1.,0.,0.));
#3423=DIRECTION('',(0.,0.,1.));
#3424=DIRECTION('',(-1.,0.,0.));
#3425=DIRECTION('',(-1.,0.,0.));
#3426=DIRECTION('',(0.,0.,1.));
#3427=DIRECTION('',(0.000598060235249823,0.766045971949441,-0.642785509469521));
#3428=DIRECTION('',(-0.999999821161962,0.000458141716129428,-0.000384424521758246));
#3429=DIRECTION('',(-0.999998471169537,-0.000598060235249946,-0.00164316236062206));
#3430=DIRECTION('',(-0.00174861619240825,0.342018633656581,0.939691543312537));
#3431=DIRECTION('',(0.000598060235249826,0.766045971949441,-0.642785509469521));
#3432=DIRECTION('',(-0.999999821161962,0.00045814171612943,-0.000384424521758248));
#3433=DIRECTION('',(-1.,0.,0.));
#3434=DIRECTION('',(0.,0.,1.));
#3435=DIRECTION('',(0.00211240191022707,0.173653577632017,-0.984804535293055));
#3436=DIRECTION('',(-0.999997768876596,0.00036682696754387,-0.00208030762297635));
#3437=DIRECTION('',(-0.999994600034913,-0.00211240191022719,-0.00251747079099359));
#3438=DIRECTION('',(-0.00328632028473145,0.64278290620211,0.766041340655552));
#3439=DIRECTION('',(0.00211240191022707,0.173653577632017,-0.984804535293055));
#3440=DIRECTION('',(-0.999997768876596,0.00036682696754387,-0.00208030762297636));
#3441=DIRECTION('',(-1.,0.,0.));
#3442=DIRECTION('',(0.,0.,1.));
#3443=DIRECTION('',(0.00383444772517673,-0.499990197943042,-0.866022574169704));
#3444=DIRECTION('',(-0.999992648478299,-0.0019172003714535,-0.00332074270198876));
#3445=DIRECTION('',(-0.999990197943042,-0.00383444772517686,-0.00221382665968789));
#3446=DIRECTION('',(-0.00442764246933498,0.866016207554754,0.499996324221135));
#3447=DIRECTION('',(0.00383444772517674,-0.499990197943042,-0.866022574169704));
#3448=DIRECTION('',(-0.999992648478299,-0.0019172003714535,-0.00332074270198876));
#3449=DIRECTION('',(-1.,0.,0.));
#3450=DIRECTION('',(0.,0.,1.));
#3451=DIRECTION('',(0.00495843330487645,-0.939679945467541,-0.342019025823534));
#3452=DIRECTION('',(-0.99998770689402,-0.00465939761599944,-0.00169589937641558));
#3453=DIRECTION('',(-0.999987324681633,-0.00495843330487657,-0.000874308430371527));
#3454=DIRECTION('',(-0.00503492562709003,0.984795173235072,0.17364652687812));
#3455=DIRECTION('',(0.00495843330487645,-0.939679945467541,-0.342019025823534));
#3456=DIRECTION('',(-0.99998770689402,-0.00465939761599944,-0.00169589937641558));
#3457=DIRECTION('',(-1.,0.,0.));
#3458=DIRECTION('',(0.,0.,1.));
#3459=DIRECTION('',(0.00495843330487645,-0.939679945467541,0.342019025823534));
#3460=DIRECTION('',(-0.99998770689402,-0.00465939761599944,0.00169589937641557));
#3461=DIRECTION('',(-0.999987324681633,-0.00495843330487657,0.000874308430371526));
#3462=DIRECTION('',(-0.00503492562709003,0.984795173235073,-0.17364652687812));
#3463=DIRECTION('',(0.00495843330487645,-0.939679945467541,0.342019025823534));
#3464=DIRECTION('',(-0.99998770689402,-0.00465939761599944,0.00169589937641558));
#3465=DIRECTION('',(-1.,0.,0.));
#3466=DIRECTION('',(0.,0.,1.));
#3467=DIRECTION('',(0.00383444772517674,-0.499990197943042,0.866022574169704));
#3468=DIRECTION('',(-0.999992648478299,-0.0019172003714535,0.00332074270198876));
#3469=DIRECTION('',(-0.999990197943042,-0.00383444772517686,0.00221382665968789));
#3470=DIRECTION('',(-0.00442764246933499,0.866016207554754,-0.499996324221134));
#3471=DIRECTION('',(0.00383444772517674,-0.499990197943042,0.866022574169704));
#3472=DIRECTION('',(-0.999992648478299,-0.0019172003714535,0.00332074270198876));
#3473=DIRECTION('',(-1.,0.,0.));
#3474=DIRECTION('',(0.,0.,1.));
#3475=DIRECTION('',(0.00211240191022707,0.173653577632016,0.984804535293055));
#3476=DIRECTION('',(-0.999997768876596,0.000366826967543869,0.00208030762297636));
#3477=DIRECTION('',(-0.999994600034913,-0.0021124019102272,0.00251747079099359));
#3478=DIRECTION('',(-0.00328632028473145,0.64278290620211,-0.766041340655552));
#3479=DIRECTION('',(0.00211240191022707,0.173653577632016,0.984804535293055));
#3480=DIRECTION('',(-0.999997768876596,0.00036682696754387,0.00208030762297636));
#3481=DIRECTION('',(-1.,0.,0.));
#3482=DIRECTION('',(0.,0.,1.));
#3483=DIRECTION('',(0.000598060235249824,0.766045971949441,0.642785509469521));
#3484=DIRECTION('',(-0.999999821161962,0.000458141716129429,0.000384424521758247));
#3485=DIRECTION('',(-1.,0.,0.));
#3486=DIRECTION('',(0.,0.,1.));
#3487=DIRECTION('',(-1.,0.,0.));
#3488=DIRECTION('',(0.,0.,1.));
#3489=DIRECTION('',(-1.,0.,0.));
#3490=DIRECTION('',(0.,0.,1.));
#3491=DIRECTION('',(-1.,0.,0.));
#3492=DIRECTION('',(0.,0.,1.));
#3493=DIRECTION('',(1.,0.,0.));
#3494=DIRECTION('',(0.,0.,-1.));
#3495=DIRECTION('',(1.,0.,0.));
#3496=DIRECTION('',(0.,0.,-1.));
#3497=DIRECTION('',(1.,0.,0.));
#3498=DIRECTION('',(0.,0.,-1.));
#3499=DIRECTION('',(-1.,0.,0.));
#3500=DIRECTION('',(0.,0.,1.));
#3501=DIRECTION('',(1.,0.,0.));
#3502=DIRECTION('',(0.,0.,-1.));
#3503=DIRECTION('',(-1.,0.,0.));
#3504=DIRECTION('',(0.,0.,1.));
#3505=DIRECTION('',(-1.,0.,0.));
#3506=DIRECTION('',(0.,0.,1.));
#3507=DIRECTION('',(-0.875700348323951,0.482854947106593,0.));
#3508=DIRECTION('',(-0.482854947106593,-0.875700348323951,0.));
#3509=DIRECTION('',(0.875318034539858,-0.483547658880983,0.));
#3510=DIRECTION('',(-0.483547658880983,-0.875318034539858,0.));
#3511=DIRECTION('',(-1.,0.,0.));
#3512=DIRECTION('',(0.,0.,1.));
#3513=DIRECTION('',(1.,0.,0.));
#3514=DIRECTION('',(0.,0.,-1.));
#3515=DIRECTION('',(1.,0.,0.));
#3516=DIRECTION('',(0.,0.,-1.));
#3517=DIRECTION('',(1.,0.,0.));
#3518=DIRECTION('',(0.,0.,-1.));
#3519=DIRECTION('',(-1.,0.,0.));
#3520=DIRECTION('',(0.,0.,1.));
#3521=DIRECTION('',(1.,0.,0.));
#3522=DIRECTION('',(0.,0.,-1.));
#3523=DIRECTION('',(1.,0.,0.));
#3524=DIRECTION('',(0.,0.,-1.));
#3525=DIRECTION('',(-0.999987324681633,-0.00495843330487657,0.000874308430371526));
#3526=DIRECTION('',(-0.00503492562709003,0.984795173235072,-0.17364652687812));
#3527=DIRECTION('',(1.,0.,0.));
#3528=DIRECTION('',(0.,0.,-1.));
#3529=DIRECTION('',(1.,0.,0.));
#3530=DIRECTION('',(0.,0.,-1.));
#3531=DIRECTION('',(-1.,0.,0.));
#3532=DIRECTION('',(0.,0.,1.));
#3533=DIRECTION('',(1.,0.,0.));
#3534=DIRECTION('',(0.,0.,-1.));
#3535=DIRECTION('',(1.,0.,0.));
#3536=DIRECTION('',(0.,0.,-1.));
#3537=DIRECTION('',(1.,0.,0.));
#3538=DIRECTION('',(0.,0.,-1.));
#3539=DIRECTION('',(-0.999987324681633,-0.00495843330487657,-0.000874308430371527));
#3540=DIRECTION('',(-0.00503492562709003,0.984795173235072,0.17364652687812));
#3541=DIRECTION('',(1.,0.,0.));
#3542=DIRECTION('',(0.,1.,0.));
#3543=DIRECTION('',(0.,0.642785624424041,-0.766046108947624));
#3544=DIRECTION('',(0.,0.,-1.));
#3545=DIRECTION('',(-1.,0.,0.));
#3546=DIRECTION('',(0.,1.,0.));
#3547=DIRECTION('',(0.,0.642785624424041,-0.766046108947624));
#3548=DIRECTION('',(-1.,0.,0.));
#3549=DIRECTION('',(0.,0.,1.));
#3550=DIRECTION('',(0.,0.,-1.));
#3551=DIRECTION('',(1.,0.,0.));
#3552=DIRECTION('',(0.,0.,1.));
#3553=DIRECTION('',(1.,0.,0.));
#3554=DIRECTION('',(0.,0.,-1.));
#3555=DIRECTION('',(0.999987324681633,0.00495843330487657,0.000874308430371527));
#3556=DIRECTION('',(0.00503492562709003,-0.984795173235072,-0.17364652687812));
#3557=DIRECTION('',(1.,0.,0.));
#3558=DIRECTION('',(0.,0.,-1.));
#3559=DIRECTION('',(-1.,0.,0.));
#3560=DIRECTION('',(0.,0.,1.));
#3561=DIRECTION('',(-0.999998471169537,-0.000598060235249947,0.00164316236062207));
#3562=DIRECTION('',(-0.00174861619240825,0.342018633656581,-0.939691543312537));
#3563=DIRECTION('',(1.,0.,0.));
#3564=DIRECTION('',(0.,0.,-1.));
#3565=DIRECTION('',(1.,0.,0.));
#3566=DIRECTION('',(0.,0.,-1.));
#3567=DIRECTION('',(-1.,0.,0.));
#3568=DIRECTION('',(0.,0.,1.));
#3569=DIRECTION('',(1.,0.,0.));
#3570=DIRECTION('',(0.,0.,-1.));
#3571=DIRECTION('',(-0.999990197943042,-0.00383444772517686,-0.00221382665968789));
#3572=DIRECTION('',(-0.00442764246933498,0.866016207554754,0.499996324221135));
#3573=DIRECTION('',(1.,0.,0.));
#3574=DIRECTION('',(0.,0.,-1.));
#3575=DIRECTION('',(1.,0.,0.));
#3576=DIRECTION('',(0.,0.,-1.));
#3577=DIRECTION('',(1.,0.,0.));
#3578=DIRECTION('',(0.,1.,0.));
#3579=DIRECTION('',(0.,0.642785624424041,-0.766046108947624));
#3580=DIRECTION('',(0.,0.984806732518405,-0.173653965075443));
#3581=DIRECTION('',(-1.,0.,0.));
#3582=DIRECTION('',(0.,1.,0.));
#3583=DIRECTION('',(0.,0.642785624424041,-0.766046108947624));
#3584=DIRECTION('',(0.,0.984806732518405,-0.173653965075443));
#3585=DIRECTION('',(-1.,0.,0.));
#3586=DIRECTION('',(0.,0.,1.));
#3587=DIRECTION('',(1.,0.,0.));
#3588=DIRECTION('',(0.,0.,1.));
#3589=DIRECTION('',(1.,0.,0.));
#3590=DIRECTION('',(0.,0.,-1.));
#3591=DIRECTION('',(0.999990197943042,0.00383444772517686,0.00221382665968789));
#3592=DIRECTION('',(0.00442764246933498,-0.866016207554754,-0.499996324221135));
#3593=DIRECTION('',(-1.,0.,0.));
#3594=DIRECTION('',(0.,0.,1.));
#3595=DIRECTION('',(-0.999994600034913,-0.0021124019102272,0.00251747079099359));
#3596=DIRECTION('',(-0.00328632028473145,0.64278290620211,-0.766041340655552));
#3597=DIRECTION('',(1.,0.,0.));
#3598=DIRECTION('',(0.,0.,-1.));
#3599=DIRECTION('',(1.,0.,0.));
#3600=DIRECTION('',(0.,0.,-1.));
#3601=DIRECTION('',(-1.,0.,0.));
#3602=DIRECTION('',(0.,0.,1.));
#3603=DIRECTION('',(1.,0.,0.));
#3604=DIRECTION('',(0.,0.,-1.));
#3605=DIRECTION('',(-0.999994600034913,-0.00211240191022719,-0.00251747079099359));
#3606=DIRECTION('',(-0.00328632028473145,0.64278290620211,0.766041340655552));
#3607=DIRECTION('',(1.,0.,0.));
#3608=DIRECTION('',(0.,0.,-1.));
#3609=DIRECTION('',(1.,0.,0.));
#3610=DIRECTION('',(0.,0.,-1.));
#3611=DIRECTION('',(1.,0.,0.));
#3612=DIRECTION('',(0.,1.,0.));
#3613=DIRECTION('',(0.,0.984806732518405,-0.173653965075443));
#3614=DIRECTION('',(0.,0.866028940800256,0.499993873658855));
#3615=DIRECTION('',(-1.,0.,0.));
#3616=DIRECTION('',(0.,1.,0.));
#3617=DIRECTION('',(0.,0.984806732518405,-0.173653965075443));
#3618=DIRECTION('',(0.,0.866028940800256,0.499993873658855));
#3619=DIRECTION('',(-1.,0.,0.));
#3620=DIRECTION('',(0.,0.,1.));
#3621=DIRECTION('',(1.,0.,0.));
#3622=DIRECTION('',(0.,0.,1.));
#3623=DIRECTION('',(1.,0.,0.));
#3624=DIRECTION('',(0.,0.,-1.));
#3625=DIRECTION('',(0.999994600034913,0.00211240191022719,0.00251747079099359));
#3626=DIRECTION('',(0.00328632028473145,-0.64278290620211,-0.766041340655552));
#3627=DIRECTION('',(-1.,0.,0.));
#3628=DIRECTION('',(0.,0.,1.));
#3629=DIRECTION('',(-0.999990197943042,-0.00383444772517686,0.00221382665968789));
#3630=DIRECTION('',(-0.00442764246933499,0.866016207554754,-0.499996324221134));
#3631=DIRECTION('',(1.,0.,0.));
#3632=DIRECTION('',(0.,0.,-1.));
#3633=DIRECTION('',(1.,0.,0.));
#3634=DIRECTION('',(0.,0.,-1.));
#3635=DIRECTION('',(-1.,0.,0.));
#3636=DIRECTION('',(0.,0.,1.));
#3637=DIRECTION('',(1.,0.,0.));
#3638=DIRECTION('',(0.,0.,-1.));
#3639=DIRECTION('',(-0.999998471169537,-0.000598060235249946,-0.00164316236062206));
#3640=DIRECTION('',(-0.00174861619240825,0.342018633656581,0.939691543312537));
#3641=DIRECTION('',(1.,0.,0.));
#3642=DIRECTION('',(0.,0.,-1.));
#3643=DIRECTION('',(1.,0.,0.));
#3644=DIRECTION('',(0.,0.,-1.));
#3645=DIRECTION('',(1.,0.,0.));
#3646=DIRECTION('',(0.,1.,0.));
#3647=DIRECTION('',(0.,0.866028940800256,0.499993873658855));
#3648=DIRECTION('',(0.,0.342023230351353,0.939691497194705));
#3649=DIRECTION('',(-1.,0.,0.));
#3650=DIRECTION('',(0.,1.,0.));
#3651=DIRECTION('',(0.,0.866028940800256,0.499993873658855));
#3652=DIRECTION('',(0.,0.342023230351353,0.939691497194705));
#3653=DIRECTION('',(-1.,0.,0.));
#3654=DIRECTION('',(0.,0.,1.));
#3655=DIRECTION('',(1.,0.,0.));
#3656=DIRECTION('',(0.,0.,1.));
#3657=DIRECTION('',(0.999998471169537,0.000598060235249946,0.00164316236062206));
#3658=DIRECTION('',(0.00174861619240825,-0.342018633656581,-0.939691543312537));
#3659=DIRECTION('',(-1.,0.,0.));
#3660=DIRECTION('',(0.,0.,1.));
#3661=DIRECTION('',(1.,0.,0.));
#3662=DIRECTION('',(0.,0.,-1.));
#3663=DIRECTION('',(-1.,0.,0.));
#3664=DIRECTION('',(0.,0.,1.));
#3665=DIRECTION('',(1.,0.,0.));
#3666=DIRECTION('',(0.,0.,-1.));
#3667=DIRECTION('',(1.,0.,0.));
#3668=DIRECTION('',(0.,1.,0.));
#3669=DIRECTION('',(0.,0.342023230351353,0.939691497194705));
#3670=DIRECTION('',(0.,-0.342023230351353,0.939691497194704));
#3671=DIRECTION('',(-1.,0.,0.));
#3672=DIRECTION('',(0.,1.,0.));
#3673=DIRECTION('',(0.,0.342023230351353,0.939691497194705));
#3674=DIRECTION('',(0.,-0.342023230351353,0.939691497194704));
#3675=DIRECTION('',(-1.,0.,0.));
#3676=DIRECTION('',(0.,0.,1.));
#3677=DIRECTION('',(1.,0.,0.));
#3678=DIRECTION('',(0.,0.,1.));
#3679=DIRECTION('',(1.,0.,0.));
#3680=DIRECTION('',(0.,0.,-1.));
#3681=DIRECTION('',(1.,0.,0.));
#3682=DIRECTION('',(0.,1.,0.));
#3683=DIRECTION('',(0.,-0.342023230351353,0.939691497194704));
#3684=DIRECTION('',(0.,-0.866028940800256,0.499993873658854));
#3685=DIRECTION('',(-1.,0.,0.));
#3686=DIRECTION('',(0.,1.,0.));
#3687=DIRECTION('',(0.,-0.342023230351353,0.939691497194704));
#3688=DIRECTION('',(0.,-0.866028940800256,0.499993873658854));
#3689=DIRECTION('',(-1.,0.,0.));
#3690=DIRECTION('',(0.,0.,1.));
#3691=DIRECTION('',(1.,0.,0.));
#3692=DIRECTION('',(0.,0.,1.));
#3693=DIRECTION('',(0.999998471169537,0.000598060235249947,-0.00164316236062207));
#3694=DIRECTION('',(0.00174861619240825,-0.342018633656581,0.939691543312537));
#3695=DIRECTION('',(1.,0.,0.));
#3696=DIRECTION('',(0.,1.,0.));
#3697=DIRECTION('',(0.,-0.866028940800256,0.499993873658854));
#3698=DIRECTION('',(0.,-0.984806732518405,-0.173653965075443));
#3699=DIRECTION('',(-1.,0.,0.));
#3700=DIRECTION('',(0.,1.,0.));
#3701=DIRECTION('',(0.,-0.866028940800256,0.499993873658854));
#3702=DIRECTION('',(0.,-0.984806732518405,-0.173653965075443));
#3703=DIRECTION('',(-1.,0.,0.));
#3704=DIRECTION('',(0.,0.,1.));
#3705=DIRECTION('',(1.,0.,0.));
#3706=DIRECTION('',(0.,0.,1.));
#3707=DIRECTION('',(0.999994600034913,0.0021124019102272,-0.00251747079099359));
#3708=DIRECTION('',(0.00328632028473145,-0.64278290620211,0.766041340655552));
#3709=DIRECTION('',(1.,0.,0.));
#3710=DIRECTION('',(0.,1.,0.));
#3711=DIRECTION('',(0.,-0.984806732518405,-0.173653965075443));
#3712=DIRECTION('',(0.,-0.642785624424041,-0.766046108947625));
#3713=DIRECTION('',(-1.,0.,0.));
#3714=DIRECTION('',(0.,1.,0.));
#3715=DIRECTION('',(0.,-0.984806732518405,-0.173653965075443));
#3716=DIRECTION('',(0.,-0.642785624424041,-0.766046108947625));
#3717=DIRECTION('',(-1.,0.,0.));
#3718=DIRECTION('',(0.,0.,1.));
#3719=DIRECTION('',(1.,0.,0.));
#3720=DIRECTION('',(0.,0.,1.));
#3721=DIRECTION('',(0.999990197943042,0.00383444772517686,-0.00221382665968789));
#3722=DIRECTION('',(0.00442764246933499,-0.866016207554754,0.499996324221134));
#3723=DIRECTION('',(-1.,0.,0.));
#3724=DIRECTION('',(0.,1.,0.));
#3725=DIRECTION('',(0.,-0.642785624424041,-0.766046108947625));
#3726=DIRECTION('',(0.,0.,-1.));
#3727=DIRECTION('',(-1.,0.,0.));
#3728=DIRECTION('',(0.,0.,1.));
#3729=DIRECTION('',(1.,0.,0.));
#3730=DIRECTION('',(0.,0.,1.));
#3731=DIRECTION('',(0.999987324681633,0.00495843330487657,-0.000874308430371526));
#3732=DIRECTION('',(0.00503492562709003,-0.984795173235072,0.17364652687812));
#3733=DIRECTION('',(1.,0.,0.));
#3734=DIRECTION('',(0.,1.,0.));
#3735=DIRECTION('',(0.,-0.642785624424041,-0.766046108947625));
#3736=DIRECTION('',(0.,0.,-1.));
#3737=DIRECTION('',(-1.20205023471219E-16,1.,0.));
#3738=DIRECTION('',(-1.,-1.20205023471219E-16,0.));
#3739=DIRECTION('',(0.,0.,1.));
#3740=DIRECTION('',(-1.,0.,0.));
#3741=DIRECTION('',(0.,0.,1.));
#3742=DIRECTION('',(0.,0.,1.));
#3743=DIRECTION('',(-1.22561984715753E-16,1.,0.));
#3744=DIRECTION('',(-1.,-1.22561984715753E-16,0.));
#3745=DIRECTION('',(1.24683249835833E-16,-1.,0.));
#3746=DIRECTION('',(1.,1.24683249835833E-16,0.));
#3747=DIRECTION('',(0.,0.,-1.));
#3748=DIRECTION('',(1.19262238973405E-16,-1.,0.));
#3749=DIRECTION('',(1.,1.19262238973405E-16,0.));
#3750=DIRECTION('',(0.,0.,-1.));
#3751=DIRECTION('',(1.,0.,0.));
#3752=DIRECTION('',(0.,0.,-1.));
#3753=DIRECTION('',(0.000598060235249826,0.766045971949441,-0.642785509469521));
#3754=DIRECTION('',(0.,0.642785624424041,0.766046108947625));
#3755=DIRECTION('',(-0.00164316236062206,0.642785509469521,0.766044443118978));
#3756=DIRECTION('',(-0.999998471169537,-0.000598060235249946,-0.00164316236062206));
#3757=DIRECTION('',(-0.00164316265448206,0.,0.999998650007334));
#3758=DIRECTION('',(-0.00164316236062206,0.642785509469521,0.766044443118978));
#3759=DIRECTION('',(0.000598060235249823,0.766045971949441,-0.642785509469521));
#3760=DIRECTION('',(0.,0.642785624424041,0.766046108947625));
#3761=DIRECTION('',(-0.000598060235249821,-0.766045971949441,0.642785509469521));
#3762=DIRECTION('',(0.,-0.642785624424041,-0.766046108947625));
#3763=DIRECTION('',(0.00164316236062206,-0.642785509469521,-0.766044443118978));
#3764=DIRECTION('',(-0.000598060235249826,-0.766045971949441,0.642785509469521));
#3765=DIRECTION('',(0.,-0.642785624424041,-0.766046108947625));
#3766=DIRECTION('',(0.00164316236062206,-0.642785509469521,-0.766044443118978));
#3767=DIRECTION('',(0.999998471169537,0.000598060235249946,0.00164316236062206));
#3768=DIRECTION('',(0.00164316265448206,0.,-0.999998650007334));
#3769=DIRECTION('',(0.00211240191022707,0.173653577632017,-0.984804535293055));
#3770=DIRECTION('',(0.,0.984806732518405,0.173653965075443));
#3771=DIRECTION('',(-0.00251747079099359,0.984804535293055,0.17364817766693));
#3772=DIRECTION('',(-0.999994600034913,-0.00211240191022719,-0.00251747079099359));
#3773=DIRECTION('',(-0.00251747640779413,0.,0.999996831151247));
#3774=DIRECTION('',(-0.00251747079099359,0.984804535293055,0.17364817766693));
#3775=DIRECTION('',(0.00211240191022707,0.173653577632017,-0.984804535293055));
#3776=DIRECTION('',(0.,0.984806732518405,0.173653965075443));
#3777=DIRECTION('',(-0.00211240191022707,-0.173653577632017,0.984804535293055));
#3778=DIRECTION('',(0.,-0.984806732518405,-0.173653965075443));
#3779=DIRECTION('',(0.00251747079099359,-0.984804535293055,-0.17364817766693));
#3780=DIRECTION('',(-0.00211240191022707,-0.173653577632017,0.984804535293055));
#3781=DIRECTION('',(0.,-0.984806732518405,-0.173653965075443));
#3782=DIRECTION('',(0.00251747079099359,-0.984804535293055,-0.17364817766693));
#3783=DIRECTION('',(0.999994600034913,0.00211240191022719,0.00251747079099359));
#3784=DIRECTION('',(0.00251747640779413,0.,-0.999996831151247));
#3785=DIRECTION('',(0.00383444772517674,-0.499990197943042,-0.866022574169704));
#3786=DIRECTION('',(0.,0.866028940800256,-0.499993873658854));
#3787=DIRECTION('',(-0.00221382665968789,0.866022574169704,-0.5));
#3788=DIRECTION('',(-0.999990197943042,-0.00383444772517686,-0.00221382665968789));
#3789=DIRECTION('',(0.00383445712158014,-0.999992648442269,0.));
#3790=DIRECTION('',(-0.00221382665968789,0.866022574169704,-0.5));
#3791=DIRECTION('',(0.00383444772517673,-0.499990197943042,-0.866022574169704));
#3792=DIRECTION('',(0.,0.866028940800256,-0.499993873658854));
#3793=DIRECTION('',(-0.00383444772517673,0.499990197943042,0.866022574169704));
#3794=DIRECTION('',(0.,-0.866028940800256,0.499993873658854));
#3795=DIRECTION('',(0.00221382665968789,-0.866022574169704,0.5));
#3796=DIRECTION('',(-0.00383444772517674,0.499990197943042,0.866022574169704));
#3797=DIRECTION('',(0.,-0.866028940800256,0.499993873658854));
#3798=DIRECTION('',(0.00221382665968789,-0.866022574169704,0.5));
#3799=DIRECTION('',(0.999990197943042,0.00383444772517686,0.00221382665968789));
#3800=DIRECTION('',(-0.00383445712158014,0.999992648442269,0.));
#3801=DIRECTION('',(0.00495843330487645,-0.939679945467541,-0.342019025823534));
#3802=DIRECTION('',(0.,0.342023230351353,-0.939691497194704));
#3803=DIRECTION('',(-0.000874308430371527,0.342019025823534,-0.939692620785908));
#3804=DIRECTION('',(-0.999987324681633,-0.00495843330487657,-0.000874308430371527));
#3805=DIRECTION('',(0.00495843520002863,-0.999987706884623,0.));
#3806=DIRECTION('',(-0.000874308430371527,0.342019025823534,-0.939692620785908));
#3807=DIRECTION('',(0.00495843330487645,-0.939679945467541,-0.342019025823534));
#3808=DIRECTION('',(0.,0.342023230351353,-0.939691497194704));
#3809=DIRECTION('',(-0.00495843330487645,0.939679945467541,0.342019025823534));
#3810=DIRECTION('',(0.,-0.342023230351353,0.939691497194704));
#3811=DIRECTION('',(0.000874308430371527,-0.342019025823534,0.939692620785908));
#3812=DIRECTION('',(-0.00495843330487645,0.939679945467541,0.342019025823534));
#3813=DIRECTION('',(0.,-0.342023230351353,0.939691497194704));
#3814=DIRECTION('',(0.000874308430371527,-0.342019025823534,0.939692620785908));
#3815=DIRECTION('',(0.999987324681633,0.00495843330487657,0.000874308430371527));
#3816=DIRECTION('',(-0.00495843520002863,0.999987706884623,0.));
#3817=DIRECTION('',(0.00495843330487645,-0.939679945467541,0.342019025823534));
#3818=DIRECTION('',(0.,-0.342023230351353,-0.939691497194705));
#3819=DIRECTION('',(0.000874308430371526,-0.342019025823534,-0.939692620785908));
#3820=DIRECTION('',(-0.999987324681633,-0.00495843330487657,0.000874308430371526));
#3821=DIRECTION('',(0.00495843520002863,-0.999987706884623,0.));
#3822=DIRECTION('',(0.000874308430371526,-0.342019025823534,-0.939692620785908));
#3823=DIRECTION('',(0.00495843330487645,-0.939679945467541,0.342019025823534));
#3824=DIRECTION('',(0.,-0.342023230351353,-0.939691497194705));
#3825=DIRECTION('',(-0.00495843330487645,0.939679945467541,-0.342019025823534));
#3826=DIRECTION('',(0.,0.342023230351353,0.939691497194705));
#3827=DIRECTION('',(-0.000874308430371526,0.342019025823534,0.939692620785908));
#3828=DIRECTION('',(-0.00495843330487645,0.939679945467541,-0.342019025823534));
#3829=DIRECTION('',(0.,0.342023230351353,0.939691497194705));
#3830=DIRECTION('',(-0.000874308430371526,0.342019025823534,0.939692620785908));
#3831=DIRECTION('',(0.999987324681633,0.00495843330487657,-0.000874308430371526));
#3832=DIRECTION('',(-0.00495843520002863,0.999987706884623,0.));
#3833=DIRECTION('',(0.00383444772517674,-0.499990197943042,0.866022574169704));
#3834=DIRECTION('',(0.,-0.866028940800256,-0.499993873658855));
#3835=DIRECTION('',(0.00221382665968789,-0.866022574169704,-0.5));
#3836=DIRECTION('',(-0.999990197943042,-0.00383444772517686,0.00221382665968789));
#3837=DIRECTION('',(0.00383445712158015,-0.999992648442269,0.));
#3838=DIRECTION('',(0.00221382665968789,-0.866022574169704,-0.5));
#3839=DIRECTION('',(0.00383444772517674,-0.499990197943042,0.866022574169704));
#3840=DIRECTION('',(0.,-0.866028940800256,-0.499993873658855));
#3841=DIRECTION('',(-0.00383444772517673,0.499990197943042,-0.866022574169704));
#3842=DIRECTION('',(0.,0.866028940800256,0.499993873658855));
#3843=DIRECTION('',(-0.00221382665968789,0.866022574169704,0.5));
#3844=DIRECTION('',(-0.00383444772517674,0.499990197943042,-0.866022574169704));
#3845=DIRECTION('',(0.,0.866028940800256,0.499993873658855));
#3846=DIRECTION('',(-0.00221382665968789,0.866022574169704,0.5));
#3847=DIRECTION('',(0.999990197943042,0.00383444772517686,-0.00221382665968789));
#3848=DIRECTION('',(-0.00383445712158015,0.999992648442269,0.));
#3849=DIRECTION('',(0.00211240191022707,0.173653577632016,0.984804535293055));
#3850=DIRECTION('',(0.,-0.984806732518405,0.173653965075443));
#3851=DIRECTION('',(0.00251747079099359,-0.984804535293055,0.17364817766693));
#3852=DIRECTION('',(-0.999994600034913,-0.0021124019102272,0.00251747079099359));
#3853=DIRECTION('',(0.00251747640779413,0.,0.999996831151247));
#3854=DIRECTION('',(0.00251747079099359,-0.984804535293055,0.17364817766693));
#3855=DIRECTION('',(0.00211240191022707,0.173653577632016,0.984804535293055));
#3856=DIRECTION('',(0.,-0.984806732518405,0.173653965075443));
#3857=DIRECTION('',(-0.00211240191022707,-0.173653577632016,-0.984804535293055));
#3858=DIRECTION('',(0.,0.984806732518405,-0.173653965075443));
#3859=DIRECTION('',(-0.00251747079099359,0.984804535293055,-0.17364817766693));
#3860=DIRECTION('',(-0.00211240191022707,-0.173653577632016,-0.984804535293055));
#3861=DIRECTION('',(0.,0.984806732518405,-0.173653965075443));
#3862=DIRECTION('',(-0.00251747079099359,0.984804535293055,-0.17364817766693));
#3863=DIRECTION('',(0.999994600034913,0.0021124019102272,-0.00251747079099359));
#3864=DIRECTION('',(-0.00251747640779413,0.,-0.999996831151247));
#3865=DIRECTION('',(0.000598060235249826,0.766045971949441,0.642785509469521));
#3866=DIRECTION('',(0.,-0.642785624424041,0.766046108947624));
#3867=DIRECTION('',(0.00164316236062207,-0.642785509469521,0.766044443118978));
#3868=DIRECTION('',(-0.999998471169537,-0.000598060235249947,0.00164316236062207));
#3869=DIRECTION('',(0.00164316265448206,0.,0.999998650007334));
#3870=DIRECTION('',(0.00164316236062207,-0.642785509469521,0.766044443118978));
#3871=DIRECTION('',(0.000598060235249824,0.766045971949441,0.642785509469521));
#3872=DIRECTION('',(0.,-0.642785624424041,0.766046108947624));
#3873=DIRECTION('',(-0.000598060235249822,-0.766045971949441,-0.642785509469521));
#3874=DIRECTION('',(0.,0.642785624424041,-0.766046108947624));
#3875=DIRECTION('',(-0.00164316236062207,0.642785509469521,-0.766044443118978));
#3876=DIRECTION('',(-0.000598060235249827,-0.766045971949441,-0.642785509469521));
#3877=DIRECTION('',(0.,0.642785624424041,-0.766046108947624));
#3878=DIRECTION('',(-0.00164316236062207,0.642785509469521,-0.766044443118978));
#3879=DIRECTION('',(0.999998471169537,0.000598060235249947,-0.00164316236062207));
#3880=DIRECTION('',(-0.00164316265448206,0.,-0.999998650007334));
#3881=DIRECTION('',(0.,0.,-1.));
#3882=DIRECTION('',(0.,0.,-1.));
#3883=DIRECTION('',(0.,0.,-1.));
#3884=DIRECTION('',(0.,0.,-1.));
#3885=DIRECTION('',(1.,0.,0.));
#3886=DIRECTION('',(0.,0.,-1.));
#3887=DIRECTION('',(0.,0.,-1.));
#3888=DIRECTION('',(0.,0.,-1.));
#3889=DIRECTION('',(0.,0.,-1.));
#3890=DIRECTION('',(0.,0.,-1.));
#3891=DIRECTION('',(0.,0.,-1.));
#3892=DIRECTION('',(-1.,0.,0.));
#3893=DIRECTION('',(0.,0.,1.));
#3894=DIRECTION('',(0.,0.,-1.));
#3895=DIRECTION('',(0.,0.,-1.));
#3896=DIRECTION('',(-0.707106781187225,-0.70710678118587,0.));
#3897=DIRECTION('',(0.,0.,-1.));
#3898=DIRECTION('',(0.,0.,-1.));
#3899=DIRECTION('',(0.,-1.,0.));
#3900=DIRECTION('',(0.,0.,-1.));
#3901=DIRECTION('',(0.,0.,-1.));
#3902=DIRECTION('',(0.,0.,-1.));
#3903=DIRECTION('',(0.707106781189401,-0.707106781183694,0.));
#3904=DIRECTION('',(0.,0.,-1.));
#3905=DIRECTION('',(1.,0.,0.));
#3906=DIRECTION('',(0.,0.,-1.));
#3907=DIRECTION('',(0.,0.,-1.));
#3908=DIRECTION('',(0.,-1.,0.));
#3909=DIRECTION('',(0.,0.,-1.));
#3910=DIRECTION('',(0.,0.,-1.));
#3911=DIRECTION('',(0.,0.,-1.));
#3912=DIRECTION('',(0.707106781186663,-0.707106781186432,0.));
#3913=DIRECTION('',(0.,0.,-1.));
#3914=DIRECTION('',(1.,0.,0.));
#3915=DIRECTION('',(0.,0.,-1.));
#3916=DIRECTION('',(0.,0.,-1.));
#3917=DIRECTION('',(0.,0.,-1.));
#3918=DIRECTION('',(0.707106781186521,0.707106781186574,0.));
#3919=DIRECTION('',(0.,0.,-1.));
#3920=DIRECTION('',(0.,1.,0.));
#3921=DIRECTION('',(0.,0.,1.));
#3922=DIRECTION('',(0.,0.,-1.));
#3923=DIRECTION('',(1.,0.,0.));
#3924=DIRECTION('',(0.,0.,-1.));
#3925=DIRECTION('',(0.,0.,-1.));
#3926=DIRECTION('',(0.,0.,-1.));
#3927=DIRECTION('',(0.70710678118892,0.707106781184175,0.));
#3928=DIRECTION('',(0.,0.,-1.));
#3929=DIRECTION('',(0.,1.,0.));
#3930=DIRECTION('',(0.,0.,1.));
#3931=DIRECTION('',(0.,0.,-1.));
#3932=DIRECTION('',(0.,0.,-1.));
#3933=DIRECTION('',(-0.707106781188064,0.707106781185031,0.));
#3934=DIRECTION('',(0.,0.,-1.));
#3935=DIRECTION('',(-1.,0.,0.));
#3936=DIRECTION('',(0.,0.,1.));
#3937=DIRECTION('',(0.,0.,-1.));
#3938=DIRECTION('',(0.,1.,0.));
#3939=DIRECTION('',(0.,0.,1.));
#3940=DIRECTION('',(0.,0.,-1.));
#3941=DIRECTION('',(0.875318034539858,-0.483547658880983,0.));
#3942=DIRECTION('',(0.483547658880983,0.875318034539858,0.));
#3943=DIRECTION('',(0.,0.,-1.));
#3944=DIRECTION('',(0.,0.,-1.));
#3945=DIRECTION('',(0.,1.,0.));
#3946=DIRECTION('',(0.,0.,1.));
#3947=DIRECTION('',(0.,0.,-1.));
#3948=DIRECTION('',(0.,0.,-1.));
#3949=DIRECTION('',(-0.507938300582999,0.861393454120041,0.));
#3950=DIRECTION('',(0.,0.,-1.));
#3951=DIRECTION('',(-0.875700348323951,0.482854947106593,0.));
#3952=DIRECTION('',(-0.482854947106593,-0.875700348323951,0.));
#3953=DIRECTION('',(0.,0.,-1.));
#3954=DIRECTION('',(0.,0.,-1.));
#3955=DIRECTION('',(-0.974205492963875,0.22566270732891,0.));
#3956=DIRECTION('',(0.,0.,-1.));
#3957=DIRECTION('',(-1.,0.,0.));
#3958=DIRECTION('',(0.,0.,1.));
#3959=DIRECTION('',(0.,0.,-1.));
#3960=DIRECTION('',(0.,0.,-1.));
#3961=DIRECTION('',(-0.707106781188162,-0.707106781184933,0.));
#3962=DIRECTION('',(0.,0.,-1.));
#3963=DIRECTION('',(0.,-1.,0.));
#3964=DIRECTION('',(0.,0.,-1.));
#3965=DIRECTION('',(0.,0.,-1.));
#3966=DIRECTION('',(-1.,0.,0.));
#3967=DIRECTION('',(0.,0.,1.));
#3968=DIRECTION('',(0.,0.,-1.));
#3969=DIRECTION('',(0.,0.,-1.));
#3970=DIRECTION('',(0.,0.,-1.));
#3971=DIRECTION('',(0.,0.,-1.));
#3972=DIRECTION('',(0.947711539802942,-0.319128245889229,0.));
#3973=DIRECTION('',(0.,0.,-1.));
#3974=DIRECTION('',(1.,0.,0.));
#3975=DIRECTION('',(0.,0.,-1.));
#3976=DIRECTION('',(0.,0.,-1.));
#3977=DIRECTION('',(0.,0.,-1.));
#3978=DIRECTION('',(0.947453384528509,0.319893863875931,0.));
#3979=DIRECTION('',(0.,0.,-1.));
#3980=DIRECTION('',(0.,0.,-1.));
#3981=DIRECTION('',(0.,0.,-1.));
#3982=DIRECTION('',(0.,0.,-1.));
#3983=DIRECTION('',(-0.947985972431141,0.318312104818186,0.));
#3984=DIRECTION('',(0.,0.,-1.));
#3985=DIRECTION('',(-1.,0.,0.));
#3986=DIRECTION('',(0.,0.,1.));
#3987=DIRECTION('',(0.,0.,-1.));
#3988=DIRECTION('',(0.,0.,-1.));
#3989=DIRECTION('',(-0.948242013602454,-0.317548553199606,0.));
#3990=DIRECTION('',(0.,0.,-1.));
#3991=DIRECTION('',(-0.707106781186351,-0.707106781186744,0.));
#3992=DIRECTION('',(0.,0.,-1.));
#3993=DIRECTION('',(0.,0.,-1.));
#3994=DIRECTION('',(0.,-1.,0.));
#3995=DIRECTION('',(0.,0.,-1.));
#3996=DIRECTION('',(0.,0.,-1.));
#3997=DIRECTION('',(0.,0.,-1.));
#3998=DIRECTION('',(0.707106781186146,-0.707106781186949,0.));
#3999=DIRECTION('',(0.,0.,-1.));
#4000=DIRECTION('',(1.,0.,0.));
#4001=DIRECTION('',(0.,0.,-1.));
#4002=DIRECTION('',(0.,0.,-1.));
#4003=DIRECTION('',(0.,-1.,0.));
#4004=DIRECTION('',(0.,0.,-1.));
#4005=DIRECTION('',(0.,0.,-1.));
#4006=DIRECTION('',(0.,0.,-1.));
#4007=DIRECTION('',(0.707106781187671,-0.707106781185424,0.));
#4008=DIRECTION('',(0.,0.,-1.));
#4009=DIRECTION('',(1.,0.,0.));
#4010=DIRECTION('',(0.,0.,-1.));
#4011=DIRECTION('',(0.,0.,-1.));
#4012=DIRECTION('',(0.,0.,-1.));
#4013=DIRECTION('',(0.707106781188581,0.707106781184514,0.));
#4014=DIRECTION('',(0.,0.,-1.));
#4015=DIRECTION('',(0.,1.,0.));
#4016=DIRECTION('',(0.,0.,1.));
#4017=DIRECTION('',(0.,0.,-1.));
#4018=DIRECTION('',(1.,0.,0.));
#4019=DIRECTION('',(0.,0.,-1.));
#4020=DIRECTION('',(0.,0.,-1.));
#4021=DIRECTION('',(0.,0.,-1.));
#4022=DIRECTION('',(0.70710678118669,0.707106781186405,0.));
#4023=DIRECTION('',(0.,0.,-1.));
#4024=DIRECTION('',(0.,1.,0.));
#4025=DIRECTION('',(0.,0.,1.));
#4026=DIRECTION('',(0.,0.,-1.));
#4027=DIRECTION('',(0.,0.,-1.));
#4028=DIRECTION('',(-0.707106781186387,0.707106781186708,0.));
#4029=DIRECTION('',(0.,0.,-1.));
#4030=DIRECTION('',(-1.,0.,0.));
#4031=DIRECTION('',(0.,0.,1.));
#4032=DIRECTION('',(0.,0.,-1.));
#4033=DIRECTION('',(0.,1.,0.));
#4034=DIRECTION('',(0.,0.,1.));
#4035=DIRECTION('',(0.,0.,-1.));
#4036=DIRECTION('',(0.,0.,-1.));
#4037=DIRECTION('',(-0.707106781183925,0.707106781189169,0.));
#4038=DIRECTION('',(0.,0.,-1.));
#4039=DIRECTION('',(-1.,0.,0.));
#4040=DIRECTION('',(0.,0.,1.));
#4041=DIRECTION('',(0.,0.,-1.));
#4042=DIRECTION('',(0.,0.,-1.));
#4043=DIRECTION('',(-0.70710678118389,-0.707106781189205,0.));
#4044=DIRECTION('',(0.,0.,-1.));
#4045=DIRECTION('',(0.,-1.,0.));
#4046=DIRECTION('',(0.,0.,-1.));
#4047=DIRECTION('',(0.,0.,-1.));
#4048=DIRECTION('',(-1.,0.,0.));
#4049=DIRECTION('',(0.,0.,1.));
#4050=CARTESIAN_POINT('',(0.,0.,0.));
#4051=CARTESIAN_POINT('',(-0.172999019792703,-0.000766892050745986,1.85236400898631E-18));
#4052=CARTESIAN_POINT('',(-0.290870957005474,0.00324247593757182,0.0299845321840154));
#4053=CARTESIAN_POINT('',(-0.290886008753194,0.00324020935413299,0.0299848352591818));
#4054=CARTESIAN_POINT('',(-0.2909006264922,0.00325498377908546,0.0299828608270929));
#4055=CARTESIAN_POINT('',(-0.290898375174799,0.00326990263580536,0.0299808520662544));
#4056=CARTESIAN_POINT('',(-0.290870933412291,0.00324232333614734,0.0299845626543359));
#4057=CARTESIAN_POINT('',(-0.290898528643748,0.00326992506498455,0.029980849046243));
#4058=CARTESIAN_POINT('',(-0.172999019792703,0.00324217018811972,0.0299845730655766));
#4059=CARTESIAN_POINT('',(-0.290715498835026,0.00324232349788427,0.029984552566625));
#4060=CARTESIAN_POINT('',(-0.29068805067309,0.00326990270246683,0.0299808528007605));
#4061=CARTESIAN_POINT('',(-0.290685798573359,0.00325497847770801,0.0299828622843667));
#4062=CARTESIAN_POINT('',(-0.290700418881771,0.0032402057827817,0.0299848357367905));
#4063=CARTESIAN_POINT('',(-0.290715475350754,0.00324247680764883,0.0299845320676734));
#4064=CARTESIAN_POINT('',(-0.290687897933724,0.00326992502809026,0.0299808474935673));
#4065=CARTESIAN_POINT('',(-0.29068774454152,-0.000766892050745986,1.85236400898631E-18));
#4066=CARTESIAN_POINT('',(-0.29068774454152,0.0036644792158975,0.0299250756165656));
#4067=CARTESIAN_POINT('',(-0.172999019792703,0.0036644792158975,0.0299250756165656));
#4068=CARTESIAN_POINT('',(-0.290243276519812,0.00366463251163613,0.0299250529153916));
#4069=CARTESIAN_POINT('',(-0.29021582848008,0.0036922119171366,0.0299209565068322));
#4070=CARTESIAN_POINT('',(-0.290213578416922,0.0036773019815288,0.029923178526473));
#4071=CARTESIAN_POINT('',(-0.290228181201995,0.00366251259934351,0.0299253668596823));
#4072=CARTESIAN_POINT('',(-0.290243252942548,0.00366478580737477,0.0299250302142177));
#4073=CARTESIAN_POINT('',(-0.290215675718118,0.00369223409970927,0.029920950732956));
#4074=CARTESIAN_POINT('',(-0.290215522319297,-0.000766892050745986,1.85236400898631E-18));
#4075=CARTESIAN_POINT('',(-0.290215675720971,0.00383377292428477,0.0298995182267469));
#4076=CARTESIAN_POINT('',(-0.290243252739722,0.00386122126615862,0.0298952800469554));
#4077=CARTESIAN_POINT('',(-0.290228178722126,0.0038634946863992,0.0298949280968659));
#4078=CARTESIAN_POINT('',(-0.290213580445166,0.00384869672359505,0.0298972200971388));
#4079=CARTESIAN_POINT('',(-0.290215829201625,0.00383379527588728,0.0298995130074481));
#4080=CARTESIAN_POINT('',(-0.290243276689347,0.00386137450570499,0.0298952563230085));
#4081=CARTESIAN_POINT('',(-0.172999019792703,0.00386152782700861,0.0298952325864042));
#4082=CARTESIAN_POINT('',(-0.29068774454152,0.00386152782700861,0.0298952325864042));
#4083=CARTESIAN_POINT('',(-0.29068774454152,-0.000766892050745986,1.85236400898631E-18));
#4084=CARTESIAN_POINT('',(-0.290687897950782,0.00425608190177765,0.0298314775169985));
#4085=CARTESIAN_POINT('',(-0.290715474749346,0.00428353032599679,0.0298268408614874));
#4086=CARTESIAN_POINT('',(-0.290700384001498,0.00428580613175624,0.0298264555112458));
#4087=CARTESIAN_POINT('',(-0.290685805112102,0.00427098869989617,0.0298289655760112));
#4088=CARTESIAN_POINT('',(-0.290688051454204,0.0042561041025251,0.029831471831008));
#4089=CARTESIAN_POINT('',(-0.29071549885842,0.00428368354149735,0.0298268149175013));
#4090=CARTESIAN_POINT('',(-0.172999019792703,0.00428383685478639,0.0298267889569565));
#4091=CARTESIAN_POINT('',(-0.29087092772462,0.0042836835414887,0.0298268149175027));
#4092=CARTESIAN_POINT('',(-0.290898375128869,0.00425610410252673,0.0298314718310077));
#4093=CARTESIAN_POINT('',(-0.290900622172021,0.0042709933451836,0.0298289647938419));
#4094=CARTESIAN_POINT('',(-0.290886047565495,0.00428580688334535,0.0298264553839832));
#4095=CARTESIAN_POINT('',(-0.290870951833693,0.00428353032596217,0.0298268408614933));
#4096=CARTESIAN_POINT('',(-0.290898528632837,0.00425608190562,0.0298314775163515));
#4097=CARTESIAN_POINT('',(-0.29089868204152,-0.000766892050745986,1.85236400898631E-18));
#4098=CARTESIAN_POINT('',(-0.29089868204152,0.00386152782700861,0.0298952325864042));
#4099=CARTESIAN_POINT('',(-0.172999019792703,0.00386152782700861,0.0298952325864042));
#4100=CARTESIAN_POINT('',(-0.291343149893692,0.00386137450569533,0.02989525632301));
#4101=CARTESIAN_POINT('',(-0.291370597381446,0.00383379527588918,0.0298995130074478));
#4102=CARTESIAN_POINT('',(-0.291372846728445,0.00384870063682709,0.0298972194950033));
#4103=CARTESIAN_POINT('',(-0.291358252010299,0.00386349531216881,0.0298949279999899));
#4104=CARTESIAN_POINT('',(-0.291343173843317,0.00386122126612194,0.0298952800469611));
#4105=CARTESIAN_POINT('',(-0.291370750862556,0.00383377292752195,0.0298995182262488));
#4106=CARTESIAN_POINT('',(-0.291370904263742,-0.000766892050745986,1.85236400898631E-18));
#4107=CARTESIAN_POINT('',(-0.29137075085925,0.00369223413729592,0.0299209524513941));
#4108=CARTESIAN_POINT('',(-0.291343179419871,0.00366478493641156,0.029925030343201));
#4109=CARTESIAN_POINT('',(-0.291358245701196,0.00366251628866614,0.0299253663132531));
#4110=CARTESIAN_POINT('',(-0.291372846546086,0.00367730793093396,0.0299231768958908));
#4111=CARTESIAN_POINT('',(-0.291370597370139,0.00369221184171751,0.0299209557741095));
#4112=CARTESIAN_POINT('',(-0.291343155691891,0.00366463235698146,0.0299250641065406));
#4113=CARTESIAN_POINT('',(-0.172999019792703,0.0036644792158975,0.0299250756165656));
#4114=CARTESIAN_POINT('',(-0.29089868204152,0.0036644792158975,0.0299250756165656));
#4115=CARTESIAN_POINT('',(-0.29089868204152,-0.000766892050745986,1.85236400898631E-18));
#4116=CARTESIAN_POINT('',(-0.287443386902631,0.0028949479658975,0.0300289548544818));
#4117=CARTESIAN_POINT('',(-0.287487246769364,0.0028949479658975,0.0300289548544818));
#4118=CARTESIAN_POINT('',(-0.287534491218623,0.00290426378246048,0.0300278367760888));
#4119=CARTESIAN_POINT('',(-0.287562744541517,0.00293813372978405,0.0300236571044524));
#4120=CARTESIAN_POINT('',(-0.287443386902631,0.0028949479658975,0.0300289548544818));
#4121=CARTESIAN_POINT('',(-0.287562744541519,0.00293813372978639,0.03002365710445));
#4122=CARTESIAN_POINT('',(-0.287323812249853,0.00293813372978639,0.03002365710445));
#4123=CARTESIAN_POINT('',(-0.287352176057264,0.00290433494131491,0.0300278279948316));
#4124=CARTESIAN_POINT('',(-0.287399398145389,0.00289494796589751,0.0300289548544819));
#4125=CARTESIAN_POINT('',(-0.287443386902631,0.00289494796589751,0.0300289548544819));
#4126=CARTESIAN_POINT('',(-0.287323812249853,0.00293813372978639,0.03002365710445));
#4127=CARTESIAN_POINT('',(-0.287288016841276,0.00305074165029751,0.0300095466158167));
#4128=CARTESIAN_POINT('',(-0.287285952124998,0.00301014288360404,0.0300147113462917));
#4129=CARTESIAN_POINT('',(-0.287298493226551,0.00297011905517697,0.0300197102492381));
#4130=CARTESIAN_POINT('',(-0.287323514442184,0.00293790580436401,0.0300236852303772));
#4131=CARTESIAN_POINT('',(-0.287287793935395,0.00305075269451907,0.0300095450458579));
#4132=CARTESIAN_POINT('',(-0.287287570930408,-0.000766892050745986,1.85236400898631E-18));
#4133=CARTESIAN_POINT('',(-0.287287797305187,0.00307855330473424,0.0300059960158496));
#4134=CARTESIAN_POINT('',(-0.287323509089499,0.00319118715068101,0.0299913456016103));
#4135=CARTESIAN_POINT('',(-0.287298477926152,0.00315907019931228,0.0299955842056034));
#4136=CARTESIAN_POINT('',(-0.287285930820696,0.00311911533499217,0.0300007969880555));
#4137=CARTESIAN_POINT('',(-0.287288023689708,0.0030785647047954,0.0300059938062591));
#4138=CARTESIAN_POINT('',(-0.287323812249853,0.00319095491034194,0.0299913762503925));
#4139=CARTESIAN_POINT('',(-0.287443386902631,0.00323392366034194,0.0299856745064358));
#4140=CARTESIAN_POINT('',(-0.287399397028866,0.00323392366034195,0.0299856745064358));
#4141=CARTESIAN_POINT('',(-0.287352321284074,0.00322475604073552,0.0299869156447807));
#4142=CARTESIAN_POINT('',(-0.287323812249853,0.00319095491034194,0.0299913762503925));
#4143=CARTESIAN_POINT('',(-0.287443386902631,0.00323392366034194,0.0299856745064358));
#4144=CARTESIAN_POINT('',(-0.287562744541519,0.00319095491034194,0.0299913762503925));
#4145=CARTESIAN_POINT('',(-0.287534468679009,0.00322468154152873,0.0299869254761554));
#4146=CARTESIAN_POINT('',(-0.287487287306248,0.00323392366034194,0.0299856745064358));
#4147=CARTESIAN_POINT('',(-0.287443386902631,0.00323392366034194,0.0299856745064358));
#4148=CARTESIAN_POINT('',(-0.287562744541519,0.00319095491034194,0.0299913762503925));
#4149=CARTESIAN_POINT('',(-0.287598314967682,0.00307856479220797,0.0300059937950567));
#4150=CARTESIAN_POINT('',(-0.287600408785888,0.00311908012679131,0.0300008015000878));
#4151=CARTESIAN_POINT('',(-0.287587947078107,0.00315901187208991,0.0299955919043329));
#4152=CARTESIAN_POINT('',(-0.287563051176425,0.00319118811260445,0.0299913454746614));
#4153=CARTESIAN_POINT('',(-0.287598541912275,0.00307855334879829,0.0300059960130489));
#4154=CARTESIAN_POINT('',(-0.287598768847075,-0.000766892050745986,1.85236400898631E-18));
#4155=CARTESIAN_POINT('',(-0.287598545218572,0.00305075266141329,0.0300095449950777));
#4156=CARTESIAN_POINT('',(-0.287563045952289,0.00293790476449154,0.030023685200472));
#4157=CARTESIAN_POINT('',(-0.287587931479914,0.00297017657496437,0.0300197029944282));
#4158=CARTESIAN_POINT('',(-0.28760038735264,0.00301017820053088,0.0300147066334965));
#4159=CARTESIAN_POINT('',(-0.287598321578747,0.00305074160701886,0.0300095464013554));
#4160=CARTESIAN_POINT('',(-0.286120956875965,0.00292867387374108,0.0300248229712978));
#4161=CARTESIAN_POINT('',(-0.286135998816107,0.00292640868358702,0.0300251017792546));
#4162=CARTESIAN_POINT('',(-0.286150627962547,0.00294117143895235,0.0300232858531295));
#4163=CARTESIAN_POINT('',(-0.286148375193038,0.00295610043160528,0.0300214344916487));
#4164=CARTESIAN_POINT('',(-0.286120933373601,0.00292852125749725,0.0300248510062246));
#4165=CARTESIAN_POINT('',(-0.286148528648307,0.00295612295143452,0.0300214316989214));
#4166=CARTESIAN_POINT('',(-0.172999019792703,0.00292836810478639,0.0300248606048877));
#4167=CARTESIAN_POINT('',(-0.285948571814427,0.0029285214240125,0.0300248417345822));
#4168=CARTESIAN_POINT('',(-0.285921123569837,0.00295610049164806,0.0300214352273578));
#4169=CARTESIAN_POINT('',(-0.285918870089914,0.00294116657869269,0.0300232871989954));
#4170=CARTESIAN_POINT('',(-0.285933502226744,0.00292640519136889,0.0300251022091564));
#4171=CARTESIAN_POINT('',(-0.285948548392889,0.00292867474323861,0.0300248228642768));
#4172=CARTESIAN_POINT('',(-0.285920970845901,0.00295612291500959,0.0300214302688205));
#4173=CARTESIAN_POINT('',(-0.285920817458186,-0.000766892050745986,1.85236400898631E-18));
#4174=CARTESIAN_POINT('',(-0.285920817458186,0.00328687504923083,0.0299785619111248));
#4175=CARTESIAN_POINT('',(-0.172999019792703,0.00328687504923083,0.0299785619111248));
#4176=CARTESIAN_POINT('',(-0.285709856464539,0.00328702835758118,0.0299785411796341));
#4177=CARTESIAN_POINT('',(-0.285682408314941,0.00331460758252979,0.0299747995369097));
#4178=CARTESIAN_POINT('',(-0.285680156421056,0.00329968480238009,0.0299768314878368));
#4179=CARTESIAN_POINT('',(-0.285694774962058,0.00328491042092187,0.0299788275945454));
#4180=CARTESIAN_POINT('',(-0.285709832970891,0.00328718166593152,0.0299785204481433));
#4181=CARTESIAN_POINT('',(-0.285682255573282,0.00331462989363551,0.0299747941801729));
#4182=CARTESIAN_POINT('',(-0.285682102180409,-0.000766892050745986,1.85236400898631E-18));
#4183=CARTESIAN_POINT('',(-0.285682255576123,0.00347266185266472,0.0299528543339224));
#4184=CARTESIAN_POINT('',(-0.28570983276658,0.00350011013004733,0.0299489548122986));
#4185=CARTESIAN_POINT('',(-0.285694771806619,0.0035023816881152,0.0299486311701786));
#4186=CARTESIAN_POINT('',(-0.285680158388938,0.00348759898784249,0.0299507384694655));
#4187=CARTESIAN_POINT('',(-0.285682409038901,0.00347268432274004,0.0299528495160874));
#4188=CARTESIAN_POINT('',(-0.285709856591895,0.00350026338834331,0.0299489329758954));
#4189=CARTESIAN_POINT('',(-0.172999019792703,0.0035004167158975,0.0299489111296242));
#4190=CARTESIAN_POINT('',(-0.285920817458186,0.0035004167158975,0.0299489111296242));
#4191=CARTESIAN_POINT('',(-0.285920817458186,-0.000766892050745986,1.85236400898631E-18));
#4192=CARTESIAN_POINT('',(-0.285920970864728,0.00410894650313255,0.0298558790385945));
#4193=CARTESIAN_POINT('',(-0.285948547742408,0.00413639489781101,0.0298513815268257));
#4194=CARTESIAN_POINT('',(-0.28593346300401,0.00413866984675289,0.0298510078514082));
#4195=CARTESIAN_POINT('',(-0.285918877152186,0.00412385939688788,0.0298534416756668));
#4196=CARTESIAN_POINT('',(-0.28592112435999,0.00410896875794511,0.0298558735148424));
#4197=CARTESIAN_POINT('',(-0.285948571794185,0.00413654812195143,0.0298513563579388));
#4198=CARTESIAN_POINT('',(-0.172999019792703,0.00413670143811972,0.0298513311739352));
#4199=CARTESIAN_POINT('',(-0.286118323538854,0.00413654812194276,0.0298513563579402));
#4200=CARTESIAN_POINT('',(-0.286145770973084,0.00410896875794672,0.0298558735148422));
#4201=CARTESIAN_POINT('',(-0.286148018842428,0.00412386378047471,0.0298534409597688));
#4202=CARTESIAN_POINT('',(-0.286133437012391,0.00413867055302575,0.0298510077353982));
#4203=CARTESIAN_POINT('',(-0.286118347590631,0.00413639489777633,0.0298513815268314));
#4204=CARTESIAN_POINT('',(-0.286145924468858,0.00410894650675857,0.0298558790380024));
#4205=CARTESIAN_POINT('',(-0.286146077874853,-0.000766892050745986,1.85236400898631E-18));
#4206=CARTESIAN_POINT('',(-0.286146077874853,0.0035004167158975,0.0299489111296243));
#4207=CARTESIAN_POINT('',(-0.172999019792703,0.0035004167158975,0.0299489111296242));
#4208=CARTESIAN_POINT('',(-0.286771077874853,0.0035004167158975,0.0299489111296241));
#4209=CARTESIAN_POINT('',(-0.289128446376825,-0.000766892050745986,1.85236400898631E-18));
#4210=CARTESIAN_POINT('',(-0.286098768847075,0.00471743060478641,0.0297501160833032));
#4211=CARTESIAN_POINT('',(-0.286118300097076,0.00474781254923083,0.0297444992416244));
#4212=CARTESIAN_POINT('',(-0.286101652861,0.00474781254923083,0.0297444992416244));
#4213=CARTESIAN_POINT('',(-0.286090780421179,0.00473176880511214,0.0297474728896879));
#4214=CARTESIAN_POINT('',(-0.286098768847075,0.00471743060478639,0.0297501160833032));
#4215=CARTESIAN_POINT('',(-0.286118300097076,0.00474781254923083,0.0297444992416244));
#4216=CARTESIAN_POINT('',(-0.172999019792703,0.00474781254923083,0.0297444992416244));
#4217=CARTESIAN_POINT('',(-0.28630146148112,0.00474788276946884,0.0297444862224451));
#4218=CARTESIAN_POINT('',(-0.286337255335499,0.00472556323908722,0.0297486160106807));
#4219=CARTESIAN_POINT('',(-0.286330483942999,0.00473870835101958,0.0297461890426651));
#4220=CARTESIAN_POINT('',(-0.286316449348221,0.00474761007429924,0.0297445367823153));
#4221=CARTESIAN_POINT('',(-0.286301463142943,0.00474795298970672,0.0297444732032658));
#4222=CARTESIAN_POINT('',(-0.286337370065863,0.00472561937435855,0.029748605423231));
#4223=CARTESIAN_POINT('',(-0.289366047728331,-0.000766892050745986,1.85236400898631E-18));
#4224=CARTESIAN_POINT('',(-0.287085011862407,0.00337018174168833,0.0299671790929008));
#4225=CARTESIAN_POINT('',(-0.287092935722589,0.00333115686843758,0.029972540716729));
#4226=CARTESIAN_POINT('',(-0.287093727541684,0.00334465343217075,0.0299706953750564));
#4227=CARTESIAN_POINT('',(-0.287091047119874,0.00335805936736794,0.0299688526415808));
#4228=CARTESIAN_POINT('',(-0.287085108178281,0.0033702278694239,0.0299671727182618));
#4229=CARTESIAN_POINT('',(-0.287093031107285,0.00333115142678912,0.0299725418432581));
#4230=CARTESIAN_POINT('',(-0.287093126485964,-0.000766892050745986,1.85236400898631E-18));
#4231=CARTESIAN_POINT('',(-0.287092973087513,0.0033146299306,0.0299747957503509));
#4232=CARTESIAN_POINT('',(-0.287065401469285,0.00328718079576459,0.0299785205658182));
#4233=CARTESIAN_POINT('',(-0.287080454682655,0.00328491400413374,0.0299788271099113));
#4234=CARTESIAN_POINT('',(-0.287095070717412,0.00329969016941951,0.0299768300135229));
#4235=CARTESIAN_POINT('',(-0.287092819616527,0.00331460751493347,0.0299747988025835));
#4236=CARTESIAN_POINT('',(-0.28706537786252,0.0032870281965574,0.0299785513838622));
#4237=CARTESIAN_POINT('',(-0.172999019792703,0.00328687504923083,0.0299785619111248));
#4238=CARTESIAN_POINT('',(-0.286148682041519,0.00328687504923083,0.0299785619111248));
#4239=CARTESIAN_POINT('',(-0.286148682041519,-0.000766892050745986,1.85236400898631E-18));
#4240=CARTESIAN_POINT('',(-0.288570991069298,0.0028949479658975,0.0300289548544818));
#4241=CARTESIAN_POINT('',(-0.288738162130112,0.0028949479658975,0.0300289548544818));
#4242=CARTESIAN_POINT('',(-0.288909280394191,0.00294237339837192,0.0300233742556864));
#4243=CARTESIAN_POINT('',(-0.289026503222076,0.00306161463256417,0.0300081611988448));
#4244=CARTESIAN_POINT('',(-0.288570991069298,0.0028949479658975,0.0300289548544818));
#4245=CARTESIAN_POINT('',(-0.289026503222076,0.00306161463256416,0.0300081611988447));
#4246=CARTESIAN_POINT('',(-0.28811547891652,0.00306161463256416,0.0300081611988447));
#4247=CARTESIAN_POINT('',(-0.288232589938819,0.0029424871290864,0.0300233597456736));
#4248=CARTESIAN_POINT('',(-0.28840387480451,0.00289494796589751,0.0300289548544819));
#4249=CARTESIAN_POINT('',(-0.288570991069298,0.00289494796589751,0.0300289548544819));
#4250=CARTESIAN_POINT('',(-0.28811547891652,0.00306161463256416,0.0300081611988447));
#4251=CARTESIAN_POINT('',(-0.287951633430408,0.00352559032700861,0.029945313439613));
#4252=CARTESIAN_POINT('',(-0.287951633430408,0.00335688775833101,0.0299694959483248));
#4253=CARTESIAN_POINT('',(-0.287995882768139,0.00318327005237381,0.0299926401349345));
#4254=CARTESIAN_POINT('',(-0.28811547891652,0.00306161463256417,0.0300081611988449));
#4255=CARTESIAN_POINT('',(-0.287951633430408,0.00352559032700861,0.029945313439613));
#4256=CARTESIAN_POINT('',(-0.287951633430408,-0.000766892050745986,1.85236400898631E-18));
#4257=CARTESIAN_POINT('',(-0.287951633430408,0.00415059032700861,0.0298490463670864));
#4258=CARTESIAN_POINT('',(-0.28811547891652,0.00461456602145306,0.0297688950244574));
#4259=CARTESIAN_POINT('',(-0.287995962278836,0.00449299148139916,0.0297908726050632));
#4260=CARTESIAN_POINT('',(-0.287951633430408,0.00431948881078766,0.0298212211793937));
#4261=CARTESIAN_POINT('',(-0.287951633430408,0.00415059032700861,0.0298490463670864));
#4262=CARTESIAN_POINT('',(-0.28811547891652,0.00461456602145306,0.0297688950244574));
#4263=CARTESIAN_POINT('',(-0.288570991069298,0.00478123268811972,0.0297382836398133));
#4264=CARTESIAN_POINT('',(-0.288403576446772,0.00478123268811972,0.0297382836398133));
#4265=CARTESIAN_POINT('',(-0.288232373675668,0.00473347353804357,0.0297473995737704));
#4266=CARTESIAN_POINT('',(-0.28811547891652,0.00461456602145305,0.0297688950244573));
#4267=CARTESIAN_POINT('',(-0.288570991069298,0.00478123268811972,0.0297382836398133));
#4268=CARTESIAN_POINT('',(-0.289026503222076,0.00461456602145306,0.0297688950244574));
#4269=CARTESIAN_POINT('',(-0.288909716530317,0.00473336360989088,0.0297474194459809));
#4270=CARTESIAN_POINT('',(-0.288738346512837,0.00478123268811972,0.0297382836398133));
#4271=CARTESIAN_POINT('',(-0.288570991069298,0.00478123268811972,0.0297382836398133));
#4272=CARTESIAN_POINT('',(-0.289026503222076,0.00461456602145306,0.0297688950244574));
#4273=CARTESIAN_POINT('',(-0.289190348708186,0.00415059032700861,0.0298490463670864));
#4274=CARTESIAN_POINT('',(-0.289190348708186,0.00431954303331919,0.0298212122465005));
#4275=CARTESIAN_POINT('',(-0.289146173061089,0.00449283564216523,0.0297909007768278));
#4276=CARTESIAN_POINT('',(-0.289026503222076,0.00461456602145305,0.0297688950244573));
#4277=CARTESIAN_POINT('',(-0.289190348708186,0.00415059032700861,0.0298490463670864));
#4278=CARTESIAN_POINT('',(-0.289190348708186,-0.000766892050745986,1.85236400898631E-18));
#4279=CARTESIAN_POINT('',(-0.289190348708186,0.00352559032700861,0.029945313439613));
#4280=CARTESIAN_POINT('',(-0.289026503222076,0.00306161463256416,0.0300081611988447));
#4281=CARTESIAN_POINT('',(-0.289145954578138,0.00318312276694315,0.0299926589259309));
#4282=CARTESIAN_POINT('',(-0.289190348708186,0.00335693595480003,0.0299694890396479));
#4283=CARTESIAN_POINT('',(-0.289190348708186,0.00352559032700861,0.029945313439613));
#4284=CARTESIAN_POINT('',(-0.968827971165719,-0.000766892050745986,1.85236400898631E-18));
#4285=CARTESIAN_POINT('',(-0.279999019792703,-0.0205258353080154,0.022907015591648));
#4286=CARTESIAN_POINT('',(-0.301949557650407,-0.0205158919408564,0.0229155886963528));
#4287=CARTESIAN_POINT('',(-0.279999019792703,-0.000766892050745986,1.85236400898631E-18));
#4288=CARTESIAN_POINT('',(-0.279999019792703,-0.030494465930096,0.00560522552693366));
#4289=CARTESIAN_POINT('',(-0.110641114905655,-0.000766892050745986,1.85236400898631E-18));
#4290=CARTESIAN_POINT('',(-0.301922026243904,-0.0304858496636351,0.00565073095831892));
#4291=CARTESIAN_POINT('',(-0.301999030592692,-0.000766892050745986,1.85236400898631E-18));
#4292=CARTESIAN_POINT('',(-0.301923715894852,-0.0306248783735672,0.00486290599397313));
#4293=CARTESIAN_POINT('',(-0.489356924679749,-0.000766892050745986,1.85236400898631E-18));
#4294=CARTESIAN_POINT('',(-0.279999019792703,-0.0306322890328544,0.00481718434991502));
#4295=CARTESIAN_POINT('',(-0.279999019792703,-0.000766892050745986,1.85236400898631E-18));
#4296=CARTESIAN_POINT('',(-0.279999019792703,-0.0271256383873655,-0.0148446520175364));
#4297=CARTESIAN_POINT('',(-0.195681519941645,-0.000766892050745986,1.85236400898631E-18));
#4298=CARTESIAN_POINT('',(-0.301930510765383,-0.0271668060972818,-0.0147713147788381));
#4299=CARTESIAN_POINT('',(-0.301999039397009,-0.000766892050745986,1.85236400898631E-18));
#4300=CARTESIAN_POINT('',(-0.301933577889586,-0.0267669837058028,-0.0154642308534453));
#4301=CARTESIAN_POINT('',(-0.40431651964376,-0.000766892050745986,1.85236400898631E-18));
#4302=CARTESIAN_POINT('',(-0.279999019792703,-0.0267238838182073,-0.0155364661472275));
#4303=CARTESIAN_POINT('',(-0.279999019792703,-0.000766892050745986,1.85236400898631E-18));
#4304=CARTESIAN_POINT('',(-0.279999019792703,-0.011395754102917,-0.0283226851381701));
#4305=CARTESIAN_POINT('',(-0.219328377393097,-0.000766892050745986,1.85236400898631E-18));
#4306=CARTESIAN_POINT('',(-0.301970565960115,-0.0114976918518506,-0.0282842206466541));
#4307=CARTESIAN_POINT('',(-0.301999045143661,-0.000766892050745986,1.85236400898631E-18));
#4308=CARTESIAN_POINT('',(-0.301974532480484,-0.0107460364113204,-0.0285580790633897));
#4309=CARTESIAN_POINT('',(-0.380669662192315,-0.000766892050745986,1.85236400898631E-18));
#4310=CARTESIAN_POINT('',(-0.279999019792703,-0.0106430945952496,-0.02859384243609));
#4311=CARTESIAN_POINT('',(-0.279999019792703,-0.000766892050745986,1.85236400898631E-18));
#4312=CARTESIAN_POINT('',(-0.279999019792703,0.00929658575798086,-0.028528470277133));
#4313=CARTESIAN_POINT('',(-0.219328377393097,-0.000766892050745986,1.85236400898631E-18));
#4314=CARTESIAN_POINT('',(-0.302023459231966,0.00919352498081115,-0.0285646161276057));
#4315=CARTESIAN_POINT('',(-0.301999045143661,-0.000766892050745986,1.85236400898631E-18));
#4316=CARTESIAN_POINT('',(-0.302027426210949,0.00994535982538424,-0.0282912506210374));
#4317=CARTESIAN_POINT('',(-0.380669662192315,-0.000766892050745986,1.85236400898631E-18));
#4318=CARTESIAN_POINT('',(-0.279999019792703,0.0100474511288157,-0.0282523836791636));
#4319=CARTESIAN_POINT('',(-0.279999019792703,-0.000766892050745986,1.85236400898631E-18));
#4320=CARTESIAN_POINT('',(-0.279999019792703,0.0252685448249881,-0.0154046495789313));
#4321=CARTESIAN_POINT('',(-0.195681519941645,-0.000766892050745986,1.85236400898631E-18));
#4322=CARTESIAN_POINT('',(-0.302064441642598,0.025225355023175,-0.0154774123808941));
#4323=CARTESIAN_POINT('',(-0.301999039397009,-0.000766892050745986,1.85236400898631E-18));
#4324=CARTESIAN_POINT('',(-0.302067509664825,0.0256255287108539,-0.0147846991279052));
#4325=CARTESIAN_POINT('',(-0.40431651964376,-0.000766892050745986,1.85236400898631E-18));
#4326=CARTESIAN_POINT('',(-0.279999019792703,0.0256667863348726,-0.0147108072166582));
#4327=CARTESIAN_POINT('',(-0.279999019792703,-0.000766892050745986,1.85236400898631E-18));
#4328=CARTESIAN_POINT('',(-0.279999019792703,0.0290849321991805,0.00490059087371114));
#4329=CARTESIAN_POINT('',(-0.110641114905658,-0.000766892050745986,1.85236400898631E-18));
#4330=CARTESIAN_POINT('',(-0.302074327160063,0.0290924515028087,0.00485456532665997));
#4331=CARTESIAN_POINT('',(-0.301999030592692,-0.000766892050745986,1.85236400898631E-18));
#4332=CARTESIAN_POINT('',(-0.302076017373592,0.0289536428679458,0.00564242909630505));
#4333=CARTESIAN_POINT('',(-0.489356924679753,-0.000766892050745986,1.85236400898631E-18));
#4334=CARTESIAN_POINT('',(-0.279999019792703,0.0289449083379075,0.00568824398429034));
#4335=CARTESIAN_POINT('',(-0.279999019792703,-0.000766892050745986,1.85236400898631E-18));
#4336=CARTESIAN_POINT('',(-0.279999019792703,0.0189739288750344,0.0229226349082359));
#4337=CARTESIAN_POINT('',(0.368829931580315,-0.000766892050745986,1.85236400898631E-18));
#4338=CARTESIAN_POINT('',(-0.302048486567639,0.0189839200731097,0.0229140267610944));
#4339=CARTESIAN_POINT('',(-0.301999022850369,-0.000766892050745986,1.85236400898631E-18));
#4340=CARTESIAN_POINT('',(-0.3020489650691,0.0183711041349711,0.0234282800042059));
#4341=CARTESIAN_POINT('',(-0.968827971165626,-0.000766892050745986,1.85236400898631E-18));
#4342=CARTESIAN_POINT('',(-0.279999019792703,0.0183608885378443,0.0234366211667713));
#4343=CARTESIAN_POINT('',(-0.279999019792703,-0.000766892050745986,1.85236400898631E-18));
#4344=CARTESIAN_POINT('',(-0.279999019792703,-0.000366892050745984,0.0302487553786929));
#4345=CARTESIAN_POINT('',(-0.172999019792703,-0.000366892050745971,0.0302487553786929));
#4346=CARTESIAN_POINT('',(-0.301999019792703,-0.000366892050745986,0.0302487553786929));
#4347=CARTESIAN_POINT('',(-0.301999019792703,-0.000766892050745986,1.85236400898631E-18));
#4348=CARTESIAN_POINT('',(-0.301999019792703,-0.00116689205074599,0.0302487553786929));
#4349=CARTESIAN_POINT('',(-0.172999019792703,-0.00116689205074597,0.0302487553786929));
#4350=CARTESIAN_POINT('',(-0.279999019792703,-0.00116689205074598,0.0302487553786929));
#4351=CARTESIAN_POINT('',(-0.279999019792703,-0.000766892050745986,1.85236400898631E-18));
#4352=CARTESIAN_POINT('',(-0.279999019792703,-0.0199132016516922,0.0234214865161184));
#4353=CARTESIAN_POINT('',(0.368829931580221,-0.000766892050745986,1.85236400898631E-18));
#4354=CARTESIAN_POINT('',(-0.301949079252907,-0.0199030353345536,0.0234297934728751));
#4355=CARTESIAN_POINT('',(-0.301999022850369,-0.000766892050745986,1.85236400898631E-18));
#4356=CARTESIAN_POINT('',(-0.291999007562041,-0.000766892050745986,1.85236400898631E-18));
#4357=CARTESIAN_POINT('',(-0.292048474985454,0.0189793892606882,-0.0229179313274499));
#4358=CARTESIAN_POINT('',(-0.292048953227014,0.0183664716521378,-0.0234320634040873));
#4359=CARTESIAN_POINT('',(-0.968827971165619,-0.000766892050745986,1.85236400898631E-18));
#4360=CARTESIAN_POINT('',(-0.313999019792703,0.0183766389737422,-0.0234237576378015));
#4361=CARTESIAN_POINT('',(-0.313999019792703,-0.000766892050745986,1.85236400898631E-18));
#4362=CARTESIAN_POINT('',(-0.313999019792703,-0.00036689205074597,-0.0302487553786929));
#4363=CARTESIAN_POINT('',(-0.172999019792703,-0.00036689205074597,-0.0302487553786929));
#4364=CARTESIAN_POINT('',(-0.291999019792703,-0.00036689205074597,-0.0302487553786929));
#4365=CARTESIAN_POINT('',(-0.291999019792703,-0.000766892050745986,1.85236400898631E-18));
#4366=CARTESIAN_POINT('',(-0.291999019792703,-0.00116689205074599,-0.0302487553786929));
#4367=CARTESIAN_POINT('',(-0.172999019792703,-0.00116689205074597,-0.0302487553786929));
#4368=CARTESIAN_POINT('',(-0.313999019792703,-0.00116689205074597,-0.0302487553786929));
#4369=CARTESIAN_POINT('',(-0.313999019792703,-0.000766892050745986,1.85236400898631E-18));
#4370=CARTESIAN_POINT('',(-0.313999019792703,-0.0198974527665907,-0.0234343518932652));
#4371=CARTESIAN_POINT('',(0.368829931580225,-0.000766892050745986,1.85236400898631E-18));
#4372=CARTESIAN_POINT('',(-0.291949067411987,-0.0199076673612687,-0.0234260095294117));
#4373=CARTESIAN_POINT('',(-0.291999007562041,-0.000766892050745986,1.85236400898631E-18));
#4374=CARTESIAN_POINT('',(-0.291949546069388,-0.02052042229716,-0.0229116835864151));
#4375=CARTESIAN_POINT('',(-0.96882797116562,-0.000766892050745986,1.85236400898631E-18));
#4376=CARTESIAN_POINT('',(-0.313999019792703,-0.020510432101645,-0.0229202929348328));
#4377=CARTESIAN_POINT('',(-0.313999019792703,-0.000766892050745986,1.85236400898631E-18));
#4378=CARTESIAN_POINT('',(-0.313999019792703,-0.0304810732841088,-0.00567579382913732));
#4379=CARTESIAN_POINT('',(-0.110641114905651,-0.000766892050745986,1.85236400898631E-18));
#4380=CARTESIAN_POINT('',(-0.29192201617482,-0.0304897885690722,-0.00562997553466014));
#4381=CARTESIAN_POINT('',(-0.291998976592749,-0.000766892050745986,1.85236400898631E-18));
#4382=CARTESIAN_POINT('',(-0.291923707232221,-0.0306282670912666,-0.00484205355705474));
#4383=CARTESIAN_POINT('',(-0.489356924679752,-0.000766892050745986,1.85236400898631E-18));
#4384=CARTESIAN_POINT('',(-0.313999019792703,-0.0306207670312214,-0.00488808250852462));
#4385=CARTESIAN_POINT('',(-0.313999019792703,-0.000766892050745986,1.85236400898631E-18));
#4386=CARTESIAN_POINT('',(-0.313999019792703,-0.0271893735751677,0.0147309087313578));
#4387=CARTESIAN_POINT('',(-0.195681519941652,-0.000766892050745986,1.85236400898631E-18));
#4388=CARTESIAN_POINT('',(-0.291930558685666,-0.0271480602543986,0.0148047683592345));
#4389=CARTESIAN_POINT('',(-0.291998941375478,-0.000766892050745986,1.85236400898631E-18));
#4390=CARTESIAN_POINT('',(-0.291933628054929,-0.0267473596220812,0.0154971773796006));
#4391=CARTESIAN_POINT('',(-0.404316519643753,-0.000766892050745986,1.85236400898631E-18));
#4392=CARTESIAN_POINT('',(-0.313999019792703,-0.0267906051043765,0.0154244468575799));
#4393=CARTESIAN_POINT('',(-0.313999019792703,-0.000766892050745986,1.85236400898631E-18));
#4394=CARTESIAN_POINT('',(-0.313999019792703,-0.0115534414233233,0.0282630068215141));
#4395=CARTESIAN_POINT('',(-0.219328377393094,-0.000766892050745986,1.85236400898631E-18));
#4396=CARTESIAN_POINT('',(-0.291970684517292,-0.0114513136983389,0.0283017726656204));
#4397=CARTESIAN_POINT('',(-0.29199891838887,-0.000766892050745986,1.85236400898631E-18));
#4398=CARTESIAN_POINT('',(-0.291974652184196,-0.0106992097474121,0.0285743988061428));
#4399=CARTESIAN_POINT('',(-0.380669662192312,-0.000766892050745986,1.85236400898631E-18));
#4400=CARTESIAN_POINT('',(-0.313999019792703,-0.0108023069302422,0.0285383540197466));
#4401=CARTESIAN_POINT('',(-0.313999019792703,-0.000766892050745986,1.85236400898631E-18));
#4402=CARTESIAN_POINT('',(-0.313999019792703,0.00913743014551544,0.028584114535746));
#4403=CARTESIAN_POINT('',(-0.219328377393094,-0.000766892050745986,1.85236400898631E-18));
#4404=CARTESIAN_POINT('',(-0.292023578893033,0.00924033496227878,0.0285482505500738));
#4405=CARTESIAN_POINT('',(-0.29199891838887,-0.000766892050745986,1.85236400898631E-18));
#4406=CARTESIAN_POINT('',(-0.292027544725481,0.00999172129645539,0.0282736527672925));
#4407=CARTESIAN_POINT('',(-0.380669662192309,-0.000766892050745986,1.85236400898631E-18));
#4408=CARTESIAN_POINT('',(-0.313999019792703,0.00988982053093648,0.0283122178380891));
#4409=CARTESIAN_POINT('',(-0.313999019792703,-0.000766892050745986,1.85236400898631E-18));
#4410=CARTESIAN_POINT('',(-0.313999019792703,0.0252019094291092,0.015516718456551));
#4411=CARTESIAN_POINT('',(-0.195681519941652,-0.000766892050745986,1.85236400898631E-18));
#4412=CARTESIAN_POINT('',(-0.292064491743365,0.0252449538454716,0.0154444512700007));
#4413=CARTESIAN_POINT('',(-0.291998941375478,-0.000766892050745986,1.85236400898631E-18));
#4414=CARTESIAN_POINT('',(-0.292067557520531,0.0256442492923123,0.0147512309627706));
#4415=CARTESIAN_POINT('',(-0.40431651964376,-0.000766892050745986,1.85236400898631E-18));
#4416=CARTESIAN_POINT('',(-0.313999019792703,0.0256031370373607,0.0148246000908088));
#4417=CARTESIAN_POINT('',(-0.313999019792703,-0.000766892050745986,1.85236400898631E-18));
#4418=CARTESIAN_POINT('',(-0.313999019792703,0.0290964838426401,-0.00482969794193491));
#4419=CARTESIAN_POINT('',(-0.110641114905655,-0.000766892050745986,1.85236400898631E-18));
#4420=CARTESIAN_POINT('',(-0.292074318475146,0.029089054066906,-0.00487541622631887));
#4421=CARTESIAN_POINT('',(-0.291998976592749,-0.000766892050745986,1.85236400898631E-18));
#4422=CARTESIAN_POINT('',(-0.292076007282223,0.0289496952443054,-0.00566318298270434));
#4423=CARTESIAN_POINT('',(-0.489356924679755,-0.000766892050745986,1.85236400898631E-18));
#4424=CARTESIAN_POINT('',(-0.313999019792703,0.0289583306257211,-0.00561768090892007));
#4425=CARTESIAN_POINT('',(-0.313999019792703,-0.000766892050745986,1.85236400898631E-18));
#4426=CARTESIAN_POINT('',(-0.313999019792703,0.0189893336322011,-0.0229093594132281));
#4427=CARTESIAN_POINT('',(0.36882993158027,-0.000766892050745986,1.85236400898631E-18));
#4428=CARTESIAN_POINT('',(-0.296952283293676,-0.000766892050745986,2.11251572852918E-18));
#4429=CARTESIAN_POINT('',(-0.290898375922892,0.00326989767491198,0.0339458540096744));
#4430=CARTESIAN_POINT('',(-0.290900621163759,0.00325499806363265,0.0339478918561123));
#4431=CARTESIAN_POINT('',(-0.290885855859463,0.00324023073150321,0.0339478857279973));
#4432=CARTESIAN_POINT('',(-0.290870954430899,0.00324247632540917,0.0339458552044047));
#4433=CARTESIAN_POINT('',(-0.290898528679336,0.00326992482911767,0.0339458840468245));
#4434=CARTESIAN_POINT('',(-0.290870928373921,0.00324232340353372,0.0339458701785812));
#4435=CARTESIAN_POINT('',(-0.29089868204152,-0.000766892050745986,2.11251572852918E-18));
#4436=CARTESIAN_POINT('',(-0.29089868204152,0.0036644792158975,0.0338966382803743));
#4437=CARTESIAN_POINT('',(-0.291343148397827,0.0036644792158975,0.033949372699593));
#4438=CARTESIAN_POINT('',(-0.291194992918925,0.0036644792158975,0.0339317947857314));
#4439=CARTESIAN_POINT('',(-0.29104683746678,0.0036644792158975,0.0339142166463432));
#4440=CARTESIAN_POINT('',(-0.29089868204152,0.0036644792158975,0.0338966382803743));
#4441=CARTESIAN_POINT('',(-0.291343150737432,0.00366463241002149,0.0339493529802276));
#4442=CARTESIAN_POINT('',(-0.291370598186808,0.00369220642599929,0.0339489991101621));
#4443=CARTESIAN_POINT('',(-0.291372840229187,0.00367732686764882,0.0339512195304452));
#4444=CARTESIAN_POINT('',(-0.291358080741998,0.0036625397198617,0.0339513975296295));
#4445=CARTESIAN_POINT('',(-0.291343177218277,0.00366478526802686,0.033949336168977));
#4446=CARTESIAN_POINT('',(-0.291370750901559,0.00369223385689545,0.0339490285365565));
#4447=CARTESIAN_POINT('',(-0.291370904263742,-0.000766892050745986,2.11251572852918E-18));
#4448=CARTESIAN_POINT('',(-0.291370750714551,0.0038337719473021,0.0339301225968959));
#4449=CARTESIAN_POINT('',(-0.291343168234871,0.00386122041959886,0.0339231144319739));
#4450=CARTESIAN_POINT('',(-0.291358274188396,0.00386350229262882,0.033924596751241));
#4451=CARTESIAN_POINT('',(-0.291372873422738,0.0038488664182672,0.0339283279077222));
#4452=CARTESIAN_POINT('',(-0.291370596990198,0.00383379268444936,0.0339301015343871));
#4453=CARTESIAN_POINT('',(-0.291343149622744,0.00386137446482539,0.0339230672839841));
#4454=CARTESIAN_POINT('',(-0.29089868204152,0.00386152782700861,0.0338702947647135));
#4455=CARTESIAN_POINT('',(-0.291046837755578,0.00386152782700861,0.0338878868370124));
#4456=CARTESIAN_POINT('',(-0.291194993499055,0.00386152782700861,0.0339054786615593));
#4457=CARTESIAN_POINT('',(-0.291343149271814,0.00386152782700861,0.0339230702395084));
#4458=CARTESIAN_POINT('',(-0.29089868204152,0.00386152782700861,0.0338702947647135));
#4459=CARTESIAN_POINT('',(-0.29089868204152,-0.000766892050745986,2.11251572852918E-18));
#4460=CARTESIAN_POINT('',(-0.290898528469713,0.00425608082539505,0.03381401552961));
#4461=CARTESIAN_POINT('',(-0.290870945719057,0.00428352940302532,0.0338066456988266));
#4462=CARTESIAN_POINT('',(-0.290886074397714,0.00428581489951573,0.0338081038613989));
#4463=CARTESIAN_POINT('',(-0.290900650829371,0.0042711710764023,0.0338120263357605));
#4464=CARTESIAN_POINT('',(-0.290898374700553,0.00425610126580464,0.0338139942042531));
#4465=CARTESIAN_POINT('',(-0.290870927400522,0.00428368349260312,0.0338065945855292));
#4466=CARTESIAN_POINT('',(-0.290715499126944,0.00428383685478639,0.0337881088509025));
#4467=CARTESIAN_POINT('',(-0.290767308429771,0.00428383685478639,0.0337942717855303));
#4468=CARTESIAN_POINT('',(-0.290819117736921,0.00428383685478639,0.0338004346838184));
#4469=CARTESIAN_POINT('',(-0.290870927048386,0.00428383685478639,0.0338065975458261));
#4470=CARTESIAN_POINT('',(-0.290715496445291,0.00428368390522961,0.0337881313944758));
#4471=CARTESIAN_POINT('',(-0.290688050552121,0.00425611008493747,0.0337889771593339));
#4472=CARTESIAN_POINT('',(-0.290685813217642,0.00427096026086827,0.0337865034533604));
#4473=CARTESIAN_POINT('',(-0.29070056262407,0.00428577652050998,0.0337860421667937));
#4474=CARTESIAN_POINT('',(-0.290715470571284,0.00428353095567283,0.033788151179221));
#4475=CARTESIAN_POINT('',(-0.290687897903703,0.00425608221378844,0.0337889480951667));
#4476=CARTESIAN_POINT('',(-0.29068774454152,-0.000766892050745986,2.11251572852918E-18));
#4477=CARTESIAN_POINT('',(-0.29068774454152,0.00386152782700861,0.0338452477866444));
#4478=CARTESIAN_POINT('',(-0.290243276971852,0.00386152782700861,0.0337924700461737));
#4479=CARTESIAN_POINT('',(-0.290391432798831,0.00386152782700861,0.0338100628754101));
#4480=CARTESIAN_POINT('',(-0.290539588655433,0.00386152782700861,0.0338276554551787));
#4481=CARTESIAN_POINT('',(-0.29068774454152,0.00386152782700861,0.0338452477866444));
#4482=CARTESIAN_POINT('',(-0.290243274518224,0.00386137483299024,0.0337924907090936));
#4483=CARTESIAN_POINT('',(-0.290215828369646,0.00383380079333816,0.0337929970860427));
#4484=CARTESIAN_POINT('',(-0.290213587627842,0.00384867246760959,0.0337907063575048));
#4485=CARTESIAN_POINT('',(-0.29022834467349,0.00386346722686584,0.033790431293399));
#4486=CARTESIAN_POINT('',(-0.290243248939373,0.00386122183897187,0.0337925086259987));
#4487=CARTESIAN_POINT('',(-0.29021567568148,0.00383377318601047,0.0337929674064088));
#4488=CARTESIAN_POINT('',(-0.290215522319297,-0.000766892050745986,2.11251572852918E-18));
#4489=CARTESIAN_POINT('',(-0.290215676034478,0.00369223619518064,0.0338119502477097));
#4490=CARTESIAN_POINT('',(-0.29024325821306,0.00366478643473786,0.0338188315324462));
#4491=CARTESIAN_POINT('',(-0.290228159752763,0.00366250579727312,0.0338173389154496));
#4492=CARTESIAN_POINT('',(-0.290213552687512,0.00367714194180386,0.0338136889025258));
#4493=CARTESIAN_POINT('',(-0.290215829749658,0.003692215396686,0.0338119712313444));
#4494=CARTESIAN_POINT('',(-0.290243276960295,0.00366463257808076,0.033818876678023));
#4495=CARTESIAN_POINT('',(-0.29068774454152,0.0036644792158975,0.0338716107825022));
#4496=CARTESIAN_POINT('',(-0.290539588751444,0.0036644792158975,0.0338540321549144));
#4497=CARTESIAN_POINT('',(-0.290391432988313,0.0036644792158975,0.0338364533002423));
#4498=CARTESIAN_POINT('',(-0.290243277252252,0.0036644792158975,0.0338188742174223));
#4499=CARTESIAN_POINT('',(-0.29068774454152,0.0036644792158975,0.0338716107825022));
#4500=CARTESIAN_POINT('',(-0.29068774454152,-0.000766892050745986,2.11251572852918E-18));
#4501=CARTESIAN_POINT('',(-0.290687898212902,0.0032699268774496,0.0339209138498725));
#4502=CARTESIAN_POINT('',(-0.290715480126421,0.00324247735856425,0.0339274366087984));
#4503=CARTESIAN_POINT('',(-0.290700402698564,0.00324020009812066,0.0339259195656666));
#4504=CARTESIAN_POINT('',(-0.290685774830329,0.00325482990423806,0.0339224589092087));
#4505=CARTESIAN_POINT('',(-0.290688051884284,0.00326990578900171,0.0339209345660998));
#4506=CARTESIAN_POINT('',(-0.290715499182518,0.00324232355030302,0.0339274778259445));
#4507=CARTESIAN_POINT('',(-0.29087092625989,0.00324217018811972,0.0339458880238217));
#4508=CARTESIAN_POINT('',(-0.290819117328424,0.00324217018811972,0.0339397504949761));
#4509=CARTESIAN_POINT('',(-0.290767308399633,0.00324217018811972,0.03393361294355));
#4510=CARTESIAN_POINT('',(-0.290715499473521,0.00324217018811972,0.0339274753695065));
#4511=CARTESIAN_POINT('',(-0.287562744541519,0.00293813372978639,0.033588884791979));
#4512=CARTESIAN_POINT('',(-0.287534328504392,0.00290406872142269,0.0335892789970337));
#4513=CARTESIAN_POINT('',(-0.287487097036834,0.0028949479658975,0.0335846678742285));
#4514=CARTESIAN_POINT('',(-0.287443386902631,0.0028949479658975,0.033579495019656));
#4515=CARTESIAN_POINT('',(-0.287562744541519,0.00293813372978639,0.033588884791979));
#4516=CARTESIAN_POINT('',(-0.287443386902631,0.0028949479658975,0.033579495019656));
#4517=CARTESIAN_POINT('',(-0.287598321901738,0.00305073526247099,0.0335804856962849));
#4518=CARTESIAN_POINT('',(-0.287600380371911,0.00301028561342158,0.0335853279834463));
#4519=CARTESIAN_POINT('',(-0.287587956330994,0.00297020832293931,0.0335883311081056));
#4520=CARTESIAN_POINT('',(-0.287563044679851,0.00293790337155026,0.0335889457254009));
#4521=CARTESIAN_POINT('',(-0.287598545224233,0.00305075255025728,0.0335805351067703));
#4522=CARTESIAN_POINT('',(-0.287598768847075,-0.000766892050745986,2.11251572852918E-18));
#4523=CARTESIAN_POINT('',(-0.28759854183921,0.00307855193546021,0.0335773377061723));
#4524=CARTESIAN_POINT('',(-0.287563048536746,0.00319119178947802,0.033560041358657));
#4525=CARTESIAN_POINT('',(-0.287587813854929,0.00315918608159619,0.0335667498844474));
#4526=CARTESIAN_POINT('',(-0.287600421093026,0.00311929897142367,0.0335728936720398));
#4527=CARTESIAN_POINT('',(-0.287598314753743,0.00307856065347532,0.0335773098171729));
#4528=CARTESIAN_POINT('',(-0.287562744541519,0.00319095491034194,0.0335600334480741));
#4529=CARTESIAN_POINT('',(-0.287443386902631,0.00323392366034194,0.0335407965279375));
#4530=CARTESIAN_POINT('',(-0.287487325823163,0.00323392366034194,0.03354600245766));
#4531=CARTESIAN_POINT('',(-0.287534433026776,0.00322472406647932,0.0335526970895124));
#4532=CARTESIAN_POINT('',(-0.287562744541517,0.0031909549103453,0.0335600334480739));
#4533=CARTESIAN_POINT('',(-0.287443386902631,0.00323392366034194,0.0335407965279375));
#4534=CARTESIAN_POINT('',(-0.287323812249853,0.00319095491034194,0.0335317287992688));
#4535=CARTESIAN_POINT('',(-0.287352425200824,0.00322487924742154,0.0335311142087933));
#4536=CARTESIAN_POINT('',(-0.287399655532743,0.00323392366034195,0.0335356151890346));
#4537=CARTESIAN_POINT('',(-0.287443386902631,0.00323392366034194,0.0335407965279375));
#4538=CARTESIAN_POINT('',(-0.287323812249853,0.00319095491034194,0.0335317287992688));
#4539=CARTESIAN_POINT('',(-0.287288023356794,0.0030785711576049,0.0335405648620656));
#4540=CARTESIAN_POINT('',(-0.287285942474065,0.00311891950922014,0.0335356924650285));
#4541=CARTESIAN_POINT('',(-0.28729849387925,0.00315909141466572,0.0335324906585483));
#4542=CARTESIAN_POINT('',(-0.287323510260919,0.00319118865368739,0.0335316654342713));
#4543=CARTESIAN_POINT('',(-0.287287797300341,0.00307855339862803,0.0335405144122617));
#4544=CARTESIAN_POINT('',(-0.287287570930408,-0.000766892050745986,2.11251572852918E-18));
#4545=CARTESIAN_POINT('',(-0.287287794134723,0.00305075553900811,0.0335437151279705));
#4546=CARTESIAN_POINT('',(-0.287323517012635,0.00293790249515375,0.0335605950583556));
#4547=CARTESIAN_POINT('',(-0.287298621579167,0.00296995217743799,0.0335541103888544));
#4548=CARTESIAN_POINT('',(-0.287285940152986,0.00300992926810675,0.0335481420737675));
#4549=CARTESIAN_POINT('',(-0.287288017339038,0.0030507471398965,0.0335437425127349));
#4550=CARTESIAN_POINT('',(-0.287323812249853,0.00293813372978639,0.0335606044760921));
#4551=CARTESIAN_POINT('',(-0.287443386902631,0.0028949479658975,0.033579495019656));
#4552=CARTESIAN_POINT('',(-0.287399369320578,0.0028949479658975,0.0335742857803171));
#4553=CARTESIAN_POINT('',(-0.287352215254717,0.00290428823297519,0.0335677027845869));
#4554=CARTESIAN_POINT('',(-0.287323812249855,0.00293813372978367,0.0335606044760925));
#4555=CARTESIAN_POINT('',(-0.286148375896596,0.00295609576607344,0.033419478096044));
#4556=CARTESIAN_POINT('',(-0.286150623003474,0.00294118451281234,0.0334214052364073));
#4557=CARTESIAN_POINT('',(-0.286135854789948,0.00292642859499937,0.033421287791928));
#4558=CARTESIAN_POINT('',(-0.286120954095715,0.00292867429258935,0.033419275749893));
#4559=CARTESIAN_POINT('',(-0.286148528679336,0.00295612274578433,0.0334195085028005));
#4560=CARTESIAN_POINT('',(-0.286120928290125,0.00292852133282876,0.0334192896093064));
#4561=CARTESIAN_POINT('',(-0.286148682041519,-0.000766892050745986,2.11251572852918E-18));
#4562=CARTESIAN_POINT('',(-0.286148682041519,0.00328687504923083,0.033381005812146));
#4563=CARTESIAN_POINT('',(-0.287065370684114,0.00328687504923084,0.0334896412914982));
#4564=CARTESIAN_POINT('',(-0.286759807703812,0.00328687504923084,0.0334534303041111));
#4565=CARTESIAN_POINT('',(-0.286454244822624,0.00328687504923084,0.0334172184803905));
#4566=CARTESIAN_POINT('',(-0.28614868204152,0.00328687504923084,0.0333810058121459));
#4567=CARTESIAN_POINT('',(-0.2870653728515,0.00328702825965064,0.0334896230022197));
#4568=CARTESIAN_POINT('',(-0.287092820377454,0.00331460246889777,0.0334895266400612));
#4569=CARTESIAN_POINT('',(-0.287095064870375,0.00329970753627697,0.0334916079533163));
#4570=CARTESIAN_POINT('',(-0.287080300838442,0.00328493559682622,0.0334916453846079));
#4571=CARTESIAN_POINT('',(-0.287065399007881,0.00328718116654559,0.0334896075925197));
#4572=CARTESIAN_POINT('',(-0.287092973123782,0.00331462969022898,0.0334895565319296));
#4573=CARTESIAN_POINT('',(-0.287093126485964,-0.000766892050745986,2.11251572852918E-18));
#4574=CARTESIAN_POINT('',(-0.287093031070347,0.00333115079734299,0.0334875306558436));
#4575=CARTESIAN_POINT('',(-0.287085071046703,0.00337030390488963,0.0334817724305814));
#4576=CARTESIAN_POINT('',(-0.28709101077818,0.00335816695652345,0.0334839762465946));
#4577=CARTESIAN_POINT('',(-0.287093732693877,0.00334473379941852,0.0334859515911172));
#4578=CARTESIAN_POINT('',(-0.287092935574863,0.0033311543511395,0.0334875189023729));
#4579=CARTESIAN_POINT('',(-0.287084975887684,0.00337025532700833,0.0334817613580762));
#4580=CARTESIAN_POINT('',(-0.29058749449125,-0.00298209428105833,2.11251572852918E-18));
#4581=CARTESIAN_POINT('',(-0.28633737057498,0.00472561822613015,0.0331971431763111));
#4582=CARTESIAN_POINT('',(-0.286301465783323,0.00474795292920494,0.0331891581477385));
#4583=CARTESIAN_POINT('',(-0.286316500070519,0.00474760795224139,0.0331910084618048));
#4584=CARTESIAN_POINT('',(-0.28633045989202,0.0047387583359346,0.0331941450775549));
#4585=CARTESIAN_POINT('',(-0.286337257371969,0.00472555864617362,0.0331971395348357));
#4586=CARTESIAN_POINT('',(-0.286301461425923,0.00474788277073172,0.0331891805122686));
#4587=CARTESIAN_POINT('',(-0.286118300097076,0.00474781254923083,0.0331673369290127));
#4588=CARTESIAN_POINT('',(-0.286179353848469,0.00474781254923083,0.0331746183321273));
#4589=CARTESIAN_POINT('',(-0.286240407607447,0.00474781254923083,0.0331818996716419));
#4590=CARTESIAN_POINT('',(-0.286301461373996,0.00474781254923083,0.033189180947682));
#4591=CARTESIAN_POINT('',(-0.286118300097076,0.00474781254923083,0.0331673369290127));
#4592=CARTESIAN_POINT('',(-0.286098768847075,0.00471743060478639,0.0331700452232511));
#4593=CARTESIAN_POINT('',(-0.286090821723955,0.00473169467192507,0.0331667391587921));
#4594=CARTESIAN_POINT('',(-0.286101787455802,0.00474781254923083,0.0331653675955179));
#4595=CARTESIAN_POINT('',(-0.286118300097076,0.00474781254923083,0.0331673369290127));
#4596=CARTESIAN_POINT('',(-0.286098768847075,0.00471743060478641,0.0331700452232511));
#4597=CARTESIAN_POINT('',(-0.29035348211831,-0.00298445190815235,2.11251572852918E-18));
#4598=CARTESIAN_POINT('',(-0.286771077874853,0.0035004167158975,0.03342819837256));
#4599=CARTESIAN_POINT('',(-0.286146077874853,0.0035004167158975,0.0333540709418886));
#4600=CARTESIAN_POINT('',(-0.28635441115658,0.0035004167158975,0.0333787805205583));
#4601=CARTESIAN_POINT('',(-0.286562744490028,0.0035004167158975,0.0334034896631508));
#4602=CARTESIAN_POINT('',(-0.286771077874853,0.0035004167158975,0.03342819837256));
#4603=CARTESIAN_POINT('',(-0.286146077874853,0.0035004167158975,0.0333540709418886));
#4604=CARTESIAN_POINT('',(-0.286146077874853,-0.000766892050745986,2.11251572852918E-18));
#4605=CARTESIAN_POINT('',(-0.286145924306561,0.00410894543198202,0.0332705420202005));
#4606=CARTESIAN_POINT('',(-0.286118341596505,0.00413639399302506,0.0332632277458403));
#4607=CARTESIAN_POINT('',(-0.28613346671095,0.00413867892242435,0.0332646895817444));
#4608=CARTESIAN_POINT('',(-0.286148046733006,0.00412403642221536,0.0332685827713676));
#4609=CARTESIAN_POINT('',(-0.286145770544363,0.00410896591848825,0.0332705207349829));
#4610=CARTESIAN_POINT('',(-0.286118323233855,0.00413654807593748,0.0332631772392839));
#4611=CARTESIAN_POINT('',(-0.285948572054642,0.00413670143811972,0.0332429935469256));
#4612=CARTESIAN_POINT('',(-0.286005155658633,0.00413670143811972,0.0332497224737662));
#4613=CARTESIAN_POINT('',(-0.286061739267726,0.00413670143811972,0.0332564513577061));
#4614=CARTESIAN_POINT('',(-0.286118322881911,0.00413670143811972,0.0332631801988235));
#4615=CARTESIAN_POINT('',(-0.285948569409035,0.00413654848147262,0.0332430157938576));
#4616=CARTESIAN_POINT('',(-0.285921123474951,0.00410897462734906,0.0332438078581879));
#4617=CARTESIAN_POINT('',(-0.285918885589697,0.00412382828589921,0.0332413631758543));
#4618=CARTESIAN_POINT('',(-0.285933636294805,0.00413864105049277,0.0332409312996611));
#4619=CARTESIAN_POINT('',(-0.285948543582107,0.00413639552482552,0.033243035284065));
#4620=CARTESIAN_POINT('',(-0.285920970820369,0.00410894679712158,0.0332437786963325));
#4621=CARTESIAN_POINT('',(-0.285920817458186,-0.000766892050745986,2.11251572852918E-18));
#4622=CARTESIAN_POINT('',(-0.285920817458186,0.0035004167158975,0.0333273535308646));
#4623=CARTESIAN_POINT('',(-0.285709856876322,0.0035004167158975,0.0333023318638222));
#4624=CARTESIAN_POINT('',(-0.285780177064361,0.0035004167158975,0.0333106724693805));
#4625=CARTESIAN_POINT('',(-0.28585049725832,0.0035004167158975,0.0333190130250239));
#4626=CARTESIAN_POINT('',(-0.285920817458187,0.0035004167158975,0.0333273535308647));
#4627=CARTESIAN_POINT('',(-0.285709854582944,0.00350026369120178,0.0333023511994397));
#4628=CARTESIAN_POINT('',(-0.285682408260184,0.00347268948693765,0.0333026177479528));
#4629=CARTESIAN_POINT('',(-0.285680165195558,0.00348757574958279,0.0333004566362308));
#4630=CARTESIAN_POINT('',(-0.285694926883632,0.00350235602229569,0.0333003125545711));
#4631=CARTESIAN_POINT('',(-0.285709829207702,0.00350011066650606,0.0333023677973408));
#4632=CARTESIAN_POINT('',(-0.285682255542592,0.00347266207489955,0.0333025876330197));
#4633=CARTESIAN_POINT('',(-0.285682102180409,-0.000766892050745986,2.11251572852918E-18));
#4634=CARTESIAN_POINT('',(-0.285682255863536,0.00331463181632258,0.0333223402479341));
#4635=CARTESIAN_POINT('',(-0.28570983784966,0.00328718223288598,0.0333289596558988));
#4636=CARTESIAN_POINT('',(-0.285694754867296,0.00328490407884883,0.0333274492187337));
#4637=CARTESIAN_POINT('',(-0.285680132475142,0.00329953547085513,0.03332393765259));
#4638=CARTESIAN_POINT('',(-0.285682409546664,0.00331461080563654,0.0333223610369428));
#4639=CARTESIAN_POINT('',(-0.285709856821407,0.00328702841141413,0.0333290019301111));
#4640=CARTESIAN_POINT('',(-0.285920817458186,0.00328687504923083,0.0333540011060181));
#4641=CARTESIAN_POINT('',(-0.285850497337692,0.00328687504923083,0.03334566727308));
#4642=CARTESIAN_POINT('',(-0.285780177222512,0.00328687504923083,0.0333373333953057));
#4643=CARTESIAN_POINT('',(-0.285709857112657,0.00328687504923083,0.0333289994725943));
#4644=CARTESIAN_POINT('',(-0.285920817458186,0.00328687504923083,0.033354001106018));
#4645=CARTESIAN_POINT('',(-0.285920817458186,-0.000766892050745986,2.11251572852918E-18));
#4646=CARTESIAN_POINT('',(-0.285920971104438,0.00295612462772946,0.0333925557419861));
#4647=CARTESIAN_POINT('',(-0.285948552856683,0.0029286752460618,0.0333988692652101));
#4648=CARTESIAN_POINT('',(-0.285933487173837,0.00292639988019895,0.0333973377827562));
#4649=CARTESIAN_POINT('',(-0.285918847782826,0.00294102663231597,0.033393987693004));
#4650=CARTESIAN_POINT('',(-0.285921124750689,0.00295610337289476,0.0333925762997692));
#4651=CARTESIAN_POINT('',(-0.285948572099184,0.00292852146696863,0.0333989081862272));
#4652=CARTESIAN_POINT('',(-0.286120926312328,0.00292836810478639,0.0334193063187415));
#4653=CARTESIAN_POINT('',(-0.286063475001849,0.00292836810478639,0.0334125061479087));
#4654=CARTESIAN_POINT('',(-0.286006023694297,0.00292836810478639,0.0334057059523525));
#4655=CARTESIAN_POINT('',(-0.285948572389676,0.00292836810478639,0.0333989057320275));
#4656=CARTESIAN_POINT('',(-0.289026503222076,0.00306161463256416,0.0337483515210408));
#4657=CARTESIAN_POINT('',(-0.288908670267513,0.00294175276620191,0.03374799736715));
#4658=CARTESIAN_POINT('',(-0.28873725083697,0.0028949479658975,0.033732612700336));
#4659=CARTESIAN_POINT('',(-0.288570991069298,0.0028949479658975,0.0337129376824769));
#4660=CARTESIAN_POINT('',(-0.289026503222076,0.00306161463256416,0.0337483515210408));
#4661=CARTESIAN_POINT('',(-0.288570991069298,0.0028949479658975,0.0337129376824769));
#4662=CARTESIAN_POINT('',(-0.289190348708186,0.00352559032700861,0.033711912848009));
#4663=CARTESIAN_POINT('',(-0.289190348708186,0.00335727755469474,0.033733343836288));
#4664=CARTESIAN_POINT('',(-0.289146060716064,0.00318323073241046,0.033748710858137));
#4665=CARTESIAN_POINT('',(-0.289026503222075,0.00306161463256419,0.0337483515210413));
#4666=CARTESIAN_POINT('',(-0.289190348708186,0.00352559032700861,0.033711912848009));
#4667=CARTESIAN_POINT('',(-0.289190348708186,-0.000766892050745986,2.11251572852918E-18));
#4668=CARTESIAN_POINT('',(-0.289190348708186,0.00415059032700861,0.0336264306743901));
#4669=CARTESIAN_POINT('',(-0.289026503222076,0.00461456602145306,0.0335357809336394));
#4670=CARTESIAN_POINT('',(-0.289145100838462,0.0044939263269036,0.0335692710440626));
#4671=CARTESIAN_POINT('',(-0.289190348708186,0.00432056441429487,0.0336015739006516));
#4672=CARTESIAN_POINT('',(-0.289190348708186,0.00415059032700861,0.0336264306743901));
#4673=CARTESIAN_POINT('',(-0.289026503222076,0.00461456602145306,0.0335357809336394));
#4674=CARTESIAN_POINT('',(-0.288570991069298,0.00478123268811972,0.0334542904777855));
#4675=CARTESIAN_POINT('',(-0.288739032860571,0.00478123268811972,0.0334743301236524));
#4676=CARTESIAN_POINT('',(-0.288909633734027,0.00473344783181169,0.033502778819608));
#4677=CARTESIAN_POINT('',(-0.289026503222076,0.00461456602145306,0.0335357809336394));
#4678=CARTESIAN_POINT('',(-0.288570991069298,0.00478123268811972,0.0334542904777855));
#4679=CARTESIAN_POINT('',(-0.28811547891652,0.00461456602145306,0.0334272259975278));
#4680=CARTESIAN_POINT('',(-0.288233182128561,0.00473429591131718,0.0334219763872883));
#4681=CARTESIAN_POINT('',(-0.288404848413696,0.00478123268811972,0.0334344773113319));
#4682=CARTESIAN_POINT('',(-0.288570991069298,0.00478123268811972,0.0334542904777855));
#4683=CARTESIAN_POINT('',(-0.28811547891652,0.00461456602145306,0.0334272259975278));
#4684=CARTESIAN_POINT('',(-0.287951633430408,0.00415059032700861,0.0334791426413845));
#4685=CARTESIAN_POINT('',(-0.287951633430408,0.00431887593246986,0.0334544245203696));
#4686=CARTESIAN_POINT('',(-0.287995666456932,0.00449269056587213,0.0334325696810494));
#4687=CARTESIAN_POINT('',(-0.28811547891652,0.00461456602145302,0.0334272259975274));
#4688=CARTESIAN_POINT('',(-0.287951633430408,0.00415059032700861,0.0334791426413845));
#4689=CARTESIAN_POINT('',(-0.287951633430408,-0.000766892050745986,2.11251572852918E-18));
#4690=CARTESIAN_POINT('',(-0.287951633430408,0.00352559032700861,0.0335649999251358));
#4691=CARTESIAN_POINT('',(-0.28811547891652,0.00306161463256416,0.0336404825388769));
#4692=CARTESIAN_POINT('',(-0.287996747572818,0.00318239035701823,0.0336126789112571));
#4693=CARTESIAN_POINT('',(-0.287951633430408,0.00335602494688137,0.0335866849067445));
#4694=CARTESIAN_POINT('',(-0.287951633430408,0.00352559032700861,0.0335649999251358));
#4695=CARTESIAN_POINT('',(-0.28811547891652,0.00306161463256416,0.0336404825388769));
#4696=CARTESIAN_POINT('',(-0.288570991069298,0.0028949479658975,0.0337129376824769));
#4697=CARTESIAN_POINT('',(-0.288403429376716,0.0028949479658975,0.0336931085961009));
#4698=CARTESIAN_POINT('',(-0.2882327122891,0.0029423626721113,0.0336679353827027));
#4699=CARTESIAN_POINT('',(-0.28811547891652,0.00306161463256417,0.033640482538877));
#4700=CARTESIAN_POINT('',(-0.296999019792703,-0.000766892050745986,2.11251572852918E-18));
#4701=CARTESIAN_POINT('',(-0.296999019792703,0.021358819926559,0.0269936183405151));
#4702=CARTESIAN_POINT('',(-0.296999019792703,0.0115596784091145,0.0326536096368249));
#4703=CARTESIAN_POINT('',(-0.296999019792703,0.0115596784091145,0.0326536096368249));
#4704=CARTESIAN_POINT('',(-0.295343046226231,0.0115007231409548,0.0324676254872586));
#4705=CARTESIAN_POINT('',(-0.293687073212667,0.0114417662637261,0.0322816369248725));
#4706=CARTESIAN_POINT('',(-0.292031100780767,0.0113828076937395,0.0320956437201526));
#4707=CARTESIAN_POINT('',(-0.292031100780767,0.0113828076937395,0.0320956437201526));
#4708=CARTESIAN_POINT('',(-0.291999020731407,-0.000746874588075554,-3.52963028668411E-6));
#4709=CARTESIAN_POINT('',(-0.292027134431605,0.0106312192277073,0.0323696861484104));
#4710=CARTESIAN_POINT('',(-0.296999019792703,0.0108080325946353,0.0329275520054224));
#4711=CARTESIAN_POINT('',(-0.295341724485736,0.0107490953492545,0.0327415982105467));
#4712=CARTESIAN_POINT('',(-0.293684429362181,0.0106901575695401,0.0325556429502757));
#4713=CARTESIAN_POINT('',(-0.292027134431605,0.0106312192277072,0.0323696861484104));
#4714=CARTESIAN_POINT('',(-0.296999019792703,0.0108080325946355,0.0329275520054223));
#4715=CARTESIAN_POINT('',(-0.296999019792703,-0.000766892050745986,2.11251572852918E-18));
#4716=CARTESIAN_POINT('',(-0.296999019792703,-0.000366892050745986,0.0349004664956796));
#4717=CARTESIAN_POINT('',(-0.296999019792703,-0.000366892050745986,0.0349004664956796));
#4718=CARTESIAN_POINT('',(-0.291332352817144,-0.000366892050745985,0.0342337560080081));
#4719=CARTESIAN_POINT('',(-0.285665686131699,-0.000366892050745985,0.0335670430545451));
#4720=CARTESIAN_POINT('',(-0.279999019792703,-0.000366892050745984,0.0329003271564665));
#4721=CARTESIAN_POINT('',(-0.279999019792703,-0.000366892050745984,0.0329003271564665));
#4722=CARTESIAN_POINT('',(-0.279999019792703,-0.000766892050745986,2.11251572852918E-18));
#4723=CARTESIAN_POINT('',(-0.279999019792703,0.0200652890753661,0.0254678573211684));
#4724=CARTESIAN_POINT('',(-0.296999019792703,0.0213588199265589,0.0269936183405151));
#4725=CARTESIAN_POINT('',(-0.291332352478292,0.020927646514491,0.0264850355515083));
#4726=CARTESIAN_POINT('',(-0.285665685772222,0.0204964697792144,0.0259764488014686));
#4727=CARTESIAN_POINT('',(-0.279999019792703,0.020065289075366,0.0254678573211685));
#4728=CARTESIAN_POINT('',(-0.296952283293676,-0.000766892050745986,2.11251572852918E-18));
#4729=CARTESIAN_POINT('',(-0.296999019792703,-0.000766892050745986,2.11251572852918E-18));
#4730=CARTESIAN_POINT('',(-0.296999019792703,-0.0130656224060075,0.0326641055788249));
#4731=CARTESIAN_POINT('',(-0.296999019792703,-0.0228953793145658,0.0269913432980097));
#4732=CARTESIAN_POINT('',(-0.296999019792703,-0.0228953793145658,0.0269913432980097));
#4733=CARTESIAN_POINT('',(-0.291332353031941,-0.02246944865758,0.0264784638579585));
#4734=CARTESIAN_POINT('',(-0.285665686359555,-0.0220435175177047,0.0259655838425011));
#4735=CARTESIAN_POINT('',(-0.279999019792703,-0.0216175858011754,0.025452703139909));
#4736=CARTESIAN_POINT('',(-0.279999019792703,-0.0216175858011755,0.025452703139909));
#4737=CARTESIAN_POINT('',(-0.279999019792703,-0.000766892050745986,2.11251572852918E-18));
#4738=CARTESIAN_POINT('',(-0.279999019792703,-0.00116689205074598,0.0329003271564665));
#4739=CARTESIAN_POINT('',(-0.296999019792703,-0.00116689205074599,0.0349004664956795));
#4740=CARTESIAN_POINT('',(-0.291332352817145,-0.00116689205074599,0.0342337560080083));
#4741=CARTESIAN_POINT('',(-0.285665686131695,-0.00116689205074598,0.0335670430545447));
#4742=CARTESIAN_POINT('',(-0.279999019792703,-0.00116689205074598,0.0329003271564666));
#4743=CARTESIAN_POINT('',(-0.296999019792703,-0.00116689205074599,0.0349004664956796));
#4744=CARTESIAN_POINT('',(-0.296999019792703,-0.000766892050745986,2.11251572852918E-18));
#4745=CARTESIAN_POINT('',(-0.296999019792703,-0.0123137433419843,0.0329374071061169));
#4746=CARTESIAN_POINT('',(-0.296999019792703,-0.0123137433419843,0.0329374071061169));
#4747=CARTESIAN_POINT('',(-0.295323046719138,-0.0122384578179768,0.032754861423936));
#4748=CARTESIAN_POINT('',(-0.293647074211913,-0.0121631706510891,0.0325723112198143));
#4749=CARTESIAN_POINT('',(-0.291971102300852,-0.0120878817548054,0.0323897562556221));
#4750=CARTESIAN_POINT('',(-0.291971102300852,-0.0120878817548054,0.0323897562556221));
#4751=CARTESIAN_POINT('',(-0.291999020731407,-0.000746874588075554,3.52963028668834E-6));
#4752=CARTESIAN_POINT('',(-0.291967135150577,-0.012839783606712,0.0321165748507908));
#4753=CARTESIAN_POINT('',(-0.296999019792703,-0.0130656224060074,0.0326641055788249));
#4754=CARTESIAN_POINT('',(-0.295321724720823,-0.0129903433613694,0.0324815968641024));
#4755=CARTESIAN_POINT('',(-0.293644429836807,-0.0129150637711784,0.0322990866477768));
#4756=CARTESIAN_POINT('',(-0.291967135150577,-0.0128397836067118,0.0321165748507908));
#4757=CARTESIAN_POINT('',(-0.279999019792703,-0.000766892050745986,0.));
#4758=CARTESIAN_POINT('',(-0.279999019792703,-0.000469636388328926,0.000249425803941255));
#4759=CARTESIAN_POINT('',(-0.279999019792703,-0.00116689205074598,0.));
#4760=CARTESIAN_POINT('',(-0.313999019792703,-0.000766892050745986,0.));
#4761=CARTESIAN_POINT('',(-0.313999019792703,-0.00106689656395143,-0.000251732351484311));
#4762=CARTESIAN_POINT('',(-0.313999019792703,0.0200810255189201,-0.0254549771166847));
#4763=CARTESIAN_POINT('',(-0.313999019792703,-0.000766892050745986,2.11251572852918E-18));
#4764=CARTESIAN_POINT('',(-0.313999019792703,-0.000366892050745988,-0.0329003271564665));
#4765=CARTESIAN_POINT('',(-0.313999019792703,-0.000366892050745988,0.));
#4766=CARTESIAN_POINT('',(-0.29704575629173,-0.000766892050745986,2.11251572852918E-18));
#4767=CARTESIAN_POINT('',(-0.313999019792703,0.0200810255189201,-0.0254549771166846));
#4768=CARTESIAN_POINT('',(-0.308332353229123,0.0205069575514075,-0.0259678581958199));
#4769=CARTESIAN_POINT('',(-0.302665686556549,0.0209328889883413,-0.0264807385652999));
#4770=CARTESIAN_POINT('',(-0.296999019792703,0.0213588199265591,-0.026993618340515));
#4771=CARTESIAN_POINT('',(-0.296999019792703,0.021358819926559,-0.026993618340515));
#4772=CARTESIAN_POINT('',(-0.296999019792703,-0.000766892050745986,2.11251572852918E-18));
#4773=CARTESIAN_POINT('',(-0.296999019792703,0.0115596784091145,-0.0326536096368249));
#4774=CARTESIAN_POINT('',(-0.302030975608519,0.011333841804001,-0.0321060859690379));
#4775=CARTESIAN_POINT('',(-0.300353657187216,0.0114091212065866,-0.0322885953286946));
#4776=CARTESIAN_POINT('',(-0.298676338578824,0.0114844000659002,-0.0324711031930263));
#4777=CARTESIAN_POINT('',(-0.296999019792703,0.0115596784091145,-0.0326536096368249));
#4778=CARTESIAN_POINT('',(-0.302030975608519,0.011333841804001,-0.0321060859690379));
#4779=CARTESIAN_POINT('',(-0.301998942801098,-0.000786909518635906,-3.5296312070237E-6));
#4780=CARTESIAN_POINT('',(-0.302027009064698,0.0105821771891524,-0.0323799191794589));
#4781=CARTESIAN_POINT('',(-0.302027009064698,0.0105821771891524,-0.0323799191794589));
#4782=CARTESIAN_POINT('',(-0.300351013208596,0.0106574639716371,-0.0325624679889514));
#4783=CARTESIAN_POINT('',(-0.298675016774884,0.0107327490788672,-0.032745012187393));
#4784=CARTESIAN_POINT('',(-0.296999019792703,0.0108080325946354,-0.0329275520054223));
#4785=CARTESIAN_POINT('',(-0.296999019792703,0.0108080325946355,-0.0329275520054223));
#4786=CARTESIAN_POINT('',(-0.296999019792703,-0.000766892050745986,2.11251572852918E-18));
#4787=CARTESIAN_POINT('',(-0.296999019792703,-0.000366892050745986,-0.0349004664956796));
#4788=CARTESIAN_POINT('',(-0.313999019792703,-0.000366892050745988,-0.0329003271564665));
#4789=CARTESIAN_POINT('',(-0.308332353453707,-0.000366892050745987,-0.0335670430545451));
#4790=CARTESIAN_POINT('',(-0.302665686768262,-0.000366892050745987,-0.0342337560080081));
#4791=CARTESIAN_POINT('',(-0.296999019792703,-0.000366892050745986,-0.0349004664956796));
#4792=CARTESIAN_POINT('',(-0.296952283293676,-0.000766892050745986,2.11251572852918E-18));
#4793=CARTESIAN_POINT('',(-0.296999019792703,0.0213588199265591,-0.026993618340515));
#4794=CARTESIAN_POINT('',(-0.295351226836224,0.0212334403212274,-0.026845729097859));
#4795=CARTESIAN_POINT('',(-0.293703433931362,0.0211080604339336,-0.0266978395191237));
#4796=CARTESIAN_POINT('',(-0.292055641080788,0.0209826802500941,-0.0265499495869267));
#4797=CARTESIAN_POINT('',(-0.292055641080788,0.020982680250094,-0.0265499495869266));
#4798=CARTESIAN_POINT('',(-0.291999019905855,-0.000764477676240617,-6.63346110949407E-6));
#4799=CARTESIAN_POINT('',(-0.292055162722091,0.0215955520356295,-0.0260357629003684));
#4800=CARTESIAN_POINT('',(-0.296999019792703,0.0219716833590421,-0.0264794212540499));
#4801=CARTESIAN_POINT('',(-0.295351067428203,0.0218463062929167,-0.0263315351858343));
#4802=CARTESIAN_POINT('',(-0.293703115071203,0.0217209291858189,-0.0261836490687824));
#4803=CARTESIAN_POINT('',(-0.292055162722091,0.0215955520356295,-0.0260357629003684));
#4804=CARTESIAN_POINT('',(-0.296999019792703,0.0219716833590421,-0.0264794212540499));
#4805=CARTESIAN_POINT('',(-0.296999019792703,-0.000766892050745986,2.11251572852918E-18));
#4806=CARTESIAN_POINT('',(-0.296999019792703,0.0292637871147787,-0.0177865362134783));
#4807=CARTESIAN_POINT('',(-0.296999019792703,0.0292637871147787,-0.0177865362134783));
#4808=CARTESIAN_POINT('',(-0.291332352043155,0.0286974722960656,-0.0174344895016933));
#4809=CARTESIAN_POINT('',(-0.285665685310682,0.0281311499862124,-0.0170824384694705));
#4810=CARTESIAN_POINT('',(-0.279999019792703,0.0275648187311387,-0.0167303822781839));
#4811=CARTESIAN_POINT('',(-0.279999019792703,0.0275648187311387,-0.0167303822781839));
#4812=CARTESIAN_POINT('',(-0.279999019792703,-0.000766892050745986,2.11251572852918E-18));
#4813=CARTESIAN_POINT('',(-0.279999019792703,0.0109543909083593,-0.0307441547744465));
#4814=CARTESIAN_POINT('',(-0.296999019792703,0.0115596784091146,-0.0326536096368249));
#4815=CARTESIAN_POINT('',(-0.291332346255964,0.0113579359026546,-0.0320171795150293));
#4816=CARTESIAN_POINT('',(-0.285665679168961,0.0111561746185321,-0.0313806978960627));
#4817=CARTESIAN_POINT('',(-0.279999019792703,0.0109543909083595,-0.0307441547744464));
#4818=CARTESIAN_POINT('',(-0.296952283293676,-0.000766892050745986,2.11251572852918E-18));
#4819=CARTESIAN_POINT('',(-0.296999019792703,-0.0235081898755963,0.0264770832014689));
#4820=CARTESIAN_POINT('',(-0.291332352478292,-0.0230822087378333,0.0259641435999383));
#4821=CARTESIAN_POINT('',(-0.285665685772222,-0.0226562242763041,0.0254512000378426));
#4822=CARTESIAN_POINT('',(-0.279999019792703,-0.0222302358455375,0.024938251746045));
#4823=CARTESIAN_POINT('',(-0.296999019792703,-0.0235081898755961,0.0264770832014691));
#4824=CARTESIAN_POINT('',(-0.279999019792703,-0.0222302358455373,0.0249382517460452));
#4825=CARTESIAN_POINT('',(-0.296999019792703,-0.000766892050745986,2.11251572852918E-18));
#4826=CARTESIAN_POINT('',(-0.296999019792703,-0.0307858395686277,0.0178063289741235));
#4827=CARTESIAN_POINT('',(-0.296999019792703,-0.0307858395686278,0.0178063289741235));
#4828=CARTESIAN_POINT('',(-0.295307563315493,-0.03061018315116,0.0177124045339016));
#4829=CARTESIAN_POINT('',(-0.29361610722737,-0.0304345238711303,0.0176184784392831));
#4830=CARTESIAN_POINT('',(-0.291924651549149,-0.0302588615763827,0.0175245506023299));
#4831=CARTESIAN_POINT('',(-0.291924651549149,-0.0302588615763828,0.0175245506023299));
#4832=CARTESIAN_POINT('',(-0.291999020518504,-0.000751412222969142,8.93731193536653E-6));
#4833=CARTESIAN_POINT('',(-0.291921583191384,-0.0306591665232193,0.0168319131320986));
#4834=CARTESIAN_POINT('',(-0.296999019792703,-0.0311860659689967,0.0171136325701841));
#4835=CARTESIAN_POINT('',(-0.295306540832948,-0.0310104335024527,0.0170197264850068));
#4836=CARTESIAN_POINT('',(-0.293614061964227,-0.0308348003657333,0.0169258200125068));
#4837=CARTESIAN_POINT('',(-0.291921583191384,-0.0306591665232193,0.0168319131320983));
#4838=CARTESIAN_POINT('',(-0.296999019792703,-0.0311860659689966,0.0171136325701842));
#4839=CARTESIAN_POINT('',(-0.296999019792703,-0.000766892050745986,2.11251572852918E-18));
#4840=CARTESIAN_POINT('',(-0.296999019792703,-0.0350688161178788,0.00644829953621103));
#4841=CARTESIAN_POINT('',(-0.296999019792703,-0.0350688161178788,0.00644829953621103));
#4842=CARTESIAN_POINT('',(-0.291332353021223,-0.0344144481795523,0.00632075787003317));
#4843=CARTESIAN_POINT('',(-0.285665686348185,-0.0337600794170205,0.00619321605873186));
#4844=CARTESIAN_POINT('',(-0.279999019792703,-0.0331057096702714,0.00606567407413266));
#4845=CARTESIAN_POINT('',(-0.279999019792703,-0.0331057096702714,0.00606567407413265));
#4846=CARTESIAN_POINT('',(-0.279999019792703,-0.000766892050745986,2.11251572852918E-18));
#4847=CARTESIAN_POINT('',(-0.279999019792703,-0.000766892050745986,0.));
#4848=CARTESIAN_POINT('',(-0.279999019792703,-0.00108247338508561,-0.000264802787561625));
#4849=CARTESIAN_POINT('',(-0.279999019792703,-0.000704766865457731,0.000352317326611269));
#4850=CARTESIAN_POINT('',(-0.313999019792703,-0.000766892050745986,0.));
#4851=CARTESIAN_POINT('',(-0.313999019792703,-0.000454059567194746,0.00026249624001857));
#4852=CARTESIAN_POINT('',(-0.313999019792703,0.0206937316490047,-0.0249405925635344));
#4853=CARTESIAN_POINT('',(-0.313999019792703,-0.000831218202750133,-0.000364799200197733));
#4854=CARTESIAN_POINT('',(-0.313999019792703,0.0315695864737231,-0.00607813159112893));
#4855=CARTESIAN_POINT('',(-0.313999019792703,-0.000766892050745986,2.11251572852918E-18));
#4856=CARTESIAN_POINT('',(-0.29704575629173,-0.000766892050745986,2.11251572852918E-18));
#4857=CARTESIAN_POINT('',(-0.313999019792703,0.0206937316490047,-0.0249405925635344));
#4858=CARTESIAN_POINT('',(-0.308332353804677,0.0211197192600478,-0.0254535398784263));
#4859=CARTESIAN_POINT('',(-0.302665687099115,0.021545702950894,-0.0259664825220524));
#4860=CARTESIAN_POINT('',(-0.296999019792703,0.0219716833590421,-0.0264794212540499));
#4861=CARTESIAN_POINT('',(-0.313999019792703,0.0315695864737231,-0.00607813159112901));
#4862=CARTESIAN_POINT('',(-0.308332353225456,0.0322239544790458,-0.00620567326868243));
#4863=CARTESIAN_POINT('',(-0.302665686553093,0.0328783216042905,-0.00633321479127448));
#4864=CARTESIAN_POINT('',(-0.296999019792703,0.0335326879925385,-0.0064607561840985));
#4865=CARTESIAN_POINT('',(-0.296999019792703,0.0335326879925385,-0.0064607561840984));
#4866=CARTESIAN_POINT('',(-0.296999019792703,-0.000766892050745986,2.11251572852918E-18));
#4867=CARTESIAN_POINT('',(-0.296999019792703,0.0296635567934525,-0.0170935761254533));
#4868=CARTESIAN_POINT('',(-0.302076485227384,0.0291366616886843,-0.0168118593212736));
#4869=CARTESIAN_POINT('',(-0.30038399683772,0.0293122940422473,-0.0169057652994699));
#4870=CARTESIAN_POINT('',(-0.298691508357977,0.0294879257326811,-0.0169996708944159));
#4871=CARTESIAN_POINT('',(-0.296999019792703,0.0296635567934525,-0.0170935761254533));
#4872=CARTESIAN_POINT('',(-0.302076485227384,0.0291366616886842,-0.0168118593212736));
#4873=CARTESIAN_POINT('',(-0.301998960253967,-0.000782371881644176,-8.93731373747882E-6));
#4874=CARTESIAN_POINT('',(-0.302073418057131,0.028736821282569,-0.0175047649950918));
#4875=CARTESIAN_POINT('',(-0.302073418057131,0.0287368212825692,-0.0175047649950914));
#4876=CARTESIAN_POINT('',(-0.300381952360054,0.028912479436552,-0.017598690397052));
#4877=CARTESIAN_POINT('',(-0.29869048626518,0.0290881346647339,-0.0176926141080669));
#4878=CARTESIAN_POINT('',(-0.296999019792703,0.0292637871147788,-0.017786536213478));
#4879=CARTESIAN_POINT('',(-0.296952283293676,-0.000766892050745986,2.11251572852918E-18));
#4880=CARTESIAN_POINT('',(-0.296999019792703,0.0335326879925385,-0.0064607561840984));
#4881=CARTESIAN_POINT('',(-0.295361433965657,0.0333423046937846,-0.00643069793349135));
#4882=CARTESIAN_POINT('',(-0.293723848300795,0.0331519200378594,-0.0064006394432223));
#4883=CARTESIAN_POINT('',(-0.292086262806451,0.0329615339550068,-0.00637058070097303));
#4884=CARTESIAN_POINT('',(-0.292086262806451,0.0329615339550067,-0.00637058070097302));
#4885=CARTESIAN_POINT('',(-0.29199902019245,-0.000758364232367595,-1.01630913958899E-5));
#4886=CARTESIAN_POINT('',(-0.292084573365432,0.0331006447862039,-0.00558277021686925));
#4887=CARTESIAN_POINT('',(-0.296999019792703,0.0336717545316868,-0.00567293426599853));
#4888=CARTESIAN_POINT('',(-0.295360870975216,0.0334813846868185,-0.00564287959536835));
#4889=CARTESIAN_POINT('',(-0.293722722165984,0.0332910147728415,-0.00561282491253431));
#4890=CARTESIAN_POINT('',(-0.292084573365432,0.0331006447862039,-0.00558277021686921));
#4891=CARTESIAN_POINT('',(-0.296999019792703,0.0336717545316868,-0.00567293426599856));
#4892=CARTESIAN_POINT('',(-0.296999019792703,-0.000766892050745986,2.11251572852918E-18));
#4893=CARTESIAN_POINT('',(-0.296999019792703,0.0336717545316868,0.00567293426599857));
#4894=CARTESIAN_POINT('',(-0.296999019792703,0.0336717545316868,0.00567293426599857));
#4895=CARTESIAN_POINT('',(-0.291332353021223,0.0330132292117089,0.00556896947258678));
#4896=CARTESIAN_POINT('',(-0.285665686348186,0.0323547030675979,0.00546500453364195));
#4897=CARTESIAN_POINT('',(-0.279999019792703,0.0316961759393559,0.00536103942091014));
#4898=CARTESIAN_POINT('',(-0.279999019792703,0.0316961759393559,0.00536103942091014));
#4899=CARTESIAN_POINT('',(-0.279999019792703,-0.000766892050745986,2.11251572852918E-18));
#4900=CARTESIAN_POINT('',(-0.279999019792703,0.0279632018077264,-0.0160366216481496));
#4901=CARTESIAN_POINT('',(-0.296999019792703,0.0296635567934526,-0.0170935761254532));
#4902=CARTESIAN_POINT('',(-0.291332348491424,0.0290968059086938,-0.0167412776392066));
#4903=CARTESIAN_POINT('',(-0.285665681541769,0.0285300229879746,-0.0163889606765591));
#4904=CARTESIAN_POINT('',(-0.279999019792703,0.0279632018077264,-0.0160366216481496));
#4905=CARTESIAN_POINT('',(-0.296952283293676,-0.000766892050745986,2.11251572852918E-18));
#4906=CARTESIAN_POINT('',(-0.296999019792703,-0.0352075965427622,0.00566042716671312));
#4907=CARTESIAN_POINT('',(-0.291332351065363,-0.0345529554265948,0.00553283732606078));
#4908=CARTESIAN_POINT('',(-0.285665684273171,-0.03389829811341,0.00540524463349001));
#4909=CARTESIAN_POINT('',(-0.279999019792703,-0.0332436214572425,0.00527764853507093));
#4910=CARTESIAN_POINT('',(-0.296999019792703,-0.0352075965427622,0.00566042716671304));
#4911=CARTESIAN_POINT('',(-0.279999019792703,-0.0332436214572425,0.00527764853507083));
#4912=CARTESIAN_POINT('',(-0.296999019792703,-0.000766892050745986,2.11251572852918E-18));
#4913=CARTESIAN_POINT('',(-0.296999019792703,-0.0352075965427622,-0.00566042716671305));
#4914=CARTESIAN_POINT('',(-0.296999019792703,-0.0352075965427622,-0.00566042716671305));
#4915=CARTESIAN_POINT('',(-0.295303847311184,-0.0350117619777304,-0.00562225892409959));
#4916=CARTESIAN_POINT('',(-0.293608675003451,-0.0348159259583002,-0.00558409042540039));
#4917=CARTESIAN_POINT('',(-0.291913502878763,-0.034620088406996,-0.00554592165697383));
#4918=CARTESIAN_POINT('',(-0.291913502878763,-0.034620088406996,-0.00554592165697382));
#4919=CARTESIAN_POINT('',(-0.29199902019245,-0.000758364232367595,1.01630913958942E-5));
#4920=CARTESIAN_POINT('',(-0.291911812455009,-0.034481362009377,-0.0063337999273112));
#4921=CARTESIAN_POINT('',(-0.296999019792703,-0.0350688161178789,-0.00644829953621107));
#4922=CARTESIAN_POINT('',(-0.295303284004469,-0.0348729981570844,-0.00641013301318253));
#4923=CARTESIAN_POINT('',(-0.293607548225081,-0.034677180122232,-0.00637196647711411));
#4924=CARTESIAN_POINT('',(-0.29191181245501,-0.034481362009377,-0.00633379992731123));
#4925=CARTESIAN_POINT('',(-0.296999019792703,-0.0350688161178788,-0.00644829953621105));
#4926=CARTESIAN_POINT('',(-0.296999019792703,-0.000766892050745986,2.11251572852918E-18));
#4927=CARTESIAN_POINT('',(-0.296999019792703,-0.0311860659689966,-0.0171136325701842));
#4928=CARTESIAN_POINT('',(-0.296999019792703,-0.0311860659689966,-0.0171136325701842));
#4929=CARTESIAN_POINT('',(-0.291332352043155,-0.0305980227155178,-0.0167992212262243));
#4930=CARTESIAN_POINT('',(-0.285665685310682,-0.0300099719747988,-0.0164848055550716));
#4931=CARTESIAN_POINT('',(-0.279999019792703,-0.0294219122935162,-0.016170384716789));
#4932=CARTESIAN_POINT('',(-0.279999019792703,-0.0294219122935162,-0.016170384716789));
#4933=CARTESIAN_POINT('',(-0.279999019792703,-0.000766892050745986,2.11251572852918E-18));
#4934=CARTESIAN_POINT('',(-0.279999019792703,-0.000766892050745986,0.));
#4935=CARTESIAN_POINT('',(-0.279999019792703,-0.000843690347473516,-0.000435529817187652));
#4936=CARTESIAN_POINT('',(-0.279999019792703,-0.000928546781188714,0.000279998780697436));
#4937=CARTESIAN_POINT('',(-0.313999019792703,-0.000766892050745986,0.));
#4938=CARTESIAN_POINT('',(-0.313999019792703,-0.000692294720734346,0.000423047943601194));
#4939=CARTESIAN_POINT('',(-0.313999019792703,0.0317078017695055,-0.00529015957069849));
#4940=CARTESIAN_POINT('',(-0.313999019792703,-0.000593734033507864,-0.000299923383385534));
#4941=CARTESIAN_POINT('',(-0.313999019792703,0.0278994287165341,0.0161503430511533));
#4942=CARTESIAN_POINT('',(-0.313999019792703,-0.000766892050745986,2.11251572852918E-18));
#4943=CARTESIAN_POINT('',(-0.29704575629173,-0.000766892050745986,2.11251572852918E-18));
#4944=CARTESIAN_POINT('',(-0.313999019792703,0.0317078017695055,-0.00529015957069849));
#4945=CARTESIAN_POINT('',(-0.308332355258708,0.0323624705381699,-0.00541775427840498));
#4946=CARTESIAN_POINT('',(-0.302665688469793,0.0330171204358218,-0.00554534566336528));
#4947=CARTESIAN_POINT('',(-0.296999019792703,0.0336717545316868,-0.00567293426599856));
#4948=CARTESIAN_POINT('',(-0.313999019792703,0.027899428716534,0.0161503430511535));
#4949=CARTESIAN_POINT('',(-0.308332354205254,0.0284874793536875,0.0164647586675834));
#4950=CARTESIAN_POINT('',(-0.302665687476736,0.0290755215908485,0.0167791694293024));
#4951=CARTESIAN_POINT('',(-0.296999019792703,0.0296635567934524,0.0170935761254535));
#4952=CARTESIAN_POINT('',(-0.296999019792703,0.0296635567934525,0.0170935761254533));
#4953=CARTESIAN_POINT('',(-0.296999019792703,-0.000766892050745986,2.11251572852918E-18));
#4954=CARTESIAN_POINT('',(-0.296999019792703,0.0335326879925385,0.00646075618409842));
#4955=CARTESIAN_POINT('',(-0.302086221143716,0.0329452359900347,0.00634625695939701));
#4956=CARTESIAN_POINT('',(-0.300390487368235,0.0331410533927759,0.00638442337970499));
#4957=CARTESIAN_POINT('',(-0.298694753584424,0.0333368707257681,0.00642258978773176));
#4958=CARTESIAN_POINT('',(-0.296999019792703,0.0335326879925385,0.00646075618409843));
#4959=CARTESIAN_POINT('',(-0.302086221143716,0.0329452359900347,0.00634625695939701));
#4960=CARTESIAN_POINT('',(-0.301998986992986,-0.000775419870071672,-1.01630925248369E-5));
#4961=CARTESIAN_POINT('',(-0.302084531463898,0.033084253406557,0.00555843000371187));
#4962=CARTESIAN_POINT('',(-0.302084531463898,0.0330842534065569,0.0055584300037119));
#4963=CARTESIAN_POINT('',(-0.300389361082403,0.0332800885842309,0.00559659834984987));
#4964=CARTESIAN_POINT('',(-0.298694190522319,0.0334759222674138,0.00563476643284278));
#4965=CARTESIAN_POINT('',(-0.296999019792703,0.0336717545316868,0.00567293426599862));
#4966=CARTESIAN_POINT('',(-0.296952283293676,-0.000766892050745986,2.11251572852918E-18));
#4967=CARTESIAN_POINT('',(-0.296999019792703,0.0296635567934525,0.0170935761254533));
#4968=CARTESIAN_POINT('',(-0.295358204021864,0.0294994509647556,0.0169915661655416));
#4969=CARTESIAN_POINT('',(-0.293717388617225,0.0293353424408885,0.0168895546512195));
#4970=CARTESIAN_POINT('',(-0.292076573597651,0.0291712310830171,0.0167875415024158));
#4971=CARTESIAN_POINT('',(-0.292076573597651,0.0291712310830171,0.0167875415024158));
#4972=CARTESIAN_POINT('',(-0.291999020518504,-0.000751412222969142,-8.9373119353623E-6));
#4973=CARTESIAN_POINT('',(-0.292073506808573,0.0287715397878927,0.017480533265786));
#4974=CARTESIAN_POINT('',(-0.296999019792703,0.0292637871147788,0.0177865362134781));
#4975=CARTESIAN_POINT('',(-0.295357182044185,0.0290997053143269,0.0176845356010906));
#4976=CARTESIAN_POINT('',(-0.293715344381335,0.0289356228828648,0.0175825346247745));
#4977=CARTESIAN_POINT('',(-0.292073506808573,0.0287715397878927,0.0174805332657858));
#4978=CARTESIAN_POINT('',(-0.296999019792703,0.0292637871147787,0.0177865362134783));
#4979=CARTESIAN_POINT('',(-0.296999019792703,-0.000766892050745986,2.11251572852918E-18));
#4980=CARTESIAN_POINT('',(-0.296999019792703,0.0219716833590421,0.0264794212540499));
#4981=CARTESIAN_POINT('',(-0.296999019792703,0.0219716833590421,0.0264794212540499));
#4982=CARTESIAN_POINT('',(-0.291332353031941,0.0215405604282588,0.0259708986260967));
#4983=CARTESIAN_POINT('',(-0.285665686359555,0.0211094370146668,0.0254623754226695));
#4984=CARTESIAN_POINT('',(-0.279999019792703,0.0206783130245176,0.0249538515320264));
#4985=CARTESIAN_POINT('',(-0.279999019792703,0.0206783130245176,0.0249538515320264));
#4986=CARTESIAN_POINT('',(-0.279999019792703,-0.000766892050745986,2.11251572852918E-18));
#4987=CARTESIAN_POINT('',(-0.279999019792703,0.0315562407622955,0.00614870816944616));
#4988=CARTESIAN_POINT('',(-0.296999019792703,0.0335326879925386,0.00646075618409841));
#4989=CARTESIAN_POINT('',(-0.291332351065363,0.0328738894932849,0.00635674322434974));
#4990=CARTESIAN_POINT('',(-0.285665684273171,0.0322150747984335,0.0062527274046312));
#4991=CARTESIAN_POINT('',(-0.279999019792703,0.0315562407622955,0.00614870816944615));
#4992=CARTESIAN_POINT('',(-0.296952283293676,-0.000766892050745986,2.11251572852918E-18));
#4993=CARTESIAN_POINT('',(-0.296999019792703,-0.0307858395686277,-0.0178063289741236));
#4994=CARTESIAN_POINT('',(-0.291332348491424,-0.0301973602354843,-0.0174916658792909));
#4995=CARTESIAN_POINT('',(-0.285665681541769,-0.0296088488830665,-0.017176984279156));
#4996=CARTESIAN_POINT('',(-0.279999019792703,-0.029020299291061,-0.0168622805787191));
#4997=CARTESIAN_POINT('',(-0.296999019792703,-0.0307858395686277,-0.0178063289741235));
#4998=CARTESIAN_POINT('',(-0.279999019792703,-0.029020299291061,-0.016862280578719));
#4999=CARTESIAN_POINT('',(-0.296999019792703,-0.000766892050745986,2.11251572852918E-18));
#5000=CARTESIAN_POINT('',(-0.296999019792703,-0.023508189875596,-0.0264770832014692));
#5001=CARTESIAN_POINT('',(-0.296999019792703,-0.0235081898755961,-0.0264770832014692));
#5002=CARTESIAN_POINT('',(-0.295313639811972,-0.0233814945815333,-0.0263245247243648));
#5003=CARTESIAN_POINT('',(-0.29362825988524,-0.0232547989924529,-0.0261719658957202));
#5004=CARTESIAN_POINT('',(-0.291942880015365,-0.0231281030927355,-0.026019406696924));
#5005=CARTESIAN_POINT('',(-0.291942880015365,-0.0231281030927355,-0.026019406696924));
#5006=CARTESIAN_POINT('',(-0.291999019905855,-0.000764477676240617,6.6334611094983E-6));
#5007=CARTESIAN_POINT('',(-0.291942401475066,-0.0225153023478181,-0.0265336780466707));
#5008=CARTESIAN_POINT('',(-0.296999019792703,-0.0228953793145659,-0.0269913432980096));
#5009=CARTESIAN_POINT('',(-0.295313480345506,-0.0227686870359426,-0.0268387882662141));
#5010=CARTESIAN_POINT('',(-0.293627940906155,-0.0226419947144499,-0.0266862331833359));
#5011=CARTESIAN_POINT('',(-0.291942401475066,-0.0225153023478182,-0.0265336780466705));
#5012=CARTESIAN_POINT('',(-0.296999019792703,-0.0228953793145658,-0.0269913432980097));
#5013=CARTESIAN_POINT('',(-0.296999019792703,-0.000766892050745986,2.11251572852918E-18));
#5014=CARTESIAN_POINT('',(-0.296999019792703,-0.0130656224060075,-0.0326641055788249));
#5015=CARTESIAN_POINT('',(-0.296999019792703,-0.0130656224060075,-0.0326641055788249));
#5016=CARTESIAN_POINT('',(-0.291332350850577,-0.0128112954057113,-0.0320475077704104));
#5017=CARTESIAN_POINT('',(-0.285665684045644,-0.0125569621996475,-0.0314308928809795));
#5018=CARTESIAN_POINT('',(-0.279999019792703,-0.0123026215833659,-0.030814257595353));
#5019=CARTESIAN_POINT('',(-0.279999019792703,-0.0123026215833659,-0.030814257595353));
#5020=CARTESIAN_POINT('',(-0.279999019792703,-0.000766892050745986,2.11251572852918E-18));
#5021=CARTESIAN_POINT('',(-0.279999019792703,-0.000766892050745986,0.));
#5022=CARTESIAN_POINT('',(-0.279999019792703,-0.000528548741667365,-0.000412829465284651));
#5023=CARTESIAN_POINT('',(-0.279999019792703,-0.00104958417246807,0.000102892569481483));
#5024=CARTESIAN_POINT('',(-0.313999019792703,-0.000766892050745986,0.));
#5025=CARTESIAN_POINT('',(-0.313999019792703,-0.000993732073029227,0.000392904862596576));
#5026=CARTESIAN_POINT('',(-0.313999019792703,0.0274983002045256,0.0168425186292033));
#5027=CARTESIAN_POINT('',(-0.313999019792703,-0.000456243199652862,-0.000113068090828741));
#5028=CARTESIAN_POINT('',(-0.313999019792703,0.0107966965699698,0.0308038138095494));
#5029=CARTESIAN_POINT('',(-0.313999019792703,-0.000766892050745986,2.11251572852918E-18));
#5030=CARTESIAN_POINT('',(-0.29704575629173,-0.000766892050745986,2.11251572852918E-18));
#5031=CARTESIAN_POINT('',(-0.313999019792703,0.0274983002045256,0.0168425186292033));
#5032=CARTESIAN_POINT('',(-0.308332357897593,0.0280868309402928,0.0171572114425171));
#5033=CARTESIAN_POINT('',(-0.302665690957364,0.0286753245647561,0.0174718828076217));
#5034=CARTESIAN_POINT('',(-0.296999019792703,0.0292637871147787,0.0177865362134782));
#5035=CARTESIAN_POINT('',(-0.313999019792703,0.0107966965699698,0.0308038138095494));
#5036=CARTESIAN_POINT('',(-0.30833235540931,0.0110510304798304,0.0314204306677327));
#5037=CARTESIAN_POINT('',(-0.302665688611739,0.0113053573797603,0.0320370282314868));
#5038=CARTESIAN_POINT('',(-0.296999019792703,0.0115596784091144,0.0326536096368249));
#5039=CARTESIAN_POINT('',(-0.302055631016544,0.0209787432379143,0.0265359534272082));
#5040=CARTESIAN_POINT('',(-0.300370093950319,0.0211054355132995,0.0266885084529293));
#5041=CARTESIAN_POINT('',(-0.298684556875562,0.0212321277420664,0.0268410634231006));
#5042=CARTESIAN_POINT('',(-0.296999019792703,0.021358819926559,0.0269936183405151));
#5043=CARTESIAN_POINT('',(-0.302055631016544,0.0209787432379143,0.0265359534272082));
#5044=CARTESIAN_POINT('',(-0.301999010506554,-0.000769306425327285,-6.6334613181134E-6));
#5045=CARTESIAN_POINT('',(-0.302055152613719,0.0215915977608626,0.0260217461678324));
#5046=CARTESIAN_POINT('',(-0.302055152613719,0.0215915977608626,0.0260217461678323));
#5047=CARTESIAN_POINT('',(-0.300369775061927,0.0217182932619118,0.0261743048893549));
#5048=CARTESIAN_POINT('',(-0.29868439745398,0.021844988456163,0.0263268632453003));
#5049=CARTESIAN_POINT('',(-0.296999019792703,0.0219716833590422,0.0264794212540498));
#5050=CARTESIAN_POINT('',(-0.296952283293676,-0.000766892050745986,2.11251572852918E-18));
#5051=CARTESIAN_POINT('',(-0.296999019792703,-0.0123137433419841,-0.032937407106117));
#5052=CARTESIAN_POINT('',(-0.291332346255964,-0.0120591936160238,-0.0323201974368351));
#5053=CARTESIAN_POINT('',(-0.285665679168961,-0.0118046251725056,-0.0317029362485056));
#5054=CARTESIAN_POINT('',(-0.279999019792703,-0.011550034374793,-0.031085613531373));
#5055=CARTESIAN_POINT('',(-0.296999019792703,-0.0123137433419843,-0.0329374071061169));
#5056=CARTESIAN_POINT('',(-0.279999019792703,-0.0115500343747933,-0.0310856135313729));
#5057=CARTESIAN_POINT('',(-0.296999019792703,-0.000766892050745986,2.11251572852918E-18));
#5058=CARTESIAN_POINT('',(-0.296999019792703,-0.00116689205074599,-0.0349004664956796));
#5059=CARTESIAN_POINT('',(-0.296999019792703,-0.00116689205074599,-0.0349004664956796));
#5060=CARTESIAN_POINT('',(-0.295332353100415,-0.00116689205074599,-0.0347043751834507));
#5061=CARTESIAN_POINT('',(-0.293665686433309,-0.00116689205074598,-0.0345082836571898));
#5062=CARTESIAN_POINT('',(-0.291999019792703,-0.00116689205074598,-0.0343121919056961));
#5063=CARTESIAN_POINT('',(-0.291999019792703,-0.00116689205074599,-0.0343121919056961));
#5064=CARTESIAN_POINT('',(-0.291999019792703,-0.000766892050745986,2.11251572852918E-18));
#5065=CARTESIAN_POINT('',(-0.291999019792703,-0.000366892050745986,-0.0343121919056961));
#5066=CARTESIAN_POINT('',(-0.296999019792703,-0.000366892050745986,-0.0349004664956795));
#5067=CARTESIAN_POINT('',(-0.295332353100415,-0.000366892050745986,-0.0347043751834507));
#5068=CARTESIAN_POINT('',(-0.293665686433309,-0.000366892050745985,-0.0345082836571898));
#5069=CARTESIAN_POINT('',(-0.291999019792703,-0.000366892050745985,-0.0343121919056961));
#5070=CARTESIAN_POINT('',(-0.296999019792703,0.0108080325946355,-0.0329275520054223));
#5071=CARTESIAN_POINT('',(-0.291332350850577,0.0106065127710227,-0.0322917337600783));
#5072=CARTESIAN_POINT('',(-0.285665684045644,0.0104049867217261,-0.031655898440967));
#5073=CARTESIAN_POINT('',(-0.279999019792703,0.0102034532384297,-0.031020042734316));
#5074=CARTESIAN_POINT('',(-0.279999019792703,0.0102034532384297,-0.031020042734316));
#5075=CARTESIAN_POINT('',(-0.279999019792703,-0.000766892050745986,2.11251572852918E-18));
#5076=CARTESIAN_POINT('',(-0.279999019792703,-0.000766892050745986,0.));
#5077=CARTESIAN_POINT('',(-0.279999019792703,-0.000297821733216973,-0.000170729378463202));
#5078=CARTESIAN_POINT('',(-0.279999019792703,-0.00104958417246807,-0.000102892569481483));
#5079=CARTESIAN_POINT('',(-0.313999019792703,-0.000766892050745986,0.));
#5080=CARTESIAN_POINT('',(-0.313999019792703,-0.00120800563890395,0.000160553857115939));
#5081=CARTESIAN_POINT('',(-0.313999019792703,0.0100443567935315,0.0310758495528222));
#5082=CARTESIAN_POINT('',(-0.313999019792703,-0.000456243199652849,0.000113068090828746));
#5083=CARTESIAN_POINT('',(-0.313999019792703,-0.0117091829692755,0.0310299499912069));
#5084=CARTESIAN_POINT('',(-0.313999019792703,-0.000766892050745986,2.11251572852918E-18));
#5085=CARTESIAN_POINT('',(-0.29704575629173,-0.000766892050745986,2.11251572852918E-18));
#5086=CARTESIAN_POINT('',(-0.313999019792703,0.0100443567935315,0.0310758495528222));
#5087=CARTESIAN_POINT('',(-0.308332360185933,0.0102989358734688,0.0316931400726192));
#5088=CARTESIAN_POINT('',(-0.302665693114463,0.0105534932995724,0.0323103709913852));
#5089=CARTESIAN_POINT('',(-0.296999019792703,0.0108080325946355,0.0329275520054223));
#5090=CARTESIAN_POINT('',(-0.313999019792703,-0.0117091829692755,0.0310299499912068));
#5091=CARTESIAN_POINT('',(-0.30833235540931,-0.0119107097449352,0.0316657872708571));
#5092=CARTESIAN_POINT('',(-0.302665688611739,-0.0121122294881666,0.0323016052642668));
#5093=CARTESIAN_POINT('',(-0.296999019792703,-0.0123137433419843,0.0329374071061169));
#5094=CARTESIAN_POINT('',(-0.301999019792703,-0.00116689205074599,0.0343121919056961));
#5095=CARTESIAN_POINT('',(-0.300332353152097,-0.00116689205074599,0.0345082836571898));
#5096=CARTESIAN_POINT('',(-0.298665686484991,-0.00116689205074599,0.0347043751834507));
#5097=CARTESIAN_POINT('',(-0.296999019792703,-0.00116689205074599,0.0349004664956796));
#5098=CARTESIAN_POINT('',(-0.301999019792703,-0.00116689205074599,0.0343121919056961));
#5099=CARTESIAN_POINT('',(-0.301999019792703,-0.000766892050745986,2.11251572852918E-18));
#5100=CARTESIAN_POINT('',(-0.301999019792703,-0.000366892050745986,0.0343121919056961));
#5101=CARTESIAN_POINT('',(-0.301999019792703,-0.000366892050745987,0.0343121919056961));
#5102=CARTESIAN_POINT('',(-0.300332353152097,-0.000366892050745986,0.0345082836571898));
#5103=CARTESIAN_POINT('',(-0.298665686484991,-0.000366892050745986,0.0347043751834507));
#5104=CARTESIAN_POINT('',(-0.296999019792703,-0.000366892050745986,0.0349004664956795));
#5105=CARTESIAN_POINT('',(-0.279999019792703,-0.000766892050745986,0.));
#5106=CARTESIAN_POINT('',(-0.279999019792703,-0.000297821733216973,0.000170729378463202));
#5107=CARTESIAN_POINT('',(-0.279999019792703,-0.000928546781188728,-0.00027999878069746));
#5108=CARTESIAN_POINT('',(-0.313999019792703,-0.000766892050745986,0.));
#5109=CARTESIAN_POINT('',(-0.313999019792703,-0.00120800563890395,-0.000160553857115939));
#5110=CARTESIAN_POINT('',(-0.313999019792703,-0.0124603680713394,0.0307547418385903));
#5111=CARTESIAN_POINT('',(-0.313999019792703,-0.000593734033507878,0.000299923383385509));
#5112=CARTESIAN_POINT('',(-0.313999019792703,-0.0290868967835499,0.0167501898179243));
#5113=CARTESIAN_POINT('',(-0.313999019792703,-0.000766892050745986,2.11251572852918E-18));
#5114=CARTESIAN_POINT('',(-0.29704575629173,-0.000766892050745986,2.11251572852918E-18));
#5115=CARTESIAN_POINT('',(-0.301942869903247,-0.0231320588323972,0.0260334251752594));
#5116=CARTESIAN_POINT('',(-0.300294919874412,-0.023257435890571,0.0261813112361718));
#5117=CARTESIAN_POINT('',(-0.29864696983743,-0.0233828129042412,0.0263291972440388));
#5118=CARTESIAN_POINT('',(-0.296999019792703,-0.0235081898755961,0.0264770832014691));
#5119=CARTESIAN_POINT('',(-0.301942869903247,-0.0231320588323972,0.0260334251752594));
#5120=CARTESIAN_POINT('',(-0.301999010506554,-0.000769306425327285,6.63346131811763E-6));
#5121=CARTESIAN_POINT('',(-0.301942391407077,-0.0225192408248925,0.0265476759521885));
#5122=CARTESIAN_POINT('',(-0.301942391407077,-0.0225192408248927,0.0265476759521885));
#5123=CARTESIAN_POINT('',(-0.30029460092169,-0.0226446206095301,0.0266955654108332));
#5124=CARTESIAN_POINT('',(-0.298646810382686,-0.0227700001012869,0.0268434545203844));
#5125=CARTESIAN_POINT('',(-0.296999019792703,-0.0228953793145658,0.0269913432980097));
#5126=CARTESIAN_POINT('',(-0.313999019792703,-0.0124603680713394,0.0307547418385903));
#5127=CARTESIAN_POINT('',(-0.308332360185933,-0.0126621400615886,0.0313912527636527));
#5128=CARTESIAN_POINT('',(-0.302665693114463,-0.0128638903284412,0.0320277041130033));
#5129=CARTESIAN_POINT('',(-0.296999019792703,-0.0130656224060075,0.0326641055788249));
#5130=CARTESIAN_POINT('',(-0.313999019792703,-0.0290868967835499,0.0167501898179244));
#5131=CARTESIAN_POINT('',(-0.308332354205255,-0.029653218994228,0.0171022407878196));
#5132=CARTESIAN_POINT('',(-0.302665687476736,-0.0302195328005384,0.0174542869105824));
#5133=CARTESIAN_POINT('',(-0.296999019792703,-0.0307858395686278,0.0178063289741235));
#5134=CARTESIAN_POINT('',(-0.279999019792703,-0.000766892050745986,0.));
#5135=CARTESIAN_POINT('',(-0.279999019792703,-0.000528548741667351,0.000412829465284675));
#5136=CARTESIAN_POINT('',(-0.279999019792703,-0.000704766865457732,-0.000352317326611261));
#5137=CARTESIAN_POINT('',(-0.313999019792703,-0.000766892050745986,0.));
#5138=CARTESIAN_POINT('',(-0.313999019792703,-0.000993732073029213,-0.000392904862596552));
#5139=CARTESIAN_POINT('',(-0.313999019792703,-0.0294857643505841,0.0160567089040102));
#5140=CARTESIAN_POINT('',(-0.313999019792703,-0.000831218202750132,0.000364799200197726));
#5141=CARTESIAN_POINT('',(-0.313999019792703,-0.0332320228792234,-0.00534853319073349));
#5142=CARTESIAN_POINT('',(-0.313999019792703,-0.000766892050745986,2.11251572852918E-18));
#5143=CARTESIAN_POINT('',(-0.29704575629173,-0.000766892050745986,2.11251572852918E-18));
#5144=CARTESIAN_POINT('',(-0.301913460954253,-0.0346364887750352,0.00557026345503246));
#5145=CARTESIAN_POINT('',(-0.300275313908038,-0.0348268580948577,0.00560031803687909));
#5146=CARTESIAN_POINT('',(-0.298637166854061,-0.0350172273497081,0.00563037260725236));
#5147=CARTESIAN_POINT('',(-0.296999019792703,-0.0352075965427622,0.00566042716671304));
#5148=CARTESIAN_POINT('',(-0.301913460954253,-0.0346364887750352,0.00557026345503246));
#5149=CARTESIAN_POINT('',(-0.301998986992986,-0.000775419870071672,1.01630925248411E-5));
#5150=CARTESIAN_POINT('',(-0.301911770769297,-0.0344976689627415,0.00635812525378847));
#5151=CARTESIAN_POINT('',(-0.301911770769297,-0.0344976689627415,0.00635812525378851));
#5152=CARTESIAN_POINT('',(-0.300274187274082,-0.0346880527172088,0.00638818358975465));
#5153=CARTESIAN_POINT('',(-0.298636603612499,-0.0348784350795712,0.00641824167988984));
#5154=CARTESIAN_POINT('',(-0.296999019792703,-0.0350688161178789,0.00644829953621106));
#5155=CARTESIAN_POINT('',(-0.313999019792703,-0.0294857643505841,0.0160567089040102));
#5156=CARTESIAN_POINT('',(-0.308332357897593,-0.0300525666740339,0.0164090370462666));
#5157=CARTESIAN_POINT('',(-0.302665690957364,-0.0306193318668348,0.016761343773821));
#5158=CARTESIAN_POINT('',(-0.296999019792703,-0.0311860659689966,0.0171136325701842));
#5159=CARTESIAN_POINT('',(-0.313999019792703,-0.0332320228792234,-0.00534853319073349));
#5160=CARTESIAN_POINT('',(-0.308332353225456,-0.0338905482660476,-0.00545249799637059));
#5161=CARTESIAN_POINT('',(-0.302665686553093,-0.0345490727728709,-0.00555646264660895));
#5162=CARTESIAN_POINT('',(-0.296999019792703,-0.0352075965427622,-0.00566042716671304));
#5163=CARTESIAN_POINT('',(-0.279999019792703,-0.000766892050745986,0.));
#5164=CARTESIAN_POINT('',(-0.279999019792703,-0.000843690347473518,0.000435529817187659));
#5165=CARTESIAN_POINT('',(-0.279999019792703,-0.000469636388328883,-0.000249425803941291));
#5166=CARTESIAN_POINT('',(-0.313999019792703,-0.000766892050745986,0.));
#5167=CARTESIAN_POINT('',(-0.313999019792703,-0.000692294720734345,-0.000423047943601201));
#5168=CARTESIAN_POINT('',(-0.313999019792703,-0.0330923912109742,-0.0061362554579009));
#5169=CARTESIAN_POINT('',(-0.313999019792703,-0.00106689656395143,0.000251732351484311));
#5170=CARTESIAN_POINT('',(-0.313999019792703,-0.0222148186468229,-0.024951512413716));
#5171=CARTESIAN_POINT('',(-0.313999019792703,-0.000766892050745986,2.11251572852918E-18));
#5172=CARTESIAN_POINT('',(-0.29704575629173,-0.000766892050745986,2.11251572852918E-18));
#5173=CARTESIAN_POINT('',(-0.301924562756106,-0.0302935963556729,-0.0175003282688339));
#5174=CARTESIAN_POINT('',(-0.300282715184893,-0.0304576780398804,-0.0176023288576002));
#5175=CARTESIAN_POINT('',(-0.298640867529044,-0.0306217591006867,-0.0177043290868264));
#5176=CARTESIAN_POINT('',(-0.296999019792703,-0.0307858395686277,-0.0178063289741235));
#5177=CARTESIAN_POINT('',(-0.301924562756106,-0.0302935963556729,-0.0175003282688339));
#5178=CARTESIAN_POINT('',(-0.301998960253967,-0.000782371881644176,8.93731373748304E-6));
#5179=CARTESIAN_POINT('',(-0.301921494779514,-0.0306937521915187,-0.0168076047090505));
#5180=CARTESIAN_POINT('',(-0.301921494779514,-0.0306937521915187,-0.0168076047090505));
#5181=CARTESIAN_POINT('',(-0.300280670151527,-0.0308578594895144,-0.0169096155564648));
#5182=CARTESIAN_POINT('',(-0.298639845149784,-0.0310219640370989,-0.0170116248176093));
#5183=CARTESIAN_POINT('',(-0.296999019792703,-0.0311860659689966,-0.0171136325701842));
#5184=CARTESIAN_POINT('',(-0.313999019792703,-0.0330923912109742,-0.0061362554579009));
#5185=CARTESIAN_POINT('',(-0.308332355258708,-0.0337512173596484,-0.00624027330215066));
#5186=CARTESIAN_POINT('',(-0.302665688469793,-0.0344100246389645,-0.00634428781427234));
#5187=CARTESIAN_POINT('',(-0.296999019792703,-0.0350688161178788,-0.00644829953621103));
#5188=CARTESIAN_POINT('',(-0.313999019792703,-0.022214818646823,-0.024951512413716));
#5189=CARTESIAN_POINT('',(-0.308332353229123,-0.0226459429529273,-0.0254600366809048));
#5190=CARTESIAN_POINT('',(-0.302665686556549,-0.0230770666635779,-0.0259685602383544));
#5191=CARTESIAN_POINT('',(-0.296999019792703,-0.0235081898755961,-0.0264770832014691));
#5192=CARTESIAN_POINT('',(-0.313999019792703,-0.000766892050745986,0.));
#5193=CARTESIAN_POINT('',(-0.313999019792703,-0.000454059567194789,-0.000262496240018534));
#5194=CARTESIAN_POINT('',(-0.313999019792703,-0.0216018507833943,-0.0254655850435715));
#5195=CARTESIAN_POINT('',(-0.313999019792703,-0.00116689205074599,0.));
#5196=CARTESIAN_POINT('',(-0.313999019792703,-0.00116689205074599,-0.0329003271564665));
#5197=CARTESIAN_POINT('',(-0.313999019792703,-0.000766892050745986,2.11251572852918E-18));
#5198=CARTESIAN_POINT('',(-0.29704575629173,-0.000766892050745986,2.11251572852918E-18));
#5199=CARTESIAN_POINT('',(-0.301970976911058,-0.012136932746401,-0.0323795478229311));
#5200=CARTESIAN_POINT('',(-0.30031365805114,-0.012195870134605,-0.0325655023516659));
#5201=CARTESIAN_POINT('',(-0.29865633900868,-0.0122548069910375,-0.0327514554220319));
#5202=CARTESIAN_POINT('',(-0.296999019792703,-0.0123137433419843,-0.0329374071061169));
#5203=CARTESIAN_POINT('',(-0.301970976911058,-0.012136932746401,-0.0323795478229311));
#5204=CARTESIAN_POINT('',(-0.301998942801098,-0.000786909518635906,3.52963120702792E-6));
#5205=CARTESIAN_POINT('',(-0.301967009955443,-0.0128887584494912,-0.0321061572002629));
#5206=CARTESIAN_POINT('',(-0.301967009955443,-0.0128887584494912,-0.0321061572002628));
#5207=CARTESIAN_POINT('',(-0.300311013788725,-0.012947714714409,-0.0322921444160196));
#5208=CARTESIAN_POINT('',(-0.298655017058445,-0.013006669339562,-0.032478127134776));
#5209=CARTESIAN_POINT('',(-0.296999019792703,-0.0130656224060074,-0.0326641055788249));
#5210=CARTESIAN_POINT('',(-0.313999019792703,-0.0216018507833943,-0.0254655850435715));
#5211=CARTESIAN_POINT('',(-0.308332353804677,-0.0220330306675269,-0.0259741755469594));
#5212=CARTESIAN_POINT('',(-0.302665687099115,-0.0224642066321201,-0.0264827613785299));
#5213=CARTESIAN_POINT('',(-0.296999019792703,-0.0228953793145658,-0.0269913432980097));
#5214=CARTESIAN_POINT('',(-0.313999019792703,-0.00116689205074599,-0.0329003271564666));
#5215=CARTESIAN_POINT('',(-0.308332353453707,-0.00116689205074599,-0.0335670430545451));
#5216=CARTESIAN_POINT('',(-0.302665686768259,-0.00116689205074599,-0.0342337560080084));
#5217=CARTESIAN_POINT('',(-0.296999019792703,-0.00116689205074599,-0.0349004664956795));
#5218=CARTESIAN_POINT('',(-0.279999019792703,-0.000766892050745986,0.));
#5219=CARTESIAN_POINT('',(-0.279999019792703,-0.00108247338508557,0.000264802787561589));
#5220=CARTESIAN_POINT('',(-0.279999019792703,-0.000366892050745984,0.));
#5221=CARTESIAN_POINT('',(-0.313499019792703,-0.00116689205074599,-0.33094201718782));
#5222=CARTESIAN_POINT('',(-0.291999019792703,-0.00116689205074599,-0.33094201718782));
#5223=CARTESIAN_POINT('',(-0.291999019792703,-0.000766892050745987,-0.33094201718782));
#5224=CARTESIAN_POINT('',(-0.291999019792703,-0.000366892050745986,-0.33094201718782));
#5225=CARTESIAN_POINT('',(-0.313499019792703,-0.000366892050745988,-0.33094201718782));
#5226=CARTESIAN_POINT('',(-0.296999019792703,-0.00116689205074599,0.33094201718782));
#5227=CARTESIAN_POINT('',(-0.301999019792703,-0.00116689205074599,0.33094201718782));
#5228=CARTESIAN_POINT('',(-0.296999019792703,-0.000366892050745986,0.33094201718782));
#5229=CARTESIAN_POINT('',(-0.301999019792703,-0.000366892050745986,0.33094201718782));
#5230=CARTESIAN_POINT('',(-0.301999019792703,-0.000766892050745987,0.33094201718782));
#5231=CARTESIAN_POINT('',(-0.312955446911395,-0.213806117375646,-0.253281361749396));
#5232=CARTESIAN_POINT('',(-0.29145547978125,-0.213793259080588,-0.253246033758642));
#5233=CARTESIAN_POINT('',(-0.291455240557155,-0.213486840691808,-0.253503147962431));
#5234=CARTESIAN_POINT('',(-0.291455001333061,-0.213180422303028,-0.253760262166218));
#5235=CARTESIAN_POINT('',(-0.312954968463206,-0.213193280598087,-0.253795590156972));
#5236=CARTESIAN_POINT('',(-0.297543055069479,0.211653216864124,0.253778336952185));
#5237=CARTESIAN_POINT('',(-0.302543047425328,0.211650226562948,0.253770121140382));
#5238=CARTESIAN_POINT('',(-0.297542576621292,0.212266053641684,0.25326410854461));
#5239=CARTESIAN_POINT('',(-0.302542568977139,0.212263063340507,0.253255892732806));
#5240=CARTESIAN_POINT('',(-0.302542808201233,0.211956644951728,0.253513006936594));
#5241=CARTESIAN_POINT('',(-0.312666654992156,-0.326778070353185,-0.0571075422396442));
#5242=CARTESIAN_POINT('',(-0.291166771091405,-0.326732653712115,-0.0570534166176379));
#5243=CARTESIAN_POINT('',(-0.291165926130641,-0.326663192281062,-0.0574473384317551));
#5244=CARTESIAN_POINT('',(-0.291165081169876,-0.32659373085001,-0.0578412602458723));
#5245=CARTESIAN_POINT('',(-0.312664965070628,-0.32663914749108,-0.0578953858678787));
#5246=CARTESIAN_POINT('',(-0.297833017815145,0.32508318316953,0.0578689524245732));
#5247=CARTESIAN_POINT('',(-0.30283299081532,0.325072621159979,0.0578563650706183));
#5248=CARTESIAN_POINT('',(-0.297831327893617,0.325222106031636,0.0570811087963388));
#5249=CARTESIAN_POINT('',(-0.302831300893792,0.325211544022085,0.0570685214423838));
#5250=CARTESIAN_POINT('',(-0.302832145854555,0.325142082591032,0.057462443256501));
#5251=CARTESIAN_POINT('',(-0.312767772983563,-0.28722191864177,0.165787530963673));
#5252=CARTESIAN_POINT('',(-0.291267983727788,-0.287139478015679,0.165835128236855));
#5253=CARTESIAN_POINT('',(-0.291266449948697,-0.287339474094855,0.165488719207188));
#5254=CARTESIAN_POINT('',(-0.291264916169607,-0.287539470174033,0.16514231017752));
#5255=CARTESIAN_POINT('',(-0.312764705425382,-0.287621910800124,0.165094712904336));
#5256=CARTESIAN_POINT('',(-0.297733231238425,0.286047864997518,-0.165117958084264));
#5257=CARTESIAN_POINT('',(-0.30273318222814,0.286028692758892,-0.165129027217562));
#5258=CARTESIAN_POINT('',(-0.297730163680245,0.285647872839164,-0.165810776143599));
#5259=CARTESIAN_POINT('',(-0.30273011466996,0.285628700600538,-0.165821845276898));
#5260=CARTESIAN_POINT('',(-0.30273164844905,0.285828696679715,-0.165475436247229));
#5261=CARTESIAN_POINT('',(-0.313211486653635,-0.113646425244829,0.311108775905918));
#5262=CARTESIAN_POINT('',(-0.291711759172981,-0.113539818928774,0.31112757353717));
#5263=CARTESIAN_POINT('',(-0.291709775799659,-0.113915690906961,0.310990765926841));
#5264=CARTESIAN_POINT('',(-0.291707792426337,-0.114291562885148,0.310853958316512));
#5265=CARTESIAN_POINT('',(-0.313207519906991,-0.114398169201203,0.310835160685259));
#5266=CARTESIAN_POINT('',(-0.297290386587572,0.11281232155001,-0.310844340923777));
#5267=CARTESIAN_POINT('',(-0.30229032321098,0.112787529383485,-0.31084871246593));
#5268=CARTESIAN_POINT('',(-0.297286419840928,0.112060577593635,-0.311117956144436));
#5269=CARTESIAN_POINT('',(-0.302286356464335,0.112035785427111,-0.311122327686588));
#5270=CARTESIAN_POINT('',(-0.302288339837658,0.112411657405298,-0.310985520076259));
#5271=CARTESIAN_POINT('',(-0.313790177444819,0.112730507400479,0.310858767012879));
#5272=CARTESIAN_POINT('',(-0.292290449964163,0.112837113716534,0.310839969381626));
#5273=CARTESIAN_POINT('',(-0.292288466590842,0.112461241738347,0.310976776991956));
#5274=CARTESIAN_POINT('',(-0.292286483217519,0.11208536976016,0.311113584602285));
#5275=CARTESIAN_POINT('',(-0.313786210698175,0.111978763444105,0.311132382233538));
#5276=CARTESIAN_POINT('',(-0.296711695796389,-0.113564611095298,-0.311123201995019));
#5277=CARTESIAN_POINT('',(-0.301711632419796,-0.113589403261822,-0.311118830452867));
#5278=CARTESIAN_POINT('',(-0.296707729049744,-0.114316355051672,-0.31084958677436));
#5279=CARTESIAN_POINT('',(-0.301707665673152,-0.114341147218197,-0.310845215232208));
#5280=CARTESIAN_POINT('',(-0.301709649046475,-0.113965275240009,-0.310982022842538));
#5281=CARTESIAN_POINT('',(-0.314233069504485,0.285984596610052,0.165154486224148));
#5282=CARTESIAN_POINT('',(-0.29273328024871,0.286067037236144,0.165106888950965));
#5283=CARTESIAN_POINT('',(-0.29273174646962,0.285867041156966,0.165453297980633));
#5284=CARTESIAN_POINT('',(-0.29273021269053,0.285667045077789,0.165799707010301));
#5285=CARTESIAN_POINT('',(-0.314230001946305,0.285584604451698,0.165847304283484));
#5286=CARTESIAN_POINT('',(-0.296267934717503,-0.287158650254304,-0.165824059103557));
#5287=CARTESIAN_POINT('',(-0.301267885707218,-0.28717782249293,-0.165812989970259));
#5288=CARTESIAN_POINT('',(-0.296264867159322,-0.287558642412658,-0.165131241044221));
#5289=CARTESIAN_POINT('',(-0.301264818149037,-0.287577814651285,-0.165120171910923));
#5290=CARTESIAN_POINT('',(-0.301266351928128,-0.287377818572107,-0.165466580940591));
#5291=CARTESIAN_POINT('',(-0.314332928715721,0.325048328538011,-0.0578274141565217));
#5292=CARTESIAN_POINT('',(-0.29283304481497,0.325093745179081,-0.057881539778528));
#5293=CARTESIAN_POINT('',(-0.292832199854206,0.325163206610134,-0.0574876179644108));
#5294=CARTESIAN_POINT('',(-0.292831354893442,0.325232668041187,-0.0570936961502936));
#5295=CARTESIAN_POINT('',(-0.314331238794193,0.325187251400117,-0.0570395705282872));
#5296=CARTESIAN_POINT('',(-0.29616674409158,-0.326743215721666,0.0570660039715927));
#5297=CARTESIAN_POINT('',(-0.301166717091754,-0.326753777731217,0.0570785913255476));
#5298=CARTESIAN_POINT('',(-0.296165054170051,-0.32660429285956,0.0578538475998271));
#5299=CARTESIAN_POINT('',(-0.301165027170226,-0.326614854869112,0.0578664349537821));
#5300=CARTESIAN_POINT('',(-0.30116587213099,-0.326684316300164,0.0574725131396649));
#5301=CARTESIAN_POINT('',(-0.314043029843777,0.211643348870242,-0.253751224773234));
#5302=CARTESIAN_POINT('',(-0.292543062713632,0.2116562071653,-0.253786552763988));
#5303=CARTESIAN_POINT('',(-0.292542823489538,0.21196262555408,-0.2535294385602));
#5304=CARTESIAN_POINT('',(-0.292542584265444,0.21226904394286,-0.253272324356413));
#5305=CARTESIAN_POINT('',(-0.314042551395589,0.212256185647802,-0.253236996365659));
#5306=CARTESIAN_POINT('',(-0.296455472137097,-0.213796249381765,0.253254249570446));
#5307=CARTESIAN_POINT('',(-0.301455464492945,-0.21379923968294,0.253262465382249));
#5308=CARTESIAN_POINT('',(-0.296454993688909,-0.213183412604205,0.253768477978021));
#5309=CARTESIAN_POINT('',(-0.301454986044756,-0.213186402905381,0.253776693789824));
#5310=CARTESIAN_POINT('',(-0.30145522526885,-0.213492821294161,0.253519579586036));
#5311=CARTESIAN_POINT('',(-0.288570991069298,0.0028949479658975,0.0337707926629739));
#5312=CARTESIAN_POINT('',(-0.288570991069298,0.0028949479658975,0.0299857200569109));
#5313=CARTESIAN_POINT('',(-0.288765435513742,0.0028949479658975,0.0337707926629739));
#5314=CARTESIAN_POINT('',(-0.288765435513742,0.0028949479658975,0.0299857200569109));
#5315=CARTESIAN_POINT('',(-0.288917272898001,0.00295050352145305,0.0337707926629739));
#5316=CARTESIAN_POINT('',(-0.288917272898001,0.00295050352145305,0.0299857200569109));
#5317=CARTESIAN_POINT('',(-0.289026503222076,0.00306161463256416,0.0337707926629739));
#5318=CARTESIAN_POINT('',(-0.289026503222076,0.00306161463256416,0.0299857200569109));
#5319=CARTESIAN_POINT('',(-0.289026503222076,0.00306161463256416,0.489377076393707));
#5320=CARTESIAN_POINT('',(-0.288570991069298,0.0028949479658975,0.489377076393707));
#5321=CARTESIAN_POINT('',(-0.28811547891652,0.00306161463256416,0.0337351663413787));
#5322=CARTESIAN_POINT('',(-0.28811547891652,0.00306161463256416,0.0299859325399423));
#5323=CARTESIAN_POINT('',(-0.288224709240594,0.00295050352145305,0.0337351663413787));
#5324=CARTESIAN_POINT('',(-0.288224709240594,0.00295050352145305,0.0299859325399423));
#5325=CARTESIAN_POINT('',(-0.288376546624853,0.0028949479658975,0.0337351663413787));
#5326=CARTESIAN_POINT('',(-0.288376546624853,0.0028949479658975,0.0299859325399423));
#5327=CARTESIAN_POINT('',(-0.288570991069298,0.0028949479658975,0.0337351663413787));
#5328=CARTESIAN_POINT('',(-0.288570991069298,0.0028949479658975,0.0299859325399423));
#5329=CARTESIAN_POINT('',(-0.28811547891652,0.00306161463256416,0.489377076393707));
#5330=CARTESIAN_POINT('',(-0.287951633430408,0.00352559032700861,0.0336626535534725));
#5331=CARTESIAN_POINT('',(-0.287951633430408,0.00352559032700861,0.0299231424250174));
#5332=CARTESIAN_POINT('',(-0.287951633430408,0.00332738430849009,0.0336626535534725));
#5333=CARTESIAN_POINT('',(-0.287951633430408,0.00332738430849009,0.0299231424250174));
#5334=CARTESIAN_POINT('',(-0.288006248592446,0.00317272574367528,0.0336626535534725));
#5335=CARTESIAN_POINT('',(-0.288006248592446,0.00317272574367528,0.0299231424250174));
#5336=CARTESIAN_POINT('',(-0.28811547891652,0.00306161463256416,0.0336626535534725));
#5337=CARTESIAN_POINT('',(-0.28811547891652,0.00306161463256416,0.0299231424250174));
#5338=CARTESIAN_POINT('',(-0.287951633430408,0.00352559032700861,0.489377076393707));
#5339=CARTESIAN_POINT('',(-0.287951633430408,0.00383809032700861,0.489377076393707));
#5340=CARTESIAN_POINT('',(-0.287951633430408,0.00415059032700861,0.489377076393707));
#5341=CARTESIAN_POINT('',(-0.28811547891652,0.00461456602145306,0.0335014041270861));
#5342=CARTESIAN_POINT('',(-0.28811547891652,0.00461456602145306,0.0297466335387555));
#5343=CARTESIAN_POINT('',(-0.288006248592446,0.00450345491034195,0.0335014041270861));
#5344=CARTESIAN_POINT('',(-0.288006248592446,0.00450345491034195,0.0297466335387555));
#5345=CARTESIAN_POINT('',(-0.287951633430408,0.00434879634552713,0.0335014041270861));
#5346=CARTESIAN_POINT('',(-0.287951633430408,0.00434879634552713,0.0297466335387555));
#5347=CARTESIAN_POINT('',(-0.287951633430408,0.00415059032700861,0.0335014041270861));
#5348=CARTESIAN_POINT('',(-0.287951633430408,0.00415059032700861,0.0297466335387555));
#5349=CARTESIAN_POINT('',(-0.28811547891652,0.00461456602145306,0.489377076393707));
#5350=CARTESIAN_POINT('',(-0.288570991069298,0.00478123268811972,0.0334765865188134));
#5351=CARTESIAN_POINT('',(-0.288570991069298,0.00478123268811972,0.0297159875987852));
#5352=CARTESIAN_POINT('',(-0.288376546624853,0.00478123268811972,0.0334765865188134));
#5353=CARTESIAN_POINT('',(-0.288376546624853,0.00478123268811972,0.0297159875987852));
#5354=CARTESIAN_POINT('',(-0.288224709240594,0.00472567713256417,0.0334765865188134));
#5355=CARTESIAN_POINT('',(-0.288224709240594,0.00472567713256417,0.0297159875987852));
#5356=CARTESIAN_POINT('',(-0.28811547891652,0.00461456602145306,0.0334765865188134));
#5357=CARTESIAN_POINT('',(-0.28811547891652,0.00461456602145306,0.0297159875987852));
#5358=CARTESIAN_POINT('',(-0.288570991069298,0.00478123268811972,0.489377076393707));
#5359=CARTESIAN_POINT('',(-0.289026503222076,0.00461456602145306,0.0335585659174024));
#5360=CARTESIAN_POINT('',(-0.289026503222076,0.00461456602145306,0.0297154986560501));
#5361=CARTESIAN_POINT('',(-0.288917272898001,0.00472567713256417,0.0335585659174024));
#5362=CARTESIAN_POINT('',(-0.288917272898001,0.00472567713256417,0.0297154986560501));
#5363=CARTESIAN_POINT('',(-0.288765435513742,0.00478123268811972,0.0335585659174024));
#5364=CARTESIAN_POINT('',(-0.288765435513742,0.00478123268811972,0.0297154986560501));
#5365=CARTESIAN_POINT('',(-0.288570991069298,0.00478123268811972,0.0335585659174024));
#5366=CARTESIAN_POINT('',(-0.288570991069298,0.00478123268811972,0.0297154986560501));
#5367=CARTESIAN_POINT('',(-0.289026503222076,0.00461456602145306,0.489377076393707));
#5368=CARTESIAN_POINT('',(-0.289190348708186,0.00415059032700861,0.0336495758882897));
#5369=CARTESIAN_POINT('',(-0.289190348708186,0.00415059032700861,0.0297457498105574));
#5370=CARTESIAN_POINT('',(-0.289190348708186,0.00434879634552713,0.0336495758882897));
#5371=CARTESIAN_POINT('',(-0.289190348708186,0.00434879634552713,0.0297457498105574));
#5372=CARTESIAN_POINT('',(-0.28913573354615,0.00450345491034195,0.0336495758882897));
#5373=CARTESIAN_POINT('',(-0.28913573354615,0.00450345491034195,0.0297457498105574));
#5374=CARTESIAN_POINT('',(-0.289026503222076,0.00461456602145306,0.0336495758882897));
#5375=CARTESIAN_POINT('',(-0.289026503222076,0.00461456602145306,0.0297457498105574));
#5376=CARTESIAN_POINT('',(-0.289190348708186,0.00415059032700861,0.489377076393707));
#5377=CARTESIAN_POINT('',(-0.289190348708186,0.00383809032700861,0.489377076393707));
#5378=CARTESIAN_POINT('',(-0.289190348708186,0.00352559032700861,0.489377076393707));
#5379=CARTESIAN_POINT('',(-0.289026503222076,0.00306161463256416,0.0337712642283138));
#5380=CARTESIAN_POINT('',(-0.289026503222076,0.00306161463256416,0.0299224946476326));
#5381=CARTESIAN_POINT('',(-0.289135733546149,0.00317272574367528,0.0337712642283138));
#5382=CARTESIAN_POINT('',(-0.289135733546149,0.00317272574367528,0.0299224946476326));
#5383=CARTESIAN_POINT('',(-0.289190348708186,0.00332738430849009,0.0337712642283138));
#5384=CARTESIAN_POINT('',(-0.289190348708186,0.00332738430849009,0.0299224946476326));
#5385=CARTESIAN_POINT('',(-0.289190348708186,0.00352559032700861,0.0337712642283138));
#5386=CARTESIAN_POINT('',(-0.289190348708186,0.00352559032700861,0.0299224946476326));
#5387=CARTESIAN_POINT('',(-0.28612454557878,0.00295250456752572,0.489377076393707));
#5388=CARTESIAN_POINT('',(-0.286148682041519,0.00295614588256416,0.489377076393707));
#5389=CARTESIAN_POINT('',(-0.286120904263742,0.00292836810478639,0.489377076393707));
#5390=CARTESIAN_POINT('',(-0.286034749749853,0.00292836810478639,0.489377076393707));
#5391=CARTESIAN_POINT('',(-0.285948595235964,0.00292836810478639,0.489377076393707));
#5392=CARTESIAN_POINT('',(-0.285944953920931,0.00295250456753133,0.489377076393707));
#5393=CARTESIAN_POINT('',(-0.285920817458186,0.00295614588256416,0.489377076393707));
#5394=CARTESIAN_POINT('',(-0.285920817458186,0.0031215104658975,0.489377076393707));
#5395=CARTESIAN_POINT('',(-0.285920817458186,0.00328687504923083,0.489377076393707));
#5396=CARTESIAN_POINT('',(-0.285815348708187,0.00328687504923083,0.489377076393707));
#5397=CARTESIAN_POINT('',(-0.285709879958186,0.00328687504923083,0.489377076393707));
#5398=CARTESIAN_POINT('',(-0.285706238643148,0.00331101151197036,0.489377076393707));
#5399=CARTESIAN_POINT('',(-0.285682102180409,0.00331465282700861,0.489377076393707));
#5400=CARTESIAN_POINT('',(-0.285682102180409,0.00339364588256417,0.489377076393707));
#5401=CARTESIAN_POINT('',(-0.285682102180409,0.00347263893811972,0.489377076393707));
#5402=CARTESIAN_POINT('',(-0.285706238643148,0.00347628025315791,0.489377076393707));
#5403=CARTESIAN_POINT('',(-0.285709879958186,0.0035004167158975,0.489377076393707));
#5404=CARTESIAN_POINT('',(-0.285815348708187,0.0035004167158975,0.489377076393707));
#5405=CARTESIAN_POINT('',(-0.285920817458186,0.0035004167158975,0.489377076393707));
#5406=CARTESIAN_POINT('',(-0.285920817458186,0.00380467018811973,0.489377076393707));
#5407=CARTESIAN_POINT('',(-0.285920817458186,0.00410892366034195,0.489377076393707));
#5408=CARTESIAN_POINT('',(-0.285944953920931,0.00411256497537476,0.489377076393707));
#5409=CARTESIAN_POINT('',(-0.285948595235964,0.00413670143811972,0.489377076393707));
#5410=CARTESIAN_POINT('',(-0.28603344766652,0.00413670143811972,0.489377076393707));
#5411=CARTESIAN_POINT('',(-0.286118300097076,0.00413670143811972,0.489377076393707));
#5412=CARTESIAN_POINT('',(-0.286121941412108,0.00411256497537483,0.489377076393707));
#5413=CARTESIAN_POINT('',(-0.286146077874853,0.00410892366034195,0.489377076393707));
#5414=CARTESIAN_POINT('',(-0.286146077874853,0.00380467018811973,0.489377076393707));
#5415=CARTESIAN_POINT('',(-0.286146077874853,0.0035004167158975,0.489377076393707));
#5416=CARTESIAN_POINT('',(-0.286458577874853,0.0035004167158975,0.489377076393707));
#5417=CARTESIAN_POINT('',(-0.286771077874853,0.0035004167158975,0.489377076393707));
#5418=CARTESIAN_POINT('',(-0.286434923360964,0.00410892366034195,0.489377076393707));
#5419=CARTESIAN_POINT('',(-0.286098768847075,0.00471743060478641,0.489377076393707));
#5420=CARTESIAN_POINT('',(-0.286118300097076,0.00474781254923083,0.0331905984991409));
#5421=CARTESIAN_POINT('',(-0.286118300097076,0.00474781254923083,0.0297239459657342));
#5422=CARTESIAN_POINT('',(-0.28609399454152,0.00474781254923083,0.0331905984991409));
#5423=CARTESIAN_POINT('',(-0.28609399454152,0.00474781254923083,0.0297239459657342));
#5424=CARTESIAN_POINT('',(-0.286087484124853,0.00473768523441602,0.0331905984991409));
#5425=CARTESIAN_POINT('',(-0.286087484124853,0.00473768523441602,0.0297239459657342));
#5426=CARTESIAN_POINT('',(-0.286098768847075,0.00471743060478639,0.0331905984991409));
#5427=CARTESIAN_POINT('',(-0.286098768847075,0.00471743060478639,0.0297239459657342));
#5428=CARTESIAN_POINT('',(-0.286118300097076,0.00474781254923083,0.489377076393707));
#5429=CARTESIAN_POINT('',(-0.286209879958186,0.00474781254923083,0.489377076393707));
#5430=CARTESIAN_POINT('',(-0.286301459819297,0.00474781254923083,0.489377076393707));
#5431=CARTESIAN_POINT('',(-0.286300517787893,0.00470663876315995,0.489377076393707));
#5432=CARTESIAN_POINT('',(-0.286337484124853,0.00472567713256417,0.489377076393707));
#5433=CARTESIAN_POINT('',(-0.28671118204152,0.00404794275756417,0.489377076393707));
#5434=CARTESIAN_POINT('',(-0.287084879958186,0.00337020838256414,0.489377076393707));
#5435=CARTESIAN_POINT('',(-0.287014484649503,0.00333575945165372,0.489377076393706));
#5436=CARTESIAN_POINT('',(-0.287093126485964,0.00333114588256417,0.489377076393707));
#5437=CARTESIAN_POINT('',(-0.287093126485964,0.00332289935478639,0.489377076393707));
#5438=CARTESIAN_POINT('',(-0.287093126485964,0.00331465282700861,0.489377076393707));
#5439=CARTESIAN_POINT('',(-0.287068990023219,0.00331101151197573,0.489377076393707));
#5440=CARTESIAN_POINT('',(-0.287065348708187,0.00328687504923083,0.489377076393707));
#5441=CARTESIAN_POINT('',(-0.286607015374853,0.00328687504923083,0.489377076393707));
#5442=CARTESIAN_POINT('',(-0.286148682041519,0.00328687504923083,0.489377076393707));
#5443=CARTESIAN_POINT('',(-0.286148682041519,0.0031215104658975,0.489377076393707));
#5444=CARTESIAN_POINT('',(-0.287443386902631,0.0028949479658975,0.033610383781979));
#5445=CARTESIAN_POINT('',(-0.287443386902631,0.0028949479658975,0.0300022650964329));
#5446=CARTESIAN_POINT('',(-0.287498942458186,0.0028949479658975,0.033610383781979));
#5447=CARTESIAN_POINT('',(-0.287498942458186,0.0028949479658975,0.0300022650964329));
#5448=CARTESIAN_POINT('',(-0.287538728337816,0.00290934322052713,0.033610383781979));
#5449=CARTESIAN_POINT('',(-0.287538728337816,0.00290934322052713,0.0300022650964329));
#5450=CARTESIAN_POINT('',(-0.287562744541519,0.00293813372978639,0.033610383781979));
#5451=CARTESIAN_POINT('',(-0.287562744541519,0.00293813372978639,0.0300022650964329));
#5452=CARTESIAN_POINT('',(-0.287562744541519,0.00293813372978639,0.489377076393707));
#5453=CARTESIAN_POINT('',(-0.287443386902631,0.0028949479658975,0.489377076393707));
#5454=CARTESIAN_POINT('',(-0.287323812249853,0.00293813372978639,0.0336008300471472));
#5455=CARTESIAN_POINT('',(-0.287323812249853,0.00293813372978639,0.0300023220769587));
#5456=CARTESIAN_POINT('',(-0.287347973129483,0.00290934322052713,0.0336008300471472));
#5457=CARTESIAN_POINT('',(-0.287347973129483,0.00290934322052713,0.0300023220769587));
#5458=CARTESIAN_POINT('',(-0.287387831347075,0.0028949479658975,0.0336008300471472));
#5459=CARTESIAN_POINT('',(-0.287387831347075,0.0028949479658975,0.0300023220769587));
#5460=CARTESIAN_POINT('',(-0.287443386902631,0.0028949479658975,0.0336008300471472));
#5461=CARTESIAN_POINT('',(-0.287443386902631,0.0028949479658975,0.0300023220769587));
#5462=CARTESIAN_POINT('',(-0.287323812249853,0.00293813372978639,0.489377076393707));
#5463=CARTESIAN_POINT('',(-0.287457675204542,0.00304211339843703,0.489377076393706));
#5464=CARTESIAN_POINT('',(-0.287287570930408,0.00305076393811972,0.489377076393707));
#5465=CARTESIAN_POINT('',(-0.287287570930408,0.00306465282700861,0.489377076393707));
#5466=CARTESIAN_POINT('',(-0.287287570930408,0.0030785417158975,0.489377076393707));
#5467=CARTESIAN_POINT('',(-0.287456833725293,0.00308727720298822,0.489377076393706));
#5468=CARTESIAN_POINT('',(-0.287323812249853,0.00319095491034194,0.489377076393707));
#5469=CARTESIAN_POINT('',(-0.287443386902631,0.00323392366034194,0.0335621272600665));
#5470=CARTESIAN_POINT('',(-0.287443386902631,0.00323392366034194,0.0299643437743061));
#5471=CARTESIAN_POINT('',(-0.287387831347075,0.00323392366034195,0.0335621272600665));
#5472=CARTESIAN_POINT('',(-0.287387831347075,0.00323392366034195,0.0299643437743061));
#5473=CARTESIAN_POINT('',(-0.287347973129483,0.00321960074367528,0.0335621272600665));
#5474=CARTESIAN_POINT('',(-0.287347973129483,0.00321960074367528,0.0299643437743061));
#5475=CARTESIAN_POINT('',(-0.287323812249853,0.00319095491034194,0.0335621272600665));
#5476=CARTESIAN_POINT('',(-0.287323812249853,0.00319095491034194,0.0299643437743061));
#5477=CARTESIAN_POINT('',(-0.287443386902631,0.00323392366034194,0.489377076393707));
#5478=CARTESIAN_POINT('',(-0.287562744541519,0.00319095491034194,0.0335814796017239));
#5479=CARTESIAN_POINT('',(-0.287562744541519,0.00319095491034194,0.0299642283527852));
#5480=CARTESIAN_POINT('',(-0.287538728337816,0.00321960074367528,0.0335814796017239));
#5481=CARTESIAN_POINT('',(-0.287538728337816,0.00321960074367528,0.0299642283527852));
#5482=CARTESIAN_POINT('',(-0.287498942458186,0.00323392366034194,0.0335814796017239));
#5483=CARTESIAN_POINT('',(-0.287498942458186,0.00323392366034194,0.0299642283527852));
#5484=CARTESIAN_POINT('',(-0.287443386902631,0.00323392366034194,0.0335814796017239));
#5485=CARTESIAN_POINT('',(-0.287443386902631,0.00323392366034194,0.0299642283527852));
#5486=CARTESIAN_POINT('',(-0.287562744541519,0.00319095491034194,0.489377076393707));
#5487=CARTESIAN_POINT('',(-0.287428814614956,0.00308732451067053,0.489377076393706));
#5488=CARTESIAN_POINT('',(-0.287598768847075,0.0030785417158975,0.489377076393707));
#5489=CARTESIAN_POINT('',(-0.287598768847075,0.00306465282700861,0.489377076393707));
#5490=CARTESIAN_POINT('',(-0.287598768847075,0.00305076393811972,0.489377076393707));
#5491=CARTESIAN_POINT('',(-0.287427968539193,0.00304206603235572,0.489377076393706));
#5492=CARTESIAN_POINT('',(-0.29087454557878,0.00326630665085909,0.489377076393707));
#5493=CARTESIAN_POINT('',(-0.29089868204152,0.0032699479658975,0.489377076393707));
#5494=CARTESIAN_POINT('',(-0.290870904263742,0.00324217018811972,0.489377076393707));
#5495=CARTESIAN_POINT('',(-0.290793213291519,0.00324217018811972,0.489377076393707));
#5496=CARTESIAN_POINT('',(-0.290715522319297,0.00324217018811972,0.489377076393707));
#5497=CARTESIAN_POINT('',(-0.290711881004259,0.00326630665085927,0.489377076393707));
#5498=CARTESIAN_POINT('',(-0.29068774454152,0.0032699479658975,0.489377076393707));
#5499=CARTESIAN_POINT('',(-0.29068774454152,0.0034672135908975,0.489377076393707));
#5500=CARTESIAN_POINT('',(-0.29068774454152,0.0036644792158975,0.489377076393707));
#5501=CARTESIAN_POINT('',(-0.290465522319297,0.0036644792158975,0.489377076393707));
#5502=CARTESIAN_POINT('',(-0.290243300097075,0.0036644792158975,0.489377076393707));
#5503=CARTESIAN_POINT('',(-0.290239658782037,0.00368861567863687,0.489377076393707));
#5504=CARTESIAN_POINT('',(-0.290215522319297,0.00369225699367528,0.489377076393707));
#5505=CARTESIAN_POINT('',(-0.290215522319297,0.00376300352145306,0.489377076393707));
#5506=CARTESIAN_POINT('',(-0.290215522319297,0.00383375004923084,0.489377076393707));
#5507=CARTESIAN_POINT('',(-0.290239658782042,0.00383739136426368,0.489377076393707));
#5508=CARTESIAN_POINT('',(-0.290243300097075,0.00386152782700861,0.489377076393707));
#5509=CARTESIAN_POINT('',(-0.290465522319297,0.00386152782700861,0.489377076393707));
#5510=CARTESIAN_POINT('',(-0.29068774454152,0.00386152782700861,0.489377076393707));
#5511=CARTESIAN_POINT('',(-0.29068774454152,0.00405879345200861,0.489377076393707));
#5512=CARTESIAN_POINT('',(-0.29068774454152,0.00425605907700861,0.489377076393707));
#5513=CARTESIAN_POINT('',(-0.290711881004259,0.00425970039204686,0.489377076393707));
#5514=CARTESIAN_POINT('',(-0.290715522319297,0.00428383685478639,0.489377076393707));
#5515=CARTESIAN_POINT('',(-0.290793213291519,0.00428383685478639,0.489377076393707));
#5516=CARTESIAN_POINT('',(-0.290870904263742,0.00428383685478639,0.489377076393707));
#5517=CARTESIAN_POINT('',(-0.29087454557878,0.00425970039204696,0.489377076393707));
#5518=CARTESIAN_POINT('',(-0.29089868204152,0.00425605907700861,0.489377076393707));
#5519=CARTESIAN_POINT('',(-0.29089868204152,0.00405879345200861,0.489377076393707));
#5520=CARTESIAN_POINT('',(-0.29089868204152,0.00386152782700861,0.489377076393707));
#5521=CARTESIAN_POINT('',(-0.291120904263742,0.00386152782700861,0.489377076393707));
#5522=CARTESIAN_POINT('',(-0.291343126485964,0.00386152782700861,0.489377076393707));
#5523=CARTESIAN_POINT('',(-0.291346767801002,0.00383739136426845,0.489377076393707));
#5524=CARTESIAN_POINT('',(-0.291370904263742,0.00383375004923084,0.489377076393707));
#5525=CARTESIAN_POINT('',(-0.291370904263742,0.00376300352145306,0.489377076393707));
#5526=CARTESIAN_POINT('',(-0.291370904263742,0.00369225699367528,0.489377076393707));
#5527=CARTESIAN_POINT('',(-0.291346767801002,0.00368861567863705,0.489377076393707));
#5528=CARTESIAN_POINT('',(-0.291343126485964,0.0036644792158975,0.489377076393707));
#5529=CARTESIAN_POINT('',(-0.291120904263742,0.0036644792158975,0.489377076393707));
#5530=CARTESIAN_POINT('',(-0.29089868204152,0.0036644792158975,0.489377076393707));
#5531=CARTESIAN_POINT('',(-0.29089868204152,0.0034672135908975,0.489377076393707));
#5532=MECHANICAL_DESIGN_GEOMETRIC_PRESENTATION_REPRESENTATION('',(#2979),
#5533);
#5533=(
GEOMETRIC_REPRESENTATION_CONTEXT(3)
GLOBAL_UNCERTAINTY_ASSIGNED_CONTEXT((#5534))
GLOBAL_UNIT_ASSIGNED_CONTEXT((#5537,#5536,#5535))
REPRESENTATION_CONTEXT('Part 11','TOP_LEVEL_ASSEMBLY_PART')
);
#5534=UNCERTAINTY_MEASURE_WITH_UNIT(LENGTH_MEASURE(2.E-5),#5537,
'DISTANCE_ACCURACY_VALUE','Maximum Tolerance applied to model');
#5535=(
NAMED_UNIT(*)
SI_UNIT($,.STERADIAN.)
SOLID_ANGLE_UNIT()
);
#5536=(
NAMED_UNIT(*)
PLANE_ANGLE_UNIT()
SI_UNIT($,.RADIAN.)
);
#5537=(
LENGTH_UNIT()
NAMED_UNIT(*)
SI_UNIT($,.METRE.)
);
#5538=PRODUCT_DEFINITION_SHAPE('','',#5539);
#5539=PRODUCT_DEFINITION('','',#5541,#5540);
#5540=PRODUCT_DEFINITION_CONTEXT('',#5547,'design');
#5541=PRODUCT_DEFINITION_FORMATION_WITH_SPECIFIED_SOURCE('','',#5543,
 .NOT_KNOWN.);
#5542=PRODUCT_RELATED_PRODUCT_CATEGORY('','',(#5543));
#5543=PRODUCT('Part 11','Part 11','Part 11',(#5545));
#5544=PRODUCT_CATEGORY('','');
#5545=PRODUCT_CONTEXT('',#5547,'mechanical');
#5546=APPLICATION_PROTOCOL_DEFINITION('international standard',
'ap242_managed_model_based_3d_engineering',2011,#5547);
#5547=APPLICATION_CONTEXT('managed model based 3d engineering');
ENDSEC;
END-ISO-10303-21;
