ISO-10303-21;
HEADER;
/* Generated by software containing ST-Developer
 * from STEP Tools, Inc. (www.steptools.com) 
 */
/* OPTION: using custom renumber hook */

FILE_DESCRIPTION(
/* description */ ('STEP AP242',
'CAx-IF Rec.Pracs.---Representation and Presentation of Product Manufa
cturing Information (PMI)---4.0---2014-10-13',
'CAx-IF Rec.Pracs.---3D Tessellated Geometry---0.4---2014-09-14','2;1'),

/* implementation_level */ '2;1');

FILE_NAME(
/* name */ '68fb21d834e6012dc82c9665',
/* time_stamp */ '2025-10-24T06:51:04Z',
/* author */ (''),
/* organization */ (''),
/* preprocessor_version */ 'ST-DEVELOPER v20',
/* originating_system */ 'ONSHAPE BY PTC INC, 1.205',
/* authorisation */ '  ');

FILE_SCHEMA (('AP242_MANAGED_MODEL_BASED_3D_ENGINEERING_MIM_LF { 1 0 10303 442 1 1 4 }'));
ENDSEC;

DATA;
#10=SHAPE_REPRESENTATION_RELATIONSHIP('','',#1495,#11);
#11=ADVANCED_BREP_SHAPE_REPRESENTATION('',(#1493),#2523);
#12=LINE('',#2497,#24);
#13=LINE('',#2500,#25);
#14=LINE('',#2502,#26);
#15=LINE('',#2504,#27);
#16=LINE('',#2506,#28);
#17=LINE('',#2508,#29);
#18=LINE('',#2510,#30);
#19=LINE('',#2512,#31);
#20=LINE('',#2515,#32);
#21=LINE('',#2516,#33);
#22=LINE('',#2518,#34);
#23=LINE('',#2520,#35);
#24=VECTOR('',#2128,1.);
#25=VECTOR('',#2129,1.);
#26=VECTOR('',#2130,1.);
#27=VECTOR('',#2131,1.);
#28=VECTOR('',#2134,1.);
#29=VECTOR('',#2135,1.);
#30=VECTOR('',#2136,1.);
#31=VECTOR('',#2139,1.);
#32=VECTOR('',#2140,1.);
#33=VECTOR('',#2141,1.);
#34=VECTOR('',#2144,1.);
#35=VECTOR('',#2147,1.);
#36=PLANE('',#1704);
#37=PLANE('',#1705);
#38=PLANE('',#1706);
#39=PLANE('',#1707);
#40=PLANE('',#1708);
#41=PLANE('',#1709);
#42=ORIENTED_EDGE('',*,*,#342,.F.);
#43=ORIENTED_EDGE('',*,*,#343,.F.);
#44=ORIENTED_EDGE('',*,*,#344,.F.);
#45=ORIENTED_EDGE('',*,*,#345,.F.);
#46=ORIENTED_EDGE('',*,*,#346,.F.);
#47=ORIENTED_EDGE('',*,*,#347,.F.);
#48=ORIENTED_EDGE('',*,*,#348,.F.);
#49=ORIENTED_EDGE('',*,*,#349,.F.);
#50=ORIENTED_EDGE('',*,*,#350,.F.);
#51=ORIENTED_EDGE('',*,*,#351,.F.);
#52=ORIENTED_EDGE('',*,*,#352,.F.);
#53=ORIENTED_EDGE('',*,*,#353,.F.);
#54=ORIENTED_EDGE('',*,*,#354,.F.);
#55=ORIENTED_EDGE('',*,*,#355,.F.);
#56=ORIENTED_EDGE('',*,*,#356,.F.);
#57=ORIENTED_EDGE('',*,*,#357,.F.);
#58=ORIENTED_EDGE('',*,*,#358,.F.);
#59=ORIENTED_EDGE('',*,*,#359,.F.);
#60=ORIENTED_EDGE('',*,*,#360,.F.);
#61=ORIENTED_EDGE('',*,*,#361,.F.);
#62=ORIENTED_EDGE('',*,*,#362,.F.);
#63=ORIENTED_EDGE('',*,*,#363,.F.);
#64=ORIENTED_EDGE('',*,*,#364,.F.);
#65=ORIENTED_EDGE('',*,*,#365,.F.);
#66=ORIENTED_EDGE('',*,*,#366,.F.);
#67=ORIENTED_EDGE('',*,*,#367,.F.);
#68=ORIENTED_EDGE('',*,*,#368,.F.);
#69=ORIENTED_EDGE('',*,*,#369,.F.);
#70=ORIENTED_EDGE('',*,*,#370,.F.);
#71=ORIENTED_EDGE('',*,*,#371,.F.);
#72=ORIENTED_EDGE('',*,*,#372,.F.);
#73=ORIENTED_EDGE('',*,*,#373,.F.);
#74=ORIENTED_EDGE('',*,*,#374,.F.);
#75=ORIENTED_EDGE('',*,*,#375,.F.);
#76=ORIENTED_EDGE('',*,*,#376,.F.);
#77=ORIENTED_EDGE('',*,*,#377,.F.);
#78=ORIENTED_EDGE('',*,*,#378,.F.);
#79=ORIENTED_EDGE('',*,*,#379,.F.);
#80=ORIENTED_EDGE('',*,*,#380,.F.);
#81=ORIENTED_EDGE('',*,*,#381,.F.);
#82=ORIENTED_EDGE('',*,*,#382,.F.);
#83=ORIENTED_EDGE('',*,*,#383,.F.);
#84=ORIENTED_EDGE('',*,*,#384,.F.);
#85=ORIENTED_EDGE('',*,*,#385,.F.);
#86=ORIENTED_EDGE('',*,*,#386,.F.);
#87=ORIENTED_EDGE('',*,*,#387,.F.);
#88=ORIENTED_EDGE('',*,*,#388,.F.);
#89=ORIENTED_EDGE('',*,*,#389,.F.);
#90=ORIENTED_EDGE('',*,*,#390,.F.);
#91=ORIENTED_EDGE('',*,*,#391,.F.);
#92=ORIENTED_EDGE('',*,*,#392,.F.);
#93=ORIENTED_EDGE('',*,*,#393,.F.);
#94=ORIENTED_EDGE('',*,*,#394,.F.);
#95=ORIENTED_EDGE('',*,*,#395,.F.);
#96=ORIENTED_EDGE('',*,*,#396,.F.);
#97=ORIENTED_EDGE('',*,*,#397,.F.);
#98=ORIENTED_EDGE('',*,*,#398,.F.);
#99=ORIENTED_EDGE('',*,*,#399,.F.);
#100=ORIENTED_EDGE('',*,*,#400,.F.);
#101=ORIENTED_EDGE('',*,*,#401,.F.);
#102=ORIENTED_EDGE('',*,*,#402,.F.);
#103=ORIENTED_EDGE('',*,*,#403,.F.);
#104=ORIENTED_EDGE('',*,*,#404,.F.);
#105=ORIENTED_EDGE('',*,*,#405,.F.);
#106=ORIENTED_EDGE('',*,*,#406,.F.);
#107=ORIENTED_EDGE('',*,*,#407,.F.);
#108=ORIENTED_EDGE('',*,*,#408,.F.);
#109=ORIENTED_EDGE('',*,*,#409,.F.);
#110=ORIENTED_EDGE('',*,*,#410,.F.);
#111=ORIENTED_EDGE('',*,*,#411,.F.);
#112=ORIENTED_EDGE('',*,*,#412,.F.);
#113=ORIENTED_EDGE('',*,*,#413,.F.);
#114=ORIENTED_EDGE('',*,*,#414,.F.);
#115=ORIENTED_EDGE('',*,*,#415,.F.);
#116=ORIENTED_EDGE('',*,*,#416,.F.);
#117=ORIENTED_EDGE('',*,*,#417,.F.);
#118=ORIENTED_EDGE('',*,*,#418,.F.);
#119=ORIENTED_EDGE('',*,*,#419,.F.);
#120=ORIENTED_EDGE('',*,*,#420,.F.);
#121=ORIENTED_EDGE('',*,*,#421,.F.);
#122=ORIENTED_EDGE('',*,*,#422,.F.);
#123=ORIENTED_EDGE('',*,*,#423,.F.);
#124=ORIENTED_EDGE('',*,*,#424,.F.);
#125=ORIENTED_EDGE('',*,*,#425,.F.);
#126=ORIENTED_EDGE('',*,*,#426,.F.);
#127=ORIENTED_EDGE('',*,*,#427,.F.);
#128=ORIENTED_EDGE('',*,*,#428,.F.);
#129=ORIENTED_EDGE('',*,*,#429,.F.);
#130=ORIENTED_EDGE('',*,*,#430,.F.);
#131=ORIENTED_EDGE('',*,*,#431,.F.);
#132=ORIENTED_EDGE('',*,*,#432,.F.);
#133=ORIENTED_EDGE('',*,*,#433,.F.);
#134=ORIENTED_EDGE('',*,*,#434,.F.);
#135=ORIENTED_EDGE('',*,*,#435,.F.);
#136=ORIENTED_EDGE('',*,*,#436,.F.);
#137=ORIENTED_EDGE('',*,*,#437,.F.);
#138=ORIENTED_EDGE('',*,*,#438,.F.);
#139=ORIENTED_EDGE('',*,*,#439,.F.);
#140=ORIENTED_EDGE('',*,*,#440,.F.);
#141=ORIENTED_EDGE('',*,*,#441,.F.);
#142=ORIENTED_EDGE('',*,*,#442,.F.);
#143=ORIENTED_EDGE('',*,*,#443,.F.);
#144=ORIENTED_EDGE('',*,*,#444,.F.);
#145=ORIENTED_EDGE('',*,*,#445,.F.);
#146=ORIENTED_EDGE('',*,*,#446,.F.);
#147=ORIENTED_EDGE('',*,*,#447,.F.);
#148=ORIENTED_EDGE('',*,*,#448,.F.);
#149=ORIENTED_EDGE('',*,*,#449,.F.);
#150=ORIENTED_EDGE('',*,*,#450,.F.);
#151=ORIENTED_EDGE('',*,*,#451,.F.);
#152=ORIENTED_EDGE('',*,*,#452,.F.);
#153=ORIENTED_EDGE('',*,*,#453,.F.);
#154=ORIENTED_EDGE('',*,*,#454,.F.);
#155=ORIENTED_EDGE('',*,*,#455,.F.);
#156=ORIENTED_EDGE('',*,*,#456,.F.);
#157=ORIENTED_EDGE('',*,*,#457,.F.);
#158=ORIENTED_EDGE('',*,*,#458,.F.);
#159=ORIENTED_EDGE('',*,*,#459,.F.);
#160=ORIENTED_EDGE('',*,*,#460,.F.);
#161=ORIENTED_EDGE('',*,*,#461,.F.);
#162=ORIENTED_EDGE('',*,*,#462,.T.);
#163=ORIENTED_EDGE('',*,*,#463,.F.);
#164=ORIENTED_EDGE('',*,*,#464,.T.);
#165=ORIENTED_EDGE('',*,*,#465,.F.);
#166=ORIENTED_EDGE('',*,*,#466,.T.);
#167=ORIENTED_EDGE('',*,*,#467,.F.);
#168=ORIENTED_EDGE('',*,*,#468,.T.);
#169=ORIENTED_EDGE('',*,*,#469,.F.);
#170=ORIENTED_EDGE('',*,*,#470,.T.);
#171=ORIENTED_EDGE('',*,*,#471,.F.);
#172=ORIENTED_EDGE('',*,*,#472,.T.);
#173=ORIENTED_EDGE('',*,*,#473,.F.);
#174=ORIENTED_EDGE('',*,*,#474,.T.);
#175=ORIENTED_EDGE('',*,*,#475,.F.);
#176=ORIENTED_EDGE('',*,*,#476,.T.);
#177=ORIENTED_EDGE('',*,*,#477,.F.);
#178=ORIENTED_EDGE('',*,*,#478,.T.);
#179=ORIENTED_EDGE('',*,*,#479,.F.);
#180=ORIENTED_EDGE('',*,*,#480,.F.);
#181=ORIENTED_EDGE('',*,*,#481,.T.);
#182=ORIENTED_EDGE('',*,*,#482,.T.);
#183=ORIENTED_EDGE('',*,*,#483,.F.);
#184=ORIENTED_EDGE('',*,*,#478,.F.);
#185=ORIENTED_EDGE('',*,*,#476,.F.);
#186=ORIENTED_EDGE('',*,*,#474,.F.);
#187=ORIENTED_EDGE('',*,*,#472,.F.);
#188=ORIENTED_EDGE('',*,*,#470,.F.);
#189=ORIENTED_EDGE('',*,*,#468,.F.);
#190=ORIENTED_EDGE('',*,*,#466,.F.);
#191=ORIENTED_EDGE('',*,*,#464,.F.);
#192=ORIENTED_EDGE('',*,*,#462,.F.);
#193=ORIENTED_EDGE('',*,*,#460,.T.);
#194=ORIENTED_EDGE('',*,*,#458,.T.);
#195=ORIENTED_EDGE('',*,*,#456,.T.);
#196=ORIENTED_EDGE('',*,*,#454,.T.);
#197=ORIENTED_EDGE('',*,*,#452,.T.);
#198=ORIENTED_EDGE('',*,*,#450,.T.);
#199=ORIENTED_EDGE('',*,*,#448,.T.);
#200=ORIENTED_EDGE('',*,*,#446,.T.);
#201=ORIENTED_EDGE('',*,*,#444,.T.);
#202=ORIENTED_EDGE('',*,*,#442,.T.);
#203=ORIENTED_EDGE('',*,*,#440,.T.);
#204=ORIENTED_EDGE('',*,*,#438,.T.);
#205=ORIENTED_EDGE('',*,*,#436,.T.);
#206=ORIENTED_EDGE('',*,*,#434,.T.);
#207=ORIENTED_EDGE('',*,*,#432,.T.);
#208=ORIENTED_EDGE('',*,*,#430,.T.);
#209=ORIENTED_EDGE('',*,*,#428,.T.);
#210=ORIENTED_EDGE('',*,*,#426,.T.);
#211=ORIENTED_EDGE('',*,*,#424,.T.);
#212=ORIENTED_EDGE('',*,*,#422,.T.);
#213=ORIENTED_EDGE('',*,*,#420,.T.);
#214=ORIENTED_EDGE('',*,*,#418,.T.);
#215=ORIENTED_EDGE('',*,*,#416,.T.);
#216=ORIENTED_EDGE('',*,*,#414,.T.);
#217=ORIENTED_EDGE('',*,*,#412,.T.);
#218=ORIENTED_EDGE('',*,*,#410,.T.);
#219=ORIENTED_EDGE('',*,*,#408,.T.);
#220=ORIENTED_EDGE('',*,*,#406,.T.);
#221=ORIENTED_EDGE('',*,*,#404,.T.);
#222=ORIENTED_EDGE('',*,*,#402,.T.);
#223=ORIENTED_EDGE('',*,*,#400,.T.);
#224=ORIENTED_EDGE('',*,*,#398,.T.);
#225=ORIENTED_EDGE('',*,*,#396,.T.);
#226=ORIENTED_EDGE('',*,*,#394,.T.);
#227=ORIENTED_EDGE('',*,*,#392,.T.);
#228=ORIENTED_EDGE('',*,*,#390,.T.);
#229=ORIENTED_EDGE('',*,*,#388,.T.);
#230=ORIENTED_EDGE('',*,*,#386,.T.);
#231=ORIENTED_EDGE('',*,*,#384,.T.);
#232=ORIENTED_EDGE('',*,*,#382,.T.);
#233=ORIENTED_EDGE('',*,*,#380,.T.);
#234=ORIENTED_EDGE('',*,*,#378,.T.);
#235=ORIENTED_EDGE('',*,*,#376,.T.);
#236=ORIENTED_EDGE('',*,*,#374,.T.);
#237=ORIENTED_EDGE('',*,*,#372,.T.);
#238=ORIENTED_EDGE('',*,*,#370,.T.);
#239=ORIENTED_EDGE('',*,*,#368,.T.);
#240=ORIENTED_EDGE('',*,*,#366,.T.);
#241=ORIENTED_EDGE('',*,*,#364,.T.);
#242=ORIENTED_EDGE('',*,*,#362,.T.);
#243=ORIENTED_EDGE('',*,*,#360,.T.);
#244=ORIENTED_EDGE('',*,*,#358,.T.);
#245=ORIENTED_EDGE('',*,*,#356,.T.);
#246=ORIENTED_EDGE('',*,*,#354,.T.);
#247=ORIENTED_EDGE('',*,*,#352,.T.);
#248=ORIENTED_EDGE('',*,*,#350,.T.);
#249=ORIENTED_EDGE('',*,*,#348,.T.);
#250=ORIENTED_EDGE('',*,*,#346,.T.);
#251=ORIENTED_EDGE('',*,*,#344,.T.);
#252=ORIENTED_EDGE('',*,*,#342,.T.);
#253=ORIENTED_EDGE('',*,*,#484,.T.);
#254=ORIENTED_EDGE('',*,*,#485,.F.);
#255=ORIENTED_EDGE('',*,*,#486,.F.);
#256=ORIENTED_EDGE('',*,*,#483,.T.);
#257=ORIENTED_EDGE('',*,*,#487,.F.);
#258=ORIENTED_EDGE('',*,*,#488,.T.);
#259=ORIENTED_EDGE('',*,*,#485,.T.);
#260=ORIENTED_EDGE('',*,*,#489,.F.);
#261=ORIENTED_EDGE('',*,*,#490,.F.);
#262=ORIENTED_EDGE('',*,*,#480,.T.);
#263=ORIENTED_EDGE('',*,*,#486,.T.);
#264=ORIENTED_EDGE('',*,*,#488,.F.);
#265=ORIENTED_EDGE('',*,*,#482,.F.);
#266=ORIENTED_EDGE('',*,*,#491,.T.);
#267=ORIENTED_EDGE('',*,*,#489,.T.);
#268=ORIENTED_EDGE('',*,*,#484,.F.);
#269=ORIENTED_EDGE('',*,*,#479,.T.);
#270=ORIENTED_EDGE('',*,*,#477,.T.);
#271=ORIENTED_EDGE('',*,*,#475,.T.);
#272=ORIENTED_EDGE('',*,*,#473,.T.);
#273=ORIENTED_EDGE('',*,*,#471,.T.);
#274=ORIENTED_EDGE('',*,*,#469,.T.);
#275=ORIENTED_EDGE('',*,*,#467,.T.);
#276=ORIENTED_EDGE('',*,*,#465,.T.);
#277=ORIENTED_EDGE('',*,*,#463,.T.);
#278=ORIENTED_EDGE('',*,*,#461,.T.);
#279=ORIENTED_EDGE('',*,*,#459,.T.);
#280=ORIENTED_EDGE('',*,*,#457,.T.);
#281=ORIENTED_EDGE('',*,*,#455,.T.);
#282=ORIENTED_EDGE('',*,*,#453,.T.);
#283=ORIENTED_EDGE('',*,*,#451,.T.);
#284=ORIENTED_EDGE('',*,*,#449,.T.);
#285=ORIENTED_EDGE('',*,*,#447,.T.);
#286=ORIENTED_EDGE('',*,*,#445,.T.);
#287=ORIENTED_EDGE('',*,*,#443,.T.);
#288=ORIENTED_EDGE('',*,*,#441,.T.);
#289=ORIENTED_EDGE('',*,*,#439,.T.);
#290=ORIENTED_EDGE('',*,*,#437,.T.);
#291=ORIENTED_EDGE('',*,*,#435,.T.);
#292=ORIENTED_EDGE('',*,*,#433,.T.);
#293=ORIENTED_EDGE('',*,*,#431,.T.);
#294=ORIENTED_EDGE('',*,*,#429,.T.);
#295=ORIENTED_EDGE('',*,*,#427,.T.);
#296=ORIENTED_EDGE('',*,*,#425,.T.);
#297=ORIENTED_EDGE('',*,*,#423,.T.);
#298=ORIENTED_EDGE('',*,*,#421,.T.);
#299=ORIENTED_EDGE('',*,*,#419,.T.);
#300=ORIENTED_EDGE('',*,*,#417,.T.);
#301=ORIENTED_EDGE('',*,*,#415,.T.);
#302=ORIENTED_EDGE('',*,*,#413,.T.);
#303=ORIENTED_EDGE('',*,*,#411,.T.);
#304=ORIENTED_EDGE('',*,*,#409,.T.);
#305=ORIENTED_EDGE('',*,*,#407,.T.);
#306=ORIENTED_EDGE('',*,*,#405,.T.);
#307=ORIENTED_EDGE('',*,*,#403,.T.);
#308=ORIENTED_EDGE('',*,*,#401,.T.);
#309=ORIENTED_EDGE('',*,*,#399,.T.);
#310=ORIENTED_EDGE('',*,*,#397,.T.);
#311=ORIENTED_EDGE('',*,*,#395,.T.);
#312=ORIENTED_EDGE('',*,*,#393,.T.);
#313=ORIENTED_EDGE('',*,*,#391,.T.);
#314=ORIENTED_EDGE('',*,*,#389,.T.);
#315=ORIENTED_EDGE('',*,*,#387,.T.);
#316=ORIENTED_EDGE('',*,*,#385,.T.);
#317=ORIENTED_EDGE('',*,*,#383,.T.);
#318=ORIENTED_EDGE('',*,*,#381,.T.);
#319=ORIENTED_EDGE('',*,*,#379,.T.);
#320=ORIENTED_EDGE('',*,*,#377,.T.);
#321=ORIENTED_EDGE('',*,*,#375,.T.);
#322=ORIENTED_EDGE('',*,*,#373,.T.);
#323=ORIENTED_EDGE('',*,*,#371,.T.);
#324=ORIENTED_EDGE('',*,*,#369,.T.);
#325=ORIENTED_EDGE('',*,*,#367,.T.);
#326=ORIENTED_EDGE('',*,*,#365,.T.);
#327=ORIENTED_EDGE('',*,*,#363,.T.);
#328=ORIENTED_EDGE('',*,*,#361,.T.);
#329=ORIENTED_EDGE('',*,*,#359,.T.);
#330=ORIENTED_EDGE('',*,*,#357,.T.);
#331=ORIENTED_EDGE('',*,*,#355,.T.);
#332=ORIENTED_EDGE('',*,*,#353,.T.);
#333=ORIENTED_EDGE('',*,*,#351,.T.);
#334=ORIENTED_EDGE('',*,*,#349,.T.);
#335=ORIENTED_EDGE('',*,*,#347,.T.);
#336=ORIENTED_EDGE('',*,*,#345,.T.);
#337=ORIENTED_EDGE('',*,*,#343,.T.);
#338=ORIENTED_EDGE('',*,*,#491,.F.);
#339=ORIENTED_EDGE('',*,*,#481,.F.);
#340=ORIENTED_EDGE('',*,*,#490,.T.);
#341=ORIENTED_EDGE('',*,*,#487,.T.);
#342=EDGE_CURVE('',#492,#492,#638,.T.);
#343=EDGE_CURVE('',#493,#493,#639,.F.);
#344=EDGE_CURVE('',#494,#494,#640,.T.);
#345=EDGE_CURVE('',#495,#495,#641,.F.);
#346=EDGE_CURVE('',#496,#496,#642,.T.);
#347=EDGE_CURVE('',#497,#497,#643,.F.);
#348=EDGE_CURVE('',#498,#498,#644,.T.);
#349=EDGE_CURVE('',#499,#499,#645,.F.);
#350=EDGE_CURVE('',#500,#500,#646,.T.);
#351=EDGE_CURVE('',#501,#501,#647,.F.);
#352=EDGE_CURVE('',#502,#502,#648,.T.);
#353=EDGE_CURVE('',#503,#503,#649,.F.);
#354=EDGE_CURVE('',#504,#504,#650,.T.);
#355=EDGE_CURVE('',#505,#505,#651,.F.);
#356=EDGE_CURVE('',#506,#506,#652,.T.);
#357=EDGE_CURVE('',#507,#507,#653,.F.);
#358=EDGE_CURVE('',#508,#508,#654,.T.);
#359=EDGE_CURVE('',#509,#509,#655,.F.);
#360=EDGE_CURVE('',#510,#510,#656,.T.);
#361=EDGE_CURVE('',#511,#511,#657,.F.);
#362=EDGE_CURVE('',#512,#512,#658,.T.);
#363=EDGE_CURVE('',#513,#513,#659,.F.);
#364=EDGE_CURVE('',#514,#514,#660,.T.);
#365=EDGE_CURVE('',#515,#515,#661,.F.);
#366=EDGE_CURVE('',#516,#516,#662,.T.);
#367=EDGE_CURVE('',#517,#517,#663,.F.);
#368=EDGE_CURVE('',#518,#518,#664,.T.);
#369=EDGE_CURVE('',#519,#519,#665,.F.);
#370=EDGE_CURVE('',#520,#520,#666,.T.);
#371=EDGE_CURVE('',#521,#521,#667,.F.);
#372=EDGE_CURVE('',#522,#522,#668,.T.);
#373=EDGE_CURVE('',#523,#523,#669,.F.);
#374=EDGE_CURVE('',#524,#524,#670,.T.);
#375=EDGE_CURVE('',#525,#525,#671,.F.);
#376=EDGE_CURVE('',#526,#526,#672,.T.);
#377=EDGE_CURVE('',#527,#527,#673,.F.);
#378=EDGE_CURVE('',#528,#528,#674,.T.);
#379=EDGE_CURVE('',#529,#529,#675,.F.);
#380=EDGE_CURVE('',#530,#530,#676,.T.);
#381=EDGE_CURVE('',#531,#531,#677,.F.);
#382=EDGE_CURVE('',#532,#532,#678,.T.);
#383=EDGE_CURVE('',#533,#533,#679,.F.);
#384=EDGE_CURVE('',#534,#534,#680,.T.);
#385=EDGE_CURVE('',#535,#535,#681,.F.);
#386=EDGE_CURVE('',#536,#536,#682,.T.);
#387=EDGE_CURVE('',#537,#537,#683,.F.);
#388=EDGE_CURVE('',#538,#538,#684,.T.);
#389=EDGE_CURVE('',#539,#539,#685,.F.);
#390=EDGE_CURVE('',#540,#540,#686,.T.);
#391=EDGE_CURVE('',#541,#541,#687,.F.);
#392=EDGE_CURVE('',#542,#542,#688,.T.);
#393=EDGE_CURVE('',#543,#543,#689,.F.);
#394=EDGE_CURVE('',#544,#544,#690,.T.);
#395=EDGE_CURVE('',#545,#545,#691,.F.);
#396=EDGE_CURVE('',#546,#546,#692,.T.);
#397=EDGE_CURVE('',#547,#547,#693,.F.);
#398=EDGE_CURVE('',#548,#548,#694,.T.);
#399=EDGE_CURVE('',#549,#549,#695,.F.);
#400=EDGE_CURVE('',#550,#550,#696,.T.);
#401=EDGE_CURVE('',#551,#551,#697,.F.);
#402=EDGE_CURVE('',#552,#552,#698,.T.);
#403=EDGE_CURVE('',#553,#553,#699,.F.);
#404=EDGE_CURVE('',#554,#554,#700,.T.);
#405=EDGE_CURVE('',#555,#555,#701,.F.);
#406=EDGE_CURVE('',#556,#556,#702,.T.);
#407=EDGE_CURVE('',#557,#557,#703,.F.);
#408=EDGE_CURVE('',#558,#558,#704,.T.);
#409=EDGE_CURVE('',#559,#559,#705,.F.);
#410=EDGE_CURVE('',#560,#560,#706,.T.);
#411=EDGE_CURVE('',#561,#561,#707,.F.);
#412=EDGE_CURVE('',#562,#562,#708,.T.);
#413=EDGE_CURVE('',#563,#563,#709,.F.);
#414=EDGE_CURVE('',#564,#564,#710,.T.);
#415=EDGE_CURVE('',#565,#565,#711,.F.);
#416=EDGE_CURVE('',#566,#566,#712,.T.);
#417=EDGE_CURVE('',#567,#567,#713,.F.);
#418=EDGE_CURVE('',#568,#568,#714,.T.);
#419=EDGE_CURVE('',#569,#569,#715,.F.);
#420=EDGE_CURVE('',#570,#570,#716,.T.);
#421=EDGE_CURVE('',#571,#571,#717,.F.);
#422=EDGE_CURVE('',#572,#572,#718,.T.);
#423=EDGE_CURVE('',#573,#573,#719,.F.);
#424=EDGE_CURVE('',#574,#574,#720,.T.);
#425=EDGE_CURVE('',#575,#575,#721,.F.);
#426=EDGE_CURVE('',#576,#576,#722,.T.);
#427=EDGE_CURVE('',#577,#577,#723,.F.);
#428=EDGE_CURVE('',#578,#578,#724,.T.);
#429=EDGE_CURVE('',#579,#579,#725,.F.);
#430=EDGE_CURVE('',#580,#580,#726,.T.);
#431=EDGE_CURVE('',#581,#581,#727,.F.);
#432=EDGE_CURVE('',#582,#582,#728,.T.);
#433=EDGE_CURVE('',#583,#583,#729,.F.);
#434=EDGE_CURVE('',#584,#584,#730,.T.);
#435=EDGE_CURVE('',#585,#585,#731,.F.);
#436=EDGE_CURVE('',#586,#586,#732,.T.);
#437=EDGE_CURVE('',#587,#587,#733,.F.);
#438=EDGE_CURVE('',#588,#588,#734,.T.);
#439=EDGE_CURVE('',#589,#589,#735,.F.);
#440=EDGE_CURVE('',#590,#590,#736,.T.);
#441=EDGE_CURVE('',#591,#591,#737,.F.);
#442=EDGE_CURVE('',#592,#592,#738,.T.);
#443=EDGE_CURVE('',#593,#593,#739,.F.);
#444=EDGE_CURVE('',#594,#594,#740,.T.);
#445=EDGE_CURVE('',#595,#595,#741,.F.);
#446=EDGE_CURVE('',#596,#596,#742,.T.);
#447=EDGE_CURVE('',#597,#597,#743,.F.);
#448=EDGE_CURVE('',#598,#598,#744,.T.);
#449=EDGE_CURVE('',#599,#599,#745,.F.);
#450=EDGE_CURVE('',#600,#600,#746,.T.);
#451=EDGE_CURVE('',#601,#601,#747,.F.);
#452=EDGE_CURVE('',#602,#602,#748,.T.);
#453=EDGE_CURVE('',#603,#603,#749,.F.);
#454=EDGE_CURVE('',#604,#604,#750,.T.);
#455=EDGE_CURVE('',#605,#605,#751,.F.);
#456=EDGE_CURVE('',#606,#606,#752,.T.);
#457=EDGE_CURVE('',#607,#607,#753,.F.);
#458=EDGE_CURVE('',#608,#608,#754,.T.);
#459=EDGE_CURVE('',#609,#609,#755,.F.);
#460=EDGE_CURVE('',#610,#610,#756,.T.);
#461=EDGE_CURVE('',#611,#611,#757,.F.);
#462=EDGE_CURVE('',#612,#612,#758,.F.);
#463=EDGE_CURVE('',#613,#613,#759,.F.);
#464=EDGE_CURVE('',#614,#614,#760,.F.);
#465=EDGE_CURVE('',#615,#615,#761,.F.);
#466=EDGE_CURVE('',#616,#616,#762,.F.);
#467=EDGE_CURVE('',#617,#617,#763,.F.);
#468=EDGE_CURVE('',#618,#618,#764,.F.);
#469=EDGE_CURVE('',#619,#619,#765,.F.);
#470=EDGE_CURVE('',#620,#620,#766,.F.);
#471=EDGE_CURVE('',#621,#621,#767,.F.);
#472=EDGE_CURVE('',#622,#622,#768,.F.);
#473=EDGE_CURVE('',#623,#623,#769,.F.);
#474=EDGE_CURVE('',#624,#624,#770,.F.);
#475=EDGE_CURVE('',#625,#625,#771,.F.);
#476=EDGE_CURVE('',#626,#626,#772,.F.);
#477=EDGE_CURVE('',#627,#627,#773,.F.);
#478=EDGE_CURVE('',#628,#628,#774,.F.);
#479=EDGE_CURVE('',#629,#629,#775,.F.);
#480=EDGE_CURVE('',#630,#631,#12,.T.);
#481=EDGE_CURVE('',#630,#632,#13,.T.);
#482=EDGE_CURVE('',#632,#633,#14,.T.);
#483=EDGE_CURVE('',#631,#633,#15,.T.);
#484=EDGE_CURVE('',#633,#634,#16,.T.);
#485=EDGE_CURVE('',#635,#634,#17,.T.);
#486=EDGE_CURVE('',#631,#635,#18,.T.);
#487=EDGE_CURVE('',#636,#637,#19,.T.);
#488=EDGE_CURVE('',#636,#635,#20,.T.);
#489=EDGE_CURVE('',#637,#634,#21,.T.);
#490=EDGE_CURVE('',#630,#636,#22,.T.);
#491=EDGE_CURVE('',#632,#637,#23,.T.);
#492=VERTEX_POINT('',#2153);
#493=VERTEX_POINT('',#2155);
#494=VERTEX_POINT('',#2158);
#495=VERTEX_POINT('',#2160);
#496=VERTEX_POINT('',#2163);
#497=VERTEX_POINT('',#2165);
#498=VERTEX_POINT('',#2168);
#499=VERTEX_POINT('',#2170);
#500=VERTEX_POINT('',#2173);
#501=VERTEX_POINT('',#2175);
#502=VERTEX_POINT('',#2178);
#503=VERTEX_POINT('',#2180);
#504=VERTEX_POINT('',#2183);
#505=VERTEX_POINT('',#2185);
#506=VERTEX_POINT('',#2188);
#507=VERTEX_POINT('',#2190);
#508=VERTEX_POINT('',#2193);
#509=VERTEX_POINT('',#2195);
#510=VERTEX_POINT('',#2198);
#511=VERTEX_POINT('',#2200);
#512=VERTEX_POINT('',#2203);
#513=VERTEX_POINT('',#2205);
#514=VERTEX_POINT('',#2208);
#515=VERTEX_POINT('',#2210);
#516=VERTEX_POINT('',#2213);
#517=VERTEX_POINT('',#2215);
#518=VERTEX_POINT('',#2218);
#519=VERTEX_POINT('',#2220);
#520=VERTEX_POINT('',#2223);
#521=VERTEX_POINT('',#2225);
#522=VERTEX_POINT('',#2228);
#523=VERTEX_POINT('',#2230);
#524=VERTEX_POINT('',#2233);
#525=VERTEX_POINT('',#2235);
#526=VERTEX_POINT('',#2238);
#527=VERTEX_POINT('',#2240);
#528=VERTEX_POINT('',#2243);
#529=VERTEX_POINT('',#2245);
#530=VERTEX_POINT('',#2248);
#531=VERTEX_POINT('',#2250);
#532=VERTEX_POINT('',#2253);
#533=VERTEX_POINT('',#2255);
#534=VERTEX_POINT('',#2258);
#535=VERTEX_POINT('',#2260);
#536=VERTEX_POINT('',#2263);
#537=VERTEX_POINT('',#2265);
#538=VERTEX_POINT('',#2268);
#539=VERTEX_POINT('',#2270);
#540=VERTEX_POINT('',#2273);
#541=VERTEX_POINT('',#2275);
#542=VERTEX_POINT('',#2278);
#543=VERTEX_POINT('',#2280);
#544=VERTEX_POINT('',#2283);
#545=VERTEX_POINT('',#2285);
#546=VERTEX_POINT('',#2288);
#547=VERTEX_POINT('',#2290);
#548=VERTEX_POINT('',#2293);
#549=VERTEX_POINT('',#2295);
#550=VERTEX_POINT('',#2298);
#551=VERTEX_POINT('',#2300);
#552=VERTEX_POINT('',#2303);
#553=VERTEX_POINT('',#2305);
#554=VERTEX_POINT('',#2308);
#555=VERTEX_POINT('',#2310);
#556=VERTEX_POINT('',#2313);
#557=VERTEX_POINT('',#2315);
#558=VERTEX_POINT('',#2318);
#559=VERTEX_POINT('',#2320);
#560=VERTEX_POINT('',#2323);
#561=VERTEX_POINT('',#2325);
#562=VERTEX_POINT('',#2328);
#563=VERTEX_POINT('',#2330);
#564=VERTEX_POINT('',#2333);
#565=VERTEX_POINT('',#2335);
#566=VERTEX_POINT('',#2338);
#567=VERTEX_POINT('',#2340);
#568=VERTEX_POINT('',#2343);
#569=VERTEX_POINT('',#2345);
#570=VERTEX_POINT('',#2348);
#571=VERTEX_POINT('',#2350);
#572=VERTEX_POINT('',#2353);
#573=VERTEX_POINT('',#2355);
#574=VERTEX_POINT('',#2358);
#575=VERTEX_POINT('',#2360);
#576=VERTEX_POINT('',#2363);
#577=VERTEX_POINT('',#2365);
#578=VERTEX_POINT('',#2368);
#579=VERTEX_POINT('',#2370);
#580=VERTEX_POINT('',#2373);
#581=VERTEX_POINT('',#2375);
#582=VERTEX_POINT('',#2378);
#583=VERTEX_POINT('',#2380);
#584=VERTEX_POINT('',#2383);
#585=VERTEX_POINT('',#2385);
#586=VERTEX_POINT('',#2388);
#587=VERTEX_POINT('',#2390);
#588=VERTEX_POINT('',#2393);
#589=VERTEX_POINT('',#2395);
#590=VERTEX_POINT('',#2398);
#591=VERTEX_POINT('',#2400);
#592=VERTEX_POINT('',#2403);
#593=VERTEX_POINT('',#2405);
#594=VERTEX_POINT('',#2408);
#595=VERTEX_POINT('',#2410);
#596=VERTEX_POINT('',#2413);
#597=VERTEX_POINT('',#2415);
#598=VERTEX_POINT('',#2418);
#599=VERTEX_POINT('',#2420);
#600=VERTEX_POINT('',#2423);
#601=VERTEX_POINT('',#2425);
#602=VERTEX_POINT('',#2428);
#603=VERTEX_POINT('',#2430);
#604=VERTEX_POINT('',#2433);
#605=VERTEX_POINT('',#2435);
#606=VERTEX_POINT('',#2438);
#607=VERTEX_POINT('',#2440);
#608=VERTEX_POINT('',#2443);
#609=VERTEX_POINT('',#2445);
#610=VERTEX_POINT('',#2448);
#611=VERTEX_POINT('',#2450);
#612=VERTEX_POINT('',#2453);
#613=VERTEX_POINT('',#2455);
#614=VERTEX_POINT('',#2458);
#615=VERTEX_POINT('',#2460);
#616=VERTEX_POINT('',#2463);
#617=VERTEX_POINT('',#2465);
#618=VERTEX_POINT('',#2468);
#619=VERTEX_POINT('',#2470);
#620=VERTEX_POINT('',#2473);
#621=VERTEX_POINT('',#2475);
#622=VERTEX_POINT('',#2478);
#623=VERTEX_POINT('',#2480);
#624=VERTEX_POINT('',#2483);
#625=VERTEX_POINT('',#2485);
#626=VERTEX_POINT('',#2488);
#627=VERTEX_POINT('',#2490);
#628=VERTEX_POINT('',#2493);
#629=VERTEX_POINT('',#2495);
#630=VERTEX_POINT('',#2498);
#631=VERTEX_POINT('',#2499);
#632=VERTEX_POINT('',#2501);
#633=VERTEX_POINT('',#2503);
#634=VERTEX_POINT('',#2507);
#635=VERTEX_POINT('',#2509);
#636=VERTEX_POINT('',#2513);
#637=VERTEX_POINT('',#2514);
#638=CIRCLE('',#1498,0.0025527);
#639=CIRCLE('',#1499,0.0025527);
#640=CIRCLE('',#1501,0.0025527);
#641=CIRCLE('',#1502,0.0025527);
#642=CIRCLE('',#1504,0.0025527);
#643=CIRCLE('',#1505,0.0025527);
#644=CIRCLE('',#1507,0.0025527);
#645=CIRCLE('',#1508,0.0025527);
#646=CIRCLE('',#1510,0.0025527);
#647=CIRCLE('',#1511,0.0025527);
#648=CIRCLE('',#1513,0.0025527);
#649=CIRCLE('',#1514,0.0025527);
#650=CIRCLE('',#1516,0.0025527);
#651=CIRCLE('',#1517,0.0025527);
#652=CIRCLE('',#1519,0.0025527);
#653=CIRCLE('',#1520,0.0025527);
#654=CIRCLE('',#1522,0.0025527);
#655=CIRCLE('',#1523,0.0025527);
#656=CIRCLE('',#1525,0.0025527);
#657=CIRCLE('',#1526,0.0025527);
#658=CIRCLE('',#1528,0.0025527);
#659=CIRCLE('',#1529,0.0025527);
#660=CIRCLE('',#1531,0.0025527);
#661=CIRCLE('',#1532,0.0025527);
#662=CIRCLE('',#1534,0.0025527);
#663=CIRCLE('',#1535,0.0025527);
#664=CIRCLE('',#1537,0.0025527);
#665=CIRCLE('',#1538,0.0025527);
#666=CIRCLE('',#1540,0.0025527);
#667=CIRCLE('',#1541,0.0025527);
#668=CIRCLE('',#1543,0.0025527);
#669=CIRCLE('',#1544,0.0025527);
#670=CIRCLE('',#1546,0.0025527);
#671=CIRCLE('',#1547,0.0025527);
#672=CIRCLE('',#1549,0.0025527);
#673=CIRCLE('',#1550,0.0025527);
#674=CIRCLE('',#1552,0.0025527);
#675=CIRCLE('',#1553,0.0025527);
#676=CIRCLE('',#1555,0.0025527);
#677=CIRCLE('',#1556,0.0025527);
#678=CIRCLE('',#1558,0.0025527);
#679=CIRCLE('',#1559,0.0025527);
#680=CIRCLE('',#1561,0.0025527);
#681=CIRCLE('',#1562,0.0025527);
#682=CIRCLE('',#1564,0.0025527);
#683=CIRCLE('',#1565,0.0025527);
#684=CIRCLE('',#1567,0.0025527);
#685=CIRCLE('',#1568,0.0025527);
#686=CIRCLE('',#1570,0.0025527);
#687=CIRCLE('',#1571,0.0025527);
#688=CIRCLE('',#1573,0.0025527);
#689=CIRCLE('',#1574,0.0025527);
#690=CIRCLE('',#1576,0.0025527);
#691=CIRCLE('',#1577,0.0025527);
#692=CIRCLE('',#1579,0.0025527);
#693=CIRCLE('',#1580,0.0025527);
#694=CIRCLE('',#1582,0.0025527);
#695=CIRCLE('',#1583,0.0025527);
#696=CIRCLE('',#1585,0.0025527);
#697=CIRCLE('',#1586,0.0025527);
#698=CIRCLE('',#1588,0.0025527);
#699=CIRCLE('',#1589,0.0025527);
#700=CIRCLE('',#1591,0.0025527);
#701=CIRCLE('',#1592,0.0025527);
#702=CIRCLE('',#1594,0.0025527);
#703=CIRCLE('',#1595,0.0025527);
#704=CIRCLE('',#1597,0.0025527);
#705=CIRCLE('',#1598,0.0025527);
#706=CIRCLE('',#1600,0.0025527);
#707=CIRCLE('',#1601,0.0025527);
#708=CIRCLE('',#1603,0.0025527);
#709=CIRCLE('',#1604,0.0025527);
#710=CIRCLE('',#1606,0.0025527);
#711=CIRCLE('',#1607,0.0025527);
#712=CIRCLE('',#1609,0.0025527);
#713=CIRCLE('',#1610,0.0025527);
#714=CIRCLE('',#1612,0.0025527);
#715=CIRCLE('',#1613,0.0025527);
#716=CIRCLE('',#1615,0.0025527);
#717=CIRCLE('',#1616,0.0025527);
#718=CIRCLE('',#1618,0.0025527);
#719=CIRCLE('',#1619,0.0025527);
#720=CIRCLE('',#1621,0.0025527);
#721=CIRCLE('',#1622,0.0025527);
#722=CIRCLE('',#1624,0.0025527);
#723=CIRCLE('',#1625,0.0025527);
#724=CIRCLE('',#1627,0.0025527);
#725=CIRCLE('',#1628,0.0025527);
#726=CIRCLE('',#1630,0.0025527);
#727=CIRCLE('',#1631,0.0025527);
#728=CIRCLE('',#1633,0.0025527);
#729=CIRCLE('',#1634,0.0025527);
#730=CIRCLE('',#1636,0.0025527);
#731=CIRCLE('',#1637,0.0025527);
#732=CIRCLE('',#1639,0.0025527);
#733=CIRCLE('',#1640,0.0025527);
#734=CIRCLE('',#1642,0.0025527);
#735=CIRCLE('',#1643,0.0025527);
#736=CIRCLE('',#1645,0.0025527);
#737=CIRCLE('',#1646,0.0025527);
#738=CIRCLE('',#1648,0.0025527);
#739=CIRCLE('',#1649,0.0025527);
#740=CIRCLE('',#1651,0.0025527);
#741=CIRCLE('',#1652,0.0025527);
#742=CIRCLE('',#1654,0.0025527);
#743=CIRCLE('',#1655,0.0025527);
#744=CIRCLE('',#1657,0.0025527);
#745=CIRCLE('',#1658,0.0025527);
#746=CIRCLE('',#1660,0.0025527);
#747=CIRCLE('',#1661,0.0025527);
#748=CIRCLE('',#1663,0.0025527);
#749=CIRCLE('',#1664,0.0025527);
#750=CIRCLE('',#1666,0.0025527);
#751=CIRCLE('',#1667,0.0025527);
#752=CIRCLE('',#1669,0.0025527);
#753=CIRCLE('',#1670,0.0025527);
#754=CIRCLE('',#1672,0.0025527);
#755=CIRCLE('',#1673,0.0025527);
#756=CIRCLE('',#1675,0.0025527);
#757=CIRCLE('',#1676,0.0025527);
#758=CIRCLE('',#1678,0.0024892);
#759=CIRCLE('',#1679,0.0024892);
#760=CIRCLE('',#1681,0.0024892);
#761=CIRCLE('',#1682,0.0024892);
#762=CIRCLE('',#1684,0.0024892);
#763=CIRCLE('',#1685,0.0024892);
#764=CIRCLE('',#1687,0.0024892);
#765=CIRCLE('',#1688,0.0024892);
#766=CIRCLE('',#1690,0.0024892);
#767=CIRCLE('',#1691,0.0024892);
#768=CIRCLE('',#1693,0.0024892);
#769=CIRCLE('',#1694,0.0024892);
#770=CIRCLE('',#1696,0.0024892);
#771=CIRCLE('',#1697,0.0024892);
#772=CIRCLE('',#1699,0.0024892);
#773=CIRCLE('',#1700,0.0024892);
#774=CIRCLE('',#1702,0.0024892);
#775=CIRCLE('',#1703,0.0024892);
#776=EDGE_LOOP('',(#42));
#777=EDGE_LOOP('',(#43));
#778=EDGE_LOOP('',(#44));
#779=EDGE_LOOP('',(#45));
#780=EDGE_LOOP('',(#46));
#781=EDGE_LOOP('',(#47));
#782=EDGE_LOOP('',(#48));
#783=EDGE_LOOP('',(#49));
#784=EDGE_LOOP('',(#50));
#785=EDGE_LOOP('',(#51));
#786=EDGE_LOOP('',(#52));
#787=EDGE_LOOP('',(#53));
#788=EDGE_LOOP('',(#54));
#789=EDGE_LOOP('',(#55));
#790=EDGE_LOOP('',(#56));
#791=EDGE_LOOP('',(#57));
#792=EDGE_LOOP('',(#58));
#793=EDGE_LOOP('',(#59));
#794=EDGE_LOOP('',(#60));
#795=EDGE_LOOP('',(#61));
#796=EDGE_LOOP('',(#62));
#797=EDGE_LOOP('',(#63));
#798=EDGE_LOOP('',(#64));
#799=EDGE_LOOP('',(#65));
#800=EDGE_LOOP('',(#66));
#801=EDGE_LOOP('',(#67));
#802=EDGE_LOOP('',(#68));
#803=EDGE_LOOP('',(#69));
#804=EDGE_LOOP('',(#70));
#805=EDGE_LOOP('',(#71));
#806=EDGE_LOOP('',(#72));
#807=EDGE_LOOP('',(#73));
#808=EDGE_LOOP('',(#74));
#809=EDGE_LOOP('',(#75));
#810=EDGE_LOOP('',(#76));
#811=EDGE_LOOP('',(#77));
#812=EDGE_LOOP('',(#78));
#813=EDGE_LOOP('',(#79));
#814=EDGE_LOOP('',(#80));
#815=EDGE_LOOP('',(#81));
#816=EDGE_LOOP('',(#82));
#817=EDGE_LOOP('',(#83));
#818=EDGE_LOOP('',(#84));
#819=EDGE_LOOP('',(#85));
#820=EDGE_LOOP('',(#86));
#821=EDGE_LOOP('',(#87));
#822=EDGE_LOOP('',(#88));
#823=EDGE_LOOP('',(#89));
#824=EDGE_LOOP('',(#90));
#825=EDGE_LOOP('',(#91));
#826=EDGE_LOOP('',(#92));
#827=EDGE_LOOP('',(#93));
#828=EDGE_LOOP('',(#94));
#829=EDGE_LOOP('',(#95));
#830=EDGE_LOOP('',(#96));
#831=EDGE_LOOP('',(#97));
#832=EDGE_LOOP('',(#98));
#833=EDGE_LOOP('',(#99));
#834=EDGE_LOOP('',(#100));
#835=EDGE_LOOP('',(#101));
#836=EDGE_LOOP('',(#102));
#837=EDGE_LOOP('',(#103));
#838=EDGE_LOOP('',(#104));
#839=EDGE_LOOP('',(#105));
#840=EDGE_LOOP('',(#106));
#841=EDGE_LOOP('',(#107));
#842=EDGE_LOOP('',(#108));
#843=EDGE_LOOP('',(#109));
#844=EDGE_LOOP('',(#110));
#845=EDGE_LOOP('',(#111));
#846=EDGE_LOOP('',(#112));
#847=EDGE_LOOP('',(#113));
#848=EDGE_LOOP('',(#114));
#849=EDGE_LOOP('',(#115));
#850=EDGE_LOOP('',(#116));
#851=EDGE_LOOP('',(#117));
#852=EDGE_LOOP('',(#118));
#853=EDGE_LOOP('',(#119));
#854=EDGE_LOOP('',(#120));
#855=EDGE_LOOP('',(#121));
#856=EDGE_LOOP('',(#122));
#857=EDGE_LOOP('',(#123));
#858=EDGE_LOOP('',(#124));
#859=EDGE_LOOP('',(#125));
#860=EDGE_LOOP('',(#126));
#861=EDGE_LOOP('',(#127));
#862=EDGE_LOOP('',(#128));
#863=EDGE_LOOP('',(#129));
#864=EDGE_LOOP('',(#130));
#865=EDGE_LOOP('',(#131));
#866=EDGE_LOOP('',(#132));
#867=EDGE_LOOP('',(#133));
#868=EDGE_LOOP('',(#134));
#869=EDGE_LOOP('',(#135));
#870=EDGE_LOOP('',(#136));
#871=EDGE_LOOP('',(#137));
#872=EDGE_LOOP('',(#138));
#873=EDGE_LOOP('',(#139));
#874=EDGE_LOOP('',(#140));
#875=EDGE_LOOP('',(#141));
#876=EDGE_LOOP('',(#142));
#877=EDGE_LOOP('',(#143));
#878=EDGE_LOOP('',(#144));
#879=EDGE_LOOP('',(#145));
#880=EDGE_LOOP('',(#146));
#881=EDGE_LOOP('',(#147));
#882=EDGE_LOOP('',(#148));
#883=EDGE_LOOP('',(#149));
#884=EDGE_LOOP('',(#150));
#885=EDGE_LOOP('',(#151));
#886=EDGE_LOOP('',(#152));
#887=EDGE_LOOP('',(#153));
#888=EDGE_LOOP('',(#154));
#889=EDGE_LOOP('',(#155));
#890=EDGE_LOOP('',(#156));
#891=EDGE_LOOP('',(#157));
#892=EDGE_LOOP('',(#158));
#893=EDGE_LOOP('',(#159));
#894=EDGE_LOOP('',(#160));
#895=EDGE_LOOP('',(#161));
#896=EDGE_LOOP('',(#162));
#897=EDGE_LOOP('',(#163));
#898=EDGE_LOOP('',(#164));
#899=EDGE_LOOP('',(#165));
#900=EDGE_LOOP('',(#166));
#901=EDGE_LOOP('',(#167));
#902=EDGE_LOOP('',(#168));
#903=EDGE_LOOP('',(#169));
#904=EDGE_LOOP('',(#170));
#905=EDGE_LOOP('',(#171));
#906=EDGE_LOOP('',(#172));
#907=EDGE_LOOP('',(#173));
#908=EDGE_LOOP('',(#174));
#909=EDGE_LOOP('',(#175));
#910=EDGE_LOOP('',(#176));
#911=EDGE_LOOP('',(#177));
#912=EDGE_LOOP('',(#178));
#913=EDGE_LOOP('',(#179));
#914=EDGE_LOOP('',(#180,#181,#182,#183));
#915=EDGE_LOOP('',(#184));
#916=EDGE_LOOP('',(#185));
#917=EDGE_LOOP('',(#186));
#918=EDGE_LOOP('',(#187));
#919=EDGE_LOOP('',(#188));
#920=EDGE_LOOP('',(#189));
#921=EDGE_LOOP('',(#190));
#922=EDGE_LOOP('',(#191));
#923=EDGE_LOOP('',(#192));
#924=EDGE_LOOP('',(#193));
#925=EDGE_LOOP('',(#194));
#926=EDGE_LOOP('',(#195));
#927=EDGE_LOOP('',(#196));
#928=EDGE_LOOP('',(#197));
#929=EDGE_LOOP('',(#198));
#930=EDGE_LOOP('',(#199));
#931=EDGE_LOOP('',(#200));
#932=EDGE_LOOP('',(#201));
#933=EDGE_LOOP('',(#202));
#934=EDGE_LOOP('',(#203));
#935=EDGE_LOOP('',(#204));
#936=EDGE_LOOP('',(#205));
#937=EDGE_LOOP('',(#206));
#938=EDGE_LOOP('',(#207));
#939=EDGE_LOOP('',(#208));
#940=EDGE_LOOP('',(#209));
#941=EDGE_LOOP('',(#210));
#942=EDGE_LOOP('',(#211));
#943=EDGE_LOOP('',(#212));
#944=EDGE_LOOP('',(#213));
#945=EDGE_LOOP('',(#214));
#946=EDGE_LOOP('',(#215));
#947=EDGE_LOOP('',(#216));
#948=EDGE_LOOP('',(#217));
#949=EDGE_LOOP('',(#218));
#950=EDGE_LOOP('',(#219));
#951=EDGE_LOOP('',(#220));
#952=EDGE_LOOP('',(#221));
#953=EDGE_LOOP('',(#222));
#954=EDGE_LOOP('',(#223));
#955=EDGE_LOOP('',(#224));
#956=EDGE_LOOP('',(#225));
#957=EDGE_LOOP('',(#226));
#958=EDGE_LOOP('',(#227));
#959=EDGE_LOOP('',(#228));
#960=EDGE_LOOP('',(#229));
#961=EDGE_LOOP('',(#230));
#962=EDGE_LOOP('',(#231));
#963=EDGE_LOOP('',(#232));
#964=EDGE_LOOP('',(#233));
#965=EDGE_LOOP('',(#234));
#966=EDGE_LOOP('',(#235));
#967=EDGE_LOOP('',(#236));
#968=EDGE_LOOP('',(#237));
#969=EDGE_LOOP('',(#238));
#970=EDGE_LOOP('',(#239));
#971=EDGE_LOOP('',(#240));
#972=EDGE_LOOP('',(#241));
#973=EDGE_LOOP('',(#242));
#974=EDGE_LOOP('',(#243));
#975=EDGE_LOOP('',(#244));
#976=EDGE_LOOP('',(#245));
#977=EDGE_LOOP('',(#246));
#978=EDGE_LOOP('',(#247));
#979=EDGE_LOOP('',(#248));
#980=EDGE_LOOP('',(#249));
#981=EDGE_LOOP('',(#250));
#982=EDGE_LOOP('',(#251));
#983=EDGE_LOOP('',(#252));
#984=EDGE_LOOP('',(#253,#254,#255,#256));
#985=EDGE_LOOP('',(#257,#258,#259,#260));
#986=EDGE_LOOP('',(#261,#262,#263,#264));
#987=EDGE_LOOP('',(#265,#266,#267,#268));
#988=EDGE_LOOP('',(#269));
#989=EDGE_LOOP('',(#270));
#990=EDGE_LOOP('',(#271));
#991=EDGE_LOOP('',(#272));
#992=EDGE_LOOP('',(#273));
#993=EDGE_LOOP('',(#274));
#994=EDGE_LOOP('',(#275));
#995=EDGE_LOOP('',(#276));
#996=EDGE_LOOP('',(#277));
#997=EDGE_LOOP('',(#278));
#998=EDGE_LOOP('',(#279));
#999=EDGE_LOOP('',(#280));
#1000=EDGE_LOOP('',(#281));
#1001=EDGE_LOOP('',(#282));
#1002=EDGE_LOOP('',(#283));
#1003=EDGE_LOOP('',(#284));
#1004=EDGE_LOOP('',(#285));
#1005=EDGE_LOOP('',(#286));
#1006=EDGE_LOOP('',(#287));
#1007=EDGE_LOOP('',(#288));
#1008=EDGE_LOOP('',(#289));
#1009=EDGE_LOOP('',(#290));
#1010=EDGE_LOOP('',(#291));
#1011=EDGE_LOOP('',(#292));
#1012=EDGE_LOOP('',(#293));
#1013=EDGE_LOOP('',(#294));
#1014=EDGE_LOOP('',(#295));
#1015=EDGE_LOOP('',(#296));
#1016=EDGE_LOOP('',(#297));
#1017=EDGE_LOOP('',(#298));
#1018=EDGE_LOOP('',(#299));
#1019=EDGE_LOOP('',(#300));
#1020=EDGE_LOOP('',(#301));
#1021=EDGE_LOOP('',(#302));
#1022=EDGE_LOOP('',(#303));
#1023=EDGE_LOOP('',(#304));
#1024=EDGE_LOOP('',(#305));
#1025=EDGE_LOOP('',(#306));
#1026=EDGE_LOOP('',(#307));
#1027=EDGE_LOOP('',(#308));
#1028=EDGE_LOOP('',(#309));
#1029=EDGE_LOOP('',(#310));
#1030=EDGE_LOOP('',(#311));
#1031=EDGE_LOOP('',(#312));
#1032=EDGE_LOOP('',(#313));
#1033=EDGE_LOOP('',(#314));
#1034=EDGE_LOOP('',(#315));
#1035=EDGE_LOOP('',(#316));
#1036=EDGE_LOOP('',(#317));
#1037=EDGE_LOOP('',(#318));
#1038=EDGE_LOOP('',(#319));
#1039=EDGE_LOOP('',(#320));
#1040=EDGE_LOOP('',(#321));
#1041=EDGE_LOOP('',(#322));
#1042=EDGE_LOOP('',(#323));
#1043=EDGE_LOOP('',(#324));
#1044=EDGE_LOOP('',(#325));
#1045=EDGE_LOOP('',(#326));
#1046=EDGE_LOOP('',(#327));
#1047=EDGE_LOOP('',(#328));
#1048=EDGE_LOOP('',(#329));
#1049=EDGE_LOOP('',(#330));
#1050=EDGE_LOOP('',(#331));
#1051=EDGE_LOOP('',(#332));
#1052=EDGE_LOOP('',(#333));
#1053=EDGE_LOOP('',(#334));
#1054=EDGE_LOOP('',(#335));
#1055=EDGE_LOOP('',(#336));
#1056=EDGE_LOOP('',(#337));
#1057=EDGE_LOOP('',(#338,#339,#340,#341));
#1058=FACE_BOUND('',#776,.T.);
#1059=FACE_BOUND('',#777,.T.);
#1060=FACE_BOUND('',#778,.T.);
#1061=FACE_BOUND('',#779,.T.);
#1062=FACE_BOUND('',#780,.T.);
#1063=FACE_BOUND('',#781,.T.);
#1064=FACE_BOUND('',#782,.T.);
#1065=FACE_BOUND('',#783,.T.);
#1066=FACE_BOUND('',#784,.T.);
#1067=FACE_BOUND('',#785,.T.);
#1068=FACE_BOUND('',#786,.T.);
#1069=FACE_BOUND('',#787,.T.);
#1070=FACE_BOUND('',#788,.T.);
#1071=FACE_BOUND('',#789,.T.);
#1072=FACE_BOUND('',#790,.T.);
#1073=FACE_BOUND('',#791,.T.);
#1074=FACE_BOUND('',#792,.T.);
#1075=FACE_BOUND('',#793,.T.);
#1076=FACE_BOUND('',#794,.T.);
#1077=FACE_BOUND('',#795,.T.);
#1078=FACE_BOUND('',#796,.T.);
#1079=FACE_BOUND('',#797,.T.);
#1080=FACE_BOUND('',#798,.T.);
#1081=FACE_BOUND('',#799,.T.);
#1082=FACE_BOUND('',#800,.T.);
#1083=FACE_BOUND('',#801,.T.);
#1084=FACE_BOUND('',#802,.T.);
#1085=FACE_BOUND('',#803,.T.);
#1086=FACE_BOUND('',#804,.T.);
#1087=FACE_BOUND('',#805,.T.);
#1088=FACE_BOUND('',#806,.T.);
#1089=FACE_BOUND('',#807,.T.);
#1090=FACE_BOUND('',#808,.T.);
#1091=FACE_BOUND('',#809,.T.);
#1092=FACE_BOUND('',#810,.T.);
#1093=FACE_BOUND('',#811,.T.);
#1094=FACE_BOUND('',#812,.T.);
#1095=FACE_BOUND('',#813,.T.);
#1096=FACE_BOUND('',#814,.T.);
#1097=FACE_BOUND('',#815,.T.);
#1098=FACE_BOUND('',#816,.T.);
#1099=FACE_BOUND('',#817,.T.);
#1100=FACE_BOUND('',#818,.T.);
#1101=FACE_BOUND('',#819,.T.);
#1102=FACE_BOUND('',#820,.T.);
#1103=FACE_BOUND('',#821,.T.);
#1104=FACE_BOUND('',#822,.T.);
#1105=FACE_BOUND('',#823,.T.);
#1106=FACE_BOUND('',#824,.T.);
#1107=FACE_BOUND('',#825,.T.);
#1108=FACE_BOUND('',#826,.T.);
#1109=FACE_BOUND('',#827,.T.);
#1110=FACE_BOUND('',#828,.T.);
#1111=FACE_BOUND('',#829,.T.);
#1112=FACE_BOUND('',#830,.T.);
#1113=FACE_BOUND('',#831,.T.);
#1114=FACE_BOUND('',#832,.T.);
#1115=FACE_BOUND('',#833,.T.);
#1116=FACE_BOUND('',#834,.T.);
#1117=FACE_BOUND('',#835,.T.);
#1118=FACE_BOUND('',#836,.T.);
#1119=FACE_BOUND('',#837,.T.);
#1120=FACE_BOUND('',#838,.T.);
#1121=FACE_BOUND('',#839,.T.);
#1122=FACE_BOUND('',#840,.T.);
#1123=FACE_BOUND('',#841,.T.);
#1124=FACE_BOUND('',#842,.T.);
#1125=FACE_BOUND('',#843,.T.);
#1126=FACE_BOUND('',#844,.T.);
#1127=FACE_BOUND('',#845,.T.);
#1128=FACE_BOUND('',#846,.T.);
#1129=FACE_BOUND('',#847,.T.);
#1130=FACE_BOUND('',#848,.T.);
#1131=FACE_BOUND('',#849,.T.);
#1132=FACE_BOUND('',#850,.T.);
#1133=FACE_BOUND('',#851,.T.);
#1134=FACE_BOUND('',#852,.T.);
#1135=FACE_BOUND('',#853,.T.);
#1136=FACE_BOUND('',#854,.T.);
#1137=FACE_BOUND('',#855,.T.);
#1138=FACE_BOUND('',#856,.T.);
#1139=FACE_BOUND('',#857,.T.);
#1140=FACE_BOUND('',#858,.T.);
#1141=FACE_BOUND('',#859,.T.);
#1142=FACE_BOUND('',#860,.T.);
#1143=FACE_BOUND('',#861,.T.);
#1144=FACE_BOUND('',#862,.T.);
#1145=FACE_BOUND('',#863,.T.);
#1146=FACE_BOUND('',#864,.T.);
#1147=FACE_BOUND('',#865,.T.);
#1148=FACE_BOUND('',#866,.T.);
#1149=FACE_BOUND('',#867,.T.);
#1150=FACE_BOUND('',#868,.T.);
#1151=FACE_BOUND('',#869,.T.);
#1152=FACE_BOUND('',#870,.T.);
#1153=FACE_BOUND('',#871,.T.);
#1154=FACE_BOUND('',#872,.T.);
#1155=FACE_BOUND('',#873,.T.);
#1156=FACE_BOUND('',#874,.T.);
#1157=FACE_BOUND('',#875,.T.);
#1158=FACE_BOUND('',#876,.T.);
#1159=FACE_BOUND('',#877,.T.);
#1160=FACE_BOUND('',#878,.T.);
#1161=FACE_BOUND('',#879,.T.);
#1162=FACE_BOUND('',#880,.T.);
#1163=FACE_BOUND('',#881,.T.);
#1164=FACE_BOUND('',#882,.T.);
#1165=FACE_BOUND('',#883,.T.);
#1166=FACE_BOUND('',#884,.T.);
#1167=FACE_BOUND('',#885,.T.);
#1168=FACE_BOUND('',#886,.T.);
#1169=FACE_BOUND('',#887,.T.);
#1170=FACE_BOUND('',#888,.T.);
#1171=FACE_BOUND('',#889,.T.);
#1172=FACE_BOUND('',#890,.T.);
#1173=FACE_BOUND('',#891,.T.);
#1174=FACE_BOUND('',#892,.T.);
#1175=FACE_BOUND('',#893,.T.);
#1176=FACE_BOUND('',#894,.T.);
#1177=FACE_BOUND('',#895,.T.);
#1178=FACE_BOUND('',#896,.T.);
#1179=FACE_BOUND('',#897,.T.);
#1180=FACE_BOUND('',#898,.T.);
#1181=FACE_BOUND('',#899,.T.);
#1182=FACE_BOUND('',#900,.T.);
#1183=FACE_BOUND('',#901,.T.);
#1184=FACE_BOUND('',#902,.T.);
#1185=FACE_BOUND('',#903,.T.);
#1186=FACE_BOUND('',#904,.T.);
#1187=FACE_BOUND('',#905,.T.);
#1188=FACE_BOUND('',#906,.T.);
#1189=FACE_BOUND('',#907,.T.);
#1190=FACE_BOUND('',#908,.T.);
#1191=FACE_BOUND('',#909,.T.);
#1192=FACE_BOUND('',#910,.T.);
#1193=FACE_BOUND('',#911,.T.);
#1194=FACE_BOUND('',#912,.T.);
#1195=FACE_BOUND('',#913,.T.);
#1196=FACE_BOUND('',#914,.T.);
#1197=FACE_BOUND('',#915,.T.);
#1198=FACE_BOUND('',#916,.T.);
#1199=FACE_BOUND('',#917,.T.);
#1200=FACE_BOUND('',#918,.T.);
#1201=FACE_BOUND('',#919,.T.);
#1202=FACE_BOUND('',#920,.T.);
#1203=FACE_BOUND('',#921,.T.);
#1204=FACE_BOUND('',#922,.T.);
#1205=FACE_BOUND('',#923,.T.);
#1206=FACE_BOUND('',#924,.T.);
#1207=FACE_BOUND('',#925,.T.);
#1208=FACE_BOUND('',#926,.T.);
#1209=FACE_BOUND('',#927,.T.);
#1210=FACE_BOUND('',#928,.T.);
#1211=FACE_BOUND('',#929,.T.);
#1212=FACE_BOUND('',#930,.T.);
#1213=FACE_BOUND('',#931,.T.);
#1214=FACE_BOUND('',#932,.T.);
#1215=FACE_BOUND('',#933,.T.);
#1216=FACE_BOUND('',#934,.T.);
#1217=FACE_BOUND('',#935,.T.);
#1218=FACE_BOUND('',#936,.T.);
#1219=FACE_BOUND('',#937,.T.);
#1220=FACE_BOUND('',#938,.T.);
#1221=FACE_BOUND('',#939,.T.);
#1222=FACE_BOUND('',#940,.T.);
#1223=FACE_BOUND('',#941,.T.);
#1224=FACE_BOUND('',#942,.T.);
#1225=FACE_BOUND('',#943,.T.);
#1226=FACE_BOUND('',#944,.T.);
#1227=FACE_BOUND('',#945,.T.);
#1228=FACE_BOUND('',#946,.T.);
#1229=FACE_BOUND('',#947,.T.);
#1230=FACE_BOUND('',#948,.T.);
#1231=FACE_BOUND('',#949,.T.);
#1232=FACE_BOUND('',#950,.T.);
#1233=FACE_BOUND('',#951,.T.);
#1234=FACE_BOUND('',#952,.T.);
#1235=FACE_BOUND('',#953,.T.);
#1236=FACE_BOUND('',#954,.T.);
#1237=FACE_BOUND('',#955,.T.);
#1238=FACE_BOUND('',#956,.T.);
#1239=FACE_BOUND('',#957,.T.);
#1240=FACE_BOUND('',#958,.T.);
#1241=FACE_BOUND('',#959,.T.);
#1242=FACE_BOUND('',#960,.T.);
#1243=FACE_BOUND('',#961,.T.);
#1244=FACE_BOUND('',#962,.T.);
#1245=FACE_BOUND('',#963,.T.);
#1246=FACE_BOUND('',#964,.T.);
#1247=FACE_BOUND('',#965,.T.);
#1248=FACE_BOUND('',#966,.T.);
#1249=FACE_BOUND('',#967,.T.);
#1250=FACE_BOUND('',#968,.T.);
#1251=FACE_BOUND('',#969,.T.);
#1252=FACE_BOUND('',#970,.T.);
#1253=FACE_BOUND('',#971,.T.);
#1254=FACE_BOUND('',#972,.T.);
#1255=FACE_BOUND('',#973,.T.);
#1256=FACE_BOUND('',#974,.T.);
#1257=FACE_BOUND('',#975,.T.);
#1258=FACE_BOUND('',#976,.T.);
#1259=FACE_BOUND('',#977,.T.);
#1260=FACE_BOUND('',#978,.T.);
#1261=FACE_BOUND('',#979,.T.);
#1262=FACE_BOUND('',#980,.T.);
#1263=FACE_BOUND('',#981,.T.);
#1264=FACE_BOUND('',#982,.T.);
#1265=FACE_BOUND('',#983,.T.);
#1266=FACE_BOUND('',#984,.T.);
#1267=FACE_BOUND('',#985,.T.);
#1268=FACE_BOUND('',#986,.T.);
#1269=FACE_BOUND('',#987,.T.);
#1270=FACE_BOUND('',#988,.T.);
#1271=FACE_BOUND('',#989,.T.);
#1272=FACE_BOUND('',#990,.T.);
#1273=FACE_BOUND('',#991,.T.);
#1274=FACE_BOUND('',#992,.T.);
#1275=FACE_BOUND('',#993,.T.);
#1276=FACE_BOUND('',#994,.T.);
#1277=FACE_BOUND('',#995,.T.);
#1278=FACE_BOUND('',#996,.T.);
#1279=FACE_BOUND('',#997,.T.);
#1280=FACE_BOUND('',#998,.T.);
#1281=FACE_BOUND('',#999,.T.);
#1282=FACE_BOUND('',#1000,.T.);
#1283=FACE_BOUND('',#1001,.T.);
#1284=FACE_BOUND('',#1002,.T.);
#1285=FACE_BOUND('',#1003,.T.);
#1286=FACE_BOUND('',#1004,.T.);
#1287=FACE_BOUND('',#1005,.T.);
#1288=FACE_BOUND('',#1006,.T.);
#1289=FACE_BOUND('',#1007,.T.);
#1290=FACE_BOUND('',#1008,.T.);
#1291=FACE_BOUND('',#1009,.T.);
#1292=FACE_BOUND('',#1010,.T.);
#1293=FACE_BOUND('',#1011,.T.);
#1294=FACE_BOUND('',#1012,.T.);
#1295=FACE_BOUND('',#1013,.T.);
#1296=FACE_BOUND('',#1014,.T.);
#1297=FACE_BOUND('',#1015,.T.);
#1298=FACE_BOUND('',#1016,.T.);
#1299=FACE_BOUND('',#1017,.T.);
#1300=FACE_BOUND('',#1018,.T.);
#1301=FACE_BOUND('',#1019,.T.);
#1302=FACE_BOUND('',#1020,.T.);
#1303=FACE_BOUND('',#1021,.T.);
#1304=FACE_BOUND('',#1022,.T.);
#1305=FACE_BOUND('',#1023,.T.);
#1306=FACE_BOUND('',#1024,.T.);
#1307=FACE_BOUND('',#1025,.T.);
#1308=FACE_BOUND('',#1026,.T.);
#1309=FACE_BOUND('',#1027,.T.);
#1310=FACE_BOUND('',#1028,.T.);
#1311=FACE_BOUND('',#1029,.T.);
#1312=FACE_BOUND('',#1030,.T.);
#1313=FACE_BOUND('',#1031,.T.);
#1314=FACE_BOUND('',#1032,.T.);
#1315=FACE_BOUND('',#1033,.T.);
#1316=FACE_BOUND('',#1034,.T.);
#1317=FACE_BOUND('',#1035,.T.);
#1318=FACE_BOUND('',#1036,.T.);
#1319=FACE_BOUND('',#1037,.T.);
#1320=FACE_BOUND('',#1038,.T.);
#1321=FACE_BOUND('',#1039,.T.);
#1322=FACE_BOUND('',#1040,.T.);
#1323=FACE_BOUND('',#1041,.T.);
#1324=FACE_BOUND('',#1042,.T.);
#1325=FACE_BOUND('',#1043,.T.);
#1326=FACE_BOUND('',#1044,.T.);
#1327=FACE_BOUND('',#1045,.T.);
#1328=FACE_BOUND('',#1046,.T.);
#1329=FACE_BOUND('',#1047,.T.);
#1330=FACE_BOUND('',#1048,.T.);
#1331=FACE_BOUND('',#1049,.T.);
#1332=FACE_BOUND('',#1050,.T.);
#1333=FACE_BOUND('',#1051,.T.);
#1334=FACE_BOUND('',#1052,.T.);
#1335=FACE_BOUND('',#1053,.T.);
#1336=FACE_BOUND('',#1054,.T.);
#1337=FACE_BOUND('',#1055,.T.);
#1338=FACE_BOUND('',#1056,.T.);
#1339=FACE_BOUND('',#1057,.T.);
#1340=CYLINDRICAL_SURFACE('',#1497,0.0025527);
#1341=CYLINDRICAL_SURFACE('',#1500,0.0025527);
#1342=CYLINDRICAL_SURFACE('',#1503,0.0025527);
#1343=CYLINDRICAL_SURFACE('',#1506,0.0025527);
#1344=CYLINDRICAL_SURFACE('',#1509,0.0025527);
#1345=CYLINDRICAL_SURFACE('',#1512,0.0025527);
#1346=CYLINDRICAL_SURFACE('',#1515,0.0025527);
#1347=CYLINDRICAL_SURFACE('',#1518,0.0025527);
#1348=CYLINDRICAL_SURFACE('',#1521,0.0025527);
#1349=CYLINDRICAL_SURFACE('',#1524,0.0025527);
#1350=CYLINDRICAL_SURFACE('',#1527,0.0025527);
#1351=CYLINDRICAL_SURFACE('',#1530,0.0025527);
#1352=CYLINDRICAL_SURFACE('',#1533,0.0025527);
#1353=CYLINDRICAL_SURFACE('',#1536,0.0025527);
#1354=CYLINDRICAL_SURFACE('',#1539,0.0025527);
#1355=CYLINDRICAL_SURFACE('',#1542,0.0025527);
#1356=CYLINDRICAL_SURFACE('',#1545,0.0025527);
#1357=CYLINDRICAL_SURFACE('',#1548,0.0025527);
#1358=CYLINDRICAL_SURFACE('',#1551,0.0025527);
#1359=CYLINDRICAL_SURFACE('',#1554,0.0025527);
#1360=CYLINDRICAL_SURFACE('',#1557,0.0025527);
#1361=CYLINDRICAL_SURFACE('',#1560,0.0025527);
#1362=CYLINDRICAL_SURFACE('',#1563,0.0025527);
#1363=CYLINDRICAL_SURFACE('',#1566,0.0025527);
#1364=CYLINDRICAL_SURFACE('',#1569,0.0025527);
#1365=CYLINDRICAL_SURFACE('',#1572,0.0025527);
#1366=CYLINDRICAL_SURFACE('',#1575,0.0025527);
#1367=CYLINDRICAL_SURFACE('',#1578,0.0025527);
#1368=CYLINDRICAL_SURFACE('',#1581,0.0025527);
#1369=CYLINDRICAL_SURFACE('',#1584,0.0025527);
#1370=CYLINDRICAL_SURFACE('',#1587,0.0025527);
#1371=CYLINDRICAL_SURFACE('',#1590,0.0025527);
#1372=CYLINDRICAL_SURFACE('',#1593,0.0025527);
#1373=CYLINDRICAL_SURFACE('',#1596,0.0025527);
#1374=CYLINDRICAL_SURFACE('',#1599,0.0025527);
#1375=CYLINDRICAL_SURFACE('',#1602,0.0025527);
#1376=CYLINDRICAL_SURFACE('',#1605,0.0025527);
#1377=CYLINDRICAL_SURFACE('',#1608,0.0025527);
#1378=CYLINDRICAL_SURFACE('',#1611,0.0025527);
#1379=CYLINDRICAL_SURFACE('',#1614,0.0025527);
#1380=CYLINDRICAL_SURFACE('',#1617,0.0025527);
#1381=CYLINDRICAL_SURFACE('',#1620,0.0025527);
#1382=CYLINDRICAL_SURFACE('',#1623,0.0025527);
#1383=CYLINDRICAL_SURFACE('',#1626,0.0025527);
#1384=CYLINDRICAL_SURFACE('',#1629,0.0025527);
#1385=CYLINDRICAL_SURFACE('',#1632,0.0025527);
#1386=CYLINDRICAL_SURFACE('',#1635,0.0025527);
#1387=CYLINDRICAL_SURFACE('',#1638,0.0025527);
#1388=CYLINDRICAL_SURFACE('',#1641,0.0025527);
#1389=CYLINDRICAL_SURFACE('',#1644,0.0025527);
#1390=CYLINDRICAL_SURFACE('',#1647,0.0025527);
#1391=CYLINDRICAL_SURFACE('',#1650,0.0025527);
#1392=CYLINDRICAL_SURFACE('',#1653,0.0025527);
#1393=CYLINDRICAL_SURFACE('',#1656,0.0025527);
#1394=CYLINDRICAL_SURFACE('',#1659,0.0025527);
#1395=CYLINDRICAL_SURFACE('',#1662,0.0025527);
#1396=CYLINDRICAL_SURFACE('',#1665,0.0025527);
#1397=CYLINDRICAL_SURFACE('',#1668,0.0025527);
#1398=CYLINDRICAL_SURFACE('',#1671,0.0025527);
#1399=CYLINDRICAL_SURFACE('',#1674,0.0025527);
#1400=CYLINDRICAL_SURFACE('',#1677,0.0024892);
#1401=CYLINDRICAL_SURFACE('',#1680,0.0024892);
#1402=CYLINDRICAL_SURFACE('',#1683,0.0024892);
#1403=CYLINDRICAL_SURFACE('',#1686,0.0024892);
#1404=CYLINDRICAL_SURFACE('',#1689,0.0024892);
#1405=CYLINDRICAL_SURFACE('',#1692,0.0024892);
#1406=CYLINDRICAL_SURFACE('',#1695,0.0024892);
#1407=CYLINDRICAL_SURFACE('',#1698,0.0024892);
#1408=CYLINDRICAL_SURFACE('',#1701,0.0024892);
#1409=ADVANCED_FACE('',(#1058,#1059),#1340,.F.);
#1410=ADVANCED_FACE('',(#1060,#1061),#1341,.F.);
#1411=ADVANCED_FACE('',(#1062,#1063),#1342,.F.);
#1412=ADVANCED_FACE('',(#1064,#1065),#1343,.F.);
#1413=ADVANCED_FACE('',(#1066,#1067),#1344,.F.);
#1414=ADVANCED_FACE('',(#1068,#1069),#1345,.F.);
#1415=ADVANCED_FACE('',(#1070,#1071),#1346,.F.);
#1416=ADVANCED_FACE('',(#1072,#1073),#1347,.F.);
#1417=ADVANCED_FACE('',(#1074,#1075),#1348,.F.);
#1418=ADVANCED_FACE('',(#1076,#1077),#1349,.F.);
#1419=ADVANCED_FACE('',(#1078,#1079),#1350,.F.);
#1420=ADVANCED_FACE('',(#1080,#1081),#1351,.F.);
#1421=ADVANCED_FACE('',(#1082,#1083),#1352,.F.);
#1422=ADVANCED_FACE('',(#1084,#1085),#1353,.F.);
#1423=ADVANCED_FACE('',(#1086,#1087),#1354,.F.);
#1424=ADVANCED_FACE('',(#1088,#1089),#1355,.F.);
#1425=ADVANCED_FACE('',(#1090,#1091),#1356,.F.);
#1426=ADVANCED_FACE('',(#1092,#1093),#1357,.F.);
#1427=ADVANCED_FACE('',(#1094,#1095),#1358,.F.);
#1428=ADVANCED_FACE('',(#1096,#1097),#1359,.F.);
#1429=ADVANCED_FACE('',(#1098,#1099),#1360,.F.);
#1430=ADVANCED_FACE('',(#1100,#1101),#1361,.F.);
#1431=ADVANCED_FACE('',(#1102,#1103),#1362,.F.);
#1432=ADVANCED_FACE('',(#1104,#1105),#1363,.F.);
#1433=ADVANCED_FACE('',(#1106,#1107),#1364,.F.);
#1434=ADVANCED_FACE('',(#1108,#1109),#1365,.F.);
#1435=ADVANCED_FACE('',(#1110,#1111),#1366,.F.);
#1436=ADVANCED_FACE('',(#1112,#1113),#1367,.F.);
#1437=ADVANCED_FACE('',(#1114,#1115),#1368,.F.);
#1438=ADVANCED_FACE('',(#1116,#1117),#1369,.F.);
#1439=ADVANCED_FACE('',(#1118,#1119),#1370,.F.);
#1440=ADVANCED_FACE('',(#1120,#1121),#1371,.F.);
#1441=ADVANCED_FACE('',(#1122,#1123),#1372,.F.);
#1442=ADVANCED_FACE('',(#1124,#1125),#1373,.F.);
#1443=ADVANCED_FACE('',(#1126,#1127),#1374,.F.);
#1444=ADVANCED_FACE('',(#1128,#1129),#1375,.F.);
#1445=ADVANCED_FACE('',(#1130,#1131),#1376,.F.);
#1446=ADVANCED_FACE('',(#1132,#1133),#1377,.F.);
#1447=ADVANCED_FACE('',(#1134,#1135),#1378,.F.);
#1448=ADVANCED_FACE('',(#1136,#1137),#1379,.F.);
#1449=ADVANCED_FACE('',(#1138,#1139),#1380,.F.);
#1450=ADVANCED_FACE('',(#1140,#1141),#1381,.F.);
#1451=ADVANCED_FACE('',(#1142,#1143),#1382,.F.);
#1452=ADVANCED_FACE('',(#1144,#1145),#1383,.F.);
#1453=ADVANCED_FACE('',(#1146,#1147),#1384,.F.);
#1454=ADVANCED_FACE('',(#1148,#1149),#1385,.F.);
#1455=ADVANCED_FACE('',(#1150,#1151),#1386,.F.);
#1456=ADVANCED_FACE('',(#1152,#1153),#1387,.F.);
#1457=ADVANCED_FACE('',(#1154,#1155),#1388,.F.);
#1458=ADVANCED_FACE('',(#1156,#1157),#1389,.F.);
#1459=ADVANCED_FACE('',(#1158,#1159),#1390,.F.);
#1460=ADVANCED_FACE('',(#1160,#1161),#1391,.F.);
#1461=ADVANCED_FACE('',(#1162,#1163),#1392,.F.);
#1462=ADVANCED_FACE('',(#1164,#1165),#1393,.F.);
#1463=ADVANCED_FACE('',(#1166,#1167),#1394,.F.);
#1464=ADVANCED_FACE('',(#1168,#1169),#1395,.F.);
#1465=ADVANCED_FACE('',(#1170,#1171),#1396,.F.);
#1466=ADVANCED_FACE('',(#1172,#1173),#1397,.F.);
#1467=ADVANCED_FACE('',(#1174,#1175),#1398,.F.);
#1468=ADVANCED_FACE('',(#1176,#1177),#1399,.F.);
#1469=ADVANCED_FACE('',(#1178,#1179),#1400,.F.);
#1470=ADVANCED_FACE('',(#1180,#1181),#1401,.F.);
#1471=ADVANCED_FACE('',(#1182,#1183),#1402,.F.);
#1472=ADVANCED_FACE('',(#1184,#1185),#1403,.F.);
#1473=ADVANCED_FACE('',(#1186,#1187),#1404,.F.);
#1474=ADVANCED_FACE('',(#1188,#1189),#1405,.F.);
#1475=ADVANCED_FACE('',(#1190,#1191),#1406,.F.);
#1476=ADVANCED_FACE('',(#1192,#1193),#1407,.F.);
#1477=ADVANCED_FACE('',(#1194,#1195),#1408,.F.);
#1478=ADVANCED_FACE('',(#1196),#36,.F.);
#1479=ADVANCED_FACE('',(#1197,#1198,#1199,#1200,#1201,#1202,#1203,#1204,
#1205,#1206,#1207,#1208,#1209,#1210,#1211,#1212,#1213,#1214,#1215,#1216,
#1217,#1218,#1219,#1220,#1221,#1222,#1223,#1224,#1225,#1226,#1227,#1228,
#1229,#1230,#1231,#1232,#1233,#1234,#1235,#1236,#1237,#1238,#1239,#1240,
#1241,#1242,#1243,#1244,#1245,#1246,#1247,#1248,#1249,#1250,#1251,#1252,
#1253,#1254,#1255,#1256,#1257,#1258,#1259,#1260,#1261,#1262,#1263,#1264,
#1265,#1266),#37,.F.);
#1480=ADVANCED_FACE('',(#1267),#38,.T.);
#1481=ADVANCED_FACE('',(#1268),#39,.T.);
#1482=ADVANCED_FACE('',(#1269),#40,.F.);
#1483=ADVANCED_FACE('',(#1270,#1271,#1272,#1273,#1274,#1275,#1276,#1277,
#1278,#1279,#1280,#1281,#1282,#1283,#1284,#1285,#1286,#1287,#1288,#1289,
#1290,#1291,#1292,#1293,#1294,#1295,#1296,#1297,#1298,#1299,#1300,#1301,
#1302,#1303,#1304,#1305,#1306,#1307,#1308,#1309,#1310,#1311,#1312,#1313,
#1314,#1315,#1316,#1317,#1318,#1319,#1320,#1321,#1322,#1323,#1324,#1325,
#1326,#1327,#1328,#1329,#1330,#1331,#1332,#1333,#1334,#1335,#1336,#1337,
#1338,#1339),#41,.T.);
#1484=CLOSED_SHELL('',(#1409,#1410,#1411,#1412,#1413,#1414,#1415,#1416,
#1417,#1418,#1419,#1420,#1421,#1422,#1423,#1424,#1425,#1426,#1427,#1428,
#1429,#1430,#1431,#1432,#1433,#1434,#1435,#1436,#1437,#1438,#1439,#1440,
#1441,#1442,#1443,#1444,#1445,#1446,#1447,#1448,#1449,#1450,#1451,#1452,
#1453,#1454,#1455,#1456,#1457,#1458,#1459,#1460,#1461,#1462,#1463,#1464,
#1465,#1466,#1467,#1468,#1469,#1470,#1471,#1472,#1473,#1474,#1475,#1476,
#1477,#1478,#1479,#1480,#1481,#1482,#1483));
#1485=STYLED_ITEM('',(#1486),#1493);
#1486=PRESENTATION_STYLE_ASSIGNMENT((#1487));
#1487=SURFACE_STYLE_USAGE(.BOTH.,#1488);
#1488=SURFACE_SIDE_STYLE('',(#1489));
#1489=SURFACE_STYLE_FILL_AREA(#1490);
#1490=FILL_AREA_STYLE('',(#1491));
#1491=FILL_AREA_STYLE_COLOUR('',#1492);
#1492=COLOUR_RGB('',0.901960784313726,0.901960784313726,0.901960784313726);
#1493=MANIFOLD_SOLID_BREP('Az Bottom',#1484);
#1494=SHAPE_DEFINITION_REPRESENTATION(#2528,#1495);
#1495=SHAPE_REPRESENTATION('Az Bottom',(#1496),#2523);
#1496=AXIS2_PLACEMENT_3D('',#2150,#1710,#1711);
#1497=AXIS2_PLACEMENT_3D('',#2151,#1712,#1713);
#1498=AXIS2_PLACEMENT_3D('',#2152,#1714,#1715);
#1499=AXIS2_PLACEMENT_3D('',#2154,#1716,#1717);
#1500=AXIS2_PLACEMENT_3D('',#2156,#1718,#1719);
#1501=AXIS2_PLACEMENT_3D('',#2157,#1720,#1721);
#1502=AXIS2_PLACEMENT_3D('',#2159,#1722,#1723);
#1503=AXIS2_PLACEMENT_3D('',#2161,#1724,#1725);
#1504=AXIS2_PLACEMENT_3D('',#2162,#1726,#1727);
#1505=AXIS2_PLACEMENT_3D('',#2164,#1728,#1729);
#1506=AXIS2_PLACEMENT_3D('',#2166,#1730,#1731);
#1507=AXIS2_PLACEMENT_3D('',#2167,#1732,#1733);
#1508=AXIS2_PLACEMENT_3D('',#2169,#1734,#1735);
#1509=AXIS2_PLACEMENT_3D('',#2171,#1736,#1737);
#1510=AXIS2_PLACEMENT_3D('',#2172,#1738,#1739);
#1511=AXIS2_PLACEMENT_3D('',#2174,#1740,#1741);
#1512=AXIS2_PLACEMENT_3D('',#2176,#1742,#1743);
#1513=AXIS2_PLACEMENT_3D('',#2177,#1744,#1745);
#1514=AXIS2_PLACEMENT_3D('',#2179,#1746,#1747);
#1515=AXIS2_PLACEMENT_3D('',#2181,#1748,#1749);
#1516=AXIS2_PLACEMENT_3D('',#2182,#1750,#1751);
#1517=AXIS2_PLACEMENT_3D('',#2184,#1752,#1753);
#1518=AXIS2_PLACEMENT_3D('',#2186,#1754,#1755);
#1519=AXIS2_PLACEMENT_3D('',#2187,#1756,#1757);
#1520=AXIS2_PLACEMENT_3D('',#2189,#1758,#1759);
#1521=AXIS2_PLACEMENT_3D('',#2191,#1760,#1761);
#1522=AXIS2_PLACEMENT_3D('',#2192,#1762,#1763);
#1523=AXIS2_PLACEMENT_3D('',#2194,#1764,#1765);
#1524=AXIS2_PLACEMENT_3D('',#2196,#1766,#1767);
#1525=AXIS2_PLACEMENT_3D('',#2197,#1768,#1769);
#1526=AXIS2_PLACEMENT_3D('',#2199,#1770,#1771);
#1527=AXIS2_PLACEMENT_3D('',#2201,#1772,#1773);
#1528=AXIS2_PLACEMENT_3D('',#2202,#1774,#1775);
#1529=AXIS2_PLACEMENT_3D('',#2204,#1776,#1777);
#1530=AXIS2_PLACEMENT_3D('',#2206,#1778,#1779);
#1531=AXIS2_PLACEMENT_3D('',#2207,#1780,#1781);
#1532=AXIS2_PLACEMENT_3D('',#2209,#1782,#1783);
#1533=AXIS2_PLACEMENT_3D('',#2211,#1784,#1785);
#1534=AXIS2_PLACEMENT_3D('',#2212,#1786,#1787);
#1535=AXIS2_PLACEMENT_3D('',#2214,#1788,#1789);
#1536=AXIS2_PLACEMENT_3D('',#2216,#1790,#1791);
#1537=AXIS2_PLACEMENT_3D('',#2217,#1792,#1793);
#1538=AXIS2_PLACEMENT_3D('',#2219,#1794,#1795);
#1539=AXIS2_PLACEMENT_3D('',#2221,#1796,#1797);
#1540=AXIS2_PLACEMENT_3D('',#2222,#1798,#1799);
#1541=AXIS2_PLACEMENT_3D('',#2224,#1800,#1801);
#1542=AXIS2_PLACEMENT_3D('',#2226,#1802,#1803);
#1543=AXIS2_PLACEMENT_3D('',#2227,#1804,#1805);
#1544=AXIS2_PLACEMENT_3D('',#2229,#1806,#1807);
#1545=AXIS2_PLACEMENT_3D('',#2231,#1808,#1809);
#1546=AXIS2_PLACEMENT_3D('',#2232,#1810,#1811);
#1547=AXIS2_PLACEMENT_3D('',#2234,#1812,#1813);
#1548=AXIS2_PLACEMENT_3D('',#2236,#1814,#1815);
#1549=AXIS2_PLACEMENT_3D('',#2237,#1816,#1817);
#1550=AXIS2_PLACEMENT_3D('',#2239,#1818,#1819);
#1551=AXIS2_PLACEMENT_3D('',#2241,#1820,#1821);
#1552=AXIS2_PLACEMENT_3D('',#2242,#1822,#1823);
#1553=AXIS2_PLACEMENT_3D('',#2244,#1824,#1825);
#1554=AXIS2_PLACEMENT_3D('',#2246,#1826,#1827);
#1555=AXIS2_PLACEMENT_3D('',#2247,#1828,#1829);
#1556=AXIS2_PLACEMENT_3D('',#2249,#1830,#1831);
#1557=AXIS2_PLACEMENT_3D('',#2251,#1832,#1833);
#1558=AXIS2_PLACEMENT_3D('',#2252,#1834,#1835);
#1559=AXIS2_PLACEMENT_3D('',#2254,#1836,#1837);
#1560=AXIS2_PLACEMENT_3D('',#2256,#1838,#1839);
#1561=AXIS2_PLACEMENT_3D('',#2257,#1840,#1841);
#1562=AXIS2_PLACEMENT_3D('',#2259,#1842,#1843);
#1563=AXIS2_PLACEMENT_3D('',#2261,#1844,#1845);
#1564=AXIS2_PLACEMENT_3D('',#2262,#1846,#1847);
#1565=AXIS2_PLACEMENT_3D('',#2264,#1848,#1849);
#1566=AXIS2_PLACEMENT_3D('',#2266,#1850,#1851);
#1567=AXIS2_PLACEMENT_3D('',#2267,#1852,#1853);
#1568=AXIS2_PLACEMENT_3D('',#2269,#1854,#1855);
#1569=AXIS2_PLACEMENT_3D('',#2271,#1856,#1857);
#1570=AXIS2_PLACEMENT_3D('',#2272,#1858,#1859);
#1571=AXIS2_PLACEMENT_3D('',#2274,#1860,#1861);
#1572=AXIS2_PLACEMENT_3D('',#2276,#1862,#1863);
#1573=AXIS2_PLACEMENT_3D('',#2277,#1864,#1865);
#1574=AXIS2_PLACEMENT_3D('',#2279,#1866,#1867);
#1575=AXIS2_PLACEMENT_3D('',#2281,#1868,#1869);
#1576=AXIS2_PLACEMENT_3D('',#2282,#1870,#1871);
#1577=AXIS2_PLACEMENT_3D('',#2284,#1872,#1873);
#1578=AXIS2_PLACEMENT_3D('',#2286,#1874,#1875);
#1579=AXIS2_PLACEMENT_3D('',#2287,#1876,#1877);
#1580=AXIS2_PLACEMENT_3D('',#2289,#1878,#1879);
#1581=AXIS2_PLACEMENT_3D('',#2291,#1880,#1881);
#1582=AXIS2_PLACEMENT_3D('',#2292,#1882,#1883);
#1583=AXIS2_PLACEMENT_3D('',#2294,#1884,#1885);
#1584=AXIS2_PLACEMENT_3D('',#2296,#1886,#1887);
#1585=AXIS2_PLACEMENT_3D('',#2297,#1888,#1889);
#1586=AXIS2_PLACEMENT_3D('',#2299,#1890,#1891);
#1587=AXIS2_PLACEMENT_3D('',#2301,#1892,#1893);
#1588=AXIS2_PLACEMENT_3D('',#2302,#1894,#1895);
#1589=AXIS2_PLACEMENT_3D('',#2304,#1896,#1897);
#1590=AXIS2_PLACEMENT_3D('',#2306,#1898,#1899);
#1591=AXIS2_PLACEMENT_3D('',#2307,#1900,#1901);
#1592=AXIS2_PLACEMENT_3D('',#2309,#1902,#1903);
#1593=AXIS2_PLACEMENT_3D('',#2311,#1904,#1905);
#1594=AXIS2_PLACEMENT_3D('',#2312,#1906,#1907);
#1595=AXIS2_PLACEMENT_3D('',#2314,#1908,#1909);
#1596=AXIS2_PLACEMENT_3D('',#2316,#1910,#1911);
#1597=AXIS2_PLACEMENT_3D('',#2317,#1912,#1913);
#1598=AXIS2_PLACEMENT_3D('',#2319,#1914,#1915);
#1599=AXIS2_PLACEMENT_3D('',#2321,#1916,#1917);
#1600=AXIS2_PLACEMENT_3D('',#2322,#1918,#1919);
#1601=AXIS2_PLACEMENT_3D('',#2324,#1920,#1921);
#1602=AXIS2_PLACEMENT_3D('',#2326,#1922,#1923);
#1603=AXIS2_PLACEMENT_3D('',#2327,#1924,#1925);
#1604=AXIS2_PLACEMENT_3D('',#2329,#1926,#1927);
#1605=AXIS2_PLACEMENT_3D('',#2331,#1928,#1929);
#1606=AXIS2_PLACEMENT_3D('',#2332,#1930,#1931);
#1607=AXIS2_PLACEMENT_3D('',#2334,#1932,#1933);
#1608=AXIS2_PLACEMENT_3D('',#2336,#1934,#1935);
#1609=AXIS2_PLACEMENT_3D('',#2337,#1936,#1937);
#1610=AXIS2_PLACEMENT_3D('',#2339,#1938,#1939);
#1611=AXIS2_PLACEMENT_3D('',#2341,#1940,#1941);
#1612=AXIS2_PLACEMENT_3D('',#2342,#1942,#1943);
#1613=AXIS2_PLACEMENT_3D('',#2344,#1944,#1945);
#1614=AXIS2_PLACEMENT_3D('',#2346,#1946,#1947);
#1615=AXIS2_PLACEMENT_3D('',#2347,#1948,#1949);
#1616=AXIS2_PLACEMENT_3D('',#2349,#1950,#1951);
#1617=AXIS2_PLACEMENT_3D('',#2351,#1952,#1953);
#1618=AXIS2_PLACEMENT_3D('',#2352,#1954,#1955);
#1619=AXIS2_PLACEMENT_3D('',#2354,#1956,#1957);
#1620=AXIS2_PLACEMENT_3D('',#2356,#1958,#1959);
#1621=AXIS2_PLACEMENT_3D('',#2357,#1960,#1961);
#1622=AXIS2_PLACEMENT_3D('',#2359,#1962,#1963);
#1623=AXIS2_PLACEMENT_3D('',#2361,#1964,#1965);
#1624=AXIS2_PLACEMENT_3D('',#2362,#1966,#1967);
#1625=AXIS2_PLACEMENT_3D('',#2364,#1968,#1969);
#1626=AXIS2_PLACEMENT_3D('',#2366,#1970,#1971);
#1627=AXIS2_PLACEMENT_3D('',#2367,#1972,#1973);
#1628=AXIS2_PLACEMENT_3D('',#2369,#1974,#1975);
#1629=AXIS2_PLACEMENT_3D('',#2371,#1976,#1977);
#1630=AXIS2_PLACEMENT_3D('',#2372,#1978,#1979);
#1631=AXIS2_PLACEMENT_3D('',#2374,#1980,#1981);
#1632=AXIS2_PLACEMENT_3D('',#2376,#1982,#1983);
#1633=AXIS2_PLACEMENT_3D('',#2377,#1984,#1985);
#1634=AXIS2_PLACEMENT_3D('',#2379,#1986,#1987);
#1635=AXIS2_PLACEMENT_3D('',#2381,#1988,#1989);
#1636=AXIS2_PLACEMENT_3D('',#2382,#1990,#1991);
#1637=AXIS2_PLACEMENT_3D('',#2384,#1992,#1993);
#1638=AXIS2_PLACEMENT_3D('',#2386,#1994,#1995);
#1639=AXIS2_PLACEMENT_3D('',#2387,#1996,#1997);
#1640=AXIS2_PLACEMENT_3D('',#2389,#1998,#1999);
#1641=AXIS2_PLACEMENT_3D('',#2391,#2000,#2001);
#1642=AXIS2_PLACEMENT_3D('',#2392,#2002,#2003);
#1643=AXIS2_PLACEMENT_3D('',#2394,#2004,#2005);
#1644=AXIS2_PLACEMENT_3D('',#2396,#2006,#2007);
#1645=AXIS2_PLACEMENT_3D('',#2397,#2008,#2009);
#1646=AXIS2_PLACEMENT_3D('',#2399,#2010,#2011);
#1647=AXIS2_PLACEMENT_3D('',#2401,#2012,#2013);
#1648=AXIS2_PLACEMENT_3D('',#2402,#2014,#2015);
#1649=AXIS2_PLACEMENT_3D('',#2404,#2016,#2017);
#1650=AXIS2_PLACEMENT_3D('',#2406,#2018,#2019);
#1651=AXIS2_PLACEMENT_3D('',#2407,#2020,#2021);
#1652=AXIS2_PLACEMENT_3D('',#2409,#2022,#2023);
#1653=AXIS2_PLACEMENT_3D('',#2411,#2024,#2025);
#1654=AXIS2_PLACEMENT_3D('',#2412,#2026,#2027);
#1655=AXIS2_PLACEMENT_3D('',#2414,#2028,#2029);
#1656=AXIS2_PLACEMENT_3D('',#2416,#2030,#2031);
#1657=AXIS2_PLACEMENT_3D('',#2417,#2032,#2033);
#1658=AXIS2_PLACEMENT_3D('',#2419,#2034,#2035);
#1659=AXIS2_PLACEMENT_3D('',#2421,#2036,#2037);
#1660=AXIS2_PLACEMENT_3D('',#2422,#2038,#2039);
#1661=AXIS2_PLACEMENT_3D('',#2424,#2040,#2041);
#1662=AXIS2_PLACEMENT_3D('',#2426,#2042,#2043);
#1663=AXIS2_PLACEMENT_3D('',#2427,#2044,#2045);
#1664=AXIS2_PLACEMENT_3D('',#2429,#2046,#2047);
#1665=AXIS2_PLACEMENT_3D('',#2431,#2048,#2049);
#1666=AXIS2_PLACEMENT_3D('',#2432,#2050,#2051);
#1667=AXIS2_PLACEMENT_3D('',#2434,#2052,#2053);
#1668=AXIS2_PLACEMENT_3D('',#2436,#2054,#2055);
#1669=AXIS2_PLACEMENT_3D('',#2437,#2056,#2057);
#1670=AXIS2_PLACEMENT_3D('',#2439,#2058,#2059);
#1671=AXIS2_PLACEMENT_3D('',#2441,#2060,#2061);
#1672=AXIS2_PLACEMENT_3D('',#2442,#2062,#2063);
#1673=AXIS2_PLACEMENT_3D('',#2444,#2064,#2065);
#1674=AXIS2_PLACEMENT_3D('',#2446,#2066,#2067);
#1675=AXIS2_PLACEMENT_3D('',#2447,#2068,#2069);
#1676=AXIS2_PLACEMENT_3D('',#2449,#2070,#2071);
#1677=AXIS2_PLACEMENT_3D('',#2451,#2072,#2073);
#1678=AXIS2_PLACEMENT_3D('',#2452,#2074,#2075);
#1679=AXIS2_PLACEMENT_3D('',#2454,#2076,#2077);
#1680=AXIS2_PLACEMENT_3D('',#2456,#2078,#2079);
#1681=AXIS2_PLACEMENT_3D('',#2457,#2080,#2081);
#1682=AXIS2_PLACEMENT_3D('',#2459,#2082,#2083);
#1683=AXIS2_PLACEMENT_3D('',#2461,#2084,#2085);
#1684=AXIS2_PLACEMENT_3D('',#2462,#2086,#2087);
#1685=AXIS2_PLACEMENT_3D('',#2464,#2088,#2089);
#1686=AXIS2_PLACEMENT_3D('',#2466,#2090,#2091);
#1687=AXIS2_PLACEMENT_3D('',#2467,#2092,#2093);
#1688=AXIS2_PLACEMENT_3D('',#2469,#2094,#2095);
#1689=AXIS2_PLACEMENT_3D('',#2471,#2096,#2097);
#1690=AXIS2_PLACEMENT_3D('',#2472,#2098,#2099);
#1691=AXIS2_PLACEMENT_3D('',#2474,#2100,#2101);
#1692=AXIS2_PLACEMENT_3D('',#2476,#2102,#2103);
#1693=AXIS2_PLACEMENT_3D('',#2477,#2104,#2105);
#1694=AXIS2_PLACEMENT_3D('',#2479,#2106,#2107);
#1695=AXIS2_PLACEMENT_3D('',#2481,#2108,#2109);
#1696=AXIS2_PLACEMENT_3D('',#2482,#2110,#2111);
#1697=AXIS2_PLACEMENT_3D('',#2484,#2112,#2113);
#1698=AXIS2_PLACEMENT_3D('',#2486,#2114,#2115);
#1699=AXIS2_PLACEMENT_3D('',#2487,#2116,#2117);
#1700=AXIS2_PLACEMENT_3D('',#2489,#2118,#2119);
#1701=AXIS2_PLACEMENT_3D('',#2491,#2120,#2121);
#1702=AXIS2_PLACEMENT_3D('',#2492,#2122,#2123);
#1703=AXIS2_PLACEMENT_3D('',#2494,#2124,#2125);
#1704=AXIS2_PLACEMENT_3D('',#2496,#2126,#2127);
#1705=AXIS2_PLACEMENT_3D('',#2505,#2132,#2133);
#1706=AXIS2_PLACEMENT_3D('',#2511,#2137,#2138);
#1707=AXIS2_PLACEMENT_3D('',#2517,#2142,#2143);
#1708=AXIS2_PLACEMENT_3D('',#2519,#2145,#2146);
#1709=AXIS2_PLACEMENT_3D('',#2521,#2148,#2149);
#1710=DIRECTION('',(0.,0.,1.));
#1711=DIRECTION('',(1.,0.,0.));
#1712=DIRECTION('',(0.,0.,1.));
#1713=DIRECTION('',(1.,0.,0.));
#1714=DIRECTION('',(0.,0.,1.));
#1715=DIRECTION('',(1.,0.,0.));
#1716=DIRECTION('',(0.,0.,1.));
#1717=DIRECTION('',(1.,0.,0.));
#1718=DIRECTION('',(0.,0.,1.));
#1719=DIRECTION('',(1.,0.,0.));
#1720=DIRECTION('',(0.,0.,1.));
#1721=DIRECTION('',(1.,0.,0.));
#1722=DIRECTION('',(0.,0.,1.));
#1723=DIRECTION('',(1.,0.,0.));
#1724=DIRECTION('',(0.,0.,1.));
#1725=DIRECTION('',(1.,0.,0.));
#1726=DIRECTION('',(0.,0.,1.));
#1727=DIRECTION('',(1.,0.,0.));
#1728=DIRECTION('',(0.,0.,1.));
#1729=DIRECTION('',(1.,0.,0.));
#1730=DIRECTION('',(0.,0.,1.));
#1731=DIRECTION('',(1.,0.,0.));
#1732=DIRECTION('',(0.,0.,1.));
#1733=DIRECTION('',(1.,0.,0.));
#1734=DIRECTION('',(0.,0.,1.));
#1735=DIRECTION('',(1.,0.,0.));
#1736=DIRECTION('',(0.,0.,1.));
#1737=DIRECTION('',(1.,0.,0.));
#1738=DIRECTION('',(0.,0.,1.));
#1739=DIRECTION('',(1.,0.,0.));
#1740=DIRECTION('',(0.,0.,1.));
#1741=DIRECTION('',(1.,0.,0.));
#1742=DIRECTION('',(0.,0.,1.));
#1743=DIRECTION('',(1.,0.,0.));
#1744=DIRECTION('',(0.,0.,1.));
#1745=DIRECTION('',(1.,0.,0.));
#1746=DIRECTION('',(0.,0.,1.));
#1747=DIRECTION('',(1.,0.,0.));
#1748=DIRECTION('',(0.,0.,1.));
#1749=DIRECTION('',(1.,0.,0.));
#1750=DIRECTION('',(0.,0.,1.));
#1751=DIRECTION('',(1.,0.,0.));
#1752=DIRECTION('',(0.,0.,1.));
#1753=DIRECTION('',(1.,0.,0.));
#1754=DIRECTION('',(0.,0.,1.));
#1755=DIRECTION('',(1.,0.,0.));
#1756=DIRECTION('',(0.,0.,1.));
#1757=DIRECTION('',(1.,0.,0.));
#1758=DIRECTION('',(0.,0.,1.));
#1759=DIRECTION('',(1.,0.,0.));
#1760=DIRECTION('',(0.,0.,1.));
#1761=DIRECTION('',(1.,0.,0.));
#1762=DIRECTION('',(0.,0.,1.));
#1763=DIRECTION('',(1.,0.,0.));
#1764=DIRECTION('',(0.,0.,1.));
#1765=DIRECTION('',(1.,0.,0.));
#1766=DIRECTION('',(0.,0.,1.));
#1767=DIRECTION('',(1.,0.,0.));
#1768=DIRECTION('',(0.,0.,1.));
#1769=DIRECTION('',(1.,0.,0.));
#1770=DIRECTION('',(0.,0.,1.));
#1771=DIRECTION('',(1.,0.,0.));
#1772=DIRECTION('',(0.,0.,1.));
#1773=DIRECTION('',(1.,0.,0.));
#1774=DIRECTION('',(0.,0.,1.));
#1775=DIRECTION('',(1.,0.,0.));
#1776=DIRECTION('',(0.,0.,1.));
#1777=DIRECTION('',(1.,0.,0.));
#1778=DIRECTION('',(0.,0.,1.));
#1779=DIRECTION('',(1.,0.,0.));
#1780=DIRECTION('',(0.,0.,1.));
#1781=DIRECTION('',(1.,0.,0.));
#1782=DIRECTION('',(0.,0.,1.));
#1783=DIRECTION('',(1.,0.,0.));
#1784=DIRECTION('',(0.,0.,1.));
#1785=DIRECTION('',(1.,0.,0.));
#1786=DIRECTION('',(0.,0.,1.));
#1787=DIRECTION('',(1.,0.,0.));
#1788=DIRECTION('',(0.,0.,1.));
#1789=DIRECTION('',(1.,0.,0.));
#1790=DIRECTION('',(0.,0.,1.));
#1791=DIRECTION('',(1.,0.,0.));
#1792=DIRECTION('',(0.,0.,1.));
#1793=DIRECTION('',(1.,0.,0.));
#1794=DIRECTION('',(0.,0.,1.));
#1795=DIRECTION('',(1.,0.,0.));
#1796=DIRECTION('',(0.,0.,1.));
#1797=DIRECTION('',(1.,0.,0.));
#1798=DIRECTION('',(0.,0.,1.));
#1799=DIRECTION('',(1.,0.,0.));
#1800=DIRECTION('',(0.,0.,1.));
#1801=DIRECTION('',(1.,0.,0.));
#1802=DIRECTION('',(0.,0.,1.));
#1803=DIRECTION('',(1.,0.,0.));
#1804=DIRECTION('',(0.,0.,1.));
#1805=DIRECTION('',(1.,0.,0.));
#1806=DIRECTION('',(0.,0.,1.));
#1807=DIRECTION('',(1.,0.,0.));
#1808=DIRECTION('',(0.,0.,1.));
#1809=DIRECTION('',(1.,0.,0.));
#1810=DIRECTION('',(0.,0.,1.));
#1811=DIRECTION('',(1.,0.,0.));
#1812=DIRECTION('',(0.,0.,1.));
#1813=DIRECTION('',(1.,0.,0.));
#1814=DIRECTION('',(0.,0.,1.));
#1815=DIRECTION('',(1.,0.,0.));
#1816=DIRECTION('',(0.,0.,1.));
#1817=DIRECTION('',(1.,0.,0.));
#1818=DIRECTION('',(0.,0.,1.));
#1819=DIRECTION('',(1.,0.,0.));
#1820=DIRECTION('',(0.,0.,1.));
#1821=DIRECTION('',(1.,0.,0.));
#1822=DIRECTION('',(0.,0.,1.));
#1823=DIRECTION('',(1.,0.,0.));
#1824=DIRECTION('',(0.,0.,1.));
#1825=DIRECTION('',(1.,0.,0.));
#1826=DIRECTION('',(0.,0.,1.));
#1827=DIRECTION('',(1.,0.,0.));
#1828=DIRECTION('',(0.,0.,1.));
#1829=DIRECTION('',(1.,0.,0.));
#1830=DIRECTION('',(0.,0.,1.));
#1831=DIRECTION('',(1.,0.,0.));
#1832=DIRECTION('',(0.,0.,1.));
#1833=DIRECTION('',(1.,0.,0.));
#1834=DIRECTION('',(0.,0.,1.));
#1835=DIRECTION('',(1.,0.,0.));
#1836=DIRECTION('',(0.,0.,1.));
#1837=DIRECTION('',(1.,0.,0.));
#1838=DIRECTION('',(0.,0.,1.));
#1839=DIRECTION('',(1.,0.,0.));
#1840=DIRECTION('',(0.,0.,1.));
#1841=DIRECTION('',(1.,0.,0.));
#1842=DIRECTION('',(0.,0.,1.));
#1843=DIRECTION('',(1.,0.,0.));
#1844=DIRECTION('',(0.,0.,1.));
#1845=DIRECTION('',(1.,0.,0.));
#1846=DIRECTION('',(0.,0.,1.));
#1847=DIRECTION('',(1.,0.,0.));
#1848=DIRECTION('',(0.,0.,1.));
#1849=DIRECTION('',(1.,0.,0.));
#1850=DIRECTION('',(0.,0.,1.));
#1851=DIRECTION('',(1.,0.,0.));
#1852=DIRECTION('',(0.,0.,1.));
#1853=DIRECTION('',(1.,0.,0.));
#1854=DIRECTION('',(0.,0.,1.));
#1855=DIRECTION('',(1.,0.,0.));
#1856=DIRECTION('',(0.,0.,1.));
#1857=DIRECTION('',(1.,0.,0.));
#1858=DIRECTION('',(0.,0.,1.));
#1859=DIRECTION('',(1.,0.,0.));
#1860=DIRECTION('',(0.,0.,1.));
#1861=DIRECTION('',(1.,0.,0.));
#1862=DIRECTION('',(0.,0.,1.));
#1863=DIRECTION('',(1.,0.,0.));
#1864=DIRECTION('',(0.,0.,1.));
#1865=DIRECTION('',(1.,0.,0.));
#1866=DIRECTION('',(0.,0.,1.));
#1867=DIRECTION('',(1.,0.,0.));
#1868=DIRECTION('',(0.,0.,1.));
#1869=DIRECTION('',(1.,0.,0.));
#1870=DIRECTION('',(0.,0.,1.));
#1871=DIRECTION('',(1.,0.,0.));
#1872=DIRECTION('',(0.,0.,1.));
#1873=DIRECTION('',(1.,0.,0.));
#1874=DIRECTION('',(0.,0.,1.));
#1875=DIRECTION('',(1.,0.,0.));
#1876=DIRECTION('',(0.,0.,1.));
#1877=DIRECTION('',(1.,0.,0.));
#1878=DIRECTION('',(0.,0.,1.));
#1879=DIRECTION('',(1.,0.,0.));
#1880=DIRECTION('',(0.,0.,1.));
#1881=DIRECTION('',(1.,0.,0.));
#1882=DIRECTION('',(0.,0.,1.));
#1883=DIRECTION('',(1.,0.,0.));
#1884=DIRECTION('',(0.,0.,1.));
#1885=DIRECTION('',(1.,0.,0.));
#1886=DIRECTION('',(0.,0.,1.));
#1887=DIRECTION('',(1.,0.,0.));
#1888=DIRECTION('',(0.,0.,1.));
#1889=DIRECTION('',(1.,0.,0.));
#1890=DIRECTION('',(0.,0.,1.));
#1891=DIRECTION('',(1.,0.,0.));
#1892=DIRECTION('',(0.,0.,1.));
#1893=DIRECTION('',(1.,0.,0.));
#1894=DIRECTION('',(0.,0.,1.));
#1895=DIRECTION('',(1.,0.,0.));
#1896=DIRECTION('',(0.,0.,1.));
#1897=DIRECTION('',(1.,0.,0.));
#1898=DIRECTION('',(0.,0.,1.));
#1899=DIRECTION('',(1.,0.,0.));
#1900=DIRECTION('',(0.,0.,1.));
#1901=DIRECTION('',(1.,0.,0.));
#1902=DIRECTION('',(0.,0.,1.));
#1903=DIRECTION('',(1.,0.,0.));
#1904=DIRECTION('',(0.,0.,1.));
#1905=DIRECTION('',(1.,0.,0.));
#1906=DIRECTION('',(0.,0.,1.));
#1907=DIRECTION('',(1.,0.,0.));
#1908=DIRECTION('',(0.,0.,1.));
#1909=DIRECTION('',(1.,0.,0.));
#1910=DIRECTION('',(0.,0.,1.));
#1911=DIRECTION('',(1.,0.,0.));
#1912=DIRECTION('',(0.,0.,1.));
#1913=DIRECTION('',(1.,0.,0.));
#1914=DIRECTION('',(0.,0.,1.));
#1915=DIRECTION('',(1.,0.,0.));
#1916=DIRECTION('',(0.,0.,1.));
#1917=DIRECTION('',(1.,0.,0.));
#1918=DIRECTION('',(0.,0.,1.));
#1919=DIRECTION('',(1.,0.,0.));
#1920=DIRECTION('',(0.,0.,1.));
#1921=DIRECTION('',(1.,0.,0.));
#1922=DIRECTION('',(0.,0.,1.));
#1923=DIRECTION('',(1.,0.,0.));
#1924=DIRECTION('',(0.,0.,1.));
#1925=DIRECTION('',(1.,0.,0.));
#1926=DIRECTION('',(0.,0.,1.));
#1927=DIRECTION('',(1.,0.,0.));
#1928=DIRECTION('',(0.,0.,1.));
#1929=DIRECTION('',(1.,0.,0.));
#1930=DIRECTION('',(0.,0.,1.));
#1931=DIRECTION('',(1.,0.,0.));
#1932=DIRECTION('',(0.,0.,1.));
#1933=DIRECTION('',(1.,0.,0.));
#1934=DIRECTION('',(0.,0.,1.));
#1935=DIRECTION('',(1.,0.,0.));
#1936=DIRECTION('',(0.,0.,1.));
#1937=DIRECTION('',(1.,0.,0.));
#1938=DIRECTION('',(0.,0.,1.));
#1939=DIRECTION('',(1.,0.,0.));
#1940=DIRECTION('',(0.,0.,1.));
#1941=DIRECTION('',(1.,0.,0.));
#1942=DIRECTION('',(0.,0.,1.));
#1943=DIRECTION('',(1.,0.,0.));
#1944=DIRECTION('',(0.,0.,1.));
#1945=DIRECTION('',(1.,0.,0.));
#1946=DIRECTION('',(0.,0.,1.));
#1947=DIRECTION('',(1.,0.,0.));
#1948=DIRECTION('',(0.,0.,1.));
#1949=DIRECTION('',(1.,0.,0.));
#1950=DIRECTION('',(0.,0.,1.));
#1951=DIRECTION('',(1.,0.,0.));
#1952=DIRECTION('',(0.,0.,1.));
#1953=DIRECTION('',(1.,0.,0.));
#1954=DIRECTION('',(0.,0.,1.));
#1955=DIRECTION('',(1.,0.,0.));
#1956=DIRECTION('',(0.,0.,1.));
#1957=DIRECTION('',(1.,0.,0.));
#1958=DIRECTION('',(0.,0.,1.));
#1959=DIRECTION('',(1.,0.,0.));
#1960=DIRECTION('',(0.,0.,1.));
#1961=DIRECTION('',(1.,0.,0.));
#1962=DIRECTION('',(0.,0.,1.));
#1963=DIRECTION('',(1.,0.,0.));
#1964=DIRECTION('',(0.,0.,1.));
#1965=DIRECTION('',(1.,0.,0.));
#1966=DIRECTION('',(0.,0.,1.));
#1967=DIRECTION('',(1.,0.,0.));
#1968=DIRECTION('',(0.,0.,1.));
#1969=DIRECTION('',(1.,0.,0.));
#1970=DIRECTION('',(0.,0.,1.));
#1971=DIRECTION('',(1.,0.,0.));
#1972=DIRECTION('',(0.,0.,1.));
#1973=DIRECTION('',(1.,0.,0.));
#1974=DIRECTION('',(0.,0.,1.));
#1975=DIRECTION('',(1.,0.,0.));
#1976=DIRECTION('',(0.,0.,1.));
#1977=DIRECTION('',(1.,0.,0.));
#1978=DIRECTION('',(0.,0.,1.));
#1979=DIRECTION('',(1.,0.,0.));
#1980=DIRECTION('',(0.,0.,1.));
#1981=DIRECTION('',(1.,0.,0.));
#1982=DIRECTION('',(0.,0.,1.));
#1983=DIRECTION('',(1.,0.,0.));
#1984=DIRECTION('',(0.,0.,1.));
#1985=DIRECTION('',(1.,0.,0.));
#1986=DIRECTION('',(0.,0.,1.));
#1987=DIRECTION('',(1.,0.,0.));
#1988=DIRECTION('',(0.,0.,1.));
#1989=DIRECTION('',(1.,0.,0.));
#1990=DIRECTION('',(0.,0.,1.));
#1991=DIRECTION('',(1.,0.,0.));
#1992=DIRECTION('',(0.,0.,1.));
#1993=DIRECTION('',(1.,0.,0.));
#1994=DIRECTION('',(0.,0.,1.));
#1995=DIRECTION('',(1.,0.,0.));
#1996=DIRECTION('',(0.,0.,1.));
#1997=DIRECTION('',(1.,0.,0.));
#1998=DIRECTION('',(0.,0.,1.));
#1999=DIRECTION('',(1.,0.,0.));
#2000=DIRECTION('',(0.,0.,1.));
#2001=DIRECTION('',(1.,0.,0.));
#2002=DIRECTION('',(0.,0.,1.));
#2003=DIRECTION('',(1.,0.,0.));
#2004=DIRECTION('',(0.,0.,1.));
#2005=DIRECTION('',(1.,0.,0.));
#2006=DIRECTION('',(0.,0.,1.));
#2007=DIRECTION('',(1.,0.,0.));
#2008=DIRECTION('',(0.,0.,1.));
#2009=DIRECTION('',(1.,0.,0.));
#2010=DIRECTION('',(0.,0.,1.));
#2011=DIRECTION('',(1.,0.,0.));
#2012=DIRECTION('',(0.,0.,1.));
#2013=DIRECTION('',(1.,0.,0.));
#2014=DIRECTION('',(0.,0.,1.));
#2015=DIRECTION('',(1.,0.,0.));
#2016=DIRECTION('',(0.,0.,1.));
#2017=DIRECTION('',(1.,0.,0.));
#2018=DIRECTION('',(0.,0.,1.));
#2019=DIRECTION('',(1.,0.,0.));
#2020=DIRECTION('',(0.,0.,1.));
#2021=DIRECTION('',(1.,0.,0.));
#2022=DIRECTION('',(0.,0.,1.));
#2023=DIRECTION('',(1.,0.,0.));
#2024=DIRECTION('',(0.,0.,1.));
#2025=DIRECTION('',(1.,0.,0.));
#2026=DIRECTION('',(0.,0.,1.));
#2027=DIRECTION('',(1.,0.,0.));
#2028=DIRECTION('',(0.,0.,1.));
#2029=DIRECTION('',(1.,0.,0.));
#2030=DIRECTION('',(0.,0.,1.));
#2031=DIRECTION('',(1.,0.,0.));
#2032=DIRECTION('',(0.,0.,1.));
#2033=DIRECTION('',(1.,0.,0.));
#2034=DIRECTION('',(0.,0.,1.));
#2035=DIRECTION('',(1.,0.,0.));
#2036=DIRECTION('',(0.,0.,1.));
#2037=DIRECTION('',(1.,0.,0.));
#2038=DIRECTION('',(0.,0.,1.));
#2039=DIRECTION('',(1.,0.,0.));
#2040=DIRECTION('',(0.,0.,1.));
#2041=DIRECTION('',(1.,0.,0.));
#2042=DIRECTION('',(0.,0.,1.));
#2043=DIRECTION('',(1.,0.,0.));
#2044=DIRECTION('',(0.,0.,1.));
#2045=DIRECTION('',(1.,0.,0.));
#2046=DIRECTION('',(0.,0.,1.));
#2047=DIRECTION('',(1.,0.,0.));
#2048=DIRECTION('',(0.,0.,1.));
#2049=DIRECTION('',(1.,0.,0.));
#2050=DIRECTION('',(0.,0.,1.));
#2051=DIRECTION('',(1.,0.,0.));
#2052=DIRECTION('',(0.,0.,1.));
#2053=DIRECTION('',(1.,0.,0.));
#2054=DIRECTION('',(0.,0.,1.));
#2055=DIRECTION('',(1.,0.,0.));
#2056=DIRECTION('',(0.,0.,1.));
#2057=DIRECTION('',(1.,0.,0.));
#2058=DIRECTION('',(0.,0.,1.));
#2059=DIRECTION('',(1.,0.,0.));
#2060=DIRECTION('',(0.,0.,1.));
#2061=DIRECTION('',(1.,0.,0.));
#2062=DIRECTION('',(0.,0.,1.));
#2063=DIRECTION('',(1.,0.,0.));
#2064=DIRECTION('',(0.,0.,1.));
#2065=DIRECTION('',(1.,0.,0.));
#2066=DIRECTION('',(0.,0.,1.));
#2067=DIRECTION('',(1.,0.,0.));
#2068=DIRECTION('',(0.,0.,1.));
#2069=DIRECTION('',(1.,0.,0.));
#2070=DIRECTION('',(0.,0.,1.));
#2071=DIRECTION('',(1.,0.,0.));
#2072=DIRECTION('',(0.,0.,-1.));
#2073=DIRECTION('',(-1.,0.,0.));
#2074=DIRECTION('',(0.,0.,1.));
#2075=DIRECTION('',(1.,0.,0.));
#2076=DIRECTION('',(0.,0.,1.));
#2077=DIRECTION('',(1.,0.,0.));
#2078=DIRECTION('',(0.,0.,-1.));
#2079=DIRECTION('',(-1.,0.,0.));
#2080=DIRECTION('',(0.,0.,1.));
#2081=DIRECTION('',(1.,0.,0.));
#2082=DIRECTION('',(0.,0.,1.));
#2083=DIRECTION('',(1.,0.,0.));
#2084=DIRECTION('',(0.,0.,-1.));
#2085=DIRECTION('',(-1.,0.,0.));
#2086=DIRECTION('',(0.,0.,1.));
#2087=DIRECTION('',(1.,0.,0.));
#2088=DIRECTION('',(0.,0.,1.));
#2089=DIRECTION('',(1.,0.,0.));
#2090=DIRECTION('',(0.,0.,-1.));
#2091=DIRECTION('',(-1.,0.,0.));
#2092=DIRECTION('',(0.,0.,1.));
#2093=DIRECTION('',(1.,0.,0.));
#2094=DIRECTION('',(0.,0.,1.));
#2095=DIRECTION('',(1.,0.,0.));
#2096=DIRECTION('',(0.,0.,-1.));
#2097=DIRECTION('',(-1.,0.,0.));
#2098=DIRECTION('',(0.,0.,1.));
#2099=DIRECTION('',(1.,0.,0.));
#2100=DIRECTION('',(0.,0.,1.));
#2101=DIRECTION('',(1.,0.,0.));
#2102=DIRECTION('',(0.,0.,-1.));
#2103=DIRECTION('',(-1.,0.,0.));
#2104=DIRECTION('',(0.,0.,1.));
#2105=DIRECTION('',(1.,0.,0.));
#2106=DIRECTION('',(0.,0.,1.));
#2107=DIRECTION('',(1.,0.,0.));
#2108=DIRECTION('',(0.,0.,-1.));
#2109=DIRECTION('',(-1.,0.,0.));
#2110=DIRECTION('',(0.,0.,1.));
#2111=DIRECTION('',(1.,0.,0.));
#2112=DIRECTION('',(0.,0.,1.));
#2113=DIRECTION('',(1.,0.,0.));
#2114=DIRECTION('',(0.,0.,-1.));
#2115=DIRECTION('',(-1.,0.,0.));
#2116=DIRECTION('',(0.,0.,1.));
#2117=DIRECTION('',(1.,0.,0.));
#2118=DIRECTION('',(0.,0.,1.));
#2119=DIRECTION('',(1.,0.,0.));
#2120=DIRECTION('',(0.,0.,-1.));
#2121=DIRECTION('',(-1.,0.,0.));
#2122=DIRECTION('',(0.,0.,1.));
#2123=DIRECTION('',(1.,0.,0.));
#2124=DIRECTION('',(0.,0.,1.));
#2125=DIRECTION('',(1.,0.,0.));
#2126=DIRECTION('',(1.,0.,0.));
#2127=DIRECTION('',(0.,0.,-1.));
#2128=DIRECTION('',(0.,0.,-1.));
#2129=DIRECTION('',(0.,1.,0.));
#2130=DIRECTION('',(0.,0.,-1.));
#2131=DIRECTION('',(0.,1.,0.));
#2132=DIRECTION('',(0.,0.,1.));
#2133=DIRECTION('',(1.,0.,0.));
#2134=DIRECTION('',(1.,0.,0.));
#2135=DIRECTION('',(0.,1.,0.));
#2136=DIRECTION('',(1.,0.,0.));
#2137=DIRECTION('',(1.,0.,0.));
#2138=DIRECTION('',(0.,0.,-1.));
#2139=DIRECTION('',(0.,1.,0.));
#2140=DIRECTION('',(0.,0.,-1.));
#2141=DIRECTION('',(0.,0.,-1.));
#2142=DIRECTION('',(0.,-1.,0.));
#2143=DIRECTION('',(1.,0.,0.));
#2144=DIRECTION('',(1.,0.,0.));
#2145=DIRECTION('',(0.,-1.,0.));
#2146=DIRECTION('',(1.,0.,0.));
#2147=DIRECTION('',(1.,0.,0.));
#2148=DIRECTION('',(0.,0.,1.));
#2149=DIRECTION('',(1.,0.,0.));
#2150=CARTESIAN_POINT('',(0.,0.,0.));
#2151=CARTESIAN_POINT('',(-0.1937512,0.1143,-0.3461512));
#2152=CARTESIAN_POINT('',(-0.1937512,0.1143,-0.3461512));
#2153=CARTESIAN_POINT('',(-0.1911985,0.1143,-0.3461512));
#2154=CARTESIAN_POINT('',(-0.1937512,0.1143,-0.3429762));
#2155=CARTESIAN_POINT('',(-0.1911985,0.1143,-0.3429762));
#2156=CARTESIAN_POINT('',(0.0381,0.1651,-0.3461512));
#2157=CARTESIAN_POINT('',(0.0381,0.1651,-0.3461512));
#2158=CARTESIAN_POINT('',(0.0406527,0.1651,-0.3461512));
#2159=CARTESIAN_POINT('',(0.0381,0.1651,-0.3429762));
#2160=CARTESIAN_POINT('',(0.0406527,0.1651,-0.3429762));
#2161=CARTESIAN_POINT('',(0.0127,0.1651,-0.3461512));
#2162=CARTESIAN_POINT('',(0.0127,0.1651,-0.3461512));
#2163=CARTESIAN_POINT('',(0.0152527,0.1651,-0.3461512));
#2164=CARTESIAN_POINT('',(0.0127,0.1651,-0.3429762));
#2165=CARTESIAN_POINT('',(0.0152527,0.1651,-0.3429762));
#2166=CARTESIAN_POINT('',(-0.0127,0.1651,-0.3461512));
#2167=CARTESIAN_POINT('',(-0.0127,0.1651,-0.3461512));
#2168=CARTESIAN_POINT('',(-0.0101473,0.1651,-0.3461512));
#2169=CARTESIAN_POINT('',(-0.0127,0.1651,-0.3429762));
#2170=CARTESIAN_POINT('',(-0.0101473,0.1651,-0.3429762));
#2171=CARTESIAN_POINT('',(-0.0381,0.1651,-0.3461512));
#2172=CARTESIAN_POINT('',(-0.0381,0.1651,-0.3461512));
#2173=CARTESIAN_POINT('',(-0.0355473,0.1651,-0.3461512));
#2174=CARTESIAN_POINT('',(-0.0381,0.1651,-0.3429762));
#2175=CARTESIAN_POINT('',(-0.0355473,0.1651,-0.3429762));
#2176=CARTESIAN_POINT('',(-0.0635,0.1651,-0.3461512));
#2177=CARTESIAN_POINT('',(-0.0635,0.1651,-0.3461512));
#2178=CARTESIAN_POINT('',(-0.0609473,0.1651,-0.3461512));
#2179=CARTESIAN_POINT('',(-0.0635,0.1651,-0.3429762));
#2180=CARTESIAN_POINT('',(-0.0609473,0.1651,-0.3429762));
#2181=CARTESIAN_POINT('',(-0.0889,0.1651,-0.3461512));
#2182=CARTESIAN_POINT('',(-0.0889,0.1651,-0.3461512));
#2183=CARTESIAN_POINT('',(-0.0863473,0.1651,-0.3461512));
#2184=CARTESIAN_POINT('',(-0.0889,0.1651,-0.3429762));
#2185=CARTESIAN_POINT('',(-0.0863473,0.1651,-0.3429762));
#2186=CARTESIAN_POINT('',(-0.1143,0.1651,-0.3461512));
#2187=CARTESIAN_POINT('',(-0.1143,0.1651,-0.3461512));
#2188=CARTESIAN_POINT('',(-0.1117473,0.1651,-0.3461512));
#2189=CARTESIAN_POINT('',(-0.1143,0.1651,-0.3429762));
#2190=CARTESIAN_POINT('',(-0.1117473,0.1651,-0.3429762));
#2191=CARTESIAN_POINT('',(-0.1397,0.1651,-0.3461512));
#2192=CARTESIAN_POINT('',(-0.1397,0.1651,-0.3461512));
#2193=CARTESIAN_POINT('',(-0.1371473,0.1651,-0.3461512));
#2194=CARTESIAN_POINT('',(-0.1397,0.1651,-0.3429762));
#2195=CARTESIAN_POINT('',(-0.1371473,0.1651,-0.3429762));
#2196=CARTESIAN_POINT('',(-0.1651,0.1651,-0.3461512));
#2197=CARTESIAN_POINT('',(-0.1651,0.1651,-0.3461512));
#2198=CARTESIAN_POINT('',(-0.1625473,0.1651,-0.3461512));
#2199=CARTESIAN_POINT('',(-0.1651,0.1651,-0.3429762));
#2200=CARTESIAN_POINT('',(-0.1625473,0.1651,-0.3429762));
#2201=CARTESIAN_POINT('',(-0.1651,-0.1651,-0.3461512));
#2202=CARTESIAN_POINT('',(-0.1651,-0.1651,-0.3461512));
#2203=CARTESIAN_POINT('',(-0.1625473,-0.1651,-0.3461512));
#2204=CARTESIAN_POINT('',(-0.1651,-0.1651,-0.3429762));
#2205=CARTESIAN_POINT('',(-0.1625473,-0.1651,-0.3429762));
#2206=CARTESIAN_POINT('',(-0.1397,-0.1651,-0.3461512));
#2207=CARTESIAN_POINT('',(-0.1397,-0.1651,-0.3461512));
#2208=CARTESIAN_POINT('',(-0.1371473,-0.1651,-0.3461512));
#2209=CARTESIAN_POINT('',(-0.1397,-0.1651,-0.3429762));
#2210=CARTESIAN_POINT('',(-0.1371473,-0.1651,-0.3429762));
#2211=CARTESIAN_POINT('',(-0.1143,-0.1651,-0.3461512));
#2212=CARTESIAN_POINT('',(-0.1143,-0.1651,-0.3461512));
#2213=CARTESIAN_POINT('',(-0.1117473,-0.1651,-0.3461512));
#2214=CARTESIAN_POINT('',(-0.1143,-0.1651,-0.3429762));
#2215=CARTESIAN_POINT('',(-0.1117473,-0.1651,-0.3429762));
#2216=CARTESIAN_POINT('',(-0.0889,-0.1651,-0.3461512));
#2217=CARTESIAN_POINT('',(-0.0889,-0.1651,-0.3461512));
#2218=CARTESIAN_POINT('',(-0.0863473,-0.1651,-0.3461512));
#2219=CARTESIAN_POINT('',(-0.0889,-0.1651,-0.3429762));
#2220=CARTESIAN_POINT('',(-0.0863473,-0.1651,-0.3429762));
#2221=CARTESIAN_POINT('',(-0.0635,-0.1651,-0.3461512));
#2222=CARTESIAN_POINT('',(-0.0635,-0.1651,-0.3461512));
#2223=CARTESIAN_POINT('',(-0.0609473,-0.1651,-0.3461512));
#2224=CARTESIAN_POINT('',(-0.0635,-0.1651,-0.3429762));
#2225=CARTESIAN_POINT('',(-0.0609473,-0.1651,-0.3429762));
#2226=CARTESIAN_POINT('',(-0.0381,-0.1651,-0.3461512));
#2227=CARTESIAN_POINT('',(-0.0381,-0.1651,-0.3461512));
#2228=CARTESIAN_POINT('',(-0.0355473,-0.1651,-0.3461512));
#2229=CARTESIAN_POINT('',(-0.0381,-0.1651,-0.3429762));
#2230=CARTESIAN_POINT('',(-0.0355473,-0.1651,-0.3429762));
#2231=CARTESIAN_POINT('',(-0.0127,-0.1651,-0.3461512));
#2232=CARTESIAN_POINT('',(-0.0127,-0.1651,-0.3461512));
#2233=CARTESIAN_POINT('',(-0.0101473,-0.1651,-0.3461512));
#2234=CARTESIAN_POINT('',(-0.0127,-0.1651,-0.3429762));
#2235=CARTESIAN_POINT('',(-0.0101473,-0.1651,-0.3429762));
#2236=CARTESIAN_POINT('',(0.0635,0.1651,-0.3461512));
#2237=CARTESIAN_POINT('',(0.0635,0.1651,-0.3461512));
#2238=CARTESIAN_POINT('',(0.0660527,0.1651,-0.3461512));
#2239=CARTESIAN_POINT('',(0.0635,0.1651,-0.3429762));
#2240=CARTESIAN_POINT('',(0.0660527,0.1651,-0.3429762));
#2241=CARTESIAN_POINT('',(0.0889,0.1651,-0.3461512));
#2242=CARTESIAN_POINT('',(0.0889,0.1651,-0.3461512));
#2243=CARTESIAN_POINT('',(0.0914527,0.1651,-0.3461512));
#2244=CARTESIAN_POINT('',(0.0889,0.1651,-0.3429762));
#2245=CARTESIAN_POINT('',(0.0914527,0.1651,-0.3429762));
#2246=CARTESIAN_POINT('',(0.1143,0.1651,-0.3461512));
#2247=CARTESIAN_POINT('',(0.1143,0.1651,-0.3461512));
#2248=CARTESIAN_POINT('',(0.1168527,0.1651,-0.3461512));
#2249=CARTESIAN_POINT('',(0.1143,0.1651,-0.3429762));
#2250=CARTESIAN_POINT('',(0.1168527,0.1651,-0.3429762));
#2251=CARTESIAN_POINT('',(0.1397,0.1651,-0.3461512));
#2252=CARTESIAN_POINT('',(0.1397,0.1651,-0.3461512));
#2253=CARTESIAN_POINT('',(0.1422527,0.1651,-0.3461512));
#2254=CARTESIAN_POINT('',(0.1397,0.1651,-0.3429762));
#2255=CARTESIAN_POINT('',(0.1422527,0.1651,-0.3429762));
#2256=CARTESIAN_POINT('',(0.1937512,0.1905,-0.3461512));
#2257=CARTESIAN_POINT('',(0.1937512,0.1905,-0.3461512));
#2258=CARTESIAN_POINT('',(0.1963039,0.1905,-0.3461512));
#2259=CARTESIAN_POINT('',(0.1937512,0.1905,-0.3429762));
#2260=CARTESIAN_POINT('',(0.1963039,0.1905,-0.3429762));
#2261=CARTESIAN_POINT('',(0.1937512,0.1651,-0.3461512));
#2262=CARTESIAN_POINT('',(0.1937512,0.1651,-0.3461512));
#2263=CARTESIAN_POINT('',(0.1963039,0.1651,-0.3461512));
#2264=CARTESIAN_POINT('',(0.1937512,0.1651,-0.3429762));
#2265=CARTESIAN_POINT('',(0.1963039,0.1651,-0.3429762));
#2266=CARTESIAN_POINT('',(0.1937512,0.1397,-0.3461512));
#2267=CARTESIAN_POINT('',(0.1937512,0.1397,-0.3461512));
#2268=CARTESIAN_POINT('',(0.1963039,0.1397,-0.3461512));
#2269=CARTESIAN_POINT('',(0.1937512,0.1397,-0.3429762));
#2270=CARTESIAN_POINT('',(0.1963039,0.1397,-0.3429762));
#2271=CARTESIAN_POINT('',(0.1651,0.1651,-0.3461512));
#2272=CARTESIAN_POINT('',(0.1651,0.1651,-0.3461512));
#2273=CARTESIAN_POINT('',(0.1676527,0.1651,-0.3461512));
#2274=CARTESIAN_POINT('',(0.1651,0.1651,-0.3429762));
#2275=CARTESIAN_POINT('',(0.1676527,0.1651,-0.3429762));
#2276=CARTESIAN_POINT('',(-0.1937512,0.1651,-0.3461512));
#2277=CARTESIAN_POINT('',(-0.1937512,0.1651,-0.3461512));
#2278=CARTESIAN_POINT('',(-0.1911985,0.1651,-0.3461512));
#2279=CARTESIAN_POINT('',(-0.1937512,0.1651,-0.3429762));
#2280=CARTESIAN_POINT('',(-0.1911985,0.1651,-0.3429762));
#2281=CARTESIAN_POINT('',(-0.1937512,0.1905,-0.3461512));
#2282=CARTESIAN_POINT('',(-0.1937512,0.1905,-0.3461512));
#2283=CARTESIAN_POINT('',(-0.1911985,0.1905,-0.3461512));
#2284=CARTESIAN_POINT('',(-0.1937512,0.1905,-0.3429762));
#2285=CARTESIAN_POINT('',(-0.1911985,0.1905,-0.3429762));
#2286=CARTESIAN_POINT('',(-0.1937512,0.1397,-0.3461512));
#2287=CARTESIAN_POINT('',(-0.1937512,0.1397,-0.3461512));
#2288=CARTESIAN_POINT('',(-0.1911985,0.1397,-0.3461512));
#2289=CARTESIAN_POINT('',(-0.1937512,0.1397,-0.3429762));
#2290=CARTESIAN_POINT('',(-0.1911985,0.1397,-0.3429762));
#2291=CARTESIAN_POINT('',(0.1937512,0.0381,-0.3461512));
#2292=CARTESIAN_POINT('',(0.1937512,0.0381,-0.3461512));
#2293=CARTESIAN_POINT('',(0.1963039,0.0381,-0.3461512));
#2294=CARTESIAN_POINT('',(0.1937512,0.0381,-0.3429762));
#2295=CARTESIAN_POINT('',(0.1963039,0.0381,-0.3429762));
#2296=CARTESIAN_POINT('',(0.1937512,0.0635,-0.3461512));
#2297=CARTESIAN_POINT('',(0.1937512,0.0635,-0.3461512));
#2298=CARTESIAN_POINT('',(0.1963039,0.0635,-0.3461512));
#2299=CARTESIAN_POINT('',(0.1937512,0.0635,-0.3429762));
#2300=CARTESIAN_POINT('',(0.1963039,0.0635,-0.3429762));
#2301=CARTESIAN_POINT('',(0.1937512,0.0889,-0.3461512));
#2302=CARTESIAN_POINT('',(0.1937512,0.0889,-0.3461512));
#2303=CARTESIAN_POINT('',(0.1963039,0.0889,-0.3461512));
#2304=CARTESIAN_POINT('',(0.1937512,0.0889,-0.3429762));
#2305=CARTESIAN_POINT('',(0.1963039,0.0889,-0.3429762));
#2306=CARTESIAN_POINT('',(0.1937512,0.1143,-0.3461512));
#2307=CARTESIAN_POINT('',(0.1937512,0.1143,-0.3461512));
#2308=CARTESIAN_POINT('',(0.1963039,0.1143,-0.3461512));
#2309=CARTESIAN_POINT('',(0.1937512,0.1143,-0.3429762));
#2310=CARTESIAN_POINT('',(0.1963039,0.1143,-0.3429762));
#2311=CARTESIAN_POINT('',(-0.1937512,-0.1905,-0.3461512));
#2312=CARTESIAN_POINT('',(-0.1937512,-0.1905,-0.3461512));
#2313=CARTESIAN_POINT('',(-0.1911985,-0.1905,-0.3461512));
#2314=CARTESIAN_POINT('',(-0.1937512,-0.1905,-0.3429762));
#2315=CARTESIAN_POINT('',(-0.1911985,-0.1905,-0.3429762));
#2316=CARTESIAN_POINT('',(-0.1937512,-0.1651,-0.3461512));
#2317=CARTESIAN_POINT('',(-0.1937512,-0.1651,-0.3461512));
#2318=CARTESIAN_POINT('',(-0.1911985,-0.1651,-0.3461512));
#2319=CARTESIAN_POINT('',(-0.1937512,-0.1651,-0.3429762));
#2320=CARTESIAN_POINT('',(-0.1911985,-0.1651,-0.3429762));
#2321=CARTESIAN_POINT('',(-0.1937512,-0.1397,-0.3461512));
#2322=CARTESIAN_POINT('',(-0.1937512,-0.1397,-0.3461512));
#2323=CARTESIAN_POINT('',(-0.1911985,-0.1397,-0.3461512));
#2324=CARTESIAN_POINT('',(-0.1937512,-0.1397,-0.3429762));
#2325=CARTESIAN_POINT('',(-0.1911985,-0.1397,-0.3429762));
#2326=CARTESIAN_POINT('',(-0.1937512,-0.1143,-0.3461512));
#2327=CARTESIAN_POINT('',(-0.1937512,-0.1143,-0.3461512));
#2328=CARTESIAN_POINT('',(-0.1911985,-0.1143,-0.3461512));
#2329=CARTESIAN_POINT('',(-0.1937512,-0.1143,-0.3429762));
#2330=CARTESIAN_POINT('',(-0.1911985,-0.1143,-0.3429762));
#2331=CARTESIAN_POINT('',(-0.1937512,-0.0889,-0.3461512));
#2332=CARTESIAN_POINT('',(-0.1937512,-0.0889,-0.3461512));
#2333=CARTESIAN_POINT('',(-0.1911985,-0.0889,-0.3461512));
#2334=CARTESIAN_POINT('',(-0.1937512,-0.0889,-0.3429762));
#2335=CARTESIAN_POINT('',(-0.1911985,-0.0889,-0.3429762));
#2336=CARTESIAN_POINT('',(-0.1937512,-0.0635,-0.3461512));
#2337=CARTESIAN_POINT('',(-0.1937512,-0.0635,-0.3461512));
#2338=CARTESIAN_POINT('',(-0.1911985,-0.0635,-0.3461512));
#2339=CARTESIAN_POINT('',(-0.1937512,-0.0635,-0.3429762));
#2340=CARTESIAN_POINT('',(-0.1911985,-0.0635,-0.3429762));
#2341=CARTESIAN_POINT('',(-0.1937512,-0.0381,-0.3461512));
#2342=CARTESIAN_POINT('',(-0.1937512,-0.0381,-0.3461512));
#2343=CARTESIAN_POINT('',(-0.1911985,-0.0381,-0.3461512));
#2344=CARTESIAN_POINT('',(-0.1937512,-0.0381,-0.3429762));
#2345=CARTESIAN_POINT('',(-0.1911985,-0.0381,-0.3429762));
#2346=CARTESIAN_POINT('',(-0.1937512,-0.0127,-0.3461512));
#2347=CARTESIAN_POINT('',(-0.1937512,-0.0127,-0.3461512));
#2348=CARTESIAN_POINT('',(-0.1911985,-0.0127,-0.3461512));
#2349=CARTESIAN_POINT('',(-0.1937512,-0.0127,-0.3429762));
#2350=CARTESIAN_POINT('',(-0.1911985,-0.0127,-0.3429762));
#2351=CARTESIAN_POINT('',(-0.1937512,0.0127,-0.3461512));
#2352=CARTESIAN_POINT('',(-0.1937512,0.0127,-0.3461512));
#2353=CARTESIAN_POINT('',(-0.1911985,0.0127,-0.3461512));
#2354=CARTESIAN_POINT('',(-0.1937512,0.0127,-0.3429762));
#2355=CARTESIAN_POINT('',(-0.1911985,0.0127,-0.3429762));
#2356=CARTESIAN_POINT('',(-0.1937512,0.0381,-0.3461512));
#2357=CARTESIAN_POINT('',(-0.1937512,0.0381,-0.3461512));
#2358=CARTESIAN_POINT('',(-0.1911985,0.0381,-0.3461512));
#2359=CARTESIAN_POINT('',(-0.1937512,0.0381,-0.3429762));
#2360=CARTESIAN_POINT('',(-0.1911985,0.0381,-0.3429762));
#2361=CARTESIAN_POINT('',(-0.1937512,0.0635,-0.3461512));
#2362=CARTESIAN_POINT('',(-0.1937512,0.0635,-0.3461512));
#2363=CARTESIAN_POINT('',(-0.1911985,0.0635,-0.3461512));
#2364=CARTESIAN_POINT('',(-0.1937512,0.0635,-0.3429762));
#2365=CARTESIAN_POINT('',(-0.1911985,0.0635,-0.3429762));
#2366=CARTESIAN_POINT('',(-0.1937512,0.0889,-0.3461512));
#2367=CARTESIAN_POINT('',(-0.1937512,0.0889,-0.3461512));
#2368=CARTESIAN_POINT('',(-0.1911985,0.0889,-0.3461512));
#2369=CARTESIAN_POINT('',(-0.1937512,0.0889,-0.3429762));
#2370=CARTESIAN_POINT('',(-0.1911985,0.0889,-0.3429762));
#2371=CARTESIAN_POINT('',(0.0127,-0.1651,-0.3461512));
#2372=CARTESIAN_POINT('',(0.0127,-0.1651,-0.3461512));
#2373=CARTESIAN_POINT('',(0.0152527,-0.1651,-0.3461512));
#2374=CARTESIAN_POINT('',(0.0127,-0.1651,-0.3429762));
#2375=CARTESIAN_POINT('',(0.0152527,-0.1651,-0.3429762));
#2376=CARTESIAN_POINT('',(0.0381,-0.1651,-0.3461512));
#2377=CARTESIAN_POINT('',(0.0381,-0.1651,-0.3461512));
#2378=CARTESIAN_POINT('',(0.0406527,-0.1651,-0.3461512));
#2379=CARTESIAN_POINT('',(0.0381,-0.1651,-0.3429762));
#2380=CARTESIAN_POINT('',(0.0406527,-0.1651,-0.3429762));
#2381=CARTESIAN_POINT('',(0.0635,-0.1651,-0.3461512));
#2382=CARTESIAN_POINT('',(0.0635,-0.1651,-0.3461512));
#2383=CARTESIAN_POINT('',(0.0660527,-0.1651,-0.3461512));
#2384=CARTESIAN_POINT('',(0.0635,-0.1651,-0.3429762));
#2385=CARTESIAN_POINT('',(0.0660527,-0.1651,-0.3429762));
#2386=CARTESIAN_POINT('',(0.0889,-0.1651,-0.3461512));
#2387=CARTESIAN_POINT('',(0.0889,-0.1651,-0.3461512));
#2388=CARTESIAN_POINT('',(0.0914527,-0.1651,-0.3461512));
#2389=CARTESIAN_POINT('',(0.0889,-0.1651,-0.3429762));
#2390=CARTESIAN_POINT('',(0.0914527,-0.1651,-0.3429762));
#2391=CARTESIAN_POINT('',(0.1143,-0.1651,-0.3461512));
#2392=CARTESIAN_POINT('',(0.1143,-0.1651,-0.3461512));
#2393=CARTESIAN_POINT('',(0.1168527,-0.1651,-0.3461512));
#2394=CARTESIAN_POINT('',(0.1143,-0.1651,-0.3429762));
#2395=CARTESIAN_POINT('',(0.1168527,-0.1651,-0.3429762));
#2396=CARTESIAN_POINT('',(0.1397,-0.1651,-0.3461512));
#2397=CARTESIAN_POINT('',(0.1397,-0.1651,-0.3461512));
#2398=CARTESIAN_POINT('',(0.1422527,-0.1651,-0.3461512));
#2399=CARTESIAN_POINT('',(0.1397,-0.1651,-0.3429762));
#2400=CARTESIAN_POINT('',(0.1422527,-0.1651,-0.3429762));
#2401=CARTESIAN_POINT('',(0.1651,-0.1651,-0.3461512));
#2402=CARTESIAN_POINT('',(0.1651,-0.1651,-0.3461512));
#2403=CARTESIAN_POINT('',(0.1676527,-0.1651,-0.3461512));
#2404=CARTESIAN_POINT('',(0.1651,-0.1651,-0.3429762));
#2405=CARTESIAN_POINT('',(0.1676527,-0.1651,-0.3429762));
#2406=CARTESIAN_POINT('',(0.1937512,-0.1905,-0.3461512));
#2407=CARTESIAN_POINT('',(0.1937512,-0.1905,-0.3461512));
#2408=CARTESIAN_POINT('',(0.1963039,-0.1905,-0.3461512));
#2409=CARTESIAN_POINT('',(0.1937512,-0.1905,-0.3429762));
#2410=CARTESIAN_POINT('',(0.1963039,-0.1905,-0.3429762));
#2411=CARTESIAN_POINT('',(0.1937512,-0.1651,-0.3461512));
#2412=CARTESIAN_POINT('',(0.1937512,-0.1651,-0.3461512));
#2413=CARTESIAN_POINT('',(0.1963039,-0.1651,-0.3461512));
#2414=CARTESIAN_POINT('',(0.1937512,-0.1651,-0.3429762));
#2415=CARTESIAN_POINT('',(0.1963039,-0.1651,-0.3429762));
#2416=CARTESIAN_POINT('',(0.1937512,-0.1397,-0.3461512));
#2417=CARTESIAN_POINT('',(0.1937512,-0.1397,-0.3461512));
#2418=CARTESIAN_POINT('',(0.1963039,-0.1397,-0.3461512));
#2419=CARTESIAN_POINT('',(0.1937512,-0.1397,-0.3429762));
#2420=CARTESIAN_POINT('',(0.1963039,-0.1397,-0.3429762));
#2421=CARTESIAN_POINT('',(0.1937512,-0.1143,-0.3461512));
#2422=CARTESIAN_POINT('',(0.1937512,-0.1143,-0.3461512));
#2423=CARTESIAN_POINT('',(0.1963039,-0.1143,-0.3461512));
#2424=CARTESIAN_POINT('',(0.1937512,-0.1143,-0.3429762));
#2425=CARTESIAN_POINT('',(0.1963039,-0.1143,-0.3429762));
#2426=CARTESIAN_POINT('',(0.1937512,-0.0889,-0.3461512));
#2427=CARTESIAN_POINT('',(0.1937512,-0.0889,-0.3461512));
#2428=CARTESIAN_POINT('',(0.1963039,-0.0889,-0.3461512));
#2429=CARTESIAN_POINT('',(0.1937512,-0.0889,-0.3429762));
#2430=CARTESIAN_POINT('',(0.1963039,-0.0889,-0.3429762));
#2431=CARTESIAN_POINT('',(0.1937512,-0.0635,-0.3461512));
#2432=CARTESIAN_POINT('',(0.1937512,-0.0635,-0.3461512));
#2433=CARTESIAN_POINT('',(0.1963039,-0.0635,-0.3461512));
#2434=CARTESIAN_POINT('',(0.1937512,-0.0635,-0.3429762));
#2435=CARTESIAN_POINT('',(0.1963039,-0.0635,-0.3429762));
#2436=CARTESIAN_POINT('',(0.1937512,-0.0381,-0.3461512));
#2437=CARTESIAN_POINT('',(0.1937512,-0.0381,-0.3461512));
#2438=CARTESIAN_POINT('',(0.1963039,-0.0381,-0.3461512));
#2439=CARTESIAN_POINT('',(0.1937512,-0.0381,-0.3429762));
#2440=CARTESIAN_POINT('',(0.1963039,-0.0381,-0.3429762));
#2441=CARTESIAN_POINT('',(0.1937512,-0.0127,-0.3461512));
#2442=CARTESIAN_POINT('',(0.1937512,-0.0127,-0.3461512));
#2443=CARTESIAN_POINT('',(0.1963039,-0.0127,-0.3461512));
#2444=CARTESIAN_POINT('',(0.1937512,-0.0127,-0.3429762));
#2445=CARTESIAN_POINT('',(0.1963039,-0.0127,-0.3429762));
#2446=CARTESIAN_POINT('',(0.1937512,0.0127,-0.3461512));
#2447=CARTESIAN_POINT('',(0.1937512,0.0127,-0.3461512));
#2448=CARTESIAN_POINT('',(0.1963039,0.0127,-0.3461512));
#2449=CARTESIAN_POINT('',(0.1937512,0.0127,-0.3429762));
#2450=CARTESIAN_POINT('',(0.1963039,0.0127,-0.3429762));
#2451=CARTESIAN_POINT('',(0.0530330085889911,0.0530330085889911,0.1175512));
#2452=CARTESIAN_POINT('',(0.0530330085889911,0.0530330085889911,-0.3461512));
#2453=CARTESIAN_POINT('',(0.0555222085889911,0.0530330085889911,-0.3461512));
#2454=CARTESIAN_POINT('',(0.0530330085889911,0.0530330085889911,-0.3429762));
#2455=CARTESIAN_POINT('',(0.0555222085889911,0.0530330085889911,-0.3429762));
#2456=CARTESIAN_POINT('',(0.,0.,0.1175512));
#2457=CARTESIAN_POINT('',(0.,0.,-0.3461512));
#2458=CARTESIAN_POINT('',(0.0024892,0.,-0.3461512));
#2459=CARTESIAN_POINT('',(0.,0.,-0.3429762));
#2460=CARTESIAN_POINT('',(0.0024892,0.,-0.3429762));
#2461=CARTESIAN_POINT('',(0.075,-6.93889390390723E-18,0.1175512));
#2462=CARTESIAN_POINT('',(0.075,-6.93889390390723E-18,-0.3461512));
#2463=CARTESIAN_POINT('',(0.0774892,-6.93889390390723E-18,-0.3461512));
#2464=CARTESIAN_POINT('',(0.075,-6.93889390390723E-18,-0.3429762));
#2465=CARTESIAN_POINT('',(0.0774892,-6.93889390390723E-18,-0.3429762));
#2466=CARTESIAN_POINT('',(0.0530330085889911,-0.0530330085889911,0.1175512));
#2467=CARTESIAN_POINT('',(0.0530330085889911,-0.0530330085889911,-0.3461512));
#2468=CARTESIAN_POINT('',(0.0555222085889911,-0.0530330085889911,-0.3461512));
#2469=CARTESIAN_POINT('',(0.0530330085889911,-0.0530330085889911,-0.3429762));
#2470=CARTESIAN_POINT('',(0.0555222085889911,-0.0530330085889911,-0.3429762));
#2471=CARTESIAN_POINT('',(-6.93889390390723E-18,-0.075,0.1175512));
#2472=CARTESIAN_POINT('',(-6.93889390390723E-18,-0.075,-0.3461512));
#2473=CARTESIAN_POINT('',(0.00248919999999999,-0.075,-0.3461512));
#2474=CARTESIAN_POINT('',(-6.93889390390723E-18,-0.075,-0.3429762));
#2475=CARTESIAN_POINT('',(0.00248919999999999,-0.075,-0.3429762));
#2476=CARTESIAN_POINT('',(-0.0530330085889911,-0.0530330085889911,0.1175512));
#2477=CARTESIAN_POINT('',(-0.0530330085889911,-0.0530330085889911,-0.3461512));
#2478=CARTESIAN_POINT('',(-0.0505438085889911,-0.0530330085889911,-0.3461512));
#2479=CARTESIAN_POINT('',(-0.0530330085889911,-0.0530330085889911,-0.3429762));
#2480=CARTESIAN_POINT('',(-0.0505438085889911,-0.0530330085889911,-0.3429762));
#2481=CARTESIAN_POINT('',(-0.075,0.,0.1175512));
#2482=CARTESIAN_POINT('',(-0.075,0.,-0.3461512));
#2483=CARTESIAN_POINT('',(-0.0725108,0.,-0.3461512));
#2484=CARTESIAN_POINT('',(-0.075,0.,-0.3429762));
#2485=CARTESIAN_POINT('',(-0.0725108,0.,-0.3429762));
#2486=CARTESIAN_POINT('',(-0.0530330085889911,0.0530330085889911,0.1175512));
#2487=CARTESIAN_POINT('',(-0.0530330085889911,0.0530330085889911,-0.3461512));
#2488=CARTESIAN_POINT('',(-0.0505438085889911,0.0530330085889911,-0.3461512));
#2489=CARTESIAN_POINT('',(-0.0530330085889911,0.0530330085889911,-0.3429762));
#2490=CARTESIAN_POINT('',(-0.0505438085889911,0.0530330085889911,-0.3429762));
#2491=CARTESIAN_POINT('',(0.,0.075,0.1175512));
#2492=CARTESIAN_POINT('',(0.,0.075,-0.3461512));
#2493=CARTESIAN_POINT('',(0.0024892,0.075,-0.3461512));
#2494=CARTESIAN_POINT('',(0.,0.075,-0.3429762));
#2495=CARTESIAN_POINT('',(0.0024892,0.075,-0.3429762));
#2496=CARTESIAN_POINT('',(-0.2064512,-0.2032,-0.3445256));
#2497=CARTESIAN_POINT('',(-0.2064512,-0.2032,-0.3445256));
#2498=CARTESIAN_POINT('',(-0.2064512,-0.2032,-0.3429762));
#2499=CARTESIAN_POINT('',(-0.2064512,-0.2032,-0.3461512));
#2500=CARTESIAN_POINT('',(-0.2064512,-0.2032,-0.3429762));
#2501=CARTESIAN_POINT('',(-0.2064512,0.2032,-0.3429762));
#2502=CARTESIAN_POINT('',(-0.2064512,0.2032,-0.3445256));
#2503=CARTESIAN_POINT('',(-0.2064512,0.2032,-0.3461512));
#2504=CARTESIAN_POINT('',(-0.2064512,-0.2032,-0.3461512));
#2505=CARTESIAN_POINT('',(-2.77555756156289E-17,-0.2032,-0.3461512));
#2506=CARTESIAN_POINT('',(-2.77555756156289E-17,0.2032,-0.3461512));
#2507=CARTESIAN_POINT('',(0.2064512,0.2032,-0.3461512));
#2508=CARTESIAN_POINT('',(0.2064512,-0.2032,-0.3461512));
#2509=CARTESIAN_POINT('',(0.2064512,-0.2032,-0.3461512));
#2510=CARTESIAN_POINT('',(-2.77555756156289E-17,-0.2032,-0.3461512));
#2511=CARTESIAN_POINT('',(0.2064512,-0.2032,-0.3445256));
#2512=CARTESIAN_POINT('',(0.2064512,-0.2032,-0.3429762));
#2513=CARTESIAN_POINT('',(0.2064512,-0.2032,-0.3429762));
#2514=CARTESIAN_POINT('',(0.2064512,0.2032,-0.3429762));
#2515=CARTESIAN_POINT('',(0.2064512,-0.2032,-0.3445256));
#2516=CARTESIAN_POINT('',(0.2064512,0.2032,-0.3445256));
#2517=CARTESIAN_POINT('',(0.07455,-0.2032,0.01978768566514));
#2518=CARTESIAN_POINT('',(0.1794256,-0.2032,-0.3429762));
#2519=CARTESIAN_POINT('',(0.07455,0.2032,0.01978768566514));
#2520=CARTESIAN_POINT('',(0.1794256,0.2032,-0.3429762));
#2521=CARTESIAN_POINT('',(0.1794256,-0.2032,-0.3429762));
#2522=MECHANICAL_DESIGN_GEOMETRIC_PRESENTATION_REPRESENTATION('',(#1485),
#2523);
#2523=(
GEOMETRIC_REPRESENTATION_CONTEXT(3)
GLOBAL_UNCERTAINTY_ASSIGNED_CONTEXT((#2524))
GLOBAL_UNIT_ASSIGNED_CONTEXT((#2527,#2526,#2525))
REPRESENTATION_CONTEXT('Az Bottom','TOP_LEVEL_ASSEMBLY_PART')
);
#2524=UNCERTAINTY_MEASURE_WITH_UNIT(LENGTH_MEASURE(1.E-8),#2527,
'DISTANCE_ACCURACY_VALUE','Maximum Tolerance applied to model');
#2525=(
NAMED_UNIT(*)
SI_UNIT($,.STERADIAN.)
SOLID_ANGLE_UNIT()
);
#2526=(
NAMED_UNIT(*)
PLANE_ANGLE_UNIT()
SI_UNIT($,.RADIAN.)
);
#2527=(
LENGTH_UNIT()
NAMED_UNIT(*)
SI_UNIT($,.METRE.)
);
#2528=PRODUCT_DEFINITION_SHAPE('','',#2529);
#2529=PRODUCT_DEFINITION('','',#2531,#2530);
#2530=PRODUCT_DEFINITION_CONTEXT('',#2537,'design');
#2531=PRODUCT_DEFINITION_FORMATION_WITH_SPECIFIED_SOURCE('','',#2533,
 .NOT_KNOWN.);
#2532=PRODUCT_RELATED_PRODUCT_CATEGORY('','',(#2533));
#2533=PRODUCT('Az Bottom','Az Bottom','Az Bottom',(#2535));
#2534=PRODUCT_CATEGORY('','');
#2535=PRODUCT_CONTEXT('',#2537,'mechanical');
#2536=APPLICATION_PROTOCOL_DEFINITION('international standard',
'ap242_managed_model_based_3d_engineering',2011,#2537);
#2537=APPLICATION_CONTEXT('managed model based 3d engineering');
ENDSEC;
END-ISO-10303-21;
