ISO-10303-21;
HEADER;
/* Generated by software containing ST-Developer
 * from STEP Tools, Inc. (www.steptools.com) 
 */
/* OPTION: using custom renumber hook */

FILE_DESCRIPTION(
/* description */ ('STEP AP242',
'CAx-IF Rec.Pracs.---Representation and Presentation of Product Manufa
cturing Information (PMI)---4.0---2014-10-13',
'CAx-IF Rec.Pracs.---3D Tessellated Geometry---0.4---2014-09-14','2;1'),

/* implementation_level */ '2;1');

FILE_NAME(
/* name */ '68fb21c234e6012dc82c965d',
/* time_stamp */ '2025-10-24T06:50:43Z',
/* author */ (''),
/* organization */ (''),
/* preprocessor_version */ 'ST-DEVELOPER v20',
/* originating_system */ 'ONSHAPE BY PTC INC, 1.205',
/* authorisation */ '  ');

FILE_SCHEMA (('AP242_MANAGED_MODEL_BASED_3D_ENGINEERING_MIM_LF { 1 0 10303 442 1 1 4 }'));
ENDSEC;

DATA;
#10=SHAPE_REPRESENTATION_RELATIONSHIP('','',#2075,#11);
#11=ADVANCED_BREP_SHAPE_REPRESENTATION('',(#2073),#3509);
#12=CYLINDRICAL_SURFACE('',#2180,0.071054);
#13=CYLINDRICAL_SURFACE('',#2182,0.0025527);
#14=CYLINDRICAL_SURFACE('',#2184,0.0025527);
#15=CYLINDRICAL_SURFACE('',#2186,0.0025527);
#16=CYLINDRICAL_SURFACE('',#2188,0.0025527);
#17=CYLINDRICAL_SURFACE('',#2190,0.0025527);
#18=CYLINDRICAL_SURFACE('',#2192,0.0025527);
#19=CYLINDRICAL_SURFACE('',#2194,0.0025527);
#20=CYLINDRICAL_SURFACE('',#2196,0.0025527);
#21=CYLINDRICAL_SURFACE('',#2198,0.0025527);
#22=CYLINDRICAL_SURFACE('',#2200,0.0025527);
#23=CYLINDRICAL_SURFACE('',#2202,0.0025527);
#24=CYLINDRICAL_SURFACE('',#2204,0.0025527);
#25=CYLINDRICAL_SURFACE('',#2206,0.0025527);
#26=CYLINDRICAL_SURFACE('',#2208,0.0025527);
#27=CYLINDRICAL_SURFACE('',#2210,0.0025527);
#28=CYLINDRICAL_SURFACE('',#2212,0.0025527);
#29=CYLINDRICAL_SURFACE('',#2214,0.0025527);
#30=CYLINDRICAL_SURFACE('',#2216,0.0025527);
#31=CYLINDRICAL_SURFACE('',#2218,0.0025527);
#32=CYLINDRICAL_SURFACE('',#2220,0.0025527);
#33=CYLINDRICAL_SURFACE('',#2222,0.0025527);
#34=CYLINDRICAL_SURFACE('',#2224,0.0025527);
#35=CYLINDRICAL_SURFACE('',#2226,0.0025527);
#36=CYLINDRICAL_SURFACE('',#2228,0.0025527);
#37=CYLINDRICAL_SURFACE('',#2230,0.0025527);
#38=CYLINDRICAL_SURFACE('',#2232,0.0025527);
#39=CYLINDRICAL_SURFACE('',#2234,0.0025527);
#40=CYLINDRICAL_SURFACE('',#2236,0.0025527);
#41=CYLINDRICAL_SURFACE('',#2238,0.0025527);
#42=CYLINDRICAL_SURFACE('',#2240,0.0025527);
#43=CYLINDRICAL_SURFACE('',#2242,0.0025527);
#44=CYLINDRICAL_SURFACE('',#2244,0.0025527);
#45=CYLINDRICAL_SURFACE('',#2246,0.0025527);
#46=CYLINDRICAL_SURFACE('',#2248,0.0025527);
#47=CYLINDRICAL_SURFACE('',#2250,0.0025527);
#48=CYLINDRICAL_SURFACE('',#2252,0.0025527);
#49=CYLINDRICAL_SURFACE('',#2254,0.0025527);
#50=CYLINDRICAL_SURFACE('',#2256,0.0025527);
#51=CYLINDRICAL_SURFACE('',#2258,0.0025527);
#52=CYLINDRICAL_SURFACE('',#2260,0.0025527);
#53=CYLINDRICAL_SURFACE('',#2262,0.0025527);
#54=CYLINDRICAL_SURFACE('',#2264,0.0025527);
#55=CYLINDRICAL_SURFACE('',#2266,0.0025527);
#56=CYLINDRICAL_SURFACE('',#2268,0.0025527);
#57=CYLINDRICAL_SURFACE('',#2270,0.0025527);
#58=CYLINDRICAL_SURFACE('',#2272,0.0025527);
#59=CYLINDRICAL_SURFACE('',#2274,0.0025527);
#60=CYLINDRICAL_SURFACE('',#2276,0.0025527);
#61=CYLINDRICAL_SURFACE('',#2278,0.0025527);
#62=CYLINDRICAL_SURFACE('',#2280,0.0025527);
#63=CYLINDRICAL_SURFACE('',#2282,0.0025527);
#64=CYLINDRICAL_SURFACE('',#2284,0.0025527);
#65=CYLINDRICAL_SURFACE('',#2286,0.0025527);
#66=CYLINDRICAL_SURFACE('',#2288,0.0025527);
#67=CYLINDRICAL_SURFACE('',#2290,0.0025527);
#68=CYLINDRICAL_SURFACE('',#2292,0.0025527);
#69=CYLINDRICAL_SURFACE('',#2294,0.0025527);
#70=CYLINDRICAL_SURFACE('',#2296,0.0025527);
#71=CYLINDRICAL_SURFACE('',#2298,0.0025527);
#72=CYLINDRICAL_SURFACE('',#2300,0.0025527);
#73=CYLINDRICAL_SURFACE('',#2302,0.0025527);
#74=CYLINDRICAL_SURFACE('',#2304,0.0025527);
#75=CYLINDRICAL_SURFACE('',#2306,0.0025527);
#76=CYLINDRICAL_SURFACE('',#2308,0.0025527);
#77=CYLINDRICAL_SURFACE('',#2310,0.0025527);
#78=CYLINDRICAL_SURFACE('',#2312,0.0025527);
#79=CYLINDRICAL_SURFACE('',#2314,0.0025527);
#80=CYLINDRICAL_SURFACE('',#2316,0.0025527);
#81=CYLINDRICAL_SURFACE('',#2318,0.0025527);
#82=CYLINDRICAL_SURFACE('',#2320,0.0025527);
#83=CYLINDRICAL_SURFACE('',#2322,0.0025527);
#84=CYLINDRICAL_SURFACE('',#2351,0.0024892);
#85=CYLINDRICAL_SURFACE('',#2352,0.0024892);
#86=CYLINDRICAL_SURFACE('',#2353,0.0024892);
#87=CYLINDRICAL_SURFACE('',#2354,0.0024892);
#88=CYLINDRICAL_SURFACE('',#2355,0.0024892);
#89=CYLINDRICAL_SURFACE('',#2356,0.0024892);
#90=CYLINDRICAL_SURFACE('',#2357,0.0024892);
#91=CYLINDRICAL_SURFACE('',#2358,0.0024892);
#92=CYLINDRICAL_SURFACE('',#2359,0.0025527);
#93=CYLINDRICAL_SURFACE('',#2360,0.0025527);
#94=CYLINDRICAL_SURFACE('',#2361,0.0025527);
#95=CYLINDRICAL_SURFACE('',#2362,0.0025527);
#96=CYLINDRICAL_SURFACE('',#2363,0.0025527);
#97=CYLINDRICAL_SURFACE('',#2364,0.0025527);
#98=CYLINDRICAL_SURFACE('',#2365,0.0025527);
#99=CYLINDRICAL_SURFACE('',#2366,0.0025527);
#100=CYLINDRICAL_SURFACE('',#2367,0.0025527);
#101=CYLINDRICAL_SURFACE('',#2368,0.0025527);
#102=CYLINDRICAL_SURFACE('',#2369,0.0025527);
#103=CYLINDRICAL_SURFACE('',#2370,0.0025527);
#104=CYLINDRICAL_SURFACE('',#2371,0.0025527);
#105=CYLINDRICAL_SURFACE('',#2372,0.0025527);
#106=CYLINDRICAL_SURFACE('',#2373,0.0025527);
#107=CYLINDRICAL_SURFACE('',#2374,0.0025527);
#108=CYLINDRICAL_SURFACE('',#2375,0.0025527);
#109=CYLINDRICAL_SURFACE('',#2376,0.0025527);
#110=CIRCLE('',#2082,0.0025527);
#111=CIRCLE('',#2083,0.0025527);
#112=CIRCLE('',#2084,0.0025527);
#113=CIRCLE('',#2085,0.0025527);
#114=CIRCLE('',#2086,0.0025527);
#115=CIRCLE('',#2087,0.0025527);
#116=CIRCLE('',#2088,0.0025527);
#117=CIRCLE('',#2089,0.0025527);
#118=CIRCLE('',#2090,0.0025527);
#119=CIRCLE('',#2091,0.0025527);
#120=CIRCLE('',#2092,0.0025527);
#121=CIRCLE('',#2093,0.0025527);
#122=CIRCLE('',#2094,0.0025527);
#123=CIRCLE('',#2095,0.0025527);
#124=CIRCLE('',#2096,0.0025527);
#125=CIRCLE('',#2097,0.0025527);
#126=CIRCLE('',#2098,0.0025527);
#127=CIRCLE('',#2099,0.0025527);
#128=CIRCLE('',#2100,0.0024892);
#129=CIRCLE('',#2101,0.0024892);
#130=CIRCLE('',#2102,0.0024892);
#131=CIRCLE('',#2103,0.0024892);
#132=CIRCLE('',#2104,0.0024892);
#133=CIRCLE('',#2105,0.0024892);
#134=CIRCLE('',#2106,0.0024892);
#135=CIRCLE('',#2107,0.0024892);
#136=CIRCLE('',#2108,0.0025527);
#137=CIRCLE('',#2109,0.0025527);
#138=CIRCLE('',#2110,0.0025527);
#139=CIRCLE('',#2111,0.0025527);
#140=CIRCLE('',#2112,0.0025527);
#141=CIRCLE('',#2113,0.0025527);
#142=CIRCLE('',#2114,0.0025527);
#143=CIRCLE('',#2115,0.0025527);
#144=CIRCLE('',#2116,0.0025527);
#145=CIRCLE('',#2117,0.0025527);
#146=CIRCLE('',#2118,0.0025527);
#147=CIRCLE('',#2119,0.0025527);
#148=CIRCLE('',#2120,0.0025527);
#149=CIRCLE('',#2121,0.0025527);
#150=CIRCLE('',#2122,0.0025527);
#151=CIRCLE('',#2123,0.0025527);
#152=CIRCLE('',#2124,0.0025527);
#153=CIRCLE('',#2125,0.0025527);
#154=CIRCLE('',#2126,0.0025527);
#155=CIRCLE('',#2127,0.0025527);
#156=CIRCLE('',#2128,0.0025527);
#157=CIRCLE('',#2129,0.0025527);
#158=CIRCLE('',#2130,0.0025527);
#159=CIRCLE('',#2131,0.0025527);
#160=CIRCLE('',#2132,0.0025527);
#161=CIRCLE('',#2133,0.0025527);
#162=CIRCLE('',#2134,0.0025527);
#163=CIRCLE('',#2135,0.0025527);
#164=CIRCLE('',#2136,0.0025527);
#165=CIRCLE('',#2137,0.0025527);
#166=CIRCLE('',#2138,0.0025527);
#167=CIRCLE('',#2139,0.0025527);
#168=CIRCLE('',#2140,0.0025527);
#169=CIRCLE('',#2141,0.0025527);
#170=CIRCLE('',#2142,0.0025527);
#171=CIRCLE('',#2143,0.0025527);
#172=CIRCLE('',#2144,0.0025527);
#173=CIRCLE('',#2145,0.0025527);
#174=CIRCLE('',#2146,0.0025527);
#175=CIRCLE('',#2147,0.0025527);
#176=CIRCLE('',#2148,0.0025527);
#177=CIRCLE('',#2149,0.0025527);
#178=CIRCLE('',#2150,0.0025527);
#179=CIRCLE('',#2151,0.0025527);
#180=CIRCLE('',#2152,0.0025527);
#181=CIRCLE('',#2153,0.0025527);
#182=CIRCLE('',#2154,0.0025527);
#183=CIRCLE('',#2155,0.0025527);
#184=CIRCLE('',#2156,0.0025527);
#185=CIRCLE('',#2157,0.0025527);
#186=CIRCLE('',#2158,0.0025527);
#187=CIRCLE('',#2159,0.0025527);
#188=CIRCLE('',#2160,0.0025527);
#189=CIRCLE('',#2161,0.0025527);
#190=CIRCLE('',#2162,0.0025527);
#191=CIRCLE('',#2163,0.0025527);
#192=CIRCLE('',#2164,0.0025527);
#193=CIRCLE('',#2165,0.0025527);
#194=CIRCLE('',#2166,0.0025527);
#195=CIRCLE('',#2167,0.0025527);
#196=CIRCLE('',#2168,0.0025527);
#197=CIRCLE('',#2169,0.0025527);
#198=CIRCLE('',#2170,0.0025527);
#199=CIRCLE('',#2171,0.0025527);
#200=CIRCLE('',#2172,0.0025527);
#201=CIRCLE('',#2173,0.0025527);
#202=CIRCLE('',#2174,0.0025527);
#203=CIRCLE('',#2175,0.0025527);
#204=CIRCLE('',#2176,0.0025527);
#205=CIRCLE('',#2177,0.0025527);
#206=CIRCLE('',#2178,0.0025527);
#207=CIRCLE('',#2179,0.071054);
#208=CIRCLE('',#2181,0.071054);
#209=CIRCLE('',#2183,0.0025527);
#210=CIRCLE('',#2185,0.0025527);
#211=CIRCLE('',#2187,0.0025527);
#212=CIRCLE('',#2189,0.0025527);
#213=CIRCLE('',#2191,0.0025527);
#214=CIRCLE('',#2193,0.0025527);
#215=CIRCLE('',#2195,0.0025527);
#216=CIRCLE('',#2197,0.0025527);
#217=CIRCLE('',#2199,0.0025527);
#218=CIRCLE('',#2201,0.0025527);
#219=CIRCLE('',#2203,0.0025527);
#220=CIRCLE('',#2205,0.0025527);
#221=CIRCLE('',#2207,0.0025527);
#222=CIRCLE('',#2209,0.0025527);
#223=CIRCLE('',#2211,0.0025527);
#224=CIRCLE('',#2213,0.0025527);
#225=CIRCLE('',#2215,0.0025527);
#226=CIRCLE('',#2217,0.0025527);
#227=CIRCLE('',#2219,0.0025527);
#228=CIRCLE('',#2221,0.0025527);
#229=CIRCLE('',#2223,0.0025527);
#230=CIRCLE('',#2225,0.0025527);
#231=CIRCLE('',#2227,0.0025527);
#232=CIRCLE('',#2229,0.0025527);
#233=CIRCLE('',#2231,0.0025527);
#234=CIRCLE('',#2233,0.0025527);
#235=CIRCLE('',#2235,0.0025527);
#236=CIRCLE('',#2237,0.0025527);
#237=CIRCLE('',#2239,0.0025527);
#238=CIRCLE('',#2241,0.0025527);
#239=CIRCLE('',#2243,0.0025527);
#240=CIRCLE('',#2245,0.0025527);
#241=CIRCLE('',#2247,0.0025527);
#242=CIRCLE('',#2249,0.0025527);
#243=CIRCLE('',#2251,0.0025527);
#244=CIRCLE('',#2253,0.0025527);
#245=CIRCLE('',#2255,0.0025527);
#246=CIRCLE('',#2257,0.0025527);
#247=CIRCLE('',#2259,0.0025527);
#248=CIRCLE('',#2261,0.0025527);
#249=CIRCLE('',#2263,0.0025527);
#250=CIRCLE('',#2265,0.0025527);
#251=CIRCLE('',#2267,0.0025527);
#252=CIRCLE('',#2269,0.0025527);
#253=CIRCLE('',#2271,0.0025527);
#254=CIRCLE('',#2273,0.0025527);
#255=CIRCLE('',#2275,0.0025527);
#256=CIRCLE('',#2277,0.0025527);
#257=CIRCLE('',#2279,0.0025527);
#258=CIRCLE('',#2281,0.0025527);
#259=CIRCLE('',#2283,0.0025527);
#260=CIRCLE('',#2285,0.0025527);
#261=CIRCLE('',#2287,0.0025527);
#262=CIRCLE('',#2289,0.0025527);
#263=CIRCLE('',#2291,0.0025527);
#264=CIRCLE('',#2293,0.0025527);
#265=CIRCLE('',#2295,0.0025527);
#266=CIRCLE('',#2297,0.0025527);
#267=CIRCLE('',#2299,0.0025527);
#268=CIRCLE('',#2301,0.0025527);
#269=CIRCLE('',#2303,0.0025527);
#270=CIRCLE('',#2305,0.0025527);
#271=CIRCLE('',#2307,0.0025527);
#272=CIRCLE('',#2309,0.0025527);
#273=CIRCLE('',#2311,0.0025527);
#274=CIRCLE('',#2313,0.0025527);
#275=CIRCLE('',#2315,0.0025527);
#276=CIRCLE('',#2317,0.0025527);
#277=CIRCLE('',#2319,0.0025527);
#278=CIRCLE('',#2321,0.0025527);
#279=CIRCLE('',#2323,0.0025527);
#280=CIRCLE('',#2325,0.0025527);
#281=CIRCLE('',#2326,0.0025527);
#282=CIRCLE('',#2327,0.0025527);
#283=CIRCLE('',#2328,0.0025527);
#284=CIRCLE('',#2329,0.0025527);
#285=CIRCLE('',#2330,0.0025527);
#286=CIRCLE('',#2331,0.0025527);
#287=CIRCLE('',#2332,0.0025527);
#288=CIRCLE('',#2333,0.0025527);
#289=CIRCLE('',#2334,0.0025527);
#290=CIRCLE('',#2335,0.0025527);
#291=CIRCLE('',#2336,0.0025527);
#292=CIRCLE('',#2337,0.0025527);
#293=CIRCLE('',#2338,0.0025527);
#294=CIRCLE('',#2339,0.0025527);
#295=CIRCLE('',#2340,0.0025527);
#296=CIRCLE('',#2341,0.0025527);
#297=CIRCLE('',#2342,0.0025527);
#298=CIRCLE('',#2343,0.0024892);
#299=CIRCLE('',#2344,0.0024892);
#300=CIRCLE('',#2345,0.0024892);
#301=CIRCLE('',#2346,0.0024892);
#302=CIRCLE('',#2347,0.0024892);
#303=CIRCLE('',#2348,0.0024892);
#304=CIRCLE('',#2349,0.0024892);
#305=CIRCLE('',#2350,0.0024892);
#306=ORIENTED_EDGE('',*,*,#722,.F.);
#307=ORIENTED_EDGE('',*,*,#723,.F.);
#308=ORIENTED_EDGE('',*,*,#724,.T.);
#309=ORIENTED_EDGE('',*,*,#725,.T.);
#310=ORIENTED_EDGE('',*,*,#726,.T.);
#311=ORIENTED_EDGE('',*,*,#727,.T.);
#312=ORIENTED_EDGE('',*,*,#728,.F.);
#313=ORIENTED_EDGE('',*,*,#729,.F.);
#314=ORIENTED_EDGE('',*,*,#723,.T.);
#315=ORIENTED_EDGE('',*,*,#730,.T.);
#316=ORIENTED_EDGE('',*,*,#726,.F.);
#317=ORIENTED_EDGE('',*,*,#731,.F.);
#318=ORIENTED_EDGE('',*,*,#732,.F.);
#319=ORIENTED_EDGE('',*,*,#725,.F.);
#320=ORIENTED_EDGE('',*,*,#733,.T.);
#321=ORIENTED_EDGE('',*,*,#728,.T.);
#322=ORIENTED_EDGE('',*,*,#734,.T.);
#323=ORIENTED_EDGE('',*,*,#735,.T.);
#324=ORIENTED_EDGE('',*,*,#736,.T.);
#325=ORIENTED_EDGE('',*,*,#737,.T.);
#326=ORIENTED_EDGE('',*,*,#738,.T.);
#327=ORIENTED_EDGE('',*,*,#739,.T.);
#328=ORIENTED_EDGE('',*,*,#740,.T.);
#329=ORIENTED_EDGE('',*,*,#741,.T.);
#330=ORIENTED_EDGE('',*,*,#742,.T.);
#331=ORIENTED_EDGE('',*,*,#743,.T.);
#332=ORIENTED_EDGE('',*,*,#744,.T.);
#333=ORIENTED_EDGE('',*,*,#745,.T.);
#334=ORIENTED_EDGE('',*,*,#746,.T.);
#335=ORIENTED_EDGE('',*,*,#747,.T.);
#336=ORIENTED_EDGE('',*,*,#748,.T.);
#337=ORIENTED_EDGE('',*,*,#749,.T.);
#338=ORIENTED_EDGE('',*,*,#750,.T.);
#339=ORIENTED_EDGE('',*,*,#751,.T.);
#340=ORIENTED_EDGE('',*,*,#752,.T.);
#341=ORIENTED_EDGE('',*,*,#753,.T.);
#342=ORIENTED_EDGE('',*,*,#754,.T.);
#343=ORIENTED_EDGE('',*,*,#755,.T.);
#344=ORIENTED_EDGE('',*,*,#756,.T.);
#345=ORIENTED_EDGE('',*,*,#757,.T.);
#346=ORIENTED_EDGE('',*,*,#758,.T.);
#347=ORIENTED_EDGE('',*,*,#759,.T.);
#348=ORIENTED_EDGE('',*,*,#760,.T.);
#349=ORIENTED_EDGE('',*,*,#761,.T.);
#350=ORIENTED_EDGE('',*,*,#762,.T.);
#351=ORIENTED_EDGE('',*,*,#763,.T.);
#352=ORIENTED_EDGE('',*,*,#764,.T.);
#353=ORIENTED_EDGE('',*,*,#765,.T.);
#354=ORIENTED_EDGE('',*,*,#766,.T.);
#355=ORIENTED_EDGE('',*,*,#767,.T.);
#356=ORIENTED_EDGE('',*,*,#768,.T.);
#357=ORIENTED_EDGE('',*,*,#769,.T.);
#358=ORIENTED_EDGE('',*,*,#770,.T.);
#359=ORIENTED_EDGE('',*,*,#771,.T.);
#360=ORIENTED_EDGE('',*,*,#772,.T.);
#361=ORIENTED_EDGE('',*,*,#773,.T.);
#362=ORIENTED_EDGE('',*,*,#774,.T.);
#363=ORIENTED_EDGE('',*,*,#775,.T.);
#364=ORIENTED_EDGE('',*,*,#776,.T.);
#365=ORIENTED_EDGE('',*,*,#777,.T.);
#366=ORIENTED_EDGE('',*,*,#778,.T.);
#367=ORIENTED_EDGE('',*,*,#779,.T.);
#368=ORIENTED_EDGE('',*,*,#780,.T.);
#369=ORIENTED_EDGE('',*,*,#781,.T.);
#370=ORIENTED_EDGE('',*,*,#782,.T.);
#371=ORIENTED_EDGE('',*,*,#783,.T.);
#372=ORIENTED_EDGE('',*,*,#784,.T.);
#373=ORIENTED_EDGE('',*,*,#785,.T.);
#374=ORIENTED_EDGE('',*,*,#786,.T.);
#375=ORIENTED_EDGE('',*,*,#787,.T.);
#376=ORIENTED_EDGE('',*,*,#788,.T.);
#377=ORIENTED_EDGE('',*,*,#789,.T.);
#378=ORIENTED_EDGE('',*,*,#790,.T.);
#379=ORIENTED_EDGE('',*,*,#791,.T.);
#380=ORIENTED_EDGE('',*,*,#792,.T.);
#381=ORIENTED_EDGE('',*,*,#793,.T.);
#382=ORIENTED_EDGE('',*,*,#794,.T.);
#383=ORIENTED_EDGE('',*,*,#795,.T.);
#384=ORIENTED_EDGE('',*,*,#796,.T.);
#385=ORIENTED_EDGE('',*,*,#797,.T.);
#386=ORIENTED_EDGE('',*,*,#798,.T.);
#387=ORIENTED_EDGE('',*,*,#799,.T.);
#388=ORIENTED_EDGE('',*,*,#800,.T.);
#389=ORIENTED_EDGE('',*,*,#801,.T.);
#390=ORIENTED_EDGE('',*,*,#802,.T.);
#391=ORIENTED_EDGE('',*,*,#803,.T.);
#392=ORIENTED_EDGE('',*,*,#804,.T.);
#393=ORIENTED_EDGE('',*,*,#805,.T.);
#394=ORIENTED_EDGE('',*,*,#806,.T.);
#395=ORIENTED_EDGE('',*,*,#807,.T.);
#396=ORIENTED_EDGE('',*,*,#808,.T.);
#397=ORIENTED_EDGE('',*,*,#809,.T.);
#398=ORIENTED_EDGE('',*,*,#810,.T.);
#399=ORIENTED_EDGE('',*,*,#811,.T.);
#400=ORIENTED_EDGE('',*,*,#812,.T.);
#401=ORIENTED_EDGE('',*,*,#813,.T.);
#402=ORIENTED_EDGE('',*,*,#814,.T.);
#403=ORIENTED_EDGE('',*,*,#815,.T.);
#404=ORIENTED_EDGE('',*,*,#816,.T.);
#405=ORIENTED_EDGE('',*,*,#817,.T.);
#406=ORIENTED_EDGE('',*,*,#818,.T.);
#407=ORIENTED_EDGE('',*,*,#819,.T.);
#408=ORIENTED_EDGE('',*,*,#820,.T.);
#409=ORIENTED_EDGE('',*,*,#821,.T.);
#410=ORIENTED_EDGE('',*,*,#822,.T.);
#411=ORIENTED_EDGE('',*,*,#823,.T.);
#412=ORIENTED_EDGE('',*,*,#824,.T.);
#413=ORIENTED_EDGE('',*,*,#825,.T.);
#414=ORIENTED_EDGE('',*,*,#826,.T.);
#415=ORIENTED_EDGE('',*,*,#827,.T.);
#416=ORIENTED_EDGE('',*,*,#828,.T.);
#417=ORIENTED_EDGE('',*,*,#829,.T.);
#418=ORIENTED_EDGE('',*,*,#830,.T.);
#419=ORIENTED_EDGE('',*,*,#831,.T.);
#420=ORIENTED_EDGE('',*,*,#733,.F.);
#421=ORIENTED_EDGE('',*,*,#724,.F.);
#422=ORIENTED_EDGE('',*,*,#731,.T.);
#423=ORIENTED_EDGE('',*,*,#729,.T.);
#424=ORIENTED_EDGE('',*,*,#832,.T.);
#425=ORIENTED_EDGE('',*,*,#831,.F.);
#426=ORIENTED_EDGE('',*,*,#833,.T.);
#427=ORIENTED_EDGE('',*,*,#830,.F.);
#428=ORIENTED_EDGE('',*,*,#834,.T.);
#429=ORIENTED_EDGE('',*,*,#829,.F.);
#430=ORIENTED_EDGE('',*,*,#835,.T.);
#431=ORIENTED_EDGE('',*,*,#828,.F.);
#432=ORIENTED_EDGE('',*,*,#836,.T.);
#433=ORIENTED_EDGE('',*,*,#827,.F.);
#434=ORIENTED_EDGE('',*,*,#837,.T.);
#435=ORIENTED_EDGE('',*,*,#826,.F.);
#436=ORIENTED_EDGE('',*,*,#838,.T.);
#437=ORIENTED_EDGE('',*,*,#825,.F.);
#438=ORIENTED_EDGE('',*,*,#839,.T.);
#439=ORIENTED_EDGE('',*,*,#824,.F.);
#440=ORIENTED_EDGE('',*,*,#840,.T.);
#441=ORIENTED_EDGE('',*,*,#823,.F.);
#442=ORIENTED_EDGE('',*,*,#841,.T.);
#443=ORIENTED_EDGE('',*,*,#822,.F.);
#444=ORIENTED_EDGE('',*,*,#842,.T.);
#445=ORIENTED_EDGE('',*,*,#821,.F.);
#446=ORIENTED_EDGE('',*,*,#843,.T.);
#447=ORIENTED_EDGE('',*,*,#820,.F.);
#448=ORIENTED_EDGE('',*,*,#844,.T.);
#449=ORIENTED_EDGE('',*,*,#819,.F.);
#450=ORIENTED_EDGE('',*,*,#845,.T.);
#451=ORIENTED_EDGE('',*,*,#818,.F.);
#452=ORIENTED_EDGE('',*,*,#846,.T.);
#453=ORIENTED_EDGE('',*,*,#817,.F.);
#454=ORIENTED_EDGE('',*,*,#847,.T.);
#455=ORIENTED_EDGE('',*,*,#816,.F.);
#456=ORIENTED_EDGE('',*,*,#848,.T.);
#457=ORIENTED_EDGE('',*,*,#815,.F.);
#458=ORIENTED_EDGE('',*,*,#849,.T.);
#459=ORIENTED_EDGE('',*,*,#814,.F.);
#460=ORIENTED_EDGE('',*,*,#850,.T.);
#461=ORIENTED_EDGE('',*,*,#813,.F.);
#462=ORIENTED_EDGE('',*,*,#851,.T.);
#463=ORIENTED_EDGE('',*,*,#812,.F.);
#464=ORIENTED_EDGE('',*,*,#852,.T.);
#465=ORIENTED_EDGE('',*,*,#811,.F.);
#466=ORIENTED_EDGE('',*,*,#853,.T.);
#467=ORIENTED_EDGE('',*,*,#810,.F.);
#468=ORIENTED_EDGE('',*,*,#854,.T.);
#469=ORIENTED_EDGE('',*,*,#809,.F.);
#470=ORIENTED_EDGE('',*,*,#855,.T.);
#471=ORIENTED_EDGE('',*,*,#808,.F.);
#472=ORIENTED_EDGE('',*,*,#856,.T.);
#473=ORIENTED_EDGE('',*,*,#807,.F.);
#474=ORIENTED_EDGE('',*,*,#857,.T.);
#475=ORIENTED_EDGE('',*,*,#806,.F.);
#476=ORIENTED_EDGE('',*,*,#858,.T.);
#477=ORIENTED_EDGE('',*,*,#805,.F.);
#478=ORIENTED_EDGE('',*,*,#859,.T.);
#479=ORIENTED_EDGE('',*,*,#804,.F.);
#480=ORIENTED_EDGE('',*,*,#860,.T.);
#481=ORIENTED_EDGE('',*,*,#803,.F.);
#482=ORIENTED_EDGE('',*,*,#861,.T.);
#483=ORIENTED_EDGE('',*,*,#802,.F.);
#484=ORIENTED_EDGE('',*,*,#862,.T.);
#485=ORIENTED_EDGE('',*,*,#801,.F.);
#486=ORIENTED_EDGE('',*,*,#863,.T.);
#487=ORIENTED_EDGE('',*,*,#800,.F.);
#488=ORIENTED_EDGE('',*,*,#864,.T.);
#489=ORIENTED_EDGE('',*,*,#799,.F.);
#490=ORIENTED_EDGE('',*,*,#865,.T.);
#491=ORIENTED_EDGE('',*,*,#798,.F.);
#492=ORIENTED_EDGE('',*,*,#866,.T.);
#493=ORIENTED_EDGE('',*,*,#797,.F.);
#494=ORIENTED_EDGE('',*,*,#867,.T.);
#495=ORIENTED_EDGE('',*,*,#796,.F.);
#496=ORIENTED_EDGE('',*,*,#868,.T.);
#497=ORIENTED_EDGE('',*,*,#795,.F.);
#498=ORIENTED_EDGE('',*,*,#869,.T.);
#499=ORIENTED_EDGE('',*,*,#794,.F.);
#500=ORIENTED_EDGE('',*,*,#870,.T.);
#501=ORIENTED_EDGE('',*,*,#793,.F.);
#502=ORIENTED_EDGE('',*,*,#871,.T.);
#503=ORIENTED_EDGE('',*,*,#792,.F.);
#504=ORIENTED_EDGE('',*,*,#872,.T.);
#505=ORIENTED_EDGE('',*,*,#791,.F.);
#506=ORIENTED_EDGE('',*,*,#873,.T.);
#507=ORIENTED_EDGE('',*,*,#790,.F.);
#508=ORIENTED_EDGE('',*,*,#874,.T.);
#509=ORIENTED_EDGE('',*,*,#789,.F.);
#510=ORIENTED_EDGE('',*,*,#875,.T.);
#511=ORIENTED_EDGE('',*,*,#788,.F.);
#512=ORIENTED_EDGE('',*,*,#876,.T.);
#513=ORIENTED_EDGE('',*,*,#787,.F.);
#514=ORIENTED_EDGE('',*,*,#877,.T.);
#515=ORIENTED_EDGE('',*,*,#786,.F.);
#516=ORIENTED_EDGE('',*,*,#878,.T.);
#517=ORIENTED_EDGE('',*,*,#785,.F.);
#518=ORIENTED_EDGE('',*,*,#879,.T.);
#519=ORIENTED_EDGE('',*,*,#784,.F.);
#520=ORIENTED_EDGE('',*,*,#880,.T.);
#521=ORIENTED_EDGE('',*,*,#783,.F.);
#522=ORIENTED_EDGE('',*,*,#881,.T.);
#523=ORIENTED_EDGE('',*,*,#782,.F.);
#524=ORIENTED_EDGE('',*,*,#882,.T.);
#525=ORIENTED_EDGE('',*,*,#781,.F.);
#526=ORIENTED_EDGE('',*,*,#883,.T.);
#527=ORIENTED_EDGE('',*,*,#780,.F.);
#528=ORIENTED_EDGE('',*,*,#884,.T.);
#529=ORIENTED_EDGE('',*,*,#779,.F.);
#530=ORIENTED_EDGE('',*,*,#885,.T.);
#531=ORIENTED_EDGE('',*,*,#778,.F.);
#532=ORIENTED_EDGE('',*,*,#886,.T.);
#533=ORIENTED_EDGE('',*,*,#777,.F.);
#534=ORIENTED_EDGE('',*,*,#887,.T.);
#535=ORIENTED_EDGE('',*,*,#776,.F.);
#536=ORIENTED_EDGE('',*,*,#888,.T.);
#537=ORIENTED_EDGE('',*,*,#775,.F.);
#538=ORIENTED_EDGE('',*,*,#889,.T.);
#539=ORIENTED_EDGE('',*,*,#774,.F.);
#540=ORIENTED_EDGE('',*,*,#890,.T.);
#541=ORIENTED_EDGE('',*,*,#773,.F.);
#542=ORIENTED_EDGE('',*,*,#891,.T.);
#543=ORIENTED_EDGE('',*,*,#772,.F.);
#544=ORIENTED_EDGE('',*,*,#892,.T.);
#545=ORIENTED_EDGE('',*,*,#771,.F.);
#546=ORIENTED_EDGE('',*,*,#893,.T.);
#547=ORIENTED_EDGE('',*,*,#770,.F.);
#548=ORIENTED_EDGE('',*,*,#894,.T.);
#549=ORIENTED_EDGE('',*,*,#769,.F.);
#550=ORIENTED_EDGE('',*,*,#895,.T.);
#551=ORIENTED_EDGE('',*,*,#768,.F.);
#552=ORIENTED_EDGE('',*,*,#896,.T.);
#553=ORIENTED_EDGE('',*,*,#767,.F.);
#554=ORIENTED_EDGE('',*,*,#897,.T.);
#555=ORIENTED_EDGE('',*,*,#766,.F.);
#556=ORIENTED_EDGE('',*,*,#898,.T.);
#557=ORIENTED_EDGE('',*,*,#765,.F.);
#558=ORIENTED_EDGE('',*,*,#899,.T.);
#559=ORIENTED_EDGE('',*,*,#764,.F.);
#560=ORIENTED_EDGE('',*,*,#900,.T.);
#561=ORIENTED_EDGE('',*,*,#763,.F.);
#562=ORIENTED_EDGE('',*,*,#901,.T.);
#563=ORIENTED_EDGE('',*,*,#762,.F.);
#564=ORIENTED_EDGE('',*,*,#902,.T.);
#565=ORIENTED_EDGE('',*,*,#761,.F.);
#566=ORIENTED_EDGE('',*,*,#903,.T.);
#567=ORIENTED_EDGE('',*,*,#760,.F.);
#568=ORIENTED_EDGE('',*,*,#904,.T.);
#569=ORIENTED_EDGE('',*,*,#905,.T.);
#570=ORIENTED_EDGE('',*,*,#906,.T.);
#571=ORIENTED_EDGE('',*,*,#907,.T.);
#572=ORIENTED_EDGE('',*,*,#908,.T.);
#573=ORIENTED_EDGE('',*,*,#909,.T.);
#574=ORIENTED_EDGE('',*,*,#910,.T.);
#575=ORIENTED_EDGE('',*,*,#911,.T.);
#576=ORIENTED_EDGE('',*,*,#912,.T.);
#577=ORIENTED_EDGE('',*,*,#913,.T.);
#578=ORIENTED_EDGE('',*,*,#914,.T.);
#579=ORIENTED_EDGE('',*,*,#915,.T.);
#580=ORIENTED_EDGE('',*,*,#916,.T.);
#581=ORIENTED_EDGE('',*,*,#917,.T.);
#582=ORIENTED_EDGE('',*,*,#918,.T.);
#583=ORIENTED_EDGE('',*,*,#919,.T.);
#584=ORIENTED_EDGE('',*,*,#920,.T.);
#585=ORIENTED_EDGE('',*,*,#921,.T.);
#586=ORIENTED_EDGE('',*,*,#922,.F.);
#587=ORIENTED_EDGE('',*,*,#923,.F.);
#588=ORIENTED_EDGE('',*,*,#924,.F.);
#589=ORIENTED_EDGE('',*,*,#925,.F.);
#590=ORIENTED_EDGE('',*,*,#926,.F.);
#591=ORIENTED_EDGE('',*,*,#927,.F.);
#592=ORIENTED_EDGE('',*,*,#928,.F.);
#593=ORIENTED_EDGE('',*,*,#929,.F.);
#594=ORIENTED_EDGE('',*,*,#903,.F.);
#595=ORIENTED_EDGE('',*,*,#902,.F.);
#596=ORIENTED_EDGE('',*,*,#901,.F.);
#597=ORIENTED_EDGE('',*,*,#900,.F.);
#598=ORIENTED_EDGE('',*,*,#899,.F.);
#599=ORIENTED_EDGE('',*,*,#898,.F.);
#600=ORIENTED_EDGE('',*,*,#897,.F.);
#601=ORIENTED_EDGE('',*,*,#896,.F.);
#602=ORIENTED_EDGE('',*,*,#895,.F.);
#603=ORIENTED_EDGE('',*,*,#894,.F.);
#604=ORIENTED_EDGE('',*,*,#893,.F.);
#605=ORIENTED_EDGE('',*,*,#892,.F.);
#606=ORIENTED_EDGE('',*,*,#891,.F.);
#607=ORIENTED_EDGE('',*,*,#890,.F.);
#608=ORIENTED_EDGE('',*,*,#889,.F.);
#609=ORIENTED_EDGE('',*,*,#888,.F.);
#610=ORIENTED_EDGE('',*,*,#887,.F.);
#611=ORIENTED_EDGE('',*,*,#886,.F.);
#612=ORIENTED_EDGE('',*,*,#885,.F.);
#613=ORIENTED_EDGE('',*,*,#884,.F.);
#614=ORIENTED_EDGE('',*,*,#883,.F.);
#615=ORIENTED_EDGE('',*,*,#882,.F.);
#616=ORIENTED_EDGE('',*,*,#881,.F.);
#617=ORIENTED_EDGE('',*,*,#880,.F.);
#618=ORIENTED_EDGE('',*,*,#879,.F.);
#619=ORIENTED_EDGE('',*,*,#878,.F.);
#620=ORIENTED_EDGE('',*,*,#877,.F.);
#621=ORIENTED_EDGE('',*,*,#876,.F.);
#622=ORIENTED_EDGE('',*,*,#875,.F.);
#623=ORIENTED_EDGE('',*,*,#874,.F.);
#624=ORIENTED_EDGE('',*,*,#873,.F.);
#625=ORIENTED_EDGE('',*,*,#872,.F.);
#626=ORIENTED_EDGE('',*,*,#871,.F.);
#627=ORIENTED_EDGE('',*,*,#870,.F.);
#628=ORIENTED_EDGE('',*,*,#869,.F.);
#629=ORIENTED_EDGE('',*,*,#868,.F.);
#630=ORIENTED_EDGE('',*,*,#867,.F.);
#631=ORIENTED_EDGE('',*,*,#866,.F.);
#632=ORIENTED_EDGE('',*,*,#865,.F.);
#633=ORIENTED_EDGE('',*,*,#864,.F.);
#634=ORIENTED_EDGE('',*,*,#863,.F.);
#635=ORIENTED_EDGE('',*,*,#862,.F.);
#636=ORIENTED_EDGE('',*,*,#861,.F.);
#637=ORIENTED_EDGE('',*,*,#860,.F.);
#638=ORIENTED_EDGE('',*,*,#859,.F.);
#639=ORIENTED_EDGE('',*,*,#858,.F.);
#640=ORIENTED_EDGE('',*,*,#857,.F.);
#641=ORIENTED_EDGE('',*,*,#856,.F.);
#642=ORIENTED_EDGE('',*,*,#855,.F.);
#643=ORIENTED_EDGE('',*,*,#854,.F.);
#644=ORIENTED_EDGE('',*,*,#853,.F.);
#645=ORIENTED_EDGE('',*,*,#852,.F.);
#646=ORIENTED_EDGE('',*,*,#851,.F.);
#647=ORIENTED_EDGE('',*,*,#850,.F.);
#648=ORIENTED_EDGE('',*,*,#849,.F.);
#649=ORIENTED_EDGE('',*,*,#848,.F.);
#650=ORIENTED_EDGE('',*,*,#847,.F.);
#651=ORIENTED_EDGE('',*,*,#846,.F.);
#652=ORIENTED_EDGE('',*,*,#845,.F.);
#653=ORIENTED_EDGE('',*,*,#844,.F.);
#654=ORIENTED_EDGE('',*,*,#843,.F.);
#655=ORIENTED_EDGE('',*,*,#842,.F.);
#656=ORIENTED_EDGE('',*,*,#841,.F.);
#657=ORIENTED_EDGE('',*,*,#840,.F.);
#658=ORIENTED_EDGE('',*,*,#839,.F.);
#659=ORIENTED_EDGE('',*,*,#838,.F.);
#660=ORIENTED_EDGE('',*,*,#837,.F.);
#661=ORIENTED_EDGE('',*,*,#836,.F.);
#662=ORIENTED_EDGE('',*,*,#835,.F.);
#663=ORIENTED_EDGE('',*,*,#834,.F.);
#664=ORIENTED_EDGE('',*,*,#833,.F.);
#665=ORIENTED_EDGE('',*,*,#832,.F.);
#666=ORIENTED_EDGE('',*,*,#732,.T.);
#667=ORIENTED_EDGE('',*,*,#727,.F.);
#668=ORIENTED_EDGE('',*,*,#730,.F.);
#669=ORIENTED_EDGE('',*,*,#722,.T.);
#670=ORIENTED_EDGE('',*,*,#759,.F.);
#671=ORIENTED_EDGE('',*,*,#929,.T.);
#672=ORIENTED_EDGE('',*,*,#758,.F.);
#673=ORIENTED_EDGE('',*,*,#928,.T.);
#674=ORIENTED_EDGE('',*,*,#757,.F.);
#675=ORIENTED_EDGE('',*,*,#927,.T.);
#676=ORIENTED_EDGE('',*,*,#756,.F.);
#677=ORIENTED_EDGE('',*,*,#926,.T.);
#678=ORIENTED_EDGE('',*,*,#755,.F.);
#679=ORIENTED_EDGE('',*,*,#925,.T.);
#680=ORIENTED_EDGE('',*,*,#754,.F.);
#681=ORIENTED_EDGE('',*,*,#924,.T.);
#682=ORIENTED_EDGE('',*,*,#753,.F.);
#683=ORIENTED_EDGE('',*,*,#923,.T.);
#684=ORIENTED_EDGE('',*,*,#752,.F.);
#685=ORIENTED_EDGE('',*,*,#922,.T.);
#686=ORIENTED_EDGE('',*,*,#751,.F.);
#687=ORIENTED_EDGE('',*,*,#921,.F.);
#688=ORIENTED_EDGE('',*,*,#750,.F.);
#689=ORIENTED_EDGE('',*,*,#920,.F.);
#690=ORIENTED_EDGE('',*,*,#749,.F.);
#691=ORIENTED_EDGE('',*,*,#919,.F.);
#692=ORIENTED_EDGE('',*,*,#748,.F.);
#693=ORIENTED_EDGE('',*,*,#918,.F.);
#694=ORIENTED_EDGE('',*,*,#747,.F.);
#695=ORIENTED_EDGE('',*,*,#917,.F.);
#696=ORIENTED_EDGE('',*,*,#746,.F.);
#697=ORIENTED_EDGE('',*,*,#916,.F.);
#698=ORIENTED_EDGE('',*,*,#745,.F.);
#699=ORIENTED_EDGE('',*,*,#915,.F.);
#700=ORIENTED_EDGE('',*,*,#744,.F.);
#701=ORIENTED_EDGE('',*,*,#914,.F.);
#702=ORIENTED_EDGE('',*,*,#743,.F.);
#703=ORIENTED_EDGE('',*,*,#913,.F.);
#704=ORIENTED_EDGE('',*,*,#742,.F.);
#705=ORIENTED_EDGE('',*,*,#912,.F.);
#706=ORIENTED_EDGE('',*,*,#741,.F.);
#707=ORIENTED_EDGE('',*,*,#911,.F.);
#708=ORIENTED_EDGE('',*,*,#740,.F.);
#709=ORIENTED_EDGE('',*,*,#910,.F.);
#710=ORIENTED_EDGE('',*,*,#739,.F.);
#711=ORIENTED_EDGE('',*,*,#909,.F.);
#712=ORIENTED_EDGE('',*,*,#738,.F.);
#713=ORIENTED_EDGE('',*,*,#908,.F.);
#714=ORIENTED_EDGE('',*,*,#737,.F.);
#715=ORIENTED_EDGE('',*,*,#907,.F.);
#716=ORIENTED_EDGE('',*,*,#736,.F.);
#717=ORIENTED_EDGE('',*,*,#906,.F.);
#718=ORIENTED_EDGE('',*,*,#735,.F.);
#719=ORIENTED_EDGE('',*,*,#905,.F.);
#720=ORIENTED_EDGE('',*,*,#734,.F.);
#721=ORIENTED_EDGE('',*,*,#904,.F.);
#722=EDGE_CURVE('',#930,#931,#1134,.T.);
#723=EDGE_CURVE('',#932,#930,#1135,.T.);
#724=EDGE_CURVE('',#932,#933,#1136,.T.);
#725=EDGE_CURVE('',#933,#931,#1137,.T.);
#726=EDGE_CURVE('',#934,#935,#1138,.T.);
#727=EDGE_CURVE('',#935,#936,#1139,.T.);
#728=EDGE_CURVE('',#937,#936,#1140,.T.);
#729=EDGE_CURVE('',#934,#937,#1141,.T.);
#730=EDGE_CURVE('',#930,#935,#1142,.T.);
#731=EDGE_CURVE('',#932,#934,#1143,.T.);
#732=EDGE_CURVE('',#931,#936,#1144,.T.);
#733=EDGE_CURVE('',#933,#937,#1145,.T.);
#734=EDGE_CURVE('',#938,#938,#110,.F.);
#735=EDGE_CURVE('',#939,#939,#111,.F.);
#736=EDGE_CURVE('',#940,#940,#112,.F.);
#737=EDGE_CURVE('',#941,#941,#113,.F.);
#738=EDGE_CURVE('',#942,#942,#114,.F.);
#739=EDGE_CURVE('',#943,#943,#115,.F.);
#740=EDGE_CURVE('',#944,#944,#116,.F.);
#741=EDGE_CURVE('',#945,#945,#117,.F.);
#742=EDGE_CURVE('',#946,#946,#118,.F.);
#743=EDGE_CURVE('',#947,#947,#119,.F.);
#744=EDGE_CURVE('',#948,#948,#120,.F.);
#745=EDGE_CURVE('',#949,#949,#121,.F.);
#746=EDGE_CURVE('',#950,#950,#122,.F.);
#747=EDGE_CURVE('',#951,#951,#123,.F.);
#748=EDGE_CURVE('',#952,#952,#124,.F.);
#749=EDGE_CURVE('',#953,#953,#125,.F.);
#750=EDGE_CURVE('',#954,#954,#126,.F.);
#751=EDGE_CURVE('',#955,#955,#127,.F.);
#752=EDGE_CURVE('',#956,#956,#128,.F.);
#753=EDGE_CURVE('',#957,#957,#129,.F.);
#754=EDGE_CURVE('',#958,#958,#130,.F.);
#755=EDGE_CURVE('',#959,#959,#131,.F.);
#756=EDGE_CURVE('',#960,#960,#132,.F.);
#757=EDGE_CURVE('',#961,#961,#133,.F.);
#758=EDGE_CURVE('',#962,#962,#134,.F.);
#759=EDGE_CURVE('',#963,#963,#135,.F.);
#760=EDGE_CURVE('',#964,#964,#136,.F.);
#761=EDGE_CURVE('',#965,#965,#137,.F.);
#762=EDGE_CURVE('',#966,#966,#138,.F.);
#763=EDGE_CURVE('',#967,#967,#139,.F.);
#764=EDGE_CURVE('',#968,#968,#140,.F.);
#765=EDGE_CURVE('',#969,#969,#141,.F.);
#766=EDGE_CURVE('',#970,#970,#142,.F.);
#767=EDGE_CURVE('',#971,#971,#143,.F.);
#768=EDGE_CURVE('',#972,#972,#144,.F.);
#769=EDGE_CURVE('',#973,#973,#145,.F.);
#770=EDGE_CURVE('',#974,#974,#146,.F.);
#771=EDGE_CURVE('',#975,#975,#147,.F.);
#772=EDGE_CURVE('',#976,#976,#148,.F.);
#773=EDGE_CURVE('',#977,#977,#149,.F.);
#774=EDGE_CURVE('',#978,#978,#150,.F.);
#775=EDGE_CURVE('',#979,#979,#151,.F.);
#776=EDGE_CURVE('',#980,#980,#152,.F.);
#777=EDGE_CURVE('',#981,#981,#153,.F.);
#778=EDGE_CURVE('',#982,#982,#154,.F.);
#779=EDGE_CURVE('',#983,#983,#155,.F.);
#780=EDGE_CURVE('',#984,#984,#156,.F.);
#781=EDGE_CURVE('',#985,#985,#157,.F.);
#782=EDGE_CURVE('',#986,#986,#158,.F.);
#783=EDGE_CURVE('',#987,#987,#159,.F.);
#784=EDGE_CURVE('',#988,#988,#160,.F.);
#785=EDGE_CURVE('',#989,#989,#161,.F.);
#786=EDGE_CURVE('',#990,#990,#162,.F.);
#787=EDGE_CURVE('',#991,#991,#163,.F.);
#788=EDGE_CURVE('',#992,#992,#164,.F.);
#789=EDGE_CURVE('',#993,#993,#165,.F.);
#790=EDGE_CURVE('',#994,#994,#166,.F.);
#791=EDGE_CURVE('',#995,#995,#167,.F.);
#792=EDGE_CURVE('',#996,#996,#168,.F.);
#793=EDGE_CURVE('',#997,#997,#169,.F.);
#794=EDGE_CURVE('',#998,#998,#170,.F.);
#795=EDGE_CURVE('',#999,#999,#171,.F.);
#796=EDGE_CURVE('',#1000,#1000,#172,.F.);
#797=EDGE_CURVE('',#1001,#1001,#173,.F.);
#798=EDGE_CURVE('',#1002,#1002,#174,.F.);
#799=EDGE_CURVE('',#1003,#1003,#175,.F.);
#800=EDGE_CURVE('',#1004,#1004,#176,.F.);
#801=EDGE_CURVE('',#1005,#1005,#177,.F.);
#802=EDGE_CURVE('',#1006,#1006,#178,.F.);
#803=EDGE_CURVE('',#1007,#1007,#179,.F.);
#804=EDGE_CURVE('',#1008,#1008,#180,.F.);
#805=EDGE_CURVE('',#1009,#1009,#181,.F.);
#806=EDGE_CURVE('',#1010,#1010,#182,.F.);
#807=EDGE_CURVE('',#1011,#1011,#183,.F.);
#808=EDGE_CURVE('',#1012,#1012,#184,.F.);
#809=EDGE_CURVE('',#1013,#1013,#185,.F.);
#810=EDGE_CURVE('',#1014,#1014,#186,.F.);
#811=EDGE_CURVE('',#1015,#1015,#187,.F.);
#812=EDGE_CURVE('',#1016,#1016,#188,.F.);
#813=EDGE_CURVE('',#1017,#1017,#189,.F.);
#814=EDGE_CURVE('',#1018,#1018,#190,.F.);
#815=EDGE_CURVE('',#1019,#1019,#191,.F.);
#816=EDGE_CURVE('',#1020,#1020,#192,.F.);
#817=EDGE_CURVE('',#1021,#1021,#193,.F.);
#818=EDGE_CURVE('',#1022,#1022,#194,.F.);
#819=EDGE_CURVE('',#1023,#1023,#195,.F.);
#820=EDGE_CURVE('',#1024,#1024,#196,.T.);
#821=EDGE_CURVE('',#1025,#1025,#197,.T.);
#822=EDGE_CURVE('',#1026,#1026,#198,.T.);
#823=EDGE_CURVE('',#1027,#1027,#199,.T.);
#824=EDGE_CURVE('',#1028,#1028,#200,.T.);
#825=EDGE_CURVE('',#1029,#1029,#201,.T.);
#826=EDGE_CURVE('',#1030,#1030,#202,.T.);
#827=EDGE_CURVE('',#1031,#1031,#203,.T.);
#828=EDGE_CURVE('',#1032,#1032,#204,.T.);
#829=EDGE_CURVE('',#1033,#1033,#205,.T.);
#830=EDGE_CURVE('',#1034,#1034,#206,.T.);
#831=EDGE_CURVE('',#1035,#1035,#207,.F.);
#832=EDGE_CURVE('',#1036,#1036,#208,.F.);
#833=EDGE_CURVE('',#1037,#1037,#209,.F.);
#834=EDGE_CURVE('',#1038,#1038,#210,.F.);
#835=EDGE_CURVE('',#1039,#1039,#211,.F.);
#836=EDGE_CURVE('',#1040,#1040,#212,.F.);
#837=EDGE_CURVE('',#1041,#1041,#213,.F.);
#838=EDGE_CURVE('',#1042,#1042,#214,.F.);
#839=EDGE_CURVE('',#1043,#1043,#215,.F.);
#840=EDGE_CURVE('',#1044,#1044,#216,.F.);
#841=EDGE_CURVE('',#1045,#1045,#217,.F.);
#842=EDGE_CURVE('',#1046,#1046,#218,.F.);
#843=EDGE_CURVE('',#1047,#1047,#219,.F.);
#844=EDGE_CURVE('',#1048,#1048,#220,.F.);
#845=EDGE_CURVE('',#1049,#1049,#221,.F.);
#846=EDGE_CURVE('',#1050,#1050,#222,.F.);
#847=EDGE_CURVE('',#1051,#1051,#223,.F.);
#848=EDGE_CURVE('',#1052,#1052,#224,.F.);
#849=EDGE_CURVE('',#1053,#1053,#225,.F.);
#850=EDGE_CURVE('',#1054,#1054,#226,.F.);
#851=EDGE_CURVE('',#1055,#1055,#227,.F.);
#852=EDGE_CURVE('',#1056,#1056,#228,.F.);
#853=EDGE_CURVE('',#1057,#1057,#229,.F.);
#854=EDGE_CURVE('',#1058,#1058,#230,.F.);
#855=EDGE_CURVE('',#1059,#1059,#231,.F.);
#856=EDGE_CURVE('',#1060,#1060,#232,.F.);
#857=EDGE_CURVE('',#1061,#1061,#233,.F.);
#858=EDGE_CURVE('',#1062,#1062,#234,.F.);
#859=EDGE_CURVE('',#1063,#1063,#235,.F.);
#860=EDGE_CURVE('',#1064,#1064,#236,.F.);
#861=EDGE_CURVE('',#1065,#1065,#237,.F.);
#862=EDGE_CURVE('',#1066,#1066,#238,.F.);
#863=EDGE_CURVE('',#1067,#1067,#239,.F.);
#864=EDGE_CURVE('',#1068,#1068,#240,.F.);
#865=EDGE_CURVE('',#1069,#1069,#241,.F.);
#866=EDGE_CURVE('',#1070,#1070,#242,.F.);
#867=EDGE_CURVE('',#1071,#1071,#243,.F.);
#868=EDGE_CURVE('',#1072,#1072,#244,.F.);
#869=EDGE_CURVE('',#1073,#1073,#245,.F.);
#870=EDGE_CURVE('',#1074,#1074,#246,.F.);
#871=EDGE_CURVE('',#1075,#1075,#247,.F.);
#872=EDGE_CURVE('',#1076,#1076,#248,.F.);
#873=EDGE_CURVE('',#1077,#1077,#249,.F.);
#874=EDGE_CURVE('',#1078,#1078,#250,.F.);
#875=EDGE_CURVE('',#1079,#1079,#251,.F.);
#876=EDGE_CURVE('',#1080,#1080,#252,.F.);
#877=EDGE_CURVE('',#1081,#1081,#253,.F.);
#878=EDGE_CURVE('',#1082,#1082,#254,.F.);
#879=EDGE_CURVE('',#1083,#1083,#255,.F.);
#880=EDGE_CURVE('',#1084,#1084,#256,.F.);
#881=EDGE_CURVE('',#1085,#1085,#257,.F.);
#882=EDGE_CURVE('',#1086,#1086,#258,.F.);
#883=EDGE_CURVE('',#1087,#1087,#259,.F.);
#884=EDGE_CURVE('',#1088,#1088,#260,.F.);
#885=EDGE_CURVE('',#1089,#1089,#261,.F.);
#886=EDGE_CURVE('',#1090,#1090,#262,.F.);
#887=EDGE_CURVE('',#1091,#1091,#263,.F.);
#888=EDGE_CURVE('',#1092,#1092,#264,.F.);
#889=EDGE_CURVE('',#1093,#1093,#265,.F.);
#890=EDGE_CURVE('',#1094,#1094,#266,.F.);
#891=EDGE_CURVE('',#1095,#1095,#267,.F.);
#892=EDGE_CURVE('',#1096,#1096,#268,.F.);
#893=EDGE_CURVE('',#1097,#1097,#269,.F.);
#894=EDGE_CURVE('',#1098,#1098,#270,.F.);
#895=EDGE_CURVE('',#1099,#1099,#271,.F.);
#896=EDGE_CURVE('',#1100,#1100,#272,.F.);
#897=EDGE_CURVE('',#1101,#1101,#273,.F.);
#898=EDGE_CURVE('',#1102,#1102,#274,.F.);
#899=EDGE_CURVE('',#1103,#1103,#275,.F.);
#900=EDGE_CURVE('',#1104,#1104,#276,.F.);
#901=EDGE_CURVE('',#1105,#1105,#277,.F.);
#902=EDGE_CURVE('',#1106,#1106,#278,.F.);
#903=EDGE_CURVE('',#1107,#1107,#279,.F.);
#904=EDGE_CURVE('',#1108,#1108,#280,.T.);
#905=EDGE_CURVE('',#1109,#1109,#281,.T.);
#906=EDGE_CURVE('',#1110,#1110,#282,.T.);
#907=EDGE_CURVE('',#1111,#1111,#283,.T.);
#908=EDGE_CURVE('',#1112,#1112,#284,.T.);
#909=EDGE_CURVE('',#1113,#1113,#285,.T.);
#910=EDGE_CURVE('',#1114,#1114,#286,.T.);
#911=EDGE_CURVE('',#1115,#1115,#287,.T.);
#912=EDGE_CURVE('',#1116,#1116,#288,.T.);
#913=EDGE_CURVE('',#1117,#1117,#289,.T.);
#914=EDGE_CURVE('',#1118,#1118,#290,.T.);
#915=EDGE_CURVE('',#1119,#1119,#291,.T.);
#916=EDGE_CURVE('',#1120,#1120,#292,.T.);
#917=EDGE_CURVE('',#1121,#1121,#293,.T.);
#918=EDGE_CURVE('',#1122,#1122,#294,.T.);
#919=EDGE_CURVE('',#1123,#1123,#295,.T.);
#920=EDGE_CURVE('',#1124,#1124,#296,.T.);
#921=EDGE_CURVE('',#1125,#1125,#297,.T.);
#922=EDGE_CURVE('',#1126,#1126,#298,.F.);
#923=EDGE_CURVE('',#1127,#1127,#299,.F.);
#924=EDGE_CURVE('',#1128,#1128,#300,.F.);
#925=EDGE_CURVE('',#1129,#1129,#301,.F.);
#926=EDGE_CURVE('',#1130,#1130,#302,.F.);
#927=EDGE_CURVE('',#1131,#1131,#303,.F.);
#928=EDGE_CURVE('',#1132,#1132,#304,.F.);
#929=EDGE_CURVE('',#1133,#1133,#305,.F.);
#930=VERTEX_POINT('',#2994);
#931=VERTEX_POINT('',#2995);
#932=VERTEX_POINT('',#2997);
#933=VERTEX_POINT('',#2999);
#934=VERTEX_POINT('',#3003);
#935=VERTEX_POINT('',#3004);
#936=VERTEX_POINT('',#3006);
#937=VERTEX_POINT('',#3008);
#938=VERTEX_POINT('',#3018);
#939=VERTEX_POINT('',#3020);
#940=VERTEX_POINT('',#3022);
#941=VERTEX_POINT('',#3024);
#942=VERTEX_POINT('',#3026);
#943=VERTEX_POINT('',#3028);
#944=VERTEX_POINT('',#3030);
#945=VERTEX_POINT('',#3032);
#946=VERTEX_POINT('',#3034);
#947=VERTEX_POINT('',#3036);
#948=VERTEX_POINT('',#3038);
#949=VERTEX_POINT('',#3040);
#950=VERTEX_POINT('',#3042);
#951=VERTEX_POINT('',#3044);
#952=VERTEX_POINT('',#3046);
#953=VERTEX_POINT('',#3048);
#954=VERTEX_POINT('',#3050);
#955=VERTEX_POINT('',#3052);
#956=VERTEX_POINT('',#3054);
#957=VERTEX_POINT('',#3056);
#958=VERTEX_POINT('',#3058);
#959=VERTEX_POINT('',#3060);
#960=VERTEX_POINT('',#3062);
#961=VERTEX_POINT('',#3064);
#962=VERTEX_POINT('',#3066);
#963=VERTEX_POINT('',#3068);
#964=VERTEX_POINT('',#3070);
#965=VERTEX_POINT('',#3072);
#966=VERTEX_POINT('',#3074);
#967=VERTEX_POINT('',#3076);
#968=VERTEX_POINT('',#3078);
#969=VERTEX_POINT('',#3080);
#970=VERTEX_POINT('',#3082);
#971=VERTEX_POINT('',#3084);
#972=VERTEX_POINT('',#3086);
#973=VERTEX_POINT('',#3088);
#974=VERTEX_POINT('',#3090);
#975=VERTEX_POINT('',#3092);
#976=VERTEX_POINT('',#3094);
#977=VERTEX_POINT('',#3096);
#978=VERTEX_POINT('',#3098);
#979=VERTEX_POINT('',#3100);
#980=VERTEX_POINT('',#3102);
#981=VERTEX_POINT('',#3104);
#982=VERTEX_POINT('',#3106);
#983=VERTEX_POINT('',#3108);
#984=VERTEX_POINT('',#3110);
#985=VERTEX_POINT('',#3112);
#986=VERTEX_POINT('',#3114);
#987=VERTEX_POINT('',#3116);
#988=VERTEX_POINT('',#3118);
#989=VERTEX_POINT('',#3120);
#990=VERTEX_POINT('',#3122);
#991=VERTEX_POINT('',#3124);
#992=VERTEX_POINT('',#3126);
#993=VERTEX_POINT('',#3128);
#994=VERTEX_POINT('',#3130);
#995=VERTEX_POINT('',#3132);
#996=VERTEX_POINT('',#3134);
#997=VERTEX_POINT('',#3136);
#998=VERTEX_POINT('',#3138);
#999=VERTEX_POINT('',#3140);
#1000=VERTEX_POINT('',#3142);
#1001=VERTEX_POINT('',#3144);
#1002=VERTEX_POINT('',#3146);
#1003=VERTEX_POINT('',#3148);
#1004=VERTEX_POINT('',#3150);
#1005=VERTEX_POINT('',#3152);
#1006=VERTEX_POINT('',#3154);
#1007=VERTEX_POINT('',#3156);
#1008=VERTEX_POINT('',#3158);
#1009=VERTEX_POINT('',#3160);
#1010=VERTEX_POINT('',#3162);
#1011=VERTEX_POINT('',#3164);
#1012=VERTEX_POINT('',#3166);
#1013=VERTEX_POINT('',#3168);
#1014=VERTEX_POINT('',#3170);
#1015=VERTEX_POINT('',#3172);
#1016=VERTEX_POINT('',#3174);
#1017=VERTEX_POINT('',#3176);
#1018=VERTEX_POINT('',#3178);
#1019=VERTEX_POINT('',#3180);
#1020=VERTEX_POINT('',#3182);
#1021=VERTEX_POINT('',#3184);
#1022=VERTEX_POINT('',#3186);
#1023=VERTEX_POINT('',#3188);
#1024=VERTEX_POINT('',#3190);
#1025=VERTEX_POINT('',#3192);
#1026=VERTEX_POINT('',#3194);
#1027=VERTEX_POINT('',#3196);
#1028=VERTEX_POINT('',#3198);
#1029=VERTEX_POINT('',#3200);
#1030=VERTEX_POINT('',#3202);
#1031=VERTEX_POINT('',#3204);
#1032=VERTEX_POINT('',#3206);
#1033=VERTEX_POINT('',#3208);
#1034=VERTEX_POINT('',#3210);
#1035=VERTEX_POINT('',#3212);
#1036=VERTEX_POINT('',#3215);
#1037=VERTEX_POINT('',#3218);
#1038=VERTEX_POINT('',#3221);
#1039=VERTEX_POINT('',#3224);
#1040=VERTEX_POINT('',#3227);
#1041=VERTEX_POINT('',#3230);
#1042=VERTEX_POINT('',#3233);
#1043=VERTEX_POINT('',#3236);
#1044=VERTEX_POINT('',#3239);
#1045=VERTEX_POINT('',#3242);
#1046=VERTEX_POINT('',#3245);
#1047=VERTEX_POINT('',#3248);
#1048=VERTEX_POINT('',#3251);
#1049=VERTEX_POINT('',#3254);
#1050=VERTEX_POINT('',#3257);
#1051=VERTEX_POINT('',#3260);
#1052=VERTEX_POINT('',#3263);
#1053=VERTEX_POINT('',#3266);
#1054=VERTEX_POINT('',#3269);
#1055=VERTEX_POINT('',#3272);
#1056=VERTEX_POINT('',#3275);
#1057=VERTEX_POINT('',#3278);
#1058=VERTEX_POINT('',#3281);
#1059=VERTEX_POINT('',#3284);
#1060=VERTEX_POINT('',#3287);
#1061=VERTEX_POINT('',#3290);
#1062=VERTEX_POINT('',#3293);
#1063=VERTEX_POINT('',#3296);
#1064=VERTEX_POINT('',#3299);
#1065=VERTEX_POINT('',#3302);
#1066=VERTEX_POINT('',#3305);
#1067=VERTEX_POINT('',#3308);
#1068=VERTEX_POINT('',#3311);
#1069=VERTEX_POINT('',#3314);
#1070=VERTEX_POINT('',#3317);
#1071=VERTEX_POINT('',#3320);
#1072=VERTEX_POINT('',#3323);
#1073=VERTEX_POINT('',#3326);
#1074=VERTEX_POINT('',#3329);
#1075=VERTEX_POINT('',#3332);
#1076=VERTEX_POINT('',#3335);
#1077=VERTEX_POINT('',#3338);
#1078=VERTEX_POINT('',#3341);
#1079=VERTEX_POINT('',#3344);
#1080=VERTEX_POINT('',#3347);
#1081=VERTEX_POINT('',#3350);
#1082=VERTEX_POINT('',#3353);
#1083=VERTEX_POINT('',#3356);
#1084=VERTEX_POINT('',#3359);
#1085=VERTEX_POINT('',#3362);
#1086=VERTEX_POINT('',#3365);
#1087=VERTEX_POINT('',#3368);
#1088=VERTEX_POINT('',#3371);
#1089=VERTEX_POINT('',#3374);
#1090=VERTEX_POINT('',#3377);
#1091=VERTEX_POINT('',#3380);
#1092=VERTEX_POINT('',#3383);
#1093=VERTEX_POINT('',#3386);
#1094=VERTEX_POINT('',#3389);
#1095=VERTEX_POINT('',#3392);
#1096=VERTEX_POINT('',#3395);
#1097=VERTEX_POINT('',#3398);
#1098=VERTEX_POINT('',#3401);
#1099=VERTEX_POINT('',#3404);
#1100=VERTEX_POINT('',#3407);
#1101=VERTEX_POINT('',#3410);
#1102=VERTEX_POINT('',#3413);
#1103=VERTEX_POINT('',#3416);
#1104=VERTEX_POINT('',#3419);
#1105=VERTEX_POINT('',#3422);
#1106=VERTEX_POINT('',#3425);
#1107=VERTEX_POINT('',#3428);
#1108=VERTEX_POINT('',#3431);
#1109=VERTEX_POINT('',#3433);
#1110=VERTEX_POINT('',#3435);
#1111=VERTEX_POINT('',#3437);
#1112=VERTEX_POINT('',#3439);
#1113=VERTEX_POINT('',#3441);
#1114=VERTEX_POINT('',#3443);
#1115=VERTEX_POINT('',#3445);
#1116=VERTEX_POINT('',#3447);
#1117=VERTEX_POINT('',#3449);
#1118=VERTEX_POINT('',#3451);
#1119=VERTEX_POINT('',#3453);
#1120=VERTEX_POINT('',#3455);
#1121=VERTEX_POINT('',#3457);
#1122=VERTEX_POINT('',#3459);
#1123=VERTEX_POINT('',#3461);
#1124=VERTEX_POINT('',#3463);
#1125=VERTEX_POINT('',#3465);
#1126=VERTEX_POINT('',#3467);
#1127=VERTEX_POINT('',#3469);
#1128=VERTEX_POINT('',#3471);
#1129=VERTEX_POINT('',#3473);
#1130=VERTEX_POINT('',#3475);
#1131=VERTEX_POINT('',#3477);
#1132=VERTEX_POINT('',#3479);
#1133=VERTEX_POINT('',#3481);
#1134=LINE('',#2993,#1146);
#1135=LINE('',#2996,#1147);
#1136=LINE('',#2998,#1148);
#1137=LINE('',#3000,#1149);
#1138=LINE('',#3002,#1150);
#1139=LINE('',#3005,#1151);
#1140=LINE('',#3007,#1152);
#1141=LINE('',#3009,#1153);
#1142=LINE('',#3011,#1154);
#1143=LINE('',#3012,#1155);
#1144=LINE('',#3014,#1156);
#1145=LINE('',#3015,#1157);
#1146=VECTOR('',#2381,1.);
#1147=VECTOR('',#2382,1.);
#1148=VECTOR('',#2383,1.);
#1149=VECTOR('',#2384,1.);
#1150=VECTOR('',#2387,1.);
#1151=VECTOR('',#2388,1.);
#1152=VECTOR('',#2389,1.);
#1153=VECTOR('',#2390,1.);
#1154=VECTOR('',#2393,1.);
#1155=VECTOR('',#2394,1.);
#1156=VECTOR('',#2397,1.);
#1157=VECTOR('',#2398,1.);
#1158=EDGE_LOOP('',(#306,#307,#308,#309));
#1159=EDGE_LOOP('',(#310,#311,#312,#313));
#1160=EDGE_LOOP('',(#314,#315,#316,#317));
#1161=EDGE_LOOP('',(#318,#319,#320,#321));
#1162=EDGE_LOOP('',(#322));
#1163=EDGE_LOOP('',(#323));
#1164=EDGE_LOOP('',(#324));
#1165=EDGE_LOOP('',(#325));
#1166=EDGE_LOOP('',(#326));
#1167=EDGE_LOOP('',(#327));
#1168=EDGE_LOOP('',(#328));
#1169=EDGE_LOOP('',(#329));
#1170=EDGE_LOOP('',(#330));
#1171=EDGE_LOOP('',(#331));
#1172=EDGE_LOOP('',(#332));
#1173=EDGE_LOOP('',(#333));
#1174=EDGE_LOOP('',(#334));
#1175=EDGE_LOOP('',(#335));
#1176=EDGE_LOOP('',(#336));
#1177=EDGE_LOOP('',(#337));
#1178=EDGE_LOOP('',(#338));
#1179=EDGE_LOOP('',(#339));
#1180=EDGE_LOOP('',(#340));
#1181=EDGE_LOOP('',(#341));
#1182=EDGE_LOOP('',(#342));
#1183=EDGE_LOOP('',(#343));
#1184=EDGE_LOOP('',(#344));
#1185=EDGE_LOOP('',(#345));
#1186=EDGE_LOOP('',(#346));
#1187=EDGE_LOOP('',(#347));
#1188=EDGE_LOOP('',(#348));
#1189=EDGE_LOOP('',(#349));
#1190=EDGE_LOOP('',(#350));
#1191=EDGE_LOOP('',(#351));
#1192=EDGE_LOOP('',(#352));
#1193=EDGE_LOOP('',(#353));
#1194=EDGE_LOOP('',(#354));
#1195=EDGE_LOOP('',(#355));
#1196=EDGE_LOOP('',(#356));
#1197=EDGE_LOOP('',(#357));
#1198=EDGE_LOOP('',(#358));
#1199=EDGE_LOOP('',(#359));
#1200=EDGE_LOOP('',(#360));
#1201=EDGE_LOOP('',(#361));
#1202=EDGE_LOOP('',(#362));
#1203=EDGE_LOOP('',(#363));
#1204=EDGE_LOOP('',(#364));
#1205=EDGE_LOOP('',(#365));
#1206=EDGE_LOOP('',(#366));
#1207=EDGE_LOOP('',(#367));
#1208=EDGE_LOOP('',(#368));
#1209=EDGE_LOOP('',(#369));
#1210=EDGE_LOOP('',(#370));
#1211=EDGE_LOOP('',(#371));
#1212=EDGE_LOOP('',(#372));
#1213=EDGE_LOOP('',(#373));
#1214=EDGE_LOOP('',(#374));
#1215=EDGE_LOOP('',(#375));
#1216=EDGE_LOOP('',(#376));
#1217=EDGE_LOOP('',(#377));
#1218=EDGE_LOOP('',(#378));
#1219=EDGE_LOOP('',(#379));
#1220=EDGE_LOOP('',(#380));
#1221=EDGE_LOOP('',(#381));
#1222=EDGE_LOOP('',(#382));
#1223=EDGE_LOOP('',(#383));
#1224=EDGE_LOOP('',(#384));
#1225=EDGE_LOOP('',(#385));
#1226=EDGE_LOOP('',(#386));
#1227=EDGE_LOOP('',(#387));
#1228=EDGE_LOOP('',(#388));
#1229=EDGE_LOOP('',(#389));
#1230=EDGE_LOOP('',(#390));
#1231=EDGE_LOOP('',(#391));
#1232=EDGE_LOOP('',(#392));
#1233=EDGE_LOOP('',(#393));
#1234=EDGE_LOOP('',(#394));
#1235=EDGE_LOOP('',(#395));
#1236=EDGE_LOOP('',(#396));
#1237=EDGE_LOOP('',(#397));
#1238=EDGE_LOOP('',(#398));
#1239=EDGE_LOOP('',(#399));
#1240=EDGE_LOOP('',(#400));
#1241=EDGE_LOOP('',(#401));
#1242=EDGE_LOOP('',(#402));
#1243=EDGE_LOOP('',(#403));
#1244=EDGE_LOOP('',(#404));
#1245=EDGE_LOOP('',(#405));
#1246=EDGE_LOOP('',(#406));
#1247=EDGE_LOOP('',(#407));
#1248=EDGE_LOOP('',(#408));
#1249=EDGE_LOOP('',(#409));
#1250=EDGE_LOOP('',(#410));
#1251=EDGE_LOOP('',(#411));
#1252=EDGE_LOOP('',(#412));
#1253=EDGE_LOOP('',(#413));
#1254=EDGE_LOOP('',(#414));
#1255=EDGE_LOOP('',(#415));
#1256=EDGE_LOOP('',(#416));
#1257=EDGE_LOOP('',(#417));
#1258=EDGE_LOOP('',(#418));
#1259=EDGE_LOOP('',(#419));
#1260=EDGE_LOOP('',(#420,#421,#422,#423));
#1261=EDGE_LOOP('',(#424));
#1262=EDGE_LOOP('',(#425));
#1263=EDGE_LOOP('',(#426));
#1264=EDGE_LOOP('',(#427));
#1265=EDGE_LOOP('',(#428));
#1266=EDGE_LOOP('',(#429));
#1267=EDGE_LOOP('',(#430));
#1268=EDGE_LOOP('',(#431));
#1269=EDGE_LOOP('',(#432));
#1270=EDGE_LOOP('',(#433));
#1271=EDGE_LOOP('',(#434));
#1272=EDGE_LOOP('',(#435));
#1273=EDGE_LOOP('',(#436));
#1274=EDGE_LOOP('',(#437));
#1275=EDGE_LOOP('',(#438));
#1276=EDGE_LOOP('',(#439));
#1277=EDGE_LOOP('',(#440));
#1278=EDGE_LOOP('',(#441));
#1279=EDGE_LOOP('',(#442));
#1280=EDGE_LOOP('',(#443));
#1281=EDGE_LOOP('',(#444));
#1282=EDGE_LOOP('',(#445));
#1283=EDGE_LOOP('',(#446));
#1284=EDGE_LOOP('',(#447));
#1285=EDGE_LOOP('',(#448));
#1286=EDGE_LOOP('',(#449));
#1287=EDGE_LOOP('',(#450));
#1288=EDGE_LOOP('',(#451));
#1289=EDGE_LOOP('',(#452));
#1290=EDGE_LOOP('',(#453));
#1291=EDGE_LOOP('',(#454));
#1292=EDGE_LOOP('',(#455));
#1293=EDGE_LOOP('',(#456));
#1294=EDGE_LOOP('',(#457));
#1295=EDGE_LOOP('',(#458));
#1296=EDGE_LOOP('',(#459));
#1297=EDGE_LOOP('',(#460));
#1298=EDGE_LOOP('',(#461));
#1299=EDGE_LOOP('',(#462));
#1300=EDGE_LOOP('',(#463));
#1301=EDGE_LOOP('',(#464));
#1302=EDGE_LOOP('',(#465));
#1303=EDGE_LOOP('',(#466));
#1304=EDGE_LOOP('',(#467));
#1305=EDGE_LOOP('',(#468));
#1306=EDGE_LOOP('',(#469));
#1307=EDGE_LOOP('',(#470));
#1308=EDGE_LOOP('',(#471));
#1309=EDGE_LOOP('',(#472));
#1310=EDGE_LOOP('',(#473));
#1311=EDGE_LOOP('',(#474));
#1312=EDGE_LOOP('',(#475));
#1313=EDGE_LOOP('',(#476));
#1314=EDGE_LOOP('',(#477));
#1315=EDGE_LOOP('',(#478));
#1316=EDGE_LOOP('',(#479));
#1317=EDGE_LOOP('',(#480));
#1318=EDGE_LOOP('',(#481));
#1319=EDGE_LOOP('',(#482));
#1320=EDGE_LOOP('',(#483));
#1321=EDGE_LOOP('',(#484));
#1322=EDGE_LOOP('',(#485));
#1323=EDGE_LOOP('',(#486));
#1324=EDGE_LOOP('',(#487));
#1325=EDGE_LOOP('',(#488));
#1326=EDGE_LOOP('',(#489));
#1327=EDGE_LOOP('',(#490));
#1328=EDGE_LOOP('',(#491));
#1329=EDGE_LOOP('',(#492));
#1330=EDGE_LOOP('',(#493));
#1331=EDGE_LOOP('',(#494));
#1332=EDGE_LOOP('',(#495));
#1333=EDGE_LOOP('',(#496));
#1334=EDGE_LOOP('',(#497));
#1335=EDGE_LOOP('',(#498));
#1336=EDGE_LOOP('',(#499));
#1337=EDGE_LOOP('',(#500));
#1338=EDGE_LOOP('',(#501));
#1339=EDGE_LOOP('',(#502));
#1340=EDGE_LOOP('',(#503));
#1341=EDGE_LOOP('',(#504));
#1342=EDGE_LOOP('',(#505));
#1343=EDGE_LOOP('',(#506));
#1344=EDGE_LOOP('',(#507));
#1345=EDGE_LOOP('',(#508));
#1346=EDGE_LOOP('',(#509));
#1347=EDGE_LOOP('',(#510));
#1348=EDGE_LOOP('',(#511));
#1349=EDGE_LOOP('',(#512));
#1350=EDGE_LOOP('',(#513));
#1351=EDGE_LOOP('',(#514));
#1352=EDGE_LOOP('',(#515));
#1353=EDGE_LOOP('',(#516));
#1354=EDGE_LOOP('',(#517));
#1355=EDGE_LOOP('',(#518));
#1356=EDGE_LOOP('',(#519));
#1357=EDGE_LOOP('',(#520));
#1358=EDGE_LOOP('',(#521));
#1359=EDGE_LOOP('',(#522));
#1360=EDGE_LOOP('',(#523));
#1361=EDGE_LOOP('',(#524));
#1362=EDGE_LOOP('',(#525));
#1363=EDGE_LOOP('',(#526));
#1364=EDGE_LOOP('',(#527));
#1365=EDGE_LOOP('',(#528));
#1366=EDGE_LOOP('',(#529));
#1367=EDGE_LOOP('',(#530));
#1368=EDGE_LOOP('',(#531));
#1369=EDGE_LOOP('',(#532));
#1370=EDGE_LOOP('',(#533));
#1371=EDGE_LOOP('',(#534));
#1372=EDGE_LOOP('',(#535));
#1373=EDGE_LOOP('',(#536));
#1374=EDGE_LOOP('',(#537));
#1375=EDGE_LOOP('',(#538));
#1376=EDGE_LOOP('',(#539));
#1377=EDGE_LOOP('',(#540));
#1378=EDGE_LOOP('',(#541));
#1379=EDGE_LOOP('',(#542));
#1380=EDGE_LOOP('',(#543));
#1381=EDGE_LOOP('',(#544));
#1382=EDGE_LOOP('',(#545));
#1383=EDGE_LOOP('',(#546));
#1384=EDGE_LOOP('',(#547));
#1385=EDGE_LOOP('',(#548));
#1386=EDGE_LOOP('',(#549));
#1387=EDGE_LOOP('',(#550));
#1388=EDGE_LOOP('',(#551));
#1389=EDGE_LOOP('',(#552));
#1390=EDGE_LOOP('',(#553));
#1391=EDGE_LOOP('',(#554));
#1392=EDGE_LOOP('',(#555));
#1393=EDGE_LOOP('',(#556));
#1394=EDGE_LOOP('',(#557));
#1395=EDGE_LOOP('',(#558));
#1396=EDGE_LOOP('',(#559));
#1397=EDGE_LOOP('',(#560));
#1398=EDGE_LOOP('',(#561));
#1399=EDGE_LOOP('',(#562));
#1400=EDGE_LOOP('',(#563));
#1401=EDGE_LOOP('',(#564));
#1402=EDGE_LOOP('',(#565));
#1403=EDGE_LOOP('',(#566));
#1404=EDGE_LOOP('',(#567));
#1405=EDGE_LOOP('',(#568));
#1406=EDGE_LOOP('',(#569));
#1407=EDGE_LOOP('',(#570));
#1408=EDGE_LOOP('',(#571));
#1409=EDGE_LOOP('',(#572));
#1410=EDGE_LOOP('',(#573));
#1411=EDGE_LOOP('',(#574));
#1412=EDGE_LOOP('',(#575));
#1413=EDGE_LOOP('',(#576));
#1414=EDGE_LOOP('',(#577));
#1415=EDGE_LOOP('',(#578));
#1416=EDGE_LOOP('',(#579));
#1417=EDGE_LOOP('',(#580));
#1418=EDGE_LOOP('',(#581));
#1419=EDGE_LOOP('',(#582));
#1420=EDGE_LOOP('',(#583));
#1421=EDGE_LOOP('',(#584));
#1422=EDGE_LOOP('',(#585));
#1423=EDGE_LOOP('',(#586));
#1424=EDGE_LOOP('',(#587));
#1425=EDGE_LOOP('',(#588));
#1426=EDGE_LOOP('',(#589));
#1427=EDGE_LOOP('',(#590));
#1428=EDGE_LOOP('',(#591));
#1429=EDGE_LOOP('',(#592));
#1430=EDGE_LOOP('',(#593));
#1431=EDGE_LOOP('',(#594));
#1432=EDGE_LOOP('',(#595));
#1433=EDGE_LOOP('',(#596));
#1434=EDGE_LOOP('',(#597));
#1435=EDGE_LOOP('',(#598));
#1436=EDGE_LOOP('',(#599));
#1437=EDGE_LOOP('',(#600));
#1438=EDGE_LOOP('',(#601));
#1439=EDGE_LOOP('',(#602));
#1440=EDGE_LOOP('',(#603));
#1441=EDGE_LOOP('',(#604));
#1442=EDGE_LOOP('',(#605));
#1443=EDGE_LOOP('',(#606));
#1444=EDGE_LOOP('',(#607));
#1445=EDGE_LOOP('',(#608));
#1446=EDGE_LOOP('',(#609));
#1447=EDGE_LOOP('',(#610));
#1448=EDGE_LOOP('',(#611));
#1449=EDGE_LOOP('',(#612));
#1450=EDGE_LOOP('',(#613));
#1451=EDGE_LOOP('',(#614));
#1452=EDGE_LOOP('',(#615));
#1453=EDGE_LOOP('',(#616));
#1454=EDGE_LOOP('',(#617));
#1455=EDGE_LOOP('',(#618));
#1456=EDGE_LOOP('',(#619));
#1457=EDGE_LOOP('',(#620));
#1458=EDGE_LOOP('',(#621));
#1459=EDGE_LOOP('',(#622));
#1460=EDGE_LOOP('',(#623));
#1461=EDGE_LOOP('',(#624));
#1462=EDGE_LOOP('',(#625));
#1463=EDGE_LOOP('',(#626));
#1464=EDGE_LOOP('',(#627));
#1465=EDGE_LOOP('',(#628));
#1466=EDGE_LOOP('',(#629));
#1467=EDGE_LOOP('',(#630));
#1468=EDGE_LOOP('',(#631));
#1469=EDGE_LOOP('',(#632));
#1470=EDGE_LOOP('',(#633));
#1471=EDGE_LOOP('',(#634));
#1472=EDGE_LOOP('',(#635));
#1473=EDGE_LOOP('',(#636));
#1474=EDGE_LOOP('',(#637));
#1475=EDGE_LOOP('',(#638));
#1476=EDGE_LOOP('',(#639));
#1477=EDGE_LOOP('',(#640));
#1478=EDGE_LOOP('',(#641));
#1479=EDGE_LOOP('',(#642));
#1480=EDGE_LOOP('',(#643));
#1481=EDGE_LOOP('',(#644));
#1482=EDGE_LOOP('',(#645));
#1483=EDGE_LOOP('',(#646));
#1484=EDGE_LOOP('',(#647));
#1485=EDGE_LOOP('',(#648));
#1486=EDGE_LOOP('',(#649));
#1487=EDGE_LOOP('',(#650));
#1488=EDGE_LOOP('',(#651));
#1489=EDGE_LOOP('',(#652));
#1490=EDGE_LOOP('',(#653));
#1491=EDGE_LOOP('',(#654));
#1492=EDGE_LOOP('',(#655));
#1493=EDGE_LOOP('',(#656));
#1494=EDGE_LOOP('',(#657));
#1495=EDGE_LOOP('',(#658));
#1496=EDGE_LOOP('',(#659));
#1497=EDGE_LOOP('',(#660));
#1498=EDGE_LOOP('',(#661));
#1499=EDGE_LOOP('',(#662));
#1500=EDGE_LOOP('',(#663));
#1501=EDGE_LOOP('',(#664));
#1502=EDGE_LOOP('',(#665));
#1503=EDGE_LOOP('',(#666,#667,#668,#669));
#1504=EDGE_LOOP('',(#670));
#1505=EDGE_LOOP('',(#671));
#1506=EDGE_LOOP('',(#672));
#1507=EDGE_LOOP('',(#673));
#1508=EDGE_LOOP('',(#674));
#1509=EDGE_LOOP('',(#675));
#1510=EDGE_LOOP('',(#676));
#1511=EDGE_LOOP('',(#677));
#1512=EDGE_LOOP('',(#678));
#1513=EDGE_LOOP('',(#679));
#1514=EDGE_LOOP('',(#680));
#1515=EDGE_LOOP('',(#681));
#1516=EDGE_LOOP('',(#682));
#1517=EDGE_LOOP('',(#683));
#1518=EDGE_LOOP('',(#684));
#1519=EDGE_LOOP('',(#685));
#1520=EDGE_LOOP('',(#686));
#1521=EDGE_LOOP('',(#687));
#1522=EDGE_LOOP('',(#688));
#1523=EDGE_LOOP('',(#689));
#1524=EDGE_LOOP('',(#690));
#1525=EDGE_LOOP('',(#691));
#1526=EDGE_LOOP('',(#692));
#1527=EDGE_LOOP('',(#693));
#1528=EDGE_LOOP('',(#694));
#1529=EDGE_LOOP('',(#695));
#1530=EDGE_LOOP('',(#696));
#1531=EDGE_LOOP('',(#697));
#1532=EDGE_LOOP('',(#698));
#1533=EDGE_LOOP('',(#699));
#1534=EDGE_LOOP('',(#700));
#1535=EDGE_LOOP('',(#701));
#1536=EDGE_LOOP('',(#702));
#1537=EDGE_LOOP('',(#703));
#1538=EDGE_LOOP('',(#704));
#1539=EDGE_LOOP('',(#705));
#1540=EDGE_LOOP('',(#706));
#1541=EDGE_LOOP('',(#707));
#1542=EDGE_LOOP('',(#708));
#1543=EDGE_LOOP('',(#709));
#1544=EDGE_LOOP('',(#710));
#1545=EDGE_LOOP('',(#711));
#1546=EDGE_LOOP('',(#712));
#1547=EDGE_LOOP('',(#713));
#1548=EDGE_LOOP('',(#714));
#1549=EDGE_LOOP('',(#715));
#1550=EDGE_LOOP('',(#716));
#1551=EDGE_LOOP('',(#717));
#1552=EDGE_LOOP('',(#718));
#1553=EDGE_LOOP('',(#719));
#1554=EDGE_LOOP('',(#720));
#1555=EDGE_LOOP('',(#721));
#1556=FACE_BOUND('',#1158,.T.);
#1557=FACE_BOUND('',#1159,.T.);
#1558=FACE_BOUND('',#1160,.T.);
#1559=FACE_BOUND('',#1161,.T.);
#1560=FACE_BOUND('',#1162,.T.);
#1561=FACE_BOUND('',#1163,.T.);
#1562=FACE_BOUND('',#1164,.T.);
#1563=FACE_BOUND('',#1165,.T.);
#1564=FACE_BOUND('',#1166,.T.);
#1565=FACE_BOUND('',#1167,.T.);
#1566=FACE_BOUND('',#1168,.T.);
#1567=FACE_BOUND('',#1169,.T.);
#1568=FACE_BOUND('',#1170,.T.);
#1569=FACE_BOUND('',#1171,.T.);
#1570=FACE_BOUND('',#1172,.T.);
#1571=FACE_BOUND('',#1173,.T.);
#1572=FACE_BOUND('',#1174,.T.);
#1573=FACE_BOUND('',#1175,.T.);
#1574=FACE_BOUND('',#1176,.T.);
#1575=FACE_BOUND('',#1177,.T.);
#1576=FACE_BOUND('',#1178,.T.);
#1577=FACE_BOUND('',#1179,.T.);
#1578=FACE_BOUND('',#1180,.T.);
#1579=FACE_BOUND('',#1181,.T.);
#1580=FACE_BOUND('',#1182,.T.);
#1581=FACE_BOUND('',#1183,.T.);
#1582=FACE_BOUND('',#1184,.T.);
#1583=FACE_BOUND('',#1185,.T.);
#1584=FACE_BOUND('',#1186,.T.);
#1585=FACE_BOUND('',#1187,.T.);
#1586=FACE_BOUND('',#1188,.T.);
#1587=FACE_BOUND('',#1189,.T.);
#1588=FACE_BOUND('',#1190,.T.);
#1589=FACE_BOUND('',#1191,.T.);
#1590=FACE_BOUND('',#1192,.T.);
#1591=FACE_BOUND('',#1193,.T.);
#1592=FACE_BOUND('',#1194,.T.);
#1593=FACE_BOUND('',#1195,.T.);
#1594=FACE_BOUND('',#1196,.T.);
#1595=FACE_BOUND('',#1197,.T.);
#1596=FACE_BOUND('',#1198,.T.);
#1597=FACE_BOUND('',#1199,.T.);
#1598=FACE_BOUND('',#1200,.T.);
#1599=FACE_BOUND('',#1201,.T.);
#1600=FACE_BOUND('',#1202,.T.);
#1601=FACE_BOUND('',#1203,.T.);
#1602=FACE_BOUND('',#1204,.T.);
#1603=FACE_BOUND('',#1205,.T.);
#1604=FACE_BOUND('',#1206,.T.);
#1605=FACE_BOUND('',#1207,.T.);
#1606=FACE_BOUND('',#1208,.T.);
#1607=FACE_BOUND('',#1209,.T.);
#1608=FACE_BOUND('',#1210,.T.);
#1609=FACE_BOUND('',#1211,.T.);
#1610=FACE_BOUND('',#1212,.T.);
#1611=FACE_BOUND('',#1213,.T.);
#1612=FACE_BOUND('',#1214,.T.);
#1613=FACE_BOUND('',#1215,.T.);
#1614=FACE_BOUND('',#1216,.T.);
#1615=FACE_BOUND('',#1217,.T.);
#1616=FACE_BOUND('',#1218,.T.);
#1617=FACE_BOUND('',#1219,.T.);
#1618=FACE_BOUND('',#1220,.T.);
#1619=FACE_BOUND('',#1221,.T.);
#1620=FACE_BOUND('',#1222,.T.);
#1621=FACE_BOUND('',#1223,.T.);
#1622=FACE_BOUND('',#1224,.T.);
#1623=FACE_BOUND('',#1225,.T.);
#1624=FACE_BOUND('',#1226,.T.);
#1625=FACE_BOUND('',#1227,.T.);
#1626=FACE_BOUND('',#1228,.T.);
#1627=FACE_BOUND('',#1229,.T.);
#1628=FACE_BOUND('',#1230,.T.);
#1629=FACE_BOUND('',#1231,.T.);
#1630=FACE_BOUND('',#1232,.T.);
#1631=FACE_BOUND('',#1233,.T.);
#1632=FACE_BOUND('',#1234,.T.);
#1633=FACE_BOUND('',#1235,.T.);
#1634=FACE_BOUND('',#1236,.T.);
#1635=FACE_BOUND('',#1237,.T.);
#1636=FACE_BOUND('',#1238,.T.);
#1637=FACE_BOUND('',#1239,.T.);
#1638=FACE_BOUND('',#1240,.T.);
#1639=FACE_BOUND('',#1241,.T.);
#1640=FACE_BOUND('',#1242,.T.);
#1641=FACE_BOUND('',#1243,.T.);
#1642=FACE_BOUND('',#1244,.T.);
#1643=FACE_BOUND('',#1245,.T.);
#1644=FACE_BOUND('',#1246,.T.);
#1645=FACE_BOUND('',#1247,.T.);
#1646=FACE_BOUND('',#1248,.T.);
#1647=FACE_BOUND('',#1249,.T.);
#1648=FACE_BOUND('',#1250,.T.);
#1649=FACE_BOUND('',#1251,.T.);
#1650=FACE_BOUND('',#1252,.T.);
#1651=FACE_BOUND('',#1253,.T.);
#1652=FACE_BOUND('',#1254,.T.);
#1653=FACE_BOUND('',#1255,.T.);
#1654=FACE_BOUND('',#1256,.T.);
#1655=FACE_BOUND('',#1257,.T.);
#1656=FACE_BOUND('',#1258,.T.);
#1657=FACE_BOUND('',#1259,.T.);
#1658=FACE_BOUND('',#1260,.T.);
#1659=FACE_BOUND('',#1261,.T.);
#1660=FACE_BOUND('',#1262,.T.);
#1661=FACE_BOUND('',#1263,.T.);
#1662=FACE_BOUND('',#1264,.T.);
#1663=FACE_BOUND('',#1265,.T.);
#1664=FACE_BOUND('',#1266,.T.);
#1665=FACE_BOUND('',#1267,.T.);
#1666=FACE_BOUND('',#1268,.T.);
#1667=FACE_BOUND('',#1269,.T.);
#1668=FACE_BOUND('',#1270,.T.);
#1669=FACE_BOUND('',#1271,.T.);
#1670=FACE_BOUND('',#1272,.T.);
#1671=FACE_BOUND('',#1273,.T.);
#1672=FACE_BOUND('',#1274,.T.);
#1673=FACE_BOUND('',#1275,.T.);
#1674=FACE_BOUND('',#1276,.T.);
#1675=FACE_BOUND('',#1277,.T.);
#1676=FACE_BOUND('',#1278,.T.);
#1677=FACE_BOUND('',#1279,.T.);
#1678=FACE_BOUND('',#1280,.T.);
#1679=FACE_BOUND('',#1281,.T.);
#1680=FACE_BOUND('',#1282,.T.);
#1681=FACE_BOUND('',#1283,.T.);
#1682=FACE_BOUND('',#1284,.T.);
#1683=FACE_BOUND('',#1285,.T.);
#1684=FACE_BOUND('',#1286,.T.);
#1685=FACE_BOUND('',#1287,.T.);
#1686=FACE_BOUND('',#1288,.T.);
#1687=FACE_BOUND('',#1289,.T.);
#1688=FACE_BOUND('',#1290,.T.);
#1689=FACE_BOUND('',#1291,.T.);
#1690=FACE_BOUND('',#1292,.T.);
#1691=FACE_BOUND('',#1293,.T.);
#1692=FACE_BOUND('',#1294,.T.);
#1693=FACE_BOUND('',#1295,.T.);
#1694=FACE_BOUND('',#1296,.T.);
#1695=FACE_BOUND('',#1297,.T.);
#1696=FACE_BOUND('',#1298,.T.);
#1697=FACE_BOUND('',#1299,.T.);
#1698=FACE_BOUND('',#1300,.T.);
#1699=FACE_BOUND('',#1301,.T.);
#1700=FACE_BOUND('',#1302,.T.);
#1701=FACE_BOUND('',#1303,.T.);
#1702=FACE_BOUND('',#1304,.T.);
#1703=FACE_BOUND('',#1305,.T.);
#1704=FACE_BOUND('',#1306,.T.);
#1705=FACE_BOUND('',#1307,.T.);
#1706=FACE_BOUND('',#1308,.T.);
#1707=FACE_BOUND('',#1309,.T.);
#1708=FACE_BOUND('',#1310,.T.);
#1709=FACE_BOUND('',#1311,.T.);
#1710=FACE_BOUND('',#1312,.T.);
#1711=FACE_BOUND('',#1313,.T.);
#1712=FACE_BOUND('',#1314,.T.);
#1713=FACE_BOUND('',#1315,.T.);
#1714=FACE_BOUND('',#1316,.T.);
#1715=FACE_BOUND('',#1317,.T.);
#1716=FACE_BOUND('',#1318,.T.);
#1717=FACE_BOUND('',#1319,.T.);
#1718=FACE_BOUND('',#1320,.T.);
#1719=FACE_BOUND('',#1321,.T.);
#1720=FACE_BOUND('',#1322,.T.);
#1721=FACE_BOUND('',#1323,.T.);
#1722=FACE_BOUND('',#1324,.T.);
#1723=FACE_BOUND('',#1325,.T.);
#1724=FACE_BOUND('',#1326,.T.);
#1725=FACE_BOUND('',#1327,.T.);
#1726=FACE_BOUND('',#1328,.T.);
#1727=FACE_BOUND('',#1329,.T.);
#1728=FACE_BOUND('',#1330,.T.);
#1729=FACE_BOUND('',#1331,.T.);
#1730=FACE_BOUND('',#1332,.T.);
#1731=FACE_BOUND('',#1333,.T.);
#1732=FACE_BOUND('',#1334,.T.);
#1733=FACE_BOUND('',#1335,.T.);
#1734=FACE_BOUND('',#1336,.T.);
#1735=FACE_BOUND('',#1337,.T.);
#1736=FACE_BOUND('',#1338,.T.);
#1737=FACE_BOUND('',#1339,.T.);
#1738=FACE_BOUND('',#1340,.T.);
#1739=FACE_BOUND('',#1341,.T.);
#1740=FACE_BOUND('',#1342,.T.);
#1741=FACE_BOUND('',#1343,.T.);
#1742=FACE_BOUND('',#1344,.T.);
#1743=FACE_BOUND('',#1345,.T.);
#1744=FACE_BOUND('',#1346,.T.);
#1745=FACE_BOUND('',#1347,.T.);
#1746=FACE_BOUND('',#1348,.T.);
#1747=FACE_BOUND('',#1349,.T.);
#1748=FACE_BOUND('',#1350,.T.);
#1749=FACE_BOUND('',#1351,.T.);
#1750=FACE_BOUND('',#1352,.T.);
#1751=FACE_BOUND('',#1353,.T.);
#1752=FACE_BOUND('',#1354,.T.);
#1753=FACE_BOUND('',#1355,.T.);
#1754=FACE_BOUND('',#1356,.T.);
#1755=FACE_BOUND('',#1357,.T.);
#1756=FACE_BOUND('',#1358,.T.);
#1757=FACE_BOUND('',#1359,.T.);
#1758=FACE_BOUND('',#1360,.T.);
#1759=FACE_BOUND('',#1361,.T.);
#1760=FACE_BOUND('',#1362,.T.);
#1761=FACE_BOUND('',#1363,.T.);
#1762=FACE_BOUND('',#1364,.T.);
#1763=FACE_BOUND('',#1365,.T.);
#1764=FACE_BOUND('',#1366,.T.);
#1765=FACE_BOUND('',#1367,.T.);
#1766=FACE_BOUND('',#1368,.T.);
#1767=FACE_BOUND('',#1369,.T.);
#1768=FACE_BOUND('',#1370,.T.);
#1769=FACE_BOUND('',#1371,.T.);
#1770=FACE_BOUND('',#1372,.T.);
#1771=FACE_BOUND('',#1373,.T.);
#1772=FACE_BOUND('',#1374,.T.);
#1773=FACE_BOUND('',#1375,.T.);
#1774=FACE_BOUND('',#1376,.T.);
#1775=FACE_BOUND('',#1377,.T.);
#1776=FACE_BOUND('',#1378,.T.);
#1777=FACE_BOUND('',#1379,.T.);
#1778=FACE_BOUND('',#1380,.T.);
#1779=FACE_BOUND('',#1381,.T.);
#1780=FACE_BOUND('',#1382,.T.);
#1781=FACE_BOUND('',#1383,.T.);
#1782=FACE_BOUND('',#1384,.T.);
#1783=FACE_BOUND('',#1385,.T.);
#1784=FACE_BOUND('',#1386,.T.);
#1785=FACE_BOUND('',#1387,.T.);
#1786=FACE_BOUND('',#1388,.T.);
#1787=FACE_BOUND('',#1389,.T.);
#1788=FACE_BOUND('',#1390,.T.);
#1789=FACE_BOUND('',#1391,.T.);
#1790=FACE_BOUND('',#1392,.T.);
#1791=FACE_BOUND('',#1393,.T.);
#1792=FACE_BOUND('',#1394,.T.);
#1793=FACE_BOUND('',#1395,.T.);
#1794=FACE_BOUND('',#1396,.T.);
#1795=FACE_BOUND('',#1397,.T.);
#1796=FACE_BOUND('',#1398,.T.);
#1797=FACE_BOUND('',#1399,.T.);
#1798=FACE_BOUND('',#1400,.T.);
#1799=FACE_BOUND('',#1401,.T.);
#1800=FACE_BOUND('',#1402,.T.);
#1801=FACE_BOUND('',#1403,.T.);
#1802=FACE_BOUND('',#1404,.T.);
#1803=FACE_BOUND('',#1405,.T.);
#1804=FACE_BOUND('',#1406,.T.);
#1805=FACE_BOUND('',#1407,.T.);
#1806=FACE_BOUND('',#1408,.T.);
#1807=FACE_BOUND('',#1409,.T.);
#1808=FACE_BOUND('',#1410,.T.);
#1809=FACE_BOUND('',#1411,.T.);
#1810=FACE_BOUND('',#1412,.T.);
#1811=FACE_BOUND('',#1413,.T.);
#1812=FACE_BOUND('',#1414,.T.);
#1813=FACE_BOUND('',#1415,.T.);
#1814=FACE_BOUND('',#1416,.T.);
#1815=FACE_BOUND('',#1417,.T.);
#1816=FACE_BOUND('',#1418,.T.);
#1817=FACE_BOUND('',#1419,.T.);
#1818=FACE_BOUND('',#1420,.T.);
#1819=FACE_BOUND('',#1421,.T.);
#1820=FACE_BOUND('',#1422,.T.);
#1821=FACE_BOUND('',#1423,.T.);
#1822=FACE_BOUND('',#1424,.T.);
#1823=FACE_BOUND('',#1425,.T.);
#1824=FACE_BOUND('',#1426,.T.);
#1825=FACE_BOUND('',#1427,.T.);
#1826=FACE_BOUND('',#1428,.T.);
#1827=FACE_BOUND('',#1429,.T.);
#1828=FACE_BOUND('',#1430,.T.);
#1829=FACE_BOUND('',#1431,.T.);
#1830=FACE_BOUND('',#1432,.T.);
#1831=FACE_BOUND('',#1433,.T.);
#1832=FACE_BOUND('',#1434,.T.);
#1833=FACE_BOUND('',#1435,.T.);
#1834=FACE_BOUND('',#1436,.T.);
#1835=FACE_BOUND('',#1437,.T.);
#1836=FACE_BOUND('',#1438,.T.);
#1837=FACE_BOUND('',#1439,.T.);
#1838=FACE_BOUND('',#1440,.T.);
#1839=FACE_BOUND('',#1441,.T.);
#1840=FACE_BOUND('',#1442,.T.);
#1841=FACE_BOUND('',#1443,.T.);
#1842=FACE_BOUND('',#1444,.T.);
#1843=FACE_BOUND('',#1445,.T.);
#1844=FACE_BOUND('',#1446,.T.);
#1845=FACE_BOUND('',#1447,.T.);
#1846=FACE_BOUND('',#1448,.T.);
#1847=FACE_BOUND('',#1449,.T.);
#1848=FACE_BOUND('',#1450,.T.);
#1849=FACE_BOUND('',#1451,.T.);
#1850=FACE_BOUND('',#1452,.T.);
#1851=FACE_BOUND('',#1453,.T.);
#1852=FACE_BOUND('',#1454,.T.);
#1853=FACE_BOUND('',#1455,.T.);
#1854=FACE_BOUND('',#1456,.T.);
#1855=FACE_BOUND('',#1457,.T.);
#1856=FACE_BOUND('',#1458,.T.);
#1857=FACE_BOUND('',#1459,.T.);
#1858=FACE_BOUND('',#1460,.T.);
#1859=FACE_BOUND('',#1461,.T.);
#1860=FACE_BOUND('',#1462,.T.);
#1861=FACE_BOUND('',#1463,.T.);
#1862=FACE_BOUND('',#1464,.T.);
#1863=FACE_BOUND('',#1465,.T.);
#1864=FACE_BOUND('',#1466,.T.);
#1865=FACE_BOUND('',#1467,.T.);
#1866=FACE_BOUND('',#1468,.T.);
#1867=FACE_BOUND('',#1469,.T.);
#1868=FACE_BOUND('',#1470,.T.);
#1869=FACE_BOUND('',#1471,.T.);
#1870=FACE_BOUND('',#1472,.T.);
#1871=FACE_BOUND('',#1473,.T.);
#1872=FACE_BOUND('',#1474,.T.);
#1873=FACE_BOUND('',#1475,.T.);
#1874=FACE_BOUND('',#1476,.T.);
#1875=FACE_BOUND('',#1477,.T.);
#1876=FACE_BOUND('',#1478,.T.);
#1877=FACE_BOUND('',#1479,.T.);
#1878=FACE_BOUND('',#1480,.T.);
#1879=FACE_BOUND('',#1481,.T.);
#1880=FACE_BOUND('',#1482,.T.);
#1881=FACE_BOUND('',#1483,.T.);
#1882=FACE_BOUND('',#1484,.T.);
#1883=FACE_BOUND('',#1485,.T.);
#1884=FACE_BOUND('',#1486,.T.);
#1885=FACE_BOUND('',#1487,.T.);
#1886=FACE_BOUND('',#1488,.T.);
#1887=FACE_BOUND('',#1489,.T.);
#1888=FACE_BOUND('',#1490,.T.);
#1889=FACE_BOUND('',#1491,.T.);
#1890=FACE_BOUND('',#1492,.T.);
#1891=FACE_BOUND('',#1493,.T.);
#1892=FACE_BOUND('',#1494,.T.);
#1893=FACE_BOUND('',#1495,.T.);
#1894=FACE_BOUND('',#1496,.T.);
#1895=FACE_BOUND('',#1497,.T.);
#1896=FACE_BOUND('',#1498,.T.);
#1897=FACE_BOUND('',#1499,.T.);
#1898=FACE_BOUND('',#1500,.T.);
#1899=FACE_BOUND('',#1501,.T.);
#1900=FACE_BOUND('',#1502,.T.);
#1901=FACE_BOUND('',#1503,.T.);
#1902=FACE_BOUND('',#1504,.T.);
#1903=FACE_BOUND('',#1505,.T.);
#1904=FACE_BOUND('',#1506,.T.);
#1905=FACE_BOUND('',#1507,.T.);
#1906=FACE_BOUND('',#1508,.T.);
#1907=FACE_BOUND('',#1509,.T.);
#1908=FACE_BOUND('',#1510,.T.);
#1909=FACE_BOUND('',#1511,.T.);
#1910=FACE_BOUND('',#1512,.T.);
#1911=FACE_BOUND('',#1513,.T.);
#1912=FACE_BOUND('',#1514,.T.);
#1913=FACE_BOUND('',#1515,.T.);
#1914=FACE_BOUND('',#1516,.T.);
#1915=FACE_BOUND('',#1517,.T.);
#1916=FACE_BOUND('',#1518,.T.);
#1917=FACE_BOUND('',#1519,.T.);
#1918=FACE_BOUND('',#1520,.T.);
#1919=FACE_BOUND('',#1521,.T.);
#1920=FACE_BOUND('',#1522,.T.);
#1921=FACE_BOUND('',#1523,.T.);
#1922=FACE_BOUND('',#1524,.T.);
#1923=FACE_BOUND('',#1525,.T.);
#1924=FACE_BOUND('',#1526,.T.);
#1925=FACE_BOUND('',#1527,.T.);
#1926=FACE_BOUND('',#1528,.T.);
#1927=FACE_BOUND('',#1529,.T.);
#1928=FACE_BOUND('',#1530,.T.);
#1929=FACE_BOUND('',#1531,.T.);
#1930=FACE_BOUND('',#1532,.T.);
#1931=FACE_BOUND('',#1533,.T.);
#1932=FACE_BOUND('',#1534,.T.);
#1933=FACE_BOUND('',#1535,.T.);
#1934=FACE_BOUND('',#1536,.T.);
#1935=FACE_BOUND('',#1537,.T.);
#1936=FACE_BOUND('',#1538,.T.);
#1937=FACE_BOUND('',#1539,.T.);
#1938=FACE_BOUND('',#1540,.T.);
#1939=FACE_BOUND('',#1541,.T.);
#1940=FACE_BOUND('',#1542,.T.);
#1941=FACE_BOUND('',#1543,.T.);
#1942=FACE_BOUND('',#1544,.T.);
#1943=FACE_BOUND('',#1545,.T.);
#1944=FACE_BOUND('',#1546,.T.);
#1945=FACE_BOUND('',#1547,.T.);
#1946=FACE_BOUND('',#1548,.T.);
#1947=FACE_BOUND('',#1549,.T.);
#1948=FACE_BOUND('',#1550,.T.);
#1949=FACE_BOUND('',#1551,.T.);
#1950=FACE_BOUND('',#1552,.T.);
#1951=FACE_BOUND('',#1553,.T.);
#1952=FACE_BOUND('',#1554,.T.);
#1953=FACE_BOUND('',#1555,.T.);
#1954=PLANE('',#2077);
#1955=PLANE('',#2078);
#1956=PLANE('',#2079);
#1957=PLANE('',#2080);
#1958=PLANE('',#2081);
#1959=PLANE('',#2324);
#1960=ADVANCED_FACE('',(#1556),#1954,.F.);
#1961=ADVANCED_FACE('',(#1557),#1955,.T.);
#1962=ADVANCED_FACE('',(#1558),#1956,.T.);
#1963=ADVANCED_FACE('',(#1559),#1957,.F.);
#1964=ADVANCED_FACE('',(#1560,#1561,#1562,#1563,#1564,#1565,#1566,#1567,
#1568,#1569,#1570,#1571,#1572,#1573,#1574,#1575,#1576,#1577,#1578,#1579,
#1580,#1581,#1582,#1583,#1584,#1585,#1586,#1587,#1588,#1589,#1590,#1591,
#1592,#1593,#1594,#1595,#1596,#1597,#1598,#1599,#1600,#1601,#1602,#1603,
#1604,#1605,#1606,#1607,#1608,#1609,#1610,#1611,#1612,#1613,#1614,#1615,
#1616,#1617,#1618,#1619,#1620,#1621,#1622,#1623,#1624,#1625,#1626,#1627,
#1628,#1629,#1630,#1631,#1632,#1633,#1634,#1635,#1636,#1637,#1638,#1639,
#1640,#1641,#1642,#1643,#1644,#1645,#1646,#1647,#1648,#1649,#1650,#1651,
#1652,#1653,#1654,#1655,#1656,#1657,#1658),#1958,.T.);
#1965=ADVANCED_FACE('',(#1659,#1660),#12,.F.);
#1966=ADVANCED_FACE('',(#1661,#1662),#13,.F.);
#1967=ADVANCED_FACE('',(#1663,#1664),#14,.F.);
#1968=ADVANCED_FACE('',(#1665,#1666),#15,.F.);
#1969=ADVANCED_FACE('',(#1667,#1668),#16,.F.);
#1970=ADVANCED_FACE('',(#1669,#1670),#17,.F.);
#1971=ADVANCED_FACE('',(#1671,#1672),#18,.F.);
#1972=ADVANCED_FACE('',(#1673,#1674),#19,.F.);
#1973=ADVANCED_FACE('',(#1675,#1676),#20,.F.);
#1974=ADVANCED_FACE('',(#1677,#1678),#21,.F.);
#1975=ADVANCED_FACE('',(#1679,#1680),#22,.F.);
#1976=ADVANCED_FACE('',(#1681,#1682),#23,.F.);
#1977=ADVANCED_FACE('',(#1683,#1684),#24,.F.);
#1978=ADVANCED_FACE('',(#1685,#1686),#25,.F.);
#1979=ADVANCED_FACE('',(#1687,#1688),#26,.F.);
#1980=ADVANCED_FACE('',(#1689,#1690),#27,.F.);
#1981=ADVANCED_FACE('',(#1691,#1692),#28,.F.);
#1982=ADVANCED_FACE('',(#1693,#1694),#29,.F.);
#1983=ADVANCED_FACE('',(#1695,#1696),#30,.F.);
#1984=ADVANCED_FACE('',(#1697,#1698),#31,.F.);
#1985=ADVANCED_FACE('',(#1699,#1700),#32,.F.);
#1986=ADVANCED_FACE('',(#1701,#1702),#33,.F.);
#1987=ADVANCED_FACE('',(#1703,#1704),#34,.F.);
#1988=ADVANCED_FACE('',(#1705,#1706),#35,.F.);
#1989=ADVANCED_FACE('',(#1707,#1708),#36,.F.);
#1990=ADVANCED_FACE('',(#1709,#1710),#37,.F.);
#1991=ADVANCED_FACE('',(#1711,#1712),#38,.F.);
#1992=ADVANCED_FACE('',(#1713,#1714),#39,.F.);
#1993=ADVANCED_FACE('',(#1715,#1716),#40,.F.);
#1994=ADVANCED_FACE('',(#1717,#1718),#41,.F.);
#1995=ADVANCED_FACE('',(#1719,#1720),#42,.F.);
#1996=ADVANCED_FACE('',(#1721,#1722),#43,.F.);
#1997=ADVANCED_FACE('',(#1723,#1724),#44,.F.);
#1998=ADVANCED_FACE('',(#1725,#1726),#45,.F.);
#1999=ADVANCED_FACE('',(#1727,#1728),#46,.F.);
#2000=ADVANCED_FACE('',(#1729,#1730),#47,.F.);
#2001=ADVANCED_FACE('',(#1731,#1732),#48,.F.);
#2002=ADVANCED_FACE('',(#1733,#1734),#49,.F.);
#2003=ADVANCED_FACE('',(#1735,#1736),#50,.F.);
#2004=ADVANCED_FACE('',(#1737,#1738),#51,.F.);
#2005=ADVANCED_FACE('',(#1739,#1740),#52,.F.);
#2006=ADVANCED_FACE('',(#1741,#1742),#53,.F.);
#2007=ADVANCED_FACE('',(#1743,#1744),#54,.F.);
#2008=ADVANCED_FACE('',(#1745,#1746),#55,.F.);
#2009=ADVANCED_FACE('',(#1747,#1748),#56,.F.);
#2010=ADVANCED_FACE('',(#1749,#1750),#57,.F.);
#2011=ADVANCED_FACE('',(#1751,#1752),#58,.F.);
#2012=ADVANCED_FACE('',(#1753,#1754),#59,.F.);
#2013=ADVANCED_FACE('',(#1755,#1756),#60,.F.);
#2014=ADVANCED_FACE('',(#1757,#1758),#61,.F.);
#2015=ADVANCED_FACE('',(#1759,#1760),#62,.F.);
#2016=ADVANCED_FACE('',(#1761,#1762),#63,.F.);
#2017=ADVANCED_FACE('',(#1763,#1764),#64,.F.);
#2018=ADVANCED_FACE('',(#1765,#1766),#65,.F.);
#2019=ADVANCED_FACE('',(#1767,#1768),#66,.F.);
#2020=ADVANCED_FACE('',(#1769,#1770),#67,.F.);
#2021=ADVANCED_FACE('',(#1771,#1772),#68,.F.);
#2022=ADVANCED_FACE('',(#1773,#1774),#69,.F.);
#2023=ADVANCED_FACE('',(#1775,#1776),#70,.F.);
#2024=ADVANCED_FACE('',(#1777,#1778),#71,.F.);
#2025=ADVANCED_FACE('',(#1779,#1780),#72,.F.);
#2026=ADVANCED_FACE('',(#1781,#1782),#73,.F.);
#2027=ADVANCED_FACE('',(#1783,#1784),#74,.F.);
#2028=ADVANCED_FACE('',(#1785,#1786),#75,.F.);
#2029=ADVANCED_FACE('',(#1787,#1788),#76,.F.);
#2030=ADVANCED_FACE('',(#1789,#1790),#77,.F.);
#2031=ADVANCED_FACE('',(#1791,#1792),#78,.F.);
#2032=ADVANCED_FACE('',(#1793,#1794),#79,.F.);
#2033=ADVANCED_FACE('',(#1795,#1796),#80,.F.);
#2034=ADVANCED_FACE('',(#1797,#1798),#81,.F.);
#2035=ADVANCED_FACE('',(#1799,#1800),#82,.F.);
#2036=ADVANCED_FACE('',(#1801,#1802),#83,.F.);
#2037=ADVANCED_FACE('',(#1803,#1804,#1805,#1806,#1807,#1808,#1809,#1810,
#1811,#1812,#1813,#1814,#1815,#1816,#1817,#1818,#1819,#1820,#1821,#1822,
#1823,#1824,#1825,#1826,#1827,#1828,#1829,#1830,#1831,#1832,#1833,#1834,
#1835,#1836,#1837,#1838,#1839,#1840,#1841,#1842,#1843,#1844,#1845,#1846,
#1847,#1848,#1849,#1850,#1851,#1852,#1853,#1854,#1855,#1856,#1857,#1858,
#1859,#1860,#1861,#1862,#1863,#1864,#1865,#1866,#1867,#1868,#1869,#1870,
#1871,#1872,#1873,#1874,#1875,#1876,#1877,#1878,#1879,#1880,#1881,#1882,
#1883,#1884,#1885,#1886,#1887,#1888,#1889,#1890,#1891,#1892,#1893,#1894,
#1895,#1896,#1897,#1898,#1899,#1900,#1901),#1959,.F.);
#2038=ADVANCED_FACE('',(#1902,#1903),#84,.F.);
#2039=ADVANCED_FACE('',(#1904,#1905),#85,.F.);
#2040=ADVANCED_FACE('',(#1906,#1907),#86,.F.);
#2041=ADVANCED_FACE('',(#1908,#1909),#87,.F.);
#2042=ADVANCED_FACE('',(#1910,#1911),#88,.F.);
#2043=ADVANCED_FACE('',(#1912,#1913),#89,.F.);
#2044=ADVANCED_FACE('',(#1914,#1915),#90,.F.);
#2045=ADVANCED_FACE('',(#1916,#1917),#91,.F.);
#2046=ADVANCED_FACE('',(#1918,#1919),#92,.F.);
#2047=ADVANCED_FACE('',(#1920,#1921),#93,.F.);
#2048=ADVANCED_FACE('',(#1922,#1923),#94,.F.);
#2049=ADVANCED_FACE('',(#1924,#1925),#95,.F.);
#2050=ADVANCED_FACE('',(#1926,#1927),#96,.F.);
#2051=ADVANCED_FACE('',(#1928,#1929),#97,.F.);
#2052=ADVANCED_FACE('',(#1930,#1931),#98,.F.);
#2053=ADVANCED_FACE('',(#1932,#1933),#99,.F.);
#2054=ADVANCED_FACE('',(#1934,#1935),#100,.F.);
#2055=ADVANCED_FACE('',(#1936,#1937),#101,.F.);
#2056=ADVANCED_FACE('',(#1938,#1939),#102,.F.);
#2057=ADVANCED_FACE('',(#1940,#1941),#103,.F.);
#2058=ADVANCED_FACE('',(#1942,#1943),#104,.F.);
#2059=ADVANCED_FACE('',(#1944,#1945),#105,.F.);
#2060=ADVANCED_FACE('',(#1946,#1947),#106,.F.);
#2061=ADVANCED_FACE('',(#1948,#1949),#107,.F.);
#2062=ADVANCED_FACE('',(#1950,#1951),#108,.F.);
#2063=ADVANCED_FACE('',(#1952,#1953),#109,.F.);
#2064=CLOSED_SHELL('',(#1960,#1961,#1962,#1963,#1964,#1965,#1966,#1967,
#1968,#1969,#1970,#1971,#1972,#1973,#1974,#1975,#1976,#1977,#1978,#1979,
#1980,#1981,#1982,#1983,#1984,#1985,#1986,#1987,#1988,#1989,#1990,#1991,
#1992,#1993,#1994,#1995,#1996,#1997,#1998,#1999,#2000,#2001,#2002,#2003,
#2004,#2005,#2006,#2007,#2008,#2009,#2010,#2011,#2012,#2013,#2014,#2015,
#2016,#2017,#2018,#2019,#2020,#2021,#2022,#2023,#2024,#2025,#2026,#2027,
#2028,#2029,#2030,#2031,#2032,#2033,#2034,#2035,#2036,#2037,#2038,#2039,
#2040,#2041,#2042,#2043,#2044,#2045,#2046,#2047,#2048,#2049,#2050,#2051,
#2052,#2053,#2054,#2055,#2056,#2057,#2058,#2059,#2060,#2061,#2062,#2063));
#2065=STYLED_ITEM('',(#2066),#2073);
#2066=PRESENTATION_STYLE_ASSIGNMENT((#2067));
#2067=SURFACE_STYLE_USAGE(.BOTH.,#2068);
#2068=SURFACE_SIDE_STYLE('',(#2069));
#2069=SURFACE_STYLE_FILL_AREA(#2070);
#2070=FILL_AREA_STYLE('',(#2071));
#2071=FILL_AREA_STYLE_COLOUR('',#2072);
#2072=COLOUR_RGB('',0.901960784313726,0.901960784313726,0.901960784313726);
#2073=MANIFOLD_SOLID_BREP('Az Mountplate',#2064);
#2074=SHAPE_DEFINITION_REPRESENTATION(#3514,#2075);
#2075=SHAPE_REPRESENTATION('Az Mountplate',(#2076),#3509);
#2076=AXIS2_PLACEMENT_3D('',#2991,#2377,#2378);
#2077=AXIS2_PLACEMENT_3D('',#2992,#2379,#2380);
#2078=AXIS2_PLACEMENT_3D('',#3001,#2385,#2386);
#2079=AXIS2_PLACEMENT_3D('',#3010,#2391,#2392);
#2080=AXIS2_PLACEMENT_3D('',#3013,#2395,#2396);
#2081=AXIS2_PLACEMENT_3D('',#3016,#2399,#2400);
#2082=AXIS2_PLACEMENT_3D('',#3017,#2401,#2402);
#2083=AXIS2_PLACEMENT_3D('',#3019,#2403,#2404);
#2084=AXIS2_PLACEMENT_3D('',#3021,#2405,#2406);
#2085=AXIS2_PLACEMENT_3D('',#3023,#2407,#2408);
#2086=AXIS2_PLACEMENT_3D('',#3025,#2409,#2410);
#2087=AXIS2_PLACEMENT_3D('',#3027,#2411,#2412);
#2088=AXIS2_PLACEMENT_3D('',#3029,#2413,#2414);
#2089=AXIS2_PLACEMENT_3D('',#3031,#2415,#2416);
#2090=AXIS2_PLACEMENT_3D('',#3033,#2417,#2418);
#2091=AXIS2_PLACEMENT_3D('',#3035,#2419,#2420);
#2092=AXIS2_PLACEMENT_3D('',#3037,#2421,#2422);
#2093=AXIS2_PLACEMENT_3D('',#3039,#2423,#2424);
#2094=AXIS2_PLACEMENT_3D('',#3041,#2425,#2426);
#2095=AXIS2_PLACEMENT_3D('',#3043,#2427,#2428);
#2096=AXIS2_PLACEMENT_3D('',#3045,#2429,#2430);
#2097=AXIS2_PLACEMENT_3D('',#3047,#2431,#2432);
#2098=AXIS2_PLACEMENT_3D('',#3049,#2433,#2434);
#2099=AXIS2_PLACEMENT_3D('',#3051,#2435,#2436);
#2100=AXIS2_PLACEMENT_3D('',#3053,#2437,#2438);
#2101=AXIS2_PLACEMENT_3D('',#3055,#2439,#2440);
#2102=AXIS2_PLACEMENT_3D('',#3057,#2441,#2442);
#2103=AXIS2_PLACEMENT_3D('',#3059,#2443,#2444);
#2104=AXIS2_PLACEMENT_3D('',#3061,#2445,#2446);
#2105=AXIS2_PLACEMENT_3D('',#3063,#2447,#2448);
#2106=AXIS2_PLACEMENT_3D('',#3065,#2449,#2450);
#2107=AXIS2_PLACEMENT_3D('',#3067,#2451,#2452);
#2108=AXIS2_PLACEMENT_3D('',#3069,#2453,#2454);
#2109=AXIS2_PLACEMENT_3D('',#3071,#2455,#2456);
#2110=AXIS2_PLACEMENT_3D('',#3073,#2457,#2458);
#2111=AXIS2_PLACEMENT_3D('',#3075,#2459,#2460);
#2112=AXIS2_PLACEMENT_3D('',#3077,#2461,#2462);
#2113=AXIS2_PLACEMENT_3D('',#3079,#2463,#2464);
#2114=AXIS2_PLACEMENT_3D('',#3081,#2465,#2466);
#2115=AXIS2_PLACEMENT_3D('',#3083,#2467,#2468);
#2116=AXIS2_PLACEMENT_3D('',#3085,#2469,#2470);
#2117=AXIS2_PLACEMENT_3D('',#3087,#2471,#2472);
#2118=AXIS2_PLACEMENT_3D('',#3089,#2473,#2474);
#2119=AXIS2_PLACEMENT_3D('',#3091,#2475,#2476);
#2120=AXIS2_PLACEMENT_3D('',#3093,#2477,#2478);
#2121=AXIS2_PLACEMENT_3D('',#3095,#2479,#2480);
#2122=AXIS2_PLACEMENT_3D('',#3097,#2481,#2482);
#2123=AXIS2_PLACEMENT_3D('',#3099,#2483,#2484);
#2124=AXIS2_PLACEMENT_3D('',#3101,#2485,#2486);
#2125=AXIS2_PLACEMENT_3D('',#3103,#2487,#2488);
#2126=AXIS2_PLACEMENT_3D('',#3105,#2489,#2490);
#2127=AXIS2_PLACEMENT_3D('',#3107,#2491,#2492);
#2128=AXIS2_PLACEMENT_3D('',#3109,#2493,#2494);
#2129=AXIS2_PLACEMENT_3D('',#3111,#2495,#2496);
#2130=AXIS2_PLACEMENT_3D('',#3113,#2497,#2498);
#2131=AXIS2_PLACEMENT_3D('',#3115,#2499,#2500);
#2132=AXIS2_PLACEMENT_3D('',#3117,#2501,#2502);
#2133=AXIS2_PLACEMENT_3D('',#3119,#2503,#2504);
#2134=AXIS2_PLACEMENT_3D('',#3121,#2505,#2506);
#2135=AXIS2_PLACEMENT_3D('',#3123,#2507,#2508);
#2136=AXIS2_PLACEMENT_3D('',#3125,#2509,#2510);
#2137=AXIS2_PLACEMENT_3D('',#3127,#2511,#2512);
#2138=AXIS2_PLACEMENT_3D('',#3129,#2513,#2514);
#2139=AXIS2_PLACEMENT_3D('',#3131,#2515,#2516);
#2140=AXIS2_PLACEMENT_3D('',#3133,#2517,#2518);
#2141=AXIS2_PLACEMENT_3D('',#3135,#2519,#2520);
#2142=AXIS2_PLACEMENT_3D('',#3137,#2521,#2522);
#2143=AXIS2_PLACEMENT_3D('',#3139,#2523,#2524);
#2144=AXIS2_PLACEMENT_3D('',#3141,#2525,#2526);
#2145=AXIS2_PLACEMENT_3D('',#3143,#2527,#2528);
#2146=AXIS2_PLACEMENT_3D('',#3145,#2529,#2530);
#2147=AXIS2_PLACEMENT_3D('',#3147,#2531,#2532);
#2148=AXIS2_PLACEMENT_3D('',#3149,#2533,#2534);
#2149=AXIS2_PLACEMENT_3D('',#3151,#2535,#2536);
#2150=AXIS2_PLACEMENT_3D('',#3153,#2537,#2538);
#2151=AXIS2_PLACEMENT_3D('',#3155,#2539,#2540);
#2152=AXIS2_PLACEMENT_3D('',#3157,#2541,#2542);
#2153=AXIS2_PLACEMENT_3D('',#3159,#2543,#2544);
#2154=AXIS2_PLACEMENT_3D('',#3161,#2545,#2546);
#2155=AXIS2_PLACEMENT_3D('',#3163,#2547,#2548);
#2156=AXIS2_PLACEMENT_3D('',#3165,#2549,#2550);
#2157=AXIS2_PLACEMENT_3D('',#3167,#2551,#2552);
#2158=AXIS2_PLACEMENT_3D('',#3169,#2553,#2554);
#2159=AXIS2_PLACEMENT_3D('',#3171,#2555,#2556);
#2160=AXIS2_PLACEMENT_3D('',#3173,#2557,#2558);
#2161=AXIS2_PLACEMENT_3D('',#3175,#2559,#2560);
#2162=AXIS2_PLACEMENT_3D('',#3177,#2561,#2562);
#2163=AXIS2_PLACEMENT_3D('',#3179,#2563,#2564);
#2164=AXIS2_PLACEMENT_3D('',#3181,#2565,#2566);
#2165=AXIS2_PLACEMENT_3D('',#3183,#2567,#2568);
#2166=AXIS2_PLACEMENT_3D('',#3185,#2569,#2570);
#2167=AXIS2_PLACEMENT_3D('',#3187,#2571,#2572);
#2168=AXIS2_PLACEMENT_3D('',#3189,#2573,#2574);
#2169=AXIS2_PLACEMENT_3D('',#3191,#2575,#2576);
#2170=AXIS2_PLACEMENT_3D('',#3193,#2577,#2578);
#2171=AXIS2_PLACEMENT_3D('',#3195,#2579,#2580);
#2172=AXIS2_PLACEMENT_3D('',#3197,#2581,#2582);
#2173=AXIS2_PLACEMENT_3D('',#3199,#2583,#2584);
#2174=AXIS2_PLACEMENT_3D('',#3201,#2585,#2586);
#2175=AXIS2_PLACEMENT_3D('',#3203,#2587,#2588);
#2176=AXIS2_PLACEMENT_3D('',#3205,#2589,#2590);
#2177=AXIS2_PLACEMENT_3D('',#3207,#2591,#2592);
#2178=AXIS2_PLACEMENT_3D('',#3209,#2593,#2594);
#2179=AXIS2_PLACEMENT_3D('',#3211,#2595,#2596);
#2180=AXIS2_PLACEMENT_3D('',#3213,#2597,#2598);
#2181=AXIS2_PLACEMENT_3D('',#3214,#2599,#2600);
#2182=AXIS2_PLACEMENT_3D('',#3216,#2601,#2602);
#2183=AXIS2_PLACEMENT_3D('',#3217,#2603,#2604);
#2184=AXIS2_PLACEMENT_3D('',#3219,#2605,#2606);
#2185=AXIS2_PLACEMENT_3D('',#3220,#2607,#2608);
#2186=AXIS2_PLACEMENT_3D('',#3222,#2609,#2610);
#2187=AXIS2_PLACEMENT_3D('',#3223,#2611,#2612);
#2188=AXIS2_PLACEMENT_3D('',#3225,#2613,#2614);
#2189=AXIS2_PLACEMENT_3D('',#3226,#2615,#2616);
#2190=AXIS2_PLACEMENT_3D('',#3228,#2617,#2618);
#2191=AXIS2_PLACEMENT_3D('',#3229,#2619,#2620);
#2192=AXIS2_PLACEMENT_3D('',#3231,#2621,#2622);
#2193=AXIS2_PLACEMENT_3D('',#3232,#2623,#2624);
#2194=AXIS2_PLACEMENT_3D('',#3234,#2625,#2626);
#2195=AXIS2_PLACEMENT_3D('',#3235,#2627,#2628);
#2196=AXIS2_PLACEMENT_3D('',#3237,#2629,#2630);
#2197=AXIS2_PLACEMENT_3D('',#3238,#2631,#2632);
#2198=AXIS2_PLACEMENT_3D('',#3240,#2633,#2634);
#2199=AXIS2_PLACEMENT_3D('',#3241,#2635,#2636);
#2200=AXIS2_PLACEMENT_3D('',#3243,#2637,#2638);
#2201=AXIS2_PLACEMENT_3D('',#3244,#2639,#2640);
#2202=AXIS2_PLACEMENT_3D('',#3246,#2641,#2642);
#2203=AXIS2_PLACEMENT_3D('',#3247,#2643,#2644);
#2204=AXIS2_PLACEMENT_3D('',#3249,#2645,#2646);
#2205=AXIS2_PLACEMENT_3D('',#3250,#2647,#2648);
#2206=AXIS2_PLACEMENT_3D('',#3252,#2649,#2650);
#2207=AXIS2_PLACEMENT_3D('',#3253,#2651,#2652);
#2208=AXIS2_PLACEMENT_3D('',#3255,#2653,#2654);
#2209=AXIS2_PLACEMENT_3D('',#3256,#2655,#2656);
#2210=AXIS2_PLACEMENT_3D('',#3258,#2657,#2658);
#2211=AXIS2_PLACEMENT_3D('',#3259,#2659,#2660);
#2212=AXIS2_PLACEMENT_3D('',#3261,#2661,#2662);
#2213=AXIS2_PLACEMENT_3D('',#3262,#2663,#2664);
#2214=AXIS2_PLACEMENT_3D('',#3264,#2665,#2666);
#2215=AXIS2_PLACEMENT_3D('',#3265,#2667,#2668);
#2216=AXIS2_PLACEMENT_3D('',#3267,#2669,#2670);
#2217=AXIS2_PLACEMENT_3D('',#3268,#2671,#2672);
#2218=AXIS2_PLACEMENT_3D('',#3270,#2673,#2674);
#2219=AXIS2_PLACEMENT_3D('',#3271,#2675,#2676);
#2220=AXIS2_PLACEMENT_3D('',#3273,#2677,#2678);
#2221=AXIS2_PLACEMENT_3D('',#3274,#2679,#2680);
#2222=AXIS2_PLACEMENT_3D('',#3276,#2681,#2682);
#2223=AXIS2_PLACEMENT_3D('',#3277,#2683,#2684);
#2224=AXIS2_PLACEMENT_3D('',#3279,#2685,#2686);
#2225=AXIS2_PLACEMENT_3D('',#3280,#2687,#2688);
#2226=AXIS2_PLACEMENT_3D('',#3282,#2689,#2690);
#2227=AXIS2_PLACEMENT_3D('',#3283,#2691,#2692);
#2228=AXIS2_PLACEMENT_3D('',#3285,#2693,#2694);
#2229=AXIS2_PLACEMENT_3D('',#3286,#2695,#2696);
#2230=AXIS2_PLACEMENT_3D('',#3288,#2697,#2698);
#2231=AXIS2_PLACEMENT_3D('',#3289,#2699,#2700);
#2232=AXIS2_PLACEMENT_3D('',#3291,#2701,#2702);
#2233=AXIS2_PLACEMENT_3D('',#3292,#2703,#2704);
#2234=AXIS2_PLACEMENT_3D('',#3294,#2705,#2706);
#2235=AXIS2_PLACEMENT_3D('',#3295,#2707,#2708);
#2236=AXIS2_PLACEMENT_3D('',#3297,#2709,#2710);
#2237=AXIS2_PLACEMENT_3D('',#3298,#2711,#2712);
#2238=AXIS2_PLACEMENT_3D('',#3300,#2713,#2714);
#2239=AXIS2_PLACEMENT_3D('',#3301,#2715,#2716);
#2240=AXIS2_PLACEMENT_3D('',#3303,#2717,#2718);
#2241=AXIS2_PLACEMENT_3D('',#3304,#2719,#2720);
#2242=AXIS2_PLACEMENT_3D('',#3306,#2721,#2722);
#2243=AXIS2_PLACEMENT_3D('',#3307,#2723,#2724);
#2244=AXIS2_PLACEMENT_3D('',#3309,#2725,#2726);
#2245=AXIS2_PLACEMENT_3D('',#3310,#2727,#2728);
#2246=AXIS2_PLACEMENT_3D('',#3312,#2729,#2730);
#2247=AXIS2_PLACEMENT_3D('',#3313,#2731,#2732);
#2248=AXIS2_PLACEMENT_3D('',#3315,#2733,#2734);
#2249=AXIS2_PLACEMENT_3D('',#3316,#2735,#2736);
#2250=AXIS2_PLACEMENT_3D('',#3318,#2737,#2738);
#2251=AXIS2_PLACEMENT_3D('',#3319,#2739,#2740);
#2252=AXIS2_PLACEMENT_3D('',#3321,#2741,#2742);
#2253=AXIS2_PLACEMENT_3D('',#3322,#2743,#2744);
#2254=AXIS2_PLACEMENT_3D('',#3324,#2745,#2746);
#2255=AXIS2_PLACEMENT_3D('',#3325,#2747,#2748);
#2256=AXIS2_PLACEMENT_3D('',#3327,#2749,#2750);
#2257=AXIS2_PLACEMENT_3D('',#3328,#2751,#2752);
#2258=AXIS2_PLACEMENT_3D('',#3330,#2753,#2754);
#2259=AXIS2_PLACEMENT_3D('',#3331,#2755,#2756);
#2260=AXIS2_PLACEMENT_3D('',#3333,#2757,#2758);
#2261=AXIS2_PLACEMENT_3D('',#3334,#2759,#2760);
#2262=AXIS2_PLACEMENT_3D('',#3336,#2761,#2762);
#2263=AXIS2_PLACEMENT_3D('',#3337,#2763,#2764);
#2264=AXIS2_PLACEMENT_3D('',#3339,#2765,#2766);
#2265=AXIS2_PLACEMENT_3D('',#3340,#2767,#2768);
#2266=AXIS2_PLACEMENT_3D('',#3342,#2769,#2770);
#2267=AXIS2_PLACEMENT_3D('',#3343,#2771,#2772);
#2268=AXIS2_PLACEMENT_3D('',#3345,#2773,#2774);
#2269=AXIS2_PLACEMENT_3D('',#3346,#2775,#2776);
#2270=AXIS2_PLACEMENT_3D('',#3348,#2777,#2778);
#2271=AXIS2_PLACEMENT_3D('',#3349,#2779,#2780);
#2272=AXIS2_PLACEMENT_3D('',#3351,#2781,#2782);
#2273=AXIS2_PLACEMENT_3D('',#3352,#2783,#2784);
#2274=AXIS2_PLACEMENT_3D('',#3354,#2785,#2786);
#2275=AXIS2_PLACEMENT_3D('',#3355,#2787,#2788);
#2276=AXIS2_PLACEMENT_3D('',#3357,#2789,#2790);
#2277=AXIS2_PLACEMENT_3D('',#3358,#2791,#2792);
#2278=AXIS2_PLACEMENT_3D('',#3360,#2793,#2794);
#2279=AXIS2_PLACEMENT_3D('',#3361,#2795,#2796);
#2280=AXIS2_PLACEMENT_3D('',#3363,#2797,#2798);
#2281=AXIS2_PLACEMENT_3D('',#3364,#2799,#2800);
#2282=AXIS2_PLACEMENT_3D('',#3366,#2801,#2802);
#2283=AXIS2_PLACEMENT_3D('',#3367,#2803,#2804);
#2284=AXIS2_PLACEMENT_3D('',#3369,#2805,#2806);
#2285=AXIS2_PLACEMENT_3D('',#3370,#2807,#2808);
#2286=AXIS2_PLACEMENT_3D('',#3372,#2809,#2810);
#2287=AXIS2_PLACEMENT_3D('',#3373,#2811,#2812);
#2288=AXIS2_PLACEMENT_3D('',#3375,#2813,#2814);
#2289=AXIS2_PLACEMENT_3D('',#3376,#2815,#2816);
#2290=AXIS2_PLACEMENT_3D('',#3378,#2817,#2818);
#2291=AXIS2_PLACEMENT_3D('',#3379,#2819,#2820);
#2292=AXIS2_PLACEMENT_3D('',#3381,#2821,#2822);
#2293=AXIS2_PLACEMENT_3D('',#3382,#2823,#2824);
#2294=AXIS2_PLACEMENT_3D('',#3384,#2825,#2826);
#2295=AXIS2_PLACEMENT_3D('',#3385,#2827,#2828);
#2296=AXIS2_PLACEMENT_3D('',#3387,#2829,#2830);
#2297=AXIS2_PLACEMENT_3D('',#3388,#2831,#2832);
#2298=AXIS2_PLACEMENT_3D('',#3390,#2833,#2834);
#2299=AXIS2_PLACEMENT_3D('',#3391,#2835,#2836);
#2300=AXIS2_PLACEMENT_3D('',#3393,#2837,#2838);
#2301=AXIS2_PLACEMENT_3D('',#3394,#2839,#2840);
#2302=AXIS2_PLACEMENT_3D('',#3396,#2841,#2842);
#2303=AXIS2_PLACEMENT_3D('',#3397,#2843,#2844);
#2304=AXIS2_PLACEMENT_3D('',#3399,#2845,#2846);
#2305=AXIS2_PLACEMENT_3D('',#3400,#2847,#2848);
#2306=AXIS2_PLACEMENT_3D('',#3402,#2849,#2850);
#2307=AXIS2_PLACEMENT_3D('',#3403,#2851,#2852);
#2308=AXIS2_PLACEMENT_3D('',#3405,#2853,#2854);
#2309=AXIS2_PLACEMENT_3D('',#3406,#2855,#2856);
#2310=AXIS2_PLACEMENT_3D('',#3408,#2857,#2858);
#2311=AXIS2_PLACEMENT_3D('',#3409,#2859,#2860);
#2312=AXIS2_PLACEMENT_3D('',#3411,#2861,#2862);
#2313=AXIS2_PLACEMENT_3D('',#3412,#2863,#2864);
#2314=AXIS2_PLACEMENT_3D('',#3414,#2865,#2866);
#2315=AXIS2_PLACEMENT_3D('',#3415,#2867,#2868);
#2316=AXIS2_PLACEMENT_3D('',#3417,#2869,#2870);
#2317=AXIS2_PLACEMENT_3D('',#3418,#2871,#2872);
#2318=AXIS2_PLACEMENT_3D('',#3420,#2873,#2874);
#2319=AXIS2_PLACEMENT_3D('',#3421,#2875,#2876);
#2320=AXIS2_PLACEMENT_3D('',#3423,#2877,#2878);
#2321=AXIS2_PLACEMENT_3D('',#3424,#2879,#2880);
#2322=AXIS2_PLACEMENT_3D('',#3426,#2881,#2882);
#2323=AXIS2_PLACEMENT_3D('',#3427,#2883,#2884);
#2324=AXIS2_PLACEMENT_3D('',#3429,#2885,#2886);
#2325=AXIS2_PLACEMENT_3D('',#3430,#2887,#2888);
#2326=AXIS2_PLACEMENT_3D('',#3432,#2889,#2890);
#2327=AXIS2_PLACEMENT_3D('',#3434,#2891,#2892);
#2328=AXIS2_PLACEMENT_3D('',#3436,#2893,#2894);
#2329=AXIS2_PLACEMENT_3D('',#3438,#2895,#2896);
#2330=AXIS2_PLACEMENT_3D('',#3440,#2897,#2898);
#2331=AXIS2_PLACEMENT_3D('',#3442,#2899,#2900);
#2332=AXIS2_PLACEMENT_3D('',#3444,#2901,#2902);
#2333=AXIS2_PLACEMENT_3D('',#3446,#2903,#2904);
#2334=AXIS2_PLACEMENT_3D('',#3448,#2905,#2906);
#2335=AXIS2_PLACEMENT_3D('',#3450,#2907,#2908);
#2336=AXIS2_PLACEMENT_3D('',#3452,#2909,#2910);
#2337=AXIS2_PLACEMENT_3D('',#3454,#2911,#2912);
#2338=AXIS2_PLACEMENT_3D('',#3456,#2913,#2914);
#2339=AXIS2_PLACEMENT_3D('',#3458,#2915,#2916);
#2340=AXIS2_PLACEMENT_3D('',#3460,#2917,#2918);
#2341=AXIS2_PLACEMENT_3D('',#3462,#2919,#2920);
#2342=AXIS2_PLACEMENT_3D('',#3464,#2921,#2922);
#2343=AXIS2_PLACEMENT_3D('',#3466,#2923,#2924);
#2344=AXIS2_PLACEMENT_3D('',#3468,#2925,#2926);
#2345=AXIS2_PLACEMENT_3D('',#3470,#2927,#2928);
#2346=AXIS2_PLACEMENT_3D('',#3472,#2929,#2930);
#2347=AXIS2_PLACEMENT_3D('',#3474,#2931,#2932);
#2348=AXIS2_PLACEMENT_3D('',#3476,#2933,#2934);
#2349=AXIS2_PLACEMENT_3D('',#3478,#2935,#2936);
#2350=AXIS2_PLACEMENT_3D('',#3480,#2937,#2938);
#2351=AXIS2_PLACEMENT_3D('',#3482,#2939,#2940);
#2352=AXIS2_PLACEMENT_3D('',#3483,#2941,#2942);
#2353=AXIS2_PLACEMENT_3D('',#3484,#2943,#2944);
#2354=AXIS2_PLACEMENT_3D('',#3485,#2945,#2946);
#2355=AXIS2_PLACEMENT_3D('',#3486,#2947,#2948);
#2356=AXIS2_PLACEMENT_3D('',#3487,#2949,#2950);
#2357=AXIS2_PLACEMENT_3D('',#3488,#2951,#2952);
#2358=AXIS2_PLACEMENT_3D('',#3489,#2953,#2954);
#2359=AXIS2_PLACEMENT_3D('',#3490,#2955,#2956);
#2360=AXIS2_PLACEMENT_3D('',#3491,#2957,#2958);
#2361=AXIS2_PLACEMENT_3D('',#3492,#2959,#2960);
#2362=AXIS2_PLACEMENT_3D('',#3493,#2961,#2962);
#2363=AXIS2_PLACEMENT_3D('',#3494,#2963,#2964);
#2364=AXIS2_PLACEMENT_3D('',#3495,#2965,#2966);
#2365=AXIS2_PLACEMENT_3D('',#3496,#2967,#2968);
#2366=AXIS2_PLACEMENT_3D('',#3497,#2969,#2970);
#2367=AXIS2_PLACEMENT_3D('',#3498,#2971,#2972);
#2368=AXIS2_PLACEMENT_3D('',#3499,#2973,#2974);
#2369=AXIS2_PLACEMENT_3D('',#3500,#2975,#2976);
#2370=AXIS2_PLACEMENT_3D('',#3501,#2977,#2978);
#2371=AXIS2_PLACEMENT_3D('',#3502,#2979,#2980);
#2372=AXIS2_PLACEMENT_3D('',#3503,#2981,#2982);
#2373=AXIS2_PLACEMENT_3D('',#3504,#2983,#2984);
#2374=AXIS2_PLACEMENT_3D('',#3505,#2985,#2986);
#2375=AXIS2_PLACEMENT_3D('',#3506,#2987,#2988);
#2376=AXIS2_PLACEMENT_3D('',#3507,#2989,#2990);
#2377=DIRECTION('',(0.,0.,1.));
#2378=DIRECTION('',(1.,0.,0.));
#2379=DIRECTION('',(1.,0.,0.));
#2380=DIRECTION('',(0.,0.,-1.));
#2381=DIRECTION('',(0.,1.,0.));
#2382=DIRECTION('',(0.,0.,-1.));
#2383=DIRECTION('',(0.,1.,0.));
#2384=DIRECTION('',(0.,0.,-1.));
#2385=DIRECTION('',(1.,0.,0.));
#2386=DIRECTION('',(0.,0.,-1.));
#2387=DIRECTION('',(0.,0.,-1.));
#2388=DIRECTION('',(0.,1.,0.));
#2389=DIRECTION('',(0.,0.,-1.));
#2390=DIRECTION('',(0.,1.,0.));
#2391=DIRECTION('',(0.,-1.,0.));
#2392=DIRECTION('',(1.,0.,0.));
#2393=DIRECTION('',(1.,0.,0.));
#2394=DIRECTION('',(1.,0.,0.));
#2395=DIRECTION('',(0.,-1.,0.));
#2396=DIRECTION('',(1.,0.,0.));
#2397=DIRECTION('',(1.,0.,0.));
#2398=DIRECTION('',(1.,0.,0.));
#2399=DIRECTION('',(0.,0.,1.));
#2400=DIRECTION('',(1.,0.,0.));
#2401=DIRECTION('',(0.,0.,1.));
#2402=DIRECTION('',(1.,0.,0.));
#2403=DIRECTION('',(0.,0.,1.));
#2404=DIRECTION('',(1.,0.,0.));
#2405=DIRECTION('',(0.,0.,1.));
#2406=DIRECTION('',(1.,0.,0.));
#2407=DIRECTION('',(0.,0.,1.));
#2408=DIRECTION('',(1.,0.,0.));
#2409=DIRECTION('',(0.,0.,1.));
#2410=DIRECTION('',(1.,0.,0.));
#2411=DIRECTION('',(0.,0.,1.));
#2412=DIRECTION('',(1.,0.,0.));
#2413=DIRECTION('',(0.,0.,1.));
#2414=DIRECTION('',(1.,0.,0.));
#2415=DIRECTION('',(0.,0.,1.));
#2416=DIRECTION('',(1.,0.,0.));
#2417=DIRECTION('',(0.,0.,1.));
#2418=DIRECTION('',(1.,0.,0.));
#2419=DIRECTION('',(0.,0.,1.));
#2420=DIRECTION('',(1.,0.,0.));
#2421=DIRECTION('',(0.,0.,1.));
#2422=DIRECTION('',(1.,0.,0.));
#2423=DIRECTION('',(0.,0.,1.));
#2424=DIRECTION('',(1.,0.,0.));
#2425=DIRECTION('',(0.,0.,1.));
#2426=DIRECTION('',(1.,0.,0.));
#2427=DIRECTION('',(0.,0.,1.));
#2428=DIRECTION('',(1.,0.,0.));
#2429=DIRECTION('',(0.,0.,1.));
#2430=DIRECTION('',(1.,0.,0.));
#2431=DIRECTION('',(0.,0.,1.));
#2432=DIRECTION('',(1.,0.,0.));
#2433=DIRECTION('',(0.,0.,1.));
#2434=DIRECTION('',(1.,0.,0.));
#2435=DIRECTION('',(0.,0.,1.));
#2436=DIRECTION('',(1.,0.,0.));
#2437=DIRECTION('',(0.,0.,1.));
#2438=DIRECTION('',(1.,0.,0.));
#2439=DIRECTION('',(0.,0.,1.));
#2440=DIRECTION('',(1.,0.,0.));
#2441=DIRECTION('',(0.,0.,1.));
#2442=DIRECTION('',(1.,0.,0.));
#2443=DIRECTION('',(0.,0.,1.));
#2444=DIRECTION('',(1.,0.,0.));
#2445=DIRECTION('',(0.,0.,1.));
#2446=DIRECTION('',(1.,0.,0.));
#2447=DIRECTION('',(0.,0.,1.));
#2448=DIRECTION('',(1.,0.,0.));
#2449=DIRECTION('',(0.,0.,1.));
#2450=DIRECTION('',(1.,0.,0.));
#2451=DIRECTION('',(0.,0.,1.));
#2452=DIRECTION('',(1.,0.,0.));
#2453=DIRECTION('',(0.,0.,1.));
#2454=DIRECTION('',(1.,0.,0.));
#2455=DIRECTION('',(0.,0.,1.));
#2456=DIRECTION('',(1.,0.,0.));
#2457=DIRECTION('',(0.,0.,1.));
#2458=DIRECTION('',(1.,0.,0.));
#2459=DIRECTION('',(0.,0.,1.));
#2460=DIRECTION('',(1.,0.,0.));
#2461=DIRECTION('',(0.,0.,1.));
#2462=DIRECTION('',(1.,0.,0.));
#2463=DIRECTION('',(0.,0.,1.));
#2464=DIRECTION('',(1.,0.,0.));
#2465=DIRECTION('',(0.,0.,1.));
#2466=DIRECTION('',(1.,0.,0.));
#2467=DIRECTION('',(0.,0.,1.));
#2468=DIRECTION('',(1.,0.,0.));
#2469=DIRECTION('',(0.,0.,1.));
#2470=DIRECTION('',(1.,0.,0.));
#2471=DIRECTION('',(0.,0.,1.));
#2472=DIRECTION('',(1.,0.,0.));
#2473=DIRECTION('',(0.,0.,1.));
#2474=DIRECTION('',(1.,0.,0.));
#2475=DIRECTION('',(0.,0.,1.));
#2476=DIRECTION('',(1.,0.,0.));
#2477=DIRECTION('',(0.,0.,1.));
#2478=DIRECTION('',(1.,0.,0.));
#2479=DIRECTION('',(0.,0.,1.));
#2480=DIRECTION('',(1.,0.,0.));
#2481=DIRECTION('',(0.,0.,1.));
#2482=DIRECTION('',(1.,0.,0.));
#2483=DIRECTION('',(0.,0.,1.));
#2484=DIRECTION('',(1.,0.,0.));
#2485=DIRECTION('',(0.,0.,1.));
#2486=DIRECTION('',(1.,0.,0.));
#2487=DIRECTION('',(0.,0.,1.));
#2488=DIRECTION('',(1.,0.,0.));
#2489=DIRECTION('',(0.,0.,1.));
#2490=DIRECTION('',(1.,0.,0.));
#2491=DIRECTION('',(0.,0.,1.));
#2492=DIRECTION('',(1.,0.,0.));
#2493=DIRECTION('',(0.,0.,1.));
#2494=DIRECTION('',(1.,0.,0.));
#2495=DIRECTION('',(0.,0.,1.));
#2496=DIRECTION('',(1.,0.,0.));
#2497=DIRECTION('',(0.,0.,1.));
#2498=DIRECTION('',(1.,0.,0.));
#2499=DIRECTION('',(0.,0.,1.));
#2500=DIRECTION('',(1.,0.,0.));
#2501=DIRECTION('',(0.,0.,1.));
#2502=DIRECTION('',(1.,0.,0.));
#2503=DIRECTION('',(0.,0.,1.));
#2504=DIRECTION('',(1.,0.,0.));
#2505=DIRECTION('',(0.,0.,1.));
#2506=DIRECTION('',(1.,0.,0.));
#2507=DIRECTION('',(0.,0.,1.));
#2508=DIRECTION('',(1.,0.,0.));
#2509=DIRECTION('',(0.,0.,1.));
#2510=DIRECTION('',(1.,0.,0.));
#2511=DIRECTION('',(0.,0.,1.));
#2512=DIRECTION('',(1.,0.,0.));
#2513=DIRECTION('',(0.,0.,1.));
#2514=DIRECTION('',(1.,0.,0.));
#2515=DIRECTION('',(0.,0.,1.));
#2516=DIRECTION('',(1.,0.,0.));
#2517=DIRECTION('',(0.,0.,1.));
#2518=DIRECTION('',(1.,0.,0.));
#2519=DIRECTION('',(0.,0.,1.));
#2520=DIRECTION('',(1.,0.,0.));
#2521=DIRECTION('',(0.,0.,1.));
#2522=DIRECTION('',(1.,0.,0.));
#2523=DIRECTION('',(0.,0.,1.));
#2524=DIRECTION('',(1.,0.,0.));
#2525=DIRECTION('',(0.,0.,1.));
#2526=DIRECTION('',(1.,0.,0.));
#2527=DIRECTION('',(0.,0.,1.));
#2528=DIRECTION('',(1.,0.,0.));
#2529=DIRECTION('',(0.,0.,1.));
#2530=DIRECTION('',(1.,0.,0.));
#2531=DIRECTION('',(0.,0.,1.));
#2532=DIRECTION('',(1.,0.,0.));
#2533=DIRECTION('',(0.,0.,1.));
#2534=DIRECTION('',(1.,0.,0.));
#2535=DIRECTION('',(0.,0.,1.));
#2536=DIRECTION('',(1.,0.,0.));
#2537=DIRECTION('',(0.,0.,1.));
#2538=DIRECTION('',(1.,0.,0.));
#2539=DIRECTION('',(0.,0.,1.));
#2540=DIRECTION('',(1.,0.,0.));
#2541=DIRECTION('',(0.,0.,1.));
#2542=DIRECTION('',(1.,0.,0.));
#2543=DIRECTION('',(0.,0.,1.));
#2544=DIRECTION('',(1.,0.,0.));
#2545=DIRECTION('',(0.,0.,1.));
#2546=DIRECTION('',(1.,0.,0.));
#2547=DIRECTION('',(0.,0.,1.));
#2548=DIRECTION('',(1.,0.,0.));
#2549=DIRECTION('',(0.,0.,1.));
#2550=DIRECTION('',(1.,0.,0.));
#2551=DIRECTION('',(0.,0.,1.));
#2552=DIRECTION('',(1.,0.,0.));
#2553=DIRECTION('',(0.,0.,1.));
#2554=DIRECTION('',(1.,0.,0.));
#2555=DIRECTION('',(0.,0.,1.));
#2556=DIRECTION('',(1.,0.,0.));
#2557=DIRECTION('',(0.,0.,1.));
#2558=DIRECTION('',(1.,0.,0.));
#2559=DIRECTION('',(0.,0.,1.));
#2560=DIRECTION('',(1.,0.,0.));
#2561=DIRECTION('',(0.,0.,1.));
#2562=DIRECTION('',(1.,0.,0.));
#2563=DIRECTION('',(0.,0.,1.));
#2564=DIRECTION('',(1.,0.,0.));
#2565=DIRECTION('',(0.,0.,1.));
#2566=DIRECTION('',(1.,0.,0.));
#2567=DIRECTION('',(0.,0.,1.));
#2568=DIRECTION('',(1.,0.,0.));
#2569=DIRECTION('',(0.,0.,1.));
#2570=DIRECTION('',(1.,0.,0.));
#2571=DIRECTION('',(0.,0.,1.));
#2572=DIRECTION('',(1.,0.,0.));
#2573=DIRECTION('',(0.,0.,-1.));
#2574=DIRECTION('',(-1.,0.,0.));
#2575=DIRECTION('',(0.,0.,-1.));
#2576=DIRECTION('',(-1.,0.,0.));
#2577=DIRECTION('',(0.,0.,-1.));
#2578=DIRECTION('',(-1.,0.,0.));
#2579=DIRECTION('',(0.,0.,-1.));
#2580=DIRECTION('',(-1.,0.,0.));
#2581=DIRECTION('',(0.,0.,-1.));
#2582=DIRECTION('',(-1.,0.,0.));
#2583=DIRECTION('',(0.,0.,-1.));
#2584=DIRECTION('',(-1.,0.,0.));
#2585=DIRECTION('',(0.,0.,-1.));
#2586=DIRECTION('',(-1.,0.,0.));
#2587=DIRECTION('',(0.,0.,-1.));
#2588=DIRECTION('',(-1.,0.,0.));
#2589=DIRECTION('',(0.,0.,-1.));
#2590=DIRECTION('',(-1.,0.,0.));
#2591=DIRECTION('',(0.,0.,-1.));
#2592=DIRECTION('',(-1.,0.,0.));
#2593=DIRECTION('',(0.,0.,-1.));
#2594=DIRECTION('',(-1.,0.,0.));
#2595=DIRECTION('',(0.,0.,1.));
#2596=DIRECTION('',(1.,0.,0.));
#2597=DIRECTION('',(0.,0.,-1.));
#2598=DIRECTION('',(-1.,0.,0.));
#2599=DIRECTION('',(0.,0.,1.));
#2600=DIRECTION('',(1.,0.,0.));
#2601=DIRECTION('',(0.,0.,-1.));
#2602=DIRECTION('',(-1.,0.,0.));
#2603=DIRECTION('',(0.,0.,1.));
#2604=DIRECTION('',(1.,0.,0.));
#2605=DIRECTION('',(0.,0.,-1.));
#2606=DIRECTION('',(-1.,0.,0.));
#2607=DIRECTION('',(0.,0.,1.));
#2608=DIRECTION('',(1.,0.,0.));
#2609=DIRECTION('',(0.,0.,-1.));
#2610=DIRECTION('',(-1.,0.,0.));
#2611=DIRECTION('',(0.,0.,1.));
#2612=DIRECTION('',(1.,0.,0.));
#2613=DIRECTION('',(0.,0.,-1.));
#2614=DIRECTION('',(-1.,0.,0.));
#2615=DIRECTION('',(0.,0.,1.));
#2616=DIRECTION('',(1.,0.,0.));
#2617=DIRECTION('',(0.,0.,-1.));
#2618=DIRECTION('',(-1.,0.,0.));
#2619=DIRECTION('',(0.,0.,1.));
#2620=DIRECTION('',(1.,0.,0.));
#2621=DIRECTION('',(0.,0.,-1.));
#2622=DIRECTION('',(-1.,0.,0.));
#2623=DIRECTION('',(0.,0.,1.));
#2624=DIRECTION('',(1.,0.,0.));
#2625=DIRECTION('',(0.,0.,-1.));
#2626=DIRECTION('',(-1.,0.,0.));
#2627=DIRECTION('',(0.,0.,1.));
#2628=DIRECTION('',(1.,0.,0.));
#2629=DIRECTION('',(0.,0.,-1.));
#2630=DIRECTION('',(-1.,0.,0.));
#2631=DIRECTION('',(0.,0.,1.));
#2632=DIRECTION('',(1.,0.,0.));
#2633=DIRECTION('',(0.,0.,-1.));
#2634=DIRECTION('',(-1.,0.,0.));
#2635=DIRECTION('',(0.,0.,1.));
#2636=DIRECTION('',(1.,0.,0.));
#2637=DIRECTION('',(0.,0.,-1.));
#2638=DIRECTION('',(-1.,0.,0.));
#2639=DIRECTION('',(0.,0.,1.));
#2640=DIRECTION('',(1.,0.,0.));
#2641=DIRECTION('',(0.,0.,-1.));
#2642=DIRECTION('',(-1.,0.,0.));
#2643=DIRECTION('',(0.,0.,1.));
#2644=DIRECTION('',(1.,0.,0.));
#2645=DIRECTION('',(0.,0.,1.));
#2646=DIRECTION('',(1.,0.,0.));
#2647=DIRECTION('',(0.,0.,1.));
#2648=DIRECTION('',(1.,0.,0.));
#2649=DIRECTION('',(0.,0.,1.));
#2650=DIRECTION('',(1.,0.,0.));
#2651=DIRECTION('',(0.,0.,1.));
#2652=DIRECTION('',(1.,0.,0.));
#2653=DIRECTION('',(0.,0.,1.));
#2654=DIRECTION('',(1.,0.,0.));
#2655=DIRECTION('',(0.,0.,1.));
#2656=DIRECTION('',(1.,0.,0.));
#2657=DIRECTION('',(0.,0.,1.));
#2658=DIRECTION('',(1.,0.,0.));
#2659=DIRECTION('',(0.,0.,1.));
#2660=DIRECTION('',(1.,0.,0.));
#2661=DIRECTION('',(0.,0.,1.));
#2662=DIRECTION('',(1.,0.,0.));
#2663=DIRECTION('',(0.,0.,1.));
#2664=DIRECTION('',(1.,0.,0.));
#2665=DIRECTION('',(0.,0.,1.));
#2666=DIRECTION('',(1.,0.,0.));
#2667=DIRECTION('',(0.,0.,1.));
#2668=DIRECTION('',(1.,0.,0.));
#2669=DIRECTION('',(0.,0.,1.));
#2670=DIRECTION('',(1.,0.,0.));
#2671=DIRECTION('',(0.,0.,1.));
#2672=DIRECTION('',(1.,0.,0.));
#2673=DIRECTION('',(0.,0.,1.));
#2674=DIRECTION('',(1.,0.,0.));
#2675=DIRECTION('',(0.,0.,1.));
#2676=DIRECTION('',(1.,0.,0.));
#2677=DIRECTION('',(0.,0.,1.));
#2678=DIRECTION('',(1.,0.,0.));
#2679=DIRECTION('',(0.,0.,1.));
#2680=DIRECTION('',(1.,0.,0.));
#2681=DIRECTION('',(0.,0.,1.));
#2682=DIRECTION('',(1.,0.,0.));
#2683=DIRECTION('',(0.,0.,1.));
#2684=DIRECTION('',(1.,0.,0.));
#2685=DIRECTION('',(0.,0.,1.));
#2686=DIRECTION('',(1.,0.,0.));
#2687=DIRECTION('',(0.,0.,1.));
#2688=DIRECTION('',(1.,0.,0.));
#2689=DIRECTION('',(0.,0.,1.));
#2690=DIRECTION('',(1.,0.,0.));
#2691=DIRECTION('',(0.,0.,1.));
#2692=DIRECTION('',(1.,0.,0.));
#2693=DIRECTION('',(0.,0.,1.));
#2694=DIRECTION('',(1.,0.,0.));
#2695=DIRECTION('',(0.,0.,1.));
#2696=DIRECTION('',(1.,0.,0.));
#2697=DIRECTION('',(0.,0.,1.));
#2698=DIRECTION('',(1.,0.,0.));
#2699=DIRECTION('',(0.,0.,1.));
#2700=DIRECTION('',(1.,0.,0.));
#2701=DIRECTION('',(0.,0.,1.));
#2702=DIRECTION('',(1.,0.,0.));
#2703=DIRECTION('',(0.,0.,1.));
#2704=DIRECTION('',(1.,0.,0.));
#2705=DIRECTION('',(0.,0.,1.));
#2706=DIRECTION('',(1.,0.,0.));
#2707=DIRECTION('',(0.,0.,1.));
#2708=DIRECTION('',(1.,0.,0.));
#2709=DIRECTION('',(0.,0.,1.));
#2710=DIRECTION('',(1.,0.,0.));
#2711=DIRECTION('',(0.,0.,1.));
#2712=DIRECTION('',(1.,0.,0.));
#2713=DIRECTION('',(0.,0.,1.));
#2714=DIRECTION('',(1.,0.,0.));
#2715=DIRECTION('',(0.,0.,1.));
#2716=DIRECTION('',(1.,0.,0.));
#2717=DIRECTION('',(0.,0.,1.));
#2718=DIRECTION('',(1.,0.,0.));
#2719=DIRECTION('',(0.,0.,1.));
#2720=DIRECTION('',(1.,0.,0.));
#2721=DIRECTION('',(0.,0.,1.));
#2722=DIRECTION('',(1.,0.,0.));
#2723=DIRECTION('',(0.,0.,1.));
#2724=DIRECTION('',(1.,0.,0.));
#2725=DIRECTION('',(0.,0.,1.));
#2726=DIRECTION('',(1.,0.,0.));
#2727=DIRECTION('',(0.,0.,1.));
#2728=DIRECTION('',(1.,0.,0.));
#2729=DIRECTION('',(0.,0.,1.));
#2730=DIRECTION('',(1.,0.,0.));
#2731=DIRECTION('',(0.,0.,1.));
#2732=DIRECTION('',(1.,0.,0.));
#2733=DIRECTION('',(0.,0.,1.));
#2734=DIRECTION('',(1.,0.,0.));
#2735=DIRECTION('',(0.,0.,1.));
#2736=DIRECTION('',(1.,0.,0.));
#2737=DIRECTION('',(0.,0.,1.));
#2738=DIRECTION('',(1.,0.,0.));
#2739=DIRECTION('',(0.,0.,1.));
#2740=DIRECTION('',(1.,0.,0.));
#2741=DIRECTION('',(0.,0.,1.));
#2742=DIRECTION('',(1.,0.,0.));
#2743=DIRECTION('',(0.,0.,1.));
#2744=DIRECTION('',(1.,0.,0.));
#2745=DIRECTION('',(0.,0.,1.));
#2746=DIRECTION('',(1.,0.,0.));
#2747=DIRECTION('',(0.,0.,1.));
#2748=DIRECTION('',(1.,0.,0.));
#2749=DIRECTION('',(0.,0.,1.));
#2750=DIRECTION('',(1.,0.,0.));
#2751=DIRECTION('',(0.,0.,1.));
#2752=DIRECTION('',(1.,0.,0.));
#2753=DIRECTION('',(0.,0.,1.));
#2754=DIRECTION('',(1.,0.,0.));
#2755=DIRECTION('',(0.,0.,1.));
#2756=DIRECTION('',(1.,0.,0.));
#2757=DIRECTION('',(0.,0.,1.));
#2758=DIRECTION('',(1.,0.,0.));
#2759=DIRECTION('',(0.,0.,1.));
#2760=DIRECTION('',(1.,0.,0.));
#2761=DIRECTION('',(0.,0.,1.));
#2762=DIRECTION('',(1.,0.,0.));
#2763=DIRECTION('',(0.,0.,1.));
#2764=DIRECTION('',(1.,0.,0.));
#2765=DIRECTION('',(0.,0.,1.));
#2766=DIRECTION('',(1.,0.,0.));
#2767=DIRECTION('',(0.,0.,1.));
#2768=DIRECTION('',(1.,0.,0.));
#2769=DIRECTION('',(0.,0.,1.));
#2770=DIRECTION('',(1.,0.,0.));
#2771=DIRECTION('',(0.,0.,1.));
#2772=DIRECTION('',(1.,0.,0.));
#2773=DIRECTION('',(0.,0.,1.));
#2774=DIRECTION('',(1.,0.,0.));
#2775=DIRECTION('',(0.,0.,1.));
#2776=DIRECTION('',(1.,0.,0.));
#2777=DIRECTION('',(0.,0.,1.));
#2778=DIRECTION('',(1.,0.,0.));
#2779=DIRECTION('',(0.,0.,1.));
#2780=DIRECTION('',(1.,0.,0.));
#2781=DIRECTION('',(0.,0.,1.));
#2782=DIRECTION('',(1.,0.,0.));
#2783=DIRECTION('',(0.,0.,1.));
#2784=DIRECTION('',(1.,0.,0.));
#2785=DIRECTION('',(0.,0.,1.));
#2786=DIRECTION('',(1.,0.,0.));
#2787=DIRECTION('',(0.,0.,1.));
#2788=DIRECTION('',(1.,0.,0.));
#2789=DIRECTION('',(0.,0.,1.));
#2790=DIRECTION('',(1.,0.,0.));
#2791=DIRECTION('',(0.,0.,1.));
#2792=DIRECTION('',(1.,0.,0.));
#2793=DIRECTION('',(0.,0.,1.));
#2794=DIRECTION('',(1.,0.,0.));
#2795=DIRECTION('',(0.,0.,1.));
#2796=DIRECTION('',(1.,0.,0.));
#2797=DIRECTION('',(0.,0.,1.));
#2798=DIRECTION('',(1.,0.,0.));
#2799=DIRECTION('',(0.,0.,1.));
#2800=DIRECTION('',(1.,0.,0.));
#2801=DIRECTION('',(0.,0.,1.));
#2802=DIRECTION('',(1.,0.,0.));
#2803=DIRECTION('',(0.,0.,1.));
#2804=DIRECTION('',(1.,0.,0.));
#2805=DIRECTION('',(0.,0.,1.));
#2806=DIRECTION('',(1.,0.,0.));
#2807=DIRECTION('',(0.,0.,1.));
#2808=DIRECTION('',(1.,0.,0.));
#2809=DIRECTION('',(0.,0.,1.));
#2810=DIRECTION('',(1.,0.,0.));
#2811=DIRECTION('',(0.,0.,1.));
#2812=DIRECTION('',(1.,0.,0.));
#2813=DIRECTION('',(0.,0.,1.));
#2814=DIRECTION('',(1.,0.,0.));
#2815=DIRECTION('',(0.,0.,1.));
#2816=DIRECTION('',(1.,0.,0.));
#2817=DIRECTION('',(0.,0.,1.));
#2818=DIRECTION('',(1.,0.,0.));
#2819=DIRECTION('',(0.,0.,1.));
#2820=DIRECTION('',(1.,0.,0.));
#2821=DIRECTION('',(0.,0.,1.));
#2822=DIRECTION('',(1.,0.,0.));
#2823=DIRECTION('',(0.,0.,1.));
#2824=DIRECTION('',(1.,0.,0.));
#2825=DIRECTION('',(0.,0.,1.));
#2826=DIRECTION('',(1.,0.,0.));
#2827=DIRECTION('',(0.,0.,1.));
#2828=DIRECTION('',(1.,0.,0.));
#2829=DIRECTION('',(0.,0.,1.));
#2830=DIRECTION('',(1.,0.,0.));
#2831=DIRECTION('',(0.,0.,1.));
#2832=DIRECTION('',(1.,0.,0.));
#2833=DIRECTION('',(0.,0.,1.));
#2834=DIRECTION('',(1.,0.,0.));
#2835=DIRECTION('',(0.,0.,1.));
#2836=DIRECTION('',(1.,0.,0.));
#2837=DIRECTION('',(0.,0.,1.));
#2838=DIRECTION('',(1.,0.,0.));
#2839=DIRECTION('',(0.,0.,1.));
#2840=DIRECTION('',(1.,0.,0.));
#2841=DIRECTION('',(0.,0.,1.));
#2842=DIRECTION('',(1.,0.,0.));
#2843=DIRECTION('',(0.,0.,1.));
#2844=DIRECTION('',(1.,0.,0.));
#2845=DIRECTION('',(0.,0.,1.));
#2846=DIRECTION('',(1.,0.,0.));
#2847=DIRECTION('',(0.,0.,1.));
#2848=DIRECTION('',(1.,0.,0.));
#2849=DIRECTION('',(0.,0.,1.));
#2850=DIRECTION('',(1.,0.,0.));
#2851=DIRECTION('',(0.,0.,1.));
#2852=DIRECTION('',(1.,0.,0.));
#2853=DIRECTION('',(0.,0.,1.));
#2854=DIRECTION('',(1.,0.,0.));
#2855=DIRECTION('',(0.,0.,1.));
#2856=DIRECTION('',(1.,0.,0.));
#2857=DIRECTION('',(0.,0.,1.));
#2858=DIRECTION('',(1.,0.,0.));
#2859=DIRECTION('',(0.,0.,1.));
#2860=DIRECTION('',(1.,0.,0.));
#2861=DIRECTION('',(0.,0.,1.));
#2862=DIRECTION('',(1.,0.,0.));
#2863=DIRECTION('',(0.,0.,1.));
#2864=DIRECTION('',(1.,0.,0.));
#2865=DIRECTION('',(0.,0.,1.));
#2866=DIRECTION('',(1.,0.,0.));
#2867=DIRECTION('',(0.,0.,1.));
#2868=DIRECTION('',(1.,0.,0.));
#2869=DIRECTION('',(0.,0.,1.));
#2870=DIRECTION('',(1.,0.,0.));
#2871=DIRECTION('',(0.,0.,1.));
#2872=DIRECTION('',(1.,0.,0.));
#2873=DIRECTION('',(0.,0.,1.));
#2874=DIRECTION('',(1.,0.,0.));
#2875=DIRECTION('',(0.,0.,1.));
#2876=DIRECTION('',(1.,0.,0.));
#2877=DIRECTION('',(0.,0.,1.));
#2878=DIRECTION('',(1.,0.,0.));
#2879=DIRECTION('',(0.,0.,1.));
#2880=DIRECTION('',(1.,0.,0.));
#2881=DIRECTION('',(0.,0.,1.));
#2882=DIRECTION('',(1.,0.,0.));
#2883=DIRECTION('',(0.,0.,1.));
#2884=DIRECTION('',(1.,0.,0.));
#2885=DIRECTION('',(0.,0.,1.));
#2886=DIRECTION('',(1.,0.,0.));
#2887=DIRECTION('',(0.,0.,1.));
#2888=DIRECTION('',(1.,0.,0.));
#2889=DIRECTION('',(0.,0.,1.));
#2890=DIRECTION('',(1.,0.,0.));
#2891=DIRECTION('',(0.,0.,1.));
#2892=DIRECTION('',(1.,0.,0.));
#2893=DIRECTION('',(0.,0.,1.));
#2894=DIRECTION('',(1.,0.,0.));
#2895=DIRECTION('',(0.,0.,1.));
#2896=DIRECTION('',(1.,0.,0.));
#2897=DIRECTION('',(0.,0.,1.));
#2898=DIRECTION('',(1.,0.,0.));
#2899=DIRECTION('',(0.,0.,1.));
#2900=DIRECTION('',(1.,0.,0.));
#2901=DIRECTION('',(0.,0.,1.));
#2902=DIRECTION('',(1.,0.,0.));
#2903=DIRECTION('',(0.,0.,1.));
#2904=DIRECTION('',(1.,0.,0.));
#2905=DIRECTION('',(0.,0.,1.));
#2906=DIRECTION('',(1.,0.,0.));
#2907=DIRECTION('',(0.,0.,1.));
#2908=DIRECTION('',(1.,0.,0.));
#2909=DIRECTION('',(0.,0.,1.));
#2910=DIRECTION('',(1.,0.,0.));
#2911=DIRECTION('',(0.,0.,1.));
#2912=DIRECTION('',(1.,0.,0.));
#2913=DIRECTION('',(0.,0.,1.));
#2914=DIRECTION('',(1.,0.,0.));
#2915=DIRECTION('',(0.,0.,1.));
#2916=DIRECTION('',(1.,0.,0.));
#2917=DIRECTION('',(0.,0.,1.));
#2918=DIRECTION('',(1.,0.,0.));
#2919=DIRECTION('',(0.,0.,1.));
#2920=DIRECTION('',(1.,0.,0.));
#2921=DIRECTION('',(0.,0.,1.));
#2922=DIRECTION('',(1.,0.,0.));
#2923=DIRECTION('',(0.,0.,1.));
#2924=DIRECTION('',(1.,0.,0.));
#2925=DIRECTION('',(0.,0.,1.));
#2926=DIRECTION('',(1.,0.,0.));
#2927=DIRECTION('',(0.,0.,1.));
#2928=DIRECTION('',(1.,0.,0.));
#2929=DIRECTION('',(0.,0.,1.));
#2930=DIRECTION('',(1.,0.,0.));
#2931=DIRECTION('',(0.,0.,1.));
#2932=DIRECTION('',(1.,0.,0.));
#2933=DIRECTION('',(0.,0.,1.));
#2934=DIRECTION('',(1.,0.,0.));
#2935=DIRECTION('',(0.,0.,1.));
#2936=DIRECTION('',(1.,0.,0.));
#2937=DIRECTION('',(0.,0.,1.));
#2938=DIRECTION('',(1.,0.,0.));
#2939=DIRECTION('',(0.,0.,1.));
#2940=DIRECTION('',(1.,0.,0.));
#2941=DIRECTION('',(0.,0.,1.));
#2942=DIRECTION('',(1.,0.,0.));
#2943=DIRECTION('',(0.,0.,1.));
#2944=DIRECTION('',(1.,0.,0.));
#2945=DIRECTION('',(0.,0.,1.));
#2946=DIRECTION('',(1.,0.,0.));
#2947=DIRECTION('',(0.,0.,1.));
#2948=DIRECTION('',(1.,0.,0.));
#2949=DIRECTION('',(0.,0.,1.));
#2950=DIRECTION('',(1.,0.,0.));
#2951=DIRECTION('',(0.,0.,1.));
#2952=DIRECTION('',(1.,0.,0.));
#2953=DIRECTION('',(0.,0.,1.));
#2954=DIRECTION('',(1.,0.,0.));
#2955=DIRECTION('',(0.,0.,1.));
#2956=DIRECTION('',(1.,0.,0.));
#2957=DIRECTION('',(0.,0.,1.));
#2958=DIRECTION('',(1.,0.,0.));
#2959=DIRECTION('',(0.,0.,1.));
#2960=DIRECTION('',(1.,0.,0.));
#2961=DIRECTION('',(0.,0.,1.));
#2962=DIRECTION('',(1.,0.,0.));
#2963=DIRECTION('',(0.,0.,1.));
#2964=DIRECTION('',(1.,0.,0.));
#2965=DIRECTION('',(0.,0.,1.));
#2966=DIRECTION('',(1.,0.,0.));
#2967=DIRECTION('',(0.,0.,1.));
#2968=DIRECTION('',(1.,0.,0.));
#2969=DIRECTION('',(0.,0.,1.));
#2970=DIRECTION('',(1.,0.,0.));
#2971=DIRECTION('',(0.,0.,1.));
#2972=DIRECTION('',(1.,0.,0.));
#2973=DIRECTION('',(0.,0.,1.));
#2974=DIRECTION('',(1.,0.,0.));
#2975=DIRECTION('',(0.,0.,1.));
#2976=DIRECTION('',(1.,0.,0.));
#2977=DIRECTION('',(0.,0.,1.));
#2978=DIRECTION('',(1.,0.,0.));
#2979=DIRECTION('',(0.,0.,1.));
#2980=DIRECTION('',(1.,0.,0.));
#2981=DIRECTION('',(0.,0.,1.));
#2982=DIRECTION('',(1.,0.,0.));
#2983=DIRECTION('',(0.,0.,1.));
#2984=DIRECTION('',(1.,0.,0.));
#2985=DIRECTION('',(0.,0.,1.));
#2986=DIRECTION('',(1.,0.,0.));
#2987=DIRECTION('',(0.,0.,1.));
#2988=DIRECTION('',(1.,0.,0.));
#2989=DIRECTION('',(0.,0.,1.));
#2990=DIRECTION('',(1.,0.,0.));
#2991=CARTESIAN_POINT('',(0.,0.,0.));
#2992=CARTESIAN_POINT('',(-0.2064512,-0.2032,0.1159256));
#2993=CARTESIAN_POINT('',(-0.2064512,-0.2032,0.1143762));
#2994=CARTESIAN_POINT('',(-0.2064512,-0.2032,0.1143762));
#2995=CARTESIAN_POINT('',(-0.2064512,0.2032,0.1143762));
#2996=CARTESIAN_POINT('',(-0.2064512,-0.2032,0.1159256));
#2997=CARTESIAN_POINT('',(-0.2064512,-0.2032,0.1175512));
#2998=CARTESIAN_POINT('',(-0.2064512,-0.2032,0.1175512));
#2999=CARTESIAN_POINT('',(-0.2064512,0.2032,0.1175512));
#3000=CARTESIAN_POINT('',(-0.2064512,0.2032,0.1159256));
#3001=CARTESIAN_POINT('',(0.2064512,-0.2032,0.1159256));
#3002=CARTESIAN_POINT('',(0.2064512,-0.2032,0.1159256));
#3003=CARTESIAN_POINT('',(0.2064512,-0.2032,0.1175512));
#3004=CARTESIAN_POINT('',(0.2064512,-0.2032,0.1143762));
#3005=CARTESIAN_POINT('',(0.2064512,-0.2032,0.1143762));
#3006=CARTESIAN_POINT('',(0.2064512,0.2032,0.1143762));
#3007=CARTESIAN_POINT('',(0.2064512,0.2032,0.1159256));
#3008=CARTESIAN_POINT('',(0.2064512,0.2032,0.1175512));
#3009=CARTESIAN_POINT('',(0.2064512,-0.2032,0.1175512));
#3010=CARTESIAN_POINT('',(0.07455,-0.2032,0.01978768566514));
#3011=CARTESIAN_POINT('',(0.1794256,-0.2032,0.1143762));
#3012=CARTESIAN_POINT('',(0.1921256,-0.2032,0.1175512));
#3013=CARTESIAN_POINT('',(0.07455,0.2032,0.01978768566514));
#3014=CARTESIAN_POINT('',(0.1794256,0.2032,0.1143762));
#3015=CARTESIAN_POINT('',(0.1921256,0.2032,0.1175512));
#3016=CARTESIAN_POINT('',(0.1921256,-0.2032,0.1175512));
#3017=CARTESIAN_POINT('',(-0.1778,-0.0762,0.1175512));
#3018=CARTESIAN_POINT('',(-0.1752473,-0.0762,0.1175512));
#3019=CARTESIAN_POINT('',(-0.1524,-0.0762,0.1175512));
#3020=CARTESIAN_POINT('',(-0.1498473,-0.0762,0.1175512));
#3021=CARTESIAN_POINT('',(-0.127,-0.0762,0.1175512));
#3022=CARTESIAN_POINT('',(-0.1244473,-0.0762,0.1175512));
#3023=CARTESIAN_POINT('',(-0.1016,-0.0762,0.1175512));
#3024=CARTESIAN_POINT('',(-0.0990473,-0.0762,0.1175512));
#3025=CARTESIAN_POINT('',(-0.0762,-0.0762,0.1175512));
#3026=CARTESIAN_POINT('',(-0.0736473,-0.0762,0.1175512));
#3027=CARTESIAN_POINT('',(0.0762,-0.0762,0.1175512));
#3028=CARTESIAN_POINT('',(0.0787527,-0.0762,0.1175512));
#3029=CARTESIAN_POINT('',(0.1016,-0.0762,0.1175512));
#3030=CARTESIAN_POINT('',(0.1041527,-0.0762,0.1175512));
#3031=CARTESIAN_POINT('',(0.127,-0.0762,0.1175512));
#3032=CARTESIAN_POINT('',(0.1295527,-0.0762,0.1175512));
#3033=CARTESIAN_POINT('',(0.127,0.0762,0.1175512));
#3034=CARTESIAN_POINT('',(0.1295527,0.0762,0.1175512));
#3035=CARTESIAN_POINT('',(0.1524,0.0762,0.1175512));
#3036=CARTESIAN_POINT('',(0.1549527,0.0762,0.1175512));
#3037=CARTESIAN_POINT('',(0.1778,0.0762,0.1175512));
#3038=CARTESIAN_POINT('',(0.1803527,0.0762,0.1175512));
#3039=CARTESIAN_POINT('',(0.1524,-0.0762,0.1175512));
#3040=CARTESIAN_POINT('',(0.1549527,-0.0762,0.1175512));
#3041=CARTESIAN_POINT('',(-0.127,0.0762,0.1175512));
#3042=CARTESIAN_POINT('',(-0.1244473,0.0762,0.1175512));
#3043=CARTESIAN_POINT('',(-0.1524,0.0762,0.1175512));
#3044=CARTESIAN_POINT('',(-0.1498473,0.0762,0.1175512));
#3045=CARTESIAN_POINT('',(-0.1778,0.0762,0.1175512));
#3046=CARTESIAN_POINT('',(-0.1752473,0.0762,0.1175512));
#3047=CARTESIAN_POINT('',(0.1016,0.0762,0.1175512));
#3048=CARTESIAN_POINT('',(0.1041527,0.0762,0.1175512));
#3049=CARTESIAN_POINT('',(0.1778,-0.0762,0.1175512));
#3050=CARTESIAN_POINT('',(0.1803527,-0.0762,0.1175512));
#3051=CARTESIAN_POINT('',(-0.1016,0.0762,0.1175512));
#3052=CARTESIAN_POINT('',(-0.0990473,0.0762,0.1175512));
#3053=CARTESIAN_POINT('',(0.075,-6.93889390390723E-18,0.1175512));
#3054=CARTESIAN_POINT('',(0.0774892,-6.93889390390723E-18,0.1175512));
#3055=CARTESIAN_POINT('',(0.0530330085889911,0.0530330085889911,0.1175512));
#3056=CARTESIAN_POINT('',(0.0555222085889911,0.0530330085889911,0.1175512));
#3057=CARTESIAN_POINT('',(0.,0.075,0.1175512));
#3058=CARTESIAN_POINT('',(0.0024892,0.075,0.1175512));
#3059=CARTESIAN_POINT('',(-0.0530330085889911,0.0530330085889911,0.1175512));
#3060=CARTESIAN_POINT('',(-0.0505438085889911,0.0530330085889911,0.1175512));
#3061=CARTESIAN_POINT('',(-0.075,0.,0.1175512));
#3062=CARTESIAN_POINT('',(-0.0725108,0.,0.1175512));
#3063=CARTESIAN_POINT('',(-0.0530330085889911,-0.0530330085889911,0.1175512));
#3064=CARTESIAN_POINT('',(-0.0505438085889911,-0.0530330085889911,0.1175512));
#3065=CARTESIAN_POINT('',(-6.93889390390723E-18,-0.075,0.1175512));
#3066=CARTESIAN_POINT('',(0.00248919999999999,-0.075,0.1175512));
#3067=CARTESIAN_POINT('',(0.0530330085889911,-0.0530330085889911,0.1175512));
#3068=CARTESIAN_POINT('',(0.0555222085889911,-0.0530330085889911,0.1175512));
#3069=CARTESIAN_POINT('',(0.1937512,0.0127,0.1175512));
#3070=CARTESIAN_POINT('',(0.1963039,0.0127,0.1175512));
#3071=CARTESIAN_POINT('',(0.1937512,-0.0127,0.1175512));
#3072=CARTESIAN_POINT('',(0.1963039,-0.0127,0.1175512));
#3073=CARTESIAN_POINT('',(0.1937512,-0.0381,0.1175512));
#3074=CARTESIAN_POINT('',(0.1963039,-0.0381,0.1175512));
#3075=CARTESIAN_POINT('',(0.1937512,-0.0635,0.1175512));
#3076=CARTESIAN_POINT('',(0.1963039,-0.0635,0.1175512));
#3077=CARTESIAN_POINT('',(0.1937512,-0.0889,0.1175512));
#3078=CARTESIAN_POINT('',(0.1963039,-0.0889,0.1175512));
#3079=CARTESIAN_POINT('',(0.1937512,-0.1143,0.1175512));
#3080=CARTESIAN_POINT('',(0.1963039,-0.1143,0.1175512));
#3081=CARTESIAN_POINT('',(0.1937512,-0.1397,0.1175512));
#3082=CARTESIAN_POINT('',(0.1963039,-0.1397,0.1175512));
#3083=CARTESIAN_POINT('',(0.1937512,-0.1651,0.1175512));
#3084=CARTESIAN_POINT('',(0.1963039,-0.1651,0.1175512));
#3085=CARTESIAN_POINT('',(0.1937512,-0.1905,0.1175512));
#3086=CARTESIAN_POINT('',(0.1963039,-0.1905,0.1175512));
#3087=CARTESIAN_POINT('',(0.1651,-0.1651,0.1175512));
#3088=CARTESIAN_POINT('',(0.1676527,-0.1651,0.1175512));
#3089=CARTESIAN_POINT('',(0.1397,-0.1651,0.1175512));
#3090=CARTESIAN_POINT('',(0.1422527,-0.1651,0.1175512));
#3091=CARTESIAN_POINT('',(0.1143,-0.1651,0.1175512));
#3092=CARTESIAN_POINT('',(0.1168527,-0.1651,0.1175512));
#3093=CARTESIAN_POINT('',(0.0889,-0.1651,0.1175512));
#3094=CARTESIAN_POINT('',(0.0914527,-0.1651,0.1175512));
#3095=CARTESIAN_POINT('',(0.0635,-0.1651,0.1175512));
#3096=CARTESIAN_POINT('',(0.0660527,-0.1651,0.1175512));
#3097=CARTESIAN_POINT('',(0.0381,-0.1651,0.1175512));
#3098=CARTESIAN_POINT('',(0.0406527,-0.1651,0.1175512));
#3099=CARTESIAN_POINT('',(0.0127,-0.1651,0.1175512));
#3100=CARTESIAN_POINT('',(0.0152527,-0.1651,0.1175512));
#3101=CARTESIAN_POINT('',(-0.1937512,0.0889,0.1175512));
#3102=CARTESIAN_POINT('',(-0.1911985,0.0889,0.1175512));
#3103=CARTESIAN_POINT('',(-0.1937512,0.0635,0.1175512));
#3104=CARTESIAN_POINT('',(-0.1911985,0.0635,0.1175512));
#3105=CARTESIAN_POINT('',(-0.1937512,0.0381,0.1175512));
#3106=CARTESIAN_POINT('',(-0.1911985,0.0381,0.1175512));
#3107=CARTESIAN_POINT('',(-0.1937512,0.0127,0.1175512));
#3108=CARTESIAN_POINT('',(-0.1911985,0.0127,0.1175512));
#3109=CARTESIAN_POINT('',(-0.1937512,-0.0127,0.1175512));
#3110=CARTESIAN_POINT('',(-0.1911985,-0.0127,0.1175512));
#3111=CARTESIAN_POINT('',(-0.1937512,-0.0381,0.1175512));
#3112=CARTESIAN_POINT('',(-0.1911985,-0.0381,0.1175512));
#3113=CARTESIAN_POINT('',(-0.1937512,-0.0635,0.1175512));
#3114=CARTESIAN_POINT('',(-0.1911985,-0.0635,0.1175512));
#3115=CARTESIAN_POINT('',(-0.1937512,-0.0889,0.1175512));
#3116=CARTESIAN_POINT('',(-0.1911985,-0.0889,0.1175512));
#3117=CARTESIAN_POINT('',(-0.1937512,-0.1143,0.1175512));
#3118=CARTESIAN_POINT('',(-0.1911985,-0.1143,0.1175512));
#3119=CARTESIAN_POINT('',(-0.1937512,-0.1397,0.1175512));
#3120=CARTESIAN_POINT('',(-0.1911985,-0.1397,0.1175512));
#3121=CARTESIAN_POINT('',(-0.1937512,-0.1651,0.1175512));
#3122=CARTESIAN_POINT('',(-0.1911985,-0.1651,0.1175512));
#3123=CARTESIAN_POINT('',(-0.1937512,-0.1905,0.1175512));
#3124=CARTESIAN_POINT('',(-0.1911985,-0.1905,0.1175512));
#3125=CARTESIAN_POINT('',(0.1937512,0.1143,0.1175512));
#3126=CARTESIAN_POINT('',(0.1963039,0.1143,0.1175512));
#3127=CARTESIAN_POINT('',(0.1937512,0.0889,0.1175512));
#3128=CARTESIAN_POINT('',(0.1963039,0.0889,0.1175512));
#3129=CARTESIAN_POINT('',(0.1937512,0.0635,0.1175512));
#3130=CARTESIAN_POINT('',(0.1963039,0.0635,0.1175512));
#3131=CARTESIAN_POINT('',(0.1937512,0.0381,0.1175512));
#3132=CARTESIAN_POINT('',(0.1963039,0.0381,0.1175512));
#3133=CARTESIAN_POINT('',(-0.1937512,0.1397,0.1175512));
#3134=CARTESIAN_POINT('',(-0.1911985,0.1397,0.1175512));
#3135=CARTESIAN_POINT('',(-0.1937512,0.1905,0.1175512));
#3136=CARTESIAN_POINT('',(-0.1911985,0.1905,0.1175512));
#3137=CARTESIAN_POINT('',(-0.1937512,0.1651,0.1175512));
#3138=CARTESIAN_POINT('',(-0.1911985,0.1651,0.1175512));
#3139=CARTESIAN_POINT('',(0.1651,0.1651,0.1175512));
#3140=CARTESIAN_POINT('',(0.1676527,0.1651,0.1175512));
#3141=CARTESIAN_POINT('',(0.1937512,0.1397,0.1175512));
#3142=CARTESIAN_POINT('',(0.1963039,0.1397,0.1175512));
#3143=CARTESIAN_POINT('',(0.1937512,0.1651,0.1175512));
#3144=CARTESIAN_POINT('',(0.1963039,0.1651,0.1175512));
#3145=CARTESIAN_POINT('',(0.1937512,0.1905,0.1175512));
#3146=CARTESIAN_POINT('',(0.1963039,0.1905,0.1175512));
#3147=CARTESIAN_POINT('',(0.1397,0.1651,0.1175512));
#3148=CARTESIAN_POINT('',(0.1422527,0.1651,0.1175512));
#3149=CARTESIAN_POINT('',(0.1143,0.1651,0.1175512));
#3150=CARTESIAN_POINT('',(0.1168527,0.1651,0.1175512));
#3151=CARTESIAN_POINT('',(0.0889,0.1651,0.1175512));
#3152=CARTESIAN_POINT('',(0.0914527,0.1651,0.1175512));
#3153=CARTESIAN_POINT('',(0.0635,0.1651,0.1175512));
#3154=CARTESIAN_POINT('',(0.0660527,0.1651,0.1175512));
#3155=CARTESIAN_POINT('',(-0.0127,-0.1651,0.1175512));
#3156=CARTESIAN_POINT('',(-0.0101473,-0.1651,0.1175512));
#3157=CARTESIAN_POINT('',(-0.0381,-0.1651,0.1175512));
#3158=CARTESIAN_POINT('',(-0.0355473,-0.1651,0.1175512));
#3159=CARTESIAN_POINT('',(-0.0635,-0.1651,0.1175512));
#3160=CARTESIAN_POINT('',(-0.0609473,-0.1651,0.1175512));
#3161=CARTESIAN_POINT('',(-0.0889,-0.1651,0.1175512));
#3162=CARTESIAN_POINT('',(-0.0863473,-0.1651,0.1175512));
#3163=CARTESIAN_POINT('',(-0.1143,-0.1651,0.1175512));
#3164=CARTESIAN_POINT('',(-0.1117473,-0.1651,0.1175512));
#3165=CARTESIAN_POINT('',(-0.1397,-0.1651,0.1175512));
#3166=CARTESIAN_POINT('',(-0.1371473,-0.1651,0.1175512));
#3167=CARTESIAN_POINT('',(-0.1651,-0.1651,0.1175512));
#3168=CARTESIAN_POINT('',(-0.1625473,-0.1651,0.1175512));
#3169=CARTESIAN_POINT('',(-0.1651,0.1651,0.1175512));
#3170=CARTESIAN_POINT('',(-0.1625473,0.1651,0.1175512));
#3171=CARTESIAN_POINT('',(-0.1397,0.1651,0.1175512));
#3172=CARTESIAN_POINT('',(-0.1371473,0.1651,0.1175512));
#3173=CARTESIAN_POINT('',(-0.1143,0.1651,0.1175512));
#3174=CARTESIAN_POINT('',(-0.1117473,0.1651,0.1175512));
#3175=CARTESIAN_POINT('',(-0.0889,0.1651,0.1175512));
#3176=CARTESIAN_POINT('',(-0.0863473,0.1651,0.1175512));
#3177=CARTESIAN_POINT('',(-0.0635,0.1651,0.1175512));
#3178=CARTESIAN_POINT('',(-0.0609473,0.1651,0.1175512));
#3179=CARTESIAN_POINT('',(-0.0381,0.1651,0.1175512));
#3180=CARTESIAN_POINT('',(-0.0355473,0.1651,0.1175512));
#3181=CARTESIAN_POINT('',(-0.0127,0.1651,0.1175512));
#3182=CARTESIAN_POINT('',(-0.0101473,0.1651,0.1175512));
#3183=CARTESIAN_POINT('',(0.0127,0.1651,0.1175512));
#3184=CARTESIAN_POINT('',(0.0152527,0.1651,0.1175512));
#3185=CARTESIAN_POINT('',(0.0381,0.1651,0.1175512));
#3186=CARTESIAN_POINT('',(0.0406527,0.1651,0.1175512));
#3187=CARTESIAN_POINT('',(-0.1937512,0.1143,0.1175512));
#3188=CARTESIAN_POINT('',(-0.1911985,0.1143,0.1175512));
#3189=CARTESIAN_POINT('',(-0.0254,0.12065,0.1175512));
#3190=CARTESIAN_POINT('',(-0.0279527,0.12065,0.1175512));
#3191=CARTESIAN_POINT('',(-0.0508,0.0762,0.1175512));
#3192=CARTESIAN_POINT('',(-0.0533527,0.0762,0.1175512));
#3193=CARTESIAN_POINT('',(-0.0508,0.12065,0.1175512));
#3194=CARTESIAN_POINT('',(-0.0533527,0.12065,0.1175512));
#3195=CARTESIAN_POINT('',(-0.0762,0.12065,0.1175512));
#3196=CARTESIAN_POINT('',(-0.0787527,0.12065,0.1175512));
#3197=CARTESIAN_POINT('',(-5.55111512312578E-17,0.12065,0.1175512));
#3198=CARTESIAN_POINT('',(-0.00255270000000006,0.12065,0.1175512));
#3199=CARTESIAN_POINT('',(0.0254,0.12065,0.1175512));
#3200=CARTESIAN_POINT('',(0.0228473,0.12065,0.1175512));
#3201=CARTESIAN_POINT('',(0.0508,0.12065,0.1175512));
#3202=CARTESIAN_POINT('',(0.0482473,0.12065,0.1175512));
#3203=CARTESIAN_POINT('',(0.0762,0.12065,0.1175512));
#3204=CARTESIAN_POINT('',(0.0736473,0.12065,0.1175512));
#3205=CARTESIAN_POINT('',(0.0762,0.0762,0.1175512));
#3206=CARTESIAN_POINT('',(0.0736473,0.0762,0.1175512));
#3207=CARTESIAN_POINT('',(0.0508,0.0762,0.1175512));
#3208=CARTESIAN_POINT('',(0.0482473,0.0762,0.1175512));
#3209=CARTESIAN_POINT('',(-0.0762,0.0762,0.1175512));
#3210=CARTESIAN_POINT('',(-0.0787527,0.0762,0.1175512));
#3211=CARTESIAN_POINT('',(0.,4.3508026833308E-18,0.1175512));
#3212=CARTESIAN_POINT('',(0.071054,4.3508026833308E-18,0.1175512));
#3213=CARTESIAN_POINT('',(0.,4.3508026833308E-18,2.19821094383298));
#3214=CARTESIAN_POINT('',(0.,4.3508026833308E-18,0.1143762));
#3215=CARTESIAN_POINT('',(0.071054,4.3508026833308E-18,0.1143762));
#3216=CARTESIAN_POINT('',(-0.0762,0.0762,0.1175512));
#3217=CARTESIAN_POINT('',(-0.0762,0.0762,0.1143762));
#3218=CARTESIAN_POINT('',(-0.0736473,0.0762,0.1143762));
#3219=CARTESIAN_POINT('',(0.0508,0.0762,0.1175512));
#3220=CARTESIAN_POINT('',(0.0508,0.0762,0.1143762));
#3221=CARTESIAN_POINT('',(0.0533527,0.0762,0.1143762));
#3222=CARTESIAN_POINT('',(0.0762,0.0762,0.1175512));
#3223=CARTESIAN_POINT('',(0.0762,0.0762,0.1143762));
#3224=CARTESIAN_POINT('',(0.0787527,0.0762,0.1143762));
#3225=CARTESIAN_POINT('',(0.0762,0.12065,0.1175512));
#3226=CARTESIAN_POINT('',(0.0762,0.12065,0.1143762));
#3227=CARTESIAN_POINT('',(0.0787527,0.12065,0.1143762));
#3228=CARTESIAN_POINT('',(0.0508,0.12065,0.1175512));
#3229=CARTESIAN_POINT('',(0.0508,0.12065,0.1143762));
#3230=CARTESIAN_POINT('',(0.0533527,0.12065,0.1143762));
#3231=CARTESIAN_POINT('',(0.0254,0.12065,0.1175512));
#3232=CARTESIAN_POINT('',(0.0254,0.12065,0.1143762));
#3233=CARTESIAN_POINT('',(0.0279527,0.12065,0.1143762));
#3234=CARTESIAN_POINT('',(-5.55111512312578E-17,0.12065,0.1175512));
#3235=CARTESIAN_POINT('',(-5.55111512312578E-17,0.12065,0.1143762));
#3236=CARTESIAN_POINT('',(0.00255269999999994,0.12065,0.1143762));
#3237=CARTESIAN_POINT('',(-0.0762,0.12065,0.1175512));
#3238=CARTESIAN_POINT('',(-0.0762,0.12065,0.1143762));
#3239=CARTESIAN_POINT('',(-0.0736473,0.12065,0.1143762));
#3240=CARTESIAN_POINT('',(-0.0508,0.12065,0.1175512));
#3241=CARTESIAN_POINT('',(-0.0508,0.12065,0.1143762));
#3242=CARTESIAN_POINT('',(-0.0482473,0.12065,0.1143762));
#3243=CARTESIAN_POINT('',(-0.0508,0.0762,0.1175512));
#3244=CARTESIAN_POINT('',(-0.0508,0.0762,0.1143762));
#3245=CARTESIAN_POINT('',(-0.0482473,0.0762,0.1143762));
#3246=CARTESIAN_POINT('',(-0.0254,0.12065,0.1175512));
#3247=CARTESIAN_POINT('',(-0.0254,0.12065,0.1143762));
#3248=CARTESIAN_POINT('',(-0.0228473,0.12065,0.1143762));
#3249=CARTESIAN_POINT('',(-0.1937512,0.1143,-0.3461512));
#3250=CARTESIAN_POINT('',(-0.1937512,0.1143,0.1143762));
#3251=CARTESIAN_POINT('',(-0.1911985,0.1143,0.1143762));
#3252=CARTESIAN_POINT('',(0.0381,0.1651,-0.3461512));
#3253=CARTESIAN_POINT('',(0.0381,0.1651,0.1143762));
#3254=CARTESIAN_POINT('',(0.0406527,0.1651,0.1143762));
#3255=CARTESIAN_POINT('',(0.0127,0.1651,-0.3461512));
#3256=CARTESIAN_POINT('',(0.0127,0.1651,0.1143762));
#3257=CARTESIAN_POINT('',(0.0152527,0.1651,0.1143762));
#3258=CARTESIAN_POINT('',(-0.0127,0.1651,-0.3461512));
#3259=CARTESIAN_POINT('',(-0.0127,0.1651,0.1143762));
#3260=CARTESIAN_POINT('',(-0.0101473,0.1651,0.1143762));
#3261=CARTESIAN_POINT('',(-0.0381,0.1651,-0.3461512));
#3262=CARTESIAN_POINT('',(-0.0381,0.1651,0.1143762));
#3263=CARTESIAN_POINT('',(-0.0355473,0.1651,0.1143762));
#3264=CARTESIAN_POINT('',(-0.0635,0.1651,-0.3461512));
#3265=CARTESIAN_POINT('',(-0.0635,0.1651,0.1143762));
#3266=CARTESIAN_POINT('',(-0.0609473,0.1651,0.1143762));
#3267=CARTESIAN_POINT('',(-0.0889,0.1651,-0.3461512));
#3268=CARTESIAN_POINT('',(-0.0889,0.1651,0.1143762));
#3269=CARTESIAN_POINT('',(-0.0863473,0.1651,0.1143762));
#3270=CARTESIAN_POINT('',(-0.1143,0.1651,-0.3461512));
#3271=CARTESIAN_POINT('',(-0.1143,0.1651,0.1143762));
#3272=CARTESIAN_POINT('',(-0.1117473,0.1651,0.1143762));
#3273=CARTESIAN_POINT('',(-0.1397,0.1651,-0.3461512));
#3274=CARTESIAN_POINT('',(-0.1397,0.1651,0.1143762));
#3275=CARTESIAN_POINT('',(-0.1371473,0.1651,0.1143762));
#3276=CARTESIAN_POINT('',(-0.1651,0.1651,-0.3461512));
#3277=CARTESIAN_POINT('',(-0.1651,0.1651,0.1143762));
#3278=CARTESIAN_POINT('',(-0.1625473,0.1651,0.1143762));
#3279=CARTESIAN_POINT('',(-0.1651,-0.1651,-0.3461512));
#3280=CARTESIAN_POINT('',(-0.1651,-0.1651,0.1143762));
#3281=CARTESIAN_POINT('',(-0.1625473,-0.1651,0.1143762));
#3282=CARTESIAN_POINT('',(-0.1397,-0.1651,-0.3461512));
#3283=CARTESIAN_POINT('',(-0.1397,-0.1651,0.1143762));
#3284=CARTESIAN_POINT('',(-0.1371473,-0.1651,0.1143762));
#3285=CARTESIAN_POINT('',(-0.1143,-0.1651,-0.3461512));
#3286=CARTESIAN_POINT('',(-0.1143,-0.1651,0.1143762));
#3287=CARTESIAN_POINT('',(-0.1117473,-0.1651,0.1143762));
#3288=CARTESIAN_POINT('',(-0.0889,-0.1651,-0.3461512));
#3289=CARTESIAN_POINT('',(-0.0889,-0.1651,0.1143762));
#3290=CARTESIAN_POINT('',(-0.0863473,-0.1651,0.1143762));
#3291=CARTESIAN_POINT('',(-0.0635,-0.1651,-0.3461512));
#3292=CARTESIAN_POINT('',(-0.0635,-0.1651,0.1143762));
#3293=CARTESIAN_POINT('',(-0.0609473,-0.1651,0.1143762));
#3294=CARTESIAN_POINT('',(-0.0381,-0.1651,-0.3461512));
#3295=CARTESIAN_POINT('',(-0.0381,-0.1651,0.1143762));
#3296=CARTESIAN_POINT('',(-0.0355473,-0.1651,0.1143762));
#3297=CARTESIAN_POINT('',(-0.0127,-0.1651,-0.3461512));
#3298=CARTESIAN_POINT('',(-0.0127,-0.1651,0.1143762));
#3299=CARTESIAN_POINT('',(-0.0101473,-0.1651,0.1143762));
#3300=CARTESIAN_POINT('',(0.0635,0.1651,-0.3461512));
#3301=CARTESIAN_POINT('',(0.0635,0.1651,0.1143762));
#3302=CARTESIAN_POINT('',(0.0660527,0.1651,0.1143762));
#3303=CARTESIAN_POINT('',(0.0889,0.1651,-0.3461512));
#3304=CARTESIAN_POINT('',(0.0889,0.1651,0.1143762));
#3305=CARTESIAN_POINT('',(0.0914527,0.1651,0.1143762));
#3306=CARTESIAN_POINT('',(0.1143,0.1651,-0.3461512));
#3307=CARTESIAN_POINT('',(0.1143,0.1651,0.1143762));
#3308=CARTESIAN_POINT('',(0.1168527,0.1651,0.1143762));
#3309=CARTESIAN_POINT('',(0.1397,0.1651,-0.3461512));
#3310=CARTESIAN_POINT('',(0.1397,0.1651,0.1143762));
#3311=CARTESIAN_POINT('',(0.1422527,0.1651,0.1143762));
#3312=CARTESIAN_POINT('',(0.1937512,0.1905,-0.3461512));
#3313=CARTESIAN_POINT('',(0.1937512,0.1905,0.1143762));
#3314=CARTESIAN_POINT('',(0.1963039,0.1905,0.1143762));
#3315=CARTESIAN_POINT('',(0.1937512,0.1651,-0.3461512));
#3316=CARTESIAN_POINT('',(0.1937512,0.1651,0.1143762));
#3317=CARTESIAN_POINT('',(0.1963039,0.1651,0.1143762));
#3318=CARTESIAN_POINT('',(0.1937512,0.1397,-0.3461512));
#3319=CARTESIAN_POINT('',(0.1937512,0.1397,0.1143762));
#3320=CARTESIAN_POINT('',(0.1963039,0.1397,0.1143762));
#3321=CARTESIAN_POINT('',(0.1651,0.1651,-0.3461512));
#3322=CARTESIAN_POINT('',(0.1651,0.1651,0.1143762));
#3323=CARTESIAN_POINT('',(0.1676527,0.1651,0.1143762));
#3324=CARTESIAN_POINT('',(-0.1937512,0.1651,-0.3461512));
#3325=CARTESIAN_POINT('',(-0.1937512,0.1651,0.1143762));
#3326=CARTESIAN_POINT('',(-0.1911985,0.1651,0.1143762));
#3327=CARTESIAN_POINT('',(-0.1937512,0.1905,-0.3461512));
#3328=CARTESIAN_POINT('',(-0.1937512,0.1905,0.1143762));
#3329=CARTESIAN_POINT('',(-0.1911985,0.1905,0.1143762));
#3330=CARTESIAN_POINT('',(-0.1937512,0.1397,-0.3461512));
#3331=CARTESIAN_POINT('',(-0.1937512,0.1397,0.1143762));
#3332=CARTESIAN_POINT('',(-0.1911985,0.1397,0.1143762));
#3333=CARTESIAN_POINT('',(0.1937512,0.0381,-0.3461512));
#3334=CARTESIAN_POINT('',(0.1937512,0.0381,0.1143762));
#3335=CARTESIAN_POINT('',(0.1963039,0.0381,0.1143762));
#3336=CARTESIAN_POINT('',(0.1937512,0.0635,-0.3461512));
#3337=CARTESIAN_POINT('',(0.1937512,0.0635,0.1143762));
#3338=CARTESIAN_POINT('',(0.1963039,0.0635,0.1143762));
#3339=CARTESIAN_POINT('',(0.1937512,0.0889,-0.3461512));
#3340=CARTESIAN_POINT('',(0.1937512,0.0889,0.1143762));
#3341=CARTESIAN_POINT('',(0.1963039,0.0889,0.1143762));
#3342=CARTESIAN_POINT('',(0.1937512,0.1143,-0.3461512));
#3343=CARTESIAN_POINT('',(0.1937512,0.1143,0.1143762));
#3344=CARTESIAN_POINT('',(0.1963039,0.1143,0.1143762));
#3345=CARTESIAN_POINT('',(-0.1937512,-0.1905,-0.3461512));
#3346=CARTESIAN_POINT('',(-0.1937512,-0.1905,0.1143762));
#3347=CARTESIAN_POINT('',(-0.1911985,-0.1905,0.1143762));
#3348=CARTESIAN_POINT('',(-0.1937512,-0.1651,-0.3461512));
#3349=CARTESIAN_POINT('',(-0.1937512,-0.1651,0.1143762));
#3350=CARTESIAN_POINT('',(-0.1911985,-0.1651,0.1143762));
#3351=CARTESIAN_POINT('',(-0.1937512,-0.1397,-0.3461512));
#3352=CARTESIAN_POINT('',(-0.1937512,-0.1397,0.1143762));
#3353=CARTESIAN_POINT('',(-0.1911985,-0.1397,0.1143762));
#3354=CARTESIAN_POINT('',(-0.1937512,-0.1143,-0.3461512));
#3355=CARTESIAN_POINT('',(-0.1937512,-0.1143,0.1143762));
#3356=CARTESIAN_POINT('',(-0.1911985,-0.1143,0.1143762));
#3357=CARTESIAN_POINT('',(-0.1937512,-0.0889,-0.3461512));
#3358=CARTESIAN_POINT('',(-0.1937512,-0.0889,0.1143762));
#3359=CARTESIAN_POINT('',(-0.1911985,-0.0889,0.1143762));
#3360=CARTESIAN_POINT('',(-0.1937512,-0.0635,-0.3461512));
#3361=CARTESIAN_POINT('',(-0.1937512,-0.0635,0.1143762));
#3362=CARTESIAN_POINT('',(-0.1911985,-0.0635,0.1143762));
#3363=CARTESIAN_POINT('',(-0.1937512,-0.0381,-0.3461512));
#3364=CARTESIAN_POINT('',(-0.1937512,-0.0381,0.1143762));
#3365=CARTESIAN_POINT('',(-0.1911985,-0.0381,0.1143762));
#3366=CARTESIAN_POINT('',(-0.1937512,-0.0127,-0.3461512));
#3367=CARTESIAN_POINT('',(-0.1937512,-0.0127,0.1143762));
#3368=CARTESIAN_POINT('',(-0.1911985,-0.0127,0.1143762));
#3369=CARTESIAN_POINT('',(-0.1937512,0.0127,-0.3461512));
#3370=CARTESIAN_POINT('',(-0.1937512,0.0127,0.1143762));
#3371=CARTESIAN_POINT('',(-0.1911985,0.0127,0.1143762));
#3372=CARTESIAN_POINT('',(-0.1937512,0.0381,-0.3461512));
#3373=CARTESIAN_POINT('',(-0.1937512,0.0381,0.1143762));
#3374=CARTESIAN_POINT('',(-0.1911985,0.0381,0.1143762));
#3375=CARTESIAN_POINT('',(-0.1937512,0.0635,-0.3461512));
#3376=CARTESIAN_POINT('',(-0.1937512,0.0635,0.1143762));
#3377=CARTESIAN_POINT('',(-0.1911985,0.0635,0.1143762));
#3378=CARTESIAN_POINT('',(-0.1937512,0.0889,-0.3461512));
#3379=CARTESIAN_POINT('',(-0.1937512,0.0889,0.1143762));
#3380=CARTESIAN_POINT('',(-0.1911985,0.0889,0.1143762));
#3381=CARTESIAN_POINT('',(0.0127,-0.1651,-0.3461512));
#3382=CARTESIAN_POINT('',(0.0127,-0.1651,0.1143762));
#3383=CARTESIAN_POINT('',(0.0152527,-0.1651,0.1143762));
#3384=CARTESIAN_POINT('',(0.0381,-0.1651,-0.3461512));
#3385=CARTESIAN_POINT('',(0.0381,-0.1651,0.1143762));
#3386=CARTESIAN_POINT('',(0.0406527,-0.1651,0.1143762));
#3387=CARTESIAN_POINT('',(0.0635,-0.1651,-0.3461512));
#3388=CARTESIAN_POINT('',(0.0635,-0.1651,0.1143762));
#3389=CARTESIAN_POINT('',(0.0660527,-0.1651,0.1143762));
#3390=CARTESIAN_POINT('',(0.0889,-0.1651,-0.3461512));
#3391=CARTESIAN_POINT('',(0.0889,-0.1651,0.1143762));
#3392=CARTESIAN_POINT('',(0.0914527,-0.1651,0.1143762));
#3393=CARTESIAN_POINT('',(0.1143,-0.1651,-0.3461512));
#3394=CARTESIAN_POINT('',(0.1143,-0.1651,0.1143762));
#3395=CARTESIAN_POINT('',(0.1168527,-0.1651,0.1143762));
#3396=CARTESIAN_POINT('',(0.1397,-0.1651,-0.3461512));
#3397=CARTESIAN_POINT('',(0.1397,-0.1651,0.1143762));
#3398=CARTESIAN_POINT('',(0.1422527,-0.1651,0.1143762));
#3399=CARTESIAN_POINT('',(0.1651,-0.1651,-0.3461512));
#3400=CARTESIAN_POINT('',(0.1651,-0.1651,0.1143762));
#3401=CARTESIAN_POINT('',(0.1676527,-0.1651,0.1143762));
#3402=CARTESIAN_POINT('',(0.1937512,-0.1905,-0.3461512));
#3403=CARTESIAN_POINT('',(0.1937512,-0.1905,0.1143762));
#3404=CARTESIAN_POINT('',(0.1963039,-0.1905,0.1143762));
#3405=CARTESIAN_POINT('',(0.1937512,-0.1651,-0.3461512));
#3406=CARTESIAN_POINT('',(0.1937512,-0.1651,0.1143762));
#3407=CARTESIAN_POINT('',(0.1963039,-0.1651,0.1143762));
#3408=CARTESIAN_POINT('',(0.1937512,-0.1397,-0.3461512));
#3409=CARTESIAN_POINT('',(0.1937512,-0.1397,0.1143762));
#3410=CARTESIAN_POINT('',(0.1963039,-0.1397,0.1143762));
#3411=CARTESIAN_POINT('',(0.1937512,-0.1143,-0.3461512));
#3412=CARTESIAN_POINT('',(0.1937512,-0.1143,0.1143762));
#3413=CARTESIAN_POINT('',(0.1963039,-0.1143,0.1143762));
#3414=CARTESIAN_POINT('',(0.1937512,-0.0889,-0.3461512));
#3415=CARTESIAN_POINT('',(0.1937512,-0.0889,0.1143762));
#3416=CARTESIAN_POINT('',(0.1963039,-0.0889,0.1143762));
#3417=CARTESIAN_POINT('',(0.1937512,-0.0635,-0.3461512));
#3418=CARTESIAN_POINT('',(0.1937512,-0.0635,0.1143762));
#3419=CARTESIAN_POINT('',(0.1963039,-0.0635,0.1143762));
#3420=CARTESIAN_POINT('',(0.1937512,-0.0381,-0.3461512));
#3421=CARTESIAN_POINT('',(0.1937512,-0.0381,0.1143762));
#3422=CARTESIAN_POINT('',(0.1963039,-0.0381,0.1143762));
#3423=CARTESIAN_POINT('',(0.1937512,-0.0127,-0.3461512));
#3424=CARTESIAN_POINT('',(0.1937512,-0.0127,0.1143762));
#3425=CARTESIAN_POINT('',(0.1963039,-0.0127,0.1143762));
#3426=CARTESIAN_POINT('',(0.1937512,0.0127,-0.3461512));
#3427=CARTESIAN_POINT('',(0.1937512,0.0127,0.1143762));
#3428=CARTESIAN_POINT('',(0.1963039,0.0127,0.1143762));
#3429=CARTESIAN_POINT('',(0.1794256,-0.2032,0.1143762));
#3430=CARTESIAN_POINT('',(-0.1778,-0.0762,0.1143762));
#3431=CARTESIAN_POINT('',(-0.1752473,-0.0762,0.1143762));
#3432=CARTESIAN_POINT('',(-0.1524,-0.0762,0.1143762));
#3433=CARTESIAN_POINT('',(-0.1498473,-0.0762,0.1143762));
#3434=CARTESIAN_POINT('',(-0.127,-0.0762,0.1143762));
#3435=CARTESIAN_POINT('',(-0.1244473,-0.0762,0.1143762));
#3436=CARTESIAN_POINT('',(-0.1016,-0.0762,0.1143762));
#3437=CARTESIAN_POINT('',(-0.0990473,-0.0762,0.1143762));
#3438=CARTESIAN_POINT('',(-0.0762,-0.0762,0.1143762));
#3439=CARTESIAN_POINT('',(-0.0736473,-0.0762,0.1143762));
#3440=CARTESIAN_POINT('',(0.0762,-0.0762,0.1143762));
#3441=CARTESIAN_POINT('',(0.0787527,-0.0762,0.1143762));
#3442=CARTESIAN_POINT('',(0.1016,-0.0762,0.1143762));
#3443=CARTESIAN_POINT('',(0.1041527,-0.0762,0.1143762));
#3444=CARTESIAN_POINT('',(0.127,-0.0762,0.1143762));
#3445=CARTESIAN_POINT('',(0.1295527,-0.0762,0.1143762));
#3446=CARTESIAN_POINT('',(0.127,0.0762,0.1143762));
#3447=CARTESIAN_POINT('',(0.1295527,0.0762,0.1143762));
#3448=CARTESIAN_POINT('',(0.1524,0.0762,0.1143762));
#3449=CARTESIAN_POINT('',(0.1549527,0.0762,0.1143762));
#3450=CARTESIAN_POINT('',(0.1778,0.0762,0.1143762));
#3451=CARTESIAN_POINT('',(0.1803527,0.0762,0.1143762));
#3452=CARTESIAN_POINT('',(0.1524,-0.0762,0.1143762));
#3453=CARTESIAN_POINT('',(0.1549527,-0.0762,0.1143762));
#3454=CARTESIAN_POINT('',(-0.127,0.0762,0.1143762));
#3455=CARTESIAN_POINT('',(-0.1244473,0.0762,0.1143762));
#3456=CARTESIAN_POINT('',(-0.1524,0.0762,0.1143762));
#3457=CARTESIAN_POINT('',(-0.1498473,0.0762,0.1143762));
#3458=CARTESIAN_POINT('',(-0.1778,0.0762,0.1143762));
#3459=CARTESIAN_POINT('',(-0.1752473,0.0762,0.1143762));
#3460=CARTESIAN_POINT('',(0.1016,0.0762,0.1143762));
#3461=CARTESIAN_POINT('',(0.1041527,0.0762,0.1143762));
#3462=CARTESIAN_POINT('',(0.1778,-0.0762,0.1143762));
#3463=CARTESIAN_POINT('',(0.1803527,-0.0762,0.1143762));
#3464=CARTESIAN_POINT('',(-0.1016,0.0762,0.1143762));
#3465=CARTESIAN_POINT('',(-0.0990473,0.0762,0.1143762));
#3466=CARTESIAN_POINT('',(0.075,-6.93889390390723E-18,0.1143762));
#3467=CARTESIAN_POINT('',(0.0774892,-6.93889390390723E-18,0.1143762));
#3468=CARTESIAN_POINT('',(0.0530330085889911,0.0530330085889911,0.1143762));
#3469=CARTESIAN_POINT('',(0.0555222085889911,0.0530330085889911,0.1143762));
#3470=CARTESIAN_POINT('',(0.,0.075,0.1143762));
#3471=CARTESIAN_POINT('',(0.0024892,0.075,0.1143762));
#3472=CARTESIAN_POINT('',(-0.0530330085889911,0.0530330085889911,0.1143762));
#3473=CARTESIAN_POINT('',(-0.0505438085889911,0.0530330085889911,0.1143762));
#3474=CARTESIAN_POINT('',(-0.075,0.,0.1143762));
#3475=CARTESIAN_POINT('',(-0.0725108,0.,0.1143762));
#3476=CARTESIAN_POINT('',(-0.0530330085889911,-0.0530330085889911,0.1143762));
#3477=CARTESIAN_POINT('',(-0.0505438085889911,-0.0530330085889911,0.1143762));
#3478=CARTESIAN_POINT('',(-6.93889390390723E-18,-0.075,0.1143762));
#3479=CARTESIAN_POINT('',(0.00248919999999999,-0.075,0.1143762));
#3480=CARTESIAN_POINT('',(0.0530330085889911,-0.0530330085889911,0.1143762));
#3481=CARTESIAN_POINT('',(0.0555222085889911,-0.0530330085889911,0.1143762));
#3482=CARTESIAN_POINT('',(0.0530330085889911,-0.0530330085889911,-0.3461512));
#3483=CARTESIAN_POINT('',(-6.93889390390723E-18,-0.075,-0.3461512));
#3484=CARTESIAN_POINT('',(-0.0530330085889911,-0.0530330085889911,-0.3461512));
#3485=CARTESIAN_POINT('',(-0.075,0.,-0.3461512));
#3486=CARTESIAN_POINT('',(-0.0530330085889911,0.0530330085889911,-0.3461512));
#3487=CARTESIAN_POINT('',(0.,0.075,-0.3461512));
#3488=CARTESIAN_POINT('',(0.0530330085889911,0.0530330085889911,-0.3461512));
#3489=CARTESIAN_POINT('',(0.075,-6.93889390390723E-18,-0.3461512));
#3490=CARTESIAN_POINT('',(-0.1016,0.0762,0.1143));
#3491=CARTESIAN_POINT('',(0.1778,-0.0762,0.1143));
#3492=CARTESIAN_POINT('',(0.1016,0.0762,0.1143));
#3493=CARTESIAN_POINT('',(-0.1778,0.0762,0.1143));
#3494=CARTESIAN_POINT('',(-0.1524,0.0762,0.1143));
#3495=CARTESIAN_POINT('',(-0.127,0.0762,0.1143));
#3496=CARTESIAN_POINT('',(0.1524,-0.0762,0.1143));
#3497=CARTESIAN_POINT('',(0.1778,0.0762,0.1143));
#3498=CARTESIAN_POINT('',(0.1524,0.0762,0.1143));
#3499=CARTESIAN_POINT('',(0.127,0.0762,0.1143));
#3500=CARTESIAN_POINT('',(0.127,-0.0762,0.1143));
#3501=CARTESIAN_POINT('',(0.1016,-0.0762,0.1143));
#3502=CARTESIAN_POINT('',(0.0762,-0.0762,0.1143));
#3503=CARTESIAN_POINT('',(-0.0762,-0.0762,0.1143));
#3504=CARTESIAN_POINT('',(-0.1016,-0.0762,0.1143));
#3505=CARTESIAN_POINT('',(-0.127,-0.0762,0.1143));
#3506=CARTESIAN_POINT('',(-0.1524,-0.0762,0.1143));
#3507=CARTESIAN_POINT('',(-0.1778,-0.0762,0.1143));
#3508=MECHANICAL_DESIGN_GEOMETRIC_PRESENTATION_REPRESENTATION('',(#2065),
#3509);
#3509=(
GEOMETRIC_REPRESENTATION_CONTEXT(3)
GLOBAL_UNCERTAINTY_ASSIGNED_CONTEXT((#3510))
GLOBAL_UNIT_ASSIGNED_CONTEXT((#3513,#3512,#3511))
REPRESENTATION_CONTEXT('Az Mountplate','TOP_LEVEL_ASSEMBLY_PART')
);
#3510=UNCERTAINTY_MEASURE_WITH_UNIT(LENGTH_MEASURE(1.E-8),#3513,
'DISTANCE_ACCURACY_VALUE','Maximum Tolerance applied to model');
#3511=(
NAMED_UNIT(*)
SI_UNIT($,.STERADIAN.)
SOLID_ANGLE_UNIT()
);
#3512=(
NAMED_UNIT(*)
PLANE_ANGLE_UNIT()
SI_UNIT($,.RADIAN.)
);
#3513=(
LENGTH_UNIT()
NAMED_UNIT(*)
SI_UNIT($,.METRE.)
);
#3514=PRODUCT_DEFINITION_SHAPE('','',#3515);
#3515=PRODUCT_DEFINITION('','',#3517,#3516);
#3516=PRODUCT_DEFINITION_CONTEXT('',#3523,'design');
#3517=PRODUCT_DEFINITION_FORMATION_WITH_SPECIFIED_SOURCE('','',#3519,
 .NOT_KNOWN.);
#3518=PRODUCT_RELATED_PRODUCT_CATEGORY('','',(#3519));
#3519=PRODUCT('Az Mountplate','Az Mountplate','Az Mountplate',(#3521));
#3520=PRODUCT_CATEGORY('','');
#3521=PRODUCT_CONTEXT('',#3523,'mechanical');
#3522=APPLICATION_PROTOCOL_DEFINITION('international standard',
'ap242_managed_model_based_3d_engineering',2011,#3523);
#3523=APPLICATION_CONTEXT('managed model based 3d engineering');
ENDSEC;
END-ISO-10303-21;
