ISO-10303-21;
HEADER;
/* Generated by software containing ST-Developer
 * from STEP Tools, Inc. (www.steptools.com) 
 */
/* OPTION: using custom renumber hook */

FILE_DESCRIPTION(
/* description */ ('STEP AP242',
'CAx-IF Rec.Pracs.---Representation and Presentation of Product Manufa
cturing Information (PMI)---4.0---2014-10-13',
'CAx-IF Rec.Pracs.---3D Tessellated Geometry---0.4---2014-09-14','2;1'),

/* implementation_level */ '2;1');

FILE_NAME(
/* name */ '68fb25c134e6012dc82c989a',
/* time_stamp */ '2025-10-24T07:07:46Z',
/* author */ (''),
/* organization */ (''),
/* preprocessor_version */ 'ST-DEVELOPER v20',
/* originating_system */ 'ONSHAPE BY PTC INC, 1.205',
/* authorisation */ '  ');

FILE_SCHEMA (('AP242_MANAGED_MODEL_BASED_3D_ENGINEERING_MIM_LF { 1 0 10303 442 1 1 4 }'));
ENDSEC;

DATA;
#10=SHAPE_REPRESENTATION_RELATIONSHIP('','',#9401,#11);
#11=ADVANCED_BREP_SHAPE_REPRESENTATION('',(#9399),#15279);
#12=CYLINDRICAL_SURFACE('',#9757,0.05);
#13=CYLINDRICAL_SURFACE('',#9758,0.05);
#14=CYLINDRICAL_SURFACE('',#9759,0.05);
#15=CYLINDRICAL_SURFACE('',#9760,0.05);
#16=CYLINDRICAL_SURFACE('',#9771,0.000254);
#17=CYLINDRICAL_SURFACE('',#9772,0.000254);
#18=CYLINDRICAL_SURFACE('',#9773,0.000254);
#19=CYLINDRICAL_SURFACE('',#9774,0.000254);
#20=CYLINDRICAL_SURFACE('',#9779,0.000254);
#21=CYLINDRICAL_SURFACE('',#9780,0.000254);
#22=CYLINDRICAL_SURFACE('',#9781,0.000254);
#23=CYLINDRICAL_SURFACE('',#9782,0.000254);
#24=CYLINDRICAL_SURFACE('',#9787,0.000254);
#25=CYLINDRICAL_SURFACE('',#9788,0.000254);
#26=CYLINDRICAL_SURFACE('',#9789,0.000254);
#27=CYLINDRICAL_SURFACE('',#9790,0.000254);
#28=CYLINDRICAL_SURFACE('',#9795,0.000254);
#29=CYLINDRICAL_SURFACE('',#9796,0.000254);
#30=CYLINDRICAL_SURFACE('',#9797,0.000254);
#31=CYLINDRICAL_SURFACE('',#9798,0.000254);
#32=CYLINDRICAL_SURFACE('',#9803,0.000254);
#33=CYLINDRICAL_SURFACE('',#9804,0.000254);
#34=CYLINDRICAL_SURFACE('',#9805,0.000254);
#35=CYLINDRICAL_SURFACE('',#9806,0.000254);
#36=CYLINDRICAL_SURFACE('',#9811,0.000254);
#37=CYLINDRICAL_SURFACE('',#9812,0.000254);
#38=CYLINDRICAL_SURFACE('',#9813,0.000254);
#39=CYLINDRICAL_SURFACE('',#9814,0.000254);
#40=CYLINDRICAL_SURFACE('',#9819,0.000254);
#41=CYLINDRICAL_SURFACE('',#9820,0.000254);
#42=CYLINDRICAL_SURFACE('',#9821,0.000254);
#43=CYLINDRICAL_SURFACE('',#9822,0.000254);
#44=CYLINDRICAL_SURFACE('',#9827,0.000254);
#45=CYLINDRICAL_SURFACE('',#9828,0.000254);
#46=CYLINDRICAL_SURFACE('',#9829,0.000254);
#47=CYLINDRICAL_SURFACE('',#9830,0.000254);
#48=CYLINDRICAL_SURFACE('',#9835,0.000254);
#49=CYLINDRICAL_SURFACE('',#9836,0.000254);
#50=CYLINDRICAL_SURFACE('',#9837,0.000254);
#51=CYLINDRICAL_SURFACE('',#9838,0.000254);
#52=CYLINDRICAL_SURFACE('',#9843,0.000254);
#53=CYLINDRICAL_SURFACE('',#9844,0.000254);
#54=CYLINDRICAL_SURFACE('',#9845,0.000254);
#55=CYLINDRICAL_SURFACE('',#9846,0.000254);
#56=CYLINDRICAL_SURFACE('',#9850,0.000254);
#57=CYLINDRICAL_SURFACE('',#9851,0.000254);
#58=CYLINDRICAL_SURFACE('',#9852,0.000254);
#59=CYLINDRICAL_SURFACE('',#9856,0.000254);
#60=CYLINDRICAL_SURFACE('',#9857,0.000254);
#61=CYLINDRICAL_SURFACE('',#9858,0.000254);
#62=CYLINDRICAL_SURFACE('',#9863,0.000254);
#63=CYLINDRICAL_SURFACE('',#9864,0.000254);
#64=CYLINDRICAL_SURFACE('',#9865,0.000254);
#65=CYLINDRICAL_SURFACE('',#9866,0.000254);
#66=CYLINDRICAL_SURFACE('',#9870,0.000254);
#67=CYLINDRICAL_SURFACE('',#9871,0.000254);
#68=CYLINDRICAL_SURFACE('',#9872,0.000254);
#69=CYLINDRICAL_SURFACE('',#9877,0.000254);
#70=CYLINDRICAL_SURFACE('',#9878,0.000254);
#71=CYLINDRICAL_SURFACE('',#9879,0.000254);
#72=CYLINDRICAL_SURFACE('',#9880,0.000254);
#73=CYLINDRICAL_SURFACE('',#9885,0.000254);
#74=CYLINDRICAL_SURFACE('',#9886,0.000254);
#75=CYLINDRICAL_SURFACE('',#9887,0.000254);
#76=CYLINDRICAL_SURFACE('',#9888,0.000254);
#77=CYLINDRICAL_SURFACE('',#9893,0.000254);
#78=CYLINDRICAL_SURFACE('',#9894,0.000254);
#79=CYLINDRICAL_SURFACE('',#9895,0.000254);
#80=CYLINDRICAL_SURFACE('',#9896,0.000254);
#81=CYLINDRICAL_SURFACE('',#9901,0.000254);
#82=CYLINDRICAL_SURFACE('',#9902,0.000254);
#83=CYLINDRICAL_SURFACE('',#9903,0.000254);
#84=CYLINDRICAL_SURFACE('',#9904,0.000254);
#85=CYLINDRICAL_SURFACE('',#9908,0.000254);
#86=CYLINDRICAL_SURFACE('',#9909,0.000254);
#87=CYLINDRICAL_SURFACE('',#9910,0.000254);
#88=CYLINDRICAL_SURFACE('',#9915,0.000254);
#89=CYLINDRICAL_SURFACE('',#9916,0.000254);
#90=CYLINDRICAL_SURFACE('',#9917,0.000254);
#91=CYLINDRICAL_SURFACE('',#9918,0.000254);
#92=CYLINDRICAL_SURFACE('',#9919,0.0025527);
#93=CYLINDRICAL_SURFACE('',#9920,0.0025527);
#94=CYLINDRICAL_SURFACE('',#9921,0.0025527);
#95=CYLINDRICAL_SURFACE('',#9922,0.0025527);
#96=CYLINDRICAL_SURFACE('',#9923,0.0025527);
#97=CYLINDRICAL_SURFACE('',#9924,0.0025527);
#98=CYLINDRICAL_SURFACE('',#9925,0.0025527);
#99=CYLINDRICAL_SURFACE('',#9926,0.0025527);
#100=CYLINDRICAL_SURFACE('',#9927,0.0025527);
#101=CYLINDRICAL_SURFACE('',#9928,0.0025527);
#102=CYLINDRICAL_SURFACE('',#9929,0.0025527);
#103=CYLINDRICAL_SURFACE('',#9930,0.0025527);
#104=CYLINDRICAL_SURFACE('',#9931,0.0025527);
#105=CYLINDRICAL_SURFACE('',#9932,0.0025527);
#106=CYLINDRICAL_SURFACE('',#9933,0.0025527);
#107=CYLINDRICAL_SURFACE('',#9934,0.0025527);
#108=CYLINDRICAL_SURFACE('',#9935,0.0025527);
#109=CYLINDRICAL_SURFACE('',#9936,0.0025527);
#110=CYLINDRICAL_SURFACE('',#9937,0.0025527);
#111=CYLINDRICAL_SURFACE('',#9938,0.0025527);
#112=CYLINDRICAL_SURFACE('',#9939,0.0025527);
#113=CYLINDRICAL_SURFACE('',#9940,0.0025527);
#114=CYLINDRICAL_SURFACE('',#9941,0.0025527);
#115=CYLINDRICAL_SURFACE('',#9942,0.0025527);
#116=CYLINDRICAL_SURFACE('',#9943,0.0025527);
#117=CYLINDRICAL_SURFACE('',#9944,0.0025527);
#118=CYLINDRICAL_SURFACE('',#9945,0.0025527);
#119=CYLINDRICAL_SURFACE('',#9946,0.0025527);
#120=CYLINDRICAL_SURFACE('',#9947,0.0025527);
#121=CYLINDRICAL_SURFACE('',#9948,0.0025527);
#122=CYLINDRICAL_SURFACE('',#9949,0.0025527);
#123=CYLINDRICAL_SURFACE('',#9950,0.0025527);
#124=CYLINDRICAL_SURFACE('',#9951,0.0025527);
#125=CYLINDRICAL_SURFACE('',#9952,0.0025527);
#126=CYLINDRICAL_SURFACE('',#9953,0.0025527);
#127=CYLINDRICAL_SURFACE('',#9954,0.0025527);
#128=CYLINDRICAL_SURFACE('',#9955,0.0025527);
#129=CYLINDRICAL_SURFACE('',#9956,0.0025527);
#130=CYLINDRICAL_SURFACE('',#9957,0.0025527);
#131=CYLINDRICAL_SURFACE('',#9958,0.0025527);
#132=CYLINDRICAL_SURFACE('',#9959,0.0025527);
#133=CYLINDRICAL_SURFACE('',#9960,0.0025527);
#134=CYLINDRICAL_SURFACE('',#9961,0.0025527);
#135=CYLINDRICAL_SURFACE('',#9962,0.0025527);
#136=CYLINDRICAL_SURFACE('',#9963,0.0025527);
#137=CYLINDRICAL_SURFACE('',#9964,0.0025527);
#138=CYLINDRICAL_SURFACE('',#9965,0.0025527);
#139=CYLINDRICAL_SURFACE('',#9966,0.0025527);
#140=CYLINDRICAL_SURFACE('',#9967,0.0025527);
#141=CYLINDRICAL_SURFACE('',#9968,0.0025527);
#142=CYLINDRICAL_SURFACE('',#9969,0.0025527);
#143=CYLINDRICAL_SURFACE('',#9970,0.0025527);
#144=CYLINDRICAL_SURFACE('',#9971,0.0025527);
#145=CYLINDRICAL_SURFACE('',#9972,0.0025527);
#146=CYLINDRICAL_SURFACE('',#9973,0.0025527);
#147=CYLINDRICAL_SURFACE('',#9974,0.0025527);
#148=CYLINDRICAL_SURFACE('',#9975,0.0025527);
#149=CYLINDRICAL_SURFACE('',#9976,0.0025527);
#150=CYLINDRICAL_SURFACE('',#9977,0.0025527);
#151=CYLINDRICAL_SURFACE('',#9978,0.0025527);
#152=CYLINDRICAL_SURFACE('',#9979,0.0025527);
#153=CYLINDRICAL_SURFACE('',#9980,0.0025527);
#154=CYLINDRICAL_SURFACE('',#9981,0.0025527);
#155=CYLINDRICAL_SURFACE('',#9982,0.0025527);
#156=CYLINDRICAL_SURFACE('',#9983,0.0025527);
#157=CYLINDRICAL_SURFACE('',#9984,0.0025527);
#158=CYLINDRICAL_SURFACE('',#9985,0.0025527);
#159=CYLINDRICAL_SURFACE('',#9986,0.0025527);
#160=CYLINDRICAL_SURFACE('',#9987,0.0025527);
#161=CYLINDRICAL_SURFACE('',#9988,0.0025527);
#162=CYLINDRICAL_SURFACE('',#9989,0.0025527);
#163=CYLINDRICAL_SURFACE('',#9990,0.0025527);
#164=CYLINDRICAL_SURFACE('',#9991,0.0025527);
#165=CYLINDRICAL_SURFACE('',#9992,0.0025527);
#166=CYLINDRICAL_SURFACE('',#9993,0.0025527);
#167=CYLINDRICAL_SURFACE('',#9994,0.0025527);
#168=CYLINDRICAL_SURFACE('',#9995,0.0025527);
#169=CYLINDRICAL_SURFACE('',#9996,0.0025527);
#170=CYLINDRICAL_SURFACE('',#9997,0.0025527);
#171=CYLINDRICAL_SURFACE('',#9998,0.0025527);
#172=CYLINDRICAL_SURFACE('',#9999,0.0025527);
#173=CYLINDRICAL_SURFACE('',#10000,0.0025527);
#174=CYLINDRICAL_SURFACE('',#10001,0.0025527);
#175=CYLINDRICAL_SURFACE('',#10002,0.0025527);
#176=CYLINDRICAL_SURFACE('',#10003,0.0025527);
#177=CYLINDRICAL_SURFACE('',#10004,0.0025527);
#178=CYLINDRICAL_SURFACE('',#10005,0.0025527);
#179=CYLINDRICAL_SURFACE('',#10006,0.0025527);
#180=CYLINDRICAL_SURFACE('',#10007,0.0025527);
#181=CYLINDRICAL_SURFACE('',#10008,0.0025527);
#182=CYLINDRICAL_SURFACE('',#10009,0.0025527);
#183=CYLINDRICAL_SURFACE('',#10010,0.0025527);
#184=CYLINDRICAL_SURFACE('',#10011,0.0025527);
#185=CYLINDRICAL_SURFACE('',#10012,0.0025527);
#186=CYLINDRICAL_SURFACE('',#10013,0.0025527);
#187=CYLINDRICAL_SURFACE('',#10014,0.0025527);
#188=CIRCLE('',#9404,0.0025527);
#189=CIRCLE('',#9405,0.0025527);
#190=CIRCLE('',#9406,0.0025527);
#191=CIRCLE('',#9407,0.0025527);
#192=CIRCLE('',#9408,0.0025527);
#193=CIRCLE('',#9409,0.0025527);
#194=CIRCLE('',#9410,0.0025527);
#195=CIRCLE('',#9411,0.0025527);
#196=CIRCLE('',#9412,0.0025527);
#197=CIRCLE('',#9413,0.0025527);
#198=CIRCLE('',#9414,0.0025527);
#199=CIRCLE('',#9415,0.0025527);
#200=CIRCLE('',#9416,0.0025527);
#201=CIRCLE('',#9417,0.0025527);
#202=CIRCLE('',#9418,0.0025527);
#203=CIRCLE('',#9419,0.0025527);
#204=CIRCLE('',#9420,0.0025527);
#205=CIRCLE('',#9421,0.0025527);
#206=CIRCLE('',#9422,0.0025527);
#207=CIRCLE('',#9423,0.0025527);
#208=CIRCLE('',#9424,0.0025527);
#209=CIRCLE('',#9425,0.0025527);
#210=CIRCLE('',#9426,0.0025527);
#211=CIRCLE('',#9427,0.0025527);
#212=CIRCLE('',#9428,0.0025527);
#213=CIRCLE('',#9429,0.0025527);
#214=CIRCLE('',#9430,0.0025527);
#215=CIRCLE('',#9431,0.0025527);
#216=CIRCLE('',#9432,0.0025527);
#217=CIRCLE('',#9433,0.0025527);
#218=CIRCLE('',#9434,0.0025527);
#219=CIRCLE('',#9435,0.0025527);
#220=CIRCLE('',#9436,0.0025527);
#221=CIRCLE('',#9437,0.0025527);
#222=CIRCLE('',#9438,0.0025527);
#223=CIRCLE('',#9439,0.0025527);
#224=CIRCLE('',#9440,0.0025527);
#225=CIRCLE('',#9441,0.0025527);
#226=CIRCLE('',#9442,0.0025527);
#227=CIRCLE('',#9443,0.0025527);
#228=CIRCLE('',#9444,0.0025527);
#229=CIRCLE('',#9445,0.0025527);
#230=CIRCLE('',#9446,0.0025527);
#231=CIRCLE('',#9447,0.0025527);
#232=CIRCLE('',#9448,0.0025527);
#233=CIRCLE('',#9449,0.0025527);
#234=CIRCLE('',#9450,0.0025527);
#235=CIRCLE('',#9451,0.0025527);
#236=CIRCLE('',#9452,0.0025527);
#237=CIRCLE('',#9453,0.0025527);
#238=CIRCLE('',#9454,0.0025527);
#239=CIRCLE('',#9455,0.0025527);
#240=CIRCLE('',#9456,0.0025527);
#241=CIRCLE('',#9457,0.0025527);
#242=CIRCLE('',#9458,0.0025527);
#243=CIRCLE('',#9459,0.0025527);
#244=CIRCLE('',#9460,0.0025527);
#245=CIRCLE('',#9461,0.0025527);
#246=CIRCLE('',#9462,0.0025527);
#247=CIRCLE('',#9463,0.0025527);
#248=CIRCLE('',#9464,0.0025527);
#249=CIRCLE('',#9465,0.0025527);
#250=CIRCLE('',#9466,0.0025527);
#251=CIRCLE('',#9467,0.0025527);
#252=CIRCLE('',#9468,0.0025527);
#253=CIRCLE('',#9469,0.0025527);
#254=CIRCLE('',#9470,0.0025527);
#255=CIRCLE('',#9471,0.0025527);
#256=CIRCLE('',#9472,0.0025527);
#257=CIRCLE('',#9473,0.0025527);
#258=CIRCLE('',#9474,0.0025527);
#259=CIRCLE('',#9475,0.0025527);
#260=CIRCLE('',#9476,0.0025527);
#261=CIRCLE('',#9477,0.0025527);
#262=CIRCLE('',#9478,0.0025527);
#263=CIRCLE('',#9479,0.0025527);
#264=CIRCLE('',#9480,0.0025527);
#265=CIRCLE('',#9481,0.0025527);
#266=CIRCLE('',#9482,0.0025527);
#267=CIRCLE('',#9483,0.0025527);
#268=CIRCLE('',#9484,0.0025527);
#269=CIRCLE('',#9485,0.0025527);
#270=CIRCLE('',#9486,0.0025527);
#271=CIRCLE('',#9487,0.0025527);
#272=CIRCLE('',#9488,0.0025527);
#273=CIRCLE('',#9489,0.0025527);
#274=CIRCLE('',#9490,0.0025527);
#275=CIRCLE('',#9491,0.0025527);
#276=CIRCLE('',#9492,0.0025527);
#277=CIRCLE('',#9493,0.0025527);
#278=CIRCLE('',#9494,0.0025527);
#279=CIRCLE('',#9495,0.0025527);
#280=CIRCLE('',#9496,0.0025527);
#281=CIRCLE('',#9497,0.0025527);
#282=CIRCLE('',#9498,0.0025527);
#283=CIRCLE('',#9499,0.0025527);
#284=CIRCLE('',#9500,0.000254);
#285=CIRCLE('',#9501,0.000254);
#286=CIRCLE('',#9502,0.000254);
#287=CIRCLE('',#9503,0.000254);
#288=CIRCLE('',#9504,0.000254);
#289=CIRCLE('',#9505,0.000254);
#290=CIRCLE('',#9506,0.000254);
#291=CIRCLE('',#9507,0.000254);
#292=CIRCLE('',#9508,0.000254);
#293=CIRCLE('',#9509,0.000254);
#294=CIRCLE('',#9510,0.000254);
#295=CIRCLE('',#9511,0.000254);
#296=CIRCLE('',#9512,0.000254);
#297=CIRCLE('',#9513,0.000254);
#298=CIRCLE('',#9514,0.000254);
#299=CIRCLE('',#9515,0.000254);
#300=CIRCLE('',#9516,0.000254);
#301=CIRCLE('',#9517,0.000254);
#302=CIRCLE('',#9518,0.000254);
#303=CIRCLE('',#9519,0.000254);
#304=CIRCLE('',#9520,0.000254);
#305=CIRCLE('',#9521,0.000254);
#306=CIRCLE('',#9522,0.000254);
#307=CIRCLE('',#9523,0.000254);
#308=CIRCLE('',#9524,0.000254);
#309=CIRCLE('',#9525,0.000254);
#310=CIRCLE('',#9526,0.000254);
#311=CIRCLE('',#9527,0.000254);
#312=CIRCLE('',#9528,0.000254);
#313=CIRCLE('',#9529,0.000254);
#314=CIRCLE('',#9530,0.000254);
#315=CIRCLE('',#9531,0.000254);
#316=CIRCLE('',#9532,0.000254);
#317=CIRCLE('',#9533,0.000254);
#318=CIRCLE('',#9534,0.000254);
#319=CIRCLE('',#9535,0.000254);
#320=CIRCLE('',#9536,0.000254);
#321=CIRCLE('',#9537,0.000254);
#322=CIRCLE('',#9538,0.000254);
#323=CIRCLE('',#9539,0.000254);
#324=CIRCLE('',#9540,0.000254);
#325=CIRCLE('',#9541,0.000254);
#326=CIRCLE('',#9542,0.000254);
#327=CIRCLE('',#9543,0.000254);
#328=CIRCLE('',#9544,0.000254);
#329=CIRCLE('',#9545,0.000254);
#330=CIRCLE('',#9546,0.000254);
#331=CIRCLE('',#9547,0.000254);
#332=CIRCLE('',#9548,0.000254);
#333=CIRCLE('',#9549,0.000254);
#334=CIRCLE('',#9550,0.000254);
#335=CIRCLE('',#9551,0.000254);
#336=CIRCLE('',#9552,0.000254);
#337=CIRCLE('',#9553,0.000254);
#338=CIRCLE('',#9554,0.000254);
#339=CIRCLE('',#9555,0.000254);
#340=CIRCLE('',#9556,0.000254);
#341=CIRCLE('',#9557,0.000254);
#342=CIRCLE('',#9558,0.000254);
#343=CIRCLE('',#9559,0.000254);
#344=CIRCLE('',#9560,0.000254);
#345=CIRCLE('',#9561,0.000254);
#346=CIRCLE('',#9562,0.000254);
#347=CIRCLE('',#9563,0.000254);
#348=CIRCLE('',#9564,0.000254);
#349=CIRCLE('',#9565,0.000254);
#350=CIRCLE('',#9566,0.000254);
#351=CIRCLE('',#9567,0.000254);
#352=CIRCLE('',#9568,0.000254);
#353=CIRCLE('',#9569,0.000254);
#354=CIRCLE('',#9570,0.000254);
#355=CIRCLE('',#9571,0.000254);
#356=CIRCLE('',#9572,0.000254);
#357=CIRCLE('',#9573,0.000254);
#358=CIRCLE('',#9574,0.000254);
#359=CIRCLE('',#9575,0.000254);
#360=CIRCLE('',#9576,0.05);
#361=CIRCLE('',#9577,0.05);
#362=CIRCLE('',#9578,0.05);
#363=CIRCLE('',#9579,0.05);
#364=CIRCLE('',#9581,0.0025527);
#365=CIRCLE('',#9582,0.0025527);
#366=CIRCLE('',#9583,0.0025527);
#367=CIRCLE('',#9584,0.0025527);
#368=CIRCLE('',#9585,0.0025527);
#369=CIRCLE('',#9586,0.0025527);
#370=CIRCLE('',#9587,0.0025527);
#371=CIRCLE('',#9588,0.0025527);
#372=CIRCLE('',#9589,0.0025527);
#373=CIRCLE('',#9590,0.0025527);
#374=CIRCLE('',#9591,0.0025527);
#375=CIRCLE('',#9592,0.0025527);
#376=CIRCLE('',#9593,0.0025527);
#377=CIRCLE('',#9594,0.0025527);
#378=CIRCLE('',#9595,0.0025527);
#379=CIRCLE('',#9596,0.0025527);
#380=CIRCLE('',#9597,0.0025527);
#381=CIRCLE('',#9598,0.0025527);
#382=CIRCLE('',#9599,0.0025527);
#383=CIRCLE('',#9600,0.0025527);
#384=CIRCLE('',#9601,0.0025527);
#385=CIRCLE('',#9602,0.0025527);
#386=CIRCLE('',#9603,0.0025527);
#387=CIRCLE('',#9604,0.0025527);
#388=CIRCLE('',#9605,0.0025527);
#389=CIRCLE('',#9606,0.0025527);
#390=CIRCLE('',#9607,0.0025527);
#391=CIRCLE('',#9608,0.0025527);
#392=CIRCLE('',#9609,0.0025527);
#393=CIRCLE('',#9610,0.0025527);
#394=CIRCLE('',#9611,0.0025527);
#395=CIRCLE('',#9612,0.0025527);
#396=CIRCLE('',#9613,0.0025527);
#397=CIRCLE('',#9614,0.0025527);
#398=CIRCLE('',#9615,0.0025527);
#399=CIRCLE('',#9616,0.0025527);
#400=CIRCLE('',#9617,0.0025527);
#401=CIRCLE('',#9618,0.0025527);
#402=CIRCLE('',#9619,0.0025527);
#403=CIRCLE('',#9620,0.0025527);
#404=CIRCLE('',#9621,0.0025527);
#405=CIRCLE('',#9622,0.0025527);
#406=CIRCLE('',#9623,0.0025527);
#407=CIRCLE('',#9624,0.0025527);
#408=CIRCLE('',#9625,0.0025527);
#409=CIRCLE('',#9626,0.0025527);
#410=CIRCLE('',#9627,0.0025527);
#411=CIRCLE('',#9628,0.0025527);
#412=CIRCLE('',#9629,0.0025527);
#413=CIRCLE('',#9630,0.0025527);
#414=CIRCLE('',#9631,0.0025527);
#415=CIRCLE('',#9632,0.0025527);
#416=CIRCLE('',#9633,0.0025527);
#417=CIRCLE('',#9634,0.0025527);
#418=CIRCLE('',#9635,0.0025527);
#419=CIRCLE('',#9636,0.0025527);
#420=CIRCLE('',#9637,0.0025527);
#421=CIRCLE('',#9638,0.0025527);
#422=CIRCLE('',#9639,0.0025527);
#423=CIRCLE('',#9640,0.0025527);
#424=CIRCLE('',#9641,0.0025527);
#425=CIRCLE('',#9642,0.0025527);
#426=CIRCLE('',#9643,0.0025527);
#427=CIRCLE('',#9644,0.0025527);
#428=CIRCLE('',#9645,0.0025527);
#429=CIRCLE('',#9646,0.0025527);
#430=CIRCLE('',#9647,0.0025527);
#431=CIRCLE('',#9648,0.0025527);
#432=CIRCLE('',#9649,0.0025527);
#433=CIRCLE('',#9650,0.0025527);
#434=CIRCLE('',#9651,0.0025527);
#435=CIRCLE('',#9652,0.0025527);
#436=CIRCLE('',#9653,0.0025527);
#437=CIRCLE('',#9654,0.0025527);
#438=CIRCLE('',#9655,0.0025527);
#439=CIRCLE('',#9656,0.0025527);
#440=CIRCLE('',#9657,0.0025527);
#441=CIRCLE('',#9658,0.0025527);
#442=CIRCLE('',#9659,0.0025527);
#443=CIRCLE('',#9660,0.0025527);
#444=CIRCLE('',#9661,0.0025527);
#445=CIRCLE('',#9662,0.0025527);
#446=CIRCLE('',#9663,0.0025527);
#447=CIRCLE('',#9664,0.0025527);
#448=CIRCLE('',#9665,0.0025527);
#449=CIRCLE('',#9666,0.0025527);
#450=CIRCLE('',#9667,0.0025527);
#451=CIRCLE('',#9668,0.0025527);
#452=CIRCLE('',#9669,0.0025527);
#453=CIRCLE('',#9670,0.0025527);
#454=CIRCLE('',#9671,0.0025527);
#455=CIRCLE('',#9672,0.0025527);
#456=CIRCLE('',#9673,0.0025527);
#457=CIRCLE('',#9674,0.0025527);
#458=CIRCLE('',#9675,0.0025527);
#459=CIRCLE('',#9676,0.0025527);
#460=CIRCLE('',#9677,0.000254);
#461=CIRCLE('',#9678,0.000254);
#462=CIRCLE('',#9679,0.000254);
#463=CIRCLE('',#9680,0.000254);
#464=CIRCLE('',#9681,0.000254);
#465=CIRCLE('',#9682,0.000254);
#466=CIRCLE('',#9683,0.000254);
#467=CIRCLE('',#9684,0.000254);
#468=CIRCLE('',#9685,0.000254);
#469=CIRCLE('',#9686,0.000254);
#470=CIRCLE('',#9687,0.000254);
#471=CIRCLE('',#9688,0.000254);
#472=CIRCLE('',#9689,0.000254);
#473=CIRCLE('',#9690,0.000254);
#474=CIRCLE('',#9691,0.000254);
#475=CIRCLE('',#9692,0.000254);
#476=CIRCLE('',#9693,0.000254);
#477=CIRCLE('',#9694,0.000254);
#478=CIRCLE('',#9695,0.000254);
#479=CIRCLE('',#9696,0.000254);
#480=CIRCLE('',#9697,0.000254);
#481=CIRCLE('',#9698,0.000254);
#482=CIRCLE('',#9699,0.000254);
#483=CIRCLE('',#9700,0.000254);
#484=CIRCLE('',#9701,0.000254);
#485=CIRCLE('',#9702,0.000254);
#486=CIRCLE('',#9703,0.000254);
#487=CIRCLE('',#9704,0.000254);
#488=CIRCLE('',#9705,0.000254);
#489=CIRCLE('',#9706,0.000254);
#490=CIRCLE('',#9707,0.000254);
#491=CIRCLE('',#9708,0.000254);
#492=CIRCLE('',#9709,0.000254);
#493=CIRCLE('',#9710,0.000254);
#494=CIRCLE('',#9711,0.000254);
#495=CIRCLE('',#9712,0.000254);
#496=CIRCLE('',#9713,0.000254);
#497=CIRCLE('',#9714,0.000254);
#498=CIRCLE('',#9715,0.000254);
#499=CIRCLE('',#9716,0.000254);
#500=CIRCLE('',#9717,0.000254);
#501=CIRCLE('',#9718,0.000254);
#502=CIRCLE('',#9719,0.000254);
#503=CIRCLE('',#9720,0.000254);
#504=CIRCLE('',#9721,0.000254);
#505=CIRCLE('',#9722,0.000254);
#506=CIRCLE('',#9723,0.000254);
#507=CIRCLE('',#9724,0.000254);
#508=CIRCLE('',#9725,0.000254);
#509=CIRCLE('',#9726,0.000254);
#510=CIRCLE('',#9727,0.000254);
#511=CIRCLE('',#9728,0.000254);
#512=CIRCLE('',#9729,0.000254);
#513=CIRCLE('',#9730,0.000254);
#514=CIRCLE('',#9731,0.000254);
#515=CIRCLE('',#9732,0.000254);
#516=CIRCLE('',#9733,0.000254);
#517=CIRCLE('',#9734,0.000254);
#518=CIRCLE('',#9735,0.000254);
#519=CIRCLE('',#9736,0.000254);
#520=CIRCLE('',#9737,0.000254);
#521=CIRCLE('',#9738,0.000254);
#522=CIRCLE('',#9739,0.000254);
#523=CIRCLE('',#9740,0.000254);
#524=CIRCLE('',#9741,0.000254);
#525=CIRCLE('',#9742,0.000254);
#526=CIRCLE('',#9743,0.000254);
#527=CIRCLE('',#9744,0.000254);
#528=CIRCLE('',#9745,0.000254);
#529=CIRCLE('',#9746,0.000254);
#530=CIRCLE('',#9747,0.000254);
#531=CIRCLE('',#9748,0.000254);
#532=CIRCLE('',#9749,0.000254);
#533=CIRCLE('',#9750,0.000254);
#534=CIRCLE('',#9751,0.000254);
#535=CIRCLE('',#9752,0.000254);
#536=CIRCLE('',#9753,0.05);
#537=CIRCLE('',#9754,0.05);
#538=CIRCLE('',#9755,0.05);
#539=CIRCLE('',#9756,0.05);
#540=ORIENTED_EDGE('',*,*,#3024,.T.);
#541=ORIENTED_EDGE('',*,*,#3025,.T.);
#542=ORIENTED_EDGE('',*,*,#3026,.F.);
#543=ORIENTED_EDGE('',*,*,#3027,.F.);
#544=ORIENTED_EDGE('',*,*,#3028,.T.);
#545=ORIENTED_EDGE('',*,*,#3029,.T.);
#546=ORIENTED_EDGE('',*,*,#3030,.F.);
#547=ORIENTED_EDGE('',*,*,#3031,.F.);
#548=ORIENTED_EDGE('',*,*,#3032,.T.);
#549=ORIENTED_EDGE('',*,*,#3033,.T.);
#550=ORIENTED_EDGE('',*,*,#3034,.F.);
#551=ORIENTED_EDGE('',*,*,#3035,.F.);
#552=ORIENTED_EDGE('',*,*,#3036,.T.);
#553=ORIENTED_EDGE('',*,*,#3037,.T.);
#554=ORIENTED_EDGE('',*,*,#3038,.F.);
#555=ORIENTED_EDGE('',*,*,#3039,.F.);
#556=ORIENTED_EDGE('',*,*,#3040,.T.);
#557=ORIENTED_EDGE('',*,*,#3041,.T.);
#558=ORIENTED_EDGE('',*,*,#3042,.F.);
#559=ORIENTED_EDGE('',*,*,#3043,.F.);
#560=ORIENTED_EDGE('',*,*,#3044,.T.);
#561=ORIENTED_EDGE('',*,*,#3045,.T.);
#562=ORIENTED_EDGE('',*,*,#3046,.F.);
#563=ORIENTED_EDGE('',*,*,#3047,.F.);
#564=ORIENTED_EDGE('',*,*,#3048,.T.);
#565=ORIENTED_EDGE('',*,*,#3049,.T.);
#566=ORIENTED_EDGE('',*,*,#3050,.F.);
#567=ORIENTED_EDGE('',*,*,#3051,.F.);
#568=ORIENTED_EDGE('',*,*,#3052,.T.);
#569=ORIENTED_EDGE('',*,*,#3053,.T.);
#570=ORIENTED_EDGE('',*,*,#3054,.F.);
#571=ORIENTED_EDGE('',*,*,#3055,.F.);
#572=ORIENTED_EDGE('',*,*,#3056,.T.);
#573=ORIENTED_EDGE('',*,*,#3057,.T.);
#574=ORIENTED_EDGE('',*,*,#3058,.F.);
#575=ORIENTED_EDGE('',*,*,#3059,.F.);
#576=ORIENTED_EDGE('',*,*,#3060,.T.);
#577=ORIENTED_EDGE('',*,*,#3061,.T.);
#578=ORIENTED_EDGE('',*,*,#3062,.F.);
#579=ORIENTED_EDGE('',*,*,#3063,.F.);
#580=ORIENTED_EDGE('',*,*,#3064,.T.);
#581=ORIENTED_EDGE('',*,*,#3065,.T.);
#582=ORIENTED_EDGE('',*,*,#3066,.F.);
#583=ORIENTED_EDGE('',*,*,#3067,.F.);
#584=ORIENTED_EDGE('',*,*,#3068,.T.);
#585=ORIENTED_EDGE('',*,*,#3069,.T.);
#586=ORIENTED_EDGE('',*,*,#3070,.F.);
#587=ORIENTED_EDGE('',*,*,#3071,.F.);
#588=ORIENTED_EDGE('',*,*,#3072,.T.);
#589=ORIENTED_EDGE('',*,*,#3073,.T.);
#590=ORIENTED_EDGE('',*,*,#3074,.F.);
#591=ORIENTED_EDGE('',*,*,#3075,.F.);
#592=ORIENTED_EDGE('',*,*,#3076,.T.);
#593=ORIENTED_EDGE('',*,*,#3077,.T.);
#594=ORIENTED_EDGE('',*,*,#3078,.F.);
#595=ORIENTED_EDGE('',*,*,#3079,.F.);
#596=ORIENTED_EDGE('',*,*,#3080,.T.);
#597=ORIENTED_EDGE('',*,*,#3081,.T.);
#598=ORIENTED_EDGE('',*,*,#3082,.F.);
#599=ORIENTED_EDGE('',*,*,#3083,.F.);
#600=ORIENTED_EDGE('',*,*,#3084,.T.);
#601=ORIENTED_EDGE('',*,*,#3085,.T.);
#602=ORIENTED_EDGE('',*,*,#3086,.F.);
#603=ORIENTED_EDGE('',*,*,#3087,.F.);
#604=ORIENTED_EDGE('',*,*,#3088,.T.);
#605=ORIENTED_EDGE('',*,*,#3089,.T.);
#606=ORIENTED_EDGE('',*,*,#3090,.F.);
#607=ORIENTED_EDGE('',*,*,#3091,.F.);
#608=ORIENTED_EDGE('',*,*,#3092,.T.);
#609=ORIENTED_EDGE('',*,*,#3093,.T.);
#610=ORIENTED_EDGE('',*,*,#3094,.F.);
#611=ORIENTED_EDGE('',*,*,#3095,.F.);
#612=ORIENTED_EDGE('',*,*,#3096,.T.);
#613=ORIENTED_EDGE('',*,*,#3097,.T.);
#614=ORIENTED_EDGE('',*,*,#3098,.F.);
#615=ORIENTED_EDGE('',*,*,#3099,.F.);
#616=ORIENTED_EDGE('',*,*,#3100,.T.);
#617=ORIENTED_EDGE('',*,*,#3101,.T.);
#618=ORIENTED_EDGE('',*,*,#3102,.F.);
#619=ORIENTED_EDGE('',*,*,#3103,.F.);
#620=ORIENTED_EDGE('',*,*,#3104,.T.);
#621=ORIENTED_EDGE('',*,*,#3105,.T.);
#622=ORIENTED_EDGE('',*,*,#3106,.F.);
#623=ORIENTED_EDGE('',*,*,#3107,.F.);
#624=ORIENTED_EDGE('',*,*,#3108,.T.);
#625=ORIENTED_EDGE('',*,*,#3109,.T.);
#626=ORIENTED_EDGE('',*,*,#3110,.F.);
#627=ORIENTED_EDGE('',*,*,#3111,.F.);
#628=ORIENTED_EDGE('',*,*,#3112,.T.);
#629=ORIENTED_EDGE('',*,*,#3113,.T.);
#630=ORIENTED_EDGE('',*,*,#3114,.F.);
#631=ORIENTED_EDGE('',*,*,#3115,.F.);
#632=ORIENTED_EDGE('',*,*,#3116,.T.);
#633=ORIENTED_EDGE('',*,*,#3117,.T.);
#634=ORIENTED_EDGE('',*,*,#3118,.F.);
#635=ORIENTED_EDGE('',*,*,#3119,.F.);
#636=ORIENTED_EDGE('',*,*,#3120,.T.);
#637=ORIENTED_EDGE('',*,*,#3121,.T.);
#638=ORIENTED_EDGE('',*,*,#3122,.F.);
#639=ORIENTED_EDGE('',*,*,#3123,.F.);
#640=ORIENTED_EDGE('',*,*,#3124,.T.);
#641=ORIENTED_EDGE('',*,*,#3125,.T.);
#642=ORIENTED_EDGE('',*,*,#3126,.F.);
#643=ORIENTED_EDGE('',*,*,#3127,.F.);
#644=ORIENTED_EDGE('',*,*,#3128,.T.);
#645=ORIENTED_EDGE('',*,*,#3129,.T.);
#646=ORIENTED_EDGE('',*,*,#3130,.F.);
#647=ORIENTED_EDGE('',*,*,#3131,.F.);
#648=ORIENTED_EDGE('',*,*,#3132,.T.);
#649=ORIENTED_EDGE('',*,*,#3133,.T.);
#650=ORIENTED_EDGE('',*,*,#3134,.F.);
#651=ORIENTED_EDGE('',*,*,#3135,.F.);
#652=ORIENTED_EDGE('',*,*,#3136,.T.);
#653=ORIENTED_EDGE('',*,*,#3137,.T.);
#654=ORIENTED_EDGE('',*,*,#3138,.F.);
#655=ORIENTED_EDGE('',*,*,#3139,.F.);
#656=ORIENTED_EDGE('',*,*,#3140,.F.);
#657=ORIENTED_EDGE('',*,*,#3141,.F.);
#658=ORIENTED_EDGE('',*,*,#3142,.F.);
#659=ORIENTED_EDGE('',*,*,#3143,.F.);
#660=ORIENTED_EDGE('',*,*,#3144,.F.);
#661=ORIENTED_EDGE('',*,*,#3145,.F.);
#662=ORIENTED_EDGE('',*,*,#3146,.F.);
#663=ORIENTED_EDGE('',*,*,#3147,.F.);
#664=ORIENTED_EDGE('',*,*,#3148,.F.);
#665=ORIENTED_EDGE('',*,*,#3149,.F.);
#666=ORIENTED_EDGE('',*,*,#3150,.F.);
#667=ORIENTED_EDGE('',*,*,#3151,.F.);
#668=ORIENTED_EDGE('',*,*,#3152,.F.);
#669=ORIENTED_EDGE('',*,*,#3153,.F.);
#670=ORIENTED_EDGE('',*,*,#3154,.F.);
#671=ORIENTED_EDGE('',*,*,#3155,.F.);
#672=ORIENTED_EDGE('',*,*,#3156,.F.);
#673=ORIENTED_EDGE('',*,*,#3157,.F.);
#674=ORIENTED_EDGE('',*,*,#3158,.F.);
#675=ORIENTED_EDGE('',*,*,#3159,.F.);
#676=ORIENTED_EDGE('',*,*,#3160,.F.);
#677=ORIENTED_EDGE('',*,*,#3161,.F.);
#678=ORIENTED_EDGE('',*,*,#3162,.F.);
#679=ORIENTED_EDGE('',*,*,#3163,.F.);
#680=ORIENTED_EDGE('',*,*,#3164,.F.);
#681=ORIENTED_EDGE('',*,*,#3165,.F.);
#682=ORIENTED_EDGE('',*,*,#3166,.F.);
#683=ORIENTED_EDGE('',*,*,#3167,.F.);
#684=ORIENTED_EDGE('',*,*,#3168,.F.);
#685=ORIENTED_EDGE('',*,*,#3169,.F.);
#686=ORIENTED_EDGE('',*,*,#3170,.F.);
#687=ORIENTED_EDGE('',*,*,#3171,.F.);
#688=ORIENTED_EDGE('',*,*,#3172,.F.);
#689=ORIENTED_EDGE('',*,*,#3173,.F.);
#690=ORIENTED_EDGE('',*,*,#3174,.F.);
#691=ORIENTED_EDGE('',*,*,#3175,.F.);
#692=ORIENTED_EDGE('',*,*,#3176,.F.);
#693=ORIENTED_EDGE('',*,*,#3177,.F.);
#694=ORIENTED_EDGE('',*,*,#3178,.F.);
#695=ORIENTED_EDGE('',*,*,#3179,.F.);
#696=ORIENTED_EDGE('',*,*,#3180,.F.);
#697=ORIENTED_EDGE('',*,*,#3181,.F.);
#698=ORIENTED_EDGE('',*,*,#3182,.F.);
#699=ORIENTED_EDGE('',*,*,#3183,.F.);
#700=ORIENTED_EDGE('',*,*,#3184,.F.);
#701=ORIENTED_EDGE('',*,*,#3185,.F.);
#702=ORIENTED_EDGE('',*,*,#3186,.F.);
#703=ORIENTED_EDGE('',*,*,#3187,.F.);
#704=ORIENTED_EDGE('',*,*,#3188,.F.);
#705=ORIENTED_EDGE('',*,*,#3189,.F.);
#706=ORIENTED_EDGE('',*,*,#3190,.F.);
#707=ORIENTED_EDGE('',*,*,#3191,.F.);
#708=ORIENTED_EDGE('',*,*,#3192,.F.);
#709=ORIENTED_EDGE('',*,*,#3193,.F.);
#710=ORIENTED_EDGE('',*,*,#3194,.F.);
#711=ORIENTED_EDGE('',*,*,#3195,.F.);
#712=ORIENTED_EDGE('',*,*,#3196,.F.);
#713=ORIENTED_EDGE('',*,*,#3197,.F.);
#714=ORIENTED_EDGE('',*,*,#3198,.F.);
#715=ORIENTED_EDGE('',*,*,#3199,.F.);
#716=ORIENTED_EDGE('',*,*,#3200,.F.);
#717=ORIENTED_EDGE('',*,*,#3201,.F.);
#718=ORIENTED_EDGE('',*,*,#3202,.F.);
#719=ORIENTED_EDGE('',*,*,#3203,.F.);
#720=ORIENTED_EDGE('',*,*,#3204,.F.);
#721=ORIENTED_EDGE('',*,*,#3205,.F.);
#722=ORIENTED_EDGE('',*,*,#3206,.F.);
#723=ORIENTED_EDGE('',*,*,#3207,.F.);
#724=ORIENTED_EDGE('',*,*,#3208,.F.);
#725=ORIENTED_EDGE('',*,*,#3209,.F.);
#726=ORIENTED_EDGE('',*,*,#3210,.F.);
#727=ORIENTED_EDGE('',*,*,#3211,.F.);
#728=ORIENTED_EDGE('',*,*,#3212,.F.);
#729=ORIENTED_EDGE('',*,*,#3213,.F.);
#730=ORIENTED_EDGE('',*,*,#3214,.F.);
#731=ORIENTED_EDGE('',*,*,#3215,.F.);
#732=ORIENTED_EDGE('',*,*,#3216,.F.);
#733=ORIENTED_EDGE('',*,*,#3217,.F.);
#734=ORIENTED_EDGE('',*,*,#3218,.F.);
#735=ORIENTED_EDGE('',*,*,#3219,.F.);
#736=ORIENTED_EDGE('',*,*,#3220,.F.);
#737=ORIENTED_EDGE('',*,*,#3221,.F.);
#738=ORIENTED_EDGE('',*,*,#3222,.F.);
#739=ORIENTED_EDGE('',*,*,#3223,.F.);
#740=ORIENTED_EDGE('',*,*,#3224,.F.);
#741=ORIENTED_EDGE('',*,*,#3225,.F.);
#742=ORIENTED_EDGE('',*,*,#3226,.F.);
#743=ORIENTED_EDGE('',*,*,#3227,.F.);
#744=ORIENTED_EDGE('',*,*,#3228,.F.);
#745=ORIENTED_EDGE('',*,*,#3229,.F.);
#746=ORIENTED_EDGE('',*,*,#3230,.F.);
#747=ORIENTED_EDGE('',*,*,#3231,.F.);
#748=ORIENTED_EDGE('',*,*,#3232,.F.);
#749=ORIENTED_EDGE('',*,*,#3233,.F.);
#750=ORIENTED_EDGE('',*,*,#3234,.F.);
#751=ORIENTED_EDGE('',*,*,#3235,.F.);
#752=ORIENTED_EDGE('',*,*,#3236,.T.);
#753=ORIENTED_EDGE('',*,*,#3237,.T.);
#754=ORIENTED_EDGE('',*,*,#3238,.F.);
#755=ORIENTED_EDGE('',*,*,#3239,.T.);
#756=ORIENTED_EDGE('',*,*,#3240,.T.);
#757=ORIENTED_EDGE('',*,*,#3241,.T.);
#758=ORIENTED_EDGE('',*,*,#3242,.T.);
#759=ORIENTED_EDGE('',*,*,#3243,.T.);
#760=ORIENTED_EDGE('',*,*,#3244,.F.);
#761=ORIENTED_EDGE('',*,*,#3245,.T.);
#762=ORIENTED_EDGE('',*,*,#3246,.T.);
#763=ORIENTED_EDGE('',*,*,#3247,.T.);
#764=ORIENTED_EDGE('',*,*,#3248,.T.);
#765=ORIENTED_EDGE('',*,*,#3249,.T.);
#766=ORIENTED_EDGE('',*,*,#3250,.F.);
#767=ORIENTED_EDGE('',*,*,#3251,.T.);
#768=ORIENTED_EDGE('',*,*,#3252,.F.);
#769=ORIENTED_EDGE('',*,*,#3253,.T.);
#770=ORIENTED_EDGE('',*,*,#3254,.F.);
#771=ORIENTED_EDGE('',*,*,#3255,.T.);
#772=ORIENTED_EDGE('',*,*,#3256,.F.);
#773=ORIENTED_EDGE('',*,*,#3257,.T.);
#774=ORIENTED_EDGE('',*,*,#3258,.T.);
#775=ORIENTED_EDGE('',*,*,#3259,.T.);
#776=ORIENTED_EDGE('',*,*,#3260,.T.);
#777=ORIENTED_EDGE('',*,*,#3261,.T.);
#778=ORIENTED_EDGE('',*,*,#3262,.T.);
#779=ORIENTED_EDGE('',*,*,#3263,.T.);
#780=ORIENTED_EDGE('',*,*,#3264,.T.);
#781=ORIENTED_EDGE('',*,*,#3265,.T.);
#782=ORIENTED_EDGE('',*,*,#3266,.T.);
#783=ORIENTED_EDGE('',*,*,#3267,.F.);
#784=ORIENTED_EDGE('',*,*,#3268,.T.);
#785=ORIENTED_EDGE('',*,*,#3269,.F.);
#786=ORIENTED_EDGE('',*,*,#3270,.F.);
#787=ORIENTED_EDGE('',*,*,#3271,.T.);
#788=ORIENTED_EDGE('',*,*,#3272,.T.);
#789=ORIENTED_EDGE('',*,*,#3273,.T.);
#790=ORIENTED_EDGE('',*,*,#3274,.F.);
#791=ORIENTED_EDGE('',*,*,#3275,.T.);
#792=ORIENTED_EDGE('',*,*,#3276,.F.);
#793=ORIENTED_EDGE('',*,*,#3277,.T.);
#794=ORIENTED_EDGE('',*,*,#3278,.F.);
#795=ORIENTED_EDGE('',*,*,#3279,.T.);
#796=ORIENTED_EDGE('',*,*,#3280,.T.);
#797=ORIENTED_EDGE('',*,*,#3281,.T.);
#798=ORIENTED_EDGE('',*,*,#3282,.F.);
#799=ORIENTED_EDGE('',*,*,#3283,.T.);
#800=ORIENTED_EDGE('',*,*,#3284,.T.);
#801=ORIENTED_EDGE('',*,*,#3285,.T.);
#802=ORIENTED_EDGE('',*,*,#3286,.T.);
#803=ORIENTED_EDGE('',*,*,#3287,.T.);
#804=ORIENTED_EDGE('',*,*,#3288,.T.);
#805=ORIENTED_EDGE('',*,*,#3289,.T.);
#806=ORIENTED_EDGE('',*,*,#3290,.T.);
#807=ORIENTED_EDGE('',*,*,#3291,.T.);
#808=ORIENTED_EDGE('',*,*,#3292,.T.);
#809=ORIENTED_EDGE('',*,*,#3293,.T.);
#810=ORIENTED_EDGE('',*,*,#3294,.T.);
#811=ORIENTED_EDGE('',*,*,#3295,.T.);
#812=ORIENTED_EDGE('',*,*,#3296,.T.);
#813=ORIENTED_EDGE('',*,*,#3297,.T.);
#814=ORIENTED_EDGE('',*,*,#3298,.F.);
#815=ORIENTED_EDGE('',*,*,#3299,.T.);
#816=ORIENTED_EDGE('',*,*,#3300,.F.);
#817=ORIENTED_EDGE('',*,*,#3301,.T.);
#818=ORIENTED_EDGE('',*,*,#3302,.T.);
#819=ORIENTED_EDGE('',*,*,#3303,.T.);
#820=ORIENTED_EDGE('',*,*,#3304,.T.);
#821=ORIENTED_EDGE('',*,*,#3305,.T.);
#822=ORIENTED_EDGE('',*,*,#3306,.F.);
#823=ORIENTED_EDGE('',*,*,#3307,.T.);
#824=ORIENTED_EDGE('',*,*,#3308,.T.);
#825=ORIENTED_EDGE('',*,*,#3309,.T.);
#826=ORIENTED_EDGE('',*,*,#3310,.F.);
#827=ORIENTED_EDGE('',*,*,#3311,.T.);
#828=ORIENTED_EDGE('',*,*,#3312,.F.);
#829=ORIENTED_EDGE('',*,*,#3313,.T.);
#830=ORIENTED_EDGE('',*,*,#3314,.T.);
#831=ORIENTED_EDGE('',*,*,#3315,.T.);
#832=ORIENTED_EDGE('',*,*,#3316,.F.);
#833=ORIENTED_EDGE('',*,*,#3317,.T.);
#834=ORIENTED_EDGE('',*,*,#3318,.F.);
#835=ORIENTED_EDGE('',*,*,#3319,.T.);
#836=ORIENTED_EDGE('',*,*,#3320,.T.);
#837=ORIENTED_EDGE('',*,*,#3321,.T.);
#838=ORIENTED_EDGE('',*,*,#3322,.T.);
#839=ORIENTED_EDGE('',*,*,#3323,.T.);
#840=ORIENTED_EDGE('',*,*,#3324,.F.);
#841=ORIENTED_EDGE('',*,*,#3325,.T.);
#842=ORIENTED_EDGE('',*,*,#3326,.F.);
#843=ORIENTED_EDGE('',*,*,#3327,.T.);
#844=ORIENTED_EDGE('',*,*,#3328,.F.);
#845=ORIENTED_EDGE('',*,*,#3329,.T.);
#846=ORIENTED_EDGE('',*,*,#3330,.F.);
#847=ORIENTED_EDGE('',*,*,#3331,.T.);
#848=ORIENTED_EDGE('',*,*,#3332,.T.);
#849=ORIENTED_EDGE('',*,*,#3333,.T.);
#850=ORIENTED_EDGE('',*,*,#3334,.T.);
#851=ORIENTED_EDGE('',*,*,#3335,.T.);
#852=ORIENTED_EDGE('',*,*,#3336,.F.);
#853=ORIENTED_EDGE('',*,*,#3337,.T.);
#854=ORIENTED_EDGE('',*,*,#3338,.F.);
#855=ORIENTED_EDGE('',*,*,#3339,.T.);
#856=ORIENTED_EDGE('',*,*,#3340,.F.);
#857=ORIENTED_EDGE('',*,*,#3341,.T.);
#858=ORIENTED_EDGE('',*,*,#3342,.F.);
#859=ORIENTED_EDGE('',*,*,#3343,.T.);
#860=ORIENTED_EDGE('',*,*,#3344,.F.);
#861=ORIENTED_EDGE('',*,*,#3345,.T.);
#862=ORIENTED_EDGE('',*,*,#3346,.F.);
#863=ORIENTED_EDGE('',*,*,#3347,.T.);
#864=ORIENTED_EDGE('',*,*,#3348,.F.);
#865=ORIENTED_EDGE('',*,*,#3349,.T.);
#866=ORIENTED_EDGE('',*,*,#3350,.F.);
#867=ORIENTED_EDGE('',*,*,#3351,.T.);
#868=ORIENTED_EDGE('',*,*,#3352,.T.);
#869=ORIENTED_EDGE('',*,*,#3353,.F.);
#870=ORIENTED_EDGE('',*,*,#3354,.F.);
#871=ORIENTED_EDGE('',*,*,#3355,.F.);
#872=ORIENTED_EDGE('',*,*,#3356,.T.);
#873=ORIENTED_EDGE('',*,*,#3357,.T.);
#874=ORIENTED_EDGE('',*,*,#3358,.T.);
#875=ORIENTED_EDGE('',*,*,#3359,.T.);
#876=ORIENTED_EDGE('',*,*,#3360,.F.);
#877=ORIENTED_EDGE('',*,*,#3361,.T.);
#878=ORIENTED_EDGE('',*,*,#3362,.T.);
#879=ORIENTED_EDGE('',*,*,#3363,.T.);
#880=ORIENTED_EDGE('',*,*,#3364,.T.);
#881=ORIENTED_EDGE('',*,*,#3365,.T.);
#882=ORIENTED_EDGE('',*,*,#3366,.F.);
#883=ORIENTED_EDGE('',*,*,#3367,.T.);
#884=ORIENTED_EDGE('',*,*,#3368,.T.);
#885=ORIENTED_EDGE('',*,*,#3369,.T.);
#886=ORIENTED_EDGE('',*,*,#3370,.F.);
#887=ORIENTED_EDGE('',*,*,#3371,.T.);
#888=ORIENTED_EDGE('',*,*,#3372,.T.);
#889=ORIENTED_EDGE('',*,*,#3373,.T.);
#890=ORIENTED_EDGE('',*,*,#3374,.T.);
#891=ORIENTED_EDGE('',*,*,#3375,.T.);
#892=ORIENTED_EDGE('',*,*,#3376,.T.);
#893=ORIENTED_EDGE('',*,*,#3377,.T.);
#894=ORIENTED_EDGE('',*,*,#3378,.T.);
#895=ORIENTED_EDGE('',*,*,#3379,.T.);
#896=ORIENTED_EDGE('',*,*,#3380,.T.);
#897=ORIENTED_EDGE('',*,*,#3381,.T.);
#898=ORIENTED_EDGE('',*,*,#3382,.F.);
#899=ORIENTED_EDGE('',*,*,#3383,.T.);
#900=ORIENTED_EDGE('',*,*,#3384,.T.);
#901=ORIENTED_EDGE('',*,*,#3385,.T.);
#902=ORIENTED_EDGE('',*,*,#3386,.T.);
#903=ORIENTED_EDGE('',*,*,#3387,.T.);
#904=ORIENTED_EDGE('',*,*,#3388,.F.);
#905=ORIENTED_EDGE('',*,*,#3389,.T.);
#906=ORIENTED_EDGE('',*,*,#3390,.F.);
#907=ORIENTED_EDGE('',*,*,#3391,.T.);
#908=ORIENTED_EDGE('',*,*,#3392,.F.);
#909=ORIENTED_EDGE('',*,*,#3393,.T.);
#910=ORIENTED_EDGE('',*,*,#3394,.T.);
#911=ORIENTED_EDGE('',*,*,#3395,.T.);
#912=ORIENTED_EDGE('',*,*,#3396,.F.);
#913=ORIENTED_EDGE('',*,*,#3397,.F.);
#914=ORIENTED_EDGE('',*,*,#3398,.T.);
#915=ORIENTED_EDGE('',*,*,#3399,.T.);
#916=ORIENTED_EDGE('',*,*,#3400,.F.);
#917=ORIENTED_EDGE('',*,*,#3401,.F.);
#918=ORIENTED_EDGE('',*,*,#3402,.T.);
#919=ORIENTED_EDGE('',*,*,#3403,.T.);
#920=ORIENTED_EDGE('',*,*,#3404,.F.);
#921=ORIENTED_EDGE('',*,*,#3405,.F.);
#922=ORIENTED_EDGE('',*,*,#3406,.T.);
#923=ORIENTED_EDGE('',*,*,#3407,.T.);
#924=ORIENTED_EDGE('',*,*,#3408,.F.);
#925=ORIENTED_EDGE('',*,*,#3409,.F.);
#926=ORIENTED_EDGE('',*,*,#3410,.T.);
#927=ORIENTED_EDGE('',*,*,#3411,.T.);
#928=ORIENTED_EDGE('',*,*,#3412,.F.);
#929=ORIENTED_EDGE('',*,*,#3413,.F.);
#930=ORIENTED_EDGE('',*,*,#3414,.T.);
#931=ORIENTED_EDGE('',*,*,#3415,.T.);
#932=ORIENTED_EDGE('',*,*,#3416,.F.);
#933=ORIENTED_EDGE('',*,*,#3417,.F.);
#934=ORIENTED_EDGE('',*,*,#3418,.T.);
#935=ORIENTED_EDGE('',*,*,#3419,.T.);
#936=ORIENTED_EDGE('',*,*,#3420,.F.);
#937=ORIENTED_EDGE('',*,*,#3421,.F.);
#938=ORIENTED_EDGE('',*,*,#3422,.T.);
#939=ORIENTED_EDGE('',*,*,#3423,.T.);
#940=ORIENTED_EDGE('',*,*,#3424,.F.);
#941=ORIENTED_EDGE('',*,*,#3425,.F.);
#942=ORIENTED_EDGE('',*,*,#3426,.T.);
#943=ORIENTED_EDGE('',*,*,#3427,.T.);
#944=ORIENTED_EDGE('',*,*,#3428,.F.);
#945=ORIENTED_EDGE('',*,*,#3429,.F.);
#946=ORIENTED_EDGE('',*,*,#3430,.T.);
#947=ORIENTED_EDGE('',*,*,#3431,.T.);
#948=ORIENTED_EDGE('',*,*,#3432,.F.);
#949=ORIENTED_EDGE('',*,*,#3433,.F.);
#950=ORIENTED_EDGE('',*,*,#3434,.T.);
#951=ORIENTED_EDGE('',*,*,#3435,.T.);
#952=ORIENTED_EDGE('',*,*,#3436,.F.);
#953=ORIENTED_EDGE('',*,*,#3437,.F.);
#954=ORIENTED_EDGE('',*,*,#3438,.T.);
#955=ORIENTED_EDGE('',*,*,#3439,.T.);
#956=ORIENTED_EDGE('',*,*,#3440,.F.);
#957=ORIENTED_EDGE('',*,*,#3441,.F.);
#958=ORIENTED_EDGE('',*,*,#3442,.T.);
#959=ORIENTED_EDGE('',*,*,#3443,.T.);
#960=ORIENTED_EDGE('',*,*,#3444,.F.);
#961=ORIENTED_EDGE('',*,*,#3445,.F.);
#962=ORIENTED_EDGE('',*,*,#3446,.T.);
#963=ORIENTED_EDGE('',*,*,#3447,.T.);
#964=ORIENTED_EDGE('',*,*,#3448,.F.);
#965=ORIENTED_EDGE('',*,*,#3449,.F.);
#966=ORIENTED_EDGE('',*,*,#3450,.T.);
#967=ORIENTED_EDGE('',*,*,#3451,.T.);
#968=ORIENTED_EDGE('',*,*,#3452,.F.);
#969=ORIENTED_EDGE('',*,*,#3453,.F.);
#970=ORIENTED_EDGE('',*,*,#3454,.F.);
#971=ORIENTED_EDGE('',*,*,#3455,.T.);
#972=ORIENTED_EDGE('',*,*,#3456,.T.);
#973=ORIENTED_EDGE('',*,*,#3457,.T.);
#974=ORIENTED_EDGE('',*,*,#3458,.F.);
#975=ORIENTED_EDGE('',*,*,#3459,.T.);
#976=ORIENTED_EDGE('',*,*,#3460,.T.);
#977=ORIENTED_EDGE('',*,*,#3461,.T.);
#978=ORIENTED_EDGE('',*,*,#3462,.F.);
#979=ORIENTED_EDGE('',*,*,#3463,.T.);
#980=ORIENTED_EDGE('',*,*,#3464,.T.);
#981=ORIENTED_EDGE('',*,*,#3465,.T.);
#982=ORIENTED_EDGE('',*,*,#3466,.F.);
#983=ORIENTED_EDGE('',*,*,#3467,.T.);
#984=ORIENTED_EDGE('',*,*,#3468,.T.);
#985=ORIENTED_EDGE('',*,*,#3469,.T.);
#986=ORIENTED_EDGE('',*,*,#3470,.F.);
#987=ORIENTED_EDGE('',*,*,#3471,.F.);
#988=ORIENTED_EDGE('',*,*,#3472,.T.);
#989=ORIENTED_EDGE('',*,*,#3473,.T.);
#990=ORIENTED_EDGE('',*,*,#3474,.F.);
#991=ORIENTED_EDGE('',*,*,#3475,.F.);
#992=ORIENTED_EDGE('',*,*,#3476,.T.);
#993=ORIENTED_EDGE('',*,*,#3477,.T.);
#994=ORIENTED_EDGE('',*,*,#3478,.F.);
#995=ORIENTED_EDGE('',*,*,#3479,.F.);
#996=ORIENTED_EDGE('',*,*,#3480,.T.);
#997=ORIENTED_EDGE('',*,*,#3481,.T.);
#998=ORIENTED_EDGE('',*,*,#3482,.F.);
#999=ORIENTED_EDGE('',*,*,#3483,.F.);
#1000=ORIENTED_EDGE('',*,*,#3484,.T.);
#1001=ORIENTED_EDGE('',*,*,#3485,.T.);
#1002=ORIENTED_EDGE('',*,*,#3486,.F.);
#1003=ORIENTED_EDGE('',*,*,#3487,.F.);
#1004=ORIENTED_EDGE('',*,*,#3488,.T.);
#1005=ORIENTED_EDGE('',*,*,#3489,.T.);
#1006=ORIENTED_EDGE('',*,*,#3490,.F.);
#1007=ORIENTED_EDGE('',*,*,#3491,.F.);
#1008=ORIENTED_EDGE('',*,*,#3492,.T.);
#1009=ORIENTED_EDGE('',*,*,#3493,.T.);
#1010=ORIENTED_EDGE('',*,*,#3494,.F.);
#1011=ORIENTED_EDGE('',*,*,#3495,.F.);
#1012=ORIENTED_EDGE('',*,*,#3496,.T.);
#1013=ORIENTED_EDGE('',*,*,#3497,.T.);
#1014=ORIENTED_EDGE('',*,*,#3498,.F.);
#1015=ORIENTED_EDGE('',*,*,#3499,.F.);
#1016=ORIENTED_EDGE('',*,*,#3500,.T.);
#1017=ORIENTED_EDGE('',*,*,#3501,.T.);
#1018=ORIENTED_EDGE('',*,*,#3502,.F.);
#1019=ORIENTED_EDGE('',*,*,#3503,.F.);
#1020=ORIENTED_EDGE('',*,*,#3504,.T.);
#1021=ORIENTED_EDGE('',*,*,#3505,.T.);
#1022=ORIENTED_EDGE('',*,*,#3506,.F.);
#1023=ORIENTED_EDGE('',*,*,#3507,.F.);
#1024=ORIENTED_EDGE('',*,*,#3508,.T.);
#1025=ORIENTED_EDGE('',*,*,#3509,.T.);
#1026=ORIENTED_EDGE('',*,*,#3510,.F.);
#1027=ORIENTED_EDGE('',*,*,#3511,.F.);
#1028=ORIENTED_EDGE('',*,*,#3512,.T.);
#1029=ORIENTED_EDGE('',*,*,#3513,.T.);
#1030=ORIENTED_EDGE('',*,*,#3514,.F.);
#1031=ORIENTED_EDGE('',*,*,#3515,.F.);
#1032=ORIENTED_EDGE('',*,*,#3516,.T.);
#1033=ORIENTED_EDGE('',*,*,#3517,.T.);
#1034=ORIENTED_EDGE('',*,*,#3518,.F.);
#1035=ORIENTED_EDGE('',*,*,#3519,.F.);
#1036=ORIENTED_EDGE('',*,*,#3520,.T.);
#1037=ORIENTED_EDGE('',*,*,#3521,.T.);
#1038=ORIENTED_EDGE('',*,*,#3522,.F.);
#1039=ORIENTED_EDGE('',*,*,#3523,.F.);
#1040=ORIENTED_EDGE('',*,*,#3524,.T.);
#1041=ORIENTED_EDGE('',*,*,#3525,.T.);
#1042=ORIENTED_EDGE('',*,*,#3526,.F.);
#1043=ORIENTED_EDGE('',*,*,#3527,.F.);
#1044=ORIENTED_EDGE('',*,*,#3528,.T.);
#1045=ORIENTED_EDGE('',*,*,#3529,.T.);
#1046=ORIENTED_EDGE('',*,*,#3530,.F.);
#1047=ORIENTED_EDGE('',*,*,#3531,.F.);
#1048=ORIENTED_EDGE('',*,*,#3532,.T.);
#1049=ORIENTED_EDGE('',*,*,#3533,.T.);
#1050=ORIENTED_EDGE('',*,*,#3534,.F.);
#1051=ORIENTED_EDGE('',*,*,#3535,.F.);
#1052=ORIENTED_EDGE('',*,*,#3536,.T.);
#1053=ORIENTED_EDGE('',*,*,#3537,.T.);
#1054=ORIENTED_EDGE('',*,*,#3538,.F.);
#1055=ORIENTED_EDGE('',*,*,#3539,.F.);
#1056=ORIENTED_EDGE('',*,*,#3540,.T.);
#1057=ORIENTED_EDGE('',*,*,#3541,.T.);
#1058=ORIENTED_EDGE('',*,*,#3542,.F.);
#1059=ORIENTED_EDGE('',*,*,#3543,.F.);
#1060=ORIENTED_EDGE('',*,*,#3544,.T.);
#1061=ORIENTED_EDGE('',*,*,#3545,.T.);
#1062=ORIENTED_EDGE('',*,*,#3546,.F.);
#1063=ORIENTED_EDGE('',*,*,#3547,.F.);
#1064=ORIENTED_EDGE('',*,*,#3548,.T.);
#1065=ORIENTED_EDGE('',*,*,#3549,.T.);
#1066=ORIENTED_EDGE('',*,*,#3550,.F.);
#1067=ORIENTED_EDGE('',*,*,#3551,.F.);
#1068=ORIENTED_EDGE('',*,*,#3552,.T.);
#1069=ORIENTED_EDGE('',*,*,#3553,.T.);
#1070=ORIENTED_EDGE('',*,*,#3554,.F.);
#1071=ORIENTED_EDGE('',*,*,#3555,.F.);
#1072=ORIENTED_EDGE('',*,*,#3556,.T.);
#1073=ORIENTED_EDGE('',*,*,#3557,.T.);
#1074=ORIENTED_EDGE('',*,*,#3558,.F.);
#1075=ORIENTED_EDGE('',*,*,#3559,.F.);
#1076=ORIENTED_EDGE('',*,*,#3560,.T.);
#1077=ORIENTED_EDGE('',*,*,#3561,.T.);
#1078=ORIENTED_EDGE('',*,*,#3562,.F.);
#1079=ORIENTED_EDGE('',*,*,#3563,.F.);
#1080=ORIENTED_EDGE('',*,*,#3564,.T.);
#1081=ORIENTED_EDGE('',*,*,#3565,.T.);
#1082=ORIENTED_EDGE('',*,*,#3566,.F.);
#1083=ORIENTED_EDGE('',*,*,#3567,.F.);
#1084=ORIENTED_EDGE('',*,*,#3568,.T.);
#1085=ORIENTED_EDGE('',*,*,#3569,.T.);
#1086=ORIENTED_EDGE('',*,*,#3570,.F.);
#1087=ORIENTED_EDGE('',*,*,#3571,.F.);
#1088=ORIENTED_EDGE('',*,*,#3572,.T.);
#1089=ORIENTED_EDGE('',*,*,#3573,.T.);
#1090=ORIENTED_EDGE('',*,*,#3574,.F.);
#1091=ORIENTED_EDGE('',*,*,#3575,.F.);
#1092=ORIENTED_EDGE('',*,*,#3576,.T.);
#1093=ORIENTED_EDGE('',*,*,#3577,.T.);
#1094=ORIENTED_EDGE('',*,*,#3578,.F.);
#1095=ORIENTED_EDGE('',*,*,#3579,.F.);
#1096=ORIENTED_EDGE('',*,*,#3580,.T.);
#1097=ORIENTED_EDGE('',*,*,#3581,.T.);
#1098=ORIENTED_EDGE('',*,*,#3582,.F.);
#1099=ORIENTED_EDGE('',*,*,#3583,.F.);
#1100=ORIENTED_EDGE('',*,*,#3584,.T.);
#1101=ORIENTED_EDGE('',*,*,#3585,.T.);
#1102=ORIENTED_EDGE('',*,*,#3586,.F.);
#1103=ORIENTED_EDGE('',*,*,#3587,.F.);
#1104=ORIENTED_EDGE('',*,*,#3588,.T.);
#1105=ORIENTED_EDGE('',*,*,#3589,.T.);
#1106=ORIENTED_EDGE('',*,*,#3590,.F.);
#1107=ORIENTED_EDGE('',*,*,#3591,.F.);
#1108=ORIENTED_EDGE('',*,*,#3592,.T.);
#1109=ORIENTED_EDGE('',*,*,#3593,.T.);
#1110=ORIENTED_EDGE('',*,*,#3594,.F.);
#1111=ORIENTED_EDGE('',*,*,#3595,.F.);
#1112=ORIENTED_EDGE('',*,*,#3596,.T.);
#1113=ORIENTED_EDGE('',*,*,#3597,.T.);
#1114=ORIENTED_EDGE('',*,*,#3598,.F.);
#1115=ORIENTED_EDGE('',*,*,#3599,.F.);
#1116=ORIENTED_EDGE('',*,*,#3600,.T.);
#1117=ORIENTED_EDGE('',*,*,#3601,.T.);
#1118=ORIENTED_EDGE('',*,*,#3602,.F.);
#1119=ORIENTED_EDGE('',*,*,#3603,.F.);
#1120=ORIENTED_EDGE('',*,*,#3604,.T.);
#1121=ORIENTED_EDGE('',*,*,#3605,.T.);
#1122=ORIENTED_EDGE('',*,*,#3606,.F.);
#1123=ORIENTED_EDGE('',*,*,#3607,.F.);
#1124=ORIENTED_EDGE('',*,*,#3608,.T.);
#1125=ORIENTED_EDGE('',*,*,#3609,.T.);
#1126=ORIENTED_EDGE('',*,*,#3610,.F.);
#1127=ORIENTED_EDGE('',*,*,#3611,.F.);
#1128=ORIENTED_EDGE('',*,*,#3612,.T.);
#1129=ORIENTED_EDGE('',*,*,#3613,.T.);
#1130=ORIENTED_EDGE('',*,*,#3614,.F.);
#1131=ORIENTED_EDGE('',*,*,#3615,.F.);
#1132=ORIENTED_EDGE('',*,*,#3616,.T.);
#1133=ORIENTED_EDGE('',*,*,#3617,.T.);
#1134=ORIENTED_EDGE('',*,*,#3618,.F.);
#1135=ORIENTED_EDGE('',*,*,#3619,.F.);
#1136=ORIENTED_EDGE('',*,*,#3620,.T.);
#1137=ORIENTED_EDGE('',*,*,#3621,.T.);
#1138=ORIENTED_EDGE('',*,*,#3622,.F.);
#1139=ORIENTED_EDGE('',*,*,#3623,.F.);
#1140=ORIENTED_EDGE('',*,*,#3624,.T.);
#1141=ORIENTED_EDGE('',*,*,#3625,.T.);
#1142=ORIENTED_EDGE('',*,*,#3626,.F.);
#1143=ORIENTED_EDGE('',*,*,#3627,.F.);
#1144=ORIENTED_EDGE('',*,*,#3628,.T.);
#1145=ORIENTED_EDGE('',*,*,#3629,.T.);
#1146=ORIENTED_EDGE('',*,*,#3630,.F.);
#1147=ORIENTED_EDGE('',*,*,#3631,.F.);
#1148=ORIENTED_EDGE('',*,*,#3632,.T.);
#1149=ORIENTED_EDGE('',*,*,#3633,.T.);
#1150=ORIENTED_EDGE('',*,*,#3634,.F.);
#1151=ORIENTED_EDGE('',*,*,#3635,.F.);
#1152=ORIENTED_EDGE('',*,*,#3636,.T.);
#1153=ORIENTED_EDGE('',*,*,#3637,.T.);
#1154=ORIENTED_EDGE('',*,*,#3638,.F.);
#1155=ORIENTED_EDGE('',*,*,#3639,.F.);
#1156=ORIENTED_EDGE('',*,*,#3640,.T.);
#1157=ORIENTED_EDGE('',*,*,#3641,.T.);
#1158=ORIENTED_EDGE('',*,*,#3642,.F.);
#1159=ORIENTED_EDGE('',*,*,#3643,.F.);
#1160=ORIENTED_EDGE('',*,*,#3644,.T.);
#1161=ORIENTED_EDGE('',*,*,#3645,.T.);
#1162=ORIENTED_EDGE('',*,*,#3646,.T.);
#1163=ORIENTED_EDGE('',*,*,#3647,.T.);
#1164=ORIENTED_EDGE('',*,*,#3648,.T.);
#1165=ORIENTED_EDGE('',*,*,#3649,.T.);
#1166=ORIENTED_EDGE('',*,*,#3650,.T.);
#1167=ORIENTED_EDGE('',*,*,#3651,.T.);
#1168=ORIENTED_EDGE('',*,*,#3652,.T.);
#1169=ORIENTED_EDGE('',*,*,#3653,.T.);
#1170=ORIENTED_EDGE('',*,*,#3654,.T.);
#1171=ORIENTED_EDGE('',*,*,#3655,.T.);
#1172=ORIENTED_EDGE('',*,*,#3656,.T.);
#1173=ORIENTED_EDGE('',*,*,#3657,.T.);
#1174=ORIENTED_EDGE('',*,*,#3658,.T.);
#1175=ORIENTED_EDGE('',*,*,#3659,.T.);
#1176=ORIENTED_EDGE('',*,*,#3660,.T.);
#1177=ORIENTED_EDGE('',*,*,#3661,.T.);
#1178=ORIENTED_EDGE('',*,*,#3662,.T.);
#1179=ORIENTED_EDGE('',*,*,#3663,.T.);
#1180=ORIENTED_EDGE('',*,*,#3664,.T.);
#1181=ORIENTED_EDGE('',*,*,#3665,.T.);
#1182=ORIENTED_EDGE('',*,*,#3666,.T.);
#1183=ORIENTED_EDGE('',*,*,#3667,.T.);
#1184=ORIENTED_EDGE('',*,*,#3668,.T.);
#1185=ORIENTED_EDGE('',*,*,#3669,.T.);
#1186=ORIENTED_EDGE('',*,*,#3670,.T.);
#1187=ORIENTED_EDGE('',*,*,#3671,.T.);
#1188=ORIENTED_EDGE('',*,*,#3672,.T.);
#1189=ORIENTED_EDGE('',*,*,#3673,.T.);
#1190=ORIENTED_EDGE('',*,*,#3674,.T.);
#1191=ORIENTED_EDGE('',*,*,#3675,.T.);
#1192=ORIENTED_EDGE('',*,*,#3676,.T.);
#1193=ORIENTED_EDGE('',*,*,#3677,.T.);
#1194=ORIENTED_EDGE('',*,*,#3678,.T.);
#1195=ORIENTED_EDGE('',*,*,#3679,.T.);
#1196=ORIENTED_EDGE('',*,*,#3680,.T.);
#1197=ORIENTED_EDGE('',*,*,#3681,.T.);
#1198=ORIENTED_EDGE('',*,*,#3682,.T.);
#1199=ORIENTED_EDGE('',*,*,#3683,.T.);
#1200=ORIENTED_EDGE('',*,*,#3684,.T.);
#1201=ORIENTED_EDGE('',*,*,#3685,.T.);
#1202=ORIENTED_EDGE('',*,*,#3686,.T.);
#1203=ORIENTED_EDGE('',*,*,#3687,.T.);
#1204=ORIENTED_EDGE('',*,*,#3688,.T.);
#1205=ORIENTED_EDGE('',*,*,#3689,.T.);
#1206=ORIENTED_EDGE('',*,*,#3690,.T.);
#1207=ORIENTED_EDGE('',*,*,#3691,.T.);
#1208=ORIENTED_EDGE('',*,*,#3692,.T.);
#1209=ORIENTED_EDGE('',*,*,#3693,.T.);
#1210=ORIENTED_EDGE('',*,*,#3694,.T.);
#1211=ORIENTED_EDGE('',*,*,#3695,.T.);
#1212=ORIENTED_EDGE('',*,*,#3696,.T.);
#1213=ORIENTED_EDGE('',*,*,#3697,.T.);
#1214=ORIENTED_EDGE('',*,*,#3698,.T.);
#1215=ORIENTED_EDGE('',*,*,#3699,.T.);
#1216=ORIENTED_EDGE('',*,*,#3700,.T.);
#1217=ORIENTED_EDGE('',*,*,#3701,.T.);
#1218=ORIENTED_EDGE('',*,*,#3702,.T.);
#1219=ORIENTED_EDGE('',*,*,#3703,.T.);
#1220=ORIENTED_EDGE('',*,*,#3704,.T.);
#1221=ORIENTED_EDGE('',*,*,#3705,.T.);
#1222=ORIENTED_EDGE('',*,*,#3706,.T.);
#1223=ORIENTED_EDGE('',*,*,#3707,.T.);
#1224=ORIENTED_EDGE('',*,*,#3708,.T.);
#1225=ORIENTED_EDGE('',*,*,#3709,.T.);
#1226=ORIENTED_EDGE('',*,*,#3710,.T.);
#1227=ORIENTED_EDGE('',*,*,#3711,.T.);
#1228=ORIENTED_EDGE('',*,*,#3712,.T.);
#1229=ORIENTED_EDGE('',*,*,#3713,.T.);
#1230=ORIENTED_EDGE('',*,*,#3714,.T.);
#1231=ORIENTED_EDGE('',*,*,#3715,.T.);
#1232=ORIENTED_EDGE('',*,*,#3716,.T.);
#1233=ORIENTED_EDGE('',*,*,#3717,.T.);
#1234=ORIENTED_EDGE('',*,*,#3718,.T.);
#1235=ORIENTED_EDGE('',*,*,#3719,.T.);
#1236=ORIENTED_EDGE('',*,*,#3720,.T.);
#1237=ORIENTED_EDGE('',*,*,#3721,.T.);
#1238=ORIENTED_EDGE('',*,*,#3722,.T.);
#1239=ORIENTED_EDGE('',*,*,#3723,.T.);
#1240=ORIENTED_EDGE('',*,*,#3724,.T.);
#1241=ORIENTED_EDGE('',*,*,#3725,.T.);
#1242=ORIENTED_EDGE('',*,*,#3726,.T.);
#1243=ORIENTED_EDGE('',*,*,#3727,.T.);
#1244=ORIENTED_EDGE('',*,*,#3728,.T.);
#1245=ORIENTED_EDGE('',*,*,#3729,.T.);
#1246=ORIENTED_EDGE('',*,*,#3730,.T.);
#1247=ORIENTED_EDGE('',*,*,#3731,.T.);
#1248=ORIENTED_EDGE('',*,*,#3732,.T.);
#1249=ORIENTED_EDGE('',*,*,#3733,.T.);
#1250=ORIENTED_EDGE('',*,*,#3734,.T.);
#1251=ORIENTED_EDGE('',*,*,#3735,.T.);
#1252=ORIENTED_EDGE('',*,*,#3736,.T.);
#1253=ORIENTED_EDGE('',*,*,#3737,.T.);
#1254=ORIENTED_EDGE('',*,*,#3738,.T.);
#1255=ORIENTED_EDGE('',*,*,#3739,.T.);
#1256=ORIENTED_EDGE('',*,*,#3740,.T.);
#1257=ORIENTED_EDGE('',*,*,#3741,.T.);
#1258=ORIENTED_EDGE('',*,*,#3742,.F.);
#1259=ORIENTED_EDGE('',*,*,#3743,.T.);
#1260=ORIENTED_EDGE('',*,*,#3744,.F.);
#1261=ORIENTED_EDGE('',*,*,#3745,.F.);
#1262=ORIENTED_EDGE('',*,*,#3746,.F.);
#1263=ORIENTED_EDGE('',*,*,#3747,.F.);
#1264=ORIENTED_EDGE('',*,*,#3748,.F.);
#1265=ORIENTED_EDGE('',*,*,#3749,.F.);
#1266=ORIENTED_EDGE('',*,*,#3750,.F.);
#1267=ORIENTED_EDGE('',*,*,#3751,.T.);
#1268=ORIENTED_EDGE('',*,*,#3752,.F.);
#1269=ORIENTED_EDGE('',*,*,#3753,.F.);
#1270=ORIENTED_EDGE('',*,*,#3754,.F.);
#1271=ORIENTED_EDGE('',*,*,#3755,.F.);
#1272=ORIENTED_EDGE('',*,*,#3756,.F.);
#1273=ORIENTED_EDGE('',*,*,#3757,.F.);
#1274=ORIENTED_EDGE('',*,*,#3758,.F.);
#1275=ORIENTED_EDGE('',*,*,#3759,.F.);
#1276=ORIENTED_EDGE('',*,*,#3760,.F.);
#1277=ORIENTED_EDGE('',*,*,#3761,.F.);
#1278=ORIENTED_EDGE('',*,*,#3762,.F.);
#1279=ORIENTED_EDGE('',*,*,#3763,.F.);
#1280=ORIENTED_EDGE('',*,*,#3764,.F.);
#1281=ORIENTED_EDGE('',*,*,#3765,.F.);
#1282=ORIENTED_EDGE('',*,*,#3766,.F.);
#1283=ORIENTED_EDGE('',*,*,#3767,.T.);
#1284=ORIENTED_EDGE('',*,*,#3768,.F.);
#1285=ORIENTED_EDGE('',*,*,#3769,.F.);
#1286=ORIENTED_EDGE('',*,*,#3770,.F.);
#1287=ORIENTED_EDGE('',*,*,#3771,.T.);
#1288=ORIENTED_EDGE('',*,*,#3772,.F.);
#1289=ORIENTED_EDGE('',*,*,#3773,.F.);
#1290=ORIENTED_EDGE('',*,*,#3774,.F.);
#1291=ORIENTED_EDGE('',*,*,#3775,.F.);
#1292=ORIENTED_EDGE('',*,*,#3776,.F.);
#1293=ORIENTED_EDGE('',*,*,#3777,.F.);
#1294=ORIENTED_EDGE('',*,*,#3778,.F.);
#1295=ORIENTED_EDGE('',*,*,#3779,.F.);
#1296=ORIENTED_EDGE('',*,*,#3780,.F.);
#1297=ORIENTED_EDGE('',*,*,#3781,.T.);
#1298=ORIENTED_EDGE('',*,*,#3782,.F.);
#1299=ORIENTED_EDGE('',*,*,#3783,.T.);
#1300=ORIENTED_EDGE('',*,*,#3784,.F.);
#1301=ORIENTED_EDGE('',*,*,#3785,.F.);
#1302=ORIENTED_EDGE('',*,*,#3786,.F.);
#1303=ORIENTED_EDGE('',*,*,#3787,.F.);
#1304=ORIENTED_EDGE('',*,*,#3788,.F.);
#1305=ORIENTED_EDGE('',*,*,#3789,.T.);
#1306=ORIENTED_EDGE('',*,*,#3790,.F.);
#1307=ORIENTED_EDGE('',*,*,#3791,.T.);
#1308=ORIENTED_EDGE('',*,*,#3792,.F.);
#1309=ORIENTED_EDGE('',*,*,#3793,.T.);
#1310=ORIENTED_EDGE('',*,*,#3794,.F.);
#1311=ORIENTED_EDGE('',*,*,#3795,.T.);
#1312=ORIENTED_EDGE('',*,*,#3796,.F.);
#1313=ORIENTED_EDGE('',*,*,#3797,.F.);
#1314=ORIENTED_EDGE('',*,*,#3798,.F.);
#1315=ORIENTED_EDGE('',*,*,#3799,.F.);
#1316=ORIENTED_EDGE('',*,*,#3800,.F.);
#1317=ORIENTED_EDGE('',*,*,#3801,.F.);
#1318=ORIENTED_EDGE('',*,*,#3802,.F.);
#1319=ORIENTED_EDGE('',*,*,#3803,.F.);
#1320=ORIENTED_EDGE('',*,*,#3804,.F.);
#1321=ORIENTED_EDGE('',*,*,#3805,.T.);
#1322=ORIENTED_EDGE('',*,*,#3806,.F.);
#1323=ORIENTED_EDGE('',*,*,#3807,.T.);
#1324=ORIENTED_EDGE('',*,*,#3808,.F.);
#1325=ORIENTED_EDGE('',*,*,#3809,.F.);
#1326=ORIENTED_EDGE('',*,*,#3810,.F.);
#1327=ORIENTED_EDGE('',*,*,#3811,.T.);
#1328=ORIENTED_EDGE('',*,*,#3812,.F.);
#1329=ORIENTED_EDGE('',*,*,#3813,.T.);
#1330=ORIENTED_EDGE('',*,*,#3814,.F.);
#1331=ORIENTED_EDGE('',*,*,#3815,.T.);
#1332=ORIENTED_EDGE('',*,*,#3816,.F.);
#1333=ORIENTED_EDGE('',*,*,#3817,.F.);
#1334=ORIENTED_EDGE('',*,*,#3818,.F.);
#1335=ORIENTED_EDGE('',*,*,#3819,.F.);
#1336=ORIENTED_EDGE('',*,*,#3820,.F.);
#1337=ORIENTED_EDGE('',*,*,#3821,.F.);
#1338=ORIENTED_EDGE('',*,*,#3822,.F.);
#1339=ORIENTED_EDGE('',*,*,#3823,.F.);
#1340=ORIENTED_EDGE('',*,*,#3824,.F.);
#1341=ORIENTED_EDGE('',*,*,#3825,.F.);
#1342=ORIENTED_EDGE('',*,*,#3826,.F.);
#1343=ORIENTED_EDGE('',*,*,#3827,.F.);
#1344=ORIENTED_EDGE('',*,*,#3828,.F.);
#1345=ORIENTED_EDGE('',*,*,#3829,.T.);
#1346=ORIENTED_EDGE('',*,*,#3830,.F.);
#1347=ORIENTED_EDGE('',*,*,#3831,.T.);
#1348=ORIENTED_EDGE('',*,*,#3832,.F.);
#1349=ORIENTED_EDGE('',*,*,#3833,.F.);
#1350=ORIENTED_EDGE('',*,*,#3834,.F.);
#1351=ORIENTED_EDGE('',*,*,#3835,.F.);
#1352=ORIENTED_EDGE('',*,*,#3836,.F.);
#1353=ORIENTED_EDGE('',*,*,#3837,.F.);
#1354=ORIENTED_EDGE('',*,*,#3838,.F.);
#1355=ORIENTED_EDGE('',*,*,#3839,.T.);
#1356=ORIENTED_EDGE('',*,*,#3840,.F.);
#1357=ORIENTED_EDGE('',*,*,#3841,.T.);
#1358=ORIENTED_EDGE('',*,*,#3842,.F.);
#1359=ORIENTED_EDGE('',*,*,#3843,.T.);
#1360=ORIENTED_EDGE('',*,*,#3844,.F.);
#1361=ORIENTED_EDGE('',*,*,#3845,.T.);
#1362=ORIENTED_EDGE('',*,*,#3846,.F.);
#1363=ORIENTED_EDGE('',*,*,#3847,.F.);
#1364=ORIENTED_EDGE('',*,*,#3848,.F.);
#1365=ORIENTED_EDGE('',*,*,#3849,.T.);
#1366=ORIENTED_EDGE('',*,*,#3850,.F.);
#1367=ORIENTED_EDGE('',*,*,#3851,.T.);
#1368=ORIENTED_EDGE('',*,*,#3852,.F.);
#1369=ORIENTED_EDGE('',*,*,#3853,.F.);
#1370=ORIENTED_EDGE('',*,*,#3854,.F.);
#1371=ORIENTED_EDGE('',*,*,#3855,.T.);
#1372=ORIENTED_EDGE('',*,*,#3856,.F.);
#1373=ORIENTED_EDGE('',*,*,#3857,.T.);
#1374=ORIENTED_EDGE('',*,*,#3858,.F.);
#1375=ORIENTED_EDGE('',*,*,#3859,.F.);
#1376=ORIENTED_EDGE('',*,*,#3860,.F.);
#1377=ORIENTED_EDGE('',*,*,#3861,.T.);
#1378=ORIENTED_EDGE('',*,*,#3862,.F.);
#1379=ORIENTED_EDGE('',*,*,#3863,.T.);
#1380=ORIENTED_EDGE('',*,*,#3864,.F.);
#1381=ORIENTED_EDGE('',*,*,#3865,.T.);
#1382=ORIENTED_EDGE('',*,*,#3866,.F.);
#1383=ORIENTED_EDGE('',*,*,#3867,.T.);
#1384=ORIENTED_EDGE('',*,*,#3868,.F.);
#1385=ORIENTED_EDGE('',*,*,#3869,.T.);
#1386=ORIENTED_EDGE('',*,*,#3870,.F.);
#1387=ORIENTED_EDGE('',*,*,#3871,.T.);
#1388=ORIENTED_EDGE('',*,*,#3872,.T.);
#1389=ORIENTED_EDGE('',*,*,#3873,.T.);
#1390=ORIENTED_EDGE('',*,*,#3874,.T.);
#1391=ORIENTED_EDGE('',*,*,#3875,.T.);
#1392=ORIENTED_EDGE('',*,*,#3876,.F.);
#1393=ORIENTED_EDGE('',*,*,#3877,.F.);
#1394=ORIENTED_EDGE('',*,*,#3878,.F.);
#1395=ORIENTED_EDGE('',*,*,#3879,.T.);
#1396=ORIENTED_EDGE('',*,*,#3880,.F.);
#1397=ORIENTED_EDGE('',*,*,#3881,.T.);
#1398=ORIENTED_EDGE('',*,*,#3882,.F.);
#1399=ORIENTED_EDGE('',*,*,#3883,.F.);
#1400=ORIENTED_EDGE('',*,*,#3884,.F.);
#1401=ORIENTED_EDGE('',*,*,#3885,.F.);
#1402=ORIENTED_EDGE('',*,*,#3886,.F.);
#1403=ORIENTED_EDGE('',*,*,#3887,.T.);
#1404=ORIENTED_EDGE('',*,*,#3888,.F.);
#1405=ORIENTED_EDGE('',*,*,#3889,.F.);
#1406=ORIENTED_EDGE('',*,*,#3890,.F.);
#1407=ORIENTED_EDGE('',*,*,#3891,.T.);
#1408=ORIENTED_EDGE('',*,*,#3892,.F.);
#1409=ORIENTED_EDGE('',*,*,#3893,.F.);
#1410=ORIENTED_EDGE('',*,*,#3894,.F.);
#1411=ORIENTED_EDGE('',*,*,#3895,.T.);
#1412=ORIENTED_EDGE('',*,*,#3896,.F.);
#1413=ORIENTED_EDGE('',*,*,#3897,.T.);
#1414=ORIENTED_EDGE('',*,*,#3898,.F.);
#1415=ORIENTED_EDGE('',*,*,#3899,.T.);
#1416=ORIENTED_EDGE('',*,*,#3900,.F.);
#1417=ORIENTED_EDGE('',*,*,#3901,.T.);
#1418=ORIENTED_EDGE('',*,*,#3902,.F.);
#1419=ORIENTED_EDGE('',*,*,#3903,.F.);
#1420=ORIENTED_EDGE('',*,*,#3904,.F.);
#1421=ORIENTED_EDGE('',*,*,#3905,.T.);
#1422=ORIENTED_EDGE('',*,*,#3906,.F.);
#1423=ORIENTED_EDGE('',*,*,#3907,.F.);
#1424=ORIENTED_EDGE('',*,*,#3908,.F.);
#1425=ORIENTED_EDGE('',*,*,#3909,.T.);
#1426=ORIENTED_EDGE('',*,*,#3910,.F.);
#1427=ORIENTED_EDGE('',*,*,#3911,.F.);
#1428=ORIENTED_EDGE('',*,*,#3912,.F.);
#1429=ORIENTED_EDGE('',*,*,#3913,.T.);
#1430=ORIENTED_EDGE('',*,*,#3914,.F.);
#1431=ORIENTED_EDGE('',*,*,#3915,.F.);
#1432=ORIENTED_EDGE('',*,*,#3916,.F.);
#1433=ORIENTED_EDGE('',*,*,#3900,.T.);
#1434=ORIENTED_EDGE('',*,*,#3917,.T.);
#1435=ORIENTED_EDGE('',*,*,#3455,.F.);
#1436=ORIENTED_EDGE('',*,*,#3918,.F.);
#1437=ORIENTED_EDGE('',*,*,#3908,.T.);
#1438=ORIENTED_EDGE('',*,*,#3919,.T.);
#1439=ORIENTED_EDGE('',*,*,#3463,.F.);
#1440=ORIENTED_EDGE('',*,*,#3904,.T.);
#1441=ORIENTED_EDGE('',*,*,#3920,.T.);
#1442=ORIENTED_EDGE('',*,*,#3467,.F.);
#1443=ORIENTED_EDGE('',*,*,#3921,.F.);
#1444=ORIENTED_EDGE('',*,*,#3912,.T.);
#1445=ORIENTED_EDGE('',*,*,#3922,.T.);
#1446=ORIENTED_EDGE('',*,*,#3459,.F.);
#1447=ORIENTED_EDGE('',*,*,#3923,.F.);
#1448=ORIENTED_EDGE('',*,*,#3872,.F.);
#1449=ORIENTED_EDGE('',*,*,#3924,.F.);
#1450=ORIENTED_EDGE('',*,*,#3350,.T.);
#1451=ORIENTED_EDGE('',*,*,#3925,.T.);
#1452=ORIENTED_EDGE('',*,*,#3873,.F.);
#1453=ORIENTED_EDGE('',*,*,#3925,.F.);
#1454=ORIENTED_EDGE('',*,*,#3355,.T.);
#1455=ORIENTED_EDGE('',*,*,#3926,.T.);
#1456=ORIENTED_EDGE('',*,*,#3874,.F.);
#1457=ORIENTED_EDGE('',*,*,#3926,.F.);
#1458=ORIENTED_EDGE('',*,*,#3354,.T.);
#1459=ORIENTED_EDGE('',*,*,#3927,.T.);
#1460=ORIENTED_EDGE('',*,*,#3875,.F.);
#1461=ORIENTED_EDGE('',*,*,#3927,.F.);
#1462=ORIENTED_EDGE('',*,*,#3353,.T.);
#1463=ORIENTED_EDGE('',*,*,#3928,.T.);
#1464=ORIENTED_EDGE('',*,*,#3876,.T.);
#1465=ORIENTED_EDGE('',*,*,#3928,.F.);
#1466=ORIENTED_EDGE('',*,*,#3352,.F.);
#1467=ORIENTED_EDGE('',*,*,#3929,.T.);
#1468=ORIENTED_EDGE('',*,*,#3877,.T.);
#1469=ORIENTED_EDGE('',*,*,#3929,.F.);
#1470=ORIENTED_EDGE('',*,*,#3351,.F.);
#1471=ORIENTED_EDGE('',*,*,#3924,.T.);
#1472=ORIENTED_EDGE('',*,*,#3342,.T.);
#1473=ORIENTED_EDGE('',*,*,#3930,.F.);
#1474=ORIENTED_EDGE('',*,*,#3867,.F.);
#1475=ORIENTED_EDGE('',*,*,#3931,.F.);
#1476=ORIENTED_EDGE('',*,*,#3346,.T.);
#1477=ORIENTED_EDGE('',*,*,#3932,.F.);
#1478=ORIENTED_EDGE('',*,*,#3871,.F.);
#1479=ORIENTED_EDGE('',*,*,#3933,.F.);
#1480=ORIENTED_EDGE('',*,*,#3348,.T.);
#1481=ORIENTED_EDGE('',*,*,#3934,.F.);
#1482=ORIENTED_EDGE('',*,*,#3869,.F.);
#1483=ORIENTED_EDGE('',*,*,#3935,.F.);
#1484=ORIENTED_EDGE('',*,*,#3344,.T.);
#1485=ORIENTED_EDGE('',*,*,#3936,.F.);
#1486=ORIENTED_EDGE('',*,*,#3865,.F.);
#1487=ORIENTED_EDGE('',*,*,#3937,.F.);
#1488=ORIENTED_EDGE('',*,*,#3937,.T.);
#1489=ORIENTED_EDGE('',*,*,#3864,.T.);
#1490=ORIENTED_EDGE('',*,*,#3932,.T.);
#1491=ORIENTED_EDGE('',*,*,#3345,.F.);
#1492=ORIENTED_EDGE('',*,*,#3931,.T.);
#1493=ORIENTED_EDGE('',*,*,#3866,.T.);
#1494=ORIENTED_EDGE('',*,*,#3936,.T.);
#1495=ORIENTED_EDGE('',*,*,#3343,.F.);
#1496=ORIENTED_EDGE('',*,*,#3935,.T.);
#1497=ORIENTED_EDGE('',*,*,#3868,.T.);
#1498=ORIENTED_EDGE('',*,*,#3930,.T.);
#1499=ORIENTED_EDGE('',*,*,#3349,.F.);
#1500=ORIENTED_EDGE('',*,*,#3933,.T.);
#1501=ORIENTED_EDGE('',*,*,#3870,.T.);
#1502=ORIENTED_EDGE('',*,*,#3934,.T.);
#1503=ORIENTED_EDGE('',*,*,#3347,.F.);
#1504=ORIENTED_EDGE('',*,*,#3938,.F.);
#1505=ORIENTED_EDGE('',*,*,#3859,.T.);
#1506=ORIENTED_EDGE('',*,*,#3939,.F.);
#1507=ORIENTED_EDGE('',*,*,#3334,.F.);
#1508=ORIENTED_EDGE('',*,*,#3338,.T.);
#1509=ORIENTED_EDGE('',*,*,#3940,.F.);
#1510=ORIENTED_EDGE('',*,*,#3863,.F.);
#1511=ORIENTED_EDGE('',*,*,#3941,.F.);
#1512=ORIENTED_EDGE('',*,*,#3340,.T.);
#1513=ORIENTED_EDGE('',*,*,#3942,.F.);
#1514=ORIENTED_EDGE('',*,*,#3861,.F.);
#1515=ORIENTED_EDGE('',*,*,#3943,.F.);
#1516=ORIENTED_EDGE('',*,*,#3336,.T.);
#1517=ORIENTED_EDGE('',*,*,#3944,.F.);
#1518=ORIENTED_EDGE('',*,*,#3857,.F.);
#1519=ORIENTED_EDGE('',*,*,#3945,.F.);
#1520=ORIENTED_EDGE('',*,*,#3939,.T.);
#1521=ORIENTED_EDGE('',*,*,#3858,.T.);
#1522=ORIENTED_EDGE('',*,*,#3944,.T.);
#1523=ORIENTED_EDGE('',*,*,#3335,.F.);
#1524=ORIENTED_EDGE('',*,*,#3945,.T.);
#1525=ORIENTED_EDGE('',*,*,#3856,.T.);
#1526=ORIENTED_EDGE('',*,*,#3940,.T.);
#1527=ORIENTED_EDGE('',*,*,#3337,.F.);
#1528=ORIENTED_EDGE('',*,*,#3943,.T.);
#1529=ORIENTED_EDGE('',*,*,#3860,.T.);
#1530=ORIENTED_EDGE('',*,*,#3938,.T.);
#1531=ORIENTED_EDGE('',*,*,#3341,.F.);
#1532=ORIENTED_EDGE('',*,*,#3941,.T.);
#1533=ORIENTED_EDGE('',*,*,#3862,.T.);
#1534=ORIENTED_EDGE('',*,*,#3942,.T.);
#1535=ORIENTED_EDGE('',*,*,#3339,.F.);
#1536=ORIENTED_EDGE('',*,*,#3328,.T.);
#1537=ORIENTED_EDGE('',*,*,#3946,.F.);
#1538=ORIENTED_EDGE('',*,*,#3849,.F.);
#1539=ORIENTED_EDGE('',*,*,#3947,.F.);
#1540=ORIENTED_EDGE('',*,*,#3948,.F.);
#1541=ORIENTED_EDGE('',*,*,#3853,.T.);
#1542=ORIENTED_EDGE('',*,*,#3949,.F.);
#1543=ORIENTED_EDGE('',*,*,#3332,.F.);
#1544=ORIENTED_EDGE('',*,*,#3330,.T.);
#1545=ORIENTED_EDGE('',*,*,#3950,.F.);
#1546=ORIENTED_EDGE('',*,*,#3855,.F.);
#1547=ORIENTED_EDGE('',*,*,#3951,.F.);
#1548=ORIENTED_EDGE('',*,*,#3326,.T.);
#1549=ORIENTED_EDGE('',*,*,#3952,.F.);
#1550=ORIENTED_EDGE('',*,*,#3851,.F.);
#1551=ORIENTED_EDGE('',*,*,#3953,.F.);
#1552=ORIENTED_EDGE('',*,*,#3953,.T.);
#1553=ORIENTED_EDGE('',*,*,#3850,.T.);
#1554=ORIENTED_EDGE('',*,*,#3946,.T.);
#1555=ORIENTED_EDGE('',*,*,#3327,.F.);
#1556=ORIENTED_EDGE('',*,*,#3949,.T.);
#1557=ORIENTED_EDGE('',*,*,#3852,.T.);
#1558=ORIENTED_EDGE('',*,*,#3952,.T.);
#1559=ORIENTED_EDGE('',*,*,#3333,.F.);
#1560=ORIENTED_EDGE('',*,*,#3947,.T.);
#1561=ORIENTED_EDGE('',*,*,#3848,.T.);
#1562=ORIENTED_EDGE('',*,*,#3950,.T.);
#1563=ORIENTED_EDGE('',*,*,#3329,.F.);
#1564=ORIENTED_EDGE('',*,*,#3951,.T.);
#1565=ORIENTED_EDGE('',*,*,#3854,.T.);
#1566=ORIENTED_EDGE('',*,*,#3948,.T.);
#1567=ORIENTED_EDGE('',*,*,#3331,.F.);
#1568=ORIENTED_EDGE('',*,*,#3954,.F.);
#1569=ORIENTED_EDGE('',*,*,#3885,.T.);
#1570=ORIENTED_EDGE('',*,*,#3955,.F.);
#1571=ORIENTED_EDGE('',*,*,#3320,.F.);
#1572=ORIENTED_EDGE('',*,*,#3324,.T.);
#1573=ORIENTED_EDGE('',*,*,#3956,.F.);
#1574=ORIENTED_EDGE('',*,*,#3881,.F.);
#1575=ORIENTED_EDGE('',*,*,#3957,.F.);
#1576=ORIENTED_EDGE('',*,*,#3958,.F.);
#1577=ORIENTED_EDGE('',*,*,#3883,.T.);
#1578=ORIENTED_EDGE('',*,*,#3959,.F.);
#1579=ORIENTED_EDGE('',*,*,#3322,.F.);
#1580=ORIENTED_EDGE('',*,*,#3318,.T.);
#1581=ORIENTED_EDGE('',*,*,#3960,.F.);
#1582=ORIENTED_EDGE('',*,*,#3879,.F.);
#1583=ORIENTED_EDGE('',*,*,#3961,.F.);
#1584=ORIENTED_EDGE('',*,*,#3957,.T.);
#1585=ORIENTED_EDGE('',*,*,#3880,.T.);
#1586=ORIENTED_EDGE('',*,*,#3960,.T.);
#1587=ORIENTED_EDGE('',*,*,#3325,.F.);
#1588=ORIENTED_EDGE('',*,*,#3961,.T.);
#1589=ORIENTED_EDGE('',*,*,#3878,.T.);
#1590=ORIENTED_EDGE('',*,*,#3954,.T.);
#1591=ORIENTED_EDGE('',*,*,#3319,.F.);
#1592=ORIENTED_EDGE('',*,*,#3955,.T.);
#1593=ORIENTED_EDGE('',*,*,#3884,.T.);
#1594=ORIENTED_EDGE('',*,*,#3958,.T.);
#1595=ORIENTED_EDGE('',*,*,#3321,.F.);
#1596=ORIENTED_EDGE('',*,*,#3959,.T.);
#1597=ORIENTED_EDGE('',*,*,#3882,.T.);
#1598=ORIENTED_EDGE('',*,*,#3956,.T.);
#1599=ORIENTED_EDGE('',*,*,#3323,.F.);
#1600=ORIENTED_EDGE('',*,*,#3962,.F.);
#1601=ORIENTED_EDGE('',*,*,#3847,.T.);
#1602=ORIENTED_EDGE('',*,*,#3963,.F.);
#1603=ORIENTED_EDGE('',*,*,#3314,.F.);
#1604=ORIENTED_EDGE('',*,*,#3310,.T.);
#1605=ORIENTED_EDGE('',*,*,#3964,.F.);
#1606=ORIENTED_EDGE('',*,*,#3843,.F.);
#1607=ORIENTED_EDGE('',*,*,#3965,.F.);
#1608=ORIENTED_EDGE('',*,*,#3316,.T.);
#1609=ORIENTED_EDGE('',*,*,#3966,.F.);
#1610=ORIENTED_EDGE('',*,*,#3845,.F.);
#1611=ORIENTED_EDGE('',*,*,#3967,.F.);
#1612=ORIENTED_EDGE('',*,*,#3312,.T.);
#1613=ORIENTED_EDGE('',*,*,#3968,.F.);
#1614=ORIENTED_EDGE('',*,*,#3841,.F.);
#1615=ORIENTED_EDGE('',*,*,#3969,.F.);
#1616=ORIENTED_EDGE('',*,*,#3965,.T.);
#1617=ORIENTED_EDGE('',*,*,#3842,.T.);
#1618=ORIENTED_EDGE('',*,*,#3968,.T.);
#1619=ORIENTED_EDGE('',*,*,#3311,.F.);
#1620=ORIENTED_EDGE('',*,*,#3969,.T.);
#1621=ORIENTED_EDGE('',*,*,#3840,.T.);
#1622=ORIENTED_EDGE('',*,*,#3962,.T.);
#1623=ORIENTED_EDGE('',*,*,#3313,.F.);
#1624=ORIENTED_EDGE('',*,*,#3967,.T.);
#1625=ORIENTED_EDGE('',*,*,#3844,.T.);
#1626=ORIENTED_EDGE('',*,*,#3964,.T.);
#1627=ORIENTED_EDGE('',*,*,#3317,.F.);
#1628=ORIENTED_EDGE('',*,*,#3963,.T.);
#1629=ORIENTED_EDGE('',*,*,#3846,.T.);
#1630=ORIENTED_EDGE('',*,*,#3966,.T.);
#1631=ORIENTED_EDGE('',*,*,#3315,.F.);
#1632=ORIENTED_EDGE('',*,*,#3306,.T.);
#1633=ORIENTED_EDGE('',*,*,#3970,.F.);
#1634=ORIENTED_EDGE('',*,*,#3839,.F.);
#1635=ORIENTED_EDGE('',*,*,#3971,.F.);
#1636=ORIENTED_EDGE('',*,*,#3972,.F.);
#1637=ORIENTED_EDGE('',*,*,#3835,.T.);
#1638=ORIENTED_EDGE('',*,*,#3973,.F.);
#1639=ORIENTED_EDGE('',*,*,#3302,.F.);
#1640=ORIENTED_EDGE('',*,*,#3974,.F.);
#1641=ORIENTED_EDGE('',*,*,#3837,.T.);
#1642=ORIENTED_EDGE('',*,*,#3975,.F.);
#1643=ORIENTED_EDGE('',*,*,#3308,.F.);
#1644=ORIENTED_EDGE('',*,*,#3976,.F.);
#1645=ORIENTED_EDGE('',*,*,#3833,.T.);
#1646=ORIENTED_EDGE('',*,*,#3977,.F.);
#1647=ORIENTED_EDGE('',*,*,#3304,.F.);
#1648=ORIENTED_EDGE('',*,*,#3977,.T.);
#1649=ORIENTED_EDGE('',*,*,#3832,.T.);
#1650=ORIENTED_EDGE('',*,*,#3970,.T.);
#1651=ORIENTED_EDGE('',*,*,#3305,.F.);
#1652=ORIENTED_EDGE('',*,*,#3973,.T.);
#1653=ORIENTED_EDGE('',*,*,#3834,.T.);
#1654=ORIENTED_EDGE('',*,*,#3976,.T.);
#1655=ORIENTED_EDGE('',*,*,#3303,.F.);
#1656=ORIENTED_EDGE('',*,*,#3975,.T.);
#1657=ORIENTED_EDGE('',*,*,#3836,.T.);
#1658=ORIENTED_EDGE('',*,*,#3972,.T.);
#1659=ORIENTED_EDGE('',*,*,#3309,.F.);
#1660=ORIENTED_EDGE('',*,*,#3971,.T.);
#1661=ORIENTED_EDGE('',*,*,#3838,.T.);
#1662=ORIENTED_EDGE('',*,*,#3974,.T.);
#1663=ORIENTED_EDGE('',*,*,#3307,.F.);
#1664=ORIENTED_EDGE('',*,*,#3978,.F.);
#1665=ORIENTED_EDGE('',*,*,#3825,.T.);
#1666=ORIENTED_EDGE('',*,*,#3979,.F.);
#1667=ORIENTED_EDGE('',*,*,#3296,.F.);
#1668=ORIENTED_EDGE('',*,*,#3980,.F.);
#1669=ORIENTED_EDGE('',*,*,#3827,.T.);
#1670=ORIENTED_EDGE('',*,*,#3981,.F.);
#1671=ORIENTED_EDGE('',*,*,#3294,.F.);
#1672=ORIENTED_EDGE('',*,*,#3298,.T.);
#1673=ORIENTED_EDGE('',*,*,#3982,.F.);
#1674=ORIENTED_EDGE('',*,*,#3831,.F.);
#1675=ORIENTED_EDGE('',*,*,#3983,.F.);
#1676=ORIENTED_EDGE('',*,*,#3300,.T.);
#1677=ORIENTED_EDGE('',*,*,#3984,.F.);
#1678=ORIENTED_EDGE('',*,*,#3829,.F.);
#1679=ORIENTED_EDGE('',*,*,#3985,.F.);
#1680=ORIENTED_EDGE('',*,*,#3981,.T.);
#1681=ORIENTED_EDGE('',*,*,#3826,.T.);
#1682=ORIENTED_EDGE('',*,*,#3978,.T.);
#1683=ORIENTED_EDGE('',*,*,#3295,.F.);
#1684=ORIENTED_EDGE('',*,*,#3979,.T.);
#1685=ORIENTED_EDGE('',*,*,#3824,.T.);
#1686=ORIENTED_EDGE('',*,*,#3982,.T.);
#1687=ORIENTED_EDGE('',*,*,#3297,.F.);
#1688=ORIENTED_EDGE('',*,*,#3985,.T.);
#1689=ORIENTED_EDGE('',*,*,#3828,.T.);
#1690=ORIENTED_EDGE('',*,*,#3980,.T.);
#1691=ORIENTED_EDGE('',*,*,#3301,.F.);
#1692=ORIENTED_EDGE('',*,*,#3983,.T.);
#1693=ORIENTED_EDGE('',*,*,#3830,.T.);
#1694=ORIENTED_EDGE('',*,*,#3984,.T.);
#1695=ORIENTED_EDGE('',*,*,#3299,.F.);
#1696=ORIENTED_EDGE('',*,*,#3986,.F.);
#1697=ORIENTED_EDGE('',*,*,#3818,.T.);
#1698=ORIENTED_EDGE('',*,*,#3987,.F.);
#1699=ORIENTED_EDGE('',*,*,#3292,.F.);
#1700=ORIENTED_EDGE('',*,*,#3988,.F.);
#1701=ORIENTED_EDGE('',*,*,#3820,.T.);
#1702=ORIENTED_EDGE('',*,*,#3989,.F.);
#1703=ORIENTED_EDGE('',*,*,#3290,.F.);
#1704=ORIENTED_EDGE('',*,*,#3990,.F.);
#1705=ORIENTED_EDGE('',*,*,#3822,.T.);
#1706=ORIENTED_EDGE('',*,*,#3991,.F.);
#1707=ORIENTED_EDGE('',*,*,#3288,.F.);
#1708=ORIENTED_EDGE('',*,*,#3992,.F.);
#1709=ORIENTED_EDGE('',*,*,#3816,.T.);
#1710=ORIENTED_EDGE('',*,*,#3993,.F.);
#1711=ORIENTED_EDGE('',*,*,#3286,.F.);
#1712=ORIENTED_EDGE('',*,*,#3987,.T.);
#1713=ORIENTED_EDGE('',*,*,#3817,.T.);
#1714=ORIENTED_EDGE('',*,*,#3992,.T.);
#1715=ORIENTED_EDGE('',*,*,#3293,.F.);
#1716=ORIENTED_EDGE('',*,*,#3993,.T.);
#1717=ORIENTED_EDGE('',*,*,#3823,.T.);
#1718=ORIENTED_EDGE('',*,*,#3990,.T.);
#1719=ORIENTED_EDGE('',*,*,#3287,.F.);
#1720=ORIENTED_EDGE('',*,*,#3991,.T.);
#1721=ORIENTED_EDGE('',*,*,#3821,.T.);
#1722=ORIENTED_EDGE('',*,*,#3988,.T.);
#1723=ORIENTED_EDGE('',*,*,#3289,.F.);
#1724=ORIENTED_EDGE('',*,*,#3989,.T.);
#1725=ORIENTED_EDGE('',*,*,#3819,.T.);
#1726=ORIENTED_EDGE('',*,*,#3986,.T.);
#1727=ORIENTED_EDGE('',*,*,#3291,.F.);
#1728=ORIENTED_EDGE('',*,*,#3994,.F.);
#1729=ORIENTED_EDGE('',*,*,#3893,.T.);
#1730=ORIENTED_EDGE('',*,*,#3995,.F.);
#1731=ORIENTED_EDGE('',*,*,#3280,.F.);
#1732=ORIENTED_EDGE('',*,*,#3996,.F.);
#1733=ORIENTED_EDGE('',*,*,#3889,.T.);
#1734=ORIENTED_EDGE('',*,*,#3997,.F.);
#1735=ORIENTED_EDGE('',*,*,#3284,.F.);
#1736=ORIENTED_EDGE('',*,*,#3282,.T.);
#1737=ORIENTED_EDGE('',*,*,#3998,.F.);
#1738=ORIENTED_EDGE('',*,*,#3891,.F.);
#1739=ORIENTED_EDGE('',*,*,#3999,.F.);
#1740=ORIENTED_EDGE('',*,*,#3278,.T.);
#1741=ORIENTED_EDGE('',*,*,#4000,.F.);
#1742=ORIENTED_EDGE('',*,*,#3887,.F.);
#1743=ORIENTED_EDGE('',*,*,#4001,.F.);
#1744=ORIENTED_EDGE('',*,*,#3997,.T.);
#1745=ORIENTED_EDGE('',*,*,#3888,.T.);
#1746=ORIENTED_EDGE('',*,*,#4000,.T.);
#1747=ORIENTED_EDGE('',*,*,#3285,.F.);
#1748=ORIENTED_EDGE('',*,*,#4001,.T.);
#1749=ORIENTED_EDGE('',*,*,#3886,.T.);
#1750=ORIENTED_EDGE('',*,*,#3994,.T.);
#1751=ORIENTED_EDGE('',*,*,#3279,.F.);
#1752=ORIENTED_EDGE('',*,*,#3995,.T.);
#1753=ORIENTED_EDGE('',*,*,#3892,.T.);
#1754=ORIENTED_EDGE('',*,*,#3998,.T.);
#1755=ORIENTED_EDGE('',*,*,#3281,.F.);
#1756=ORIENTED_EDGE('',*,*,#3999,.T.);
#1757=ORIENTED_EDGE('',*,*,#3890,.T.);
#1758=ORIENTED_EDGE('',*,*,#3996,.T.);
#1759=ORIENTED_EDGE('',*,*,#3283,.F.);
#1760=ORIENTED_EDGE('',*,*,#3276,.T.);
#1761=ORIENTED_EDGE('',*,*,#4002,.F.);
#1762=ORIENTED_EDGE('',*,*,#3813,.F.);
#1763=ORIENTED_EDGE('',*,*,#4003,.F.);
#1764=ORIENTED_EDGE('',*,*,#4004,.F.);
#1765=ORIENTED_EDGE('',*,*,#3809,.T.);
#1766=ORIENTED_EDGE('',*,*,#4005,.F.);
#1767=ORIENTED_EDGE('',*,*,#3272,.F.);
#1768=ORIENTED_EDGE('',*,*,#3274,.T.);
#1769=ORIENTED_EDGE('',*,*,#4006,.F.);
#1770=ORIENTED_EDGE('',*,*,#3815,.F.);
#1771=ORIENTED_EDGE('',*,*,#4007,.F.);
#1772=ORIENTED_EDGE('',*,*,#3270,.T.);
#1773=ORIENTED_EDGE('',*,*,#4008,.F.);
#1774=ORIENTED_EDGE('',*,*,#3811,.F.);
#1775=ORIENTED_EDGE('',*,*,#4009,.F.);
#1776=ORIENTED_EDGE('',*,*,#4009,.T.);
#1777=ORIENTED_EDGE('',*,*,#3810,.T.);
#1778=ORIENTED_EDGE('',*,*,#4004,.T.);
#1779=ORIENTED_EDGE('',*,*,#3271,.F.);
#1780=ORIENTED_EDGE('',*,*,#4003,.T.);
#1781=ORIENTED_EDGE('',*,*,#3812,.T.);
#1782=ORIENTED_EDGE('',*,*,#4008,.T.);
#1783=ORIENTED_EDGE('',*,*,#3277,.F.);
#1784=ORIENTED_EDGE('',*,*,#4005,.T.);
#1785=ORIENTED_EDGE('',*,*,#3808,.T.);
#1786=ORIENTED_EDGE('',*,*,#4006,.T.);
#1787=ORIENTED_EDGE('',*,*,#3273,.F.);
#1788=ORIENTED_EDGE('',*,*,#4007,.T.);
#1789=ORIENTED_EDGE('',*,*,#3814,.T.);
#1790=ORIENTED_EDGE('',*,*,#4002,.T.);
#1791=ORIENTED_EDGE('',*,*,#3275,.F.);
#1792=ORIENTED_EDGE('',*,*,#4010,.F.);
#1793=ORIENTED_EDGE('',*,*,#3803,.T.);
#1794=ORIENTED_EDGE('',*,*,#4011,.F.);
#1795=ORIENTED_EDGE('',*,*,#3265,.F.);
#1796=ORIENTED_EDGE('',*,*,#3269,.T.);
#1797=ORIENTED_EDGE('',*,*,#4012,.F.);
#1798=ORIENTED_EDGE('',*,*,#3805,.F.);
#1799=ORIENTED_EDGE('',*,*,#4013,.F.);
#1800=ORIENTED_EDGE('',*,*,#3267,.T.);
#1801=ORIENTED_EDGE('',*,*,#4014,.F.);
#1802=ORIENTED_EDGE('',*,*,#3807,.F.);
#1803=ORIENTED_EDGE('',*,*,#4015,.F.);
#1804=ORIENTED_EDGE('',*,*,#4011,.T.);
#1805=ORIENTED_EDGE('',*,*,#3802,.T.);
#1806=ORIENTED_EDGE('',*,*,#4014,.T.);
#1807=ORIENTED_EDGE('',*,*,#3266,.F.);
#1808=ORIENTED_EDGE('',*,*,#4013,.T.);
#1809=ORIENTED_EDGE('',*,*,#3804,.T.);
#1810=ORIENTED_EDGE('',*,*,#4010,.T.);
#1811=ORIENTED_EDGE('',*,*,#3264,.F.);
#1812=ORIENTED_EDGE('',*,*,#4015,.T.);
#1813=ORIENTED_EDGE('',*,*,#3806,.T.);
#1814=ORIENTED_EDGE('',*,*,#4012,.T.);
#1815=ORIENTED_EDGE('',*,*,#3268,.F.);
#1816=ORIENTED_EDGE('',*,*,#4016,.F.);
#1817=ORIENTED_EDGE('',*,*,#3800,.T.);
#1818=ORIENTED_EDGE('',*,*,#4017,.F.);
#1819=ORIENTED_EDGE('',*,*,#3261,.F.);
#1820=ORIENTED_EDGE('',*,*,#4018,.F.);
#1821=ORIENTED_EDGE('',*,*,#3798,.T.);
#1822=ORIENTED_EDGE('',*,*,#4019,.F.);
#1823=ORIENTED_EDGE('',*,*,#3263,.F.);
#1824=ORIENTED_EDGE('',*,*,#4020,.F.);
#1825=ORIENTED_EDGE('',*,*,#3796,.T.);
#1826=ORIENTED_EDGE('',*,*,#4021,.F.);
#1827=ORIENTED_EDGE('',*,*,#3259,.F.);
#1828=ORIENTED_EDGE('',*,*,#4019,.T.);
#1829=ORIENTED_EDGE('',*,*,#3797,.T.);
#1830=ORIENTED_EDGE('',*,*,#4020,.T.);
#1831=ORIENTED_EDGE('',*,*,#3258,.F.);
#1832=ORIENTED_EDGE('',*,*,#4021,.T.);
#1833=ORIENTED_EDGE('',*,*,#3801,.T.);
#1834=ORIENTED_EDGE('',*,*,#4016,.T.);
#1835=ORIENTED_EDGE('',*,*,#3260,.F.);
#1836=ORIENTED_EDGE('',*,*,#4017,.T.);
#1837=ORIENTED_EDGE('',*,*,#3799,.T.);
#1838=ORIENTED_EDGE('',*,*,#4018,.T.);
#1839=ORIENTED_EDGE('',*,*,#3262,.F.);
#1840=ORIENTED_EDGE('',*,*,#3256,.T.);
#1841=ORIENTED_EDGE('',*,*,#4022,.F.);
#1842=ORIENTED_EDGE('',*,*,#3793,.F.);
#1843=ORIENTED_EDGE('',*,*,#4023,.F.);
#1844=ORIENTED_EDGE('',*,*,#3254,.T.);
#1845=ORIENTED_EDGE('',*,*,#4024,.F.);
#1846=ORIENTED_EDGE('',*,*,#3795,.F.);
#1847=ORIENTED_EDGE('',*,*,#4025,.F.);
#1848=ORIENTED_EDGE('',*,*,#3250,.T.);
#1849=ORIENTED_EDGE('',*,*,#4026,.F.);
#1850=ORIENTED_EDGE('',*,*,#3791,.F.);
#1851=ORIENTED_EDGE('',*,*,#4027,.F.);
#1852=ORIENTED_EDGE('',*,*,#3252,.T.);
#1853=ORIENTED_EDGE('',*,*,#4028,.F.);
#1854=ORIENTED_EDGE('',*,*,#3789,.F.);
#1855=ORIENTED_EDGE('',*,*,#4029,.F.);
#1856=ORIENTED_EDGE('',*,*,#4027,.T.);
#1857=ORIENTED_EDGE('',*,*,#3790,.T.);
#1858=ORIENTED_EDGE('',*,*,#4028,.T.);
#1859=ORIENTED_EDGE('',*,*,#3251,.F.);
#1860=ORIENTED_EDGE('',*,*,#4029,.T.);
#1861=ORIENTED_EDGE('',*,*,#3788,.T.);
#1862=ORIENTED_EDGE('',*,*,#4024,.T.);
#1863=ORIENTED_EDGE('',*,*,#3253,.F.);
#1864=ORIENTED_EDGE('',*,*,#4023,.T.);
#1865=ORIENTED_EDGE('',*,*,#3792,.T.);
#1866=ORIENTED_EDGE('',*,*,#4026,.T.);
#1867=ORIENTED_EDGE('',*,*,#3257,.F.);
#1868=ORIENTED_EDGE('',*,*,#4025,.T.);
#1869=ORIENTED_EDGE('',*,*,#3794,.T.);
#1870=ORIENTED_EDGE('',*,*,#4022,.T.);
#1871=ORIENTED_EDGE('',*,*,#3255,.F.);
#1872=ORIENTED_EDGE('',*,*,#3244,.T.);
#1873=ORIENTED_EDGE('',*,*,#4030,.F.);
#1874=ORIENTED_EDGE('',*,*,#3783,.F.);
#1875=ORIENTED_EDGE('',*,*,#4031,.F.);
#1876=ORIENTED_EDGE('',*,*,#4032,.F.);
#1877=ORIENTED_EDGE('',*,*,#3785,.T.);
#1878=ORIENTED_EDGE('',*,*,#4033,.F.);
#1879=ORIENTED_EDGE('',*,*,#3248,.F.);
#1880=ORIENTED_EDGE('',*,*,#4034,.F.);
#1881=ORIENTED_EDGE('',*,*,#3787,.T.);
#1882=ORIENTED_EDGE('',*,*,#4035,.F.);
#1883=ORIENTED_EDGE('',*,*,#3246,.F.);
#1884=ORIENTED_EDGE('',*,*,#4031,.T.);
#1885=ORIENTED_EDGE('',*,*,#3782,.T.);
#1886=ORIENTED_EDGE('',*,*,#4034,.T.);
#1887=ORIENTED_EDGE('',*,*,#3245,.F.);
#1888=ORIENTED_EDGE('',*,*,#4033,.T.);
#1889=ORIENTED_EDGE('',*,*,#3784,.T.);
#1890=ORIENTED_EDGE('',*,*,#4030,.T.);
#1891=ORIENTED_EDGE('',*,*,#3249,.F.);
#1892=ORIENTED_EDGE('',*,*,#4035,.T.);
#1893=ORIENTED_EDGE('',*,*,#3786,.T.);
#1894=ORIENTED_EDGE('',*,*,#4032,.T.);
#1895=ORIENTED_EDGE('',*,*,#3247,.F.);
#1896=ORIENTED_EDGE('',*,*,#4036,.F.);
#1897=ORIENTED_EDGE('',*,*,#3777,.T.);
#1898=ORIENTED_EDGE('',*,*,#4037,.F.);
#1899=ORIENTED_EDGE('',*,*,#3356,.F.);
#1900=ORIENTED_EDGE('',*,*,#4038,.F.);
#1901=ORIENTED_EDGE('',*,*,#3779,.T.);
#1902=ORIENTED_EDGE('',*,*,#4039,.F.);
#1903=ORIENTED_EDGE('',*,*,#3362,.F.);
#1904=ORIENTED_EDGE('',*,*,#3360,.T.);
#1905=ORIENTED_EDGE('',*,*,#4040,.F.);
#1906=ORIENTED_EDGE('',*,*,#3781,.F.);
#1907=ORIENTED_EDGE('',*,*,#4041,.F.);
#1908=ORIENTED_EDGE('',*,*,#4042,.F.);
#1909=ORIENTED_EDGE('',*,*,#3775,.T.);
#1910=ORIENTED_EDGE('',*,*,#4043,.F.);
#1911=ORIENTED_EDGE('',*,*,#3358,.F.);
#1912=ORIENTED_EDGE('',*,*,#4037,.T.);
#1913=ORIENTED_EDGE('',*,*,#3776,.T.);
#1914=ORIENTED_EDGE('',*,*,#4042,.T.);
#1915=ORIENTED_EDGE('',*,*,#3357,.F.);
#1916=ORIENTED_EDGE('',*,*,#4043,.T.);
#1917=ORIENTED_EDGE('',*,*,#3774,.T.);
#1918=ORIENTED_EDGE('',*,*,#4040,.T.);
#1919=ORIENTED_EDGE('',*,*,#3359,.F.);
#1920=ORIENTED_EDGE('',*,*,#4039,.T.);
#1921=ORIENTED_EDGE('',*,*,#3778,.T.);
#1922=ORIENTED_EDGE('',*,*,#4036,.T.);
#1923=ORIENTED_EDGE('',*,*,#3363,.F.);
#1924=ORIENTED_EDGE('',*,*,#4041,.T.);
#1925=ORIENTED_EDGE('',*,*,#3780,.T.);
#1926=ORIENTED_EDGE('',*,*,#4038,.T.);
#1927=ORIENTED_EDGE('',*,*,#3361,.F.);
#1928=ORIENTED_EDGE('',*,*,#3370,.T.);
#1929=ORIENTED_EDGE('',*,*,#4044,.F.);
#1930=ORIENTED_EDGE('',*,*,#3771,.F.);
#1931=ORIENTED_EDGE('',*,*,#4045,.F.);
#1932=ORIENTED_EDGE('',*,*,#4046,.F.);
#1933=ORIENTED_EDGE('',*,*,#3773,.T.);
#1934=ORIENTED_EDGE('',*,*,#4047,.F.);
#1935=ORIENTED_EDGE('',*,*,#3368,.F.);
#1936=ORIENTED_EDGE('',*,*,#3366,.T.);
#1937=ORIENTED_EDGE('',*,*,#4048,.F.);
#1938=ORIENTED_EDGE('',*,*,#3767,.F.);
#1939=ORIENTED_EDGE('',*,*,#4049,.F.);
#1940=ORIENTED_EDGE('',*,*,#4050,.F.);
#1941=ORIENTED_EDGE('',*,*,#3769,.T.);
#1942=ORIENTED_EDGE('',*,*,#4051,.F.);
#1943=ORIENTED_EDGE('',*,*,#3364,.F.);
#1944=ORIENTED_EDGE('',*,*,#4051,.T.);
#1945=ORIENTED_EDGE('',*,*,#3768,.T.);
#1946=ORIENTED_EDGE('',*,*,#4048,.T.);
#1947=ORIENTED_EDGE('',*,*,#3365,.F.);
#1948=ORIENTED_EDGE('',*,*,#4045,.T.);
#1949=ORIENTED_EDGE('',*,*,#3770,.T.);
#1950=ORIENTED_EDGE('',*,*,#4050,.T.);
#1951=ORIENTED_EDGE('',*,*,#3371,.F.);
#1952=ORIENTED_EDGE('',*,*,#4049,.T.);
#1953=ORIENTED_EDGE('',*,*,#3766,.T.);
#1954=ORIENTED_EDGE('',*,*,#4046,.T.);
#1955=ORIENTED_EDGE('',*,*,#3367,.F.);
#1956=ORIENTED_EDGE('',*,*,#4047,.T.);
#1957=ORIENTED_EDGE('',*,*,#3772,.T.);
#1958=ORIENTED_EDGE('',*,*,#4044,.T.);
#1959=ORIENTED_EDGE('',*,*,#3369,.F.);
#1960=ORIENTED_EDGE('',*,*,#4052,.F.);
#1961=ORIENTED_EDGE('',*,*,#3761,.T.);
#1962=ORIENTED_EDGE('',*,*,#4053,.F.);
#1963=ORIENTED_EDGE('',*,*,#3372,.F.);
#1964=ORIENTED_EDGE('',*,*,#4054,.F.);
#1965=ORIENTED_EDGE('',*,*,#3763,.T.);
#1966=ORIENTED_EDGE('',*,*,#4055,.F.);
#1967=ORIENTED_EDGE('',*,*,#3378,.F.);
#1968=ORIENTED_EDGE('',*,*,#4056,.F.);
#1969=ORIENTED_EDGE('',*,*,#3765,.T.);
#1970=ORIENTED_EDGE('',*,*,#4057,.F.);
#1971=ORIENTED_EDGE('',*,*,#3376,.F.);
#1972=ORIENTED_EDGE('',*,*,#4058,.F.);
#1973=ORIENTED_EDGE('',*,*,#3759,.T.);
#1974=ORIENTED_EDGE('',*,*,#4059,.F.);
#1975=ORIENTED_EDGE('',*,*,#3374,.F.);
#1976=ORIENTED_EDGE('',*,*,#4053,.T.);
#1977=ORIENTED_EDGE('',*,*,#3760,.T.);
#1978=ORIENTED_EDGE('',*,*,#4058,.T.);
#1979=ORIENTED_EDGE('',*,*,#3373,.F.);
#1980=ORIENTED_EDGE('',*,*,#4059,.T.);
#1981=ORIENTED_EDGE('',*,*,#3758,.T.);
#1982=ORIENTED_EDGE('',*,*,#4056,.T.);
#1983=ORIENTED_EDGE('',*,*,#3375,.F.);
#1984=ORIENTED_EDGE('',*,*,#4055,.T.);
#1985=ORIENTED_EDGE('',*,*,#3762,.T.);
#1986=ORIENTED_EDGE('',*,*,#4052,.T.);
#1987=ORIENTED_EDGE('',*,*,#3379,.F.);
#1988=ORIENTED_EDGE('',*,*,#4057,.T.);
#1989=ORIENTED_EDGE('',*,*,#3764,.T.);
#1990=ORIENTED_EDGE('',*,*,#4054,.T.);
#1991=ORIENTED_EDGE('',*,*,#3377,.F.);
#1992=ORIENTED_EDGE('',*,*,#3382,.T.);
#1993=ORIENTED_EDGE('',*,*,#4060,.F.);
#1994=ORIENTED_EDGE('',*,*,#3751,.F.);
#1995=ORIENTED_EDGE('',*,*,#4061,.F.);
#1996=ORIENTED_EDGE('',*,*,#4062,.F.);
#1997=ORIENTED_EDGE('',*,*,#3755,.T.);
#1998=ORIENTED_EDGE('',*,*,#4063,.F.);
#1999=ORIENTED_EDGE('',*,*,#3386,.F.);
#2000=ORIENTED_EDGE('',*,*,#4064,.F.);
#2001=ORIENTED_EDGE('',*,*,#3757,.T.);
#2002=ORIENTED_EDGE('',*,*,#4065,.F.);
#2003=ORIENTED_EDGE('',*,*,#3384,.F.);
#2004=ORIENTED_EDGE('',*,*,#4066,.F.);
#2005=ORIENTED_EDGE('',*,*,#3753,.T.);
#2006=ORIENTED_EDGE('',*,*,#4067,.F.);
#2007=ORIENTED_EDGE('',*,*,#3380,.F.);
#2008=ORIENTED_EDGE('',*,*,#4067,.T.);
#2009=ORIENTED_EDGE('',*,*,#3752,.T.);
#2010=ORIENTED_EDGE('',*,*,#4060,.T.);
#2011=ORIENTED_EDGE('',*,*,#3381,.F.);
#2012=ORIENTED_EDGE('',*,*,#4063,.T.);
#2013=ORIENTED_EDGE('',*,*,#3754,.T.);
#2014=ORIENTED_EDGE('',*,*,#4066,.T.);
#2015=ORIENTED_EDGE('',*,*,#3387,.F.);
#2016=ORIENTED_EDGE('',*,*,#4061,.T.);
#2017=ORIENTED_EDGE('',*,*,#3750,.T.);
#2018=ORIENTED_EDGE('',*,*,#4064,.T.);
#2019=ORIENTED_EDGE('',*,*,#3383,.F.);
#2020=ORIENTED_EDGE('',*,*,#4065,.T.);
#2021=ORIENTED_EDGE('',*,*,#3756,.T.);
#2022=ORIENTED_EDGE('',*,*,#4062,.T.);
#2023=ORIENTED_EDGE('',*,*,#3385,.F.);
#2024=ORIENTED_EDGE('',*,*,#3392,.T.);
#2025=ORIENTED_EDGE('',*,*,#4068,.F.);
#2026=ORIENTED_EDGE('',*,*,#3897,.F.);
#2027=ORIENTED_EDGE('',*,*,#4069,.F.);
#2028=ORIENTED_EDGE('',*,*,#3390,.T.);
#2029=ORIENTED_EDGE('',*,*,#4070,.F.);
#2030=ORIENTED_EDGE('',*,*,#3899,.F.);
#2031=ORIENTED_EDGE('',*,*,#4071,.F.);
#2032=ORIENTED_EDGE('',*,*,#3388,.T.);
#2033=ORIENTED_EDGE('',*,*,#4072,.F.);
#2034=ORIENTED_EDGE('',*,*,#3895,.F.);
#2035=ORIENTED_EDGE('',*,*,#4073,.F.);
#2036=ORIENTED_EDGE('',*,*,#4069,.T.);
#2037=ORIENTED_EDGE('',*,*,#3896,.T.);
#2038=ORIENTED_EDGE('',*,*,#4072,.T.);
#2039=ORIENTED_EDGE('',*,*,#3393,.F.);
#2040=ORIENTED_EDGE('',*,*,#4073,.T.);
#2041=ORIENTED_EDGE('',*,*,#3894,.T.);
#2042=ORIENTED_EDGE('',*,*,#4070,.T.);
#2043=ORIENTED_EDGE('',*,*,#3389,.F.);
#2044=ORIENTED_EDGE('',*,*,#4071,.T.);
#2045=ORIENTED_EDGE('',*,*,#3898,.T.);
#2046=ORIENTED_EDGE('',*,*,#4068,.T.);
#2047=ORIENTED_EDGE('',*,*,#3391,.F.);
#2048=ORIENTED_EDGE('',*,*,#4074,.F.);
#2049=ORIENTED_EDGE('',*,*,#3749,.T.);
#2050=ORIENTED_EDGE('',*,*,#4075,.F.);
#2051=ORIENTED_EDGE('',*,*,#3240,.F.);
#2052=ORIENTED_EDGE('',*,*,#4076,.F.);
#2053=ORIENTED_EDGE('',*,*,#3745,.T.);
#2054=ORIENTED_EDGE('',*,*,#4077,.F.);
#2055=ORIENTED_EDGE('',*,*,#3236,.F.);
#2056=ORIENTED_EDGE('',*,*,#4078,.F.);
#2057=ORIENTED_EDGE('',*,*,#3747,.T.);
#2058=ORIENTED_EDGE('',*,*,#4079,.F.);
#2059=ORIENTED_EDGE('',*,*,#3242,.F.);
#2060=ORIENTED_EDGE('',*,*,#3238,.T.);
#2061=ORIENTED_EDGE('',*,*,#4080,.F.);
#2062=ORIENTED_EDGE('',*,*,#3743,.F.);
#2063=ORIENTED_EDGE('',*,*,#4081,.F.);
#2064=ORIENTED_EDGE('',*,*,#4081,.T.);
#2065=ORIENTED_EDGE('',*,*,#3742,.T.);
#2066=ORIENTED_EDGE('',*,*,#4074,.T.);
#2067=ORIENTED_EDGE('',*,*,#3239,.F.);
#2068=ORIENTED_EDGE('',*,*,#4077,.T.);
#2069=ORIENTED_EDGE('',*,*,#3744,.T.);
#2070=ORIENTED_EDGE('',*,*,#4080,.T.);
#2071=ORIENTED_EDGE('',*,*,#3237,.F.);
#2072=ORIENTED_EDGE('',*,*,#4079,.T.);
#2073=ORIENTED_EDGE('',*,*,#3746,.T.);
#2074=ORIENTED_EDGE('',*,*,#4076,.T.);
#2075=ORIENTED_EDGE('',*,*,#3243,.F.);
#2076=ORIENTED_EDGE('',*,*,#4075,.T.);
#2077=ORIENTED_EDGE('',*,*,#3748,.T.);
#2078=ORIENTED_EDGE('',*,*,#4078,.T.);
#2079=ORIENTED_EDGE('',*,*,#3241,.F.);
#2080=ORIENTED_EDGE('',*,*,#3741,.F.);
#2081=ORIENTED_EDGE('',*,*,#3235,.T.);
#2082=ORIENTED_EDGE('',*,*,#3740,.F.);
#2083=ORIENTED_EDGE('',*,*,#3234,.T.);
#2084=ORIENTED_EDGE('',*,*,#3739,.F.);
#2085=ORIENTED_EDGE('',*,*,#3233,.T.);
#2086=ORIENTED_EDGE('',*,*,#3738,.F.);
#2087=ORIENTED_EDGE('',*,*,#3232,.T.);
#2088=ORIENTED_EDGE('',*,*,#3737,.F.);
#2089=ORIENTED_EDGE('',*,*,#3231,.T.);
#2090=ORIENTED_EDGE('',*,*,#3736,.F.);
#2091=ORIENTED_EDGE('',*,*,#3230,.T.);
#2092=ORIENTED_EDGE('',*,*,#3735,.F.);
#2093=ORIENTED_EDGE('',*,*,#3229,.T.);
#2094=ORIENTED_EDGE('',*,*,#3734,.F.);
#2095=ORIENTED_EDGE('',*,*,#3228,.T.);
#2096=ORIENTED_EDGE('',*,*,#3733,.F.);
#2097=ORIENTED_EDGE('',*,*,#3227,.T.);
#2098=ORIENTED_EDGE('',*,*,#3732,.F.);
#2099=ORIENTED_EDGE('',*,*,#3226,.T.);
#2100=ORIENTED_EDGE('',*,*,#3731,.F.);
#2101=ORIENTED_EDGE('',*,*,#3225,.T.);
#2102=ORIENTED_EDGE('',*,*,#3730,.F.);
#2103=ORIENTED_EDGE('',*,*,#3224,.T.);
#2104=ORIENTED_EDGE('',*,*,#3729,.F.);
#2105=ORIENTED_EDGE('',*,*,#3223,.T.);
#2106=ORIENTED_EDGE('',*,*,#3728,.F.);
#2107=ORIENTED_EDGE('',*,*,#3222,.T.);
#2108=ORIENTED_EDGE('',*,*,#3727,.F.);
#2109=ORIENTED_EDGE('',*,*,#3221,.T.);
#2110=ORIENTED_EDGE('',*,*,#3726,.F.);
#2111=ORIENTED_EDGE('',*,*,#3220,.T.);
#2112=ORIENTED_EDGE('',*,*,#3725,.F.);
#2113=ORIENTED_EDGE('',*,*,#3219,.T.);
#2114=ORIENTED_EDGE('',*,*,#3724,.F.);
#2115=ORIENTED_EDGE('',*,*,#3218,.T.);
#2116=ORIENTED_EDGE('',*,*,#3723,.F.);
#2117=ORIENTED_EDGE('',*,*,#3217,.T.);
#2118=ORIENTED_EDGE('',*,*,#3722,.F.);
#2119=ORIENTED_EDGE('',*,*,#3216,.T.);
#2120=ORIENTED_EDGE('',*,*,#3721,.F.);
#2121=ORIENTED_EDGE('',*,*,#3215,.T.);
#2122=ORIENTED_EDGE('',*,*,#3720,.F.);
#2123=ORIENTED_EDGE('',*,*,#3214,.T.);
#2124=ORIENTED_EDGE('',*,*,#3719,.F.);
#2125=ORIENTED_EDGE('',*,*,#3213,.T.);
#2126=ORIENTED_EDGE('',*,*,#3718,.F.);
#2127=ORIENTED_EDGE('',*,*,#3212,.T.);
#2128=ORIENTED_EDGE('',*,*,#3717,.F.);
#2129=ORIENTED_EDGE('',*,*,#3211,.T.);
#2130=ORIENTED_EDGE('',*,*,#3716,.F.);
#2131=ORIENTED_EDGE('',*,*,#3210,.T.);
#2132=ORIENTED_EDGE('',*,*,#3715,.F.);
#2133=ORIENTED_EDGE('',*,*,#3209,.T.);
#2134=ORIENTED_EDGE('',*,*,#3714,.F.);
#2135=ORIENTED_EDGE('',*,*,#3208,.T.);
#2136=ORIENTED_EDGE('',*,*,#3713,.F.);
#2137=ORIENTED_EDGE('',*,*,#3207,.T.);
#2138=ORIENTED_EDGE('',*,*,#3712,.F.);
#2139=ORIENTED_EDGE('',*,*,#3206,.T.);
#2140=ORIENTED_EDGE('',*,*,#3711,.F.);
#2141=ORIENTED_EDGE('',*,*,#3205,.T.);
#2142=ORIENTED_EDGE('',*,*,#3710,.F.);
#2143=ORIENTED_EDGE('',*,*,#3204,.T.);
#2144=ORIENTED_EDGE('',*,*,#3709,.F.);
#2145=ORIENTED_EDGE('',*,*,#3203,.T.);
#2146=ORIENTED_EDGE('',*,*,#3708,.F.);
#2147=ORIENTED_EDGE('',*,*,#3202,.T.);
#2148=ORIENTED_EDGE('',*,*,#3707,.F.);
#2149=ORIENTED_EDGE('',*,*,#3201,.T.);
#2150=ORIENTED_EDGE('',*,*,#3706,.F.);
#2151=ORIENTED_EDGE('',*,*,#3200,.T.);
#2152=ORIENTED_EDGE('',*,*,#3705,.F.);
#2153=ORIENTED_EDGE('',*,*,#3199,.T.);
#2154=ORIENTED_EDGE('',*,*,#3704,.F.);
#2155=ORIENTED_EDGE('',*,*,#3198,.T.);
#2156=ORIENTED_EDGE('',*,*,#3703,.F.);
#2157=ORIENTED_EDGE('',*,*,#3197,.T.);
#2158=ORIENTED_EDGE('',*,*,#3702,.F.);
#2159=ORIENTED_EDGE('',*,*,#3196,.T.);
#2160=ORIENTED_EDGE('',*,*,#3701,.F.);
#2161=ORIENTED_EDGE('',*,*,#3195,.T.);
#2162=ORIENTED_EDGE('',*,*,#3700,.F.);
#2163=ORIENTED_EDGE('',*,*,#3194,.T.);
#2164=ORIENTED_EDGE('',*,*,#3699,.F.);
#2165=ORIENTED_EDGE('',*,*,#3193,.T.);
#2166=ORIENTED_EDGE('',*,*,#3698,.F.);
#2167=ORIENTED_EDGE('',*,*,#3192,.T.);
#2168=ORIENTED_EDGE('',*,*,#3697,.F.);
#2169=ORIENTED_EDGE('',*,*,#3191,.T.);
#2170=ORIENTED_EDGE('',*,*,#3696,.F.);
#2171=ORIENTED_EDGE('',*,*,#3190,.T.);
#2172=ORIENTED_EDGE('',*,*,#3695,.F.);
#2173=ORIENTED_EDGE('',*,*,#3189,.T.);
#2174=ORIENTED_EDGE('',*,*,#3694,.F.);
#2175=ORIENTED_EDGE('',*,*,#3188,.T.);
#2176=ORIENTED_EDGE('',*,*,#3693,.F.);
#2177=ORIENTED_EDGE('',*,*,#3187,.T.);
#2178=ORIENTED_EDGE('',*,*,#3692,.F.);
#2179=ORIENTED_EDGE('',*,*,#3186,.T.);
#2180=ORIENTED_EDGE('',*,*,#3691,.F.);
#2181=ORIENTED_EDGE('',*,*,#3185,.T.);
#2182=ORIENTED_EDGE('',*,*,#3690,.F.);
#2183=ORIENTED_EDGE('',*,*,#3184,.T.);
#2184=ORIENTED_EDGE('',*,*,#3689,.F.);
#2185=ORIENTED_EDGE('',*,*,#3183,.T.);
#2186=ORIENTED_EDGE('',*,*,#3688,.F.);
#2187=ORIENTED_EDGE('',*,*,#3182,.T.);
#2188=ORIENTED_EDGE('',*,*,#3687,.F.);
#2189=ORIENTED_EDGE('',*,*,#3181,.T.);
#2190=ORIENTED_EDGE('',*,*,#3686,.F.);
#2191=ORIENTED_EDGE('',*,*,#3180,.T.);
#2192=ORIENTED_EDGE('',*,*,#3685,.F.);
#2193=ORIENTED_EDGE('',*,*,#3179,.T.);
#2194=ORIENTED_EDGE('',*,*,#3684,.F.);
#2195=ORIENTED_EDGE('',*,*,#3178,.T.);
#2196=ORIENTED_EDGE('',*,*,#3683,.F.);
#2197=ORIENTED_EDGE('',*,*,#3177,.T.);
#2198=ORIENTED_EDGE('',*,*,#3682,.F.);
#2199=ORIENTED_EDGE('',*,*,#3176,.T.);
#2200=ORIENTED_EDGE('',*,*,#3681,.F.);
#2201=ORIENTED_EDGE('',*,*,#3175,.T.);
#2202=ORIENTED_EDGE('',*,*,#3680,.F.);
#2203=ORIENTED_EDGE('',*,*,#3174,.T.);
#2204=ORIENTED_EDGE('',*,*,#3679,.F.);
#2205=ORIENTED_EDGE('',*,*,#3173,.T.);
#2206=ORIENTED_EDGE('',*,*,#3678,.F.);
#2207=ORIENTED_EDGE('',*,*,#3172,.T.);
#2208=ORIENTED_EDGE('',*,*,#3677,.F.);
#2209=ORIENTED_EDGE('',*,*,#3171,.T.);
#2210=ORIENTED_EDGE('',*,*,#3676,.F.);
#2211=ORIENTED_EDGE('',*,*,#3170,.T.);
#2212=ORIENTED_EDGE('',*,*,#3675,.F.);
#2213=ORIENTED_EDGE('',*,*,#3169,.T.);
#2214=ORIENTED_EDGE('',*,*,#3674,.F.);
#2215=ORIENTED_EDGE('',*,*,#3168,.T.);
#2216=ORIENTED_EDGE('',*,*,#3673,.F.);
#2217=ORIENTED_EDGE('',*,*,#3167,.T.);
#2218=ORIENTED_EDGE('',*,*,#3672,.F.);
#2219=ORIENTED_EDGE('',*,*,#3166,.T.);
#2220=ORIENTED_EDGE('',*,*,#3671,.F.);
#2221=ORIENTED_EDGE('',*,*,#3165,.T.);
#2222=ORIENTED_EDGE('',*,*,#3670,.F.);
#2223=ORIENTED_EDGE('',*,*,#3164,.T.);
#2224=ORIENTED_EDGE('',*,*,#3669,.F.);
#2225=ORIENTED_EDGE('',*,*,#3163,.T.);
#2226=ORIENTED_EDGE('',*,*,#3668,.F.);
#2227=ORIENTED_EDGE('',*,*,#3162,.T.);
#2228=ORIENTED_EDGE('',*,*,#3667,.F.);
#2229=ORIENTED_EDGE('',*,*,#3161,.T.);
#2230=ORIENTED_EDGE('',*,*,#3666,.F.);
#2231=ORIENTED_EDGE('',*,*,#3160,.T.);
#2232=ORIENTED_EDGE('',*,*,#3665,.F.);
#2233=ORIENTED_EDGE('',*,*,#3159,.T.);
#2234=ORIENTED_EDGE('',*,*,#3664,.F.);
#2235=ORIENTED_EDGE('',*,*,#3158,.T.);
#2236=ORIENTED_EDGE('',*,*,#3663,.F.);
#2237=ORIENTED_EDGE('',*,*,#3157,.T.);
#2238=ORIENTED_EDGE('',*,*,#3662,.F.);
#2239=ORIENTED_EDGE('',*,*,#3156,.T.);
#2240=ORIENTED_EDGE('',*,*,#3661,.F.);
#2241=ORIENTED_EDGE('',*,*,#3155,.T.);
#2242=ORIENTED_EDGE('',*,*,#3660,.F.);
#2243=ORIENTED_EDGE('',*,*,#3154,.T.);
#2244=ORIENTED_EDGE('',*,*,#3659,.F.);
#2245=ORIENTED_EDGE('',*,*,#3153,.T.);
#2246=ORIENTED_EDGE('',*,*,#3658,.F.);
#2247=ORIENTED_EDGE('',*,*,#3152,.T.);
#2248=ORIENTED_EDGE('',*,*,#3657,.F.);
#2249=ORIENTED_EDGE('',*,*,#3151,.T.);
#2250=ORIENTED_EDGE('',*,*,#3656,.F.);
#2251=ORIENTED_EDGE('',*,*,#3150,.T.);
#2252=ORIENTED_EDGE('',*,*,#3655,.F.);
#2253=ORIENTED_EDGE('',*,*,#3149,.T.);
#2254=ORIENTED_EDGE('',*,*,#3654,.F.);
#2255=ORIENTED_EDGE('',*,*,#3148,.T.);
#2256=ORIENTED_EDGE('',*,*,#3653,.F.);
#2257=ORIENTED_EDGE('',*,*,#3147,.T.);
#2258=ORIENTED_EDGE('',*,*,#3652,.F.);
#2259=ORIENTED_EDGE('',*,*,#3146,.T.);
#2260=ORIENTED_EDGE('',*,*,#3651,.F.);
#2261=ORIENTED_EDGE('',*,*,#3145,.T.);
#2262=ORIENTED_EDGE('',*,*,#3650,.F.);
#2263=ORIENTED_EDGE('',*,*,#3144,.T.);
#2264=ORIENTED_EDGE('',*,*,#3649,.F.);
#2265=ORIENTED_EDGE('',*,*,#3143,.T.);
#2266=ORIENTED_EDGE('',*,*,#3648,.F.);
#2267=ORIENTED_EDGE('',*,*,#3142,.T.);
#2268=ORIENTED_EDGE('',*,*,#3647,.F.);
#2269=ORIENTED_EDGE('',*,*,#3141,.T.);
#2270=ORIENTED_EDGE('',*,*,#3646,.F.);
#2271=ORIENTED_EDGE('',*,*,#3140,.T.);
#2272=ORIENTED_EDGE('',*,*,#4082,.F.);
#2273=ORIENTED_EDGE('',*,*,#3914,.T.);
#2274=ORIENTED_EDGE('',*,*,#4083,.T.);
#2275=ORIENTED_EDGE('',*,*,#3457,.F.);
#2276=ORIENTED_EDGE('',*,*,#3458,.T.);
#2277=ORIENTED_EDGE('',*,*,#4083,.F.);
#2278=ORIENTED_EDGE('',*,*,#3913,.F.);
#2279=ORIENTED_EDGE('',*,*,#3923,.T.);
#2280=ORIENTED_EDGE('',*,*,#3917,.F.);
#2281=ORIENTED_EDGE('',*,*,#3915,.T.);
#2282=ORIENTED_EDGE('',*,*,#4082,.T.);
#2283=ORIENTED_EDGE('',*,*,#3456,.F.);
#2284=ORIENTED_EDGE('',*,*,#4084,.F.);
#2285=ORIENTED_EDGE('',*,*,#3642,.T.);
#2286=ORIENTED_EDGE('',*,*,#4085,.T.);
#2287=ORIENTED_EDGE('',*,*,#3137,.F.);
#2288=ORIENTED_EDGE('',*,*,#3138,.T.);
#2289=ORIENTED_EDGE('',*,*,#4085,.F.);
#2290=ORIENTED_EDGE('',*,*,#3645,.F.);
#2291=ORIENTED_EDGE('',*,*,#4086,.T.);
#2292=ORIENTED_EDGE('',*,*,#3139,.T.);
#2293=ORIENTED_EDGE('',*,*,#4086,.F.);
#2294=ORIENTED_EDGE('',*,*,#3644,.F.);
#2295=ORIENTED_EDGE('',*,*,#4087,.T.);
#2296=ORIENTED_EDGE('',*,*,#4087,.F.);
#2297=ORIENTED_EDGE('',*,*,#3643,.T.);
#2298=ORIENTED_EDGE('',*,*,#4084,.T.);
#2299=ORIENTED_EDGE('',*,*,#3136,.F.);
#2300=ORIENTED_EDGE('',*,*,#4088,.F.);
#2301=ORIENTED_EDGE('',*,*,#3638,.T.);
#2302=ORIENTED_EDGE('',*,*,#4089,.T.);
#2303=ORIENTED_EDGE('',*,*,#3133,.F.);
#2304=ORIENTED_EDGE('',*,*,#3134,.T.);
#2305=ORIENTED_EDGE('',*,*,#4089,.F.);
#2306=ORIENTED_EDGE('',*,*,#3641,.F.);
#2307=ORIENTED_EDGE('',*,*,#4090,.T.);
#2308=ORIENTED_EDGE('',*,*,#3135,.T.);
#2309=ORIENTED_EDGE('',*,*,#4090,.F.);
#2310=ORIENTED_EDGE('',*,*,#3640,.F.);
#2311=ORIENTED_EDGE('',*,*,#4091,.T.);
#2312=ORIENTED_EDGE('',*,*,#4091,.F.);
#2313=ORIENTED_EDGE('',*,*,#3639,.T.);
#2314=ORIENTED_EDGE('',*,*,#4088,.T.);
#2315=ORIENTED_EDGE('',*,*,#3132,.F.);
#2316=ORIENTED_EDGE('',*,*,#4092,.F.);
#2317=ORIENTED_EDGE('',*,*,#3634,.T.);
#2318=ORIENTED_EDGE('',*,*,#4093,.T.);
#2319=ORIENTED_EDGE('',*,*,#3129,.F.);
#2320=ORIENTED_EDGE('',*,*,#3130,.T.);
#2321=ORIENTED_EDGE('',*,*,#4093,.F.);
#2322=ORIENTED_EDGE('',*,*,#3637,.F.);
#2323=ORIENTED_EDGE('',*,*,#4094,.T.);
#2324=ORIENTED_EDGE('',*,*,#3131,.T.);
#2325=ORIENTED_EDGE('',*,*,#4094,.F.);
#2326=ORIENTED_EDGE('',*,*,#3636,.F.);
#2327=ORIENTED_EDGE('',*,*,#4095,.T.);
#2328=ORIENTED_EDGE('',*,*,#4095,.F.);
#2329=ORIENTED_EDGE('',*,*,#3635,.T.);
#2330=ORIENTED_EDGE('',*,*,#4092,.T.);
#2331=ORIENTED_EDGE('',*,*,#3128,.F.);
#2332=ORIENTED_EDGE('',*,*,#4096,.F.);
#2333=ORIENTED_EDGE('',*,*,#3630,.T.);
#2334=ORIENTED_EDGE('',*,*,#4097,.T.);
#2335=ORIENTED_EDGE('',*,*,#3125,.F.);
#2336=ORIENTED_EDGE('',*,*,#3126,.T.);
#2337=ORIENTED_EDGE('',*,*,#4097,.F.);
#2338=ORIENTED_EDGE('',*,*,#3633,.F.);
#2339=ORIENTED_EDGE('',*,*,#4098,.T.);
#2340=ORIENTED_EDGE('',*,*,#3127,.T.);
#2341=ORIENTED_EDGE('',*,*,#4098,.F.);
#2342=ORIENTED_EDGE('',*,*,#3632,.F.);
#2343=ORIENTED_EDGE('',*,*,#4099,.T.);
#2344=ORIENTED_EDGE('',*,*,#4099,.F.);
#2345=ORIENTED_EDGE('',*,*,#3631,.T.);
#2346=ORIENTED_EDGE('',*,*,#4096,.T.);
#2347=ORIENTED_EDGE('',*,*,#3124,.F.);
#2348=ORIENTED_EDGE('',*,*,#4100,.F.);
#2349=ORIENTED_EDGE('',*,*,#3626,.T.);
#2350=ORIENTED_EDGE('',*,*,#4101,.T.);
#2351=ORIENTED_EDGE('',*,*,#3121,.F.);
#2352=ORIENTED_EDGE('',*,*,#3122,.T.);
#2353=ORIENTED_EDGE('',*,*,#4101,.F.);
#2354=ORIENTED_EDGE('',*,*,#3629,.F.);
#2355=ORIENTED_EDGE('',*,*,#4102,.T.);
#2356=ORIENTED_EDGE('',*,*,#3123,.T.);
#2357=ORIENTED_EDGE('',*,*,#4102,.F.);
#2358=ORIENTED_EDGE('',*,*,#3628,.F.);
#2359=ORIENTED_EDGE('',*,*,#4103,.T.);
#2360=ORIENTED_EDGE('',*,*,#4103,.F.);
#2361=ORIENTED_EDGE('',*,*,#3627,.T.);
#2362=ORIENTED_EDGE('',*,*,#4100,.T.);
#2363=ORIENTED_EDGE('',*,*,#3120,.F.);
#2364=ORIENTED_EDGE('',*,*,#4104,.F.);
#2365=ORIENTED_EDGE('',*,*,#3622,.T.);
#2366=ORIENTED_EDGE('',*,*,#4105,.T.);
#2367=ORIENTED_EDGE('',*,*,#3117,.F.);
#2368=ORIENTED_EDGE('',*,*,#3118,.T.);
#2369=ORIENTED_EDGE('',*,*,#4105,.F.);
#2370=ORIENTED_EDGE('',*,*,#3625,.F.);
#2371=ORIENTED_EDGE('',*,*,#4106,.T.);
#2372=ORIENTED_EDGE('',*,*,#3119,.T.);
#2373=ORIENTED_EDGE('',*,*,#4106,.F.);
#2374=ORIENTED_EDGE('',*,*,#3624,.F.);
#2375=ORIENTED_EDGE('',*,*,#4107,.T.);
#2376=ORIENTED_EDGE('',*,*,#4107,.F.);
#2377=ORIENTED_EDGE('',*,*,#3623,.T.);
#2378=ORIENTED_EDGE('',*,*,#4104,.T.);
#2379=ORIENTED_EDGE('',*,*,#3116,.F.);
#2380=ORIENTED_EDGE('',*,*,#4108,.F.);
#2381=ORIENTED_EDGE('',*,*,#3618,.T.);
#2382=ORIENTED_EDGE('',*,*,#4109,.T.);
#2383=ORIENTED_EDGE('',*,*,#3113,.F.);
#2384=ORIENTED_EDGE('',*,*,#3114,.T.);
#2385=ORIENTED_EDGE('',*,*,#4109,.F.);
#2386=ORIENTED_EDGE('',*,*,#3621,.F.);
#2387=ORIENTED_EDGE('',*,*,#4110,.T.);
#2388=ORIENTED_EDGE('',*,*,#3115,.T.);
#2389=ORIENTED_EDGE('',*,*,#4110,.F.);
#2390=ORIENTED_EDGE('',*,*,#3620,.F.);
#2391=ORIENTED_EDGE('',*,*,#4111,.T.);
#2392=ORIENTED_EDGE('',*,*,#4111,.F.);
#2393=ORIENTED_EDGE('',*,*,#3619,.T.);
#2394=ORIENTED_EDGE('',*,*,#4108,.T.);
#2395=ORIENTED_EDGE('',*,*,#3112,.F.);
#2396=ORIENTED_EDGE('',*,*,#4112,.F.);
#2397=ORIENTED_EDGE('',*,*,#3614,.T.);
#2398=ORIENTED_EDGE('',*,*,#4113,.T.);
#2399=ORIENTED_EDGE('',*,*,#3109,.F.);
#2400=ORIENTED_EDGE('',*,*,#3110,.T.);
#2401=ORIENTED_EDGE('',*,*,#4113,.F.);
#2402=ORIENTED_EDGE('',*,*,#3617,.F.);
#2403=ORIENTED_EDGE('',*,*,#4114,.T.);
#2404=ORIENTED_EDGE('',*,*,#3111,.T.);
#2405=ORIENTED_EDGE('',*,*,#4114,.F.);
#2406=ORIENTED_EDGE('',*,*,#3616,.F.);
#2407=ORIENTED_EDGE('',*,*,#4115,.T.);
#2408=ORIENTED_EDGE('',*,*,#4115,.F.);
#2409=ORIENTED_EDGE('',*,*,#3615,.T.);
#2410=ORIENTED_EDGE('',*,*,#4112,.T.);
#2411=ORIENTED_EDGE('',*,*,#3108,.F.);
#2412=ORIENTED_EDGE('',*,*,#4116,.F.);
#2413=ORIENTED_EDGE('',*,*,#3610,.T.);
#2414=ORIENTED_EDGE('',*,*,#4117,.T.);
#2415=ORIENTED_EDGE('',*,*,#3105,.F.);
#2416=ORIENTED_EDGE('',*,*,#3106,.T.);
#2417=ORIENTED_EDGE('',*,*,#4117,.F.);
#2418=ORIENTED_EDGE('',*,*,#3613,.F.);
#2419=ORIENTED_EDGE('',*,*,#4118,.T.);
#2420=ORIENTED_EDGE('',*,*,#3107,.T.);
#2421=ORIENTED_EDGE('',*,*,#4118,.F.);
#2422=ORIENTED_EDGE('',*,*,#3612,.F.);
#2423=ORIENTED_EDGE('',*,*,#4119,.T.);
#2424=ORIENTED_EDGE('',*,*,#4119,.F.);
#2425=ORIENTED_EDGE('',*,*,#3611,.T.);
#2426=ORIENTED_EDGE('',*,*,#4116,.T.);
#2427=ORIENTED_EDGE('',*,*,#3104,.F.);
#2428=ORIENTED_EDGE('',*,*,#4120,.F.);
#2429=ORIENTED_EDGE('',*,*,#3606,.T.);
#2430=ORIENTED_EDGE('',*,*,#4121,.T.);
#2431=ORIENTED_EDGE('',*,*,#3101,.F.);
#2432=ORIENTED_EDGE('',*,*,#3102,.T.);
#2433=ORIENTED_EDGE('',*,*,#4121,.F.);
#2434=ORIENTED_EDGE('',*,*,#3609,.F.);
#2435=ORIENTED_EDGE('',*,*,#4122,.T.);
#2436=ORIENTED_EDGE('',*,*,#3103,.T.);
#2437=ORIENTED_EDGE('',*,*,#4122,.F.);
#2438=ORIENTED_EDGE('',*,*,#3608,.F.);
#2439=ORIENTED_EDGE('',*,*,#4123,.T.);
#2440=ORIENTED_EDGE('',*,*,#4123,.F.);
#2441=ORIENTED_EDGE('',*,*,#3607,.T.);
#2442=ORIENTED_EDGE('',*,*,#4120,.T.);
#2443=ORIENTED_EDGE('',*,*,#3100,.F.);
#2444=ORIENTED_EDGE('',*,*,#4124,.F.);
#2445=ORIENTED_EDGE('',*,*,#3602,.T.);
#2446=ORIENTED_EDGE('',*,*,#4125,.T.);
#2447=ORIENTED_EDGE('',*,*,#3097,.F.);
#2448=ORIENTED_EDGE('',*,*,#3098,.T.);
#2449=ORIENTED_EDGE('',*,*,#4125,.F.);
#2450=ORIENTED_EDGE('',*,*,#3605,.F.);
#2451=ORIENTED_EDGE('',*,*,#4126,.T.);
#2452=ORIENTED_EDGE('',*,*,#3099,.T.);
#2453=ORIENTED_EDGE('',*,*,#4126,.F.);
#2454=ORIENTED_EDGE('',*,*,#3604,.F.);
#2455=ORIENTED_EDGE('',*,*,#4127,.T.);
#2456=ORIENTED_EDGE('',*,*,#4127,.F.);
#2457=ORIENTED_EDGE('',*,*,#3603,.T.);
#2458=ORIENTED_EDGE('',*,*,#4124,.T.);
#2459=ORIENTED_EDGE('',*,*,#3096,.F.);
#2460=ORIENTED_EDGE('',*,*,#4128,.F.);
#2461=ORIENTED_EDGE('',*,*,#3906,.T.);
#2462=ORIENTED_EDGE('',*,*,#4129,.T.);
#2463=ORIENTED_EDGE('',*,*,#3465,.F.);
#2464=ORIENTED_EDGE('',*,*,#3466,.T.);
#2465=ORIENTED_EDGE('',*,*,#4129,.F.);
#2466=ORIENTED_EDGE('',*,*,#3905,.F.);
#2467=ORIENTED_EDGE('',*,*,#3921,.T.);
#2468=ORIENTED_EDGE('',*,*,#3919,.F.);
#2469=ORIENTED_EDGE('',*,*,#3907,.T.);
#2470=ORIENTED_EDGE('',*,*,#4128,.T.);
#2471=ORIENTED_EDGE('',*,*,#3464,.F.);
#2472=ORIENTED_EDGE('',*,*,#4130,.F.);
#2473=ORIENTED_EDGE('',*,*,#3598,.T.);
#2474=ORIENTED_EDGE('',*,*,#4131,.T.);
#2475=ORIENTED_EDGE('',*,*,#3395,.F.);
#2476=ORIENTED_EDGE('',*,*,#3396,.T.);
#2477=ORIENTED_EDGE('',*,*,#4131,.F.);
#2478=ORIENTED_EDGE('',*,*,#3601,.F.);
#2479=ORIENTED_EDGE('',*,*,#4132,.T.);
#2480=ORIENTED_EDGE('',*,*,#3397,.T.);
#2481=ORIENTED_EDGE('',*,*,#4132,.F.);
#2482=ORIENTED_EDGE('',*,*,#3600,.F.);
#2483=ORIENTED_EDGE('',*,*,#4133,.T.);
#2484=ORIENTED_EDGE('',*,*,#4133,.F.);
#2485=ORIENTED_EDGE('',*,*,#3599,.T.);
#2486=ORIENTED_EDGE('',*,*,#4130,.T.);
#2487=ORIENTED_EDGE('',*,*,#3394,.F.);
#2488=ORIENTED_EDGE('',*,*,#4134,.F.);
#2489=ORIENTED_EDGE('',*,*,#3594,.T.);
#2490=ORIENTED_EDGE('',*,*,#4135,.T.);
#2491=ORIENTED_EDGE('',*,*,#3399,.F.);
#2492=ORIENTED_EDGE('',*,*,#3400,.T.);
#2493=ORIENTED_EDGE('',*,*,#4135,.F.);
#2494=ORIENTED_EDGE('',*,*,#3597,.F.);
#2495=ORIENTED_EDGE('',*,*,#4136,.T.);
#2496=ORIENTED_EDGE('',*,*,#3401,.T.);
#2497=ORIENTED_EDGE('',*,*,#4136,.F.);
#2498=ORIENTED_EDGE('',*,*,#3596,.F.);
#2499=ORIENTED_EDGE('',*,*,#4137,.T.);
#2500=ORIENTED_EDGE('',*,*,#4137,.F.);
#2501=ORIENTED_EDGE('',*,*,#3595,.T.);
#2502=ORIENTED_EDGE('',*,*,#4134,.T.);
#2503=ORIENTED_EDGE('',*,*,#3398,.F.);
#2504=ORIENTED_EDGE('',*,*,#4138,.F.);
#2505=ORIENTED_EDGE('',*,*,#3590,.T.);
#2506=ORIENTED_EDGE('',*,*,#4139,.T.);
#2507=ORIENTED_EDGE('',*,*,#3403,.F.);
#2508=ORIENTED_EDGE('',*,*,#3404,.T.);
#2509=ORIENTED_EDGE('',*,*,#4139,.F.);
#2510=ORIENTED_EDGE('',*,*,#3593,.F.);
#2511=ORIENTED_EDGE('',*,*,#4140,.T.);
#2512=ORIENTED_EDGE('',*,*,#3405,.T.);
#2513=ORIENTED_EDGE('',*,*,#4140,.F.);
#2514=ORIENTED_EDGE('',*,*,#3592,.F.);
#2515=ORIENTED_EDGE('',*,*,#4141,.T.);
#2516=ORIENTED_EDGE('',*,*,#4141,.F.);
#2517=ORIENTED_EDGE('',*,*,#3591,.T.);
#2518=ORIENTED_EDGE('',*,*,#4138,.T.);
#2519=ORIENTED_EDGE('',*,*,#3402,.F.);
#2520=ORIENTED_EDGE('',*,*,#4142,.F.);
#2521=ORIENTED_EDGE('',*,*,#3586,.T.);
#2522=ORIENTED_EDGE('',*,*,#4143,.T.);
#2523=ORIENTED_EDGE('',*,*,#3407,.F.);
#2524=ORIENTED_EDGE('',*,*,#3408,.T.);
#2525=ORIENTED_EDGE('',*,*,#4143,.F.);
#2526=ORIENTED_EDGE('',*,*,#3589,.F.);
#2527=ORIENTED_EDGE('',*,*,#4144,.T.);
#2528=ORIENTED_EDGE('',*,*,#3409,.T.);
#2529=ORIENTED_EDGE('',*,*,#4144,.F.);
#2530=ORIENTED_EDGE('',*,*,#3588,.F.);
#2531=ORIENTED_EDGE('',*,*,#4145,.T.);
#2532=ORIENTED_EDGE('',*,*,#4145,.F.);
#2533=ORIENTED_EDGE('',*,*,#3587,.T.);
#2534=ORIENTED_EDGE('',*,*,#4142,.T.);
#2535=ORIENTED_EDGE('',*,*,#3406,.F.);
#2536=ORIENTED_EDGE('',*,*,#4146,.F.);
#2537=ORIENTED_EDGE('',*,*,#3582,.T.);
#2538=ORIENTED_EDGE('',*,*,#4147,.T.);
#2539=ORIENTED_EDGE('',*,*,#3093,.F.);
#2540=ORIENTED_EDGE('',*,*,#3094,.T.);
#2541=ORIENTED_EDGE('',*,*,#4147,.F.);
#2542=ORIENTED_EDGE('',*,*,#3585,.F.);
#2543=ORIENTED_EDGE('',*,*,#4148,.T.);
#2544=ORIENTED_EDGE('',*,*,#3095,.T.);
#2545=ORIENTED_EDGE('',*,*,#4148,.F.);
#2546=ORIENTED_EDGE('',*,*,#3584,.F.);
#2547=ORIENTED_EDGE('',*,*,#4149,.T.);
#2548=ORIENTED_EDGE('',*,*,#4149,.F.);
#2549=ORIENTED_EDGE('',*,*,#3583,.T.);
#2550=ORIENTED_EDGE('',*,*,#4146,.T.);
#2551=ORIENTED_EDGE('',*,*,#3092,.F.);
#2552=ORIENTED_EDGE('',*,*,#4150,.F.);
#2553=ORIENTED_EDGE('',*,*,#3578,.T.);
#2554=ORIENTED_EDGE('',*,*,#4151,.T.);
#2555=ORIENTED_EDGE('',*,*,#3089,.F.);
#2556=ORIENTED_EDGE('',*,*,#3090,.T.);
#2557=ORIENTED_EDGE('',*,*,#4151,.F.);
#2558=ORIENTED_EDGE('',*,*,#3581,.F.);
#2559=ORIENTED_EDGE('',*,*,#4152,.T.);
#2560=ORIENTED_EDGE('',*,*,#3091,.T.);
#2561=ORIENTED_EDGE('',*,*,#4152,.F.);
#2562=ORIENTED_EDGE('',*,*,#3580,.F.);
#2563=ORIENTED_EDGE('',*,*,#4153,.T.);
#2564=ORIENTED_EDGE('',*,*,#4153,.F.);
#2565=ORIENTED_EDGE('',*,*,#3579,.T.);
#2566=ORIENTED_EDGE('',*,*,#4150,.T.);
#2567=ORIENTED_EDGE('',*,*,#3088,.F.);
#2568=ORIENTED_EDGE('',*,*,#4154,.F.);
#2569=ORIENTED_EDGE('',*,*,#3574,.T.);
#2570=ORIENTED_EDGE('',*,*,#4155,.T.);
#2571=ORIENTED_EDGE('',*,*,#3085,.F.);
#2572=ORIENTED_EDGE('',*,*,#3086,.T.);
#2573=ORIENTED_EDGE('',*,*,#4155,.F.);
#2574=ORIENTED_EDGE('',*,*,#3577,.F.);
#2575=ORIENTED_EDGE('',*,*,#4156,.T.);
#2576=ORIENTED_EDGE('',*,*,#3087,.T.);
#2577=ORIENTED_EDGE('',*,*,#4156,.F.);
#2578=ORIENTED_EDGE('',*,*,#3576,.F.);
#2579=ORIENTED_EDGE('',*,*,#4157,.T.);
#2580=ORIENTED_EDGE('',*,*,#4157,.F.);
#2581=ORIENTED_EDGE('',*,*,#3575,.T.);
#2582=ORIENTED_EDGE('',*,*,#4154,.T.);
#2583=ORIENTED_EDGE('',*,*,#3084,.F.);
#2584=ORIENTED_EDGE('',*,*,#4158,.F.);
#2585=ORIENTED_EDGE('',*,*,#3570,.T.);
#2586=ORIENTED_EDGE('',*,*,#4159,.T.);
#2587=ORIENTED_EDGE('',*,*,#3081,.F.);
#2588=ORIENTED_EDGE('',*,*,#3082,.T.);
#2589=ORIENTED_EDGE('',*,*,#4159,.F.);
#2590=ORIENTED_EDGE('',*,*,#3573,.F.);
#2591=ORIENTED_EDGE('',*,*,#4160,.T.);
#2592=ORIENTED_EDGE('',*,*,#3083,.T.);
#2593=ORIENTED_EDGE('',*,*,#4160,.F.);
#2594=ORIENTED_EDGE('',*,*,#3572,.F.);
#2595=ORIENTED_EDGE('',*,*,#4161,.T.);
#2596=ORIENTED_EDGE('',*,*,#4161,.F.);
#2597=ORIENTED_EDGE('',*,*,#3571,.T.);
#2598=ORIENTED_EDGE('',*,*,#4158,.T.);
#2599=ORIENTED_EDGE('',*,*,#3080,.F.);
#2600=ORIENTED_EDGE('',*,*,#4162,.F.);
#2601=ORIENTED_EDGE('',*,*,#3566,.T.);
#2602=ORIENTED_EDGE('',*,*,#4163,.T.);
#2603=ORIENTED_EDGE('',*,*,#3077,.F.);
#2604=ORIENTED_EDGE('',*,*,#3078,.T.);
#2605=ORIENTED_EDGE('',*,*,#4163,.F.);
#2606=ORIENTED_EDGE('',*,*,#3569,.F.);
#2607=ORIENTED_EDGE('',*,*,#4164,.T.);
#2608=ORIENTED_EDGE('',*,*,#3079,.T.);
#2609=ORIENTED_EDGE('',*,*,#4164,.F.);
#2610=ORIENTED_EDGE('',*,*,#3568,.F.);
#2611=ORIENTED_EDGE('',*,*,#4165,.T.);
#2612=ORIENTED_EDGE('',*,*,#4165,.F.);
#2613=ORIENTED_EDGE('',*,*,#3567,.T.);
#2614=ORIENTED_EDGE('',*,*,#4162,.T.);
#2615=ORIENTED_EDGE('',*,*,#3076,.F.);
#2616=ORIENTED_EDGE('',*,*,#4166,.F.);
#2617=ORIENTED_EDGE('',*,*,#3562,.T.);
#2618=ORIENTED_EDGE('',*,*,#4167,.T.);
#2619=ORIENTED_EDGE('',*,*,#3073,.F.);
#2620=ORIENTED_EDGE('',*,*,#3074,.T.);
#2621=ORIENTED_EDGE('',*,*,#4167,.F.);
#2622=ORIENTED_EDGE('',*,*,#3565,.F.);
#2623=ORIENTED_EDGE('',*,*,#4168,.T.);
#2624=ORIENTED_EDGE('',*,*,#3075,.T.);
#2625=ORIENTED_EDGE('',*,*,#4168,.F.);
#2626=ORIENTED_EDGE('',*,*,#3564,.F.);
#2627=ORIENTED_EDGE('',*,*,#4169,.T.);
#2628=ORIENTED_EDGE('',*,*,#4169,.F.);
#2629=ORIENTED_EDGE('',*,*,#3563,.T.);
#2630=ORIENTED_EDGE('',*,*,#4166,.T.);
#2631=ORIENTED_EDGE('',*,*,#3072,.F.);
#2632=ORIENTED_EDGE('',*,*,#4170,.F.);
#2633=ORIENTED_EDGE('',*,*,#3558,.T.);
#2634=ORIENTED_EDGE('',*,*,#4171,.T.);
#2635=ORIENTED_EDGE('',*,*,#3069,.F.);
#2636=ORIENTED_EDGE('',*,*,#3070,.T.);
#2637=ORIENTED_EDGE('',*,*,#4171,.F.);
#2638=ORIENTED_EDGE('',*,*,#3561,.F.);
#2639=ORIENTED_EDGE('',*,*,#4172,.T.);
#2640=ORIENTED_EDGE('',*,*,#3071,.T.);
#2641=ORIENTED_EDGE('',*,*,#4172,.F.);
#2642=ORIENTED_EDGE('',*,*,#3560,.F.);
#2643=ORIENTED_EDGE('',*,*,#4173,.T.);
#2644=ORIENTED_EDGE('',*,*,#4173,.F.);
#2645=ORIENTED_EDGE('',*,*,#3559,.T.);
#2646=ORIENTED_EDGE('',*,*,#4170,.T.);
#2647=ORIENTED_EDGE('',*,*,#3068,.F.);
#2648=ORIENTED_EDGE('',*,*,#4174,.F.);
#2649=ORIENTED_EDGE('',*,*,#3910,.T.);
#2650=ORIENTED_EDGE('',*,*,#4175,.T.);
#2651=ORIENTED_EDGE('',*,*,#3461,.F.);
#2652=ORIENTED_EDGE('',*,*,#3462,.T.);
#2653=ORIENTED_EDGE('',*,*,#4175,.F.);
#2654=ORIENTED_EDGE('',*,*,#3909,.F.);
#2655=ORIENTED_EDGE('',*,*,#3918,.T.);
#2656=ORIENTED_EDGE('',*,*,#3922,.F.);
#2657=ORIENTED_EDGE('',*,*,#3911,.T.);
#2658=ORIENTED_EDGE('',*,*,#4174,.T.);
#2659=ORIENTED_EDGE('',*,*,#3460,.F.);
#2660=ORIENTED_EDGE('',*,*,#4176,.F.);
#2661=ORIENTED_EDGE('',*,*,#3554,.T.);
#2662=ORIENTED_EDGE('',*,*,#4177,.T.);
#2663=ORIENTED_EDGE('',*,*,#3065,.F.);
#2664=ORIENTED_EDGE('',*,*,#3066,.T.);
#2665=ORIENTED_EDGE('',*,*,#4177,.F.);
#2666=ORIENTED_EDGE('',*,*,#3557,.F.);
#2667=ORIENTED_EDGE('',*,*,#4178,.T.);
#2668=ORIENTED_EDGE('',*,*,#3067,.T.);
#2669=ORIENTED_EDGE('',*,*,#4178,.F.);
#2670=ORIENTED_EDGE('',*,*,#3556,.F.);
#2671=ORIENTED_EDGE('',*,*,#4179,.T.);
#2672=ORIENTED_EDGE('',*,*,#4179,.F.);
#2673=ORIENTED_EDGE('',*,*,#3555,.T.);
#2674=ORIENTED_EDGE('',*,*,#4176,.T.);
#2675=ORIENTED_EDGE('',*,*,#3064,.F.);
#2676=ORIENTED_EDGE('',*,*,#4180,.F.);
#2677=ORIENTED_EDGE('',*,*,#3550,.T.);
#2678=ORIENTED_EDGE('',*,*,#4181,.T.);
#2679=ORIENTED_EDGE('',*,*,#3061,.F.);
#2680=ORIENTED_EDGE('',*,*,#3062,.T.);
#2681=ORIENTED_EDGE('',*,*,#4181,.F.);
#2682=ORIENTED_EDGE('',*,*,#3553,.F.);
#2683=ORIENTED_EDGE('',*,*,#4182,.T.);
#2684=ORIENTED_EDGE('',*,*,#3063,.T.);
#2685=ORIENTED_EDGE('',*,*,#4182,.F.);
#2686=ORIENTED_EDGE('',*,*,#3552,.F.);
#2687=ORIENTED_EDGE('',*,*,#4183,.T.);
#2688=ORIENTED_EDGE('',*,*,#4183,.F.);
#2689=ORIENTED_EDGE('',*,*,#3551,.T.);
#2690=ORIENTED_EDGE('',*,*,#4180,.T.);
#2691=ORIENTED_EDGE('',*,*,#3060,.F.);
#2692=ORIENTED_EDGE('',*,*,#4184,.F.);
#2693=ORIENTED_EDGE('',*,*,#3546,.T.);
#2694=ORIENTED_EDGE('',*,*,#4185,.T.);
#2695=ORIENTED_EDGE('',*,*,#3057,.F.);
#2696=ORIENTED_EDGE('',*,*,#3058,.T.);
#2697=ORIENTED_EDGE('',*,*,#4185,.F.);
#2698=ORIENTED_EDGE('',*,*,#3549,.F.);
#2699=ORIENTED_EDGE('',*,*,#4186,.T.);
#2700=ORIENTED_EDGE('',*,*,#3059,.T.);
#2701=ORIENTED_EDGE('',*,*,#4186,.F.);
#2702=ORIENTED_EDGE('',*,*,#3548,.F.);
#2703=ORIENTED_EDGE('',*,*,#4187,.T.);
#2704=ORIENTED_EDGE('',*,*,#4187,.F.);
#2705=ORIENTED_EDGE('',*,*,#3547,.T.);
#2706=ORIENTED_EDGE('',*,*,#4184,.T.);
#2707=ORIENTED_EDGE('',*,*,#3056,.F.);
#2708=ORIENTED_EDGE('',*,*,#4188,.F.);
#2709=ORIENTED_EDGE('',*,*,#3542,.T.);
#2710=ORIENTED_EDGE('',*,*,#4189,.T.);
#2711=ORIENTED_EDGE('',*,*,#3053,.F.);
#2712=ORIENTED_EDGE('',*,*,#3054,.T.);
#2713=ORIENTED_EDGE('',*,*,#4189,.F.);
#2714=ORIENTED_EDGE('',*,*,#3545,.F.);
#2715=ORIENTED_EDGE('',*,*,#4190,.T.);
#2716=ORIENTED_EDGE('',*,*,#3055,.T.);
#2717=ORIENTED_EDGE('',*,*,#4190,.F.);
#2718=ORIENTED_EDGE('',*,*,#3544,.F.);
#2719=ORIENTED_EDGE('',*,*,#4191,.T.);
#2720=ORIENTED_EDGE('',*,*,#4191,.F.);
#2721=ORIENTED_EDGE('',*,*,#3543,.T.);
#2722=ORIENTED_EDGE('',*,*,#4188,.T.);
#2723=ORIENTED_EDGE('',*,*,#3052,.F.);
#2724=ORIENTED_EDGE('',*,*,#4192,.F.);
#2725=ORIENTED_EDGE('',*,*,#3538,.T.);
#2726=ORIENTED_EDGE('',*,*,#4193,.T.);
#2727=ORIENTED_EDGE('',*,*,#3411,.F.);
#2728=ORIENTED_EDGE('',*,*,#3412,.T.);
#2729=ORIENTED_EDGE('',*,*,#4193,.F.);
#2730=ORIENTED_EDGE('',*,*,#3541,.F.);
#2731=ORIENTED_EDGE('',*,*,#4194,.T.);
#2732=ORIENTED_EDGE('',*,*,#3413,.T.);
#2733=ORIENTED_EDGE('',*,*,#4194,.F.);
#2734=ORIENTED_EDGE('',*,*,#3540,.F.);
#2735=ORIENTED_EDGE('',*,*,#4195,.T.);
#2736=ORIENTED_EDGE('',*,*,#4195,.F.);
#2737=ORIENTED_EDGE('',*,*,#3539,.T.);
#2738=ORIENTED_EDGE('',*,*,#4192,.T.);
#2739=ORIENTED_EDGE('',*,*,#3410,.F.);
#2740=ORIENTED_EDGE('',*,*,#4196,.F.);
#2741=ORIENTED_EDGE('',*,*,#3534,.T.);
#2742=ORIENTED_EDGE('',*,*,#4197,.T.);
#2743=ORIENTED_EDGE('',*,*,#3415,.F.);
#2744=ORIENTED_EDGE('',*,*,#3416,.T.);
#2745=ORIENTED_EDGE('',*,*,#4197,.F.);
#2746=ORIENTED_EDGE('',*,*,#3537,.F.);
#2747=ORIENTED_EDGE('',*,*,#4198,.T.);
#2748=ORIENTED_EDGE('',*,*,#3417,.T.);
#2749=ORIENTED_EDGE('',*,*,#4198,.F.);
#2750=ORIENTED_EDGE('',*,*,#3536,.F.);
#2751=ORIENTED_EDGE('',*,*,#4199,.T.);
#2752=ORIENTED_EDGE('',*,*,#4199,.F.);
#2753=ORIENTED_EDGE('',*,*,#3535,.T.);
#2754=ORIENTED_EDGE('',*,*,#4196,.T.);
#2755=ORIENTED_EDGE('',*,*,#3414,.F.);
#2756=ORIENTED_EDGE('',*,*,#4200,.F.);
#2757=ORIENTED_EDGE('',*,*,#3530,.T.);
#2758=ORIENTED_EDGE('',*,*,#4201,.T.);
#2759=ORIENTED_EDGE('',*,*,#3419,.F.);
#2760=ORIENTED_EDGE('',*,*,#3420,.T.);
#2761=ORIENTED_EDGE('',*,*,#4201,.F.);
#2762=ORIENTED_EDGE('',*,*,#3533,.F.);
#2763=ORIENTED_EDGE('',*,*,#4202,.T.);
#2764=ORIENTED_EDGE('',*,*,#3421,.T.);
#2765=ORIENTED_EDGE('',*,*,#4202,.F.);
#2766=ORIENTED_EDGE('',*,*,#3532,.F.);
#2767=ORIENTED_EDGE('',*,*,#4203,.T.);
#2768=ORIENTED_EDGE('',*,*,#4203,.F.);
#2769=ORIENTED_EDGE('',*,*,#3531,.T.);
#2770=ORIENTED_EDGE('',*,*,#4200,.T.);
#2771=ORIENTED_EDGE('',*,*,#3418,.F.);
#2772=ORIENTED_EDGE('',*,*,#4204,.F.);
#2773=ORIENTED_EDGE('',*,*,#3526,.T.);
#2774=ORIENTED_EDGE('',*,*,#4205,.T.);
#2775=ORIENTED_EDGE('',*,*,#3423,.F.);
#2776=ORIENTED_EDGE('',*,*,#3424,.T.);
#2777=ORIENTED_EDGE('',*,*,#4205,.F.);
#2778=ORIENTED_EDGE('',*,*,#3529,.F.);
#2779=ORIENTED_EDGE('',*,*,#4206,.T.);
#2780=ORIENTED_EDGE('',*,*,#3425,.T.);
#2781=ORIENTED_EDGE('',*,*,#4206,.F.);
#2782=ORIENTED_EDGE('',*,*,#3528,.F.);
#2783=ORIENTED_EDGE('',*,*,#4207,.T.);
#2784=ORIENTED_EDGE('',*,*,#4207,.F.);
#2785=ORIENTED_EDGE('',*,*,#3527,.T.);
#2786=ORIENTED_EDGE('',*,*,#4204,.T.);
#2787=ORIENTED_EDGE('',*,*,#3422,.F.);
#2788=ORIENTED_EDGE('',*,*,#4208,.F.);
#2789=ORIENTED_EDGE('',*,*,#3522,.T.);
#2790=ORIENTED_EDGE('',*,*,#4209,.T.);
#2791=ORIENTED_EDGE('',*,*,#3427,.F.);
#2792=ORIENTED_EDGE('',*,*,#3428,.T.);
#2793=ORIENTED_EDGE('',*,*,#4209,.F.);
#2794=ORIENTED_EDGE('',*,*,#3525,.F.);
#2795=ORIENTED_EDGE('',*,*,#4210,.T.);
#2796=ORIENTED_EDGE('',*,*,#3429,.T.);
#2797=ORIENTED_EDGE('',*,*,#4210,.F.);
#2798=ORIENTED_EDGE('',*,*,#3524,.F.);
#2799=ORIENTED_EDGE('',*,*,#4211,.T.);
#2800=ORIENTED_EDGE('',*,*,#4211,.F.);
#2801=ORIENTED_EDGE('',*,*,#3523,.T.);
#2802=ORIENTED_EDGE('',*,*,#4208,.T.);
#2803=ORIENTED_EDGE('',*,*,#3426,.F.);
#2804=ORIENTED_EDGE('',*,*,#4212,.F.);
#2805=ORIENTED_EDGE('',*,*,#3518,.T.);
#2806=ORIENTED_EDGE('',*,*,#4213,.T.);
#2807=ORIENTED_EDGE('',*,*,#3431,.F.);
#2808=ORIENTED_EDGE('',*,*,#3432,.T.);
#2809=ORIENTED_EDGE('',*,*,#4213,.F.);
#2810=ORIENTED_EDGE('',*,*,#3521,.F.);
#2811=ORIENTED_EDGE('',*,*,#4214,.T.);
#2812=ORIENTED_EDGE('',*,*,#3433,.T.);
#2813=ORIENTED_EDGE('',*,*,#4214,.F.);
#2814=ORIENTED_EDGE('',*,*,#3520,.F.);
#2815=ORIENTED_EDGE('',*,*,#4215,.T.);
#2816=ORIENTED_EDGE('',*,*,#4215,.F.);
#2817=ORIENTED_EDGE('',*,*,#3519,.T.);
#2818=ORIENTED_EDGE('',*,*,#4212,.T.);
#2819=ORIENTED_EDGE('',*,*,#3430,.F.);
#2820=ORIENTED_EDGE('',*,*,#4216,.F.);
#2821=ORIENTED_EDGE('',*,*,#3514,.T.);
#2822=ORIENTED_EDGE('',*,*,#4217,.T.);
#2823=ORIENTED_EDGE('',*,*,#3435,.F.);
#2824=ORIENTED_EDGE('',*,*,#3436,.T.);
#2825=ORIENTED_EDGE('',*,*,#4217,.F.);
#2826=ORIENTED_EDGE('',*,*,#3517,.F.);
#2827=ORIENTED_EDGE('',*,*,#4218,.T.);
#2828=ORIENTED_EDGE('',*,*,#3437,.T.);
#2829=ORIENTED_EDGE('',*,*,#4218,.F.);
#2830=ORIENTED_EDGE('',*,*,#3516,.F.);
#2831=ORIENTED_EDGE('',*,*,#4219,.T.);
#2832=ORIENTED_EDGE('',*,*,#4219,.F.);
#2833=ORIENTED_EDGE('',*,*,#3515,.T.);
#2834=ORIENTED_EDGE('',*,*,#4216,.T.);
#2835=ORIENTED_EDGE('',*,*,#3434,.F.);
#2836=ORIENTED_EDGE('',*,*,#4220,.F.);
#2837=ORIENTED_EDGE('',*,*,#3902,.T.);
#2838=ORIENTED_EDGE('',*,*,#4221,.T.);
#2839=ORIENTED_EDGE('',*,*,#3469,.F.);
#2840=ORIENTED_EDGE('',*,*,#3454,.T.);
#2841=ORIENTED_EDGE('',*,*,#4221,.F.);
#2842=ORIENTED_EDGE('',*,*,#3901,.F.);
#2843=ORIENTED_EDGE('',*,*,#3916,.T.);
#2844=ORIENTED_EDGE('',*,*,#3920,.F.);
#2845=ORIENTED_EDGE('',*,*,#3903,.T.);
#2846=ORIENTED_EDGE('',*,*,#4220,.T.);
#2847=ORIENTED_EDGE('',*,*,#3468,.F.);
#2848=ORIENTED_EDGE('',*,*,#4222,.F.);
#2849=ORIENTED_EDGE('',*,*,#3510,.T.);
#2850=ORIENTED_EDGE('',*,*,#4223,.T.);
#2851=ORIENTED_EDGE('',*,*,#3439,.F.);
#2852=ORIENTED_EDGE('',*,*,#3440,.T.);
#2853=ORIENTED_EDGE('',*,*,#4223,.F.);
#2854=ORIENTED_EDGE('',*,*,#3513,.F.);
#2855=ORIENTED_EDGE('',*,*,#4224,.T.);
#2856=ORIENTED_EDGE('',*,*,#3441,.T.);
#2857=ORIENTED_EDGE('',*,*,#4224,.F.);
#2858=ORIENTED_EDGE('',*,*,#3512,.F.);
#2859=ORIENTED_EDGE('',*,*,#4225,.T.);
#2860=ORIENTED_EDGE('',*,*,#4225,.F.);
#2861=ORIENTED_EDGE('',*,*,#3511,.T.);
#2862=ORIENTED_EDGE('',*,*,#4222,.T.);
#2863=ORIENTED_EDGE('',*,*,#3438,.F.);
#2864=ORIENTED_EDGE('',*,*,#4226,.F.);
#2865=ORIENTED_EDGE('',*,*,#3506,.T.);
#2866=ORIENTED_EDGE('',*,*,#4227,.T.);
#2867=ORIENTED_EDGE('',*,*,#3443,.F.);
#2868=ORIENTED_EDGE('',*,*,#3444,.T.);
#2869=ORIENTED_EDGE('',*,*,#4227,.F.);
#2870=ORIENTED_EDGE('',*,*,#3509,.F.);
#2871=ORIENTED_EDGE('',*,*,#4228,.T.);
#2872=ORIENTED_EDGE('',*,*,#3445,.T.);
#2873=ORIENTED_EDGE('',*,*,#4228,.F.);
#2874=ORIENTED_EDGE('',*,*,#3508,.F.);
#2875=ORIENTED_EDGE('',*,*,#4229,.T.);
#2876=ORIENTED_EDGE('',*,*,#4229,.F.);
#2877=ORIENTED_EDGE('',*,*,#3507,.T.);
#2878=ORIENTED_EDGE('',*,*,#4226,.T.);
#2879=ORIENTED_EDGE('',*,*,#3442,.F.);
#2880=ORIENTED_EDGE('',*,*,#4230,.F.);
#2881=ORIENTED_EDGE('',*,*,#3502,.T.);
#2882=ORIENTED_EDGE('',*,*,#4231,.T.);
#2883=ORIENTED_EDGE('',*,*,#3447,.F.);
#2884=ORIENTED_EDGE('',*,*,#3448,.T.);
#2885=ORIENTED_EDGE('',*,*,#4231,.F.);
#2886=ORIENTED_EDGE('',*,*,#3505,.F.);
#2887=ORIENTED_EDGE('',*,*,#4232,.T.);
#2888=ORIENTED_EDGE('',*,*,#3449,.T.);
#2889=ORIENTED_EDGE('',*,*,#4232,.F.);
#2890=ORIENTED_EDGE('',*,*,#3504,.F.);
#2891=ORIENTED_EDGE('',*,*,#4233,.T.);
#2892=ORIENTED_EDGE('',*,*,#4233,.F.);
#2893=ORIENTED_EDGE('',*,*,#3503,.T.);
#2894=ORIENTED_EDGE('',*,*,#4230,.T.);
#2895=ORIENTED_EDGE('',*,*,#3446,.F.);
#2896=ORIENTED_EDGE('',*,*,#4234,.F.);
#2897=ORIENTED_EDGE('',*,*,#3498,.T.);
#2898=ORIENTED_EDGE('',*,*,#4235,.T.);
#2899=ORIENTED_EDGE('',*,*,#3451,.F.);
#2900=ORIENTED_EDGE('',*,*,#3452,.T.);
#2901=ORIENTED_EDGE('',*,*,#4235,.F.);
#2902=ORIENTED_EDGE('',*,*,#3501,.F.);
#2903=ORIENTED_EDGE('',*,*,#4236,.T.);
#2904=ORIENTED_EDGE('',*,*,#3453,.T.);
#2905=ORIENTED_EDGE('',*,*,#4236,.F.);
#2906=ORIENTED_EDGE('',*,*,#3500,.F.);
#2907=ORIENTED_EDGE('',*,*,#4237,.T.);
#2908=ORIENTED_EDGE('',*,*,#4237,.F.);
#2909=ORIENTED_EDGE('',*,*,#3499,.T.);
#2910=ORIENTED_EDGE('',*,*,#4234,.T.);
#2911=ORIENTED_EDGE('',*,*,#3450,.F.);
#2912=ORIENTED_EDGE('',*,*,#4238,.F.);
#2913=ORIENTED_EDGE('',*,*,#3494,.T.);
#2914=ORIENTED_EDGE('',*,*,#4239,.T.);
#2915=ORIENTED_EDGE('',*,*,#3049,.F.);
#2916=ORIENTED_EDGE('',*,*,#3050,.T.);
#2917=ORIENTED_EDGE('',*,*,#4239,.F.);
#2918=ORIENTED_EDGE('',*,*,#3497,.F.);
#2919=ORIENTED_EDGE('',*,*,#4240,.T.);
#2920=ORIENTED_EDGE('',*,*,#3051,.T.);
#2921=ORIENTED_EDGE('',*,*,#4240,.F.);
#2922=ORIENTED_EDGE('',*,*,#3496,.F.);
#2923=ORIENTED_EDGE('',*,*,#4241,.T.);
#2924=ORIENTED_EDGE('',*,*,#4241,.F.);
#2925=ORIENTED_EDGE('',*,*,#3495,.T.);
#2926=ORIENTED_EDGE('',*,*,#4238,.T.);
#2927=ORIENTED_EDGE('',*,*,#3048,.F.);
#2928=ORIENTED_EDGE('',*,*,#4242,.F.);
#2929=ORIENTED_EDGE('',*,*,#3490,.T.);
#2930=ORIENTED_EDGE('',*,*,#4243,.T.);
#2931=ORIENTED_EDGE('',*,*,#3045,.F.);
#2932=ORIENTED_EDGE('',*,*,#3046,.T.);
#2933=ORIENTED_EDGE('',*,*,#4243,.F.);
#2934=ORIENTED_EDGE('',*,*,#3493,.F.);
#2935=ORIENTED_EDGE('',*,*,#4244,.T.);
#2936=ORIENTED_EDGE('',*,*,#3047,.T.);
#2937=ORIENTED_EDGE('',*,*,#4244,.F.);
#2938=ORIENTED_EDGE('',*,*,#3492,.F.);
#2939=ORIENTED_EDGE('',*,*,#4245,.T.);
#2940=ORIENTED_EDGE('',*,*,#4245,.F.);
#2941=ORIENTED_EDGE('',*,*,#3491,.T.);
#2942=ORIENTED_EDGE('',*,*,#4242,.T.);
#2943=ORIENTED_EDGE('',*,*,#3044,.F.);
#2944=ORIENTED_EDGE('',*,*,#4246,.F.);
#2945=ORIENTED_EDGE('',*,*,#3486,.T.);
#2946=ORIENTED_EDGE('',*,*,#4247,.T.);
#2947=ORIENTED_EDGE('',*,*,#3041,.F.);
#2948=ORIENTED_EDGE('',*,*,#3042,.T.);
#2949=ORIENTED_EDGE('',*,*,#4247,.F.);
#2950=ORIENTED_EDGE('',*,*,#3489,.F.);
#2951=ORIENTED_EDGE('',*,*,#4248,.T.);
#2952=ORIENTED_EDGE('',*,*,#3043,.T.);
#2953=ORIENTED_EDGE('',*,*,#4248,.F.);
#2954=ORIENTED_EDGE('',*,*,#3488,.F.);
#2955=ORIENTED_EDGE('',*,*,#4249,.T.);
#2956=ORIENTED_EDGE('',*,*,#4249,.F.);
#2957=ORIENTED_EDGE('',*,*,#3487,.T.);
#2958=ORIENTED_EDGE('',*,*,#4246,.T.);
#2959=ORIENTED_EDGE('',*,*,#3040,.F.);
#2960=ORIENTED_EDGE('',*,*,#4250,.F.);
#2961=ORIENTED_EDGE('',*,*,#3482,.T.);
#2962=ORIENTED_EDGE('',*,*,#4251,.T.);
#2963=ORIENTED_EDGE('',*,*,#3037,.F.);
#2964=ORIENTED_EDGE('',*,*,#3038,.T.);
#2965=ORIENTED_EDGE('',*,*,#4251,.F.);
#2966=ORIENTED_EDGE('',*,*,#3485,.F.);
#2967=ORIENTED_EDGE('',*,*,#4252,.T.);
#2968=ORIENTED_EDGE('',*,*,#3039,.T.);
#2969=ORIENTED_EDGE('',*,*,#4252,.F.);
#2970=ORIENTED_EDGE('',*,*,#3484,.F.);
#2971=ORIENTED_EDGE('',*,*,#4253,.T.);
#2972=ORIENTED_EDGE('',*,*,#4253,.F.);
#2973=ORIENTED_EDGE('',*,*,#3483,.T.);
#2974=ORIENTED_EDGE('',*,*,#4250,.T.);
#2975=ORIENTED_EDGE('',*,*,#3036,.F.);
#2976=ORIENTED_EDGE('',*,*,#4254,.F.);
#2977=ORIENTED_EDGE('',*,*,#3478,.T.);
#2978=ORIENTED_EDGE('',*,*,#4255,.T.);
#2979=ORIENTED_EDGE('',*,*,#3033,.F.);
#2980=ORIENTED_EDGE('',*,*,#3034,.T.);
#2981=ORIENTED_EDGE('',*,*,#4255,.F.);
#2982=ORIENTED_EDGE('',*,*,#3481,.F.);
#2983=ORIENTED_EDGE('',*,*,#4256,.T.);
#2984=ORIENTED_EDGE('',*,*,#3035,.T.);
#2985=ORIENTED_EDGE('',*,*,#4256,.F.);
#2986=ORIENTED_EDGE('',*,*,#3480,.F.);
#2987=ORIENTED_EDGE('',*,*,#4257,.T.);
#2988=ORIENTED_EDGE('',*,*,#4257,.F.);
#2989=ORIENTED_EDGE('',*,*,#3479,.T.);
#2990=ORIENTED_EDGE('',*,*,#4254,.T.);
#2991=ORIENTED_EDGE('',*,*,#3032,.F.);
#2992=ORIENTED_EDGE('',*,*,#4258,.F.);
#2993=ORIENTED_EDGE('',*,*,#3474,.T.);
#2994=ORIENTED_EDGE('',*,*,#4259,.T.);
#2995=ORIENTED_EDGE('',*,*,#3029,.F.);
#2996=ORIENTED_EDGE('',*,*,#3030,.T.);
#2997=ORIENTED_EDGE('',*,*,#4259,.F.);
#2998=ORIENTED_EDGE('',*,*,#3477,.F.);
#2999=ORIENTED_EDGE('',*,*,#4260,.T.);
#3000=ORIENTED_EDGE('',*,*,#3031,.T.);
#3001=ORIENTED_EDGE('',*,*,#4260,.F.);
#3002=ORIENTED_EDGE('',*,*,#3476,.F.);
#3003=ORIENTED_EDGE('',*,*,#4261,.T.);
#3004=ORIENTED_EDGE('',*,*,#4261,.F.);
#3005=ORIENTED_EDGE('',*,*,#3475,.T.);
#3006=ORIENTED_EDGE('',*,*,#4258,.T.);
#3007=ORIENTED_EDGE('',*,*,#3028,.F.);
#3008=ORIENTED_EDGE('',*,*,#4262,.F.);
#3009=ORIENTED_EDGE('',*,*,#3470,.T.);
#3010=ORIENTED_EDGE('',*,*,#4263,.T.);
#3011=ORIENTED_EDGE('',*,*,#3025,.F.);
#3012=ORIENTED_EDGE('',*,*,#3026,.T.);
#3013=ORIENTED_EDGE('',*,*,#4263,.F.);
#3014=ORIENTED_EDGE('',*,*,#3473,.F.);
#3015=ORIENTED_EDGE('',*,*,#4264,.T.);
#3016=ORIENTED_EDGE('',*,*,#3027,.T.);
#3017=ORIENTED_EDGE('',*,*,#4264,.F.);
#3018=ORIENTED_EDGE('',*,*,#3472,.F.);
#3019=ORIENTED_EDGE('',*,*,#4265,.T.);
#3020=ORIENTED_EDGE('',*,*,#4265,.F.);
#3021=ORIENTED_EDGE('',*,*,#3471,.T.);
#3022=ORIENTED_EDGE('',*,*,#4262,.T.);
#3023=ORIENTED_EDGE('',*,*,#3024,.F.);
#3024=EDGE_CURVE('',#4266,#4267,#5158,.T.);
#3025=EDGE_CURVE('',#4267,#4268,#5159,.T.);
#3026=EDGE_CURVE('',#4269,#4268,#5160,.T.);
#3027=EDGE_CURVE('',#4266,#4269,#5161,.T.);
#3028=EDGE_CURVE('',#4270,#4271,#5162,.T.);
#3029=EDGE_CURVE('',#4271,#4272,#5163,.T.);
#3030=EDGE_CURVE('',#4273,#4272,#5164,.T.);
#3031=EDGE_CURVE('',#4270,#4273,#5165,.T.);
#3032=EDGE_CURVE('',#4274,#4275,#5166,.T.);
#3033=EDGE_CURVE('',#4275,#4276,#5167,.T.);
#3034=EDGE_CURVE('',#4277,#4276,#5168,.T.);
#3035=EDGE_CURVE('',#4274,#4277,#5169,.T.);
#3036=EDGE_CURVE('',#4278,#4279,#5170,.T.);
#3037=EDGE_CURVE('',#4279,#4280,#5171,.T.);
#3038=EDGE_CURVE('',#4281,#4280,#5172,.T.);
#3039=EDGE_CURVE('',#4278,#4281,#5173,.T.);
#3040=EDGE_CURVE('',#4282,#4283,#5174,.T.);
#3041=EDGE_CURVE('',#4283,#4284,#5175,.T.);
#3042=EDGE_CURVE('',#4285,#4284,#5176,.T.);
#3043=EDGE_CURVE('',#4282,#4285,#5177,.T.);
#3044=EDGE_CURVE('',#4286,#4287,#5178,.T.);
#3045=EDGE_CURVE('',#4287,#4288,#5179,.T.);
#3046=EDGE_CURVE('',#4289,#4288,#5180,.T.);
#3047=EDGE_CURVE('',#4286,#4289,#5181,.T.);
#3048=EDGE_CURVE('',#4290,#4291,#5182,.T.);
#3049=EDGE_CURVE('',#4291,#4292,#5183,.T.);
#3050=EDGE_CURVE('',#4293,#4292,#5184,.T.);
#3051=EDGE_CURVE('',#4290,#4293,#5185,.T.);
#3052=EDGE_CURVE('',#4294,#4295,#5186,.T.);
#3053=EDGE_CURVE('',#4295,#4296,#5187,.T.);
#3054=EDGE_CURVE('',#4297,#4296,#5188,.T.);
#3055=EDGE_CURVE('',#4294,#4297,#5189,.T.);
#3056=EDGE_CURVE('',#4298,#4299,#5190,.T.);
#3057=EDGE_CURVE('',#4299,#4300,#5191,.T.);
#3058=EDGE_CURVE('',#4301,#4300,#5192,.T.);
#3059=EDGE_CURVE('',#4298,#4301,#5193,.T.);
#3060=EDGE_CURVE('',#4302,#4303,#5194,.T.);
#3061=EDGE_CURVE('',#4303,#4304,#5195,.T.);
#3062=EDGE_CURVE('',#4305,#4304,#5196,.T.);
#3063=EDGE_CURVE('',#4302,#4305,#5197,.T.);
#3064=EDGE_CURVE('',#4306,#4307,#5198,.T.);
#3065=EDGE_CURVE('',#4307,#4308,#5199,.T.);
#3066=EDGE_CURVE('',#4309,#4308,#5200,.T.);
#3067=EDGE_CURVE('',#4306,#4309,#5201,.T.);
#3068=EDGE_CURVE('',#4310,#4311,#5202,.T.);
#3069=EDGE_CURVE('',#4311,#4312,#5203,.T.);
#3070=EDGE_CURVE('',#4313,#4312,#5204,.T.);
#3071=EDGE_CURVE('',#4310,#4313,#5205,.T.);
#3072=EDGE_CURVE('',#4314,#4315,#5206,.T.);
#3073=EDGE_CURVE('',#4315,#4316,#5207,.T.);
#3074=EDGE_CURVE('',#4317,#4316,#5208,.T.);
#3075=EDGE_CURVE('',#4314,#4317,#5209,.T.);
#3076=EDGE_CURVE('',#4318,#4319,#5210,.T.);
#3077=EDGE_CURVE('',#4319,#4320,#5211,.T.);
#3078=EDGE_CURVE('',#4321,#4320,#5212,.T.);
#3079=EDGE_CURVE('',#4318,#4321,#5213,.T.);
#3080=EDGE_CURVE('',#4322,#4323,#5214,.T.);
#3081=EDGE_CURVE('',#4323,#4324,#5215,.T.);
#3082=EDGE_CURVE('',#4325,#4324,#5216,.T.);
#3083=EDGE_CURVE('',#4322,#4325,#5217,.T.);
#3084=EDGE_CURVE('',#4326,#4327,#5218,.T.);
#3085=EDGE_CURVE('',#4327,#4328,#5219,.T.);
#3086=EDGE_CURVE('',#4329,#4328,#5220,.T.);
#3087=EDGE_CURVE('',#4326,#4329,#5221,.T.);
#3088=EDGE_CURVE('',#4330,#4331,#5222,.T.);
#3089=EDGE_CURVE('',#4331,#4332,#5223,.T.);
#3090=EDGE_CURVE('',#4333,#4332,#5224,.T.);
#3091=EDGE_CURVE('',#4330,#4333,#5225,.T.);
#3092=EDGE_CURVE('',#4334,#4335,#5226,.T.);
#3093=EDGE_CURVE('',#4335,#4336,#5227,.T.);
#3094=EDGE_CURVE('',#4337,#4336,#5228,.T.);
#3095=EDGE_CURVE('',#4334,#4337,#5229,.T.);
#3096=EDGE_CURVE('',#4338,#4339,#5230,.T.);
#3097=EDGE_CURVE('',#4339,#4340,#5231,.T.);
#3098=EDGE_CURVE('',#4341,#4340,#5232,.T.);
#3099=EDGE_CURVE('',#4338,#4341,#5233,.T.);
#3100=EDGE_CURVE('',#4342,#4343,#5234,.T.);
#3101=EDGE_CURVE('',#4343,#4344,#5235,.T.);
#3102=EDGE_CURVE('',#4345,#4344,#5236,.T.);
#3103=EDGE_CURVE('',#4342,#4345,#5237,.T.);
#3104=EDGE_CURVE('',#4346,#4347,#5238,.T.);
#3105=EDGE_CURVE('',#4347,#4348,#5239,.T.);
#3106=EDGE_CURVE('',#4349,#4348,#5240,.T.);
#3107=EDGE_CURVE('',#4346,#4349,#5241,.T.);
#3108=EDGE_CURVE('',#4350,#4351,#5242,.T.);
#3109=EDGE_CURVE('',#4351,#4352,#5243,.T.);
#3110=EDGE_CURVE('',#4353,#4352,#5244,.T.);
#3111=EDGE_CURVE('',#4350,#4353,#5245,.T.);
#3112=EDGE_CURVE('',#4354,#4355,#5246,.T.);
#3113=EDGE_CURVE('',#4355,#4356,#5247,.T.);
#3114=EDGE_CURVE('',#4357,#4356,#5248,.T.);
#3115=EDGE_CURVE('',#4354,#4357,#5249,.T.);
#3116=EDGE_CURVE('',#4358,#4359,#5250,.T.);
#3117=EDGE_CURVE('',#4359,#4360,#5251,.T.);
#3118=EDGE_CURVE('',#4361,#4360,#5252,.T.);
#3119=EDGE_CURVE('',#4358,#4361,#5253,.T.);
#3120=EDGE_CURVE('',#4362,#4363,#5254,.T.);
#3121=EDGE_CURVE('',#4363,#4364,#5255,.T.);
#3122=EDGE_CURVE('',#4365,#4364,#5256,.T.);
#3123=EDGE_CURVE('',#4362,#4365,#5257,.T.);
#3124=EDGE_CURVE('',#4366,#4367,#5258,.T.);
#3125=EDGE_CURVE('',#4367,#4368,#5259,.T.);
#3126=EDGE_CURVE('',#4369,#4368,#5260,.T.);
#3127=EDGE_CURVE('',#4366,#4369,#5261,.T.);
#3128=EDGE_CURVE('',#4370,#4371,#5262,.T.);
#3129=EDGE_CURVE('',#4371,#4372,#5263,.T.);
#3130=EDGE_CURVE('',#4373,#4372,#5264,.T.);
#3131=EDGE_CURVE('',#4370,#4373,#5265,.T.);
#3132=EDGE_CURVE('',#4374,#4375,#5266,.T.);
#3133=EDGE_CURVE('',#4375,#4376,#5267,.T.);
#3134=EDGE_CURVE('',#4377,#4376,#5268,.T.);
#3135=EDGE_CURVE('',#4374,#4377,#5269,.T.);
#3136=EDGE_CURVE('',#4378,#4379,#5270,.T.);
#3137=EDGE_CURVE('',#4379,#4380,#5271,.T.);
#3138=EDGE_CURVE('',#4381,#4380,#5272,.T.);
#3139=EDGE_CURVE('',#4378,#4381,#5273,.T.);
#3140=EDGE_CURVE('',#4382,#4382,#188,.F.);
#3141=EDGE_CURVE('',#4383,#4383,#189,.F.);
#3142=EDGE_CURVE('',#4384,#4384,#190,.F.);
#3143=EDGE_CURVE('',#4385,#4385,#191,.F.);
#3144=EDGE_CURVE('',#4386,#4386,#192,.F.);
#3145=EDGE_CURVE('',#4387,#4387,#193,.F.);
#3146=EDGE_CURVE('',#4388,#4388,#194,.F.);
#3147=EDGE_CURVE('',#4389,#4389,#195,.F.);
#3148=EDGE_CURVE('',#4390,#4390,#196,.F.);
#3149=EDGE_CURVE('',#4391,#4391,#197,.F.);
#3150=EDGE_CURVE('',#4392,#4392,#198,.F.);
#3151=EDGE_CURVE('',#4393,#4393,#199,.F.);
#3152=EDGE_CURVE('',#4394,#4394,#200,.F.);
#3153=EDGE_CURVE('',#4395,#4395,#201,.F.);
#3154=EDGE_CURVE('',#4396,#4396,#202,.F.);
#3155=EDGE_CURVE('',#4397,#4397,#203,.F.);
#3156=EDGE_CURVE('',#4398,#4398,#204,.F.);
#3157=EDGE_CURVE('',#4399,#4399,#205,.F.);
#3158=EDGE_CURVE('',#4400,#4400,#206,.F.);
#3159=EDGE_CURVE('',#4401,#4401,#207,.F.);
#3160=EDGE_CURVE('',#4402,#4402,#208,.F.);
#3161=EDGE_CURVE('',#4403,#4403,#209,.F.);
#3162=EDGE_CURVE('',#4404,#4404,#210,.F.);
#3163=EDGE_CURVE('',#4405,#4405,#211,.F.);
#3164=EDGE_CURVE('',#4406,#4406,#212,.F.);
#3165=EDGE_CURVE('',#4407,#4407,#213,.F.);
#3166=EDGE_CURVE('',#4408,#4408,#214,.F.);
#3167=EDGE_CURVE('',#4409,#4409,#215,.F.);
#3168=EDGE_CURVE('',#4410,#4410,#216,.F.);
#3169=EDGE_CURVE('',#4411,#4411,#217,.F.);
#3170=EDGE_CURVE('',#4412,#4412,#218,.F.);
#3171=EDGE_CURVE('',#4413,#4413,#219,.F.);
#3172=EDGE_CURVE('',#4414,#4414,#220,.F.);
#3173=EDGE_CURVE('',#4415,#4415,#221,.F.);
#3174=EDGE_CURVE('',#4416,#4416,#222,.F.);
#3175=EDGE_CURVE('',#4417,#4417,#223,.F.);
#3176=EDGE_CURVE('',#4418,#4418,#224,.F.);
#3177=EDGE_CURVE('',#4419,#4419,#225,.F.);
#3178=EDGE_CURVE('',#4420,#4420,#226,.F.);
#3179=EDGE_CURVE('',#4421,#4421,#227,.F.);
#3180=EDGE_CURVE('',#4422,#4422,#228,.F.);
#3181=EDGE_CURVE('',#4423,#4423,#229,.F.);
#3182=EDGE_CURVE('',#4424,#4424,#230,.F.);
#3183=EDGE_CURVE('',#4425,#4425,#231,.F.);
#3184=EDGE_CURVE('',#4426,#4426,#232,.F.);
#3185=EDGE_CURVE('',#4427,#4427,#233,.F.);
#3186=EDGE_CURVE('',#4428,#4428,#234,.F.);
#3187=EDGE_CURVE('',#4429,#4429,#235,.F.);
#3188=EDGE_CURVE('',#4430,#4430,#236,.F.);
#3189=EDGE_CURVE('',#4431,#4431,#237,.F.);
#3190=EDGE_CURVE('',#4432,#4432,#238,.F.);
#3191=EDGE_CURVE('',#4433,#4433,#239,.F.);
#3192=EDGE_CURVE('',#4434,#4434,#240,.F.);
#3193=EDGE_CURVE('',#4435,#4435,#241,.F.);
#3194=EDGE_CURVE('',#4436,#4436,#242,.F.);
#3195=EDGE_CURVE('',#4437,#4437,#243,.F.);
#3196=EDGE_CURVE('',#4438,#4438,#244,.F.);
#3197=EDGE_CURVE('',#4439,#4439,#245,.F.);
#3198=EDGE_CURVE('',#4440,#4440,#246,.F.);
#3199=EDGE_CURVE('',#4441,#4441,#247,.F.);
#3200=EDGE_CURVE('',#4442,#4442,#248,.F.);
#3201=EDGE_CURVE('',#4443,#4443,#249,.F.);
#3202=EDGE_CURVE('',#4444,#4444,#250,.F.);
#3203=EDGE_CURVE('',#4445,#4445,#251,.F.);
#3204=EDGE_CURVE('',#4446,#4446,#252,.F.);
#3205=EDGE_CURVE('',#4447,#4447,#253,.F.);
#3206=EDGE_CURVE('',#4448,#4448,#254,.F.);
#3207=EDGE_CURVE('',#4449,#4449,#255,.F.);
#3208=EDGE_CURVE('',#4450,#4450,#256,.F.);
#3209=EDGE_CURVE('',#4451,#4451,#257,.F.);
#3210=EDGE_CURVE('',#4452,#4452,#258,.F.);
#3211=EDGE_CURVE('',#4453,#4453,#259,.F.);
#3212=EDGE_CURVE('',#4454,#4454,#260,.F.);
#3213=EDGE_CURVE('',#4455,#4455,#261,.F.);
#3214=EDGE_CURVE('',#4456,#4456,#262,.F.);
#3215=EDGE_CURVE('',#4457,#4457,#263,.F.);
#3216=EDGE_CURVE('',#4458,#4458,#264,.F.);
#3217=EDGE_CURVE('',#4459,#4459,#265,.F.);
#3218=EDGE_CURVE('',#4460,#4460,#266,.F.);
#3219=EDGE_CURVE('',#4461,#4461,#267,.F.);
#3220=EDGE_CURVE('',#4462,#4462,#268,.F.);
#3221=EDGE_CURVE('',#4463,#4463,#269,.F.);
#3222=EDGE_CURVE('',#4464,#4464,#270,.F.);
#3223=EDGE_CURVE('',#4465,#4465,#271,.F.);
#3224=EDGE_CURVE('',#4466,#4466,#272,.F.);
#3225=EDGE_CURVE('',#4467,#4467,#273,.F.);
#3226=EDGE_CURVE('',#4468,#4468,#274,.F.);
#3227=EDGE_CURVE('',#4469,#4469,#275,.F.);
#3228=EDGE_CURVE('',#4470,#4470,#276,.F.);
#3229=EDGE_CURVE('',#4471,#4471,#277,.F.);
#3230=EDGE_CURVE('',#4472,#4472,#278,.F.);
#3231=EDGE_CURVE('',#4473,#4473,#279,.F.);
#3232=EDGE_CURVE('',#4474,#4474,#280,.F.);
#3233=EDGE_CURVE('',#4475,#4475,#281,.F.);
#3234=EDGE_CURVE('',#4476,#4476,#282,.F.);
#3235=EDGE_CURVE('',#4477,#4477,#283,.F.);
#3236=EDGE_CURVE('',#4478,#4479,#5274,.T.);
#3237=EDGE_CURVE('',#4479,#4480,#284,.T.);
#3238=EDGE_CURVE('',#4481,#4480,#5275,.T.);
#3239=EDGE_CURVE('',#4481,#4482,#285,.T.);
#3240=EDGE_CURVE('',#4482,#4483,#5276,.T.);
#3241=EDGE_CURVE('',#4483,#4484,#286,.T.);
#3242=EDGE_CURVE('',#4484,#4485,#5277,.T.);
#3243=EDGE_CURVE('',#4485,#4478,#287,.T.);
#3244=EDGE_CURVE('',#4486,#4487,#5278,.T.);
#3245=EDGE_CURVE('',#4486,#4488,#288,.T.);
#3246=EDGE_CURVE('',#4488,#4489,#5279,.T.);
#3247=EDGE_CURVE('',#4489,#4490,#289,.T.);
#3248=EDGE_CURVE('',#4490,#4491,#5280,.T.);
#3249=EDGE_CURVE('',#4491,#4487,#290,.T.);
#3250=EDGE_CURVE('',#4492,#4493,#5281,.T.);
#3251=EDGE_CURVE('',#4492,#4494,#291,.T.);
#3252=EDGE_CURVE('',#4495,#4494,#5282,.T.);
#3253=EDGE_CURVE('',#4495,#4496,#292,.T.);
#3254=EDGE_CURVE('',#4497,#4496,#5283,.T.);
#3255=EDGE_CURVE('',#4497,#4498,#293,.T.);
#3256=EDGE_CURVE('',#4499,#4498,#5284,.T.);
#3257=EDGE_CURVE('',#4499,#4493,#294,.T.);
#3258=EDGE_CURVE('',#4500,#4501,#295,.T.);
#3259=EDGE_CURVE('',#4501,#4502,#5285,.T.);
#3260=EDGE_CURVE('',#4502,#4503,#296,.T.);
#3261=EDGE_CURVE('',#4503,#4504,#5286,.T.);
#3262=EDGE_CURVE('',#4504,#4505,#297,.T.);
#3263=EDGE_CURVE('',#4505,#4500,#5287,.T.);
#3264=EDGE_CURVE('',#4506,#4507,#298,.T.);
#3265=EDGE_CURVE('',#4507,#4508,#5288,.T.);
#3266=EDGE_CURVE('',#4508,#4509,#299,.T.);
#3267=EDGE_CURVE('',#4510,#4509,#5289,.T.);
#3268=EDGE_CURVE('',#4510,#4511,#300,.T.);
#3269=EDGE_CURVE('',#4506,#4511,#5290,.T.);
#3270=EDGE_CURVE('',#4512,#4513,#5291,.T.);
#3271=EDGE_CURVE('',#4512,#4514,#301,.T.);
#3272=EDGE_CURVE('',#4514,#4515,#5292,.T.);
#3273=EDGE_CURVE('',#4515,#4516,#302,.T.);
#3274=EDGE_CURVE('',#4517,#4516,#5293,.T.);
#3275=EDGE_CURVE('',#4517,#4518,#303,.T.);
#3276=EDGE_CURVE('',#4519,#4518,#5294,.T.);
#3277=EDGE_CURVE('',#4519,#4513,#304,.T.);
#3278=EDGE_CURVE('',#4520,#4521,#5295,.T.);
#3279=EDGE_CURVE('',#4520,#4522,#305,.T.);
#3280=EDGE_CURVE('',#4522,#4523,#5296,.T.);
#3281=EDGE_CURVE('',#4523,#4524,#306,.T.);
#3282=EDGE_CURVE('',#4525,#4524,#5297,.T.);
#3283=EDGE_CURVE('',#4525,#4526,#307,.T.);
#3284=EDGE_CURVE('',#4526,#4527,#5298,.T.);
#3285=EDGE_CURVE('',#4527,#4521,#308,.T.);
#3286=EDGE_CURVE('',#4528,#4529,#5299,.T.);
#3287=EDGE_CURVE('',#4529,#4530,#309,.T.);
#3288=EDGE_CURVE('',#4530,#4531,#5300,.T.);
#3289=EDGE_CURVE('',#4531,#4532,#310,.T.);
#3290=EDGE_CURVE('',#4532,#4533,#5301,.T.);
#3291=EDGE_CURVE('',#4533,#4534,#311,.T.);
#3292=EDGE_CURVE('',#4534,#4535,#5302,.T.);
#3293=EDGE_CURVE('',#4535,#4528,#312,.T.);
#3294=EDGE_CURVE('',#4536,#4537,#5303,.T.);
#3295=EDGE_CURVE('',#4537,#4538,#313,.T.);
#3296=EDGE_CURVE('',#4538,#4539,#5304,.T.);
#3297=EDGE_CURVE('',#4539,#4540,#314,.T.);
#3298=EDGE_CURVE('',#4541,#4540,#5305,.T.);
#3299=EDGE_CURVE('',#4541,#4542,#315,.T.);
#3300=EDGE_CURVE('',#4543,#4542,#5306,.T.);
#3301=EDGE_CURVE('',#4543,#4536,#316,.T.);
#3302=EDGE_CURVE('',#4544,#4545,#5307,.T.);
#3303=EDGE_CURVE('',#4545,#4546,#317,.T.);
#3304=EDGE_CURVE('',#4546,#4547,#5308,.T.);
#3305=EDGE_CURVE('',#4547,#4548,#318,.T.);
#3306=EDGE_CURVE('',#4549,#4548,#5309,.T.);
#3307=EDGE_CURVE('',#4549,#4550,#319,.T.);
#3308=EDGE_CURVE('',#4550,#4551,#5310,.T.);
#3309=EDGE_CURVE('',#4551,#4544,#320,.T.);
#3310=EDGE_CURVE('',#4552,#4553,#5311,.T.);
#3311=EDGE_CURVE('',#4552,#4554,#321,.T.);
#3312=EDGE_CURVE('',#4555,#4554,#5312,.T.);
#3313=EDGE_CURVE('',#4555,#4556,#322,.T.);
#3314=EDGE_CURVE('',#4556,#4557,#5313,.T.);
#3315=EDGE_CURVE('',#4557,#4558,#323,.T.);
#3316=EDGE_CURVE('',#4559,#4558,#5314,.T.);
#3317=EDGE_CURVE('',#4559,#4553,#324,.T.);
#3318=EDGE_CURVE('',#4560,#4561,#5315,.T.);
#3319=EDGE_CURVE('',#4560,#4562,#325,.T.);
#3320=EDGE_CURVE('',#4562,#4563,#5316,.T.);
#3321=EDGE_CURVE('',#4563,#4564,#326,.T.);
#3322=EDGE_CURVE('',#4564,#4565,#5317,.T.);
#3323=EDGE_CURVE('',#4565,#4566,#327,.T.);
#3324=EDGE_CURVE('',#4567,#4566,#5318,.T.);
#3325=EDGE_CURVE('',#4567,#4561,#328,.T.);
#3326=EDGE_CURVE('',#4568,#4569,#5319,.T.);
#3327=EDGE_CURVE('',#4568,#4570,#329,.T.);
#3328=EDGE_CURVE('',#4571,#4570,#5320,.T.);
#3329=EDGE_CURVE('',#4571,#4572,#330,.T.);
#3330=EDGE_CURVE('',#4573,#4572,#5321,.T.);
#3331=EDGE_CURVE('',#4573,#4574,#331,.T.);
#3332=EDGE_CURVE('',#4574,#4575,#5322,.T.);
#3333=EDGE_CURVE('',#4575,#4569,#332,.T.);
#3334=EDGE_CURVE('',#4576,#4577,#5323,.T.);
#3335=EDGE_CURVE('',#4577,#4578,#333,.T.);
#3336=EDGE_CURVE('',#4579,#4578,#5324,.T.);
#3337=EDGE_CURVE('',#4579,#4580,#334,.T.);
#3338=EDGE_CURVE('',#4581,#4580,#5325,.T.);
#3339=EDGE_CURVE('',#4581,#4582,#335,.T.);
#3340=EDGE_CURVE('',#4583,#4582,#5326,.T.);
#3341=EDGE_CURVE('',#4583,#4576,#336,.T.);
#3342=EDGE_CURVE('',#4584,#4585,#5327,.T.);
#3343=EDGE_CURVE('',#4584,#4586,#337,.T.);
#3344=EDGE_CURVE('',#4587,#4586,#5328,.T.);
#3345=EDGE_CURVE('',#4587,#4588,#338,.T.);
#3346=EDGE_CURVE('',#4589,#4588,#5329,.T.);
#3347=EDGE_CURVE('',#4589,#4590,#339,.T.);
#3348=EDGE_CURVE('',#4591,#4590,#5330,.T.);
#3349=EDGE_CURVE('',#4591,#4585,#340,.T.);
#3350=EDGE_CURVE('',#4592,#4593,#5331,.T.);
#3351=EDGE_CURVE('',#4592,#4594,#5332,.T.);
#3352=EDGE_CURVE('',#4594,#4595,#5333,.T.);
#3353=EDGE_CURVE('',#4596,#4595,#5334,.T.);
#3354=EDGE_CURVE('',#4597,#4596,#5335,.T.);
#3355=EDGE_CURVE('',#4593,#4597,#5336,.T.);
#3356=EDGE_CURVE('',#4598,#4599,#5337,.T.);
#3357=EDGE_CURVE('',#4599,#4600,#341,.T.);
#3358=EDGE_CURVE('',#4600,#4601,#5338,.T.);
#3359=EDGE_CURVE('',#4601,#4602,#342,.T.);
#3360=EDGE_CURVE('',#4603,#4602,#5339,.T.);
#3361=EDGE_CURVE('',#4603,#4604,#343,.T.);
#3362=EDGE_CURVE('',#4604,#4605,#5340,.T.);
#3363=EDGE_CURVE('',#4605,#4598,#344,.T.);
#3364=EDGE_CURVE('',#4606,#4607,#5341,.T.);
#3365=EDGE_CURVE('',#4607,#4608,#345,.T.);
#3366=EDGE_CURVE('',#4609,#4608,#5342,.T.);
#3367=EDGE_CURVE('',#4609,#4610,#346,.T.);
#3368=EDGE_CURVE('',#4610,#4611,#5343,.T.);
#3369=EDGE_CURVE('',#4611,#4612,#347,.T.);
#3370=EDGE_CURVE('',#4613,#4612,#5344,.T.);
#3371=EDGE_CURVE('',#4613,#4606,#348,.T.);
#3372=EDGE_CURVE('',#4614,#4615,#5345,.T.);
#3373=EDGE_CURVE('',#4615,#4616,#349,.T.);
#3374=EDGE_CURVE('',#4616,#4617,#5346,.T.);
#3375=EDGE_CURVE('',#4617,#4618,#350,.T.);
#3376=EDGE_CURVE('',#4618,#4619,#5347,.T.);
#3377=EDGE_CURVE('',#4619,#4620,#351,.T.);
#3378=EDGE_CURVE('',#4620,#4621,#5348,.T.);
#3379=EDGE_CURVE('',#4621,#4614,#352,.T.);
#3380=EDGE_CURVE('',#4622,#4623,#5349,.T.);
#3381=EDGE_CURVE('',#4623,#4624,#353,.T.);
#3382=EDGE_CURVE('',#4625,#4624,#5350,.T.);
#3383=EDGE_CURVE('',#4625,#4626,#354,.T.);
#3384=EDGE_CURVE('',#4626,#4627,#5351,.T.);
#3385=EDGE_CURVE('',#4627,#4628,#355,.T.);
#3386=EDGE_CURVE('',#4628,#4629,#5352,.T.);
#3387=EDGE_CURVE('',#4629,#4622,#356,.T.);
#3388=EDGE_CURVE('',#4630,#4631,#5353,.T.);
#3389=EDGE_CURVE('',#4630,#4632,#357,.T.);
#3390=EDGE_CURVE('',#4633,#4632,#5354,.T.);
#3391=EDGE_CURVE('',#4633,#4634,#358,.T.);
#3392=EDGE_CURVE('',#4635,#4634,#5355,.T.);
#3393=EDGE_CURVE('',#4635,#4631,#359,.T.);
#3394=EDGE_CURVE('',#4636,#4637,#5356,.T.);
#3395=EDGE_CURVE('',#4637,#4638,#5357,.T.);
#3396=EDGE_CURVE('',#4639,#4638,#5358,.T.);
#3397=EDGE_CURVE('',#4636,#4639,#5359,.T.);
#3398=EDGE_CURVE('',#4640,#4641,#5360,.T.);
#3399=EDGE_CURVE('',#4641,#4642,#5361,.T.);
#3400=EDGE_CURVE('',#4643,#4642,#5362,.T.);
#3401=EDGE_CURVE('',#4640,#4643,#5363,.T.);
#3402=EDGE_CURVE('',#4644,#4645,#5364,.T.);
#3403=EDGE_CURVE('',#4645,#4646,#5365,.T.);
#3404=EDGE_CURVE('',#4647,#4646,#5366,.T.);
#3405=EDGE_CURVE('',#4644,#4647,#5367,.T.);
#3406=EDGE_CURVE('',#4648,#4649,#5368,.T.);
#3407=EDGE_CURVE('',#4649,#4650,#5369,.T.);
#3408=EDGE_CURVE('',#4651,#4650,#5370,.T.);
#3409=EDGE_CURVE('',#4648,#4651,#5371,.T.);
#3410=EDGE_CURVE('',#4652,#4653,#5372,.T.);
#3411=EDGE_CURVE('',#4653,#4654,#5373,.T.);
#3412=EDGE_CURVE('',#4655,#4654,#5374,.T.);
#3413=EDGE_CURVE('',#4652,#4655,#5375,.T.);
#3414=EDGE_CURVE('',#4656,#4657,#5376,.T.);
#3415=EDGE_CURVE('',#4657,#4658,#5377,.T.);
#3416=EDGE_CURVE('',#4659,#4658,#5378,.T.);
#3417=EDGE_CURVE('',#4656,#4659,#5379,.T.);
#3418=EDGE_CURVE('',#4660,#4661,#5380,.T.);
#3419=EDGE_CURVE('',#4661,#4662,#5381,.T.);
#3420=EDGE_CURVE('',#4663,#4662,#5382,.T.);
#3421=EDGE_CURVE('',#4660,#4663,#5383,.T.);
#3422=EDGE_CURVE('',#4664,#4665,#5384,.T.);
#3423=EDGE_CURVE('',#4665,#4666,#5385,.T.);
#3424=EDGE_CURVE('',#4667,#4666,#5386,.T.);
#3425=EDGE_CURVE('',#4664,#4667,#5387,.T.);
#3426=EDGE_CURVE('',#4668,#4669,#5388,.T.);
#3427=EDGE_CURVE('',#4669,#4670,#5389,.T.);
#3428=EDGE_CURVE('',#4671,#4670,#5390,.T.);
#3429=EDGE_CURVE('',#4668,#4671,#5391,.T.);
#3430=EDGE_CURVE('',#4672,#4673,#5392,.T.);
#3431=EDGE_CURVE('',#4673,#4674,#5393,.T.);
#3432=EDGE_CURVE('',#4675,#4674,#5394,.T.);
#3433=EDGE_CURVE('',#4672,#4675,#5395,.T.);
#3434=EDGE_CURVE('',#4676,#4677,#5396,.T.);
#3435=EDGE_CURVE('',#4677,#4678,#5397,.T.);
#3436=EDGE_CURVE('',#4679,#4678,#5398,.T.);
#3437=EDGE_CURVE('',#4676,#4679,#5399,.T.);
#3438=EDGE_CURVE('',#4680,#4681,#5400,.T.);
#3439=EDGE_CURVE('',#4681,#4682,#5401,.T.);
#3440=EDGE_CURVE('',#4683,#4682,#5402,.T.);
#3441=EDGE_CURVE('',#4680,#4683,#5403,.T.);
#3442=EDGE_CURVE('',#4684,#4685,#5404,.T.);
#3443=EDGE_CURVE('',#4685,#4686,#5405,.T.);
#3444=EDGE_CURVE('',#4687,#4686,#5406,.T.);
#3445=EDGE_CURVE('',#4684,#4687,#5407,.T.);
#3446=EDGE_CURVE('',#4688,#4689,#5408,.T.);
#3447=EDGE_CURVE('',#4689,#4690,#5409,.T.);
#3448=EDGE_CURVE('',#4691,#4690,#5410,.T.);
#3449=EDGE_CURVE('',#4688,#4691,#5411,.T.);
#3450=EDGE_CURVE('',#4692,#4693,#5412,.T.);
#3451=EDGE_CURVE('',#4693,#4694,#5413,.T.);
#3452=EDGE_CURVE('',#4695,#4694,#5414,.T.);
#3453=EDGE_CURVE('',#4692,#4695,#5415,.T.);
#3454=EDGE_CURVE('',#4696,#4697,#5416,.T.);
#3455=EDGE_CURVE('',#4696,#4698,#360,.T.);
#3456=EDGE_CURVE('',#4698,#4699,#5417,.T.);
#3457=EDGE_CURVE('',#4699,#4700,#5418,.T.);
#3458=EDGE_CURVE('',#4701,#4700,#5419,.T.);
#3459=EDGE_CURVE('',#4701,#4702,#361,.T.);
#3460=EDGE_CURVE('',#4702,#4703,#5420,.T.);
#3461=EDGE_CURVE('',#4703,#4704,#5421,.T.);
#3462=EDGE_CURVE('',#4705,#4704,#5422,.T.);
#3463=EDGE_CURVE('',#4705,#4706,#362,.T.);
#3464=EDGE_CURVE('',#4706,#4707,#5423,.T.);
#3465=EDGE_CURVE('',#4707,#4708,#5424,.T.);
#3466=EDGE_CURVE('',#4709,#4708,#5425,.T.);
#3467=EDGE_CURVE('',#4709,#4710,#363,.T.);
#3468=EDGE_CURVE('',#4710,#4711,#5426,.T.);
#3469=EDGE_CURVE('',#4711,#4697,#5427,.T.);
#3470=EDGE_CURVE('',#4712,#4713,#5428,.T.);
#3471=EDGE_CURVE('',#4714,#4712,#5429,.T.);
#3472=EDGE_CURVE('',#4714,#4715,#5430,.T.);
#3473=EDGE_CURVE('',#4715,#4713,#5431,.T.);
#3474=EDGE_CURVE('',#4716,#4717,#5432,.T.);
#3475=EDGE_CURVE('',#4718,#4716,#5433,.T.);
#3476=EDGE_CURVE('',#4718,#4719,#5434,.T.);
#3477=EDGE_CURVE('',#4719,#4717,#5435,.T.);
#3478=EDGE_CURVE('',#4720,#4721,#5436,.T.);
#3479=EDGE_CURVE('',#4722,#4720,#5437,.T.);
#3480=EDGE_CURVE('',#4722,#4723,#5438,.T.);
#3481=EDGE_CURVE('',#4723,#4721,#5439,.T.);
#3482=EDGE_CURVE('',#4724,#4725,#5440,.T.);
#3483=EDGE_CURVE('',#4726,#4724,#5441,.T.);
#3484=EDGE_CURVE('',#4726,#4727,#5442,.T.);
#3485=EDGE_CURVE('',#4727,#4725,#5443,.T.);
#3486=EDGE_CURVE('',#4728,#4729,#5444,.T.);
#3487=EDGE_CURVE('',#4730,#4728,#5445,.T.);
#3488=EDGE_CURVE('',#4730,#4731,#5446,.T.);
#3489=EDGE_CURVE('',#4731,#4729,#5447,.T.);
#3490=EDGE_CURVE('',#4732,#4733,#5448,.T.);
#3491=EDGE_CURVE('',#4734,#4732,#5449,.T.);
#3492=EDGE_CURVE('',#4734,#4735,#5450,.T.);
#3493=EDGE_CURVE('',#4735,#4733,#5451,.T.);
#3494=EDGE_CURVE('',#4736,#4737,#5452,.T.);
#3495=EDGE_CURVE('',#4738,#4736,#5453,.T.);
#3496=EDGE_CURVE('',#4738,#4739,#5454,.T.);
#3497=EDGE_CURVE('',#4739,#4737,#5455,.T.);
#3498=EDGE_CURVE('',#4740,#4741,#5456,.T.);
#3499=EDGE_CURVE('',#4742,#4740,#5457,.T.);
#3500=EDGE_CURVE('',#4742,#4743,#5458,.T.);
#3501=EDGE_CURVE('',#4743,#4741,#5459,.T.);
#3502=EDGE_CURVE('',#4744,#4745,#5460,.T.);
#3503=EDGE_CURVE('',#4746,#4744,#5461,.T.);
#3504=EDGE_CURVE('',#4746,#4747,#5462,.T.);
#3505=EDGE_CURVE('',#4747,#4745,#5463,.T.);
#3506=EDGE_CURVE('',#4748,#4749,#5464,.T.);
#3507=EDGE_CURVE('',#4750,#4748,#5465,.T.);
#3508=EDGE_CURVE('',#4750,#4751,#5466,.T.);
#3509=EDGE_CURVE('',#4751,#4749,#5467,.T.);
#3510=EDGE_CURVE('',#4752,#4753,#5468,.T.);
#3511=EDGE_CURVE('',#4754,#4752,#5469,.T.);
#3512=EDGE_CURVE('',#4754,#4755,#5470,.T.);
#3513=EDGE_CURVE('',#4755,#4753,#5471,.T.);
#3514=EDGE_CURVE('',#4756,#4757,#5472,.T.);
#3515=EDGE_CURVE('',#4758,#4756,#5473,.T.);
#3516=EDGE_CURVE('',#4758,#4759,#5474,.T.);
#3517=EDGE_CURVE('',#4759,#4757,#5475,.T.);
#3518=EDGE_CURVE('',#4760,#4761,#5476,.T.);
#3519=EDGE_CURVE('',#4762,#4760,#5477,.T.);
#3520=EDGE_CURVE('',#4762,#4763,#5478,.T.);
#3521=EDGE_CURVE('',#4763,#4761,#5479,.T.);
#3522=EDGE_CURVE('',#4764,#4765,#5480,.T.);
#3523=EDGE_CURVE('',#4766,#4764,#5481,.T.);
#3524=EDGE_CURVE('',#4766,#4767,#5482,.T.);
#3525=EDGE_CURVE('',#4767,#4765,#5483,.T.);
#3526=EDGE_CURVE('',#4768,#4769,#5484,.T.);
#3527=EDGE_CURVE('',#4770,#4768,#5485,.T.);
#3528=EDGE_CURVE('',#4770,#4771,#5486,.T.);
#3529=EDGE_CURVE('',#4771,#4769,#5487,.T.);
#3530=EDGE_CURVE('',#4772,#4773,#5488,.T.);
#3531=EDGE_CURVE('',#4774,#4772,#5489,.T.);
#3532=EDGE_CURVE('',#4774,#4775,#5490,.T.);
#3533=EDGE_CURVE('',#4775,#4773,#5491,.T.);
#3534=EDGE_CURVE('',#4776,#4777,#5492,.T.);
#3535=EDGE_CURVE('',#4778,#4776,#5493,.T.);
#3536=EDGE_CURVE('',#4778,#4779,#5494,.T.);
#3537=EDGE_CURVE('',#4779,#4777,#5495,.T.);
#3538=EDGE_CURVE('',#4780,#4781,#5496,.T.);
#3539=EDGE_CURVE('',#4782,#4780,#5497,.T.);
#3540=EDGE_CURVE('',#4782,#4783,#5498,.T.);
#3541=EDGE_CURVE('',#4783,#4781,#5499,.T.);
#3542=EDGE_CURVE('',#4784,#4785,#5500,.T.);
#3543=EDGE_CURVE('',#4786,#4784,#5501,.T.);
#3544=EDGE_CURVE('',#4786,#4787,#5502,.T.);
#3545=EDGE_CURVE('',#4787,#4785,#5503,.T.);
#3546=EDGE_CURVE('',#4788,#4789,#5504,.T.);
#3547=EDGE_CURVE('',#4790,#4788,#5505,.T.);
#3548=EDGE_CURVE('',#4790,#4791,#5506,.T.);
#3549=EDGE_CURVE('',#4791,#4789,#5507,.T.);
#3550=EDGE_CURVE('',#4792,#4793,#5508,.T.);
#3551=EDGE_CURVE('',#4794,#4792,#5509,.T.);
#3552=EDGE_CURVE('',#4794,#4795,#5510,.T.);
#3553=EDGE_CURVE('',#4795,#4793,#5511,.T.);
#3554=EDGE_CURVE('',#4796,#4797,#5512,.T.);
#3555=EDGE_CURVE('',#4798,#4796,#5513,.T.);
#3556=EDGE_CURVE('',#4798,#4799,#5514,.T.);
#3557=EDGE_CURVE('',#4799,#4797,#5515,.T.);
#3558=EDGE_CURVE('',#4800,#4801,#5516,.T.);
#3559=EDGE_CURVE('',#4802,#4800,#5517,.T.);
#3560=EDGE_CURVE('',#4802,#4803,#5518,.T.);
#3561=EDGE_CURVE('',#4803,#4801,#5519,.T.);
#3562=EDGE_CURVE('',#4804,#4805,#5520,.T.);
#3563=EDGE_CURVE('',#4806,#4804,#5521,.T.);
#3564=EDGE_CURVE('',#4806,#4807,#5522,.T.);
#3565=EDGE_CURVE('',#4807,#4805,#5523,.T.);
#3566=EDGE_CURVE('',#4808,#4809,#5524,.T.);
#3567=EDGE_CURVE('',#4810,#4808,#5525,.T.);
#3568=EDGE_CURVE('',#4810,#4811,#5526,.T.);
#3569=EDGE_CURVE('',#4811,#4809,#5527,.T.);
#3570=EDGE_CURVE('',#4812,#4813,#5528,.T.);
#3571=EDGE_CURVE('',#4814,#4812,#5529,.T.);
#3572=EDGE_CURVE('',#4814,#4815,#5530,.T.);
#3573=EDGE_CURVE('',#4815,#4813,#5531,.T.);
#3574=EDGE_CURVE('',#4816,#4817,#5532,.T.);
#3575=EDGE_CURVE('',#4818,#4816,#5533,.T.);
#3576=EDGE_CURVE('',#4818,#4819,#5534,.T.);
#3577=EDGE_CURVE('',#4819,#4817,#5535,.T.);
#3578=EDGE_CURVE('',#4820,#4821,#5536,.T.);
#3579=EDGE_CURVE('',#4822,#4820,#5537,.T.);
#3580=EDGE_CURVE('',#4822,#4823,#5538,.T.);
#3581=EDGE_CURVE('',#4823,#4821,#5539,.T.);
#3582=EDGE_CURVE('',#4824,#4825,#5540,.T.);
#3583=EDGE_CURVE('',#4826,#4824,#5541,.T.);
#3584=EDGE_CURVE('',#4826,#4827,#5542,.T.);
#3585=EDGE_CURVE('',#4827,#4825,#5543,.T.);
#3586=EDGE_CURVE('',#4828,#4829,#5544,.T.);
#3587=EDGE_CURVE('',#4830,#4828,#5545,.T.);
#3588=EDGE_CURVE('',#4830,#4831,#5546,.T.);
#3589=EDGE_CURVE('',#4831,#4829,#5547,.T.);
#3590=EDGE_CURVE('',#4832,#4833,#5548,.T.);
#3591=EDGE_CURVE('',#4834,#4832,#5549,.T.);
#3592=EDGE_CURVE('',#4834,#4835,#5550,.T.);
#3593=EDGE_CURVE('',#4835,#4833,#5551,.T.);
#3594=EDGE_CURVE('',#4836,#4837,#5552,.T.);
#3595=EDGE_CURVE('',#4838,#4836,#5553,.T.);
#3596=EDGE_CURVE('',#4838,#4839,#5554,.T.);
#3597=EDGE_CURVE('',#4839,#4837,#5555,.T.);
#3598=EDGE_CURVE('',#4840,#4841,#5556,.T.);
#3599=EDGE_CURVE('',#4842,#4840,#5557,.T.);
#3600=EDGE_CURVE('',#4842,#4843,#5558,.T.);
#3601=EDGE_CURVE('',#4843,#4841,#5559,.T.);
#3602=EDGE_CURVE('',#4844,#4845,#5560,.T.);
#3603=EDGE_CURVE('',#4846,#4844,#5561,.T.);
#3604=EDGE_CURVE('',#4846,#4847,#5562,.T.);
#3605=EDGE_CURVE('',#4847,#4845,#5563,.T.);
#3606=EDGE_CURVE('',#4848,#4849,#5564,.T.);
#3607=EDGE_CURVE('',#4850,#4848,#5565,.T.);
#3608=EDGE_CURVE('',#4850,#4851,#5566,.T.);
#3609=EDGE_CURVE('',#4851,#4849,#5567,.T.);
#3610=EDGE_CURVE('',#4852,#4853,#5568,.T.);
#3611=EDGE_CURVE('',#4854,#4852,#5569,.T.);
#3612=EDGE_CURVE('',#4854,#4855,#5570,.T.);
#3613=EDGE_CURVE('',#4855,#4853,#5571,.T.);
#3614=EDGE_CURVE('',#4856,#4857,#5572,.T.);
#3615=EDGE_CURVE('',#4858,#4856,#5573,.T.);
#3616=EDGE_CURVE('',#4858,#4859,#5574,.T.);
#3617=EDGE_CURVE('',#4859,#4857,#5575,.T.);
#3618=EDGE_CURVE('',#4860,#4861,#5576,.T.);
#3619=EDGE_CURVE('',#4862,#4860,#5577,.T.);
#3620=EDGE_CURVE('',#4862,#4863,#5578,.T.);
#3621=EDGE_CURVE('',#4863,#4861,#5579,.T.);
#3622=EDGE_CURVE('',#4864,#4865,#5580,.T.);
#3623=EDGE_CURVE('',#4866,#4864,#5581,.T.);
#3624=EDGE_CURVE('',#4866,#4867,#5582,.T.);
#3625=EDGE_CURVE('',#4867,#4865,#5583,.T.);
#3626=EDGE_CURVE('',#4868,#4869,#5584,.T.);
#3627=EDGE_CURVE('',#4870,#4868,#5585,.T.);
#3628=EDGE_CURVE('',#4870,#4871,#5586,.T.);
#3629=EDGE_CURVE('',#4871,#4869,#5587,.T.);
#3630=EDGE_CURVE('',#4872,#4873,#5588,.T.);
#3631=EDGE_CURVE('',#4874,#4872,#5589,.T.);
#3632=EDGE_CURVE('',#4874,#4875,#5590,.T.);
#3633=EDGE_CURVE('',#4875,#4873,#5591,.T.);
#3634=EDGE_CURVE('',#4876,#4877,#5592,.T.);
#3635=EDGE_CURVE('',#4878,#4876,#5593,.T.);
#3636=EDGE_CURVE('',#4878,#4879,#5594,.T.);
#3637=EDGE_CURVE('',#4879,#4877,#5595,.T.);
#3638=EDGE_CURVE('',#4880,#4881,#5596,.T.);
#3639=EDGE_CURVE('',#4882,#4880,#5597,.T.);
#3640=EDGE_CURVE('',#4882,#4883,#5598,.T.);
#3641=EDGE_CURVE('',#4883,#4881,#5599,.T.);
#3642=EDGE_CURVE('',#4884,#4885,#5600,.T.);
#3643=EDGE_CURVE('',#4886,#4884,#5601,.T.);
#3644=EDGE_CURVE('',#4886,#4887,#5602,.T.);
#3645=EDGE_CURVE('',#4887,#4885,#5603,.T.);
#3646=EDGE_CURVE('',#4888,#4888,#364,.T.);
#3647=EDGE_CURVE('',#4889,#4889,#365,.T.);
#3648=EDGE_CURVE('',#4890,#4890,#366,.T.);
#3649=EDGE_CURVE('',#4891,#4891,#367,.T.);
#3650=EDGE_CURVE('',#4892,#4892,#368,.T.);
#3651=EDGE_CURVE('',#4893,#4893,#369,.T.);
#3652=EDGE_CURVE('',#4894,#4894,#370,.T.);
#3653=EDGE_CURVE('',#4895,#4895,#371,.T.);
#3654=EDGE_CURVE('',#4896,#4896,#372,.T.);
#3655=EDGE_CURVE('',#4897,#4897,#373,.T.);
#3656=EDGE_CURVE('',#4898,#4898,#374,.T.);
#3657=EDGE_CURVE('',#4899,#4899,#375,.T.);
#3658=EDGE_CURVE('',#4900,#4900,#376,.T.);
#3659=EDGE_CURVE('',#4901,#4901,#377,.T.);
#3660=EDGE_CURVE('',#4902,#4902,#378,.T.);
#3661=EDGE_CURVE('',#4903,#4903,#379,.T.);
#3662=EDGE_CURVE('',#4904,#4904,#380,.T.);
#3663=EDGE_CURVE('',#4905,#4905,#381,.T.);
#3664=EDGE_CURVE('',#4906,#4906,#382,.T.);
#3665=EDGE_CURVE('',#4907,#4907,#383,.T.);
#3666=EDGE_CURVE('',#4908,#4908,#384,.T.);
#3667=EDGE_CURVE('',#4909,#4909,#385,.T.);
#3668=EDGE_CURVE('',#4910,#4910,#386,.T.);
#3669=EDGE_CURVE('',#4911,#4911,#387,.T.);
#3670=EDGE_CURVE('',#4912,#4912,#388,.T.);
#3671=EDGE_CURVE('',#4913,#4913,#389,.T.);
#3672=EDGE_CURVE('',#4914,#4914,#390,.T.);
#3673=EDGE_CURVE('',#4915,#4915,#391,.T.);
#3674=EDGE_CURVE('',#4916,#4916,#392,.T.);
#3675=EDGE_CURVE('',#4917,#4917,#393,.T.);
#3676=EDGE_CURVE('',#4918,#4918,#394,.T.);
#3677=EDGE_CURVE('',#4919,#4919,#395,.T.);
#3678=EDGE_CURVE('',#4920,#4920,#396,.T.);
#3679=EDGE_CURVE('',#4921,#4921,#397,.T.);
#3680=EDGE_CURVE('',#4922,#4922,#398,.T.);
#3681=EDGE_CURVE('',#4923,#4923,#399,.T.);
#3682=EDGE_CURVE('',#4924,#4924,#400,.T.);
#3683=EDGE_CURVE('',#4925,#4925,#401,.T.);
#3684=EDGE_CURVE('',#4926,#4926,#402,.T.);
#3685=EDGE_CURVE('',#4927,#4927,#403,.T.);
#3686=EDGE_CURVE('',#4928,#4928,#404,.T.);
#3687=EDGE_CURVE('',#4929,#4929,#405,.T.);
#3688=EDGE_CURVE('',#4930,#4930,#406,.T.);
#3689=EDGE_CURVE('',#4931,#4931,#407,.T.);
#3690=EDGE_CURVE('',#4932,#4932,#408,.T.);
#3691=EDGE_CURVE('',#4933,#4933,#409,.T.);
#3692=EDGE_CURVE('',#4934,#4934,#410,.T.);
#3693=EDGE_CURVE('',#4935,#4935,#411,.T.);
#3694=EDGE_CURVE('',#4936,#4936,#412,.T.);
#3695=EDGE_CURVE('',#4937,#4937,#413,.T.);
#3696=EDGE_CURVE('',#4938,#4938,#414,.T.);
#3697=EDGE_CURVE('',#4939,#4939,#415,.T.);
#3698=EDGE_CURVE('',#4940,#4940,#416,.T.);
#3699=EDGE_CURVE('',#4941,#4941,#417,.T.);
#3700=EDGE_CURVE('',#4942,#4942,#418,.T.);
#3701=EDGE_CURVE('',#4943,#4943,#419,.T.);
#3702=EDGE_CURVE('',#4944,#4944,#420,.T.);
#3703=EDGE_CURVE('',#4945,#4945,#421,.T.);
#3704=EDGE_CURVE('',#4946,#4946,#422,.T.);
#3705=EDGE_CURVE('',#4947,#4947,#423,.T.);
#3706=EDGE_CURVE('',#4948,#4948,#424,.T.);
#3707=EDGE_CURVE('',#4949,#4949,#425,.T.);
#3708=EDGE_CURVE('',#4950,#4950,#426,.T.);
#3709=EDGE_CURVE('',#4951,#4951,#427,.T.);
#3710=EDGE_CURVE('',#4952,#4952,#428,.T.);
#3711=EDGE_CURVE('',#4953,#4953,#429,.T.);
#3712=EDGE_CURVE('',#4954,#4954,#430,.T.);
#3713=EDGE_CURVE('',#4955,#4955,#431,.T.);
#3714=EDGE_CURVE('',#4956,#4956,#432,.T.);
#3715=EDGE_CURVE('',#4957,#4957,#433,.T.);
#3716=EDGE_CURVE('',#4958,#4958,#434,.T.);
#3717=EDGE_CURVE('',#4959,#4959,#435,.T.);
#3718=EDGE_CURVE('',#4960,#4960,#436,.T.);
#3719=EDGE_CURVE('',#4961,#4961,#437,.T.);
#3720=EDGE_CURVE('',#4962,#4962,#438,.T.);
#3721=EDGE_CURVE('',#4963,#4963,#439,.T.);
#3722=EDGE_CURVE('',#4964,#4964,#440,.T.);
#3723=EDGE_CURVE('',#4965,#4965,#441,.T.);
#3724=EDGE_CURVE('',#4966,#4966,#442,.T.);
#3725=EDGE_CURVE('',#4967,#4967,#443,.T.);
#3726=EDGE_CURVE('',#4968,#4968,#444,.T.);
#3727=EDGE_CURVE('',#4969,#4969,#445,.T.);
#3728=EDGE_CURVE('',#4970,#4970,#446,.T.);
#3729=EDGE_CURVE('',#4971,#4971,#447,.T.);
#3730=EDGE_CURVE('',#4972,#4972,#448,.T.);
#3731=EDGE_CURVE('',#4973,#4973,#449,.T.);
#3732=EDGE_CURVE('',#4974,#4974,#450,.T.);
#3733=EDGE_CURVE('',#4975,#4975,#451,.T.);
#3734=EDGE_CURVE('',#4976,#4976,#452,.T.);
#3735=EDGE_CURVE('',#4977,#4977,#453,.T.);
#3736=EDGE_CURVE('',#4978,#4978,#454,.T.);
#3737=EDGE_CURVE('',#4979,#4979,#455,.T.);
#3738=EDGE_CURVE('',#4980,#4980,#456,.T.);
#3739=EDGE_CURVE('',#4981,#4981,#457,.T.);
#3740=EDGE_CURVE('',#4982,#4982,#458,.T.);
#3741=EDGE_CURVE('',#4983,#4983,#459,.T.);
#3742=EDGE_CURVE('',#4984,#4985,#460,.T.);
#3743=EDGE_CURVE('',#4984,#4986,#5604,.T.);
#3744=EDGE_CURVE('',#4987,#4986,#461,.T.);
#3745=EDGE_CURVE('',#4988,#4987,#5605,.T.);
#3746=EDGE_CURVE('',#4989,#4988,#462,.T.);
#3747=EDGE_CURVE('',#4990,#4989,#5606,.T.);
#3748=EDGE_CURVE('',#4991,#4990,#463,.T.);
#3749=EDGE_CURVE('',#4985,#4991,#5607,.T.);
#3750=EDGE_CURVE('',#4992,#4993,#464,.T.);
#3751=EDGE_CURVE('',#4992,#4994,#5608,.T.);
#3752=EDGE_CURVE('',#4995,#4994,#465,.T.);
#3753=EDGE_CURVE('',#4996,#4995,#5609,.T.);
#3754=EDGE_CURVE('',#4997,#4996,#466,.T.);
#3755=EDGE_CURVE('',#4998,#4997,#5610,.T.);
#3756=EDGE_CURVE('',#4999,#4998,#467,.T.);
#3757=EDGE_CURVE('',#4993,#4999,#5611,.T.);
#3758=EDGE_CURVE('',#5000,#5001,#468,.T.);
#3759=EDGE_CURVE('',#5002,#5000,#5612,.T.);
#3760=EDGE_CURVE('',#5003,#5002,#469,.T.);
#3761=EDGE_CURVE('',#5004,#5003,#5613,.T.);
#3762=EDGE_CURVE('',#5005,#5004,#470,.T.);
#3763=EDGE_CURVE('',#5006,#5005,#5614,.T.);
#3764=EDGE_CURVE('',#5007,#5006,#471,.T.);
#3765=EDGE_CURVE('',#5001,#5007,#5615,.T.);
#3766=EDGE_CURVE('',#5008,#5009,#472,.T.);
#3767=EDGE_CURVE('',#5008,#5010,#5616,.T.);
#3768=EDGE_CURVE('',#5011,#5010,#473,.T.);
#3769=EDGE_CURVE('',#5012,#5011,#5617,.T.);
#3770=EDGE_CURVE('',#5013,#5012,#474,.T.);
#3771=EDGE_CURVE('',#5013,#5014,#5618,.T.);
#3772=EDGE_CURVE('',#5015,#5014,#475,.T.);
#3773=EDGE_CURVE('',#5009,#5015,#5619,.T.);
#3774=EDGE_CURVE('',#5016,#5017,#476,.T.);
#3775=EDGE_CURVE('',#5018,#5016,#5620,.T.);
#3776=EDGE_CURVE('',#5019,#5018,#477,.T.);
#3777=EDGE_CURVE('',#5020,#5019,#5621,.T.);
#3778=EDGE_CURVE('',#5021,#5020,#478,.T.);
#3779=EDGE_CURVE('',#5022,#5021,#5622,.T.);
#3780=EDGE_CURVE('',#5023,#5022,#479,.T.);
#3781=EDGE_CURVE('',#5023,#5017,#5623,.T.);
#3782=EDGE_CURVE('',#5024,#5025,#480,.T.);
#3783=EDGE_CURVE('',#5024,#5026,#5624,.T.);
#3784=EDGE_CURVE('',#5027,#5026,#481,.T.);
#3785=EDGE_CURVE('',#5028,#5027,#5625,.T.);
#3786=EDGE_CURVE('',#5029,#5028,#482,.T.);
#3787=EDGE_CURVE('',#5025,#5029,#5626,.T.);
#3788=EDGE_CURVE('',#5030,#5031,#483,.T.);
#3789=EDGE_CURVE('',#5030,#5032,#5627,.T.);
#3790=EDGE_CURVE('',#5033,#5032,#484,.T.);
#3791=EDGE_CURVE('',#5033,#5034,#5628,.T.);
#3792=EDGE_CURVE('',#5035,#5034,#485,.T.);
#3793=EDGE_CURVE('',#5035,#5036,#5629,.T.);
#3794=EDGE_CURVE('',#5037,#5036,#486,.T.);
#3795=EDGE_CURVE('',#5037,#5031,#5630,.T.);
#3796=EDGE_CURVE('',#5038,#5039,#5631,.T.);
#3797=EDGE_CURVE('',#5040,#5038,#487,.T.);
#3798=EDGE_CURVE('',#5041,#5040,#5632,.T.);
#3799=EDGE_CURVE('',#5042,#5041,#488,.T.);
#3800=EDGE_CURVE('',#5043,#5042,#5633,.T.);
#3801=EDGE_CURVE('',#5039,#5043,#489,.T.);
#3802=EDGE_CURVE('',#5044,#5045,#490,.T.);
#3803=EDGE_CURVE('',#5046,#5044,#5634,.T.);
#3804=EDGE_CURVE('',#5047,#5046,#491,.T.);
#3805=EDGE_CURVE('',#5047,#5048,#5635,.T.);
#3806=EDGE_CURVE('',#5049,#5048,#492,.T.);
#3807=EDGE_CURVE('',#5049,#5045,#5636,.T.);
#3808=EDGE_CURVE('',#5050,#5051,#493,.T.);
#3809=EDGE_CURVE('',#5052,#5050,#5637,.T.);
#3810=EDGE_CURVE('',#5053,#5052,#494,.T.);
#3811=EDGE_CURVE('',#5053,#5054,#5638,.T.);
#3812=EDGE_CURVE('',#5055,#5054,#495,.T.);
#3813=EDGE_CURVE('',#5055,#5056,#5639,.T.);
#3814=EDGE_CURVE('',#5057,#5056,#496,.T.);
#3815=EDGE_CURVE('',#5057,#5051,#5640,.T.);
#3816=EDGE_CURVE('',#5058,#5059,#5641,.T.);
#3817=EDGE_CURVE('',#5060,#5058,#497,.T.);
#3818=EDGE_CURVE('',#5061,#5060,#5642,.T.);
#3819=EDGE_CURVE('',#5062,#5061,#498,.T.);
#3820=EDGE_CURVE('',#5063,#5062,#5643,.T.);
#3821=EDGE_CURVE('',#5064,#5063,#499,.T.);
#3822=EDGE_CURVE('',#5065,#5064,#5644,.T.);
#3823=EDGE_CURVE('',#5059,#5065,#500,.T.);
#3824=EDGE_CURVE('',#5066,#5067,#501,.T.);
#3825=EDGE_CURVE('',#5068,#5066,#5645,.T.);
#3826=EDGE_CURVE('',#5069,#5068,#502,.T.);
#3827=EDGE_CURVE('',#5070,#5069,#5646,.T.);
#3828=EDGE_CURVE('',#5071,#5070,#503,.T.);
#3829=EDGE_CURVE('',#5071,#5072,#5647,.T.);
#3830=EDGE_CURVE('',#5073,#5072,#504,.T.);
#3831=EDGE_CURVE('',#5073,#5067,#5648,.T.);
#3832=EDGE_CURVE('',#5074,#5075,#505,.T.);
#3833=EDGE_CURVE('',#5076,#5074,#5649,.T.);
#3834=EDGE_CURVE('',#5077,#5076,#506,.T.);
#3835=EDGE_CURVE('',#5078,#5077,#5650,.T.);
#3836=EDGE_CURVE('',#5079,#5078,#507,.T.);
#3837=EDGE_CURVE('',#5080,#5079,#5651,.T.);
#3838=EDGE_CURVE('',#5081,#5080,#508,.T.);
#3839=EDGE_CURVE('',#5081,#5075,#5652,.T.);
#3840=EDGE_CURVE('',#5082,#5083,#509,.T.);
#3841=EDGE_CURVE('',#5082,#5084,#5653,.T.);
#3842=EDGE_CURVE('',#5085,#5084,#510,.T.);
#3843=EDGE_CURVE('',#5085,#5086,#5654,.T.);
#3844=EDGE_CURVE('',#5087,#5086,#511,.T.);
#3845=EDGE_CURVE('',#5087,#5088,#5655,.T.);
#3846=EDGE_CURVE('',#5089,#5088,#512,.T.);
#3847=EDGE_CURVE('',#5083,#5089,#5656,.T.);
#3848=EDGE_CURVE('',#5090,#5091,#513,.T.);
#3849=EDGE_CURVE('',#5090,#5092,#5657,.T.);
#3850=EDGE_CURVE('',#5093,#5092,#514,.T.);
#3851=EDGE_CURVE('',#5093,#5094,#5658,.T.);
#3852=EDGE_CURVE('',#5095,#5094,#515,.T.);
#3853=EDGE_CURVE('',#5096,#5095,#5659,.T.);
#3854=EDGE_CURVE('',#5097,#5096,#516,.T.);
#3855=EDGE_CURVE('',#5097,#5091,#5660,.T.);
#3856=EDGE_CURVE('',#5098,#5099,#517,.T.);
#3857=EDGE_CURVE('',#5098,#5100,#5661,.T.);
#3858=EDGE_CURVE('',#5101,#5100,#518,.T.);
#3859=EDGE_CURVE('',#5102,#5101,#5662,.T.);
#3860=EDGE_CURVE('',#5103,#5102,#519,.T.);
#3861=EDGE_CURVE('',#5103,#5104,#5663,.T.);
#3862=EDGE_CURVE('',#5105,#5104,#520,.T.);
#3863=EDGE_CURVE('',#5105,#5099,#5664,.T.);
#3864=EDGE_CURVE('',#5106,#5107,#521,.T.);
#3865=EDGE_CURVE('',#5106,#5108,#5665,.T.);
#3866=EDGE_CURVE('',#5109,#5108,#522,.T.);
#3867=EDGE_CURVE('',#5109,#5110,#5666,.T.);
#3868=EDGE_CURVE('',#5111,#5110,#523,.T.);
#3869=EDGE_CURVE('',#5111,#5112,#5667,.T.);
#3870=EDGE_CURVE('',#5113,#5112,#524,.T.);
#3871=EDGE_CURVE('',#5113,#5107,#5668,.T.);
#3872=EDGE_CURVE('',#5114,#5115,#5669,.T.);
#3873=EDGE_CURVE('',#5115,#5116,#5670,.T.);
#3874=EDGE_CURVE('',#5116,#5117,#5671,.T.);
#3875=EDGE_CURVE('',#5117,#5118,#5672,.T.);
#3876=EDGE_CURVE('',#5119,#5118,#5673,.T.);
#3877=EDGE_CURVE('',#5114,#5119,#5674,.T.);
#3878=EDGE_CURVE('',#5120,#5121,#525,.T.);
#3879=EDGE_CURVE('',#5120,#5122,#5675,.T.);
#3880=EDGE_CURVE('',#5123,#5122,#526,.T.);
#3881=EDGE_CURVE('',#5123,#5124,#5676,.T.);
#3882=EDGE_CURVE('',#5125,#5124,#527,.T.);
#3883=EDGE_CURVE('',#5126,#5125,#5677,.T.);
#3884=EDGE_CURVE('',#5127,#5126,#528,.T.);
#3885=EDGE_CURVE('',#5121,#5127,#5678,.T.);
#3886=EDGE_CURVE('',#5128,#5129,#529,.T.);
#3887=EDGE_CURVE('',#5128,#5130,#5679,.T.);
#3888=EDGE_CURVE('',#5131,#5130,#530,.T.);
#3889=EDGE_CURVE('',#5132,#5131,#5680,.T.);
#3890=EDGE_CURVE('',#5133,#5132,#531,.T.);
#3891=EDGE_CURVE('',#5133,#5134,#5681,.T.);
#3892=EDGE_CURVE('',#5135,#5134,#532,.T.);
#3893=EDGE_CURVE('',#5129,#5135,#5682,.T.);
#3894=EDGE_CURVE('',#5136,#5137,#533,.T.);
#3895=EDGE_CURVE('',#5136,#5138,#5683,.T.);
#3896=EDGE_CURVE('',#5139,#5138,#534,.T.);
#3897=EDGE_CURVE('',#5139,#5140,#5684,.T.);
#3898=EDGE_CURVE('',#5141,#5140,#535,.T.);
#3899=EDGE_CURVE('',#5141,#5137,#5685,.T.);
#3900=EDGE_CURVE('',#5142,#5143,#536,.T.);
#3901=EDGE_CURVE('',#5142,#5144,#5686,.T.);
#3902=EDGE_CURVE('',#5145,#5144,#5687,.T.);
#3903=EDGE_CURVE('',#5146,#5145,#5688,.T.);
#3904=EDGE_CURVE('',#5147,#5146,#537,.T.);
#3905=EDGE_CURVE('',#5147,#5148,#5689,.T.);
#3906=EDGE_CURVE('',#5149,#5148,#5690,.T.);
#3907=EDGE_CURVE('',#5150,#5149,#5691,.T.);
#3908=EDGE_CURVE('',#5151,#5150,#538,.T.);
#3909=EDGE_CURVE('',#5151,#5152,#5692,.T.);
#3910=EDGE_CURVE('',#5153,#5152,#5693,.T.);
#3911=EDGE_CURVE('',#5154,#5153,#5694,.T.);
#3912=EDGE_CURVE('',#5155,#5154,#539,.T.);
#3913=EDGE_CURVE('',#5155,#5156,#5695,.T.);
#3914=EDGE_CURVE('',#5157,#5156,#5696,.T.);
#3915=EDGE_CURVE('',#5143,#5157,#5697,.T.);
#3916=EDGE_CURVE('',#5142,#4696,#5698,.F.);
#3917=EDGE_CURVE('',#5143,#4698,#5699,.F.);
#3918=EDGE_CURVE('',#5151,#4705,#5700,.F.);
#3919=EDGE_CURVE('',#5150,#4706,#5701,.F.);
#3920=EDGE_CURVE('',#5146,#4710,#5702,.F.);
#3921=EDGE_CURVE('',#5147,#4709,#5703,.F.);
#3922=EDGE_CURVE('',#5154,#4702,#5704,.F.);
#3923=EDGE_CURVE('',#5155,#4701,#5705,.F.);
#3924=EDGE_CURVE('',#4592,#5114,#5706,.T.);
#3925=EDGE_CURVE('',#4593,#5115,#5707,.T.);
#3926=EDGE_CURVE('',#4597,#5116,#5708,.T.);
#3927=EDGE_CURVE('',#4596,#5117,#5709,.T.);
#3928=EDGE_CURVE('',#4595,#5118,#5710,.T.);
#3929=EDGE_CURVE('',#4594,#5119,#5711,.T.);
#3930=EDGE_CURVE('',#5110,#4585,#5712,.T.);
#3931=EDGE_CURVE('',#4584,#5109,#5713,.F.);
#3932=EDGE_CURVE('',#5107,#4588,#5714,.F.);
#3933=EDGE_CURVE('',#4589,#5113,#5715,.F.);
#3934=EDGE_CURVE('',#5112,#4590,#5716,.T.);
#3935=EDGE_CURVE('',#4591,#5111,#5717,.F.);
#3936=EDGE_CURVE('',#5108,#4586,#5718,.T.);
#3937=EDGE_CURVE('',#4587,#5106,#5719,.T.);
#3938=EDGE_CURVE('',#5102,#4576,#5720,.T.);
#3939=EDGE_CURVE('',#4577,#5101,#5721,.T.);
#3940=EDGE_CURVE('',#5099,#4580,#5722,.F.);
#3941=EDGE_CURVE('',#4581,#5105,#5723,.F.);
#3942=EDGE_CURVE('',#5104,#4582,#5724,.T.);
#3943=EDGE_CURVE('',#4583,#5103,#5725,.F.);
#3944=EDGE_CURVE('',#5100,#4578,#5726,.F.);
#3945=EDGE_CURVE('',#4579,#5098,#5727,.T.);
#3946=EDGE_CURVE('',#5092,#4570,#5728,.F.);
#3947=EDGE_CURVE('',#4571,#5090,#5729,.F.);
#3948=EDGE_CURVE('',#5096,#4574,#5730,.T.);
#3949=EDGE_CURVE('',#4575,#5095,#5731,.T.);
#3950=EDGE_CURVE('',#5091,#4572,#5732,.T.);
#3951=EDGE_CURVE('',#4573,#5097,#5733,.F.);
#3952=EDGE_CURVE('',#5094,#4569,#5734,.F.);
#3953=EDGE_CURVE('',#4568,#5093,#5735,.T.);
#3954=EDGE_CURVE('',#5121,#4562,#5736,.T.);
#3955=EDGE_CURVE('',#4563,#5127,#5737,.F.);
#3956=EDGE_CURVE('',#5124,#4566,#5738,.T.);
#3957=EDGE_CURVE('',#4567,#5123,#5739,.F.);
#3958=EDGE_CURVE('',#5126,#4564,#5740,.T.);
#3959=EDGE_CURVE('',#4565,#5125,#5741,.F.);
#3960=EDGE_CURVE('',#5122,#4561,#5742,.T.);
#3961=EDGE_CURVE('',#4560,#5120,#5743,.F.);
#3962=EDGE_CURVE('',#5083,#4556,#5744,.T.);
#3963=EDGE_CURVE('',#4557,#5089,#5745,.F.);
#3964=EDGE_CURVE('',#5086,#4553,#5746,.T.);
#3965=EDGE_CURVE('',#4552,#5085,#5747,.F.);
#3966=EDGE_CURVE('',#5088,#4558,#5748,.T.);
#3967=EDGE_CURVE('',#4559,#5087,#5749,.F.);
#3968=EDGE_CURVE('',#5084,#4554,#5750,.T.);
#3969=EDGE_CURVE('',#4555,#5082,#5751,.F.);
#3970=EDGE_CURVE('',#5075,#4548,#5752,.T.);
#3971=EDGE_CURVE('',#4549,#5081,#5753,.F.);
#3972=EDGE_CURVE('',#5078,#4544,#5754,.T.);
#3973=EDGE_CURVE('',#4545,#5077,#5755,.F.);
#3974=EDGE_CURVE('',#5080,#4550,#5756,.T.);
#3975=EDGE_CURVE('',#4551,#5079,#5757,.F.);
#3976=EDGE_CURVE('',#5076,#4546,#5758,.T.);
#3977=EDGE_CURVE('',#4547,#5074,#5759,.F.);
#3978=EDGE_CURVE('',#5068,#4538,#5760,.T.);
#3979=EDGE_CURVE('',#4539,#5066,#5761,.F.);
#3980=EDGE_CURVE('',#5070,#4536,#5762,.F.);
#3981=EDGE_CURVE('',#4537,#5069,#5763,.F.);
#3982=EDGE_CURVE('',#5067,#4540,#5764,.T.);
#3983=EDGE_CURVE('',#4541,#5073,#5765,.F.);
#3984=EDGE_CURVE('',#5072,#4542,#5766,.T.);
#3985=EDGE_CURVE('',#4543,#5071,#5767,.T.);
#3986=EDGE_CURVE('',#5061,#4534,#5768,.T.);
#3987=EDGE_CURVE('',#4535,#5060,#5769,.F.);
#3988=EDGE_CURVE('',#5063,#4532,#5770,.T.);
#3989=EDGE_CURVE('',#4533,#5062,#5771,.F.);
#3990=EDGE_CURVE('',#5065,#4530,#5772,.F.);
#3991=EDGE_CURVE('',#4531,#5064,#5773,.F.);
#3992=EDGE_CURVE('',#5058,#4528,#5774,.T.);
#3993=EDGE_CURVE('',#4529,#5059,#5775,.T.);
#3994=EDGE_CURVE('',#5129,#4522,#5776,.T.);
#3995=EDGE_CURVE('',#4523,#5135,#5777,.F.);
#3996=EDGE_CURVE('',#5132,#4526,#5778,.T.);
#3997=EDGE_CURVE('',#4527,#5131,#5779,.T.);
#3998=EDGE_CURVE('',#5134,#4524,#5780,.T.);
#3999=EDGE_CURVE('',#4525,#5133,#5781,.F.);
#4000=EDGE_CURVE('',#5130,#4521,#5782,.F.);
#4001=EDGE_CURVE('',#4520,#5128,#5783,.F.);
#4002=EDGE_CURVE('',#5056,#4518,#5784,.T.);
#4003=EDGE_CURVE('',#4519,#5055,#5785,.F.);
#4004=EDGE_CURVE('',#5052,#4514,#5786,.T.);
#4005=EDGE_CURVE('',#4515,#5050,#5787,.F.);
#4006=EDGE_CURVE('',#5051,#4516,#5788,.T.);
#4007=EDGE_CURVE('',#4517,#5057,#5789,.F.);
#4008=EDGE_CURVE('',#5054,#4513,#5790,.T.);
#4009=EDGE_CURVE('',#4512,#5053,#5791,.F.);
#4010=EDGE_CURVE('',#5046,#4507,#5792,.F.);
#4011=EDGE_CURVE('',#4508,#5044,#5793,.F.);
#4012=EDGE_CURVE('',#5048,#4511,#5794,.T.);
#4013=EDGE_CURVE('',#4506,#5047,#5795,.T.);
#4014=EDGE_CURVE('',#5045,#4509,#5796,.T.);
#4015=EDGE_CURVE('',#4510,#5049,#5797,.F.);
#4016=EDGE_CURVE('',#5043,#4503,#5798,.F.);
#4017=EDGE_CURVE('',#4504,#5042,#5799,.F.);
#4018=EDGE_CURVE('',#5041,#4505,#5800,.T.);
#4019=EDGE_CURVE('',#4500,#5040,#5801,.F.);
#4020=EDGE_CURVE('',#5038,#4501,#5802,.T.);
#4021=EDGE_CURVE('',#4502,#5039,#5803,.T.);
#4022=EDGE_CURVE('',#5036,#4498,#5804,.T.);
#4023=EDGE_CURVE('',#4499,#5035,#5805,.F.);
#4024=EDGE_CURVE('',#5031,#4496,#5806,.F.);
#4025=EDGE_CURVE('',#4497,#5037,#5807,.F.);
#4026=EDGE_CURVE('',#5034,#4493,#5808,.T.);
#4027=EDGE_CURVE('',#4492,#5033,#5809,.F.);
#4028=EDGE_CURVE('',#5032,#4494,#5810,.T.);
#4029=EDGE_CURVE('',#4495,#5030,#5811,.T.);
#4030=EDGE_CURVE('',#5026,#4487,#5812,.F.);
#4031=EDGE_CURVE('',#4486,#5024,#5813,.F.);
#4032=EDGE_CURVE('',#5028,#4490,#5814,.T.);
#4033=EDGE_CURVE('',#4491,#5027,#5815,.T.);
#4034=EDGE_CURVE('',#5025,#4488,#5816,.T.);
#4035=EDGE_CURVE('',#4489,#5029,#5817,.F.);
#4036=EDGE_CURVE('',#5020,#4598,#5818,.T.);
#4037=EDGE_CURVE('',#4599,#5019,#5819,.F.);
#4038=EDGE_CURVE('',#5022,#4604,#5820,.T.);
#4039=EDGE_CURVE('',#4605,#5021,#5821,.F.);
#4040=EDGE_CURVE('',#5017,#4602,#5822,.T.);
#4041=EDGE_CURVE('',#4603,#5023,#5823,.F.);
#4042=EDGE_CURVE('',#5018,#4600,#5824,.T.);
#4043=EDGE_CURVE('',#4601,#5016,#5825,.F.);
#4044=EDGE_CURVE('',#5014,#4612,#5826,.T.);
#4045=EDGE_CURVE('',#4613,#5013,#5827,.T.);
#4046=EDGE_CURVE('',#5009,#4610,#5828,.T.);
#4047=EDGE_CURVE('',#4611,#5015,#5829,.F.);
#4048=EDGE_CURVE('',#5010,#4608,#5830,.T.);
#4049=EDGE_CURVE('',#4609,#5008,#5831,.F.);
#4050=EDGE_CURVE('',#5012,#4606,#5832,.F.);
#4051=EDGE_CURVE('',#4607,#5011,#5833,.F.);
#4052=EDGE_CURVE('',#5004,#4614,#5834,.T.);
#4053=EDGE_CURVE('',#4615,#5003,#5835,.F.);
#4054=EDGE_CURVE('',#5006,#4620,#5836,.T.);
#4055=EDGE_CURVE('',#4621,#5005,#5837,.F.);
#4056=EDGE_CURVE('',#5001,#4618,#5838,.F.);
#4057=EDGE_CURVE('',#4619,#5007,#5839,.F.);
#4058=EDGE_CURVE('',#5002,#4616,#5840,.T.);
#4059=EDGE_CURVE('',#4617,#5000,#5841,.T.);
#4060=EDGE_CURVE('',#4994,#4624,#5842,.T.);
#4061=EDGE_CURVE('',#4625,#4992,#5843,.F.);
#4062=EDGE_CURVE('',#4998,#4628,#5844,.T.);
#4063=EDGE_CURVE('',#4629,#4997,#5845,.F.);
#4064=EDGE_CURVE('',#4993,#4626,#5846,.T.);
#4065=EDGE_CURVE('',#4627,#4999,#5847,.F.);
#4066=EDGE_CURVE('',#4996,#4622,#5848,.T.);
#4067=EDGE_CURVE('',#4623,#4995,#5849,.F.);
#4068=EDGE_CURVE('',#5140,#4634,#5850,.T.);
#4069=EDGE_CURVE('',#4635,#5139,#5851,.F.);
#4070=EDGE_CURVE('',#5137,#4632,#5852,.F.);
#4071=EDGE_CURVE('',#4633,#5141,#5853,.F.);
#4072=EDGE_CURVE('',#5138,#4631,#5854,.T.);
#4073=EDGE_CURVE('',#4630,#5136,#5855,.T.);
#4074=EDGE_CURVE('',#4985,#4482,#5856,.T.);
#4075=EDGE_CURVE('',#4483,#4991,#5857,.F.);
#4076=EDGE_CURVE('',#4988,#4478,#5858,.T.);
#4077=EDGE_CURVE('',#4479,#4987,#5859,.T.);
#4078=EDGE_CURVE('',#4990,#4484,#5860,.T.);
#4079=EDGE_CURVE('',#4485,#4989,#5861,.F.);
#4080=EDGE_CURVE('',#4986,#4480,#5862,.F.);
#4081=EDGE_CURVE('',#4481,#4984,#5863,.F.);
#4082=EDGE_CURVE('',#5157,#4699,#5864,.T.);
#4083=EDGE_CURVE('',#5156,#4700,#5865,.T.);
#4084=EDGE_CURVE('',#4884,#4379,#5866,.T.);
#4085=EDGE_CURVE('',#4885,#4380,#5867,.T.);
#4086=EDGE_CURVE('',#4887,#4381,#5868,.T.);
#4087=EDGE_CURVE('',#4886,#4378,#5869,.T.);
#4088=EDGE_CURVE('',#4880,#4375,#5870,.T.);
#4089=EDGE_CURVE('',#4881,#4376,#5871,.T.);
#4090=EDGE_CURVE('',#4883,#4377,#5872,.T.);
#4091=EDGE_CURVE('',#4882,#4374,#5873,.T.);
#4092=EDGE_CURVE('',#4876,#4371,#5874,.T.);
#4093=EDGE_CURVE('',#4877,#4372,#5875,.T.);
#4094=EDGE_CURVE('',#4879,#4373,#5876,.T.);
#4095=EDGE_CURVE('',#4878,#4370,#5877,.T.);
#4096=EDGE_CURVE('',#4872,#4367,#5878,.T.);
#4097=EDGE_CURVE('',#4873,#4368,#5879,.T.);
#4098=EDGE_CURVE('',#4875,#4369,#5880,.T.);
#4099=EDGE_CURVE('',#4874,#4366,#5881,.T.);
#4100=EDGE_CURVE('',#4868,#4363,#5882,.T.);
#4101=EDGE_CURVE('',#4869,#4364,#5883,.T.);
#4102=EDGE_CURVE('',#4871,#4365,#5884,.T.);
#4103=EDGE_CURVE('',#4870,#4362,#5885,.T.);
#4104=EDGE_CURVE('',#4864,#4359,#5886,.T.);
#4105=EDGE_CURVE('',#4865,#4360,#5887,.T.);
#4106=EDGE_CURVE('',#4867,#4361,#5888,.T.);
#4107=EDGE_CURVE('',#4866,#4358,#5889,.T.);
#4108=EDGE_CURVE('',#4860,#4355,#5890,.T.);
#4109=EDGE_CURVE('',#4861,#4356,#5891,.T.);
#4110=EDGE_CURVE('',#4863,#4357,#5892,.T.);
#4111=EDGE_CURVE('',#4862,#4354,#5893,.T.);
#4112=EDGE_CURVE('',#4856,#4351,#5894,.T.);
#4113=EDGE_CURVE('',#4857,#4352,#5895,.T.);
#4114=EDGE_CURVE('',#4859,#4353,#5896,.T.);
#4115=EDGE_CURVE('',#4858,#4350,#5897,.T.);
#4116=EDGE_CURVE('',#4852,#4347,#5898,.T.);
#4117=EDGE_CURVE('',#4853,#4348,#5899,.T.);
#4118=EDGE_CURVE('',#4855,#4349,#5900,.T.);
#4119=EDGE_CURVE('',#4854,#4346,#5901,.T.);
#4120=EDGE_CURVE('',#4848,#4343,#5902,.T.);
#4121=EDGE_CURVE('',#4849,#4344,#5903,.T.);
#4122=EDGE_CURVE('',#4851,#4345,#5904,.T.);
#4123=EDGE_CURVE('',#4850,#4342,#5905,.T.);
#4124=EDGE_CURVE('',#4844,#4339,#5906,.T.);
#4125=EDGE_CURVE('',#4845,#4340,#5907,.T.);
#4126=EDGE_CURVE('',#4847,#4341,#5908,.T.);
#4127=EDGE_CURVE('',#4846,#4338,#5909,.T.);
#4128=EDGE_CURVE('',#5149,#4707,#5910,.T.);
#4129=EDGE_CURVE('',#5148,#4708,#5911,.T.);
#4130=EDGE_CURVE('',#4840,#4637,#5912,.T.);
#4131=EDGE_CURVE('',#4841,#4638,#5913,.T.);
#4132=EDGE_CURVE('',#4843,#4639,#5914,.T.);
#4133=EDGE_CURVE('',#4842,#4636,#5915,.T.);
#4134=EDGE_CURVE('',#4836,#4641,#5916,.T.);
#4135=EDGE_CURVE('',#4837,#4642,#5917,.T.);
#4136=EDGE_CURVE('',#4839,#4643,#5918,.T.);
#4137=EDGE_CURVE('',#4838,#4640,#5919,.T.);
#4138=EDGE_CURVE('',#4832,#4645,#5920,.T.);
#4139=EDGE_CURVE('',#4833,#4646,#5921,.T.);
#4140=EDGE_CURVE('',#4835,#4647,#5922,.T.);
#4141=EDGE_CURVE('',#4834,#4644,#5923,.T.);
#4142=EDGE_CURVE('',#4828,#4649,#5924,.T.);
#4143=EDGE_CURVE('',#4829,#4650,#5925,.T.);
#4144=EDGE_CURVE('',#4831,#4651,#5926,.T.);
#4145=EDGE_CURVE('',#4830,#4648,#5927,.T.);
#4146=EDGE_CURVE('',#4824,#4335,#5928,.T.);
#4147=EDGE_CURVE('',#4825,#4336,#5929,.T.);
#4148=EDGE_CURVE('',#4827,#4337,#5930,.T.);
#4149=EDGE_CURVE('',#4826,#4334,#5931,.T.);
#4150=EDGE_CURVE('',#4820,#4331,#5932,.T.);
#4151=EDGE_CURVE('',#4821,#4332,#5933,.T.);
#4152=EDGE_CURVE('',#4823,#4333,#5934,.T.);
#4153=EDGE_CURVE('',#4822,#4330,#5935,.T.);
#4154=EDGE_CURVE('',#4816,#4327,#5936,.T.);
#4155=EDGE_CURVE('',#4817,#4328,#5937,.T.);
#4156=EDGE_CURVE('',#4819,#4329,#5938,.T.);
#4157=EDGE_CURVE('',#4818,#4326,#5939,.T.);
#4158=EDGE_CURVE('',#4812,#4323,#5940,.T.);
#4159=EDGE_CURVE('',#4813,#4324,#5941,.T.);
#4160=EDGE_CURVE('',#4815,#4325,#5942,.T.);
#4161=EDGE_CURVE('',#4814,#4322,#5943,.T.);
#4162=EDGE_CURVE('',#4808,#4319,#5944,.T.);
#4163=EDGE_CURVE('',#4809,#4320,#5945,.T.);
#4164=EDGE_CURVE('',#4811,#4321,#5946,.T.);
#4165=EDGE_CURVE('',#4810,#4318,#5947,.T.);
#4166=EDGE_CURVE('',#4804,#4315,#5948,.T.);
#4167=EDGE_CURVE('',#4805,#4316,#5949,.T.);
#4168=EDGE_CURVE('',#4807,#4317,#5950,.T.);
#4169=EDGE_CURVE('',#4806,#4314,#5951,.T.);
#4170=EDGE_CURVE('',#4800,#4311,#5952,.T.);
#4171=EDGE_CURVE('',#4801,#4312,#5953,.T.);
#4172=EDGE_CURVE('',#4803,#4313,#5954,.T.);
#4173=EDGE_CURVE('',#4802,#4310,#5955,.T.);
#4174=EDGE_CURVE('',#5153,#4703,#5956,.T.);
#4175=EDGE_CURVE('',#5152,#4704,#5957,.T.);
#4176=EDGE_CURVE('',#4796,#4307,#5958,.T.);
#4177=EDGE_CURVE('',#4797,#4308,#5959,.T.);
#4178=EDGE_CURVE('',#4799,#4309,#5960,.T.);
#4179=EDGE_CURVE('',#4798,#4306,#5961,.T.);
#4180=EDGE_CURVE('',#4792,#4303,#5962,.T.);
#4181=EDGE_CURVE('',#4793,#4304,#5963,.T.);
#4182=EDGE_CURVE('',#4795,#4305,#5964,.T.);
#4183=EDGE_CURVE('',#4794,#4302,#5965,.T.);
#4184=EDGE_CURVE('',#4788,#4299,#5966,.T.);
#4185=EDGE_CURVE('',#4789,#4300,#5967,.T.);
#4186=EDGE_CURVE('',#4791,#4301,#5968,.T.);
#4187=EDGE_CURVE('',#4790,#4298,#5969,.T.);
#4188=EDGE_CURVE('',#4784,#4295,#5970,.T.);
#4189=EDGE_CURVE('',#4785,#4296,#5971,.T.);
#4190=EDGE_CURVE('',#4787,#4297,#5972,.T.);
#4191=EDGE_CURVE('',#4786,#4294,#5973,.T.);
#4192=EDGE_CURVE('',#4780,#4653,#5974,.T.);
#4193=EDGE_CURVE('',#4781,#4654,#5975,.T.);
#4194=EDGE_CURVE('',#4783,#4655,#5976,.T.);
#4195=EDGE_CURVE('',#4782,#4652,#5977,.T.);
#4196=EDGE_CURVE('',#4776,#4657,#5978,.T.);
#4197=EDGE_CURVE('',#4777,#4658,#5979,.T.);
#4198=EDGE_CURVE('',#4779,#4659,#5980,.T.);
#4199=EDGE_CURVE('',#4778,#4656,#5981,.T.);
#4200=EDGE_CURVE('',#4772,#4661,#5982,.T.);
#4201=EDGE_CURVE('',#4773,#4662,#5983,.T.);
#4202=EDGE_CURVE('',#4775,#4663,#5984,.T.);
#4203=EDGE_CURVE('',#4774,#4660,#5985,.T.);
#4204=EDGE_CURVE('',#4768,#4665,#5986,.T.);
#4205=EDGE_CURVE('',#4769,#4666,#5987,.T.);
#4206=EDGE_CURVE('',#4771,#4667,#5988,.T.);
#4207=EDGE_CURVE('',#4770,#4664,#5989,.T.);
#4208=EDGE_CURVE('',#4764,#4669,#5990,.T.);
#4209=EDGE_CURVE('',#4765,#4670,#5991,.T.);
#4210=EDGE_CURVE('',#4767,#4671,#5992,.T.);
#4211=EDGE_CURVE('',#4766,#4668,#5993,.T.);
#4212=EDGE_CURVE('',#4760,#4673,#5994,.T.);
#4213=EDGE_CURVE('',#4761,#4674,#5995,.T.);
#4214=EDGE_CURVE('',#4763,#4675,#5996,.T.);
#4215=EDGE_CURVE('',#4762,#4672,#5997,.T.);
#4216=EDGE_CURVE('',#4756,#4677,#5998,.T.);
#4217=EDGE_CURVE('',#4757,#4678,#5999,.T.);
#4218=EDGE_CURVE('',#4759,#4679,#6000,.T.);
#4219=EDGE_CURVE('',#4758,#4676,#6001,.T.);
#4220=EDGE_CURVE('',#5145,#4711,#6002,.T.);
#4221=EDGE_CURVE('',#5144,#4697,#6003,.T.);
#4222=EDGE_CURVE('',#4752,#4681,#6004,.T.);
#4223=EDGE_CURVE('',#4753,#4682,#6005,.T.);
#4224=EDGE_CURVE('',#4755,#4683,#6006,.T.);
#4225=EDGE_CURVE('',#4754,#4680,#6007,.T.);
#4226=EDGE_CURVE('',#4748,#4685,#6008,.T.);
#4227=EDGE_CURVE('',#4749,#4686,#6009,.T.);
#4228=EDGE_CURVE('',#4751,#4687,#6010,.T.);
#4229=EDGE_CURVE('',#4750,#4684,#6011,.T.);
#4230=EDGE_CURVE('',#4744,#4689,#6012,.T.);
#4231=EDGE_CURVE('',#4745,#4690,#6013,.T.);
#4232=EDGE_CURVE('',#4747,#4691,#6014,.T.);
#4233=EDGE_CURVE('',#4746,#4688,#6015,.T.);
#4234=EDGE_CURVE('',#4740,#4693,#6016,.T.);
#4235=EDGE_CURVE('',#4741,#4694,#6017,.T.);
#4236=EDGE_CURVE('',#4743,#4695,#6018,.T.);
#4237=EDGE_CURVE('',#4742,#4692,#6019,.T.);
#4238=EDGE_CURVE('',#4736,#4291,#6020,.T.);
#4239=EDGE_CURVE('',#4737,#4292,#6021,.T.);
#4240=EDGE_CURVE('',#4739,#4293,#6022,.T.);
#4241=EDGE_CURVE('',#4738,#4290,#6023,.T.);
#4242=EDGE_CURVE('',#4732,#4287,#6024,.T.);
#4243=EDGE_CURVE('',#4733,#4288,#6025,.T.);
#4244=EDGE_CURVE('',#4735,#4289,#6026,.T.);
#4245=EDGE_CURVE('',#4734,#4286,#6027,.T.);
#4246=EDGE_CURVE('',#4728,#4283,#6028,.T.);
#4247=EDGE_CURVE('',#4729,#4284,#6029,.T.);
#4248=EDGE_CURVE('',#4731,#4285,#6030,.T.);
#4249=EDGE_CURVE('',#4730,#4282,#6031,.T.);
#4250=EDGE_CURVE('',#4724,#4279,#6032,.T.);
#4251=EDGE_CURVE('',#4725,#4280,#6033,.T.);
#4252=EDGE_CURVE('',#4727,#4281,#6034,.T.);
#4253=EDGE_CURVE('',#4726,#4278,#6035,.T.);
#4254=EDGE_CURVE('',#4720,#4275,#6036,.T.);
#4255=EDGE_CURVE('',#4721,#4276,#6037,.T.);
#4256=EDGE_CURVE('',#4723,#4277,#6038,.T.);
#4257=EDGE_CURVE('',#4722,#4274,#6039,.T.);
#4258=EDGE_CURVE('',#4716,#4271,#6040,.T.);
#4259=EDGE_CURVE('',#4717,#4272,#6041,.T.);
#4260=EDGE_CURVE('',#4719,#4273,#6042,.T.);
#4261=EDGE_CURVE('',#4718,#4270,#6043,.T.);
#4262=EDGE_CURVE('',#4712,#4267,#6044,.T.);
#4263=EDGE_CURVE('',#4713,#4268,#6045,.T.);
#4264=EDGE_CURVE('',#4715,#4269,#6046,.T.);
#4265=EDGE_CURVE('',#4714,#4266,#6047,.T.);
#4266=VERTEX_POINT('',#12698);
#4267=VERTEX_POINT('',#12699);
#4268=VERTEX_POINT('',#12701);
#4269=VERTEX_POINT('',#12703);
#4270=VERTEX_POINT('',#12706);
#4271=VERTEX_POINT('',#12707);
#4272=VERTEX_POINT('',#12709);
#4273=VERTEX_POINT('',#12711);
#4274=VERTEX_POINT('',#12714);
#4275=VERTEX_POINT('',#12715);
#4276=VERTEX_POINT('',#12717);
#4277=VERTEX_POINT('',#12719);
#4278=VERTEX_POINT('',#12722);
#4279=VERTEX_POINT('',#12723);
#4280=VERTEX_POINT('',#12725);
#4281=VERTEX_POINT('',#12727);
#4282=VERTEX_POINT('',#12730);
#4283=VERTEX_POINT('',#12731);
#4284=VERTEX_POINT('',#12733);
#4285=VERTEX_POINT('',#12735);
#4286=VERTEX_POINT('',#12738);
#4287=VERTEX_POINT('',#12739);
#4288=VERTEX_POINT('',#12741);
#4289=VERTEX_POINT('',#12743);
#4290=VERTEX_POINT('',#12746);
#4291=VERTEX_POINT('',#12747);
#4292=VERTEX_POINT('',#12749);
#4293=VERTEX_POINT('',#12751);
#4294=VERTEX_POINT('',#12754);
#4295=VERTEX_POINT('',#12755);
#4296=VERTEX_POINT('',#12757);
#4297=VERTEX_POINT('',#12759);
#4298=VERTEX_POINT('',#12762);
#4299=VERTEX_POINT('',#12763);
#4300=VERTEX_POINT('',#12765);
#4301=VERTEX_POINT('',#12767);
#4302=VERTEX_POINT('',#12770);
#4303=VERTEX_POINT('',#12771);
#4304=VERTEX_POINT('',#12773);
#4305=VERTEX_POINT('',#12775);
#4306=VERTEX_POINT('',#12778);
#4307=VERTEX_POINT('',#12779);
#4308=VERTEX_POINT('',#12781);
#4309=VERTEX_POINT('',#12783);
#4310=VERTEX_POINT('',#12786);
#4311=VERTEX_POINT('',#12787);
#4312=VERTEX_POINT('',#12789);
#4313=VERTEX_POINT('',#12791);
#4314=VERTEX_POINT('',#12794);
#4315=VERTEX_POINT('',#12795);
#4316=VERTEX_POINT('',#12797);
#4317=VERTEX_POINT('',#12799);
#4318=VERTEX_POINT('',#12802);
#4319=VERTEX_POINT('',#12803);
#4320=VERTEX_POINT('',#12805);
#4321=VERTEX_POINT('',#12807);
#4322=VERTEX_POINT('',#12810);
#4323=VERTEX_POINT('',#12811);
#4324=VERTEX_POINT('',#12813);
#4325=VERTEX_POINT('',#12815);
#4326=VERTEX_POINT('',#12818);
#4327=VERTEX_POINT('',#12819);
#4328=VERTEX_POINT('',#12821);
#4329=VERTEX_POINT('',#12823);
#4330=VERTEX_POINT('',#12826);
#4331=VERTEX_POINT('',#12827);
#4332=VERTEX_POINT('',#12829);
#4333=VERTEX_POINT('',#12831);
#4334=VERTEX_POINT('',#12834);
#4335=VERTEX_POINT('',#12835);
#4336=VERTEX_POINT('',#12837);
#4337=VERTEX_POINT('',#12839);
#4338=VERTEX_POINT('',#12842);
#4339=VERTEX_POINT('',#12843);
#4340=VERTEX_POINT('',#12845);
#4341=VERTEX_POINT('',#12847);
#4342=VERTEX_POINT('',#12850);
#4343=VERTEX_POINT('',#12851);
#4344=VERTEX_POINT('',#12853);
#4345=VERTEX_POINT('',#12855);
#4346=VERTEX_POINT('',#12858);
#4347=VERTEX_POINT('',#12859);
#4348=VERTEX_POINT('',#12861);
#4349=VERTEX_POINT('',#12863);
#4350=VERTEX_POINT('',#12866);
#4351=VERTEX_POINT('',#12867);
#4352=VERTEX_POINT('',#12869);
#4353=VERTEX_POINT('',#12871);
#4354=VERTEX_POINT('',#12874);
#4355=VERTEX_POINT('',#12875);
#4356=VERTEX_POINT('',#12877);
#4357=VERTEX_POINT('',#12879);
#4358=VERTEX_POINT('',#12882);
#4359=VERTEX_POINT('',#12883);
#4360=VERTEX_POINT('',#12885);
#4361=VERTEX_POINT('',#12887);
#4362=VERTEX_POINT('',#12890);
#4363=VERTEX_POINT('',#12891);
#4364=VERTEX_POINT('',#12893);
#4365=VERTEX_POINT('',#12895);
#4366=VERTEX_POINT('',#12898);
#4367=VERTEX_POINT('',#12899);
#4368=VERTEX_POINT('',#12901);
#4369=VERTEX_POINT('',#12903);
#4370=VERTEX_POINT('',#12906);
#4371=VERTEX_POINT('',#12907);
#4372=VERTEX_POINT('',#12909);
#4373=VERTEX_POINT('',#12911);
#4374=VERTEX_POINT('',#12914);
#4375=VERTEX_POINT('',#12915);
#4376=VERTEX_POINT('',#12917);
#4377=VERTEX_POINT('',#12919);
#4378=VERTEX_POINT('',#12922);
#4379=VERTEX_POINT('',#12923);
#4380=VERTEX_POINT('',#12925);
#4381=VERTEX_POINT('',#12927);
#4382=VERTEX_POINT('',#12930);
#4383=VERTEX_POINT('',#12932);
#4384=VERTEX_POINT('',#12934);
#4385=VERTEX_POINT('',#12936);
#4386=VERTEX_POINT('',#12938);
#4387=VERTEX_POINT('',#12940);
#4388=VERTEX_POINT('',#12942);
#4389=VERTEX_POINT('',#12944);
#4390=VERTEX_POINT('',#12946);
#4391=VERTEX_POINT('',#12948);
#4392=VERTEX_POINT('',#12950);
#4393=VERTEX_POINT('',#12952);
#4394=VERTEX_POINT('',#12954);
#4395=VERTEX_POINT('',#12956);
#4396=VERTEX_POINT('',#12958);
#4397=VERTEX_POINT('',#12960);
#4398=VERTEX_POINT('',#12962);
#4399=VERTEX_POINT('',#12964);
#4400=VERTEX_POINT('',#12966);
#4401=VERTEX_POINT('',#12968);
#4402=VERTEX_POINT('',#12970);
#4403=VERTEX_POINT('',#12972);
#4404=VERTEX_POINT('',#12974);
#4405=VERTEX_POINT('',#12976);
#4406=VERTEX_POINT('',#12978);
#4407=VERTEX_POINT('',#12980);
#4408=VERTEX_POINT('',#12982);
#4409=VERTEX_POINT('',#12984);
#4410=VERTEX_POINT('',#12986);
#4411=VERTEX_POINT('',#12988);
#4412=VERTEX_POINT('',#12990);
#4413=VERTEX_POINT('',#12992);
#4414=VERTEX_POINT('',#12994);
#4415=VERTEX_POINT('',#12996);
#4416=VERTEX_POINT('',#12998);
#4417=VERTEX_POINT('',#13000);
#4418=VERTEX_POINT('',#13002);
#4419=VERTEX_POINT('',#13004);
#4420=VERTEX_POINT('',#13006);
#4421=VERTEX_POINT('',#13008);
#4422=VERTEX_POINT('',#13010);
#4423=VERTEX_POINT('',#13012);
#4424=VERTEX_POINT('',#13014);
#4425=VERTEX_POINT('',#13016);
#4426=VERTEX_POINT('',#13018);
#4427=VERTEX_POINT('',#13020);
#4428=VERTEX_POINT('',#13022);
#4429=VERTEX_POINT('',#13024);
#4430=VERTEX_POINT('',#13026);
#4431=VERTEX_POINT('',#13028);
#4432=VERTEX_POINT('',#13030);
#4433=VERTEX_POINT('',#13032);
#4434=VERTEX_POINT('',#13034);
#4435=VERTEX_POINT('',#13036);
#4436=VERTEX_POINT('',#13038);
#4437=VERTEX_POINT('',#13040);
#4438=VERTEX_POINT('',#13042);
#4439=VERTEX_POINT('',#13044);
#4440=VERTEX_POINT('',#13046);
#4441=VERTEX_POINT('',#13048);
#4442=VERTEX_POINT('',#13050);
#4443=VERTEX_POINT('',#13052);
#4444=VERTEX_POINT('',#13054);
#4445=VERTEX_POINT('',#13056);
#4446=VERTEX_POINT('',#13058);
#4447=VERTEX_POINT('',#13060);
#4448=VERTEX_POINT('',#13062);
#4449=VERTEX_POINT('',#13064);
#4450=VERTEX_POINT('',#13066);
#4451=VERTEX_POINT('',#13068);
#4452=VERTEX_POINT('',#13070);
#4453=VERTEX_POINT('',#13072);
#4454=VERTEX_POINT('',#13074);
#4455=VERTEX_POINT('',#13076);
#4456=VERTEX_POINT('',#13078);
#4457=VERTEX_POINT('',#13080);
#4458=VERTEX_POINT('',#13082);
#4459=VERTEX_POINT('',#13084);
#4460=VERTEX_POINT('',#13086);
#4461=VERTEX_POINT('',#13088);
#4462=VERTEX_POINT('',#13090);
#4463=VERTEX_POINT('',#13092);
#4464=VERTEX_POINT('',#13094);
#4465=VERTEX_POINT('',#13096);
#4466=VERTEX_POINT('',#13098);
#4467=VERTEX_POINT('',#13100);
#4468=VERTEX_POINT('',#13102);
#4469=VERTEX_POINT('',#13104);
#4470=VERTEX_POINT('',#13106);
#4471=VERTEX_POINT('',#13108);
#4472=VERTEX_POINT('',#13110);
#4473=VERTEX_POINT('',#13112);
#4474=VERTEX_POINT('',#13114);
#4475=VERTEX_POINT('',#13116);
#4476=VERTEX_POINT('',#13118);
#4477=VERTEX_POINT('',#13120);
#4478=VERTEX_POINT('',#13122);
#4479=VERTEX_POINT('',#13123);
#4480=VERTEX_POINT('',#13125);
#4481=VERTEX_POINT('',#13127);
#4482=VERTEX_POINT('',#13129);
#4483=VERTEX_POINT('',#13131);
#4484=VERTEX_POINT('',#13133);
#4485=VERTEX_POINT('',#13135);
#4486=VERTEX_POINT('',#13138);
#4487=VERTEX_POINT('',#13139);
#4488=VERTEX_POINT('',#13141);
#4489=VERTEX_POINT('',#13143);
#4490=VERTEX_POINT('',#13145);
#4491=VERTEX_POINT('',#13147);
#4492=VERTEX_POINT('',#13150);
#4493=VERTEX_POINT('',#13151);
#4494=VERTEX_POINT('',#13153);
#4495=VERTEX_POINT('',#13155);
#4496=VERTEX_POINT('',#13157);
#4497=VERTEX_POINT('',#13159);
#4498=VERTEX_POINT('',#13161);
#4499=VERTEX_POINT('',#13163);
#4500=VERTEX_POINT('',#13166);
#4501=VERTEX_POINT('',#13167);
#4502=VERTEX_POINT('',#13169);
#4503=VERTEX_POINT('',#13171);
#4504=VERTEX_POINT('',#13173);
#4505=VERTEX_POINT('',#13175);
#4506=VERTEX_POINT('',#13178);
#4507=VERTEX_POINT('',#13179);
#4508=VERTEX_POINT('',#13181);
#4509=VERTEX_POINT('',#13183);
#4510=VERTEX_POINT('',#13185);
#4511=VERTEX_POINT('',#13187);
#4512=VERTEX_POINT('',#13190);
#4513=VERTEX_POINT('',#13191);
#4514=VERTEX_POINT('',#13193);
#4515=VERTEX_POINT('',#13195);
#4516=VERTEX_POINT('',#13197);
#4517=VERTEX_POINT('',#13199);
#4518=VERTEX_POINT('',#13201);
#4519=VERTEX_POINT('',#13203);
#4520=VERTEX_POINT('',#13206);
#4521=VERTEX_POINT('',#13207);
#4522=VERTEX_POINT('',#13209);
#4523=VERTEX_POINT('',#13211);
#4524=VERTEX_POINT('',#13213);
#4525=VERTEX_POINT('',#13215);
#4526=VERTEX_POINT('',#13217);
#4527=VERTEX_POINT('',#13219);
#4528=VERTEX_POINT('',#13222);
#4529=VERTEX_POINT('',#13223);
#4530=VERTEX_POINT('',#13225);
#4531=VERTEX_POINT('',#13227);
#4532=VERTEX_POINT('',#13229);
#4533=VERTEX_POINT('',#13231);
#4534=VERTEX_POINT('',#13233);
#4535=VERTEX_POINT('',#13235);
#4536=VERTEX_POINT('',#13238);
#4537=VERTEX_POINT('',#13239);
#4538=VERTEX_POINT('',#13241);
#4539=VERTEX_POINT('',#13243);
#4540=VERTEX_POINT('',#13245);
#4541=VERTEX_POINT('',#13247);
#4542=VERTEX_POINT('',#13249);
#4543=VERTEX_POINT('',#13251);
#4544=VERTEX_POINT('',#13254);
#4545=VERTEX_POINT('',#13255);
#4546=VERTEX_POINT('',#13257);
#4547=VERTEX_POINT('',#13259);
#4548=VERTEX_POINT('',#13261);
#4549=VERTEX_POINT('',#13263);
#4550=VERTEX_POINT('',#13265);
#4551=VERTEX_POINT('',#13267);
#4552=VERTEX_POINT('',#13270);
#4553=VERTEX_POINT('',#13271);
#4554=VERTEX_POINT('',#13273);
#4555=VERTEX_POINT('',#13275);
#4556=VERTEX_POINT('',#13277);
#4557=VERTEX_POINT('',#13279);
#4558=VERTEX_POINT('',#13281);
#4559=VERTEX_POINT('',#13283);
#4560=VERTEX_POINT('',#13286);
#4561=VERTEX_POINT('',#13287);
#4562=VERTEX_POINT('',#13289);
#4563=VERTEX_POINT('',#13291);
#4564=VERTEX_POINT('',#13293);
#4565=VERTEX_POINT('',#13295);
#4566=VERTEX_POINT('',#13297);
#4567=VERTEX_POINT('',#13299);
#4568=VERTEX_POINT('',#13302);
#4569=VERTEX_POINT('',#13303);
#4570=VERTEX_POINT('',#13305);
#4571=VERTEX_POINT('',#13307);
#4572=VERTEX_POINT('',#13309);
#4573=VERTEX_POINT('',#13311);
#4574=VERTEX_POINT('',#13313);
#4575=VERTEX_POINT('',#13315);
#4576=VERTEX_POINT('',#13318);
#4577=VERTEX_POINT('',#13319);
#4578=VERTEX_POINT('',#13321);
#4579=VERTEX_POINT('',#13323);
#4580=VERTEX_POINT('',#13325);
#4581=VERTEX_POINT('',#13327);
#4582=VERTEX_POINT('',#13329);
#4583=VERTEX_POINT('',#13331);
#4584=VERTEX_POINT('',#13334);
#4585=VERTEX_POINT('',#13335);
#4586=VERTEX_POINT('',#13337);
#4587=VERTEX_POINT('',#13339);
#4588=VERTEX_POINT('',#13341);
#4589=VERTEX_POINT('',#13343);
#4590=VERTEX_POINT('',#13345);
#4591=VERTEX_POINT('',#13347);
#4592=VERTEX_POINT('',#13350);
#4593=VERTEX_POINT('',#13351);
#4594=VERTEX_POINT('',#13353);
#4595=VERTEX_POINT('',#13355);
#4596=VERTEX_POINT('',#13357);
#4597=VERTEX_POINT('',#13359);
#4598=VERTEX_POINT('',#13362);
#4599=VERTEX_POINT('',#13363);
#4600=VERTEX_POINT('',#13365);
#4601=VERTEX_POINT('',#13367);
#4602=VERTEX_POINT('',#13369);
#4603=VERTEX_POINT('',#13371);
#4604=VERTEX_POINT('',#13373);
#4605=VERTEX_POINT('',#13375);
#4606=VERTEX_POINT('',#13378);
#4607=VERTEX_POINT('',#13379);
#4608=VERTEX_POINT('',#13381);
#4609=VERTEX_POINT('',#13383);
#4610=VERTEX_POINT('',#13385);
#4611=VERTEX_POINT('',#13387);
#4612=VERTEX_POINT('',#13389);
#4613=VERTEX_POINT('',#13391);
#4614=VERTEX_POINT('',#13394);
#4615=VERTEX_POINT('',#13395);
#4616=VERTEX_POINT('',#13397);
#4617=VERTEX_POINT('',#13399);
#4618=VERTEX_POINT('',#13401);
#4619=VERTEX_POINT('',#13403);
#4620=VERTEX_POINT('',#13405);
#4621=VERTEX_POINT('',#13407);
#4622=VERTEX_POINT('',#13410);
#4623=VERTEX_POINT('',#13411);
#4624=VERTEX_POINT('',#13413);
#4625=VERTEX_POINT('',#13415);
#4626=VERTEX_POINT('',#13417);
#4627=VERTEX_POINT('',#13419);
#4628=VERTEX_POINT('',#13421);
#4629=VERTEX_POINT('',#13423);
#4630=VERTEX_POINT('',#13426);
#4631=VERTEX_POINT('',#13427);
#4632=VERTEX_POINT('',#13429);
#4633=VERTEX_POINT('',#13431);
#4634=VERTEX_POINT('',#13433);
#4635=VERTEX_POINT('',#13435);
#4636=VERTEX_POINT('',#13438);
#4637=VERTEX_POINT('',#13439);
#4638=VERTEX_POINT('',#13441);
#4639=VERTEX_POINT('',#13443);
#4640=VERTEX_POINT('',#13446);
#4641=VERTEX_POINT('',#13447);
#4642=VERTEX_POINT('',#13449);
#4643=VERTEX_POINT('',#13451);
#4644=VERTEX_POINT('',#13454);
#4645=VERTEX_POINT('',#13455);
#4646=VERTEX_POINT('',#13457);
#4647=VERTEX_POINT('',#13459);
#4648=VERTEX_POINT('',#13462);
#4649=VERTEX_POINT('',#13463);
#4650=VERTEX_POINT('',#13465);
#4651=VERTEX_POINT('',#13467);
#4652=VERTEX_POINT('',#13470);
#4653=VERTEX_POINT('',#13471);
#4654=VERTEX_POINT('',#13473);
#4655=VERTEX_POINT('',#13475);
#4656=VERTEX_POINT('',#13478);
#4657=VERTEX_POINT('',#13479);
#4658=VERTEX_POINT('',#13481);
#4659=VERTEX_POINT('',#13483);
#4660=VERTEX_POINT('',#13486);
#4661=VERTEX_POINT('',#13487);
#4662=VERTEX_POINT('',#13489);
#4663=VERTEX_POINT('',#13491);
#4664=VERTEX_POINT('',#13494);
#4665=VERTEX_POINT('',#13495);
#4666=VERTEX_POINT('',#13497);
#4667=VERTEX_POINT('',#13499);
#4668=VERTEX_POINT('',#13502);
#4669=VERTEX_POINT('',#13503);
#4670=VERTEX_POINT('',#13505);
#4671=VERTEX_POINT('',#13507);
#4672=VERTEX_POINT('',#13510);
#4673=VERTEX_POINT('',#13511);
#4674=VERTEX_POINT('',#13513);
#4675=VERTEX_POINT('',#13515);
#4676=VERTEX_POINT('',#13518);
#4677=VERTEX_POINT('',#13519);
#4678=VERTEX_POINT('',#13521);
#4679=VERTEX_POINT('',#13523);
#4680=VERTEX_POINT('',#13526);
#4681=VERTEX_POINT('',#13527);
#4682=VERTEX_POINT('',#13529);
#4683=VERTEX_POINT('',#13531);
#4684=VERTEX_POINT('',#13534);
#4685=VERTEX_POINT('',#13535);
#4686=VERTEX_POINT('',#13537);
#4687=VERTEX_POINT('',#13539);
#4688=VERTEX_POINT('',#13542);
#4689=VERTEX_POINT('',#13543);
#4690=VERTEX_POINT('',#13545);
#4691=VERTEX_POINT('',#13547);
#4692=VERTEX_POINT('',#13550);
#4693=VERTEX_POINT('',#13551);
#4694=VERTEX_POINT('',#13553);
#4695=VERTEX_POINT('',#13555);
#4696=VERTEX_POINT('',#13558);
#4697=VERTEX_POINT('',#13559);
#4698=VERTEX_POINT('',#13561);
#4699=VERTEX_POINT('',#13563);
#4700=VERTEX_POINT('',#13565);
#4701=VERTEX_POINT('',#13567);
#4702=VERTEX_POINT('',#13569);
#4703=VERTEX_POINT('',#13571);
#4704=VERTEX_POINT('',#13573);
#4705=VERTEX_POINT('',#13575);
#4706=VERTEX_POINT('',#13577);
#4707=VERTEX_POINT('',#13579);
#4708=VERTEX_POINT('',#13581);
#4709=VERTEX_POINT('',#13583);
#4710=VERTEX_POINT('',#13585);
#4711=VERTEX_POINT('',#13587);
#4712=VERTEX_POINT('',#13591);
#4713=VERTEX_POINT('',#13592);
#4714=VERTEX_POINT('',#13594);
#4715=VERTEX_POINT('',#13596);
#4716=VERTEX_POINT('',#13599);
#4717=VERTEX_POINT('',#13600);
#4718=VERTEX_POINT('',#13602);
#4719=VERTEX_POINT('',#13604);
#4720=VERTEX_POINT('',#13607);
#4721=VERTEX_POINT('',#13608);
#4722=VERTEX_POINT('',#13610);
#4723=VERTEX_POINT('',#13612);
#4724=VERTEX_POINT('',#13615);
#4725=VERTEX_POINT('',#13616);
#4726=VERTEX_POINT('',#13618);
#4727=VERTEX_POINT('',#13620);
#4728=VERTEX_POINT('',#13623);
#4729=VERTEX_POINT('',#13624);
#4730=VERTEX_POINT('',#13626);
#4731=VERTEX_POINT('',#13628);
#4732=VERTEX_POINT('',#13631);
#4733=VERTEX_POINT('',#13632);
#4734=VERTEX_POINT('',#13634);
#4735=VERTEX_POINT('',#13636);
#4736=VERTEX_POINT('',#13639);
#4737=VERTEX_POINT('',#13640);
#4738=VERTEX_POINT('',#13642);
#4739=VERTEX_POINT('',#13644);
#4740=VERTEX_POINT('',#13647);
#4741=VERTEX_POINT('',#13648);
#4742=VERTEX_POINT('',#13650);
#4743=VERTEX_POINT('',#13652);
#4744=VERTEX_POINT('',#13655);
#4745=VERTEX_POINT('',#13656);
#4746=VERTEX_POINT('',#13658);
#4747=VERTEX_POINT('',#13660);
#4748=VERTEX_POINT('',#13663);
#4749=VERTEX_POINT('',#13664);
#4750=VERTEX_POINT('',#13666);
#4751=VERTEX_POINT('',#13668);
#4752=VERTEX_POINT('',#13671);
#4753=VERTEX_POINT('',#13672);
#4754=VERTEX_POINT('',#13674);
#4755=VERTEX_POINT('',#13676);
#4756=VERTEX_POINT('',#13679);
#4757=VERTEX_POINT('',#13680);
#4758=VERTEX_POINT('',#13682);
#4759=VERTEX_POINT('',#13684);
#4760=VERTEX_POINT('',#13687);
#4761=VERTEX_POINT('',#13688);
#4762=VERTEX_POINT('',#13690);
#4763=VERTEX_POINT('',#13692);
#4764=VERTEX_POINT('',#13695);
#4765=VERTEX_POINT('',#13696);
#4766=VERTEX_POINT('',#13698);
#4767=VERTEX_POINT('',#13700);
#4768=VERTEX_POINT('',#13703);
#4769=VERTEX_POINT('',#13704);
#4770=VERTEX_POINT('',#13706);
#4771=VERTEX_POINT('',#13708);
#4772=VERTEX_POINT('',#13711);
#4773=VERTEX_POINT('',#13712);
#4774=VERTEX_POINT('',#13714);
#4775=VERTEX_POINT('',#13716);
#4776=VERTEX_POINT('',#13719);
#4777=VERTEX_POINT('',#13720);
#4778=VERTEX_POINT('',#13722);
#4779=VERTEX_POINT('',#13724);
#4780=VERTEX_POINT('',#13727);
#4781=VERTEX_POINT('',#13728);
#4782=VERTEX_POINT('',#13730);
#4783=VERTEX_POINT('',#13732);
#4784=VERTEX_POINT('',#13735);
#4785=VERTEX_POINT('',#13736);
#4786=VERTEX_POINT('',#13738);
#4787=VERTEX_POINT('',#13740);
#4788=VERTEX_POINT('',#13743);
#4789=VERTEX_POINT('',#13744);
#4790=VERTEX_POINT('',#13746);
#4791=VERTEX_POINT('',#13748);
#4792=VERTEX_POINT('',#13751);
#4793=VERTEX_POINT('',#13752);
#4794=VERTEX_POINT('',#13754);
#4795=VERTEX_POINT('',#13756);
#4796=VERTEX_POINT('',#13759);
#4797=VERTEX_POINT('',#13760);
#4798=VERTEX_POINT('',#13762);
#4799=VERTEX_POINT('',#13764);
#4800=VERTEX_POINT('',#13767);
#4801=VERTEX_POINT('',#13768);
#4802=VERTEX_POINT('',#13770);
#4803=VERTEX_POINT('',#13772);
#4804=VERTEX_POINT('',#13775);
#4805=VERTEX_POINT('',#13776);
#4806=VERTEX_POINT('',#13778);
#4807=VERTEX_POINT('',#13780);
#4808=VERTEX_POINT('',#13783);
#4809=VERTEX_POINT('',#13784);
#4810=VERTEX_POINT('',#13786);
#4811=VERTEX_POINT('',#13788);
#4812=VERTEX_POINT('',#13791);
#4813=VERTEX_POINT('',#13792);
#4814=VERTEX_POINT('',#13794);
#4815=VERTEX_POINT('',#13796);
#4816=VERTEX_POINT('',#13799);
#4817=VERTEX_POINT('',#13800);
#4818=VERTEX_POINT('',#13802);
#4819=VERTEX_POINT('',#13804);
#4820=VERTEX_POINT('',#13807);
#4821=VERTEX_POINT('',#13808);
#4822=VERTEX_POINT('',#13810);
#4823=VERTEX_POINT('',#13812);
#4824=VERTEX_POINT('',#13815);
#4825=VERTEX_POINT('',#13816);
#4826=VERTEX_POINT('',#13818);
#4827=VERTEX_POINT('',#13820);
#4828=VERTEX_POINT('',#13823);
#4829=VERTEX_POINT('',#13824);
#4830=VERTEX_POINT('',#13826);
#4831=VERTEX_POINT('',#13828);
#4832=VERTEX_POINT('',#13831);
#4833=VERTEX_POINT('',#13832);
#4834=VERTEX_POINT('',#13834);
#4835=VERTEX_POINT('',#13836);
#4836=VERTEX_POINT('',#13839);
#4837=VERTEX_POINT('',#13840);
#4838=VERTEX_POINT('',#13842);
#4839=VERTEX_POINT('',#13844);
#4840=VERTEX_POINT('',#13847);
#4841=VERTEX_POINT('',#13848);
#4842=VERTEX_POINT('',#13850);
#4843=VERTEX_POINT('',#13852);
#4844=VERTEX_POINT('',#13855);
#4845=VERTEX_POINT('',#13856);
#4846=VERTEX_POINT('',#13858);
#4847=VERTEX_POINT('',#13860);
#4848=VERTEX_POINT('',#13863);
#4849=VERTEX_POINT('',#13864);
#4850=VERTEX_POINT('',#13866);
#4851=VERTEX_POINT('',#13868);
#4852=VERTEX_POINT('',#13871);
#4853=VERTEX_POINT('',#13872);
#4854=VERTEX_POINT('',#13874);
#4855=VERTEX_POINT('',#13876);
#4856=VERTEX_POINT('',#13879);
#4857=VERTEX_POINT('',#13880);
#4858=VERTEX_POINT('',#13882);
#4859=VERTEX_POINT('',#13884);
#4860=VERTEX_POINT('',#13887);
#4861=VERTEX_POINT('',#13888);
#4862=VERTEX_POINT('',#13890);
#4863=VERTEX_POINT('',#13892);
#4864=VERTEX_POINT('',#13895);
#4865=VERTEX_POINT('',#13896);
#4866=VERTEX_POINT('',#13898);
#4867=VERTEX_POINT('',#13900);
#4868=VERTEX_POINT('',#13903);
#4869=VERTEX_POINT('',#13904);
#4870=VERTEX_POINT('',#13906);
#4871=VERTEX_POINT('',#13908);
#4872=VERTEX_POINT('',#13911);
#4873=VERTEX_POINT('',#13912);
#4874=VERTEX_POINT('',#13914);
#4875=VERTEX_POINT('',#13916);
#4876=VERTEX_POINT('',#13919);
#4877=VERTEX_POINT('',#13920);
#4878=VERTEX_POINT('',#13922);
#4879=VERTEX_POINT('',#13924);
#4880=VERTEX_POINT('',#13927);
#4881=VERTEX_POINT('',#13928);
#4882=VERTEX_POINT('',#13930);
#4883=VERTEX_POINT('',#13932);
#4884=VERTEX_POINT('',#13935);
#4885=VERTEX_POINT('',#13936);
#4886=VERTEX_POINT('',#13938);
#4887=VERTEX_POINT('',#13940);
#4888=VERTEX_POINT('',#13943);
#4889=VERTEX_POINT('',#13945);
#4890=VERTEX_POINT('',#13947);
#4891=VERTEX_POINT('',#13949);
#4892=VERTEX_POINT('',#13951);
#4893=VERTEX_POINT('',#13953);
#4894=VERTEX_POINT('',#13955);
#4895=VERTEX_POINT('',#13957);
#4896=VERTEX_POINT('',#13959);
#4897=VERTEX_POINT('',#13961);
#4898=VERTEX_POINT('',#13963);
#4899=VERTEX_POINT('',#13965);
#4900=VERTEX_POINT('',#13967);
#4901=VERTEX_POINT('',#13969);
#4902=VERTEX_POINT('',#13971);
#4903=VERTEX_POINT('',#13973);
#4904=VERTEX_POINT('',#13975);
#4905=VERTEX_POINT('',#13977);
#4906=VERTEX_POINT('',#13979);
#4907=VERTEX_POINT('',#13981);
#4908=VERTEX_POINT('',#13983);
#4909=VERTEX_POINT('',#13985);
#4910=VERTEX_POINT('',#13987);
#4911=VERTEX_POINT('',#13989);
#4912=VERTEX_POINT('',#13991);
#4913=VERTEX_POINT('',#13993);
#4914=VERTEX_POINT('',#13995);
#4915=VERTEX_POINT('',#13997);
#4916=VERTEX_POINT('',#13999);
#4917=VERTEX_POINT('',#14001);
#4918=VERTEX_POINT('',#14003);
#4919=VERTEX_POINT('',#14005);
#4920=VERTEX_POINT('',#14007);
#4921=VERTEX_POINT('',#14009);
#4922=VERTEX_POINT('',#14011);
#4923=VERTEX_POINT('',#14013);
#4924=VERTEX_POINT('',#14015);
#4925=VERTEX_POINT('',#14017);
#4926=VERTEX_POINT('',#14019);
#4927=VERTEX_POINT('',#14021);
#4928=VERTEX_POINT('',#14023);
#4929=VERTEX_POINT('',#14025);
#4930=VERTEX_POINT('',#14027);
#4931=VERTEX_POINT('',#14029);
#4932=VERTEX_POINT('',#14031);
#4933=VERTEX_POINT('',#14033);
#4934=VERTEX_POINT('',#14035);
#4935=VERTEX_POINT('',#14037);
#4936=VERTEX_POINT('',#14039);
#4937=VERTEX_POINT('',#14041);
#4938=VERTEX_POINT('',#14043);
#4939=VERTEX_POINT('',#14045);
#4940=VERTEX_POINT('',#14047);
#4941=VERTEX_POINT('',#14049);
#4942=VERTEX_POINT('',#14051);
#4943=VERTEX_POINT('',#14053);
#4944=VERTEX_POINT('',#14055);
#4945=VERTEX_POINT('',#14057);
#4946=VERTEX_POINT('',#14059);
#4947=VERTEX_POINT('',#14061);
#4948=VERTEX_POINT('',#14063);
#4949=VERTEX_POINT('',#14065);
#4950=VERTEX_POINT('',#14067);
#4951=VERTEX_POINT('',#14069);
#4952=VERTEX_POINT('',#14071);
#4953=VERTEX_POINT('',#14073);
#4954=VERTEX_POINT('',#14075);
#4955=VERTEX_POINT('',#14077);
#4956=VERTEX_POINT('',#14079);
#4957=VERTEX_POINT('',#14081);
#4958=VERTEX_POINT('',#14083);
#4959=VERTEX_POINT('',#14085);
#4960=VERTEX_POINT('',#14087);
#4961=VERTEX_POINT('',#14089);
#4962=VERTEX_POINT('',#14091);
#4963=VERTEX_POINT('',#14093);
#4964=VERTEX_POINT('',#14095);
#4965=VERTEX_POINT('',#14097);
#4966=VERTEX_POINT('',#14099);
#4967=VERTEX_POINT('',#14101);
#4968=VERTEX_POINT('',#14103);
#4969=VERTEX_POINT('',#14105);
#4970=VERTEX_POINT('',#14107);
#4971=VERTEX_POINT('',#14109);
#4972=VERTEX_POINT('',#14111);
#4973=VERTEX_POINT('',#14113);
#4974=VERTEX_POINT('',#14115);
#4975=VERTEX_POINT('',#14117);
#4976=VERTEX_POINT('',#14119);
#4977=VERTEX_POINT('',#14121);
#4978=VERTEX_POINT('',#14123);
#4979=VERTEX_POINT('',#14125);
#4980=VERTEX_POINT('',#14127);
#4981=VERTEX_POINT('',#14129);
#4982=VERTEX_POINT('',#14131);
#4983=VERTEX_POINT('',#14133);
#4984=VERTEX_POINT('',#14135);
#4985=VERTEX_POINT('',#14136);
#4986=VERTEX_POINT('',#14138);
#4987=VERTEX_POINT('',#14140);
#4988=VERTEX_POINT('',#14142);
#4989=VERTEX_POINT('',#14144);
#4990=VERTEX_POINT('',#14146);
#4991=VERTEX_POINT('',#14148);
#4992=VERTEX_POINT('',#14151);
#4993=VERTEX_POINT('',#14152);
#4994=VERTEX_POINT('',#14154);
#4995=VERTEX_POINT('',#14156);
#4996=VERTEX_POINT('',#14158);
#4997=VERTEX_POINT('',#14160);
#4998=VERTEX_POINT('',#14162);
#4999=VERTEX_POINT('',#14164);
#5000=VERTEX_POINT('',#14167);
#5001=VERTEX_POINT('',#14168);
#5002=VERTEX_POINT('',#14170);
#5003=VERTEX_POINT('',#14172);
#5004=VERTEX_POINT('',#14174);
#5005=VERTEX_POINT('',#14176);
#5006=VERTEX_POINT('',#14178);
#5007=VERTEX_POINT('',#14180);
#5008=VERTEX_POINT('',#14183);
#5009=VERTEX_POINT('',#14184);
#5010=VERTEX_POINT('',#14186);
#5011=VERTEX_POINT('',#14188);
#5012=VERTEX_POINT('',#14190);
#5013=VERTEX_POINT('',#14192);
#5014=VERTEX_POINT('',#14194);
#5015=VERTEX_POINT('',#14196);
#5016=VERTEX_POINT('',#14199);
#5017=VERTEX_POINT('',#14200);
#5018=VERTEX_POINT('',#14202);
#5019=VERTEX_POINT('',#14204);
#5020=VERTEX_POINT('',#14206);
#5021=VERTEX_POINT('',#14208);
#5022=VERTEX_POINT('',#14210);
#5023=VERTEX_POINT('',#14212);
#5024=VERTEX_POINT('',#14215);
#5025=VERTEX_POINT('',#14216);
#5026=VERTEX_POINT('',#14218);
#5027=VERTEX_POINT('',#14220);
#5028=VERTEX_POINT('',#14222);
#5029=VERTEX_POINT('',#14224);
#5030=VERTEX_POINT('',#14227);
#5031=VERTEX_POINT('',#14228);
#5032=VERTEX_POINT('',#14230);
#5033=VERTEX_POINT('',#14232);
#5034=VERTEX_POINT('',#14234);
#5035=VERTEX_POINT('',#14236);
#5036=VERTEX_POINT('',#14238);
#5037=VERTEX_POINT('',#14240);
#5038=VERTEX_POINT('',#14243);
#5039=VERTEX_POINT('',#14244);
#5040=VERTEX_POINT('',#14246);
#5041=VERTEX_POINT('',#14248);
#5042=VERTEX_POINT('',#14250);
#5043=VERTEX_POINT('',#14252);
#5044=VERTEX_POINT('',#14255);
#5045=VERTEX_POINT('',#14256);
#5046=VERTEX_POINT('',#14258);
#5047=VERTEX_POINT('',#14260);
#5048=VERTEX_POINT('',#14262);
#5049=VERTEX_POINT('',#14264);
#5050=VERTEX_POINT('',#14267);
#5051=VERTEX_POINT('',#14268);
#5052=VERTEX_POINT('',#14270);
#5053=VERTEX_POINT('',#14272);
#5054=VERTEX_POINT('',#14274);
#5055=VERTEX_POINT('',#14276);
#5056=VERTEX_POINT('',#14278);
#5057=VERTEX_POINT('',#14280);
#5058=VERTEX_POINT('',#14283);
#5059=VERTEX_POINT('',#14284);
#5060=VERTEX_POINT('',#14286);
#5061=VERTEX_POINT('',#14288);
#5062=VERTEX_POINT('',#14290);
#5063=VERTEX_POINT('',#14292);
#5064=VERTEX_POINT('',#14294);
#5065=VERTEX_POINT('',#14296);
#5066=VERTEX_POINT('',#14299);
#5067=VERTEX_POINT('',#14300);
#5068=VERTEX_POINT('',#14302);
#5069=VERTEX_POINT('',#14304);
#5070=VERTEX_POINT('',#14306);
#5071=VERTEX_POINT('',#14308);
#5072=VERTEX_POINT('',#14310);
#5073=VERTEX_POINT('',#14312);
#5074=VERTEX_POINT('',#14315);
#5075=VERTEX_POINT('',#14316);
#5076=VERTEX_POINT('',#14318);
#5077=VERTEX_POINT('',#14320);
#5078=VERTEX_POINT('',#14322);
#5079=VERTEX_POINT('',#14324);
#5080=VERTEX_POINT('',#14326);
#5081=VERTEX_POINT('',#14328);
#5082=VERTEX_POINT('',#14331);
#5083=VERTEX_POINT('',#14332);
#5084=VERTEX_POINT('',#14334);
#5085=VERTEX_POINT('',#14336);
#5086=VERTEX_POINT('',#14338);
#5087=VERTEX_POINT('',#14340);
#5088=VERTEX_POINT('',#14342);
#5089=VERTEX_POINT('',#14344);
#5090=VERTEX_POINT('',#14347);
#5091=VERTEX_POINT('',#14348);
#5092=VERTEX_POINT('',#14350);
#5093=VERTEX_POINT('',#14352);
#5094=VERTEX_POINT('',#14354);
#5095=VERTEX_POINT('',#14356);
#5096=VERTEX_POINT('',#14358);
#5097=VERTEX_POINT('',#14360);
#5098=VERTEX_POINT('',#14363);
#5099=VERTEX_POINT('',#14364);
#5100=VERTEX_POINT('',#14366);
#5101=VERTEX_POINT('',#14368);
#5102=VERTEX_POINT('',#14370);
#5103=VERTEX_POINT('',#14372);
#5104=VERTEX_POINT('',#14374);
#5105=VERTEX_POINT('',#14376);
#5106=VERTEX_POINT('',#14379);
#5107=VERTEX_POINT('',#14380);
#5108=VERTEX_POINT('',#14382);
#5109=VERTEX_POINT('',#14384);
#5110=VERTEX_POINT('',#14386);
#5111=VERTEX_POINT('',#14388);
#5112=VERTEX_POINT('',#14390);
#5113=VERTEX_POINT('',#14392);
#5114=VERTEX_POINT('',#14395);
#5115=VERTEX_POINT('',#14396);
#5116=VERTEX_POINT('',#14398);
#5117=VERTEX_POINT('',#14400);
#5118=VERTEX_POINT('',#14402);
#5119=VERTEX_POINT('',#14404);
#5120=VERTEX_POINT('',#14407);
#5121=VERTEX_POINT('',#14408);
#5122=VERTEX_POINT('',#14410);
#5123=VERTEX_POINT('',#14412);
#5124=VERTEX_POINT('',#14414);
#5125=VERTEX_POINT('',#14416);
#5126=VERTEX_POINT('',#14418);
#5127=VERTEX_POINT('',#14420);
#5128=VERTEX_POINT('',#14423);
#5129=VERTEX_POINT('',#14424);
#5130=VERTEX_POINT('',#14426);
#5131=VERTEX_POINT('',#14428);
#5132=VERTEX_POINT('',#14430);
#5133=VERTEX_POINT('',#14432);
#5134=VERTEX_POINT('',#14434);
#5135=VERTEX_POINT('',#14436);
#5136=VERTEX_POINT('',#14439);
#5137=VERTEX_POINT('',#14440);
#5138=VERTEX_POINT('',#14442);
#5139=VERTEX_POINT('',#14444);
#5140=VERTEX_POINT('',#14446);
#5141=VERTEX_POINT('',#14448);
#5142=VERTEX_POINT('',#14451);
#5143=VERTEX_POINT('',#14452);
#5144=VERTEX_POINT('',#14454);
#5145=VERTEX_POINT('',#14456);
#5146=VERTEX_POINT('',#14458);
#5147=VERTEX_POINT('',#14460);
#5148=VERTEX_POINT('',#14462);
#5149=VERTEX_POINT('',#14464);
#5150=VERTEX_POINT('',#14466);
#5151=VERTEX_POINT('',#14468);
#5152=VERTEX_POINT('',#14470);
#5153=VERTEX_POINT('',#14472);
#5154=VERTEX_POINT('',#14474);
#5155=VERTEX_POINT('',#14476);
#5156=VERTEX_POINT('',#14478);
#5157=VERTEX_POINT('',#14480);
#5158=LINE('',#12697,#6048);
#5159=LINE('',#12700,#6049);
#5160=LINE('',#12702,#6050);
#5161=LINE('',#12704,#6051);
#5162=LINE('',#12705,#6052);
#5163=LINE('',#12708,#6053);
#5164=LINE('',#12710,#6054);
#5165=LINE('',#12712,#6055);
#5166=LINE('',#12713,#6056);
#5167=LINE('',#12716,#6057);
#5168=LINE('',#12718,#6058);
#5169=LINE('',#12720,#6059);
#5170=LINE('',#12721,#6060);
#5171=LINE('',#12724,#6061);
#5172=LINE('',#12726,#6062);
#5173=LINE('',#12728,#6063);
#5174=LINE('',#12729,#6064);
#5175=LINE('',#12732,#6065);
#5176=LINE('',#12734,#6066);
#5177=LINE('',#12736,#6067);
#5178=LINE('',#12737,#6068);
#5179=LINE('',#12740,#6069);
#5180=LINE('',#12742,#6070);
#5181=LINE('',#12744,#6071);
#5182=LINE('',#12745,#6072);
#5183=LINE('',#12748,#6073);
#5184=LINE('',#12750,#6074);
#5185=LINE('',#12752,#6075);
#5186=LINE('',#12753,#6076);
#5187=LINE('',#12756,#6077);
#5188=LINE('',#12758,#6078);
#5189=LINE('',#12760,#6079);
#5190=LINE('',#12761,#6080);
#5191=LINE('',#12764,#6081);
#5192=LINE('',#12766,#6082);
#5193=LINE('',#12768,#6083);
#5194=LINE('',#12769,#6084);
#5195=LINE('',#12772,#6085);
#5196=LINE('',#12774,#6086);
#5197=LINE('',#12776,#6087);
#5198=LINE('',#12777,#6088);
#5199=LINE('',#12780,#6089);
#5200=LINE('',#12782,#6090);
#5201=LINE('',#12784,#6091);
#5202=LINE('',#12785,#6092);
#5203=LINE('',#12788,#6093);
#5204=LINE('',#12790,#6094);
#5205=LINE('',#12792,#6095);
#5206=LINE('',#12793,#6096);
#5207=LINE('',#12796,#6097);
#5208=LINE('',#12798,#6098);
#5209=LINE('',#12800,#6099);
#5210=LINE('',#12801,#6100);
#5211=LINE('',#12804,#6101);
#5212=LINE('',#12806,#6102);
#5213=LINE('',#12808,#6103);
#5214=LINE('',#12809,#6104);
#5215=LINE('',#12812,#6105);
#5216=LINE('',#12814,#6106);
#5217=LINE('',#12816,#6107);
#5218=LINE('',#12817,#6108);
#5219=LINE('',#12820,#6109);
#5220=LINE('',#12822,#6110);
#5221=LINE('',#12824,#6111);
#5222=LINE('',#12825,#6112);
#5223=LINE('',#12828,#6113);
#5224=LINE('',#12830,#6114);
#5225=LINE('',#12832,#6115);
#5226=LINE('',#12833,#6116);
#5227=LINE('',#12836,#6117);
#5228=LINE('',#12838,#6118);
#5229=LINE('',#12840,#6119);
#5230=LINE('',#12841,#6120);
#5231=LINE('',#12844,#6121);
#5232=LINE('',#12846,#6122);
#5233=LINE('',#12848,#6123);
#5234=LINE('',#12849,#6124);
#5235=LINE('',#12852,#6125);
#5236=LINE('',#12854,#6126);
#5237=LINE('',#12856,#6127);
#5238=LINE('',#12857,#6128);
#5239=LINE('',#12860,#6129);
#5240=LINE('',#12862,#6130);
#5241=LINE('',#12864,#6131);
#5242=LINE('',#12865,#6132);
#5243=LINE('',#12868,#6133);
#5244=LINE('',#12870,#6134);
#5245=LINE('',#12872,#6135);
#5246=LINE('',#12873,#6136);
#5247=LINE('',#12876,#6137);
#5248=LINE('',#12878,#6138);
#5249=LINE('',#12880,#6139);
#5250=LINE('',#12881,#6140);
#5251=LINE('',#12884,#6141);
#5252=LINE('',#12886,#6142);
#5253=LINE('',#12888,#6143);
#5254=LINE('',#12889,#6144);
#5255=LINE('',#12892,#6145);
#5256=LINE('',#12894,#6146);
#5257=LINE('',#12896,#6147);
#5258=LINE('',#12897,#6148);
#5259=LINE('',#12900,#6149);
#5260=LINE('',#12902,#6150);
#5261=LINE('',#12904,#6151);
#5262=LINE('',#12905,#6152);
#5263=LINE('',#12908,#6153);
#5264=LINE('',#12910,#6154);
#5265=LINE('',#12912,#6155);
#5266=LINE('',#12913,#6156);
#5267=LINE('',#12916,#6157);
#5268=LINE('',#12918,#6158);
#5269=LINE('',#12920,#6159);
#5270=LINE('',#12921,#6160);
#5271=LINE('',#12924,#6161);
#5272=LINE('',#12926,#6162);
#5273=LINE('',#12928,#6163);
#5274=LINE('',#13121,#6164);
#5275=LINE('',#13126,#6165);
#5276=LINE('',#13130,#6166);
#5277=LINE('',#13134,#6167);
#5278=LINE('',#13137,#6168);
#5279=LINE('',#13142,#6169);
#5280=LINE('',#13146,#6170);
#5281=LINE('',#13149,#6171);
#5282=LINE('',#13154,#6172);
#5283=LINE('',#13158,#6173);
#5284=LINE('',#13162,#6174);
#5285=LINE('',#13168,#6175);
#5286=LINE('',#13172,#6176);
#5287=LINE('',#13176,#6177);
#5288=LINE('',#13180,#6178);
#5289=LINE('',#13184,#6179);
#5290=LINE('',#13188,#6180);
#5291=LINE('',#13189,#6181);
#5292=LINE('',#13194,#6182);
#5293=LINE('',#13198,#6183);
#5294=LINE('',#13202,#6184);
#5295=LINE('',#13205,#6185);
#5296=LINE('',#13210,#6186);
#5297=LINE('',#13214,#6187);
#5298=LINE('',#13218,#6188);
#5299=LINE('',#13221,#6189);
#5300=LINE('',#13226,#6190);
#5301=LINE('',#13230,#6191);
#5302=LINE('',#13234,#6192);
#5303=LINE('',#13237,#6193);
#5304=LINE('',#13242,#6194);
#5305=LINE('',#13246,#6195);
#5306=LINE('',#13250,#6196);
#5307=LINE('',#13253,#6197);
#5308=LINE('',#13258,#6198);
#5309=LINE('',#13262,#6199);
#5310=LINE('',#13266,#6200);
#5311=LINE('',#13269,#6201);
#5312=LINE('',#13274,#6202);
#5313=LINE('',#13278,#6203);
#5314=LINE('',#13282,#6204);
#5315=LINE('',#13285,#6205);
#5316=LINE('',#13290,#6206);
#5317=LINE('',#13294,#6207);
#5318=LINE('',#13298,#6208);
#5319=LINE('',#13301,#6209);
#5320=LINE('',#13306,#6210);
#5321=LINE('',#13310,#6211);
#5322=LINE('',#13314,#6212);
#5323=LINE('',#13317,#6213);
#5324=LINE('',#13322,#6214);
#5325=LINE('',#13326,#6215);
#5326=LINE('',#13330,#6216);
#5327=LINE('',#13333,#6217);
#5328=LINE('',#13338,#6218);
#5329=LINE('',#13342,#6219);
#5330=LINE('',#13346,#6220);
#5331=LINE('',#13349,#6221);
#5332=LINE('',#13352,#6222);
#5333=LINE('',#13354,#6223);
#5334=LINE('',#13356,#6224);
#5335=LINE('',#13358,#6225);
#5336=LINE('',#13360,#6226);
#5337=LINE('',#13361,#6227);
#5338=LINE('',#13366,#6228);
#5339=LINE('',#13370,#6229);
#5340=LINE('',#13374,#6230);
#5341=LINE('',#13377,#6231);
#5342=LINE('',#13382,#6232);
#5343=LINE('',#13386,#6233);
#5344=LINE('',#13390,#6234);
#5345=LINE('',#13393,#6235);
#5346=LINE('',#13398,#6236);
#5347=LINE('',#13402,#6237);
#5348=LINE('',#13406,#6238);
#5349=LINE('',#13409,#6239);
#5350=LINE('',#13414,#6240);
#5351=LINE('',#13418,#6241);
#5352=LINE('',#13422,#6242);
#5353=LINE('',#13425,#6243);
#5354=LINE('',#13430,#6244);
#5355=LINE('',#13434,#6245);
#5356=LINE('',#13437,#6246);
#5357=LINE('',#13440,#6247);
#5358=LINE('',#13442,#6248);
#5359=LINE('',#13444,#6249);
#5360=LINE('',#13445,#6250);
#5361=LINE('',#13448,#6251);
#5362=LINE('',#13450,#6252);
#5363=LINE('',#13452,#6253);
#5364=LINE('',#13453,#6254);
#5365=LINE('',#13456,#6255);
#5366=LINE('',#13458,#6256);
#5367=LINE('',#13460,#6257);
#5368=LINE('',#13461,#6258);
#5369=LINE('',#13464,#6259);
#5370=LINE('',#13466,#6260);
#5371=LINE('',#13468,#6261);
#5372=LINE('',#13469,#6262);
#5373=LINE('',#13472,#6263);
#5374=LINE('',#13474,#6264);
#5375=LINE('',#13476,#6265);
#5376=LINE('',#13477,#6266);
#5377=LINE('',#13480,#6267);
#5378=LINE('',#13482,#6268);
#5379=LINE('',#13484,#6269);
#5380=LINE('',#13485,#6270);
#5381=LINE('',#13488,#6271);
#5382=LINE('',#13490,#6272);
#5383=LINE('',#13492,#6273);
#5384=LINE('',#13493,#6274);
#5385=LINE('',#13496,#6275);
#5386=LINE('',#13498,#6276);
#5387=LINE('',#13500,#6277);
#5388=LINE('',#13501,#6278);
#5389=LINE('',#13504,#6279);
#5390=LINE('',#13506,#6280);
#5391=LINE('',#13508,#6281);
#5392=LINE('',#13509,#6282);
#5393=LINE('',#13512,#6283);
#5394=LINE('',#13514,#6284);
#5395=LINE('',#13516,#6285);
#5396=LINE('',#13517,#6286);
#5397=LINE('',#13520,#6287);
#5398=LINE('',#13522,#6288);
#5399=LINE('',#13524,#6289);
#5400=LINE('',#13525,#6290);
#5401=LINE('',#13528,#6291);
#5402=LINE('',#13530,#6292);
#5403=LINE('',#13532,#6293);
#5404=LINE('',#13533,#6294);
#5405=LINE('',#13536,#6295);
#5406=LINE('',#13538,#6296);
#5407=LINE('',#13540,#6297);
#5408=LINE('',#13541,#6298);
#5409=LINE('',#13544,#6299);
#5410=LINE('',#13546,#6300);
#5411=LINE('',#13548,#6301);
#5412=LINE('',#13549,#6302);
#5413=LINE('',#13552,#6303);
#5414=LINE('',#13554,#6304);
#5415=LINE('',#13556,#6305);
#5416=LINE('',#13557,#6306);
#5417=LINE('',#13562,#6307);
#5418=LINE('',#13564,#6308);
#5419=LINE('',#13566,#6309);
#5420=LINE('',#13570,#6310);
#5421=LINE('',#13572,#6311);
#5422=LINE('',#13574,#6312);
#5423=LINE('',#13578,#6313);
#5424=LINE('',#13580,#6314);
#5425=LINE('',#13582,#6315);
#5426=LINE('',#13586,#6316);
#5427=LINE('',#13588,#6317);
#5428=LINE('',#13590,#6318);
#5429=LINE('',#13593,#6319);
#5430=LINE('',#13595,#6320);
#5431=LINE('',#13597,#6321);
#5432=LINE('',#13598,#6322);
#5433=LINE('',#13601,#6323);
#5434=LINE('',#13603,#6324);
#5435=LINE('',#13605,#6325);
#5436=LINE('',#13606,#6326);
#5437=LINE('',#13609,#6327);
#5438=LINE('',#13611,#6328);
#5439=LINE('',#13613,#6329);
#5440=LINE('',#13614,#6330);
#5441=LINE('',#13617,#6331);
#5442=LINE('',#13619,#6332);
#5443=LINE('',#13621,#6333);
#5444=LINE('',#13622,#6334);
#5445=LINE('',#13625,#6335);
#5446=LINE('',#13627,#6336);
#5447=LINE('',#13629,#6337);
#5448=LINE('',#13630,#6338);
#5449=LINE('',#13633,#6339);
#5450=LINE('',#13635,#6340);
#5451=LINE('',#13637,#6341);
#5452=LINE('',#13638,#6342);
#5453=LINE('',#13641,#6343);
#5454=LINE('',#13643,#6344);
#5455=LINE('',#13645,#6345);
#5456=LINE('',#13646,#6346);
#5457=LINE('',#13649,#6347);
#5458=LINE('',#13651,#6348);
#5459=LINE('',#13653,#6349);
#5460=LINE('',#13654,#6350);
#5461=LINE('',#13657,#6351);
#5462=LINE('',#13659,#6352);
#5463=LINE('',#13661,#6353);
#5464=LINE('',#13662,#6354);
#5465=LINE('',#13665,#6355);
#5466=LINE('',#13667,#6356);
#5467=LINE('',#13669,#6357);
#5468=LINE('',#13670,#6358);
#5469=LINE('',#13673,#6359);
#5470=LINE('',#13675,#6360);
#5471=LINE('',#13677,#6361);
#5472=LINE('',#13678,#6362);
#5473=LINE('',#13681,#6363);
#5474=LINE('',#13683,#6364);
#5475=LINE('',#13685,#6365);
#5476=LINE('',#13686,#6366);
#5477=LINE('',#13689,#6367);
#5478=LINE('',#13691,#6368);
#5479=LINE('',#13693,#6369);
#5480=LINE('',#13694,#6370);
#5481=LINE('',#13697,#6371);
#5482=LINE('',#13699,#6372);
#5483=LINE('',#13701,#6373);
#5484=LINE('',#13702,#6374);
#5485=LINE('',#13705,#6375);
#5486=LINE('',#13707,#6376);
#5487=LINE('',#13709,#6377);
#5488=LINE('',#13710,#6378);
#5489=LINE('',#13713,#6379);
#5490=LINE('',#13715,#6380);
#5491=LINE('',#13717,#6381);
#5492=LINE('',#13718,#6382);
#5493=LINE('',#13721,#6383);
#5494=LINE('',#13723,#6384);
#5495=LINE('',#13725,#6385);
#5496=LINE('',#13726,#6386);
#5497=LINE('',#13729,#6387);
#5498=LINE('',#13731,#6388);
#5499=LINE('',#13733,#6389);
#5500=LINE('',#13734,#6390);
#5501=LINE('',#13737,#6391);
#5502=LINE('',#13739,#6392);
#5503=LINE('',#13741,#6393);
#5504=LINE('',#13742,#6394);
#5505=LINE('',#13745,#6395);
#5506=LINE('',#13747,#6396);
#5507=LINE('',#13749,#6397);
#5508=LINE('',#13750,#6398);
#5509=LINE('',#13753,#6399);
#5510=LINE('',#13755,#6400);
#5511=LINE('',#13757,#6401);
#5512=LINE('',#13758,#6402);
#5513=LINE('',#13761,#6403);
#5514=LINE('',#13763,#6404);
#5515=LINE('',#13765,#6405);
#5516=LINE('',#13766,#6406);
#5517=LINE('',#13769,#6407);
#5518=LINE('',#13771,#6408);
#5519=LINE('',#13773,#6409);
#5520=LINE('',#13774,#6410);
#5521=LINE('',#13777,#6411);
#5522=LINE('',#13779,#6412);
#5523=LINE('',#13781,#6413);
#5524=LINE('',#13782,#6414);
#5525=LINE('',#13785,#6415);
#5526=LINE('',#13787,#6416);
#5527=LINE('',#13789,#6417);
#5528=LINE('',#13790,#6418);
#5529=LINE('',#13793,#6419);
#5530=LINE('',#13795,#6420);
#5531=LINE('',#13797,#6421);
#5532=LINE('',#13798,#6422);
#5533=LINE('',#13801,#6423);
#5534=LINE('',#13803,#6424);
#5535=LINE('',#13805,#6425);
#5536=LINE('',#13806,#6426);
#5537=LINE('',#13809,#6427);
#5538=LINE('',#13811,#6428);
#5539=LINE('',#13813,#6429);
#5540=LINE('',#13814,#6430);
#5541=LINE('',#13817,#6431);
#5542=LINE('',#13819,#6432);
#5543=LINE('',#13821,#6433);
#5544=LINE('',#13822,#6434);
#5545=LINE('',#13825,#6435);
#5546=LINE('',#13827,#6436);
#5547=LINE('',#13829,#6437);
#5548=LINE('',#13830,#6438);
#5549=LINE('',#13833,#6439);
#5550=LINE('',#13835,#6440);
#5551=LINE('',#13837,#6441);
#5552=LINE('',#13838,#6442);
#5553=LINE('',#13841,#6443);
#5554=LINE('',#13843,#6444);
#5555=LINE('',#13845,#6445);
#5556=LINE('',#13846,#6446);
#5557=LINE('',#13849,#6447);
#5558=LINE('',#13851,#6448);
#5559=LINE('',#13853,#6449);
#5560=LINE('',#13854,#6450);
#5561=LINE('',#13857,#6451);
#5562=LINE('',#13859,#6452);
#5563=LINE('',#13861,#6453);
#5564=LINE('',#13862,#6454);
#5565=LINE('',#13865,#6455);
#5566=LINE('',#13867,#6456);
#5567=LINE('',#13869,#6457);
#5568=LINE('',#13870,#6458);
#5569=LINE('',#13873,#6459);
#5570=LINE('',#13875,#6460);
#5571=LINE('',#13877,#6461);
#5572=LINE('',#13878,#6462);
#5573=LINE('',#13881,#6463);
#5574=LINE('',#13883,#6464);
#5575=LINE('',#13885,#6465);
#5576=LINE('',#13886,#6466);
#5577=LINE('',#13889,#6467);
#5578=LINE('',#13891,#6468);
#5579=LINE('',#13893,#6469);
#5580=LINE('',#13894,#6470);
#5581=LINE('',#13897,#6471);
#5582=LINE('',#13899,#6472);
#5583=LINE('',#13901,#6473);
#5584=LINE('',#13902,#6474);
#5585=LINE('',#13905,#6475);
#5586=LINE('',#13907,#6476);
#5587=LINE('',#13909,#6477);
#5588=LINE('',#13910,#6478);
#5589=LINE('',#13913,#6479);
#5590=LINE('',#13915,#6480);
#5591=LINE('',#13917,#6481);
#5592=LINE('',#13918,#6482);
#5593=LINE('',#13921,#6483);
#5594=LINE('',#13923,#6484);
#5595=LINE('',#13925,#6485);
#5596=LINE('',#13926,#6486);
#5597=LINE('',#13929,#6487);
#5598=LINE('',#13931,#6488);
#5599=LINE('',#13933,#6489);
#5600=LINE('',#13934,#6490);
#5601=LINE('',#13937,#6491);
#5602=LINE('',#13939,#6492);
#5603=LINE('',#13941,#6493);
#5604=LINE('',#14137,#6494);
#5605=LINE('',#14141,#6495);
#5606=LINE('',#14145,#6496);
#5607=LINE('',#14149,#6497);
#5608=LINE('',#14153,#6498);
#5609=LINE('',#14157,#6499);
#5610=LINE('',#14161,#6500);
#5611=LINE('',#14165,#6501);
#5612=LINE('',#14169,#6502);
#5613=LINE('',#14173,#6503);
#5614=LINE('',#14177,#6504);
#5615=LINE('',#14181,#6505);
#5616=LINE('',#14185,#6506);
#5617=LINE('',#14189,#6507);
#5618=LINE('',#14193,#6508);
#5619=LINE('',#14197,#6509);
#5620=LINE('',#14201,#6510);
#5621=LINE('',#14205,#6511);
#5622=LINE('',#14209,#6512);
#5623=LINE('',#14213,#6513);
#5624=LINE('',#14217,#6514);
#5625=LINE('',#14221,#6515);
#5626=LINE('',#14225,#6516);
#5627=LINE('',#14229,#6517);
#5628=LINE('',#14233,#6518);
#5629=LINE('',#14237,#6519);
#5630=LINE('',#14241,#6520);
#5631=LINE('',#14242,#6521);
#5632=LINE('',#14247,#6522);
#5633=LINE('',#14251,#6523);
#5634=LINE('',#14257,#6524);
#5635=LINE('',#14261,#6525);
#5636=LINE('',#14265,#6526);
#5637=LINE('',#14269,#6527);
#5638=LINE('',#14273,#6528);
#5639=LINE('',#14277,#6529);
#5640=LINE('',#14281,#6530);
#5641=LINE('',#14282,#6531);
#5642=LINE('',#14287,#6532);
#5643=LINE('',#14291,#6533);
#5644=LINE('',#14295,#6534);
#5645=LINE('',#14301,#6535);
#5646=LINE('',#14305,#6536);
#5647=LINE('',#14309,#6537);
#5648=LINE('',#14313,#6538);
#5649=LINE('',#14317,#6539);
#5650=LINE('',#14321,#6540);
#5651=LINE('',#14325,#6541);
#5652=LINE('',#14329,#6542);
#5653=LINE('',#14333,#6543);
#5654=LINE('',#14337,#6544);
#5655=LINE('',#14341,#6545);
#5656=LINE('',#14345,#6546);
#5657=LINE('',#14349,#6547);
#5658=LINE('',#14353,#6548);
#5659=LINE('',#14357,#6549);
#5660=LINE('',#14361,#6550);
#5661=LINE('',#14365,#6551);
#5662=LINE('',#14369,#6552);
#5663=LINE('',#14373,#6553);
#5664=LINE('',#14377,#6554);
#5665=LINE('',#14381,#6555);
#5666=LINE('',#14385,#6556);
#5667=LINE('',#14389,#6557);
#5668=LINE('',#14393,#6558);
#5669=LINE('',#14394,#6559);
#5670=LINE('',#14397,#6560);
#5671=LINE('',#14399,#6561);
#5672=LINE('',#14401,#6562);
#5673=LINE('',#14403,#6563);
#5674=LINE('',#14405,#6564);
#5675=LINE('',#14409,#6565);
#5676=LINE('',#14413,#6566);
#5677=LINE('',#14417,#6567);
#5678=LINE('',#14421,#6568);
#5679=LINE('',#14425,#6569);
#5680=LINE('',#14429,#6570);
#5681=LINE('',#14433,#6571);
#5682=LINE('',#14437,#6572);
#5683=LINE('',#14441,#6573);
#5684=LINE('',#14445,#6574);
#5685=LINE('',#14449,#6575);
#5686=LINE('',#14453,#6576);
#5687=LINE('',#14455,#6577);
#5688=LINE('',#14457,#6578);
#5689=LINE('',#14461,#6579);
#5690=LINE('',#14463,#6580);
#5691=LINE('',#14465,#6581);
#5692=LINE('',#14469,#6582);
#5693=LINE('',#14471,#6583);
#5694=LINE('',#14473,#6584);
#5695=LINE('',#14477,#6585);
#5696=LINE('',#14479,#6586);
#5697=LINE('',#14481,#6587);
#5698=LINE('',#14483,#6588);
#5699=LINE('',#14484,#6589);
#5700=LINE('',#14486,#6590);
#5701=LINE('',#14487,#6591);
#5702=LINE('',#14489,#6592);
#5703=LINE('',#14490,#6593);
#5704=LINE('',#14492,#6594);
#5705=LINE('',#14493,#6595);
#5706=LINE('',#14495,#6596);
#5707=LINE('',#14496,#6597);
#5708=LINE('',#14498,#6598);
#5709=LINE('',#14500,#6599);
#5710=LINE('',#14502,#6600);
#5711=LINE('',#14504,#6601);
#5712=LINE('',#14507,#6602);
#5713=LINE('',#14508,#6603);
#5714=LINE('',#14510,#6604);
#5715=LINE('',#14511,#6605);
#5716=LINE('',#14513,#6606);
#5717=LINE('',#14514,#6607);
#5718=LINE('',#14516,#6608);
#5719=LINE('',#14517,#6609);
#5720=LINE('',#14523,#6610);
#5721=LINE('',#14524,#6611);
#5722=LINE('',#14526,#6612);
#5723=LINE('',#14527,#6613);
#5724=LINE('',#14529,#6614);
#5725=LINE('',#14530,#6615);
#5726=LINE('',#14532,#6616);
#5727=LINE('',#14533,#6617);
#5728=LINE('',#14539,#6618);
#5729=LINE('',#14540,#6619);
#5730=LINE('',#14542,#6620);
#5731=LINE('',#14543,#6621);
#5732=LINE('',#14545,#6622);
#5733=LINE('',#14546,#6623);
#5734=LINE('',#14548,#6624);
#5735=LINE('',#14549,#6625);
#5736=LINE('',#14555,#6626);
#5737=LINE('',#14556,#6627);
#5738=LINE('',#14558,#6628);
#5739=LINE('',#14559,#6629);
#5740=LINE('',#14561,#6630);
#5741=LINE('',#14562,#6631);
#5742=LINE('',#14564,#6632);
#5743=LINE('',#14565,#6633);
#5744=LINE('',#14571,#6634);
#5745=LINE('',#14572,#6635);
#5746=LINE('',#14574,#6636);
#5747=LINE('',#14575,#6637);
#5748=LINE('',#14577,#6638);
#5749=LINE('',#14578,#6639);
#5750=LINE('',#14580,#6640);
#5751=LINE('',#14581,#6641);
#5752=LINE('',#14587,#6642);
#5753=LINE('',#14588,#6643);
#5754=LINE('',#14590,#6644);
#5755=LINE('',#14591,#6645);
#5756=LINE('',#14593,#6646);
#5757=LINE('',#14594,#6647);
#5758=LINE('',#14596,#6648);
#5759=LINE('',#14597,#6649);
#5760=LINE('',#14603,#6650);
#5761=LINE('',#14604,#6651);
#5762=LINE('',#14606,#6652);
#5763=LINE('',#14607,#6653);
#5764=LINE('',#14609,#6654);
#5765=LINE('',#14610,#6655);
#5766=LINE('',#14612,#6656);
#5767=LINE('',#14613,#6657);
#5768=LINE('',#14619,#6658);
#5769=LINE('',#14620,#6659);
#5770=LINE('',#14622,#6660);
#5771=LINE('',#14623,#6661);
#5772=LINE('',#14625,#6662);
#5773=LINE('',#14626,#6663);
#5774=LINE('',#14628,#6664);
#5775=LINE('',#14629,#6665);
#5776=LINE('',#14635,#6666);
#5777=LINE('',#14636,#6667);
#5778=LINE('',#14638,#6668);
#5779=LINE('',#14639,#6669);
#5780=LINE('',#14641,#6670);
#5781=LINE('',#14642,#6671);
#5782=LINE('',#14644,#6672);
#5783=LINE('',#14645,#6673);
#5784=LINE('',#14651,#6674);
#5785=LINE('',#14652,#6675);
#5786=LINE('',#14654,#6676);
#5787=LINE('',#14655,#6677);
#5788=LINE('',#14657,#6678);
#5789=LINE('',#14658,#6679);
#5790=LINE('',#14660,#6680);
#5791=LINE('',#14661,#6681);
#5792=LINE('',#14667,#6682);
#5793=LINE('',#14668,#6683);
#5794=LINE('',#14670,#6684);
#5795=LINE('',#14671,#6685);
#5796=LINE('',#14673,#6686);
#5797=LINE('',#14674,#6687);
#5798=LINE('',#14679,#6688);
#5799=LINE('',#14680,#6689);
#5800=LINE('',#14682,#6690);
#5801=LINE('',#14683,#6691);
#5802=LINE('',#14685,#6692);
#5803=LINE('',#14686,#6693);
#5804=LINE('',#14691,#6694);
#5805=LINE('',#14692,#6695);
#5806=LINE('',#14694,#6696);
#5807=LINE('',#14695,#6697);
#5808=LINE('',#14697,#6698);
#5809=LINE('',#14698,#6699);
#5810=LINE('',#14700,#6700);
#5811=LINE('',#14701,#6701);
#5812=LINE('',#14707,#6702);
#5813=LINE('',#14708,#6703);
#5814=LINE('',#14710,#6704);
#5815=LINE('',#14711,#6705);
#5816=LINE('',#14713,#6706);
#5817=LINE('',#14714,#6707);
#5818=LINE('',#14719,#6708);
#5819=LINE('',#14720,#6709);
#5820=LINE('',#14722,#6710);
#5821=LINE('',#14723,#6711);
#5822=LINE('',#14725,#6712);
#5823=LINE('',#14726,#6713);
#5824=LINE('',#14728,#6714);
#5825=LINE('',#14729,#6715);
#5826=LINE('',#14735,#6716);
#5827=LINE('',#14736,#6717);
#5828=LINE('',#14738,#6718);
#5829=LINE('',#14739,#6719);
#5830=LINE('',#14741,#6720);
#5831=LINE('',#14742,#6721);
#5832=LINE('',#14744,#6722);
#5833=LINE('',#14745,#6723);
#5834=LINE('',#14751,#6724);
#5835=LINE('',#14752,#6725);
#5836=LINE('',#14754,#6726);
#5837=LINE('',#14755,#6727);
#5838=LINE('',#14757,#6728);
#5839=LINE('',#14758,#6729);
#5840=LINE('',#14760,#6730);
#5841=LINE('',#14761,#6731);
#5842=LINE('',#14767,#6732);
#5843=LINE('',#14768,#6733);
#5844=LINE('',#14770,#6734);
#5845=LINE('',#14771,#6735);
#5846=LINE('',#14773,#6736);
#5847=LINE('',#14774,#6737);
#5848=LINE('',#14776,#6738);
#5849=LINE('',#14777,#6739);
#5850=LINE('',#14783,#6740);
#5851=LINE('',#14784,#6741);
#5852=LINE('',#14786,#6742);
#5853=LINE('',#14787,#6743);
#5854=LINE('',#14789,#6744);
#5855=LINE('',#14790,#6745);
#5856=LINE('',#14795,#6746);
#5857=LINE('',#14796,#6747);
#5858=LINE('',#14798,#6748);
#5859=LINE('',#14799,#6749);
#5860=LINE('',#14801,#6750);
#5861=LINE('',#14802,#6751);
#5862=LINE('',#14804,#6752);
#5863=LINE('',#14805,#6753);
#5864=LINE('',#14907,#6754);
#5865=LINE('',#14908,#6755);
#5866=LINE('',#14912,#6756);
#5867=LINE('',#14913,#6757);
#5868=LINE('',#14915,#6758);
#5869=LINE('',#14917,#6759);
#5870=LINE('',#14920,#6760);
#5871=LINE('',#14921,#6761);
#5872=LINE('',#14923,#6762);
#5873=LINE('',#14925,#6763);
#5874=LINE('',#14928,#6764);
#5875=LINE('',#14929,#6765);
#5876=LINE('',#14931,#6766);
#5877=LINE('',#14933,#6767);
#5878=LINE('',#14936,#6768);
#5879=LINE('',#14937,#6769);
#5880=LINE('',#14939,#6770);
#5881=LINE('',#14941,#6771);
#5882=LINE('',#14944,#6772);
#5883=LINE('',#14945,#6773);
#5884=LINE('',#14947,#6774);
#5885=LINE('',#14949,#6775);
#5886=LINE('',#14952,#6776);
#5887=LINE('',#14953,#6777);
#5888=LINE('',#14955,#6778);
#5889=LINE('',#14957,#6779);
#5890=LINE('',#14960,#6780);
#5891=LINE('',#14961,#6781);
#5892=LINE('',#14963,#6782);
#5893=LINE('',#14965,#6783);
#5894=LINE('',#14968,#6784);
#5895=LINE('',#14969,#6785);
#5896=LINE('',#14971,#6786);
#5897=LINE('',#14973,#6787);
#5898=LINE('',#14976,#6788);
#5899=LINE('',#14977,#6789);
#5900=LINE('',#14979,#6790);
#5901=LINE('',#14981,#6791);
#5902=LINE('',#14984,#6792);
#5903=LINE('',#14985,#6793);
#5904=LINE('',#14987,#6794);
#5905=LINE('',#14989,#6795);
#5906=LINE('',#14992,#6796);
#5907=LINE('',#14993,#6797);
#5908=LINE('',#14995,#6798);
#5909=LINE('',#14997,#6799);
#5910=LINE('',#15000,#6800);
#5911=LINE('',#15001,#6801);
#5912=LINE('',#15005,#6802);
#5913=LINE('',#15006,#6803);
#5914=LINE('',#15008,#6804);
#5915=LINE('',#15010,#6805);
#5916=LINE('',#15013,#6806);
#5917=LINE('',#15014,#6807);
#5918=LINE('',#15016,#6808);
#5919=LINE('',#15018,#6809);
#5920=LINE('',#15021,#6810);
#5921=LINE('',#15022,#6811);
#5922=LINE('',#15024,#6812);
#5923=LINE('',#15026,#6813);
#5924=LINE('',#15029,#6814);
#5925=LINE('',#15030,#6815);
#5926=LINE('',#15032,#6816);
#5927=LINE('',#15034,#6817);
#5928=LINE('',#15037,#6818);
#5929=LINE('',#15038,#6819);
#5930=LINE('',#15040,#6820);
#5931=LINE('',#15042,#6821);
#5932=LINE('',#15045,#6822);
#5933=LINE('',#15046,#6823);
#5934=LINE('',#15048,#6824);
#5935=LINE('',#15050,#6825);
#5936=LINE('',#15053,#6826);
#5937=LINE('',#15054,#6827);
#5938=LINE('',#15056,#6828);
#5939=LINE('',#15058,#6829);
#5940=LINE('',#15061,#6830);
#5941=LINE('',#15062,#6831);
#5942=LINE('',#15064,#6832);
#5943=LINE('',#15066,#6833);
#5944=LINE('',#15069,#6834);
#5945=LINE('',#15070,#6835);
#5946=LINE('',#15072,#6836);
#5947=LINE('',#15074,#6837);
#5948=LINE('',#15077,#6838);
#5949=LINE('',#15078,#6839);
#5950=LINE('',#15080,#6840);
#5951=LINE('',#15082,#6841);
#5952=LINE('',#15085,#6842);
#5953=LINE('',#15086,#6843);
#5954=LINE('',#15088,#6844);
#5955=LINE('',#15090,#6845);
#5956=LINE('',#15093,#6846);
#5957=LINE('',#15094,#6847);
#5958=LINE('',#15098,#6848);
#5959=LINE('',#15099,#6849);
#5960=LINE('',#15101,#6850);
#5961=LINE('',#15103,#6851);
#5962=LINE('',#15106,#6852);
#5963=LINE('',#15107,#6853);
#5964=LINE('',#15109,#6854);
#5965=LINE('',#15111,#6855);
#5966=LINE('',#15114,#6856);
#5967=LINE('',#15115,#6857);
#5968=LINE('',#15117,#6858);
#5969=LINE('',#15119,#6859);
#5970=LINE('',#15122,#6860);
#5971=LINE('',#15123,#6861);
#5972=LINE('',#15125,#6862);
#5973=LINE('',#15127,#6863);
#5974=LINE('',#15130,#6864);
#5975=LINE('',#15131,#6865);
#5976=LINE('',#15133,#6866);
#5977=LINE('',#15135,#6867);
#5978=LINE('',#15138,#6868);
#5979=LINE('',#15139,#6869);
#5980=LINE('',#15141,#6870);
#5981=LINE('',#15143,#6871);
#5982=LINE('',#15146,#6872);
#5983=LINE('',#15147,#6873);
#5984=LINE('',#15149,#6874);
#5985=LINE('',#15151,#6875);
#5986=LINE('',#15154,#6876);
#5987=LINE('',#15155,#6877);
#5988=LINE('',#15157,#6878);
#5989=LINE('',#15159,#6879);
#5990=LINE('',#15162,#6880);
#5991=LINE('',#15163,#6881);
#5992=LINE('',#15165,#6882);
#5993=LINE('',#15167,#6883);
#5994=LINE('',#15170,#6884);
#5995=LINE('',#15171,#6885);
#5996=LINE('',#15173,#6886);
#5997=LINE('',#15175,#6887);
#5998=LINE('',#15178,#6888);
#5999=LINE('',#15179,#6889);
#6000=LINE('',#15181,#6890);
#6001=LINE('',#15183,#6891);
#6002=LINE('',#15186,#6892);
#6003=LINE('',#15187,#6893);
#6004=LINE('',#15191,#6894);
#6005=LINE('',#15192,#6895);
#6006=LINE('',#15194,#6896);
#6007=LINE('',#15196,#6897);
#6008=LINE('',#15199,#6898);
#6009=LINE('',#15200,#6899);
#6010=LINE('',#15202,#6900);
#6011=LINE('',#15204,#6901);
#6012=LINE('',#15207,#6902);
#6013=LINE('',#15208,#6903);
#6014=LINE('',#15210,#6904);
#6015=LINE('',#15212,#6905);
#6016=LINE('',#15215,#6906);
#6017=LINE('',#15216,#6907);
#6018=LINE('',#15218,#6908);
#6019=LINE('',#15220,#6909);
#6020=LINE('',#15223,#6910);
#6021=LINE('',#15224,#6911);
#6022=LINE('',#15226,#6912);
#6023=LINE('',#15228,#6913);
#6024=LINE('',#15231,#6914);
#6025=LINE('',#15232,#6915);
#6026=LINE('',#15234,#6916);
#6027=LINE('',#15236,#6917);
#6028=LINE('',#15239,#6918);
#6029=LINE('',#15240,#6919);
#6030=LINE('',#15242,#6920);
#6031=LINE('',#15244,#6921);
#6032=LINE('',#15247,#6922);
#6033=LINE('',#15248,#6923);
#6034=LINE('',#15250,#6924);
#6035=LINE('',#15252,#6925);
#6036=LINE('',#15255,#6926);
#6037=LINE('',#15256,#6927);
#6038=LINE('',#15258,#6928);
#6039=LINE('',#15260,#6929);
#6040=LINE('',#15263,#6930);
#6041=LINE('',#15264,#6931);
#6042=LINE('',#15266,#6932);
#6043=LINE('',#15268,#6933);
#6044=LINE('',#15271,#6934);
#6045=LINE('',#15272,#6935);
#6046=LINE('',#15274,#6936);
#6047=LINE('',#15276,#6937);
#6048=VECTOR('',#10207,1.);
#6049=VECTOR('',#10208,1.);
#6050=VECTOR('',#10209,1.);
#6051=VECTOR('',#10210,1.);
#6052=VECTOR('',#10211,1.);
#6053=VECTOR('',#10212,1.);
#6054=VECTOR('',#10213,1.);
#6055=VECTOR('',#10214,1.);
#6056=VECTOR('',#10215,1.);
#6057=VECTOR('',#10216,1.);
#6058=VECTOR('',#10217,1.);
#6059=VECTOR('',#10218,1.);
#6060=VECTOR('',#10219,1.);
#6061=VECTOR('',#10220,1.);
#6062=VECTOR('',#10221,1.);
#6063=VECTOR('',#10222,1.);
#6064=VECTOR('',#10223,1.);
#6065=VECTOR('',#10224,1.);
#6066=VECTOR('',#10225,1.);
#6067=VECTOR('',#10226,1.);
#6068=VECTOR('',#10227,1.);
#6069=VECTOR('',#10228,1.);
#6070=VECTOR('',#10229,1.);
#6071=VECTOR('',#10230,1.);
#6072=VECTOR('',#10231,1.);
#6073=VECTOR('',#10232,1.);
#6074=VECTOR('',#10233,1.);
#6075=VECTOR('',#10234,1.);
#6076=VECTOR('',#10235,1.);
#6077=VECTOR('',#10236,1.);
#6078=VECTOR('',#10237,1.);
#6079=VECTOR('',#10238,1.);
#6080=VECTOR('',#10239,1.);
#6081=VECTOR('',#10240,1.);
#6082=VECTOR('',#10241,1.);
#6083=VECTOR('',#10242,1.);
#6084=VECTOR('',#10243,1.);
#6085=VECTOR('',#10244,1.);
#6086=VECTOR('',#10245,1.);
#6087=VECTOR('',#10246,1.);
#6088=VECTOR('',#10247,1.);
#6089=VECTOR('',#10248,1.);
#6090=VECTOR('',#10249,1.);
#6091=VECTOR('',#10250,1.);
#6092=VECTOR('',#10251,1.);
#6093=VECTOR('',#10252,1.);
#6094=VECTOR('',#10253,1.);
#6095=VECTOR('',#10254,1.);
#6096=VECTOR('',#10255,1.);
#6097=VECTOR('',#10256,1.);
#6098=VECTOR('',#10257,1.);
#6099=VECTOR('',#10258,1.);
#6100=VECTOR('',#10259,1.);
#6101=VECTOR('',#10260,1.);
#6102=VECTOR('',#10261,1.);
#6103=VECTOR('',#10262,1.);
#6104=VECTOR('',#10263,1.);
#6105=VECTOR('',#10264,1.);
#6106=VECTOR('',#10265,1.);
#6107=VECTOR('',#10266,1.);
#6108=VECTOR('',#10267,1.);
#6109=VECTOR('',#10268,1.);
#6110=VECTOR('',#10269,1.);
#6111=VECTOR('',#10270,1.);
#6112=VECTOR('',#10271,1.);
#6113=VECTOR('',#10272,1.);
#6114=VECTOR('',#10273,1.);
#6115=VECTOR('',#10274,1.);
#6116=VECTOR('',#10275,1.);
#6117=VECTOR('',#10276,1.);
#6118=VECTOR('',#10277,1.);
#6119=VECTOR('',#10278,1.);
#6120=VECTOR('',#10279,1.);
#6121=VECTOR('',#10280,1.);
#6122=VECTOR('',#10281,1.);
#6123=VECTOR('',#10282,1.);
#6124=VECTOR('',#10283,1.);
#6125=VECTOR('',#10284,1.);
#6126=VECTOR('',#10285,1.);
#6127=VECTOR('',#10286,1.);
#6128=VECTOR('',#10287,1.);
#6129=VECTOR('',#10288,1.);
#6130=VECTOR('',#10289,1.);
#6131=VECTOR('',#10290,1.);
#6132=VECTOR('',#10291,1.);
#6133=VECTOR('',#10292,1.);
#6134=VECTOR('',#10293,1.);
#6135=VECTOR('',#10294,1.);
#6136=VECTOR('',#10295,1.);
#6137=VECTOR('',#10296,1.);
#6138=VECTOR('',#10297,1.);
#6139=VECTOR('',#10298,1.);
#6140=VECTOR('',#10299,1.);
#6141=VECTOR('',#10300,1.);
#6142=VECTOR('',#10301,1.);
#6143=VECTOR('',#10302,1.);
#6144=VECTOR('',#10303,1.);
#6145=VECTOR('',#10304,1.);
#6146=VECTOR('',#10305,1.);
#6147=VECTOR('',#10306,1.);
#6148=VECTOR('',#10307,1.);
#6149=VECTOR('',#10308,1.);
#6150=VECTOR('',#10309,1.);
#6151=VECTOR('',#10310,1.);
#6152=VECTOR('',#10311,1.);
#6153=VECTOR('',#10312,1.);
#6154=VECTOR('',#10313,1.);
#6155=VECTOR('',#10314,1.);
#6156=VECTOR('',#10315,1.);
#6157=VECTOR('',#10316,1.);
#6158=VECTOR('',#10317,1.);
#6159=VECTOR('',#10318,1.);
#6160=VECTOR('',#10319,1.);
#6161=VECTOR('',#10320,1.);
#6162=VECTOR('',#10321,1.);
#6163=VECTOR('',#10322,1.);
#6164=VECTOR('',#10515,1.);
#6165=VECTOR('',#10518,1.);
#6166=VECTOR('',#10521,1.);
#6167=VECTOR('',#10524,1.);
#6168=VECTOR('',#10527,1.);
#6169=VECTOR('',#10530,1.);
#6170=VECTOR('',#10533,1.);
#6171=VECTOR('',#10536,1.);
#6172=VECTOR('',#10539,1.);
#6173=VECTOR('',#10542,1.);
#6174=VECTOR('',#10545,1.);
#6175=VECTOR('',#10550,1.);
#6176=VECTOR('',#10553,1.);
#6177=VECTOR('',#10556,1.);
#6178=VECTOR('',#10559,1.);
#6179=VECTOR('',#10562,1.);
#6180=VECTOR('',#10565,1.);
#6181=VECTOR('',#10566,1.);
#6182=VECTOR('',#10569,1.);
#6183=VECTOR('',#10572,1.);
#6184=VECTOR('',#10575,1.);
#6185=VECTOR('',#10578,1.);
#6186=VECTOR('',#10581,1.);
#6187=VECTOR('',#10584,1.);
#6188=VECTOR('',#10587,1.);
#6189=VECTOR('',#10590,1.);
#6190=VECTOR('',#10593,1.);
#6191=VECTOR('',#10596,1.);
#6192=VECTOR('',#10599,1.);
#6193=VECTOR('',#10602,1.);
#6194=VECTOR('',#10605,1.);
#6195=VECTOR('',#10608,1.);
#6196=VECTOR('',#10611,1.);
#6197=VECTOR('',#10614,1.);
#6198=VECTOR('',#10617,1.);
#6199=VECTOR('',#10620,1.);
#6200=VECTOR('',#10623,1.);
#6201=VECTOR('',#10626,1.);
#6202=VECTOR('',#10629,1.);
#6203=VECTOR('',#10632,1.);
#6204=VECTOR('',#10635,1.);
#6205=VECTOR('',#10638,1.);
#6206=VECTOR('',#10641,1.);
#6207=VECTOR('',#10644,1.);
#6208=VECTOR('',#10647,1.);
#6209=VECTOR('',#10650,1.);
#6210=VECTOR('',#10653,1.);
#6211=VECTOR('',#10656,1.);
#6212=VECTOR('',#10659,1.);
#6213=VECTOR('',#10662,1.);
#6214=VECTOR('',#10665,1.);
#6215=VECTOR('',#10668,1.);
#6216=VECTOR('',#10671,1.);
#6217=VECTOR('',#10674,1.);
#6218=VECTOR('',#10677,1.);
#6219=VECTOR('',#10680,1.);
#6220=VECTOR('',#10683,1.);
#6221=VECTOR('',#10686,1.);
#6222=VECTOR('',#10687,1.);
#6223=VECTOR('',#10688,1.);
#6224=VECTOR('',#10689,1.);
#6225=VECTOR('',#10690,1.);
#6226=VECTOR('',#10691,1.);
#6227=VECTOR('',#10692,1.);
#6228=VECTOR('',#10695,1.);
#6229=VECTOR('',#10698,1.);
#6230=VECTOR('',#10701,1.);
#6231=VECTOR('',#10704,1.);
#6232=VECTOR('',#10707,1.);
#6233=VECTOR('',#10710,1.);
#6234=VECTOR('',#10713,1.);
#6235=VECTOR('',#10716,1.);
#6236=VECTOR('',#10719,1.);
#6237=VECTOR('',#10722,1.);
#6238=VECTOR('',#10725,1.);
#6239=VECTOR('',#10728,1.);
#6240=VECTOR('',#10731,1.);
#6241=VECTOR('',#10734,1.);
#6242=VECTOR('',#10737,1.);
#6243=VECTOR('',#10740,1.);
#6244=VECTOR('',#10743,1.);
#6245=VECTOR('',#10746,1.);
#6246=VECTOR('',#10749,1.);
#6247=VECTOR('',#10750,1.);
#6248=VECTOR('',#10751,1.);
#6249=VECTOR('',#10752,1.);
#6250=VECTOR('',#10753,1.);
#6251=VECTOR('',#10754,1.);
#6252=VECTOR('',#10755,1.);
#6253=VECTOR('',#10756,1.);
#6254=VECTOR('',#10757,1.);
#6255=VECTOR('',#10758,1.);
#6256=VECTOR('',#10759,1.);
#6257=VECTOR('',#10760,1.);
#6258=VECTOR('',#10761,1.);
#6259=VECTOR('',#10762,1.);
#6260=VECTOR('',#10763,1.);
#6261=VECTOR('',#10764,1.);
#6262=VECTOR('',#10765,1.);
#6263=VECTOR('',#10766,1.);
#6264=VECTOR('',#10767,1.);
#6265=VECTOR('',#10768,1.);
#6266=VECTOR('',#10769,1.);
#6267=VECTOR('',#10770,1.);
#6268=VECTOR('',#10771,1.);
#6269=VECTOR('',#10772,1.);
#6270=VECTOR('',#10773,1.);
#6271=VECTOR('',#10774,1.);
#6272=VECTOR('',#10775,1.);
#6273=VECTOR('',#10776,1.);
#6274=VECTOR('',#10777,1.);
#6275=VECTOR('',#10778,1.);
#6276=VECTOR('',#10779,1.);
#6277=VECTOR('',#10780,1.);
#6278=VECTOR('',#10781,1.);
#6279=VECTOR('',#10782,1.);
#6280=VECTOR('',#10783,1.);
#6281=VECTOR('',#10784,1.);
#6282=VECTOR('',#10785,1.);
#6283=VECTOR('',#10786,1.);
#6284=VECTOR('',#10787,1.);
#6285=VECTOR('',#10788,1.);
#6286=VECTOR('',#10789,1.);
#6287=VECTOR('',#10790,1.);
#6288=VECTOR('',#10791,1.);
#6289=VECTOR('',#10792,1.);
#6290=VECTOR('',#10793,1.);
#6291=VECTOR('',#10794,1.);
#6292=VECTOR('',#10795,1.);
#6293=VECTOR('',#10796,1.);
#6294=VECTOR('',#10797,1.);
#6295=VECTOR('',#10798,1.);
#6296=VECTOR('',#10799,1.);
#6297=VECTOR('',#10800,1.);
#6298=VECTOR('',#10801,1.);
#6299=VECTOR('',#10802,1.);
#6300=VECTOR('',#10803,1.);
#6301=VECTOR('',#10804,1.);
#6302=VECTOR('',#10805,1.);
#6303=VECTOR('',#10806,1.);
#6304=VECTOR('',#10807,1.);
#6305=VECTOR('',#10808,1.);
#6306=VECTOR('',#10809,1.);
#6307=VECTOR('',#10812,1.);
#6308=VECTOR('',#10813,1.);
#6309=VECTOR('',#10814,1.);
#6310=VECTOR('',#10817,1.);
#6311=VECTOR('',#10818,1.);
#6312=VECTOR('',#10819,1.);
#6313=VECTOR('',#10822,1.);
#6314=VECTOR('',#10823,1.);
#6315=VECTOR('',#10824,1.);
#6316=VECTOR('',#10827,1.);
#6317=VECTOR('',#10828,1.);
#6318=VECTOR('',#10831,1.);
#6319=VECTOR('',#10832,1.);
#6320=VECTOR('',#10833,1.);
#6321=VECTOR('',#10834,1.);
#6322=VECTOR('',#10835,1.);
#6323=VECTOR('',#10836,1.);
#6324=VECTOR('',#10837,1.);
#6325=VECTOR('',#10838,1.);
#6326=VECTOR('',#10839,1.);
#6327=VECTOR('',#10840,1.);
#6328=VECTOR('',#10841,1.);
#6329=VECTOR('',#10842,1.);
#6330=VECTOR('',#10843,1.);
#6331=VECTOR('',#10844,1.);
#6332=VECTOR('',#10845,1.);
#6333=VECTOR('',#10846,1.);
#6334=VECTOR('',#10847,1.);
#6335=VECTOR('',#10848,1.);
#6336=VECTOR('',#10849,1.);
#6337=VECTOR('',#10850,1.);
#6338=VECTOR('',#10851,1.);
#6339=VECTOR('',#10852,1.);
#6340=VECTOR('',#10853,1.);
#6341=VECTOR('',#10854,1.);
#6342=VECTOR('',#10855,1.);
#6343=VECTOR('',#10856,1.);
#6344=VECTOR('',#10857,1.);
#6345=VECTOR('',#10858,1.);
#6346=VECTOR('',#10859,1.);
#6347=VECTOR('',#10860,1.);
#6348=VECTOR('',#10861,1.);
#6349=VECTOR('',#10862,1.);
#6350=VECTOR('',#10863,1.);
#6351=VECTOR('',#10864,1.);
#6352=VECTOR('',#10865,1.);
#6353=VECTOR('',#10866,1.);
#6354=VECTOR('',#10867,1.);
#6355=VECTOR('',#10868,1.);
#6356=VECTOR('',#10869,1.);
#6357=VECTOR('',#10870,1.);
#6358=VECTOR('',#10871,1.);
#6359=VECTOR('',#10872,1.);
#6360=VECTOR('',#10873,1.);
#6361=VECTOR('',#10874,1.);
#6362=VECTOR('',#10875,1.);
#6363=VECTOR('',#10876,1.);
#6364=VECTOR('',#10877,1.);
#6365=VECTOR('',#10878,1.);
#6366=VECTOR('',#10879,1.);
#6367=VECTOR('',#10880,1.);
#6368=VECTOR('',#10881,1.);
#6369=VECTOR('',#10882,1.);
#6370=VECTOR('',#10883,1.);
#6371=VECTOR('',#10884,1.);
#6372=VECTOR('',#10885,1.);
#6373=VECTOR('',#10886,1.);
#6374=VECTOR('',#10887,1.);
#6375=VECTOR('',#10888,1.);
#6376=VECTOR('',#10889,1.);
#6377=VECTOR('',#10890,1.);
#6378=VECTOR('',#10891,1.);
#6379=VECTOR('',#10892,1.);
#6380=VECTOR('',#10893,1.);
#6381=VECTOR('',#10894,1.);
#6382=VECTOR('',#10895,1.);
#6383=VECTOR('',#10896,1.);
#6384=VECTOR('',#10897,1.);
#6385=VECTOR('',#10898,1.);
#6386=VECTOR('',#10899,1.);
#6387=VECTOR('',#10900,1.);
#6388=VECTOR('',#10901,1.);
#6389=VECTOR('',#10902,1.);
#6390=VECTOR('',#10903,1.);
#6391=VECTOR('',#10904,1.);
#6392=VECTOR('',#10905,1.);
#6393=VECTOR('',#10906,1.);
#6394=VECTOR('',#10907,1.);
#6395=VECTOR('',#10908,1.);
#6396=VECTOR('',#10909,1.);
#6397=VECTOR('',#10910,1.);
#6398=VECTOR('',#10911,1.);
#6399=VECTOR('',#10912,1.);
#6400=VECTOR('',#10913,1.);
#6401=VECTOR('',#10914,1.);
#6402=VECTOR('',#10915,1.);
#6403=VECTOR('',#10916,1.);
#6404=VECTOR('',#10917,1.);
#6405=VECTOR('',#10918,1.);
#6406=VECTOR('',#10919,1.);
#6407=VECTOR('',#10920,1.);
#6408=VECTOR('',#10921,1.);
#6409=VECTOR('',#10922,1.);
#6410=VECTOR('',#10923,1.);
#6411=VECTOR('',#10924,1.);
#6412=VECTOR('',#10925,1.);
#6413=VECTOR('',#10926,1.);
#6414=VECTOR('',#10927,1.);
#6415=VECTOR('',#10928,1.);
#6416=VECTOR('',#10929,1.);
#6417=VECTOR('',#10930,1.);
#6418=VECTOR('',#10931,1.);
#6419=VECTOR('',#10932,1.);
#6420=VECTOR('',#10933,1.);
#6421=VECTOR('',#10934,1.);
#6422=VECTOR('',#10935,1.);
#6423=VECTOR('',#10936,1.);
#6424=VECTOR('',#10937,1.);
#6425=VECTOR('',#10938,1.);
#6426=VECTOR('',#10939,1.);
#6427=VECTOR('',#10940,1.);
#6428=VECTOR('',#10941,1.);
#6429=VECTOR('',#10942,1.);
#6430=VECTOR('',#10943,1.);
#6431=VECTOR('',#10944,1.);
#6432=VECTOR('',#10945,1.);
#6433=VECTOR('',#10946,1.);
#6434=VECTOR('',#10947,1.);
#6435=VECTOR('',#10948,1.);
#6436=VECTOR('',#10949,1.);
#6437=VECTOR('',#10950,1.);
#6438=VECTOR('',#10951,1.);
#6439=VECTOR('',#10952,1.);
#6440=VECTOR('',#10953,1.);
#6441=VECTOR('',#10954,1.);
#6442=VECTOR('',#10955,1.);
#6443=VECTOR('',#10956,1.);
#6444=VECTOR('',#10957,1.);
#6445=VECTOR('',#10958,1.);
#6446=VECTOR('',#10959,1.);
#6447=VECTOR('',#10960,1.);
#6448=VECTOR('',#10961,1.);
#6449=VECTOR('',#10962,1.);
#6450=VECTOR('',#10963,1.);
#6451=VECTOR('',#10964,1.);
#6452=VECTOR('',#10965,1.);
#6453=VECTOR('',#10966,1.);
#6454=VECTOR('',#10967,1.);
#6455=VECTOR('',#10968,1.);
#6456=VECTOR('',#10969,1.);
#6457=VECTOR('',#10970,1.);
#6458=VECTOR('',#10971,1.);
#6459=VECTOR('',#10972,1.);
#6460=VECTOR('',#10973,1.);
#6461=VECTOR('',#10974,1.);
#6462=VECTOR('',#10975,1.);
#6463=VECTOR('',#10976,1.);
#6464=VECTOR('',#10977,1.);
#6465=VECTOR('',#10978,1.);
#6466=VECTOR('',#10979,1.);
#6467=VECTOR('',#10980,1.);
#6468=VECTOR('',#10981,1.);
#6469=VECTOR('',#10982,1.);
#6470=VECTOR('',#10983,1.);
#6471=VECTOR('',#10984,1.);
#6472=VECTOR('',#10985,1.);
#6473=VECTOR('',#10986,1.);
#6474=VECTOR('',#10987,1.);
#6475=VECTOR('',#10988,1.);
#6476=VECTOR('',#10989,1.);
#6477=VECTOR('',#10990,1.);
#6478=VECTOR('',#10991,1.);
#6479=VECTOR('',#10992,1.);
#6480=VECTOR('',#10993,1.);
#6481=VECTOR('',#10994,1.);
#6482=VECTOR('',#10995,1.);
#6483=VECTOR('',#10996,1.);
#6484=VECTOR('',#10997,1.);
#6485=VECTOR('',#10998,1.);
#6486=VECTOR('',#10999,1.);
#6487=VECTOR('',#11000,1.);
#6488=VECTOR('',#11001,1.);
#6489=VECTOR('',#11002,1.);
#6490=VECTOR('',#11003,1.);
#6491=VECTOR('',#11004,1.);
#6492=VECTOR('',#11005,1.);
#6493=VECTOR('',#11006,1.);
#6494=VECTOR('',#11201,1.);
#6495=VECTOR('',#11204,1.);
#6496=VECTOR('',#11207,1.);
#6497=VECTOR('',#11210,1.);
#6498=VECTOR('',#11213,1.);
#6499=VECTOR('',#11216,1.);
#6500=VECTOR('',#11219,1.);
#6501=VECTOR('',#11222,1.);
#6502=VECTOR('',#11225,1.);
#6503=VECTOR('',#11228,1.);
#6504=VECTOR('',#11231,1.);
#6505=VECTOR('',#11234,1.);
#6506=VECTOR('',#11237,1.);
#6507=VECTOR('',#11240,1.);
#6508=VECTOR('',#11243,1.);
#6509=VECTOR('',#11246,1.);
#6510=VECTOR('',#11249,1.);
#6511=VECTOR('',#11252,1.);
#6512=VECTOR('',#11255,1.);
#6513=VECTOR('',#11258,1.);
#6514=VECTOR('',#11261,1.);
#6515=VECTOR('',#11264,1.);
#6516=VECTOR('',#11267,1.);
#6517=VECTOR('',#11270,1.);
#6518=VECTOR('',#11273,1.);
#6519=VECTOR('',#11276,1.);
#6520=VECTOR('',#11279,1.);
#6521=VECTOR('',#11280,1.);
#6522=VECTOR('',#11283,1.);
#6523=VECTOR('',#11286,1.);
#6524=VECTOR('',#11291,1.);
#6525=VECTOR('',#11294,1.);
#6526=VECTOR('',#11297,1.);
#6527=VECTOR('',#11300,1.);
#6528=VECTOR('',#11303,1.);
#6529=VECTOR('',#11306,1.);
#6530=VECTOR('',#11309,1.);
#6531=VECTOR('',#11310,1.);
#6532=VECTOR('',#11313,1.);
#6533=VECTOR('',#11316,1.);
#6534=VECTOR('',#11319,1.);
#6535=VECTOR('',#11324,1.);
#6536=VECTOR('',#11327,1.);
#6537=VECTOR('',#11330,1.);
#6538=VECTOR('',#11333,1.);
#6539=VECTOR('',#11336,1.);
#6540=VECTOR('',#11339,1.);
#6541=VECTOR('',#11342,1.);
#6542=VECTOR('',#11345,1.);
#6543=VECTOR('',#11348,1.);
#6544=VECTOR('',#11351,1.);
#6545=VECTOR('',#11354,1.);
#6546=VECTOR('',#11357,1.);
#6547=VECTOR('',#11360,1.);
#6548=VECTOR('',#11363,1.);
#6549=VECTOR('',#11366,1.);
#6550=VECTOR('',#11369,1.);
#6551=VECTOR('',#11372,1.);
#6552=VECTOR('',#11375,1.);
#6553=VECTOR('',#11378,1.);
#6554=VECTOR('',#11381,1.);
#6555=VECTOR('',#11384,1.);
#6556=VECTOR('',#11387,1.);
#6557=VECTOR('',#11390,1.);
#6558=VECTOR('',#11393,1.);
#6559=VECTOR('',#11394,1.);
#6560=VECTOR('',#11395,1.);
#6561=VECTOR('',#11396,1.);
#6562=VECTOR('',#11397,1.);
#6563=VECTOR('',#11398,1.);
#6564=VECTOR('',#11399,1.);
#6565=VECTOR('',#11402,1.);
#6566=VECTOR('',#11405,1.);
#6567=VECTOR('',#11408,1.);
#6568=VECTOR('',#11411,1.);
#6569=VECTOR('',#11414,1.);
#6570=VECTOR('',#11417,1.);
#6571=VECTOR('',#11420,1.);
#6572=VECTOR('',#11423,1.);
#6573=VECTOR('',#11426,1.);
#6574=VECTOR('',#11429,1.);
#6575=VECTOR('',#11432,1.);
#6576=VECTOR('',#11435,1.);
#6577=VECTOR('',#11436,1.);
#6578=VECTOR('',#11437,1.);
#6579=VECTOR('',#11440,1.);
#6580=VECTOR('',#11441,1.);
#6581=VECTOR('',#11442,1.);
#6582=VECTOR('',#11445,1.);
#6583=VECTOR('',#11446,1.);
#6584=VECTOR('',#11447,1.);
#6585=VECTOR('',#11450,1.);
#6586=VECTOR('',#11451,1.);
#6587=VECTOR('',#11452,1.);
#6588=VECTOR('',#11455,1.);
#6589=VECTOR('',#11456,1.);
#6590=VECTOR('',#11459,1.);
#6591=VECTOR('',#11460,1.);
#6592=VECTOR('',#11463,1.);
#6593=VECTOR('',#11464,1.);
#6594=VECTOR('',#11467,1.);
#6595=VECTOR('',#11468,1.);
#6596=VECTOR('',#11471,1.);
#6597=VECTOR('',#11472,1.);
#6598=VECTOR('',#11475,1.);
#6599=VECTOR('',#11478,1.);
#6600=VECTOR('',#11481,1.);
#6601=VECTOR('',#11484,1.);
#6602=VECTOR('',#11489,1.);
#6603=VECTOR('',#11490,1.);
#6604=VECTOR('',#11493,1.);
#6605=VECTOR('',#11494,1.);
#6606=VECTOR('',#11497,1.);
#6607=VECTOR('',#11498,1.);
#6608=VECTOR('',#11501,1.);
#6609=VECTOR('',#11502,1.);
#6610=VECTOR('',#11513,1.);
#6611=VECTOR('',#11514,1.);
#6612=VECTOR('',#11517,1.);
#6613=VECTOR('',#11518,1.);
#6614=VECTOR('',#11521,1.);
#6615=VECTOR('',#11522,1.);
#6616=VECTOR('',#11525,1.);
#6617=VECTOR('',#11526,1.);
#6618=VECTOR('',#11537,1.);
#6619=VECTOR('',#11538,1.);
#6620=VECTOR('',#11541,1.);
#6621=VECTOR('',#11542,1.);
#6622=VECTOR('',#11545,1.);
#6623=VECTOR('',#11546,1.);
#6624=VECTOR('',#11549,1.);
#6625=VECTOR('',#11550,1.);
#6626=VECTOR('',#11561,1.);
#6627=VECTOR('',#11562,1.);
#6628=VECTOR('',#11565,1.);
#6629=VECTOR('',#11566,1.);
#6630=VECTOR('',#11569,1.);
#6631=VECTOR('',#11570,1.);
#6632=VECTOR('',#11573,1.);
#6633=VECTOR('',#11574,1.);
#6634=VECTOR('',#11585,1.);
#6635=VECTOR('',#11586,1.);
#6636=VECTOR('',#11589,1.);
#6637=VECTOR('',#11590,1.);
#6638=VECTOR('',#11593,1.);
#6639=VECTOR('',#11594,1.);
#6640=VECTOR('',#11597,1.);
#6641=VECTOR('',#11598,1.);
#6642=VECTOR('',#11609,1.);
#6643=VECTOR('',#11610,1.);
#6644=VECTOR('',#11613,1.);
#6645=VECTOR('',#11614,1.);
#6646=VECTOR('',#11617,1.);
#6647=VECTOR('',#11618,1.);
#6648=VECTOR('',#11621,1.);
#6649=VECTOR('',#11622,1.);
#6650=VECTOR('',#11633,1.);
#6651=VECTOR('',#11634,1.);
#6652=VECTOR('',#11637,1.);
#6653=VECTOR('',#11638,1.);
#6654=VECTOR('',#11641,1.);
#6655=VECTOR('',#11642,1.);
#6656=VECTOR('',#11645,1.);
#6657=VECTOR('',#11646,1.);
#6658=VECTOR('',#11657,1.);
#6659=VECTOR('',#11658,1.);
#6660=VECTOR('',#11661,1.);
#6661=VECTOR('',#11662,1.);
#6662=VECTOR('',#11665,1.);
#6663=VECTOR('',#11666,1.);
#6664=VECTOR('',#11669,1.);
#6665=VECTOR('',#11670,1.);
#6666=VECTOR('',#11681,1.);
#6667=VECTOR('',#11682,1.);
#6668=VECTOR('',#11685,1.);
#6669=VECTOR('',#11686,1.);
#6670=VECTOR('',#11689,1.);
#6671=VECTOR('',#11690,1.);
#6672=VECTOR('',#11693,1.);
#6673=VECTOR('',#11694,1.);
#6674=VECTOR('',#11705,1.);
#6675=VECTOR('',#11706,1.);
#6676=VECTOR('',#11709,1.);
#6677=VECTOR('',#11710,1.);
#6678=VECTOR('',#11713,1.);
#6679=VECTOR('',#11714,1.);
#6680=VECTOR('',#11717,1.);
#6681=VECTOR('',#11718,1.);
#6682=VECTOR('',#11729,1.);
#6683=VECTOR('',#11730,1.);
#6684=VECTOR('',#11733,1.);
#6685=VECTOR('',#11734,1.);
#6686=VECTOR('',#11737,1.);
#6687=VECTOR('',#11738,1.);
#6688=VECTOR('',#11747,1.);
#6689=VECTOR('',#11748,1.);
#6690=VECTOR('',#11751,1.);
#6691=VECTOR('',#11752,1.);
#6692=VECTOR('',#11755,1.);
#6693=VECTOR('',#11756,1.);
#6694=VECTOR('',#11765,1.);
#6695=VECTOR('',#11766,1.);
#6696=VECTOR('',#11769,1.);
#6697=VECTOR('',#11770,1.);
#6698=VECTOR('',#11773,1.);
#6699=VECTOR('',#11774,1.);
#6700=VECTOR('',#11777,1.);
#6701=VECTOR('',#11778,1.);
#6702=VECTOR('',#11789,1.);
#6703=VECTOR('',#11790,1.);
#6704=VECTOR('',#11793,1.);
#6705=VECTOR('',#11794,1.);
#6706=VECTOR('',#11797,1.);
#6707=VECTOR('',#11798,1.);
#6708=VECTOR('',#11807,1.);
#6709=VECTOR('',#11808,1.);
#6710=VECTOR('',#11811,1.);
#6711=VECTOR('',#11812,1.);
#6712=VECTOR('',#11815,1.);
#6713=VECTOR('',#11816,1.);
#6714=VECTOR('',#11819,1.);
#6715=VECTOR('',#11820,1.);
#6716=VECTOR('',#11831,1.);
#6717=VECTOR('',#11832,1.);
#6718=VECTOR('',#11835,1.);
#6719=VECTOR('',#11836,1.);
#6720=VECTOR('',#11839,1.);
#6721=VECTOR('',#11840,1.);
#6722=VECTOR('',#11843,1.);
#6723=VECTOR('',#11844,1.);
#6724=VECTOR('',#11855,1.);
#6725=VECTOR('',#11856,1.);
#6726=VECTOR('',#11859,1.);
#6727=VECTOR('',#11860,1.);
#6728=VECTOR('',#11863,1.);
#6729=VECTOR('',#11864,1.);
#6730=VECTOR('',#11867,1.);
#6731=VECTOR('',#11868,1.);
#6732=VECTOR('',#11879,1.);
#6733=VECTOR('',#11880,1.);
#6734=VECTOR('',#11883,1.);
#6735=VECTOR('',#11884,1.);
#6736=VECTOR('',#11887,1.);
#6737=VECTOR('',#11888,1.);
#6738=VECTOR('',#11891,1.);
#6739=VECTOR('',#11892,1.);
#6740=VECTOR('',#11903,1.);
#6741=VECTOR('',#11904,1.);
#6742=VECTOR('',#11907,1.);
#6743=VECTOR('',#11908,1.);
#6744=VECTOR('',#11911,1.);
#6745=VECTOR('',#11912,1.);
#6746=VECTOR('',#11921,1.);
#6747=VECTOR('',#11922,1.);
#6748=VECTOR('',#11925,1.);
#6749=VECTOR('',#11926,1.);
#6750=VECTOR('',#11929,1.);
#6751=VECTOR('',#11930,1.);
#6752=VECTOR('',#11933,1.);
#6753=VECTOR('',#11934,1.);
#6754=VECTOR('',#12137,1.);
#6755=VECTOR('',#12138,1.);
#6756=VECTOR('',#12145,1.);
#6757=VECTOR('',#12146,1.);
#6758=VECTOR('',#12149,1.);
#6759=VECTOR('',#12152,1.);
#6760=VECTOR('',#12157,1.);
#6761=VECTOR('',#12158,1.);
#6762=VECTOR('',#12161,1.);
#6763=VECTOR('',#12164,1.);
#6764=VECTOR('',#12169,1.);
#6765=VECTOR('',#12170,1.);
#6766=VECTOR('',#12173,1.);
#6767=VECTOR('',#12176,1.);
#6768=VECTOR('',#12181,1.);
#6769=VECTOR('',#12182,1.);
#6770=VECTOR('',#12185,1.);
#6771=VECTOR('',#12188,1.);
#6772=VECTOR('',#12193,1.);
#6773=VECTOR('',#12194,1.);
#6774=VECTOR('',#12197,1.);
#6775=VECTOR('',#12200,1.);
#6776=VECTOR('',#12205,1.);
#6777=VECTOR('',#12206,1.);
#6778=VECTOR('',#12209,1.);
#6779=VECTOR('',#12212,1.);
#6780=VECTOR('',#12217,1.);
#6781=VECTOR('',#12218,1.);
#6782=VECTOR('',#12221,1.);
#6783=VECTOR('',#12224,1.);
#6784=VECTOR('',#12229,1.);
#6785=VECTOR('',#12230,1.);
#6786=VECTOR('',#12233,1.);
#6787=VECTOR('',#12236,1.);
#6788=VECTOR('',#12241,1.);
#6789=VECTOR('',#12242,1.);
#6790=VECTOR('',#12245,1.);
#6791=VECTOR('',#12248,1.);
#6792=VECTOR('',#12253,1.);
#6793=VECTOR('',#12254,1.);
#6794=VECTOR('',#12257,1.);
#6795=VECTOR('',#12260,1.);
#6796=VECTOR('',#12265,1.);
#6797=VECTOR('',#12266,1.);
#6798=VECTOR('',#12269,1.);
#6799=VECTOR('',#12272,1.);
#6800=VECTOR('',#12277,1.);
#6801=VECTOR('',#12278,1.);
#6802=VECTOR('',#12285,1.);
#6803=VECTOR('',#12286,1.);
#6804=VECTOR('',#12289,1.);
#6805=VECTOR('',#12292,1.);
#6806=VECTOR('',#12297,1.);
#6807=VECTOR('',#12298,1.);
#6808=VECTOR('',#12301,1.);
#6809=VECTOR('',#12304,1.);
#6810=VECTOR('',#12309,1.);
#6811=VECTOR('',#12310,1.);
#6812=VECTOR('',#12313,1.);
#6813=VECTOR('',#12316,1.);
#6814=VECTOR('',#12321,1.);
#6815=VECTOR('',#12322,1.);
#6816=VECTOR('',#12325,1.);
#6817=VECTOR('',#12328,1.);
#6818=VECTOR('',#12333,1.);
#6819=VECTOR('',#12334,1.);
#6820=VECTOR('',#12337,1.);
#6821=VECTOR('',#12340,1.);
#6822=VECTOR('',#12345,1.);
#6823=VECTOR('',#12346,1.);
#6824=VECTOR('',#12349,1.);
#6825=VECTOR('',#12352,1.);
#6826=VECTOR('',#12357,1.);
#6827=VECTOR('',#12358,1.);
#6828=VECTOR('',#12361,1.);
#6829=VECTOR('',#12364,1.);
#6830=VECTOR('',#12369,1.);
#6831=VECTOR('',#12370,1.);
#6832=VECTOR('',#12373,1.);
#6833=VECTOR('',#12376,1.);
#6834=VECTOR('',#12381,1.);
#6835=VECTOR('',#12382,1.);
#6836=VECTOR('',#12385,1.);
#6837=VECTOR('',#12388,1.);
#6838=VECTOR('',#12393,1.);
#6839=VECTOR('',#12394,1.);
#6840=VECTOR('',#12397,1.);
#6841=VECTOR('',#12400,1.);
#6842=VECTOR('',#12405,1.);
#6843=VECTOR('',#12406,1.);
#6844=VECTOR('',#12409,1.);
#6845=VECTOR('',#12412,1.);
#6846=VECTOR('',#12417,1.);
#6847=VECTOR('',#12418,1.);
#6848=VECTOR('',#12425,1.);
#6849=VECTOR('',#12426,1.);
#6850=VECTOR('',#12429,1.);
#6851=VECTOR('',#12432,1.);
#6852=VECTOR('',#12437,1.);
#6853=VECTOR('',#12438,1.);
#6854=VECTOR('',#12441,1.);
#6855=VECTOR('',#12444,1.);
#6856=VECTOR('',#12449,1.);
#6857=VECTOR('',#12450,1.);
#6858=VECTOR('',#12453,1.);
#6859=VECTOR('',#12456,1.);
#6860=VECTOR('',#12461,1.);
#6861=VECTOR('',#12462,1.);
#6862=VECTOR('',#12465,1.);
#6863=VECTOR('',#12468,1.);
#6864=VECTOR('',#12473,1.);
#6865=VECTOR('',#12474,1.);
#6866=VECTOR('',#12477,1.);
#6867=VECTOR('',#12480,1.);
#6868=VECTOR('',#12485,1.);
#6869=VECTOR('',#12486,1.);
#6870=VECTOR('',#12489,1.);
#6871=VECTOR('',#12492,1.);
#6872=VECTOR('',#12497,1.);
#6873=VECTOR('',#12498,1.);
#6874=VECTOR('',#12501,1.);
#6875=VECTOR('',#12504,1.);
#6876=VECTOR('',#12509,1.);
#6877=VECTOR('',#12510,1.);
#6878=VECTOR('',#12513,1.);
#6879=VECTOR('',#12516,1.);
#6880=VECTOR('',#12521,1.);
#6881=VECTOR('',#12522,1.);
#6882=VECTOR('',#12525,1.);
#6883=VECTOR('',#12528,1.);
#6884=VECTOR('',#12533,1.);
#6885=VECTOR('',#12534,1.);
#6886=VECTOR('',#12537,1.);
#6887=VECTOR('',#12540,1.);
#6888=VECTOR('',#12545,1.);
#6889=VECTOR('',#12546,1.);
#6890=VECTOR('',#12549,1.);
#6891=VECTOR('',#12552,1.);
#6892=VECTOR('',#12557,1.);
#6893=VECTOR('',#12558,1.);
#6894=VECTOR('',#12565,1.);
#6895=VECTOR('',#12566,1.);
#6896=VECTOR('',#12569,1.);
#6897=VECTOR('',#12572,1.);
#6898=VECTOR('',#12577,1.);
#6899=VECTOR('',#12578,1.);
#6900=VECTOR('',#12581,1.);
#6901=VECTOR('',#12584,1.);
#6902=VECTOR('',#12589,1.);
#6903=VECTOR('',#12590,1.);
#6904=VECTOR('',#12593,1.);
#6905=VECTOR('',#12596,1.);
#6906=VECTOR('',#12601,1.);
#6907=VECTOR('',#12602,1.);
#6908=VECTOR('',#12605,1.);
#6909=VECTOR('',#12608,1.);
#6910=VECTOR('',#12613,1.);
#6911=VECTOR('',#12614,1.);
#6912=VECTOR('',#12617,1.);
#6913=VECTOR('',#12620,1.);
#6914=VECTOR('',#12625,1.);
#6915=VECTOR('',#12626,1.);
#6916=VECTOR('',#12629,1.);
#6917=VECTOR('',#12632,1.);
#6918=VECTOR('',#12637,1.);
#6919=VECTOR('',#12638,1.);
#6920=VECTOR('',#12641,1.);
#6921=VECTOR('',#12644,1.);
#6922=VECTOR('',#12649,1.);
#6923=VECTOR('',#12650,1.);
#6924=VECTOR('',#12653,1.);
#6925=VECTOR('',#12656,1.);
#6926=VECTOR('',#12661,1.);
#6927=VECTOR('',#12662,1.);
#6928=VECTOR('',#12665,1.);
#6929=VECTOR('',#12668,1.);
#6930=VECTOR('',#12673,1.);
#6931=VECTOR('',#12674,1.);
#6932=VECTOR('',#12677,1.);
#6933=VECTOR('',#12680,1.);
#6934=VECTOR('',#12685,1.);
#6935=VECTOR('',#12686,1.);
#6936=VECTOR('',#12689,1.);
#6937=VECTOR('',#12692,1.);
#6938=EDGE_LOOP('',(#540,#541,#542,#543));
#6939=EDGE_LOOP('',(#544,#545,#546,#547));
#6940=EDGE_LOOP('',(#548,#549,#550,#551));
#6941=EDGE_LOOP('',(#552,#553,#554,#555));
#6942=EDGE_LOOP('',(#556,#557,#558,#559));
#6943=EDGE_LOOP('',(#560,#561,#562,#563));
#6944=EDGE_LOOP('',(#564,#565,#566,#567));
#6945=EDGE_LOOP('',(#568,#569,#570,#571));
#6946=EDGE_LOOP('',(#572,#573,#574,#575));
#6947=EDGE_LOOP('',(#576,#577,#578,#579));
#6948=EDGE_LOOP('',(#580,#581,#582,#583));
#6949=EDGE_LOOP('',(#584,#585,#586,#587));
#6950=EDGE_LOOP('',(#588,#589,#590,#591));
#6951=EDGE_LOOP('',(#592,#593,#594,#595));
#6952=EDGE_LOOP('',(#596,#597,#598,#599));
#6953=EDGE_LOOP('',(#600,#601,#602,#603));
#6954=EDGE_LOOP('',(#604,#605,#606,#607));
#6955=EDGE_LOOP('',(#608,#609,#610,#611));
#6956=EDGE_LOOP('',(#612,#613,#614,#615));
#6957=EDGE_LOOP('',(#616,#617,#618,#619));
#6958=EDGE_LOOP('',(#620,#621,#622,#623));
#6959=EDGE_LOOP('',(#624,#625,#626,#627));
#6960=EDGE_LOOP('',(#628,#629,#630,#631));
#6961=EDGE_LOOP('',(#632,#633,#634,#635));
#6962=EDGE_LOOP('',(#636,#637,#638,#639));
#6963=EDGE_LOOP('',(#640,#641,#642,#643));
#6964=EDGE_LOOP('',(#644,#645,#646,#647));
#6965=EDGE_LOOP('',(#648,#649,#650,#651));
#6966=EDGE_LOOP('',(#652,#653,#654,#655));
#6967=EDGE_LOOP('',(#656));
#6968=EDGE_LOOP('',(#657));
#6969=EDGE_LOOP('',(#658));
#6970=EDGE_LOOP('',(#659));
#6971=EDGE_LOOP('',(#660));
#6972=EDGE_LOOP('',(#661));
#6973=EDGE_LOOP('',(#662));
#6974=EDGE_LOOP('',(#663));
#6975=EDGE_LOOP('',(#664));
#6976=EDGE_LOOP('',(#665));
#6977=EDGE_LOOP('',(#666));
#6978=EDGE_LOOP('',(#667));
#6979=EDGE_LOOP('',(#668));
#6980=EDGE_LOOP('',(#669));
#6981=EDGE_LOOP('',(#670));
#6982=EDGE_LOOP('',(#671));
#6983=EDGE_LOOP('',(#672));
#6984=EDGE_LOOP('',(#673));
#6985=EDGE_LOOP('',(#674));
#6986=EDGE_LOOP('',(#675));
#6987=EDGE_LOOP('',(#676));
#6988=EDGE_LOOP('',(#677));
#6989=EDGE_LOOP('',(#678));
#6990=EDGE_LOOP('',(#679));
#6991=EDGE_LOOP('',(#680));
#6992=EDGE_LOOP('',(#681));
#6993=EDGE_LOOP('',(#682));
#6994=EDGE_LOOP('',(#683));
#6995=EDGE_LOOP('',(#684));
#6996=EDGE_LOOP('',(#685));
#6997=EDGE_LOOP('',(#686));
#6998=EDGE_LOOP('',(#687));
#6999=EDGE_LOOP('',(#688));
#7000=EDGE_LOOP('',(#689));
#7001=EDGE_LOOP('',(#690));
#7002=EDGE_LOOP('',(#691));
#7003=EDGE_LOOP('',(#692));
#7004=EDGE_LOOP('',(#693));
#7005=EDGE_LOOP('',(#694));
#7006=EDGE_LOOP('',(#695));
#7007=EDGE_LOOP('',(#696));
#7008=EDGE_LOOP('',(#697));
#7009=EDGE_LOOP('',(#698));
#7010=EDGE_LOOP('',(#699));
#7011=EDGE_LOOP('',(#700));
#7012=EDGE_LOOP('',(#701));
#7013=EDGE_LOOP('',(#702));
#7014=EDGE_LOOP('',(#703));
#7015=EDGE_LOOP('',(#704));
#7016=EDGE_LOOP('',(#705));
#7017=EDGE_LOOP('',(#706));
#7018=EDGE_LOOP('',(#707));
#7019=EDGE_LOOP('',(#708));
#7020=EDGE_LOOP('',(#709));
#7021=EDGE_LOOP('',(#710));
#7022=EDGE_LOOP('',(#711));
#7023=EDGE_LOOP('',(#712));
#7024=EDGE_LOOP('',(#713));
#7025=EDGE_LOOP('',(#714));
#7026=EDGE_LOOP('',(#715));
#7027=EDGE_LOOP('',(#716));
#7028=EDGE_LOOP('',(#717));
#7029=EDGE_LOOP('',(#718));
#7030=EDGE_LOOP('',(#719));
#7031=EDGE_LOOP('',(#720));
#7032=EDGE_LOOP('',(#721));
#7033=EDGE_LOOP('',(#722));
#7034=EDGE_LOOP('',(#723));
#7035=EDGE_LOOP('',(#724));
#7036=EDGE_LOOP('',(#725));
#7037=EDGE_LOOP('',(#726));
#7038=EDGE_LOOP('',(#727));
#7039=EDGE_LOOP('',(#728));
#7040=EDGE_LOOP('',(#729));
#7041=EDGE_LOOP('',(#730));
#7042=EDGE_LOOP('',(#731));
#7043=EDGE_LOOP('',(#732));
#7044=EDGE_LOOP('',(#733));
#7045=EDGE_LOOP('',(#734));
#7046=EDGE_LOOP('',(#735));
#7047=EDGE_LOOP('',(#736));
#7048=EDGE_LOOP('',(#737));
#7049=EDGE_LOOP('',(#738));
#7050=EDGE_LOOP('',(#739));
#7051=EDGE_LOOP('',(#740));
#7052=EDGE_LOOP('',(#741));
#7053=EDGE_LOOP('',(#742));
#7054=EDGE_LOOP('',(#743));
#7055=EDGE_LOOP('',(#744));
#7056=EDGE_LOOP('',(#745));
#7057=EDGE_LOOP('',(#746));
#7058=EDGE_LOOP('',(#747));
#7059=EDGE_LOOP('',(#748));
#7060=EDGE_LOOP('',(#749));
#7061=EDGE_LOOP('',(#750));
#7062=EDGE_LOOP('',(#751));
#7063=EDGE_LOOP('',(#752,#753,#754,#755,#756,#757,#758,#759));
#7064=EDGE_LOOP('',(#760,#761,#762,#763,#764,#765));
#7065=EDGE_LOOP('',(#766,#767,#768,#769,#770,#771,#772,#773));
#7066=EDGE_LOOP('',(#774,#775,#776,#777,#778,#779));
#7067=EDGE_LOOP('',(#780,#781,#782,#783,#784,#785));
#7068=EDGE_LOOP('',(#786,#787,#788,#789,#790,#791,#792,#793));
#7069=EDGE_LOOP('',(#794,#795,#796,#797,#798,#799,#800,#801));
#7070=EDGE_LOOP('',(#802,#803,#804,#805,#806,#807,#808,#809));
#7071=EDGE_LOOP('',(#810,#811,#812,#813,#814,#815,#816,#817));
#7072=EDGE_LOOP('',(#818,#819,#820,#821,#822,#823,#824,#825));
#7073=EDGE_LOOP('',(#826,#827,#828,#829,#830,#831,#832,#833));
#7074=EDGE_LOOP('',(#834,#835,#836,#837,#838,#839,#840,#841));
#7075=EDGE_LOOP('',(#842,#843,#844,#845,#846,#847,#848,#849));
#7076=EDGE_LOOP('',(#850,#851,#852,#853,#854,#855,#856,#857));
#7077=EDGE_LOOP('',(#858,#859,#860,#861,#862,#863,#864,#865));
#7078=EDGE_LOOP('',(#866,#867,#868,#869,#870,#871));
#7079=EDGE_LOOP('',(#872,#873,#874,#875,#876,#877,#878,#879));
#7080=EDGE_LOOP('',(#880,#881,#882,#883,#884,#885,#886,#887));
#7081=EDGE_LOOP('',(#888,#889,#890,#891,#892,#893,#894,#895));
#7082=EDGE_LOOP('',(#896,#897,#898,#899,#900,#901,#902,#903));
#7083=EDGE_LOOP('',(#904,#905,#906,#907,#908,#909));
#7084=EDGE_LOOP('',(#910,#911,#912,#913));
#7085=EDGE_LOOP('',(#914,#915,#916,#917));
#7086=EDGE_LOOP('',(#918,#919,#920,#921));
#7087=EDGE_LOOP('',(#922,#923,#924,#925));
#7088=EDGE_LOOP('',(#926,#927,#928,#929));
#7089=EDGE_LOOP('',(#930,#931,#932,#933));
#7090=EDGE_LOOP('',(#934,#935,#936,#937));
#7091=EDGE_LOOP('',(#938,#939,#940,#941));
#7092=EDGE_LOOP('',(#942,#943,#944,#945));
#7093=EDGE_LOOP('',(#946,#947,#948,#949));
#7094=EDGE_LOOP('',(#950,#951,#952,#953));
#7095=EDGE_LOOP('',(#954,#955,#956,#957));
#7096=EDGE_LOOP('',(#958,#959,#960,#961));
#7097=EDGE_LOOP('',(#962,#963,#964,#965));
#7098=EDGE_LOOP('',(#966,#967,#968,#969));
#7099=EDGE_LOOP('',(#970,#971,#972,#973,#974,#975,#976,#977,#978,#979,#980,
#981,#982,#983,#984,#985));
#7100=EDGE_LOOP('',(#986,#987,#988,#989));
#7101=EDGE_LOOP('',(#990,#991,#992,#993));
#7102=EDGE_LOOP('',(#994,#995,#996,#997));
#7103=EDGE_LOOP('',(#998,#999,#1000,#1001));
#7104=EDGE_LOOP('',(#1002,#1003,#1004,#1005));
#7105=EDGE_LOOP('',(#1006,#1007,#1008,#1009));
#7106=EDGE_LOOP('',(#1010,#1011,#1012,#1013));
#7107=EDGE_LOOP('',(#1014,#1015,#1016,#1017));
#7108=EDGE_LOOP('',(#1018,#1019,#1020,#1021));
#7109=EDGE_LOOP('',(#1022,#1023,#1024,#1025));
#7110=EDGE_LOOP('',(#1026,#1027,#1028,#1029));
#7111=EDGE_LOOP('',(#1030,#1031,#1032,#1033));
#7112=EDGE_LOOP('',(#1034,#1035,#1036,#1037));
#7113=EDGE_LOOP('',(#1038,#1039,#1040,#1041));
#7114=EDGE_LOOP('',(#1042,#1043,#1044,#1045));
#7115=EDGE_LOOP('',(#1046,#1047,#1048,#1049));
#7116=EDGE_LOOP('',(#1050,#1051,#1052,#1053));
#7117=EDGE_LOOP('',(#1054,#1055,#1056,#1057));
#7118=EDGE_LOOP('',(#1058,#1059,#1060,#1061));
#7119=EDGE_LOOP('',(#1062,#1063,#1064,#1065));
#7120=EDGE_LOOP('',(#1066,#1067,#1068,#1069));
#7121=EDGE_LOOP('',(#1070,#1071,#1072,#1073));
#7122=EDGE_LOOP('',(#1074,#1075,#1076,#1077));
#7123=EDGE_LOOP('',(#1078,#1079,#1080,#1081));
#7124=EDGE_LOOP('',(#1082,#1083,#1084,#1085));
#7125=EDGE_LOOP('',(#1086,#1087,#1088,#1089));
#7126=EDGE_LOOP('',(#1090,#1091,#1092,#1093));
#7127=EDGE_LOOP('',(#1094,#1095,#1096,#1097));
#7128=EDGE_LOOP('',(#1098,#1099,#1100,#1101));
#7129=EDGE_LOOP('',(#1102,#1103,#1104,#1105));
#7130=EDGE_LOOP('',(#1106,#1107,#1108,#1109));
#7131=EDGE_LOOP('',(#1110,#1111,#1112,#1113));
#7132=EDGE_LOOP('',(#1114,#1115,#1116,#1117));
#7133=EDGE_LOOP('',(#1118,#1119,#1120,#1121));
#7134=EDGE_LOOP('',(#1122,#1123,#1124,#1125));
#7135=EDGE_LOOP('',(#1126,#1127,#1128,#1129));
#7136=EDGE_LOOP('',(#1130,#1131,#1132,#1133));
#7137=EDGE_LOOP('',(#1134,#1135,#1136,#1137));
#7138=EDGE_LOOP('',(#1138,#1139,#1140,#1141));
#7139=EDGE_LOOP('',(#1142,#1143,#1144,#1145));
#7140=EDGE_LOOP('',(#1146,#1147,#1148,#1149));
#7141=EDGE_LOOP('',(#1150,#1151,#1152,#1153));
#7142=EDGE_LOOP('',(#1154,#1155,#1156,#1157));
#7143=EDGE_LOOP('',(#1158,#1159,#1160,#1161));
#7144=EDGE_LOOP('',(#1162));
#7145=EDGE_LOOP('',(#1163));
#7146=EDGE_LOOP('',(#1164));
#7147=EDGE_LOOP('',(#1165));
#7148=EDGE_LOOP('',(#1166));
#7149=EDGE_LOOP('',(#1167));
#7150=EDGE_LOOP('',(#1168));
#7151=EDGE_LOOP('',(#1169));
#7152=EDGE_LOOP('',(#1170));
#7153=EDGE_LOOP('',(#1171));
#7154=EDGE_LOOP('',(#1172));
#7155=EDGE_LOOP('',(#1173));
#7156=EDGE_LOOP('',(#1174));
#7157=EDGE_LOOP('',(#1175));
#7158=EDGE_LOOP('',(#1176));
#7159=EDGE_LOOP('',(#1177));
#7160=EDGE_LOOP('',(#1178));
#7161=EDGE_LOOP('',(#1179));
#7162=EDGE_LOOP('',(#1180));
#7163=EDGE_LOOP('',(#1181));
#7164=EDGE_LOOP('',(#1182));
#7165=EDGE_LOOP('',(#1183));
#7166=EDGE_LOOP('',(#1184));
#7167=EDGE_LOOP('',(#1185));
#7168=EDGE_LOOP('',(#1186));
#7169=EDGE_LOOP('',(#1187));
#7170=EDGE_LOOP('',(#1188));
#7171=EDGE_LOOP('',(#1189));
#7172=EDGE_LOOP('',(#1190));
#7173=EDGE_LOOP('',(#1191));
#7174=EDGE_LOOP('',(#1192));
#7175=EDGE_LOOP('',(#1193));
#7176=EDGE_LOOP('',(#1194));
#7177=EDGE_LOOP('',(#1195));
#7178=EDGE_LOOP('',(#1196));
#7179=EDGE_LOOP('',(#1197));
#7180=EDGE_LOOP('',(#1198));
#7181=EDGE_LOOP('',(#1199));
#7182=EDGE_LOOP('',(#1200));
#7183=EDGE_LOOP('',(#1201));
#7184=EDGE_LOOP('',(#1202));
#7185=EDGE_LOOP('',(#1203));
#7186=EDGE_LOOP('',(#1204));
#7187=EDGE_LOOP('',(#1205));
#7188=EDGE_LOOP('',(#1206));
#7189=EDGE_LOOP('',(#1207));
#7190=EDGE_LOOP('',(#1208));
#7191=EDGE_LOOP('',(#1209));
#7192=EDGE_LOOP('',(#1210));
#7193=EDGE_LOOP('',(#1211));
#7194=EDGE_LOOP('',(#1212));
#7195=EDGE_LOOP('',(#1213));
#7196=EDGE_LOOP('',(#1214));
#7197=EDGE_LOOP('',(#1215));
#7198=EDGE_LOOP('',(#1216));
#7199=EDGE_LOOP('',(#1217));
#7200=EDGE_LOOP('',(#1218));
#7201=EDGE_LOOP('',(#1219));
#7202=EDGE_LOOP('',(#1220));
#7203=EDGE_LOOP('',(#1221));
#7204=EDGE_LOOP('',(#1222));
#7205=EDGE_LOOP('',(#1223));
#7206=EDGE_LOOP('',(#1224));
#7207=EDGE_LOOP('',(#1225));
#7208=EDGE_LOOP('',(#1226));
#7209=EDGE_LOOP('',(#1227));
#7210=EDGE_LOOP('',(#1228));
#7211=EDGE_LOOP('',(#1229));
#7212=EDGE_LOOP('',(#1230));
#7213=EDGE_LOOP('',(#1231));
#7214=EDGE_LOOP('',(#1232));
#7215=EDGE_LOOP('',(#1233));
#7216=EDGE_LOOP('',(#1234));
#7217=EDGE_LOOP('',(#1235));
#7218=EDGE_LOOP('',(#1236));
#7219=EDGE_LOOP('',(#1237));
#7220=EDGE_LOOP('',(#1238));
#7221=EDGE_LOOP('',(#1239));
#7222=EDGE_LOOP('',(#1240));
#7223=EDGE_LOOP('',(#1241));
#7224=EDGE_LOOP('',(#1242));
#7225=EDGE_LOOP('',(#1243));
#7226=EDGE_LOOP('',(#1244));
#7227=EDGE_LOOP('',(#1245));
#7228=EDGE_LOOP('',(#1246));
#7229=EDGE_LOOP('',(#1247));
#7230=EDGE_LOOP('',(#1248));
#7231=EDGE_LOOP('',(#1249));
#7232=EDGE_LOOP('',(#1250));
#7233=EDGE_LOOP('',(#1251));
#7234=EDGE_LOOP('',(#1252));
#7235=EDGE_LOOP('',(#1253));
#7236=EDGE_LOOP('',(#1254));
#7237=EDGE_LOOP('',(#1255));
#7238=EDGE_LOOP('',(#1256));
#7239=EDGE_LOOP('',(#1257));
#7240=EDGE_LOOP('',(#1258,#1259,#1260,#1261,#1262,#1263,#1264,#1265));
#7241=EDGE_LOOP('',(#1266,#1267,#1268,#1269,#1270,#1271,#1272,#1273));
#7242=EDGE_LOOP('',(#1274,#1275,#1276,#1277,#1278,#1279,#1280,#1281));
#7243=EDGE_LOOP('',(#1282,#1283,#1284,#1285,#1286,#1287,#1288,#1289));
#7244=EDGE_LOOP('',(#1290,#1291,#1292,#1293,#1294,#1295,#1296,#1297));
#7245=EDGE_LOOP('',(#1298,#1299,#1300,#1301,#1302,#1303));
#7246=EDGE_LOOP('',(#1304,#1305,#1306,#1307,#1308,#1309,#1310,#1311));
#7247=EDGE_LOOP('',(#1312,#1313,#1314,#1315,#1316,#1317));
#7248=EDGE_LOOP('',(#1318,#1319,#1320,#1321,#1322,#1323));
#7249=EDGE_LOOP('',(#1324,#1325,#1326,#1327,#1328,#1329,#1330,#1331));
#7250=EDGE_LOOP('',(#1332,#1333,#1334,#1335,#1336,#1337,#1338,#1339));
#7251=EDGE_LOOP('',(#1340,#1341,#1342,#1343,#1344,#1345,#1346,#1347));
#7252=EDGE_LOOP('',(#1348,#1349,#1350,#1351,#1352,#1353,#1354,#1355));
#7253=EDGE_LOOP('',(#1356,#1357,#1358,#1359,#1360,#1361,#1362,#1363));
#7254=EDGE_LOOP('',(#1364,#1365,#1366,#1367,#1368,#1369,#1370,#1371));
#7255=EDGE_LOOP('',(#1372,#1373,#1374,#1375,#1376,#1377,#1378,#1379));
#7256=EDGE_LOOP('',(#1380,#1381,#1382,#1383,#1384,#1385,#1386,#1387));
#7257=EDGE_LOOP('',(#1388,#1389,#1390,#1391,#1392,#1393));
#7258=EDGE_LOOP('',(#1394,#1395,#1396,#1397,#1398,#1399,#1400,#1401));
#7259=EDGE_LOOP('',(#1402,#1403,#1404,#1405,#1406,#1407,#1408,#1409));
#7260=EDGE_LOOP('',(#1410,#1411,#1412,#1413,#1414,#1415));
#7261=EDGE_LOOP('',(#1416,#1417,#1418,#1419,#1420,#1421,#1422,#1423,#1424,
#1425,#1426,#1427,#1428,#1429,#1430,#1431));
#7262=EDGE_LOOP('',(#1432,#1433,#1434,#1435));
#7263=EDGE_LOOP('',(#1436,#1437,#1438,#1439));
#7264=EDGE_LOOP('',(#1440,#1441,#1442,#1443));
#7265=EDGE_LOOP('',(#1444,#1445,#1446,#1447));
#7266=EDGE_LOOP('',(#1448,#1449,#1450,#1451));
#7267=EDGE_LOOP('',(#1452,#1453,#1454,#1455));
#7268=EDGE_LOOP('',(#1456,#1457,#1458,#1459));
#7269=EDGE_LOOP('',(#1460,#1461,#1462,#1463));
#7270=EDGE_LOOP('',(#1464,#1465,#1466,#1467));
#7271=EDGE_LOOP('',(#1468,#1469,#1470,#1471));
#7272=EDGE_LOOP('',(#1472,#1473,#1474,#1475));
#7273=EDGE_LOOP('',(#1476,#1477,#1478,#1479));
#7274=EDGE_LOOP('',(#1480,#1481,#1482,#1483));
#7275=EDGE_LOOP('',(#1484,#1485,#1486,#1487));
#7276=EDGE_LOOP('',(#1488,#1489,#1490,#1491));
#7277=EDGE_LOOP('',(#1492,#1493,#1494,#1495));
#7278=EDGE_LOOP('',(#1496,#1497,#1498,#1499));
#7279=EDGE_LOOP('',(#1500,#1501,#1502,#1503));
#7280=EDGE_LOOP('',(#1504,#1505,#1506,#1507));
#7281=EDGE_LOOP('',(#1508,#1509,#1510,#1511));
#7282=EDGE_LOOP('',(#1512,#1513,#1514,#1515));
#7283=EDGE_LOOP('',(#1516,#1517,#1518,#1519));
#7284=EDGE_LOOP('',(#1520,#1521,#1522,#1523));
#7285=EDGE_LOOP('',(#1524,#1525,#1526,#1527));
#7286=EDGE_LOOP('',(#1528,#1529,#1530,#1531));
#7287=EDGE_LOOP('',(#1532,#1533,#1534,#1535));
#7288=EDGE_LOOP('',(#1536,#1537,#1538,#1539));
#7289=EDGE_LOOP('',(#1540,#1541,#1542,#1543));
#7290=EDGE_LOOP('',(#1544,#1545,#1546,#1547));
#7291=EDGE_LOOP('',(#1548,#1549,#1550,#1551));
#7292=EDGE_LOOP('',(#1552,#1553,#1554,#1555));
#7293=EDGE_LOOP('',(#1556,#1557,#1558,#1559));
#7294=EDGE_LOOP('',(#1560,#1561,#1562,#1563));
#7295=EDGE_LOOP('',(#1564,#1565,#1566,#1567));
#7296=EDGE_LOOP('',(#1568,#1569,#1570,#1571));
#7297=EDGE_LOOP('',(#1572,#1573,#1574,#1575));
#7298=EDGE_LOOP('',(#1576,#1577,#1578,#1579));
#7299=EDGE_LOOP('',(#1580,#1581,#1582,#1583));
#7300=EDGE_LOOP('',(#1584,#1585,#1586,#1587));
#7301=EDGE_LOOP('',(#1588,#1589,#1590,#1591));
#7302=EDGE_LOOP('',(#1592,#1593,#1594,#1595));
#7303=EDGE_LOOP('',(#1596,#1597,#1598,#1599));
#7304=EDGE_LOOP('',(#1600,#1601,#1602,#1603));
#7305=EDGE_LOOP('',(#1604,#1605,#1606,#1607));
#7306=EDGE_LOOP('',(#1608,#1609,#1610,#1611));
#7307=EDGE_LOOP('',(#1612,#1613,#1614,#1615));
#7308=EDGE_LOOP('',(#1616,#1617,#1618,#1619));
#7309=EDGE_LOOP('',(#1620,#1621,#1622,#1623));
#7310=EDGE_LOOP('',(#1624,#1625,#1626,#1627));
#7311=EDGE_LOOP('',(#1628,#1629,#1630,#1631));
#7312=EDGE_LOOP('',(#1632,#1633,#1634,#1635));
#7313=EDGE_LOOP('',(#1636,#1637,#1638,#1639));
#7314=EDGE_LOOP('',(#1640,#1641,#1642,#1643));
#7315=EDGE_LOOP('',(#1644,#1645,#1646,#1647));
#7316=EDGE_LOOP('',(#1648,#1649,#1650,#1651));
#7317=EDGE_LOOP('',(#1652,#1653,#1654,#1655));
#7318=EDGE_LOOP('',(#1656,#1657,#1658,#1659));
#7319=EDGE_LOOP('',(#1660,#1661,#1662,#1663));
#7320=EDGE_LOOP('',(#1664,#1665,#1666,#1667));
#7321=EDGE_LOOP('',(#1668,#1669,#1670,#1671));
#7322=EDGE_LOOP('',(#1672,#1673,#1674,#1675));
#7323=EDGE_LOOP('',(#1676,#1677,#1678,#1679));
#7324=EDGE_LOOP('',(#1680,#1681,#1682,#1683));
#7325=EDGE_LOOP('',(#1684,#1685,#1686,#1687));
#7326=EDGE_LOOP('',(#1688,#1689,#1690,#1691));
#7327=EDGE_LOOP('',(#1692,#1693,#1694,#1695));
#7328=EDGE_LOOP('',(#1696,#1697,#1698,#1699));
#7329=EDGE_LOOP('',(#1700,#1701,#1702,#1703));
#7330=EDGE_LOOP('',(#1704,#1705,#1706,#1707));
#7331=EDGE_LOOP('',(#1708,#1709,#1710,#1711));
#7332=EDGE_LOOP('',(#1712,#1713,#1714,#1715));
#7333=EDGE_LOOP('',(#1716,#1717,#1718,#1719));
#7334=EDGE_LOOP('',(#1720,#1721,#1722,#1723));
#7335=EDGE_LOOP('',(#1724,#1725,#1726,#1727));
#7336=EDGE_LOOP('',(#1728,#1729,#1730,#1731));
#7337=EDGE_LOOP('',(#1732,#1733,#1734,#1735));
#7338=EDGE_LOOP('',(#1736,#1737,#1738,#1739));
#7339=EDGE_LOOP('',(#1740,#1741,#1742,#1743));
#7340=EDGE_LOOP('',(#1744,#1745,#1746,#1747));
#7341=EDGE_LOOP('',(#1748,#1749,#1750,#1751));
#7342=EDGE_LOOP('',(#1752,#1753,#1754,#1755));
#7343=EDGE_LOOP('',(#1756,#1757,#1758,#1759));
#7344=EDGE_LOOP('',(#1760,#1761,#1762,#1763));
#7345=EDGE_LOOP('',(#1764,#1765,#1766,#1767));
#7346=EDGE_LOOP('',(#1768,#1769,#1770,#1771));
#7347=EDGE_LOOP('',(#1772,#1773,#1774,#1775));
#7348=EDGE_LOOP('',(#1776,#1777,#1778,#1779));
#7349=EDGE_LOOP('',(#1780,#1781,#1782,#1783));
#7350=EDGE_LOOP('',(#1784,#1785,#1786,#1787));
#7351=EDGE_LOOP('',(#1788,#1789,#1790,#1791));
#7352=EDGE_LOOP('',(#1792,#1793,#1794,#1795));
#7353=EDGE_LOOP('',(#1796,#1797,#1798,#1799));
#7354=EDGE_LOOP('',(#1800,#1801,#1802,#1803));
#7355=EDGE_LOOP('',(#1804,#1805,#1806,#1807));
#7356=EDGE_LOOP('',(#1808,#1809,#1810,#1811));
#7357=EDGE_LOOP('',(#1812,#1813,#1814,#1815));
#7358=EDGE_LOOP('',(#1816,#1817,#1818,#1819));
#7359=EDGE_LOOP('',(#1820,#1821,#1822,#1823));
#7360=EDGE_LOOP('',(#1824,#1825,#1826,#1827));
#7361=EDGE_LOOP('',(#1828,#1829,#1830,#1831));
#7362=EDGE_LOOP('',(#1832,#1833,#1834,#1835));
#7363=EDGE_LOOP('',(#1836,#1837,#1838,#1839));
#7364=EDGE_LOOP('',(#1840,#1841,#1842,#1843));
#7365=EDGE_LOOP('',(#1844,#1845,#1846,#1847));
#7366=EDGE_LOOP('',(#1848,#1849,#1850,#1851));
#7367=EDGE_LOOP('',(#1852,#1853,#1854,#1855));
#7368=EDGE_LOOP('',(#1856,#1857,#1858,#1859));
#7369=EDGE_LOOP('',(#1860,#1861,#1862,#1863));
#7370=EDGE_LOOP('',(#1864,#1865,#1866,#1867));
#7371=EDGE_LOOP('',(#1868,#1869,#1870,#1871));
#7372=EDGE_LOOP('',(#1872,#1873,#1874,#1875));
#7373=EDGE_LOOP('',(#1876,#1877,#1878,#1879));
#7374=EDGE_LOOP('',(#1880,#1881,#1882,#1883));
#7375=EDGE_LOOP('',(#1884,#1885,#1886,#1887));
#7376=EDGE_LOOP('',(#1888,#1889,#1890,#1891));
#7377=EDGE_LOOP('',(#1892,#1893,#1894,#1895));
#7378=EDGE_LOOP('',(#1896,#1897,#1898,#1899));
#7379=EDGE_LOOP('',(#1900,#1901,#1902,#1903));
#7380=EDGE_LOOP('',(#1904,#1905,#1906,#1907));
#7381=EDGE_LOOP('',(#1908,#1909,#1910,#1911));
#7382=EDGE_LOOP('',(#1912,#1913,#1914,#1915));
#7383=EDGE_LOOP('',(#1916,#1917,#1918,#1919));
#7384=EDGE_LOOP('',(#1920,#1921,#1922,#1923));
#7385=EDGE_LOOP('',(#1924,#1925,#1926,#1927));
#7386=EDGE_LOOP('',(#1928,#1929,#1930,#1931));
#7387=EDGE_LOOP('',(#1932,#1933,#1934,#1935));
#7388=EDGE_LOOP('',(#1936,#1937,#1938,#1939));
#7389=EDGE_LOOP('',(#1940,#1941,#1942,#1943));
#7390=EDGE_LOOP('',(#1944,#1945,#1946,#1947));
#7391=EDGE_LOOP('',(#1948,#1949,#1950,#1951));
#7392=EDGE_LOOP('',(#1952,#1953,#1954,#1955));
#7393=EDGE_LOOP('',(#1956,#1957,#1958,#1959));
#7394=EDGE_LOOP('',(#1960,#1961,#1962,#1963));
#7395=EDGE_LOOP('',(#1964,#1965,#1966,#1967));
#7396=EDGE_LOOP('',(#1968,#1969,#1970,#1971));
#7397=EDGE_LOOP('',(#1972,#1973,#1974,#1975));
#7398=EDGE_LOOP('',(#1976,#1977,#1978,#1979));
#7399=EDGE_LOOP('',(#1980,#1981,#1982,#1983));
#7400=EDGE_LOOP('',(#1984,#1985,#1986,#1987));
#7401=EDGE_LOOP('',(#1988,#1989,#1990,#1991));
#7402=EDGE_LOOP('',(#1992,#1993,#1994,#1995));
#7403=EDGE_LOOP('',(#1996,#1997,#1998,#1999));
#7404=EDGE_LOOP('',(#2000,#2001,#2002,#2003));
#7405=EDGE_LOOP('',(#2004,#2005,#2006,#2007));
#7406=EDGE_LOOP('',(#2008,#2009,#2010,#2011));
#7407=EDGE_LOOP('',(#2012,#2013,#2014,#2015));
#7408=EDGE_LOOP('',(#2016,#2017,#2018,#2019));
#7409=EDGE_LOOP('',(#2020,#2021,#2022,#2023));
#7410=EDGE_LOOP('',(#2024,#2025,#2026,#2027));
#7411=EDGE_LOOP('',(#2028,#2029,#2030,#2031));
#7412=EDGE_LOOP('',(#2032,#2033,#2034,#2035));
#7413=EDGE_LOOP('',(#2036,#2037,#2038,#2039));
#7414=EDGE_LOOP('',(#2040,#2041,#2042,#2043));
#7415=EDGE_LOOP('',(#2044,#2045,#2046,#2047));
#7416=EDGE_LOOP('',(#2048,#2049,#2050,#2051));
#7417=EDGE_LOOP('',(#2052,#2053,#2054,#2055));
#7418=EDGE_LOOP('',(#2056,#2057,#2058,#2059));
#7419=EDGE_LOOP('',(#2060,#2061,#2062,#2063));
#7420=EDGE_LOOP('',(#2064,#2065,#2066,#2067));
#7421=EDGE_LOOP('',(#2068,#2069,#2070,#2071));
#7422=EDGE_LOOP('',(#2072,#2073,#2074,#2075));
#7423=EDGE_LOOP('',(#2076,#2077,#2078,#2079));
#7424=EDGE_LOOP('',(#2080));
#7425=EDGE_LOOP('',(#2081));
#7426=EDGE_LOOP('',(#2082));
#7427=EDGE_LOOP('',(#2083));
#7428=EDGE_LOOP('',(#2084));
#7429=EDGE_LOOP('',(#2085));
#7430=EDGE_LOOP('',(#2086));
#7431=EDGE_LOOP('',(#2087));
#7432=EDGE_LOOP('',(#2088));
#7433=EDGE_LOOP('',(#2089));
#7434=EDGE_LOOP('',(#2090));
#7435=EDGE_LOOP('',(#2091));
#7436=EDGE_LOOP('',(#2092));
#7437=EDGE_LOOP('',(#2093));
#7438=EDGE_LOOP('',(#2094));
#7439=EDGE_LOOP('',(#2095));
#7440=EDGE_LOOP('',(#2096));
#7441=EDGE_LOOP('',(#2097));
#7442=EDGE_LOOP('',(#2098));
#7443=EDGE_LOOP('',(#2099));
#7444=EDGE_LOOP('',(#2100));
#7445=EDGE_LOOP('',(#2101));
#7446=EDGE_LOOP('',(#2102));
#7447=EDGE_LOOP('',(#2103));
#7448=EDGE_LOOP('',(#2104));
#7449=EDGE_LOOP('',(#2105));
#7450=EDGE_LOOP('',(#2106));
#7451=EDGE_LOOP('',(#2107));
#7452=EDGE_LOOP('',(#2108));
#7453=EDGE_LOOP('',(#2109));
#7454=EDGE_LOOP('',(#2110));
#7455=EDGE_LOOP('',(#2111));
#7456=EDGE_LOOP('',(#2112));
#7457=EDGE_LOOP('',(#2113));
#7458=EDGE_LOOP('',(#2114));
#7459=EDGE_LOOP('',(#2115));
#7460=EDGE_LOOP('',(#2116));
#7461=EDGE_LOOP('',(#2117));
#7462=EDGE_LOOP('',(#2118));
#7463=EDGE_LOOP('',(#2119));
#7464=EDGE_LOOP('',(#2120));
#7465=EDGE_LOOP('',(#2121));
#7466=EDGE_LOOP('',(#2122));
#7467=EDGE_LOOP('',(#2123));
#7468=EDGE_LOOP('',(#2124));
#7469=EDGE_LOOP('',(#2125));
#7470=EDGE_LOOP('',(#2126));
#7471=EDGE_LOOP('',(#2127));
#7472=EDGE_LOOP('',(#2128));
#7473=EDGE_LOOP('',(#2129));
#7474=EDGE_LOOP('',(#2130));
#7475=EDGE_LOOP('',(#2131));
#7476=EDGE_LOOP('',(#2132));
#7477=EDGE_LOOP('',(#2133));
#7478=EDGE_LOOP('',(#2134));
#7479=EDGE_LOOP('',(#2135));
#7480=EDGE_LOOP('',(#2136));
#7481=EDGE_LOOP('',(#2137));
#7482=EDGE_LOOP('',(#2138));
#7483=EDGE_LOOP('',(#2139));
#7484=EDGE_LOOP('',(#2140));
#7485=EDGE_LOOP('',(#2141));
#7486=EDGE_LOOP('',(#2142));
#7487=EDGE_LOOP('',(#2143));
#7488=EDGE_LOOP('',(#2144));
#7489=EDGE_LOOP('',(#2145));
#7490=EDGE_LOOP('',(#2146));
#7491=EDGE_LOOP('',(#2147));
#7492=EDGE_LOOP('',(#2148));
#7493=EDGE_LOOP('',(#2149));
#7494=EDGE_LOOP('',(#2150));
#7495=EDGE_LOOP('',(#2151));
#7496=EDGE_LOOP('',(#2152));
#7497=EDGE_LOOP('',(#2153));
#7498=EDGE_LOOP('',(#2154));
#7499=EDGE_LOOP('',(#2155));
#7500=EDGE_LOOP('',(#2156));
#7501=EDGE_LOOP('',(#2157));
#7502=EDGE_LOOP('',(#2158));
#7503=EDGE_LOOP('',(#2159));
#7504=EDGE_LOOP('',(#2160));
#7505=EDGE_LOOP('',(#2161));
#7506=EDGE_LOOP('',(#2162));
#7507=EDGE_LOOP('',(#2163));
#7508=EDGE_LOOP('',(#2164));
#7509=EDGE_LOOP('',(#2165));
#7510=EDGE_LOOP('',(#2166));
#7511=EDGE_LOOP('',(#2167));
#7512=EDGE_LOOP('',(#2168));
#7513=EDGE_LOOP('',(#2169));
#7514=EDGE_LOOP('',(#2170));
#7515=EDGE_LOOP('',(#2171));
#7516=EDGE_LOOP('',(#2172));
#7517=EDGE_LOOP('',(#2173));
#7518=EDGE_LOOP('',(#2174));
#7519=EDGE_LOOP('',(#2175));
#7520=EDGE_LOOP('',(#2176));
#7521=EDGE_LOOP('',(#2177));
#7522=EDGE_LOOP('',(#2178));
#7523=EDGE_LOOP('',(#2179));
#7524=EDGE_LOOP('',(#2180));
#7525=EDGE_LOOP('',(#2181));
#7526=EDGE_LOOP('',(#2182));
#7527=EDGE_LOOP('',(#2183));
#7528=EDGE_LOOP('',(#2184));
#7529=EDGE_LOOP('',(#2185));
#7530=EDGE_LOOP('',(#2186));
#7531=EDGE_LOOP('',(#2187));
#7532=EDGE_LOOP('',(#2188));
#7533=EDGE_LOOP('',(#2189));
#7534=EDGE_LOOP('',(#2190));
#7535=EDGE_LOOP('',(#2191));
#7536=EDGE_LOOP('',(#2192));
#7537=EDGE_LOOP('',(#2193));
#7538=EDGE_LOOP('',(#2194));
#7539=EDGE_LOOP('',(#2195));
#7540=EDGE_LOOP('',(#2196));
#7541=EDGE_LOOP('',(#2197));
#7542=EDGE_LOOP('',(#2198));
#7543=EDGE_LOOP('',(#2199));
#7544=EDGE_LOOP('',(#2200));
#7545=EDGE_LOOP('',(#2201));
#7546=EDGE_LOOP('',(#2202));
#7547=EDGE_LOOP('',(#2203));
#7548=EDGE_LOOP('',(#2204));
#7549=EDGE_LOOP('',(#2205));
#7550=EDGE_LOOP('',(#2206));
#7551=EDGE_LOOP('',(#2207));
#7552=EDGE_LOOP('',(#2208));
#7553=EDGE_LOOP('',(#2209));
#7554=EDGE_LOOP('',(#2210));
#7555=EDGE_LOOP('',(#2211));
#7556=EDGE_LOOP('',(#2212));
#7557=EDGE_LOOP('',(#2213));
#7558=EDGE_LOOP('',(#2214));
#7559=EDGE_LOOP('',(#2215));
#7560=EDGE_LOOP('',(#2216));
#7561=EDGE_LOOP('',(#2217));
#7562=EDGE_LOOP('',(#2218));
#7563=EDGE_LOOP('',(#2219));
#7564=EDGE_LOOP('',(#2220));
#7565=EDGE_LOOP('',(#2221));
#7566=EDGE_LOOP('',(#2222));
#7567=EDGE_LOOP('',(#2223));
#7568=EDGE_LOOP('',(#2224));
#7569=EDGE_LOOP('',(#2225));
#7570=EDGE_LOOP('',(#2226));
#7571=EDGE_LOOP('',(#2227));
#7572=EDGE_LOOP('',(#2228));
#7573=EDGE_LOOP('',(#2229));
#7574=EDGE_LOOP('',(#2230));
#7575=EDGE_LOOP('',(#2231));
#7576=EDGE_LOOP('',(#2232));
#7577=EDGE_LOOP('',(#2233));
#7578=EDGE_LOOP('',(#2234));
#7579=EDGE_LOOP('',(#2235));
#7580=EDGE_LOOP('',(#2236));
#7581=EDGE_LOOP('',(#2237));
#7582=EDGE_LOOP('',(#2238));
#7583=EDGE_LOOP('',(#2239));
#7584=EDGE_LOOP('',(#2240));
#7585=EDGE_LOOP('',(#2241));
#7586=EDGE_LOOP('',(#2242));
#7587=EDGE_LOOP('',(#2243));
#7588=EDGE_LOOP('',(#2244));
#7589=EDGE_LOOP('',(#2245));
#7590=EDGE_LOOP('',(#2246));
#7591=EDGE_LOOP('',(#2247));
#7592=EDGE_LOOP('',(#2248));
#7593=EDGE_LOOP('',(#2249));
#7594=EDGE_LOOP('',(#2250));
#7595=EDGE_LOOP('',(#2251));
#7596=EDGE_LOOP('',(#2252));
#7597=EDGE_LOOP('',(#2253));
#7598=EDGE_LOOP('',(#2254));
#7599=EDGE_LOOP('',(#2255));
#7600=EDGE_LOOP('',(#2256));
#7601=EDGE_LOOP('',(#2257));
#7602=EDGE_LOOP('',(#2258));
#7603=EDGE_LOOP('',(#2259));
#7604=EDGE_LOOP('',(#2260));
#7605=EDGE_LOOP('',(#2261));
#7606=EDGE_LOOP('',(#2262));
#7607=EDGE_LOOP('',(#2263));
#7608=EDGE_LOOP('',(#2264));
#7609=EDGE_LOOP('',(#2265));
#7610=EDGE_LOOP('',(#2266));
#7611=EDGE_LOOP('',(#2267));
#7612=EDGE_LOOP('',(#2268));
#7613=EDGE_LOOP('',(#2269));
#7614=EDGE_LOOP('',(#2270));
#7615=EDGE_LOOP('',(#2271));
#7616=EDGE_LOOP('',(#2272,#2273,#2274,#2275));
#7617=EDGE_LOOP('',(#2276,#2277,#2278,#2279));
#7618=EDGE_LOOP('',(#2280,#2281,#2282,#2283));
#7619=EDGE_LOOP('',(#2284,#2285,#2286,#2287));
#7620=EDGE_LOOP('',(#2288,#2289,#2290,#2291));
#7621=EDGE_LOOP('',(#2292,#2293,#2294,#2295));
#7622=EDGE_LOOP('',(#2296,#2297,#2298,#2299));
#7623=EDGE_LOOP('',(#2300,#2301,#2302,#2303));
#7624=EDGE_LOOP('',(#2304,#2305,#2306,#2307));
#7625=EDGE_LOOP('',(#2308,#2309,#2310,#2311));
#7626=EDGE_LOOP('',(#2312,#2313,#2314,#2315));
#7627=EDGE_LOOP('',(#2316,#2317,#2318,#2319));
#7628=EDGE_LOOP('',(#2320,#2321,#2322,#2323));
#7629=EDGE_LOOP('',(#2324,#2325,#2326,#2327));
#7630=EDGE_LOOP('',(#2328,#2329,#2330,#2331));
#7631=EDGE_LOOP('',(#2332,#2333,#2334,#2335));
#7632=EDGE_LOOP('',(#2336,#2337,#2338,#2339));
#7633=EDGE_LOOP('',(#2340,#2341,#2342,#2343));
#7634=EDGE_LOOP('',(#2344,#2345,#2346,#2347));
#7635=EDGE_LOOP('',(#2348,#2349,#2350,#2351));
#7636=EDGE_LOOP('',(#2352,#2353,#2354,#2355));
#7637=EDGE_LOOP('',(#2356,#2357,#2358,#2359));
#7638=EDGE_LOOP('',(#2360,#2361,#2362,#2363));
#7639=EDGE_LOOP('',(#2364,#2365,#2366,#2367));
#7640=EDGE_LOOP('',(#2368,#2369,#2370,#2371));
#7641=EDGE_LOOP('',(#2372,#2373,#2374,#2375));
#7642=EDGE_LOOP('',(#2376,#2377,#2378,#2379));
#7643=EDGE_LOOP('',(#2380,#2381,#2382,#2383));
#7644=EDGE_LOOP('',(#2384,#2385,#2386,#2387));
#7645=EDGE_LOOP('',(#2388,#2389,#2390,#2391));
#7646=EDGE_LOOP('',(#2392,#2393,#2394,#2395));
#7647=EDGE_LOOP('',(#2396,#2397,#2398,#2399));
#7648=EDGE_LOOP('',(#2400,#2401,#2402,#2403));
#7649=EDGE_LOOP('',(#2404,#2405,#2406,#2407));
#7650=EDGE_LOOP('',(#2408,#2409,#2410,#2411));
#7651=EDGE_LOOP('',(#2412,#2413,#2414,#2415));
#7652=EDGE_LOOP('',(#2416,#2417,#2418,#2419));
#7653=EDGE_LOOP('',(#2420,#2421,#2422,#2423));
#7654=EDGE_LOOP('',(#2424,#2425,#2426,#2427));
#7655=EDGE_LOOP('',(#2428,#2429,#2430,#2431));
#7656=EDGE_LOOP('',(#2432,#2433,#2434,#2435));
#7657=EDGE_LOOP('',(#2436,#2437,#2438,#2439));
#7658=EDGE_LOOP('',(#2440,#2441,#2442,#2443));
#7659=EDGE_LOOP('',(#2444,#2445,#2446,#2447));
#7660=EDGE_LOOP('',(#2448,#2449,#2450,#2451));
#7661=EDGE_LOOP('',(#2452,#2453,#2454,#2455));
#7662=EDGE_LOOP('',(#2456,#2457,#2458,#2459));
#7663=EDGE_LOOP('',(#2460,#2461,#2462,#2463));
#7664=EDGE_LOOP('',(#2464,#2465,#2466,#2467));
#7665=EDGE_LOOP('',(#2468,#2469,#2470,#2471));
#7666=EDGE_LOOP('',(#2472,#2473,#2474,#2475));
#7667=EDGE_LOOP('',(#2476,#2477,#2478,#2479));
#7668=EDGE_LOOP('',(#2480,#2481,#2482,#2483));
#7669=EDGE_LOOP('',(#2484,#2485,#2486,#2487));
#7670=EDGE_LOOP('',(#2488,#2489,#2490,#2491));
#7671=EDGE_LOOP('',(#2492,#2493,#2494,#2495));
#7672=EDGE_LOOP('',(#2496,#2497,#2498,#2499));
#7673=EDGE_LOOP('',(#2500,#2501,#2502,#2503));
#7674=EDGE_LOOP('',(#2504,#2505,#2506,#2507));
#7675=EDGE_LOOP('',(#2508,#2509,#2510,#2511));
#7676=EDGE_LOOP('',(#2512,#2513,#2514,#2515));
#7677=EDGE_LOOP('',(#2516,#2517,#2518,#2519));
#7678=EDGE_LOOP('',(#2520,#2521,#2522,#2523));
#7679=EDGE_LOOP('',(#2524,#2525,#2526,#2527));
#7680=EDGE_LOOP('',(#2528,#2529,#2530,#2531));
#7681=EDGE_LOOP('',(#2532,#2533,#2534,#2535));
#7682=EDGE_LOOP('',(#2536,#2537,#2538,#2539));
#7683=EDGE_LOOP('',(#2540,#2541,#2542,#2543));
#7684=EDGE_LOOP('',(#2544,#2545,#2546,#2547));
#7685=EDGE_LOOP('',(#2548,#2549,#2550,#2551));
#7686=EDGE_LOOP('',(#2552,#2553,#2554,#2555));
#7687=EDGE_LOOP('',(#2556,#2557,#2558,#2559));
#7688=EDGE_LOOP('',(#2560,#2561,#2562,#2563));
#7689=EDGE_LOOP('',(#2564,#2565,#2566,#2567));
#7690=EDGE_LOOP('',(#2568,#2569,#2570,#2571));
#7691=EDGE_LOOP('',(#2572,#2573,#2574,#2575));
#7692=EDGE_LOOP('',(#2576,#2577,#2578,#2579));
#7693=EDGE_LOOP('',(#2580,#2581,#2582,#2583));
#7694=EDGE_LOOP('',(#2584,#2585,#2586,#2587));
#7695=EDGE_LOOP('',(#2588,#2589,#2590,#2591));
#7696=EDGE_LOOP('',(#2592,#2593,#2594,#2595));
#7697=EDGE_LOOP('',(#2596,#2597,#2598,#2599));
#7698=EDGE_LOOP('',(#2600,#2601,#2602,#2603));
#7699=EDGE_LOOP('',(#2604,#2605,#2606,#2607));
#7700=EDGE_LOOP('',(#2608,#2609,#2610,#2611));
#7701=EDGE_LOOP('',(#2612,#2613,#2614,#2615));
#7702=EDGE_LOOP('',(#2616,#2617,#2618,#2619));
#7703=EDGE_LOOP('',(#2620,#2621,#2622,#2623));
#7704=EDGE_LOOP('',(#2624,#2625,#2626,#2627));
#7705=EDGE_LOOP('',(#2628,#2629,#2630,#2631));
#7706=EDGE_LOOP('',(#2632,#2633,#2634,#2635));
#7707=EDGE_LOOP('',(#2636,#2637,#2638,#2639));
#7708=EDGE_LOOP('',(#2640,#2641,#2642,#2643));
#7709=EDGE_LOOP('',(#2644,#2645,#2646,#2647));
#7710=EDGE_LOOP('',(#2648,#2649,#2650,#2651));
#7711=EDGE_LOOP('',(#2652,#2653,#2654,#2655));
#7712=EDGE_LOOP('',(#2656,#2657,#2658,#2659));
#7713=EDGE_LOOP('',(#2660,#2661,#2662,#2663));
#7714=EDGE_LOOP('',(#2664,#2665,#2666,#2667));
#7715=EDGE_LOOP('',(#2668,#2669,#2670,#2671));
#7716=EDGE_LOOP('',(#2672,#2673,#2674,#2675));
#7717=EDGE_LOOP('',(#2676,#2677,#2678,#2679));
#7718=EDGE_LOOP('',(#2680,#2681,#2682,#2683));
#7719=EDGE_LOOP('',(#2684,#2685,#2686,#2687));
#7720=EDGE_LOOP('',(#2688,#2689,#2690,#2691));
#7721=EDGE_LOOP('',(#2692,#2693,#2694,#2695));
#7722=EDGE_LOOP('',(#2696,#2697,#2698,#2699));
#7723=EDGE_LOOP('',(#2700,#2701,#2702,#2703));
#7724=EDGE_LOOP('',(#2704,#2705,#2706,#2707));
#7725=EDGE_LOOP('',(#2708,#2709,#2710,#2711));
#7726=EDGE_LOOP('',(#2712,#2713,#2714,#2715));
#7727=EDGE_LOOP('',(#2716,#2717,#2718,#2719));
#7728=EDGE_LOOP('',(#2720,#2721,#2722,#2723));
#7729=EDGE_LOOP('',(#2724,#2725,#2726,#2727));
#7730=EDGE_LOOP('',(#2728,#2729,#2730,#2731));
#7731=EDGE_LOOP('',(#2732,#2733,#2734,#2735));
#7732=EDGE_LOOP('',(#2736,#2737,#2738,#2739));
#7733=EDGE_LOOP('',(#2740,#2741,#2742,#2743));
#7734=EDGE_LOOP('',(#2744,#2745,#2746,#2747));
#7735=EDGE_LOOP('',(#2748,#2749,#2750,#2751));
#7736=EDGE_LOOP('',(#2752,#2753,#2754,#2755));
#7737=EDGE_LOOP('',(#2756,#2757,#2758,#2759));
#7738=EDGE_LOOP('',(#2760,#2761,#2762,#2763));
#7739=EDGE_LOOP('',(#2764,#2765,#2766,#2767));
#7740=EDGE_LOOP('',(#2768,#2769,#2770,#2771));
#7741=EDGE_LOOP('',(#2772,#2773,#2774,#2775));
#7742=EDGE_LOOP('',(#2776,#2777,#2778,#2779));
#7743=EDGE_LOOP('',(#2780,#2781,#2782,#2783));
#7744=EDGE_LOOP('',(#2784,#2785,#2786,#2787));
#7745=EDGE_LOOP('',(#2788,#2789,#2790,#2791));
#7746=EDGE_LOOP('',(#2792,#2793,#2794,#2795));
#7747=EDGE_LOOP('',(#2796,#2797,#2798,#2799));
#7748=EDGE_LOOP('',(#2800,#2801,#2802,#2803));
#7749=EDGE_LOOP('',(#2804,#2805,#2806,#2807));
#7750=EDGE_LOOP('',(#2808,#2809,#2810,#2811));
#7751=EDGE_LOOP('',(#2812,#2813,#2814,#2815));
#7752=EDGE_LOOP('',(#2816,#2817,#2818,#2819));
#7753=EDGE_LOOP('',(#2820,#2821,#2822,#2823));
#7754=EDGE_LOOP('',(#2824,#2825,#2826,#2827));
#7755=EDGE_LOOP('',(#2828,#2829,#2830,#2831));
#7756=EDGE_LOOP('',(#2832,#2833,#2834,#2835));
#7757=EDGE_LOOP('',(#2836,#2837,#2838,#2839));
#7758=EDGE_LOOP('',(#2840,#2841,#2842,#2843));
#7759=EDGE_LOOP('',(#2844,#2845,#2846,#2847));
#7760=EDGE_LOOP('',(#2848,#2849,#2850,#2851));
#7761=EDGE_LOOP('',(#2852,#2853,#2854,#2855));
#7762=EDGE_LOOP('',(#2856,#2857,#2858,#2859));
#7763=EDGE_LOOP('',(#2860,#2861,#2862,#2863));
#7764=EDGE_LOOP('',(#2864,#2865,#2866,#2867));
#7765=EDGE_LOOP('',(#2868,#2869,#2870,#2871));
#7766=EDGE_LOOP('',(#2872,#2873,#2874,#2875));
#7767=EDGE_LOOP('',(#2876,#2877,#2878,#2879));
#7768=EDGE_LOOP('',(#2880,#2881,#2882,#2883));
#7769=EDGE_LOOP('',(#2884,#2885,#2886,#2887));
#7770=EDGE_LOOP('',(#2888,#2889,#2890,#2891));
#7771=EDGE_LOOP('',(#2892,#2893,#2894,#2895));
#7772=EDGE_LOOP('',(#2896,#2897,#2898,#2899));
#7773=EDGE_LOOP('',(#2900,#2901,#2902,#2903));
#7774=EDGE_LOOP('',(#2904,#2905,#2906,#2907));
#7775=EDGE_LOOP('',(#2908,#2909,#2910,#2911));
#7776=EDGE_LOOP('',(#2912,#2913,#2914,#2915));
#7777=EDGE_LOOP('',(#2916,#2917,#2918,#2919));
#7778=EDGE_LOOP('',(#2920,#2921,#2922,#2923));
#7779=EDGE_LOOP('',(#2924,#2925,#2926,#2927));
#7780=EDGE_LOOP('',(#2928,#2929,#2930,#2931));
#7781=EDGE_LOOP('',(#2932,#2933,#2934,#2935));
#7782=EDGE_LOOP('',(#2936,#2937,#2938,#2939));
#7783=EDGE_LOOP('',(#2940,#2941,#2942,#2943));
#7784=EDGE_LOOP('',(#2944,#2945,#2946,#2947));
#7785=EDGE_LOOP('',(#2948,#2949,#2950,#2951));
#7786=EDGE_LOOP('',(#2952,#2953,#2954,#2955));
#7787=EDGE_LOOP('',(#2956,#2957,#2958,#2959));
#7788=EDGE_LOOP('',(#2960,#2961,#2962,#2963));
#7789=EDGE_LOOP('',(#2964,#2965,#2966,#2967));
#7790=EDGE_LOOP('',(#2968,#2969,#2970,#2971));
#7791=EDGE_LOOP('',(#2972,#2973,#2974,#2975));
#7792=EDGE_LOOP('',(#2976,#2977,#2978,#2979));
#7793=EDGE_LOOP('',(#2980,#2981,#2982,#2983));
#7794=EDGE_LOOP('',(#2984,#2985,#2986,#2987));
#7795=EDGE_LOOP('',(#2988,#2989,#2990,#2991));
#7796=EDGE_LOOP('',(#2992,#2993,#2994,#2995));
#7797=EDGE_LOOP('',(#2996,#2997,#2998,#2999));
#7798=EDGE_LOOP('',(#3000,#3001,#3002,#3003));
#7799=EDGE_LOOP('',(#3004,#3005,#3006,#3007));
#7800=EDGE_LOOP('',(#3008,#3009,#3010,#3011));
#7801=EDGE_LOOP('',(#3012,#3013,#3014,#3015));
#7802=EDGE_LOOP('',(#3016,#3017,#3018,#3019));
#7803=EDGE_LOOP('',(#3020,#3021,#3022,#3023));
#7804=FACE_BOUND('',#6938,.T.);
#7805=FACE_BOUND('',#6939,.T.);
#7806=FACE_BOUND('',#6940,.T.);
#7807=FACE_BOUND('',#6941,.T.);
#7808=FACE_BOUND('',#6942,.T.);
#7809=FACE_BOUND('',#6943,.T.);
#7810=FACE_BOUND('',#6944,.T.);
#7811=FACE_BOUND('',#6945,.T.);
#7812=FACE_BOUND('',#6946,.T.);
#7813=FACE_BOUND('',#6947,.T.);
#7814=FACE_BOUND('',#6948,.T.);
#7815=FACE_BOUND('',#6949,.T.);
#7816=FACE_BOUND('',#6950,.T.);
#7817=FACE_BOUND('',#6951,.T.);
#7818=FACE_BOUND('',#6952,.T.);
#7819=FACE_BOUND('',#6953,.T.);
#7820=FACE_BOUND('',#6954,.T.);
#7821=FACE_BOUND('',#6955,.T.);
#7822=FACE_BOUND('',#6956,.T.);
#7823=FACE_BOUND('',#6957,.T.);
#7824=FACE_BOUND('',#6958,.T.);
#7825=FACE_BOUND('',#6959,.T.);
#7826=FACE_BOUND('',#6960,.T.);
#7827=FACE_BOUND('',#6961,.T.);
#7828=FACE_BOUND('',#6962,.T.);
#7829=FACE_BOUND('',#6963,.T.);
#7830=FACE_BOUND('',#6964,.T.);
#7831=FACE_BOUND('',#6965,.T.);
#7832=FACE_BOUND('',#6966,.T.);
#7833=FACE_BOUND('',#6967,.T.);
#7834=FACE_BOUND('',#6968,.T.);
#7835=FACE_BOUND('',#6969,.T.);
#7836=FACE_BOUND('',#6970,.T.);
#7837=FACE_BOUND('',#6971,.T.);
#7838=FACE_BOUND('',#6972,.T.);
#7839=FACE_BOUND('',#6973,.T.);
#7840=FACE_BOUND('',#6974,.T.);
#7841=FACE_BOUND('',#6975,.T.);
#7842=FACE_BOUND('',#6976,.T.);
#7843=FACE_BOUND('',#6977,.T.);
#7844=FACE_BOUND('',#6978,.T.);
#7845=FACE_BOUND('',#6979,.T.);
#7846=FACE_BOUND('',#6980,.T.);
#7847=FACE_BOUND('',#6981,.T.);
#7848=FACE_BOUND('',#6982,.T.);
#7849=FACE_BOUND('',#6983,.T.);
#7850=FACE_BOUND('',#6984,.T.);
#7851=FACE_BOUND('',#6985,.T.);
#7852=FACE_BOUND('',#6986,.T.);
#7853=FACE_BOUND('',#6987,.T.);
#7854=FACE_BOUND('',#6988,.T.);
#7855=FACE_BOUND('',#6989,.T.);
#7856=FACE_BOUND('',#6990,.T.);
#7857=FACE_BOUND('',#6991,.T.);
#7858=FACE_BOUND('',#6992,.T.);
#7859=FACE_BOUND('',#6993,.T.);
#7860=FACE_BOUND('',#6994,.T.);
#7861=FACE_BOUND('',#6995,.T.);
#7862=FACE_BOUND('',#6996,.T.);
#7863=FACE_BOUND('',#6997,.T.);
#7864=FACE_BOUND('',#6998,.T.);
#7865=FACE_BOUND('',#6999,.T.);
#7866=FACE_BOUND('',#7000,.T.);
#7867=FACE_BOUND('',#7001,.T.);
#7868=FACE_BOUND('',#7002,.T.);
#7869=FACE_BOUND('',#7003,.T.);
#7870=FACE_BOUND('',#7004,.T.);
#7871=FACE_BOUND('',#7005,.T.);
#7872=FACE_BOUND('',#7006,.T.);
#7873=FACE_BOUND('',#7007,.T.);
#7874=FACE_BOUND('',#7008,.T.);
#7875=FACE_BOUND('',#7009,.T.);
#7876=FACE_BOUND('',#7010,.T.);
#7877=FACE_BOUND('',#7011,.T.);
#7878=FACE_BOUND('',#7012,.T.);
#7879=FACE_BOUND('',#7013,.T.);
#7880=FACE_BOUND('',#7014,.T.);
#7881=FACE_BOUND('',#7015,.T.);
#7882=FACE_BOUND('',#7016,.T.);
#7883=FACE_BOUND('',#7017,.T.);
#7884=FACE_BOUND('',#7018,.T.);
#7885=FACE_BOUND('',#7019,.T.);
#7886=FACE_BOUND('',#7020,.T.);
#7887=FACE_BOUND('',#7021,.T.);
#7888=FACE_BOUND('',#7022,.T.);
#7889=FACE_BOUND('',#7023,.T.);
#7890=FACE_BOUND('',#7024,.T.);
#7891=FACE_BOUND('',#7025,.T.);
#7892=FACE_BOUND('',#7026,.T.);
#7893=FACE_BOUND('',#7027,.T.);
#7894=FACE_BOUND('',#7028,.T.);
#7895=FACE_BOUND('',#7029,.T.);
#7896=FACE_BOUND('',#7030,.T.);
#7897=FACE_BOUND('',#7031,.T.);
#7898=FACE_BOUND('',#7032,.T.);
#7899=FACE_BOUND('',#7033,.T.);
#7900=FACE_BOUND('',#7034,.T.);
#7901=FACE_BOUND('',#7035,.T.);
#7902=FACE_BOUND('',#7036,.T.);
#7903=FACE_BOUND('',#7037,.T.);
#7904=FACE_BOUND('',#7038,.T.);
#7905=FACE_BOUND('',#7039,.T.);
#7906=FACE_BOUND('',#7040,.T.);
#7907=FACE_BOUND('',#7041,.T.);
#7908=FACE_BOUND('',#7042,.T.);
#7909=FACE_BOUND('',#7043,.T.);
#7910=FACE_BOUND('',#7044,.T.);
#7911=FACE_BOUND('',#7045,.T.);
#7912=FACE_BOUND('',#7046,.T.);
#7913=FACE_BOUND('',#7047,.T.);
#7914=FACE_BOUND('',#7048,.T.);
#7915=FACE_BOUND('',#7049,.T.);
#7916=FACE_BOUND('',#7050,.T.);
#7917=FACE_BOUND('',#7051,.T.);
#7918=FACE_BOUND('',#7052,.T.);
#7919=FACE_BOUND('',#7053,.T.);
#7920=FACE_BOUND('',#7054,.T.);
#7921=FACE_BOUND('',#7055,.T.);
#7922=FACE_BOUND('',#7056,.T.);
#7923=FACE_BOUND('',#7057,.T.);
#7924=FACE_BOUND('',#7058,.T.);
#7925=FACE_BOUND('',#7059,.T.);
#7926=FACE_BOUND('',#7060,.T.);
#7927=FACE_BOUND('',#7061,.T.);
#7928=FACE_BOUND('',#7062,.T.);
#7929=FACE_BOUND('',#7063,.T.);
#7930=FACE_BOUND('',#7064,.T.);
#7931=FACE_BOUND('',#7065,.T.);
#7932=FACE_BOUND('',#7066,.T.);
#7933=FACE_BOUND('',#7067,.T.);
#7934=FACE_BOUND('',#7068,.T.);
#7935=FACE_BOUND('',#7069,.T.);
#7936=FACE_BOUND('',#7070,.T.);
#7937=FACE_BOUND('',#7071,.T.);
#7938=FACE_BOUND('',#7072,.T.);
#7939=FACE_BOUND('',#7073,.T.);
#7940=FACE_BOUND('',#7074,.T.);
#7941=FACE_BOUND('',#7075,.T.);
#7942=FACE_BOUND('',#7076,.T.);
#7943=FACE_BOUND('',#7077,.T.);
#7944=FACE_BOUND('',#7078,.T.);
#7945=FACE_BOUND('',#7079,.T.);
#7946=FACE_BOUND('',#7080,.T.);
#7947=FACE_BOUND('',#7081,.T.);
#7948=FACE_BOUND('',#7082,.T.);
#7949=FACE_BOUND('',#7083,.T.);
#7950=FACE_BOUND('',#7084,.T.);
#7951=FACE_BOUND('',#7085,.T.);
#7952=FACE_BOUND('',#7086,.T.);
#7953=FACE_BOUND('',#7087,.T.);
#7954=FACE_BOUND('',#7088,.T.);
#7955=FACE_BOUND('',#7089,.T.);
#7956=FACE_BOUND('',#7090,.T.);
#7957=FACE_BOUND('',#7091,.T.);
#7958=FACE_BOUND('',#7092,.T.);
#7959=FACE_BOUND('',#7093,.T.);
#7960=FACE_BOUND('',#7094,.T.);
#7961=FACE_BOUND('',#7095,.T.);
#7962=FACE_BOUND('',#7096,.T.);
#7963=FACE_BOUND('',#7097,.T.);
#7964=FACE_BOUND('',#7098,.T.);
#7965=FACE_BOUND('',#7099,.T.);
#7966=FACE_BOUND('',#7100,.T.);
#7967=FACE_BOUND('',#7101,.T.);
#7968=FACE_BOUND('',#7102,.T.);
#7969=FACE_BOUND('',#7103,.T.);
#7970=FACE_BOUND('',#7104,.T.);
#7971=FACE_BOUND('',#7105,.T.);
#7972=FACE_BOUND('',#7106,.T.);
#7973=FACE_BOUND('',#7107,.T.);
#7974=FACE_BOUND('',#7108,.T.);
#7975=FACE_BOUND('',#7109,.T.);
#7976=FACE_BOUND('',#7110,.T.);
#7977=FACE_BOUND('',#7111,.T.);
#7978=FACE_BOUND('',#7112,.T.);
#7979=FACE_BOUND('',#7113,.T.);
#7980=FACE_BOUND('',#7114,.T.);
#7981=FACE_BOUND('',#7115,.T.);
#7982=FACE_BOUND('',#7116,.T.);
#7983=FACE_BOUND('',#7117,.T.);
#7984=FACE_BOUND('',#7118,.T.);
#7985=FACE_BOUND('',#7119,.T.);
#7986=FACE_BOUND('',#7120,.T.);
#7987=FACE_BOUND('',#7121,.T.);
#7988=FACE_BOUND('',#7122,.T.);
#7989=FACE_BOUND('',#7123,.T.);
#7990=FACE_BOUND('',#7124,.T.);
#7991=FACE_BOUND('',#7125,.T.);
#7992=FACE_BOUND('',#7126,.T.);
#7993=FACE_BOUND('',#7127,.T.);
#7994=FACE_BOUND('',#7128,.T.);
#7995=FACE_BOUND('',#7129,.T.);
#7996=FACE_BOUND('',#7130,.T.);
#7997=FACE_BOUND('',#7131,.T.);
#7998=FACE_BOUND('',#7132,.T.);
#7999=FACE_BOUND('',#7133,.T.);
#8000=FACE_BOUND('',#7134,.T.);
#8001=FACE_BOUND('',#7135,.T.);
#8002=FACE_BOUND('',#7136,.T.);
#8003=FACE_BOUND('',#7137,.T.);
#8004=FACE_BOUND('',#7138,.T.);
#8005=FACE_BOUND('',#7139,.T.);
#8006=FACE_BOUND('',#7140,.T.);
#8007=FACE_BOUND('',#7141,.T.);
#8008=FACE_BOUND('',#7142,.T.);
#8009=FACE_BOUND('',#7143,.T.);
#8010=FACE_BOUND('',#7144,.T.);
#8011=FACE_BOUND('',#7145,.T.);
#8012=FACE_BOUND('',#7146,.T.);
#8013=FACE_BOUND('',#7147,.T.);
#8014=FACE_BOUND('',#7148,.T.);
#8015=FACE_BOUND('',#7149,.T.);
#8016=FACE_BOUND('',#7150,.T.);
#8017=FACE_BOUND('',#7151,.T.);
#8018=FACE_BOUND('',#7152,.T.);
#8019=FACE_BOUND('',#7153,.T.);
#8020=FACE_BOUND('',#7154,.T.);
#8021=FACE_BOUND('',#7155,.T.);
#8022=FACE_BOUND('',#7156,.T.);
#8023=FACE_BOUND('',#7157,.T.);
#8024=FACE_BOUND('',#7158,.T.);
#8025=FACE_BOUND('',#7159,.T.);
#8026=FACE_BOUND('',#7160,.T.);
#8027=FACE_BOUND('',#7161,.T.);
#8028=FACE_BOUND('',#7162,.T.);
#8029=FACE_BOUND('',#7163,.T.);
#8030=FACE_BOUND('',#7164,.T.);
#8031=FACE_BOUND('',#7165,.T.);
#8032=FACE_BOUND('',#7166,.T.);
#8033=FACE_BOUND('',#7167,.T.);
#8034=FACE_BOUND('',#7168,.T.);
#8035=FACE_BOUND('',#7169,.T.);
#8036=FACE_BOUND('',#7170,.T.);
#8037=FACE_BOUND('',#7171,.T.);
#8038=FACE_BOUND('',#7172,.T.);
#8039=FACE_BOUND('',#7173,.T.);
#8040=FACE_BOUND('',#7174,.T.);
#8041=FACE_BOUND('',#7175,.T.);
#8042=FACE_BOUND('',#7176,.T.);
#8043=FACE_BOUND('',#7177,.T.);
#8044=FACE_BOUND('',#7178,.T.);
#8045=FACE_BOUND('',#7179,.T.);
#8046=FACE_BOUND('',#7180,.T.);
#8047=FACE_BOUND('',#7181,.T.);
#8048=FACE_BOUND('',#7182,.T.);
#8049=FACE_BOUND('',#7183,.T.);
#8050=FACE_BOUND('',#7184,.T.);
#8051=FACE_BOUND('',#7185,.T.);
#8052=FACE_BOUND('',#7186,.T.);
#8053=FACE_BOUND('',#7187,.T.);
#8054=FACE_BOUND('',#7188,.T.);
#8055=FACE_BOUND('',#7189,.T.);
#8056=FACE_BOUND('',#7190,.T.);
#8057=FACE_BOUND('',#7191,.T.);
#8058=FACE_BOUND('',#7192,.T.);
#8059=FACE_BOUND('',#7193,.T.);
#8060=FACE_BOUND('',#7194,.T.);
#8061=FACE_BOUND('',#7195,.T.);
#8062=FACE_BOUND('',#7196,.T.);
#8063=FACE_BOUND('',#7197,.T.);
#8064=FACE_BOUND('',#7198,.T.);
#8065=FACE_BOUND('',#7199,.T.);
#8066=FACE_BOUND('',#7200,.T.);
#8067=FACE_BOUND('',#7201,.T.);
#8068=FACE_BOUND('',#7202,.T.);
#8069=FACE_BOUND('',#7203,.T.);
#8070=FACE_BOUND('',#7204,.T.);
#8071=FACE_BOUND('',#7205,.T.);
#8072=FACE_BOUND('',#7206,.T.);
#8073=FACE_BOUND('',#7207,.T.);
#8074=FACE_BOUND('',#7208,.T.);
#8075=FACE_BOUND('',#7209,.T.);
#8076=FACE_BOUND('',#7210,.T.);
#8077=FACE_BOUND('',#7211,.T.);
#8078=FACE_BOUND('',#7212,.T.);
#8079=FACE_BOUND('',#7213,.T.);
#8080=FACE_BOUND('',#7214,.T.);
#8081=FACE_BOUND('',#7215,.T.);
#8082=FACE_BOUND('',#7216,.T.);
#8083=FACE_BOUND('',#7217,.T.);
#8084=FACE_BOUND('',#7218,.T.);
#8085=FACE_BOUND('',#7219,.T.);
#8086=FACE_BOUND('',#7220,.T.);
#8087=FACE_BOUND('',#7221,.T.);
#8088=FACE_BOUND('',#7222,.T.);
#8089=FACE_BOUND('',#7223,.T.);
#8090=FACE_BOUND('',#7224,.T.);
#8091=FACE_BOUND('',#7225,.T.);
#8092=FACE_BOUND('',#7226,.T.);
#8093=FACE_BOUND('',#7227,.T.);
#8094=FACE_BOUND('',#7228,.T.);
#8095=FACE_BOUND('',#7229,.T.);
#8096=FACE_BOUND('',#7230,.T.);
#8097=FACE_BOUND('',#7231,.T.);
#8098=FACE_BOUND('',#7232,.T.);
#8099=FACE_BOUND('',#7233,.T.);
#8100=FACE_BOUND('',#7234,.T.);
#8101=FACE_BOUND('',#7235,.T.);
#8102=FACE_BOUND('',#7236,.T.);
#8103=FACE_BOUND('',#7237,.T.);
#8104=FACE_BOUND('',#7238,.T.);
#8105=FACE_BOUND('',#7239,.T.);
#8106=FACE_BOUND('',#7240,.T.);
#8107=FACE_BOUND('',#7241,.T.);
#8108=FACE_BOUND('',#7242,.T.);
#8109=FACE_BOUND('',#7243,.T.);
#8110=FACE_BOUND('',#7244,.T.);
#8111=FACE_BOUND('',#7245,.T.);
#8112=FACE_BOUND('',#7246,.T.);
#8113=FACE_BOUND('',#7247,.T.);
#8114=FACE_BOUND('',#7248,.T.);
#8115=FACE_BOUND('',#7249,.T.);
#8116=FACE_BOUND('',#7250,.T.);
#8117=FACE_BOUND('',#7251,.T.);
#8118=FACE_BOUND('',#7252,.T.);
#8119=FACE_BOUND('',#7253,.T.);
#8120=FACE_BOUND('',#7254,.T.);
#8121=FACE_BOUND('',#7255,.T.);
#8122=FACE_BOUND('',#7256,.T.);
#8123=FACE_BOUND('',#7257,.T.);
#8124=FACE_BOUND('',#7258,.T.);
#8125=FACE_BOUND('',#7259,.T.);
#8126=FACE_BOUND('',#7260,.T.);
#8127=FACE_BOUND('',#7261,.T.);
#8128=FACE_BOUND('',#7262,.T.);
#8129=FACE_BOUND('',#7263,.T.);
#8130=FACE_BOUND('',#7264,.T.);
#8131=FACE_BOUND('',#7265,.T.);
#8132=FACE_BOUND('',#7266,.T.);
#8133=FACE_BOUND('',#7267,.T.);
#8134=FACE_BOUND('',#7268,.T.);
#8135=FACE_BOUND('',#7269,.T.);
#8136=FACE_BOUND('',#7270,.T.);
#8137=FACE_BOUND('',#7271,.T.);
#8138=FACE_BOUND('',#7272,.T.);
#8139=FACE_BOUND('',#7273,.T.);
#8140=FACE_BOUND('',#7274,.T.);
#8141=FACE_BOUND('',#7275,.T.);
#8142=FACE_BOUND('',#7276,.T.);
#8143=FACE_BOUND('',#7277,.T.);
#8144=FACE_BOUND('',#7278,.T.);
#8145=FACE_BOUND('',#7279,.T.);
#8146=FACE_BOUND('',#7280,.T.);
#8147=FACE_BOUND('',#7281,.T.);
#8148=FACE_BOUND('',#7282,.T.);
#8149=FACE_BOUND('',#7283,.T.);
#8150=FACE_BOUND('',#7284,.T.);
#8151=FACE_BOUND('',#7285,.T.);
#8152=FACE_BOUND('',#7286,.T.);
#8153=FACE_BOUND('',#7287,.T.);
#8154=FACE_BOUND('',#7288,.T.);
#8155=FACE_BOUND('',#7289,.T.);
#8156=FACE_BOUND('',#7290,.T.);
#8157=FACE_BOUND('',#7291,.T.);
#8158=FACE_BOUND('',#7292,.T.);
#8159=FACE_BOUND('',#7293,.T.);
#8160=FACE_BOUND('',#7294,.T.);
#8161=FACE_BOUND('',#7295,.T.);
#8162=FACE_BOUND('',#7296,.T.);
#8163=FACE_BOUND('',#7297,.T.);
#8164=FACE_BOUND('',#7298,.T.);
#8165=FACE_BOUND('',#7299,.T.);
#8166=FACE_BOUND('',#7300,.T.);
#8167=FACE_BOUND('',#7301,.T.);
#8168=FACE_BOUND('',#7302,.T.);
#8169=FACE_BOUND('',#7303,.T.);
#8170=FACE_BOUND('',#7304,.T.);
#8171=FACE_BOUND('',#7305,.T.);
#8172=FACE_BOUND('',#7306,.T.);
#8173=FACE_BOUND('',#7307,.T.);
#8174=FACE_BOUND('',#7308,.T.);
#8175=FACE_BOUND('',#7309,.T.);
#8176=FACE_BOUND('',#7310,.T.);
#8177=FACE_BOUND('',#7311,.T.);
#8178=FACE_BOUND('',#7312,.T.);
#8179=FACE_BOUND('',#7313,.T.);
#8180=FACE_BOUND('',#7314,.T.);
#8181=FACE_BOUND('',#7315,.T.);
#8182=FACE_BOUND('',#7316,.T.);
#8183=FACE_BOUND('',#7317,.T.);
#8184=FACE_BOUND('',#7318,.T.);
#8185=FACE_BOUND('',#7319,.T.);
#8186=FACE_BOUND('',#7320,.T.);
#8187=FACE_BOUND('',#7321,.T.);
#8188=FACE_BOUND('',#7322,.T.);
#8189=FACE_BOUND('',#7323,.T.);
#8190=FACE_BOUND('',#7324,.T.);
#8191=FACE_BOUND('',#7325,.T.);
#8192=FACE_BOUND('',#7326,.T.);
#8193=FACE_BOUND('',#7327,.T.);
#8194=FACE_BOUND('',#7328,.T.);
#8195=FACE_BOUND('',#7329,.T.);
#8196=FACE_BOUND('',#7330,.T.);
#8197=FACE_BOUND('',#7331,.T.);
#8198=FACE_BOUND('',#7332,.T.);
#8199=FACE_BOUND('',#7333,.T.);
#8200=FACE_BOUND('',#7334,.T.);
#8201=FACE_BOUND('',#7335,.T.);
#8202=FACE_BOUND('',#7336,.T.);
#8203=FACE_BOUND('',#7337,.T.);
#8204=FACE_BOUND('',#7338,.T.);
#8205=FACE_BOUND('',#7339,.T.);
#8206=FACE_BOUND('',#7340,.T.);
#8207=FACE_BOUND('',#7341,.T.);
#8208=FACE_BOUND('',#7342,.T.);
#8209=FACE_BOUND('',#7343,.T.);
#8210=FACE_BOUND('',#7344,.T.);
#8211=FACE_BOUND('',#7345,.T.);
#8212=FACE_BOUND('',#7346,.T.);
#8213=FACE_BOUND('',#7347,.T.);
#8214=FACE_BOUND('',#7348,.T.);
#8215=FACE_BOUND('',#7349,.T.);
#8216=FACE_BOUND('',#7350,.T.);
#8217=FACE_BOUND('',#7351,.T.);
#8218=FACE_BOUND('',#7352,.T.);
#8219=FACE_BOUND('',#7353,.T.);
#8220=FACE_BOUND('',#7354,.T.);
#8221=FACE_BOUND('',#7355,.T.);
#8222=FACE_BOUND('',#7356,.T.);
#8223=FACE_BOUND('',#7357,.T.);
#8224=FACE_BOUND('',#7358,.T.);
#8225=FACE_BOUND('',#7359,.T.);
#8226=FACE_BOUND('',#7360,.T.);
#8227=FACE_BOUND('',#7361,.T.);
#8228=FACE_BOUND('',#7362,.T.);
#8229=FACE_BOUND('',#7363,.T.);
#8230=FACE_BOUND('',#7364,.T.);
#8231=FACE_BOUND('',#7365,.T.);
#8232=FACE_BOUND('',#7366,.T.);
#8233=FACE_BOUND('',#7367,.T.);
#8234=FACE_BOUND('',#7368,.T.);
#8235=FACE_BOUND('',#7369,.T.);
#8236=FACE_BOUND('',#7370,.T.);
#8237=FACE_BOUND('',#7371,.T.);
#8238=FACE_BOUND('',#7372,.T.);
#8239=FACE_BOUND('',#7373,.T.);
#8240=FACE_BOUND('',#7374,.T.);
#8241=FACE_BOUND('',#7375,.T.);
#8242=FACE_BOUND('',#7376,.T.);
#8243=FACE_BOUND('',#7377,.T.);
#8244=FACE_BOUND('',#7378,.T.);
#8245=FACE_BOUND('',#7379,.T.);
#8246=FACE_BOUND('',#7380,.T.);
#8247=FACE_BOUND('',#7381,.T.);
#8248=FACE_BOUND('',#7382,.T.);
#8249=FACE_BOUND('',#7383,.T.);
#8250=FACE_BOUND('',#7384,.T.);
#8251=FACE_BOUND('',#7385,.T.);
#8252=FACE_BOUND('',#7386,.T.);
#8253=FACE_BOUND('',#7387,.T.);
#8254=FACE_BOUND('',#7388,.T.);
#8255=FACE_BOUND('',#7389,.T.);
#8256=FACE_BOUND('',#7390,.T.);
#8257=FACE_BOUND('',#7391,.T.);
#8258=FACE_BOUND('',#7392,.T.);
#8259=FACE_BOUND('',#7393,.T.);
#8260=FACE_BOUND('',#7394,.T.);
#8261=FACE_BOUND('',#7395,.T.);
#8262=FACE_BOUND('',#7396,.T.);
#8263=FACE_BOUND('',#7397,.T.);
#8264=FACE_BOUND('',#7398,.T.);
#8265=FACE_BOUND('',#7399,.T.);
#8266=FACE_BOUND('',#7400,.T.);
#8267=FACE_BOUND('',#7401,.T.);
#8268=FACE_BOUND('',#7402,.T.);
#8269=FACE_BOUND('',#7403,.T.);
#8270=FACE_BOUND('',#7404,.T.);
#8271=FACE_BOUND('',#7405,.T.);
#8272=FACE_BOUND('',#7406,.T.);
#8273=FACE_BOUND('',#7407,.T.);
#8274=FACE_BOUND('',#7408,.T.);
#8275=FACE_BOUND('',#7409,.T.);
#8276=FACE_BOUND('',#7410,.T.);
#8277=FACE_BOUND('',#7411,.T.);
#8278=FACE_BOUND('',#7412,.T.);
#8279=FACE_BOUND('',#7413,.T.);
#8280=FACE_BOUND('',#7414,.T.);
#8281=FACE_BOUND('',#7415,.T.);
#8282=FACE_BOUND('',#7416,.T.);
#8283=FACE_BOUND('',#7417,.T.);
#8284=FACE_BOUND('',#7418,.T.);
#8285=FACE_BOUND('',#7419,.T.);
#8286=FACE_BOUND('',#7420,.T.);
#8287=FACE_BOUND('',#7421,.T.);
#8288=FACE_BOUND('',#7422,.T.);
#8289=FACE_BOUND('',#7423,.T.);
#8290=FACE_BOUND('',#7424,.T.);
#8291=FACE_BOUND('',#7425,.T.);
#8292=FACE_BOUND('',#7426,.T.);
#8293=FACE_BOUND('',#7427,.T.);
#8294=FACE_BOUND('',#7428,.T.);
#8295=FACE_BOUND('',#7429,.T.);
#8296=FACE_BOUND('',#7430,.T.);
#8297=FACE_BOUND('',#7431,.T.);
#8298=FACE_BOUND('',#7432,.T.);
#8299=FACE_BOUND('',#7433,.T.);
#8300=FACE_BOUND('',#7434,.T.);
#8301=FACE_BOUND('',#7435,.T.);
#8302=FACE_BOUND('',#7436,.T.);
#8303=FACE_BOUND('',#7437,.T.);
#8304=FACE_BOUND('',#7438,.T.);
#8305=FACE_BOUND('',#7439,.T.);
#8306=FACE_BOUND('',#7440,.T.);
#8307=FACE_BOUND('',#7441,.T.);
#8308=FACE_BOUND('',#7442,.T.);
#8309=FACE_BOUND('',#7443,.T.);
#8310=FACE_BOUND('',#7444,.T.);
#8311=FACE_BOUND('',#7445,.T.);
#8312=FACE_BOUND('',#7446,.T.);
#8313=FACE_BOUND('',#7447,.T.);
#8314=FACE_BOUND('',#7448,.T.);
#8315=FACE_BOUND('',#7449,.T.);
#8316=FACE_BOUND('',#7450,.T.);
#8317=FACE_BOUND('',#7451,.T.);
#8318=FACE_BOUND('',#7452,.T.);
#8319=FACE_BOUND('',#7453,.T.);
#8320=FACE_BOUND('',#7454,.T.);
#8321=FACE_BOUND('',#7455,.T.);
#8322=FACE_BOUND('',#7456,.T.);
#8323=FACE_BOUND('',#7457,.T.);
#8324=FACE_BOUND('',#7458,.T.);
#8325=FACE_BOUND('',#7459,.T.);
#8326=FACE_BOUND('',#7460,.T.);
#8327=FACE_BOUND('',#7461,.T.);
#8328=FACE_BOUND('',#7462,.T.);
#8329=FACE_BOUND('',#7463,.T.);
#8330=FACE_BOUND('',#7464,.T.);
#8331=FACE_BOUND('',#7465,.T.);
#8332=FACE_BOUND('',#7466,.T.);
#8333=FACE_BOUND('',#7467,.T.);
#8334=FACE_BOUND('',#7468,.T.);
#8335=FACE_BOUND('',#7469,.T.);
#8336=FACE_BOUND('',#7470,.T.);
#8337=FACE_BOUND('',#7471,.T.);
#8338=FACE_BOUND('',#7472,.T.);
#8339=FACE_BOUND('',#7473,.T.);
#8340=FACE_BOUND('',#7474,.T.);
#8341=FACE_BOUND('',#7475,.T.);
#8342=FACE_BOUND('',#7476,.T.);
#8343=FACE_BOUND('',#7477,.T.);
#8344=FACE_BOUND('',#7478,.T.);
#8345=FACE_BOUND('',#7479,.T.);
#8346=FACE_BOUND('',#7480,.T.);
#8347=FACE_BOUND('',#7481,.T.);
#8348=FACE_BOUND('',#7482,.T.);
#8349=FACE_BOUND('',#7483,.T.);
#8350=FACE_BOUND('',#7484,.T.);
#8351=FACE_BOUND('',#7485,.T.);
#8352=FACE_BOUND('',#7486,.T.);
#8353=FACE_BOUND('',#7487,.T.);
#8354=FACE_BOUND('',#7488,.T.);
#8355=FACE_BOUND('',#7489,.T.);
#8356=FACE_BOUND('',#7490,.T.);
#8357=FACE_BOUND('',#7491,.T.);
#8358=FACE_BOUND('',#7492,.T.);
#8359=FACE_BOUND('',#7493,.T.);
#8360=FACE_BOUND('',#7494,.T.);
#8361=FACE_BOUND('',#7495,.T.);
#8362=FACE_BOUND('',#7496,.T.);
#8363=FACE_BOUND('',#7497,.T.);
#8364=FACE_BOUND('',#7498,.T.);
#8365=FACE_BOUND('',#7499,.T.);
#8366=FACE_BOUND('',#7500,.T.);
#8367=FACE_BOUND('',#7501,.T.);
#8368=FACE_BOUND('',#7502,.T.);
#8369=FACE_BOUND('',#7503,.T.);
#8370=FACE_BOUND('',#7504,.T.);
#8371=FACE_BOUND('',#7505,.T.);
#8372=FACE_BOUND('',#7506,.T.);
#8373=FACE_BOUND('',#7507,.T.);
#8374=FACE_BOUND('',#7508,.T.);
#8375=FACE_BOUND('',#7509,.T.);
#8376=FACE_BOUND('',#7510,.T.);
#8377=FACE_BOUND('',#7511,.T.);
#8378=FACE_BOUND('',#7512,.T.);
#8379=FACE_BOUND('',#7513,.T.);
#8380=FACE_BOUND('',#7514,.T.);
#8381=FACE_BOUND('',#7515,.T.);
#8382=FACE_BOUND('',#7516,.T.);
#8383=FACE_BOUND('',#7517,.T.);
#8384=FACE_BOUND('',#7518,.T.);
#8385=FACE_BOUND('',#7519,.T.);
#8386=FACE_BOUND('',#7520,.T.);
#8387=FACE_BOUND('',#7521,.T.);
#8388=FACE_BOUND('',#7522,.T.);
#8389=FACE_BOUND('',#7523,.T.);
#8390=FACE_BOUND('',#7524,.T.);
#8391=FACE_BOUND('',#7525,.T.);
#8392=FACE_BOUND('',#7526,.T.);
#8393=FACE_BOUND('',#7527,.T.);
#8394=FACE_BOUND('',#7528,.T.);
#8395=FACE_BOUND('',#7529,.T.);
#8396=FACE_BOUND('',#7530,.T.);
#8397=FACE_BOUND('',#7531,.T.);
#8398=FACE_BOUND('',#7532,.T.);
#8399=FACE_BOUND('',#7533,.T.);
#8400=FACE_BOUND('',#7534,.T.);
#8401=FACE_BOUND('',#7535,.T.);
#8402=FACE_BOUND('',#7536,.T.);
#8403=FACE_BOUND('',#7537,.T.);
#8404=FACE_BOUND('',#7538,.T.);
#8405=FACE_BOUND('',#7539,.T.);
#8406=FACE_BOUND('',#7540,.T.);
#8407=FACE_BOUND('',#7541,.T.);
#8408=FACE_BOUND('',#7542,.T.);
#8409=FACE_BOUND('',#7543,.T.);
#8410=FACE_BOUND('',#7544,.T.);
#8411=FACE_BOUND('',#7545,.T.);
#8412=FACE_BOUND('',#7546,.T.);
#8413=FACE_BOUND('',#7547,.T.);
#8414=FACE_BOUND('',#7548,.T.);
#8415=FACE_BOUND('',#7549,.T.);
#8416=FACE_BOUND('',#7550,.T.);
#8417=FACE_BOUND('',#7551,.T.);
#8418=FACE_BOUND('',#7552,.T.);
#8419=FACE_BOUND('',#7553,.T.);
#8420=FACE_BOUND('',#7554,.T.);
#8421=FACE_BOUND('',#7555,.T.);
#8422=FACE_BOUND('',#7556,.T.);
#8423=FACE_BOUND('',#7557,.T.);
#8424=FACE_BOUND('',#7558,.T.);
#8425=FACE_BOUND('',#7559,.T.);
#8426=FACE_BOUND('',#7560,.T.);
#8427=FACE_BOUND('',#7561,.T.);
#8428=FACE_BOUND('',#7562,.T.);
#8429=FACE_BOUND('',#7563,.T.);
#8430=FACE_BOUND('',#7564,.T.);
#8431=FACE_BOUND('',#7565,.T.);
#8432=FACE_BOUND('',#7566,.T.);
#8433=FACE_BOUND('',#7567,.T.);
#8434=FACE_BOUND('',#7568,.T.);
#8435=FACE_BOUND('',#7569,.T.);
#8436=FACE_BOUND('',#7570,.T.);
#8437=FACE_BOUND('',#7571,.T.);
#8438=FACE_BOUND('',#7572,.T.);
#8439=FACE_BOUND('',#7573,.T.);
#8440=FACE_BOUND('',#7574,.T.);
#8441=FACE_BOUND('',#7575,.T.);
#8442=FACE_BOUND('',#7576,.T.);
#8443=FACE_BOUND('',#7577,.T.);
#8444=FACE_BOUND('',#7578,.T.);
#8445=FACE_BOUND('',#7579,.T.);
#8446=FACE_BOUND('',#7580,.T.);
#8447=FACE_BOUND('',#7581,.T.);
#8448=FACE_BOUND('',#7582,.T.);
#8449=FACE_BOUND('',#7583,.T.);
#8450=FACE_BOUND('',#7584,.T.);
#8451=FACE_BOUND('',#7585,.T.);
#8452=FACE_BOUND('',#7586,.T.);
#8453=FACE_BOUND('',#7587,.T.);
#8454=FACE_BOUND('',#7588,.T.);
#8455=FACE_BOUND('',#7589,.T.);
#8456=FACE_BOUND('',#7590,.T.);
#8457=FACE_BOUND('',#7591,.T.);
#8458=FACE_BOUND('',#7592,.T.);
#8459=FACE_BOUND('',#7593,.T.);
#8460=FACE_BOUND('',#7594,.T.);
#8461=FACE_BOUND('',#7595,.T.);
#8462=FACE_BOUND('',#7596,.T.);
#8463=FACE_BOUND('',#7597,.T.);
#8464=FACE_BOUND('',#7598,.T.);
#8465=FACE_BOUND('',#7599,.T.);
#8466=FACE_BOUND('',#7600,.T.);
#8467=FACE_BOUND('',#7601,.T.);
#8468=FACE_BOUND('',#7602,.T.);
#8469=FACE_BOUND('',#7603,.T.);
#8470=FACE_BOUND('',#7604,.T.);
#8471=FACE_BOUND('',#7605,.T.);
#8472=FACE_BOUND('',#7606,.T.);
#8473=FACE_BOUND('',#7607,.T.);
#8474=FACE_BOUND('',#7608,.T.);
#8475=FACE_BOUND('',#7609,.T.);
#8476=FACE_BOUND('',#7610,.T.);
#8477=FACE_BOUND('',#7611,.T.);
#8478=FACE_BOUND('',#7612,.T.);
#8479=FACE_BOUND('',#7613,.T.);
#8480=FACE_BOUND('',#7614,.T.);
#8481=FACE_BOUND('',#7615,.T.);
#8482=FACE_BOUND('',#7616,.T.);
#8483=FACE_BOUND('',#7617,.T.);
#8484=FACE_BOUND('',#7618,.T.);
#8485=FACE_BOUND('',#7619,.T.);
#8486=FACE_BOUND('',#7620,.T.);
#8487=FACE_BOUND('',#7621,.T.);
#8488=FACE_BOUND('',#7622,.T.);
#8489=FACE_BOUND('',#7623,.T.);
#8490=FACE_BOUND('',#7624,.T.);
#8491=FACE_BOUND('',#7625,.T.);
#8492=FACE_BOUND('',#7626,.T.);
#8493=FACE_BOUND('',#7627,.T.);
#8494=FACE_BOUND('',#7628,.T.);
#8495=FACE_BOUND('',#7629,.T.);
#8496=FACE_BOUND('',#7630,.T.);
#8497=FACE_BOUND('',#7631,.T.);
#8498=FACE_BOUND('',#7632,.T.);
#8499=FACE_BOUND('',#7633,.T.);
#8500=FACE_BOUND('',#7634,.T.);
#8501=FACE_BOUND('',#7635,.T.);
#8502=FACE_BOUND('',#7636,.T.);
#8503=FACE_BOUND('',#7637,.T.);
#8504=FACE_BOUND('',#7638,.T.);
#8505=FACE_BOUND('',#7639,.T.);
#8506=FACE_BOUND('',#7640,.T.);
#8507=FACE_BOUND('',#7641,.T.);
#8508=FACE_BOUND('',#7642,.T.);
#8509=FACE_BOUND('',#7643,.T.);
#8510=FACE_BOUND('',#7644,.T.);
#8511=FACE_BOUND('',#7645,.T.);
#8512=FACE_BOUND('',#7646,.T.);
#8513=FACE_BOUND('',#7647,.T.);
#8514=FACE_BOUND('',#7648,.T.);
#8515=FACE_BOUND('',#7649,.T.);
#8516=FACE_BOUND('',#7650,.T.);
#8517=FACE_BOUND('',#7651,.T.);
#8518=FACE_BOUND('',#7652,.T.);
#8519=FACE_BOUND('',#7653,.T.);
#8520=FACE_BOUND('',#7654,.T.);
#8521=FACE_BOUND('',#7655,.T.);
#8522=FACE_BOUND('',#7656,.T.);
#8523=FACE_BOUND('',#7657,.T.);
#8524=FACE_BOUND('',#7658,.T.);
#8525=FACE_BOUND('',#7659,.T.);
#8526=FACE_BOUND('',#7660,.T.);
#8527=FACE_BOUND('',#7661,.T.);
#8528=FACE_BOUND('',#7662,.T.);
#8529=FACE_BOUND('',#7663,.T.);
#8530=FACE_BOUND('',#7664,.T.);
#8531=FACE_BOUND('',#7665,.T.);
#8532=FACE_BOUND('',#7666,.T.);
#8533=FACE_BOUND('',#7667,.T.);
#8534=FACE_BOUND('',#7668,.T.);
#8535=FACE_BOUND('',#7669,.T.);
#8536=FACE_BOUND('',#7670,.T.);
#8537=FACE_BOUND('',#7671,.T.);
#8538=FACE_BOUND('',#7672,.T.);
#8539=FACE_BOUND('',#7673,.T.);
#8540=FACE_BOUND('',#7674,.T.);
#8541=FACE_BOUND('',#7675,.T.);
#8542=FACE_BOUND('',#7676,.T.);
#8543=FACE_BOUND('',#7677,.T.);
#8544=FACE_BOUND('',#7678,.T.);
#8545=FACE_BOUND('',#7679,.T.);
#8546=FACE_BOUND('',#7680,.T.);
#8547=FACE_BOUND('',#7681,.T.);
#8548=FACE_BOUND('',#7682,.T.);
#8549=FACE_BOUND('',#7683,.T.);
#8550=FACE_BOUND('',#7684,.T.);
#8551=FACE_BOUND('',#7685,.T.);
#8552=FACE_BOUND('',#7686,.T.);
#8553=FACE_BOUND('',#7687,.T.);
#8554=FACE_BOUND('',#7688,.T.);
#8555=FACE_BOUND('',#7689,.T.);
#8556=FACE_BOUND('',#7690,.T.);
#8557=FACE_BOUND('',#7691,.T.);
#8558=FACE_BOUND('',#7692,.T.);
#8559=FACE_BOUND('',#7693,.T.);
#8560=FACE_BOUND('',#7694,.T.);
#8561=FACE_BOUND('',#7695,.T.);
#8562=FACE_BOUND('',#7696,.T.);
#8563=FACE_BOUND('',#7697,.T.);
#8564=FACE_BOUND('',#7698,.T.);
#8565=FACE_BOUND('',#7699,.T.);
#8566=FACE_BOUND('',#7700,.T.);
#8567=FACE_BOUND('',#7701,.T.);
#8568=FACE_BOUND('',#7702,.T.);
#8569=FACE_BOUND('',#7703,.T.);
#8570=FACE_BOUND('',#7704,.T.);
#8571=FACE_BOUND('',#7705,.T.);
#8572=FACE_BOUND('',#7706,.T.);
#8573=FACE_BOUND('',#7707,.T.);
#8574=FACE_BOUND('',#7708,.T.);
#8575=FACE_BOUND('',#7709,.T.);
#8576=FACE_BOUND('',#7710,.T.);
#8577=FACE_BOUND('',#7711,.T.);
#8578=FACE_BOUND('',#7712,.T.);
#8579=FACE_BOUND('',#7713,.T.);
#8580=FACE_BOUND('',#7714,.T.);
#8581=FACE_BOUND('',#7715,.T.);
#8582=FACE_BOUND('',#7716,.T.);
#8583=FACE_BOUND('',#7717,.T.);
#8584=FACE_BOUND('',#7718,.T.);
#8585=FACE_BOUND('',#7719,.T.);
#8586=FACE_BOUND('',#7720,.T.);
#8587=FACE_BOUND('',#7721,.T.);
#8588=FACE_BOUND('',#7722,.T.);
#8589=FACE_BOUND('',#7723,.T.);
#8590=FACE_BOUND('',#7724,.T.);
#8591=FACE_BOUND('',#7725,.T.);
#8592=FACE_BOUND('',#7726,.T.);
#8593=FACE_BOUND('',#7727,.T.);
#8594=FACE_BOUND('',#7728,.T.);
#8595=FACE_BOUND('',#7729,.T.);
#8596=FACE_BOUND('',#7730,.T.);
#8597=FACE_BOUND('',#7731,.T.);
#8598=FACE_BOUND('',#7732,.T.);
#8599=FACE_BOUND('',#7733,.T.);
#8600=FACE_BOUND('',#7734,.T.);
#8601=FACE_BOUND('',#7735,.T.);
#8602=FACE_BOUND('',#7736,.T.);
#8603=FACE_BOUND('',#7737,.T.);
#8604=FACE_BOUND('',#7738,.T.);
#8605=FACE_BOUND('',#7739,.T.);
#8606=FACE_BOUND('',#7740,.T.);
#8607=FACE_BOUND('',#7741,.T.);
#8608=FACE_BOUND('',#7742,.T.);
#8609=FACE_BOUND('',#7743,.T.);
#8610=FACE_BOUND('',#7744,.T.);
#8611=FACE_BOUND('',#7745,.T.);
#8612=FACE_BOUND('',#7746,.T.);
#8613=FACE_BOUND('',#7747,.T.);
#8614=FACE_BOUND('',#7748,.T.);
#8615=FACE_BOUND('',#7749,.T.);
#8616=FACE_BOUND('',#7750,.T.);
#8617=FACE_BOUND('',#7751,.T.);
#8618=FACE_BOUND('',#7752,.T.);
#8619=FACE_BOUND('',#7753,.T.);
#8620=FACE_BOUND('',#7754,.T.);
#8621=FACE_BOUND('',#7755,.T.);
#8622=FACE_BOUND('',#7756,.T.);
#8623=FACE_BOUND('',#7757,.T.);
#8624=FACE_BOUND('',#7758,.T.);
#8625=FACE_BOUND('',#7759,.T.);
#8626=FACE_BOUND('',#7760,.T.);
#8627=FACE_BOUND('',#7761,.T.);
#8628=FACE_BOUND('',#7762,.T.);
#8629=FACE_BOUND('',#7763,.T.);
#8630=FACE_BOUND('',#7764,.T.);
#8631=FACE_BOUND('',#7765,.T.);
#8632=FACE_BOUND('',#7766,.T.);
#8633=FACE_BOUND('',#7767,.T.);
#8634=FACE_BOUND('',#7768,.T.);
#8635=FACE_BOUND('',#7769,.T.);
#8636=FACE_BOUND('',#7770,.T.);
#8637=FACE_BOUND('',#7771,.T.);
#8638=FACE_BOUND('',#7772,.T.);
#8639=FACE_BOUND('',#7773,.T.);
#8640=FACE_BOUND('',#7774,.T.);
#8641=FACE_BOUND('',#7775,.T.);
#8642=FACE_BOUND('',#7776,.T.);
#8643=FACE_BOUND('',#7777,.T.);
#8644=FACE_BOUND('',#7778,.T.);
#8645=FACE_BOUND('',#7779,.T.);
#8646=FACE_BOUND('',#7780,.T.);
#8647=FACE_BOUND('',#7781,.T.);
#8648=FACE_BOUND('',#7782,.T.);
#8649=FACE_BOUND('',#7783,.T.);
#8650=FACE_BOUND('',#7784,.T.);
#8651=FACE_BOUND('',#7785,.T.);
#8652=FACE_BOUND('',#7786,.T.);
#8653=FACE_BOUND('',#7787,.T.);
#8654=FACE_BOUND('',#7788,.T.);
#8655=FACE_BOUND('',#7789,.T.);
#8656=FACE_BOUND('',#7790,.T.);
#8657=FACE_BOUND('',#7791,.T.);
#8658=FACE_BOUND('',#7792,.T.);
#8659=FACE_BOUND('',#7793,.T.);
#8660=FACE_BOUND('',#7794,.T.);
#8661=FACE_BOUND('',#7795,.T.);
#8662=FACE_BOUND('',#7796,.T.);
#8663=FACE_BOUND('',#7797,.T.);
#8664=FACE_BOUND('',#7798,.T.);
#8665=FACE_BOUND('',#7799,.T.);
#8666=FACE_BOUND('',#7800,.T.);
#8667=FACE_BOUND('',#7801,.T.);
#8668=FACE_BOUND('',#7802,.T.);
#8669=FACE_BOUND('',#7803,.T.);
#8670=PLANE('',#9403);
#8671=PLANE('',#9580);
#8672=PLANE('',#9761);
#8673=PLANE('',#9762);
#8674=PLANE('',#9763);
#8675=PLANE('',#9764);
#8676=PLANE('',#9765);
#8677=PLANE('',#9766);
#8678=PLANE('',#9767);
#8679=PLANE('',#9768);
#8680=PLANE('',#9769);
#8681=PLANE('',#9770);
#8682=PLANE('',#9775);
#8683=PLANE('',#9776);
#8684=PLANE('',#9777);
#8685=PLANE('',#9778);
#8686=PLANE('',#9783);
#8687=PLANE('',#9784);
#8688=PLANE('',#9785);
#8689=PLANE('',#9786);
#8690=PLANE('',#9791);
#8691=PLANE('',#9792);
#8692=PLANE('',#9793);
#8693=PLANE('',#9794);
#8694=PLANE('',#9799);
#8695=PLANE('',#9800);
#8696=PLANE('',#9801);
#8697=PLANE('',#9802);
#8698=PLANE('',#9807);
#8699=PLANE('',#9808);
#8700=PLANE('',#9809);
#8701=PLANE('',#9810);
#8702=PLANE('',#9815);
#8703=PLANE('',#9816);
#8704=PLANE('',#9817);
#8705=PLANE('',#9818);
#8706=PLANE('',#9823);
#8707=PLANE('',#9824);
#8708=PLANE('',#9825);
#8709=PLANE('',#9826);
#8710=PLANE('',#9831);
#8711=PLANE('',#9832);
#8712=PLANE('',#9833);
#8713=PLANE('',#9834);
#8714=PLANE('',#9839);
#8715=PLANE('',#9840);
#8716=PLANE('',#9841);
#8717=PLANE('',#9842);
#8718=PLANE('',#9847);
#8719=PLANE('',#9848);
#8720=PLANE('',#9849);
#8721=PLANE('',#9853);
#8722=PLANE('',#9854);
#8723=PLANE('',#9855);
#8724=PLANE('',#9859);
#8725=PLANE('',#9860);
#8726=PLANE('',#9861);
#8727=PLANE('',#9862);
#8728=PLANE('',#9867);
#8729=PLANE('',#9868);
#8730=PLANE('',#9869);
#8731=PLANE('',#9873);
#8732=PLANE('',#9874);
#8733=PLANE('',#9875);
#8734=PLANE('',#9876);
#8735=PLANE('',#9881);
#8736=PLANE('',#9882);
#8737=PLANE('',#9883);
#8738=PLANE('',#9884);
#8739=PLANE('',#9889);
#8740=PLANE('',#9890);
#8741=PLANE('',#9891);
#8742=PLANE('',#9892);
#8743=PLANE('',#9897);
#8744=PLANE('',#9898);
#8745=PLANE('',#9899);
#8746=PLANE('',#9900);
#8747=PLANE('',#9905);
#8748=PLANE('',#9906);
#8749=PLANE('',#9907);
#8750=PLANE('',#9911);
#8751=PLANE('',#9912);
#8752=PLANE('',#9913);
#8753=PLANE('',#9914);
#8754=PLANE('',#10015);
#8755=PLANE('',#10016);
#8756=PLANE('',#10017);
#8757=PLANE('',#10018);
#8758=PLANE('',#10019);
#8759=PLANE('',#10020);
#8760=PLANE('',#10021);
#8761=PLANE('',#10022);
#8762=PLANE('',#10023);
#8763=PLANE('',#10024);
#8764=PLANE('',#10025);
#8765=PLANE('',#10026);
#8766=PLANE('',#10027);
#8767=PLANE('',#10028);
#8768=PLANE('',#10029);
#8769=PLANE('',#10030);
#8770=PLANE('',#10031);
#8771=PLANE('',#10032);
#8772=PLANE('',#10033);
#8773=PLANE('',#10034);
#8774=PLANE('',#10035);
#8775=PLANE('',#10036);
#8776=PLANE('',#10037);
#8777=PLANE('',#10038);
#8778=PLANE('',#10039);
#8779=PLANE('',#10040);
#8780=PLANE('',#10041);
#8781=PLANE('',#10042);
#8782=PLANE('',#10043);
#8783=PLANE('',#10044);
#8784=PLANE('',#10045);
#8785=PLANE('',#10046);
#8786=PLANE('',#10047);
#8787=PLANE('',#10048);
#8788=PLANE('',#10049);
#8789=PLANE('',#10050);
#8790=PLANE('',#10051);
#8791=PLANE('',#10052);
#8792=PLANE('',#10053);
#8793=PLANE('',#10054);
#8794=PLANE('',#10055);
#8795=PLANE('',#10056);
#8796=PLANE('',#10057);
#8797=PLANE('',#10058);
#8798=PLANE('',#10059);
#8799=PLANE('',#10060);
#8800=PLANE('',#10061);
#8801=PLANE('',#10062);
#8802=PLANE('',#10063);
#8803=PLANE('',#10064);
#8804=PLANE('',#10065);
#8805=PLANE('',#10066);
#8806=PLANE('',#10067);
#8807=PLANE('',#10068);
#8808=PLANE('',#10069);
#8809=PLANE('',#10070);
#8810=PLANE('',#10071);
#8811=PLANE('',#10072);
#8812=PLANE('',#10073);
#8813=PLANE('',#10074);
#8814=PLANE('',#10075);
#8815=PLANE('',#10076);
#8816=PLANE('',#10077);
#8817=PLANE('',#10078);
#8818=PLANE('',#10079);
#8819=PLANE('',#10080);
#8820=PLANE('',#10081);
#8821=PLANE('',#10082);
#8822=PLANE('',#10083);
#8823=PLANE('',#10084);
#8824=PLANE('',#10085);
#8825=PLANE('',#10086);
#8826=PLANE('',#10087);
#8827=PLANE('',#10088);
#8828=PLANE('',#10089);
#8829=PLANE('',#10090);
#8830=PLANE('',#10091);
#8831=PLANE('',#10092);
#8832=PLANE('',#10093);
#8833=PLANE('',#10094);
#8834=PLANE('',#10095);
#8835=PLANE('',#10096);
#8836=PLANE('',#10097);
#8837=PLANE('',#10098);
#8838=PLANE('',#10099);
#8839=PLANE('',#10100);
#8840=PLANE('',#10101);
#8841=PLANE('',#10102);
#8842=PLANE('',#10103);
#8843=PLANE('',#10104);
#8844=PLANE('',#10105);
#8845=PLANE('',#10106);
#8846=PLANE('',#10107);
#8847=PLANE('',#10108);
#8848=PLANE('',#10109);
#8849=PLANE('',#10110);
#8850=PLANE('',#10111);
#8851=PLANE('',#10112);
#8852=PLANE('',#10113);
#8853=PLANE('',#10114);
#8854=PLANE('',#10115);
#8855=PLANE('',#10116);
#8856=PLANE('',#10117);
#8857=PLANE('',#10118);
#8858=PLANE('',#10119);
#8859=PLANE('',#10120);
#8860=PLANE('',#10121);
#8861=PLANE('',#10122);
#8862=PLANE('',#10123);
#8863=PLANE('',#10124);
#8864=PLANE('',#10125);
#8865=PLANE('',#10126);
#8866=PLANE('',#10127);
#8867=PLANE('',#10128);
#8868=PLANE('',#10129);
#8869=PLANE('',#10130);
#8870=PLANE('',#10131);
#8871=PLANE('',#10132);
#8872=PLANE('',#10133);
#8873=PLANE('',#10134);
#8874=PLANE('',#10135);
#8875=PLANE('',#10136);
#8876=PLANE('',#10137);
#8877=PLANE('',#10138);
#8878=PLANE('',#10139);
#8879=PLANE('',#10140);
#8880=PLANE('',#10141);
#8881=PLANE('',#10142);
#8882=PLANE('',#10143);
#8883=PLANE('',#10144);
#8884=PLANE('',#10145);
#8885=PLANE('',#10146);
#8886=PLANE('',#10147);
#8887=PLANE('',#10148);
#8888=PLANE('',#10149);
#8889=PLANE('',#10150);
#8890=PLANE('',#10151);
#8891=PLANE('',#10152);
#8892=PLANE('',#10153);
#8893=PLANE('',#10154);
#8894=PLANE('',#10155);
#8895=PLANE('',#10156);
#8896=PLANE('',#10157);
#8897=PLANE('',#10158);
#8898=PLANE('',#10159);
#8899=PLANE('',#10160);
#8900=PLANE('',#10161);
#8901=PLANE('',#10162);
#8902=PLANE('',#10163);
#8903=PLANE('',#10164);
#8904=PLANE('',#10165);
#8905=PLANE('',#10166);
#8906=PLANE('',#10167);
#8907=PLANE('',#10168);
#8908=PLANE('',#10169);
#8909=PLANE('',#10170);
#8910=PLANE('',#10171);
#8911=PLANE('',#10172);
#8912=PLANE('',#10173);
#8913=PLANE('',#10174);
#8914=PLANE('',#10175);
#8915=PLANE('',#10176);
#8916=PLANE('',#10177);
#8917=PLANE('',#10178);
#8918=PLANE('',#10179);
#8919=PLANE('',#10180);
#8920=PLANE('',#10181);
#8921=PLANE('',#10182);
#8922=PLANE('',#10183);
#8923=PLANE('',#10184);
#8924=PLANE('',#10185);
#8925=PLANE('',#10186);
#8926=PLANE('',#10187);
#8927=PLANE('',#10188);
#8928=PLANE('',#10189);
#8929=PLANE('',#10190);
#8930=PLANE('',#10191);
#8931=PLANE('',#10192);
#8932=PLANE('',#10193);
#8933=PLANE('',#10194);
#8934=PLANE('',#10195);
#8935=PLANE('',#10196);
#8936=PLANE('',#10197);
#8937=PLANE('',#10198);
#8938=PLANE('',#10199);
#8939=PLANE('',#10200);
#8940=PLANE('',#10201);
#8941=PLANE('',#10202);
#8942=ADVANCED_FACE('',(#7804,#7805,#7806,#7807,#7808,#7809,#7810,#7811,
#7812,#7813,#7814,#7815,#7816,#7817,#7818,#7819,#7820,#7821,#7822,#7823,
#7824,#7825,#7826,#7827,#7828,#7829,#7830,#7831,#7832,#7833,#7834,#7835,
#7836,#7837,#7838,#7839,#7840,#7841,#7842,#7843,#7844,#7845,#7846,#7847,
#7848,#7849,#7850,#7851,#7852,#7853,#7854,#7855,#7856,#7857,#7858,#7859,
#7860,#7861,#7862,#7863,#7864,#7865,#7866,#7867,#7868,#7869,#7870,#7871,
#7872,#7873,#7874,#7875,#7876,#7877,#7878,#7879,#7880,#7881,#7882,#7883,
#7884,#7885,#7886,#7887,#7888,#7889,#7890,#7891,#7892,#7893,#7894,#7895,
#7896,#7897,#7898,#7899,#7900,#7901,#7902,#7903,#7904,#7905,#7906,#7907,
#7908,#7909,#7910,#7911,#7912,#7913,#7914,#7915,#7916,#7917,#7918,#7919,
#7920,#7921,#7922,#7923,#7924,#7925,#7926,#7927,#7928,#7929,#7930,#7931,
#7932,#7933,#7934,#7935,#7936,#7937,#7938,#7939,#7940,#7941,#7942,#7943,
#7944,#7945,#7946,#7947,#7948,#7949,#7950,#7951,#7952,#7953,#7954,#7955,
#7956,#7957,#7958,#7959,#7960,#7961,#7962,#7963,#7964,#7965),#8670,.F.);
#8943=ADVANCED_FACE('',(#7966,#7967,#7968,#7969,#7970,#7971,#7972,#7973,
#7974,#7975,#7976,#7977,#7978,#7979,#7980,#7981,#7982,#7983,#7984,#7985,
#7986,#7987,#7988,#7989,#7990,#7991,#7992,#7993,#7994,#7995,#7996,#7997,
#7998,#7999,#8000,#8001,#8002,#8003,#8004,#8005,#8006,#8007,#8008,#8009,
#8010,#8011,#8012,#8013,#8014,#8015,#8016,#8017,#8018,#8019,#8020,#8021,
#8022,#8023,#8024,#8025,#8026,#8027,#8028,#8029,#8030,#8031,#8032,#8033,
#8034,#8035,#8036,#8037,#8038,#8039,#8040,#8041,#8042,#8043,#8044,#8045,
#8046,#8047,#8048,#8049,#8050,#8051,#8052,#8053,#8054,#8055,#8056,#8057,
#8058,#8059,#8060,#8061,#8062,#8063,#8064,#8065,#8066,#8067,#8068,#8069,
#8070,#8071,#8072,#8073,#8074,#8075,#8076,#8077,#8078,#8079,#8080,#8081,
#8082,#8083,#8084,#8085,#8086,#8087,#8088,#8089,#8090,#8091,#8092,#8093,
#8094,#8095,#8096,#8097,#8098,#8099,#8100,#8101,#8102,#8103,#8104,#8105,
#8106,#8107,#8108,#8109,#8110,#8111,#8112,#8113,#8114,#8115,#8116,#8117,
#8118,#8119,#8120,#8121,#8122,#8123,#8124,#8125,#8126,#8127),#8671,.T.);
#8944=ADVANCED_FACE('',(#8128),#12,.F.);
#8945=ADVANCED_FACE('',(#8129),#13,.F.);
#8946=ADVANCED_FACE('',(#8130),#14,.F.);
#8947=ADVANCED_FACE('',(#8131),#15,.F.);
#8948=ADVANCED_FACE('',(#8132),#8672,.T.);
#8949=ADVANCED_FACE('',(#8133),#8673,.T.);
#8950=ADVANCED_FACE('',(#8134),#8674,.T.);
#8951=ADVANCED_FACE('',(#8135),#8675,.T.);
#8952=ADVANCED_FACE('',(#8136),#8676,.F.);
#8953=ADVANCED_FACE('',(#8137),#8677,.F.);
#8954=ADVANCED_FACE('',(#8138),#8678,.T.);
#8955=ADVANCED_FACE('',(#8139),#8679,.T.);
#8956=ADVANCED_FACE('',(#8140),#8680,.T.);
#8957=ADVANCED_FACE('',(#8141),#8681,.T.);
#8958=ADVANCED_FACE('',(#8142),#16,.F.);
#8959=ADVANCED_FACE('',(#8143),#17,.F.);
#8960=ADVANCED_FACE('',(#8144),#18,.F.);
#8961=ADVANCED_FACE('',(#8145),#19,.F.);
#8962=ADVANCED_FACE('',(#8146),#8682,.F.);
#8963=ADVANCED_FACE('',(#8147),#8683,.T.);
#8964=ADVANCED_FACE('',(#8148),#8684,.T.);
#8965=ADVANCED_FACE('',(#8149),#8685,.T.);
#8966=ADVANCED_FACE('',(#8150),#20,.F.);
#8967=ADVANCED_FACE('',(#8151),#21,.F.);
#8968=ADVANCED_FACE('',(#8152),#22,.F.);
#8969=ADVANCED_FACE('',(#8153),#23,.F.);
#8970=ADVANCED_FACE('',(#8154),#8686,.T.);
#8971=ADVANCED_FACE('',(#8155),#8687,.F.);
#8972=ADVANCED_FACE('',(#8156),#8688,.T.);
#8973=ADVANCED_FACE('',(#8157),#8689,.T.);
#8974=ADVANCED_FACE('',(#8158),#24,.F.);
#8975=ADVANCED_FACE('',(#8159),#25,.F.);
#8976=ADVANCED_FACE('',(#8160),#26,.F.);
#8977=ADVANCED_FACE('',(#8161),#27,.F.);
#8978=ADVANCED_FACE('',(#8162),#8690,.F.);
#8979=ADVANCED_FACE('',(#8163),#8691,.T.);
#8980=ADVANCED_FACE('',(#8164),#8692,.F.);
#8981=ADVANCED_FACE('',(#8165),#8693,.T.);
#8982=ADVANCED_FACE('',(#8166),#28,.F.);
#8983=ADVANCED_FACE('',(#8167),#29,.F.);
#8984=ADVANCED_FACE('',(#8168),#30,.F.);
#8985=ADVANCED_FACE('',(#8169),#31,.F.);
#8986=ADVANCED_FACE('',(#8170),#8694,.F.);
#8987=ADVANCED_FACE('',(#8171),#8695,.T.);
#8988=ADVANCED_FACE('',(#8172),#8696,.T.);
#8989=ADVANCED_FACE('',(#8173),#8697,.T.);
#8990=ADVANCED_FACE('',(#8174),#32,.F.);
#8991=ADVANCED_FACE('',(#8175),#33,.F.);
#8992=ADVANCED_FACE('',(#8176),#34,.F.);
#8993=ADVANCED_FACE('',(#8177),#35,.F.);
#8994=ADVANCED_FACE('',(#8178),#8698,.T.);
#8995=ADVANCED_FACE('',(#8179),#8699,.F.);
#8996=ADVANCED_FACE('',(#8180),#8700,.F.);
#8997=ADVANCED_FACE('',(#8181),#8701,.F.);
#8998=ADVANCED_FACE('',(#8182),#36,.F.);
#8999=ADVANCED_FACE('',(#8183),#37,.F.);
#9000=ADVANCED_FACE('',(#8184),#38,.F.);
#9001=ADVANCED_FACE('',(#8185),#39,.F.);
#9002=ADVANCED_FACE('',(#8186),#8702,.F.);
#9003=ADVANCED_FACE('',(#8187),#8703,.F.);
#9004=ADVANCED_FACE('',(#8188),#8704,.T.);
#9005=ADVANCED_FACE('',(#8189),#8705,.T.);
#9006=ADVANCED_FACE('',(#8190),#40,.F.);
#9007=ADVANCED_FACE('',(#8191),#41,.F.);
#9008=ADVANCED_FACE('',(#8192),#42,.F.);
#9009=ADVANCED_FACE('',(#8193),#43,.F.);
#9010=ADVANCED_FACE('',(#8194),#8706,.F.);
#9011=ADVANCED_FACE('',(#8195),#8707,.F.);
#9012=ADVANCED_FACE('',(#8196),#8708,.F.);
#9013=ADVANCED_FACE('',(#8197),#8709,.F.);
#9014=ADVANCED_FACE('',(#8198),#44,.F.);
#9015=ADVANCED_FACE('',(#8199),#45,.F.);
#9016=ADVANCED_FACE('',(#8200),#46,.F.);
#9017=ADVANCED_FACE('',(#8201),#47,.F.);
#9018=ADVANCED_FACE('',(#8202),#8710,.F.);
#9019=ADVANCED_FACE('',(#8203),#8711,.F.);
#9020=ADVANCED_FACE('',(#8204),#8712,.T.);
#9021=ADVANCED_FACE('',(#8205),#8713,.T.);
#9022=ADVANCED_FACE('',(#8206),#48,.F.);
#9023=ADVANCED_FACE('',(#8207),#49,.F.);
#9024=ADVANCED_FACE('',(#8208),#50,.F.);
#9025=ADVANCED_FACE('',(#8209),#51,.F.);
#9026=ADVANCED_FACE('',(#8210),#8714,.T.);
#9027=ADVANCED_FACE('',(#8211),#8715,.F.);
#9028=ADVANCED_FACE('',(#8212),#8716,.T.);
#9029=ADVANCED_FACE('',(#8213),#8717,.T.);
#9030=ADVANCED_FACE('',(#8214),#52,.F.);
#9031=ADVANCED_FACE('',(#8215),#53,.F.);
#9032=ADVANCED_FACE('',(#8216),#54,.F.);
#9033=ADVANCED_FACE('',(#8217),#55,.F.);
#9034=ADVANCED_FACE('',(#8218),#8718,.F.);
#9035=ADVANCED_FACE('',(#8219),#8719,.T.);
#9036=ADVANCED_FACE('',(#8220),#8720,.T.);
#9037=ADVANCED_FACE('',(#8221),#56,.F.);
#9038=ADVANCED_FACE('',(#8222),#57,.F.);
#9039=ADVANCED_FACE('',(#8223),#58,.F.);
#9040=ADVANCED_FACE('',(#8224),#8721,.F.);
#9041=ADVANCED_FACE('',(#8225),#8722,.F.);
#9042=ADVANCED_FACE('',(#8226),#8723,.F.);
#9043=ADVANCED_FACE('',(#8227),#59,.F.);
#9044=ADVANCED_FACE('',(#8228),#60,.F.);
#9045=ADVANCED_FACE('',(#8229),#61,.F.);
#9046=ADVANCED_FACE('',(#8230),#8724,.T.);
#9047=ADVANCED_FACE('',(#8231),#8725,.T.);
#9048=ADVANCED_FACE('',(#8232),#8726,.T.);
#9049=ADVANCED_FACE('',(#8233),#8727,.T.);
#9050=ADVANCED_FACE('',(#8234),#62,.F.);
#9051=ADVANCED_FACE('',(#8235),#63,.F.);
#9052=ADVANCED_FACE('',(#8236),#64,.F.);
#9053=ADVANCED_FACE('',(#8237),#65,.F.);
#9054=ADVANCED_FACE('',(#8238),#8728,.T.);
#9055=ADVANCED_FACE('',(#8239),#8729,.F.);
#9056=ADVANCED_FACE('',(#8240),#8730,.F.);
#9057=ADVANCED_FACE('',(#8241),#66,.F.);
#9058=ADVANCED_FACE('',(#8242),#67,.F.);
#9059=ADVANCED_FACE('',(#8243),#68,.F.);
#9060=ADVANCED_FACE('',(#8244),#8731,.F.);
#9061=ADVANCED_FACE('',(#8245),#8732,.F.);
#9062=ADVANCED_FACE('',(#8246),#8733,.T.);
#9063=ADVANCED_FACE('',(#8247),#8734,.F.);
#9064=ADVANCED_FACE('',(#8248),#69,.F.);
#9065=ADVANCED_FACE('',(#8249),#70,.F.);
#9066=ADVANCED_FACE('',(#8250),#71,.F.);
#9067=ADVANCED_FACE('',(#8251),#72,.F.);
#9068=ADVANCED_FACE('',(#8252),#8735,.T.);
#9069=ADVANCED_FACE('',(#8253),#8736,.F.);
#9070=ADVANCED_FACE('',(#8254),#8737,.T.);
#9071=ADVANCED_FACE('',(#8255),#8738,.F.);
#9072=ADVANCED_FACE('',(#8256),#73,.F.);
#9073=ADVANCED_FACE('',(#8257),#74,.F.);
#9074=ADVANCED_FACE('',(#8258),#75,.F.);
#9075=ADVANCED_FACE('',(#8259),#76,.F.);
#9076=ADVANCED_FACE('',(#8260),#8739,.F.);
#9077=ADVANCED_FACE('',(#8261),#8740,.F.);
#9078=ADVANCED_FACE('',(#8262),#8741,.F.);
#9079=ADVANCED_FACE('',(#8263),#8742,.F.);
#9080=ADVANCED_FACE('',(#8264),#77,.F.);
#9081=ADVANCED_FACE('',(#8265),#78,.F.);
#9082=ADVANCED_FACE('',(#8266),#79,.F.);
#9083=ADVANCED_FACE('',(#8267),#80,.F.);
#9084=ADVANCED_FACE('',(#8268),#8743,.T.);
#9085=ADVANCED_FACE('',(#8269),#8744,.F.);
#9086=ADVANCED_FACE('',(#8270),#8745,.F.);
#9087=ADVANCED_FACE('',(#8271),#8746,.F.);
#9088=ADVANCED_FACE('',(#8272),#81,.F.);
#9089=ADVANCED_FACE('',(#8273),#82,.F.);
#9090=ADVANCED_FACE('',(#8274),#83,.F.);
#9091=ADVANCED_FACE('',(#8275),#84,.F.);
#9092=ADVANCED_FACE('',(#8276),#8747,.T.);
#9093=ADVANCED_FACE('',(#8277),#8748,.T.);
#9094=ADVANCED_FACE('',(#8278),#8749,.T.);
#9095=ADVANCED_FACE('',(#8279),#85,.F.);
#9096=ADVANCED_FACE('',(#8280),#86,.F.);
#9097=ADVANCED_FACE('',(#8281),#87,.F.);
#9098=ADVANCED_FACE('',(#8282),#8750,.F.);
#9099=ADVANCED_FACE('',(#8283),#8751,.F.);
#9100=ADVANCED_FACE('',(#8284),#8752,.F.);
#9101=ADVANCED_FACE('',(#8285),#8753,.T.);
#9102=ADVANCED_FACE('',(#8286),#88,.F.);
#9103=ADVANCED_FACE('',(#8287),#89,.F.);
#9104=ADVANCED_FACE('',(#8288),#90,.F.);
#9105=ADVANCED_FACE('',(#8289),#91,.F.);
#9106=ADVANCED_FACE('',(#8290,#8291),#92,.F.);
#9107=ADVANCED_FACE('',(#8292,#8293),#93,.F.);
#9108=ADVANCED_FACE('',(#8294,#8295),#94,.F.);
#9109=ADVANCED_FACE('',(#8296,#8297),#95,.F.);
#9110=ADVANCED_FACE('',(#8298,#8299),#96,.F.);
#9111=ADVANCED_FACE('',(#8300,#8301),#97,.F.);
#9112=ADVANCED_FACE('',(#8302,#8303),#98,.F.);
#9113=ADVANCED_FACE('',(#8304,#8305),#99,.F.);
#9114=ADVANCED_FACE('',(#8306,#8307),#100,.F.);
#9115=ADVANCED_FACE('',(#8308,#8309),#101,.F.);
#9116=ADVANCED_FACE('',(#8310,#8311),#102,.F.);
#9117=ADVANCED_FACE('',(#8312,#8313),#103,.F.);
#9118=ADVANCED_FACE('',(#8314,#8315),#104,.F.);
#9119=ADVANCED_FACE('',(#8316,#8317),#105,.F.);
#9120=ADVANCED_FACE('',(#8318,#8319),#106,.F.);
#9121=ADVANCED_FACE('',(#8320,#8321),#107,.F.);
#9122=ADVANCED_FACE('',(#8322,#8323),#108,.F.);
#9123=ADVANCED_FACE('',(#8324,#8325),#109,.F.);
#9124=ADVANCED_FACE('',(#8326,#8327),#110,.F.);
#9125=ADVANCED_FACE('',(#8328,#8329),#111,.F.);
#9126=ADVANCED_FACE('',(#8330,#8331),#112,.F.);
#9127=ADVANCED_FACE('',(#8332,#8333),#113,.F.);
#9128=ADVANCED_FACE('',(#8334,#8335),#114,.F.);
#9129=ADVANCED_FACE('',(#8336,#8337),#115,.F.);
#9130=ADVANCED_FACE('',(#8338,#8339),#116,.F.);
#9131=ADVANCED_FACE('',(#8340,#8341),#117,.F.);
#9132=ADVANCED_FACE('',(#8342,#8343),#118,.F.);
#9133=ADVANCED_FACE('',(#8344,#8345),#119,.F.);
#9134=ADVANCED_FACE('',(#8346,#8347),#120,.F.);
#9135=ADVANCED_FACE('',(#8348,#8349),#121,.F.);
#9136=ADVANCED_FACE('',(#8350,#8351),#122,.F.);
#9137=ADVANCED_FACE('',(#8352,#8353),#123,.F.);
#9138=ADVANCED_FACE('',(#8354,#8355),#124,.F.);
#9139=ADVANCED_FACE('',(#8356,#8357),#125,.F.);
#9140=ADVANCED_FACE('',(#8358,#8359),#126,.F.);
#9141=ADVANCED_FACE('',(#8360,#8361),#127,.F.);
#9142=ADVANCED_FACE('',(#8362,#8363),#128,.F.);
#9143=ADVANCED_FACE('',(#8364,#8365),#129,.F.);
#9144=ADVANCED_FACE('',(#8366,#8367),#130,.F.);
#9145=ADVANCED_FACE('',(#8368,#8369),#131,.F.);
#9146=ADVANCED_FACE('',(#8370,#8371),#132,.F.);
#9147=ADVANCED_FACE('',(#8372,#8373),#133,.F.);
#9148=ADVANCED_FACE('',(#8374,#8375),#134,.F.);
#9149=ADVANCED_FACE('',(#8376,#8377),#135,.F.);
#9150=ADVANCED_FACE('',(#8378,#8379),#136,.F.);
#9151=ADVANCED_FACE('',(#8380,#8381),#137,.F.);
#9152=ADVANCED_FACE('',(#8382,#8383),#138,.F.);
#9153=ADVANCED_FACE('',(#8384,#8385),#139,.F.);
#9154=ADVANCED_FACE('',(#8386,#8387),#140,.F.);
#9155=ADVANCED_FACE('',(#8388,#8389),#141,.F.);
#9156=ADVANCED_FACE('',(#8390,#8391),#142,.F.);
#9157=ADVANCED_FACE('',(#8392,#8393),#143,.F.);
#9158=ADVANCED_FACE('',(#8394,#8395),#144,.F.);
#9159=ADVANCED_FACE('',(#8396,#8397),#145,.F.);
#9160=ADVANCED_FACE('',(#8398,#8399),#146,.F.);
#9161=ADVANCED_FACE('',(#8400,#8401),#147,.F.);
#9162=ADVANCED_FACE('',(#8402,#8403),#148,.F.);
#9163=ADVANCED_FACE('',(#8404,#8405),#149,.F.);
#9164=ADVANCED_FACE('',(#8406,#8407),#150,.F.);
#9165=ADVANCED_FACE('',(#8408,#8409),#151,.F.);
#9166=ADVANCED_FACE('',(#8410,#8411),#152,.F.);
#9167=ADVANCED_FACE('',(#8412,#8413),#153,.F.);
#9168=ADVANCED_FACE('',(#8414,#8415),#154,.F.);
#9169=ADVANCED_FACE('',(#8416,#8417),#155,.F.);
#9170=ADVANCED_FACE('',(#8418,#8419),#156,.F.);
#9171=ADVANCED_FACE('',(#8420,#8421),#157,.F.);
#9172=ADVANCED_FACE('',(#8422,#8423),#158,.F.);
#9173=ADVANCED_FACE('',(#8424,#8425),#159,.F.);
#9174=ADVANCED_FACE('',(#8426,#8427),#160,.F.);
#9175=ADVANCED_FACE('',(#8428,#8429),#161,.F.);
#9176=ADVANCED_FACE('',(#8430,#8431),#162,.F.);
#9177=ADVANCED_FACE('',(#8432,#8433),#163,.F.);
#9178=ADVANCED_FACE('',(#8434,#8435),#164,.F.);
#9179=ADVANCED_FACE('',(#8436,#8437),#165,.F.);
#9180=ADVANCED_FACE('',(#8438,#8439),#166,.F.);
#9181=ADVANCED_FACE('',(#8440,#8441),#167,.F.);
#9182=ADVANCED_FACE('',(#8442,#8443),#168,.F.);
#9183=ADVANCED_FACE('',(#8444,#8445),#169,.F.);
#9184=ADVANCED_FACE('',(#8446,#8447),#170,.F.);
#9185=ADVANCED_FACE('',(#8448,#8449),#171,.F.);
#9186=ADVANCED_FACE('',(#8450,#8451),#172,.F.);
#9187=ADVANCED_FACE('',(#8452,#8453),#173,.F.);
#9188=ADVANCED_FACE('',(#8454,#8455),#174,.F.);
#9189=ADVANCED_FACE('',(#8456,#8457),#175,.F.);
#9190=ADVANCED_FACE('',(#8458,#8459),#176,.F.);
#9191=ADVANCED_FACE('',(#8460,#8461),#177,.F.);
#9192=ADVANCED_FACE('',(#8462,#8463),#178,.F.);
#9193=ADVANCED_FACE('',(#8464,#8465),#179,.F.);
#9194=ADVANCED_FACE('',(#8466,#8467),#180,.F.);
#9195=ADVANCED_FACE('',(#8468,#8469),#181,.F.);
#9196=ADVANCED_FACE('',(#8470,#8471),#182,.F.);
#9197=ADVANCED_FACE('',(#8472,#8473),#183,.F.);
#9198=ADVANCED_FACE('',(#8474,#8475),#184,.F.);
#9199=ADVANCED_FACE('',(#8476,#8477),#185,.F.);
#9200=ADVANCED_FACE('',(#8478,#8479),#186,.F.);
#9201=ADVANCED_FACE('',(#8480,#8481),#187,.F.);
#9202=ADVANCED_FACE('',(#8482),#8754,.F.);
#9203=ADVANCED_FACE('',(#8483),#8755,.T.);
#9204=ADVANCED_FACE('',(#8484),#8756,.F.);
#9205=ADVANCED_FACE('',(#8485),#8757,.F.);
#9206=ADVANCED_FACE('',(#8486),#8758,.T.);
#9207=ADVANCED_FACE('',(#8487),#8759,.T.);
#9208=ADVANCED_FACE('',(#8488),#8760,.F.);
#9209=ADVANCED_FACE('',(#8489),#8761,.F.);
#9210=ADVANCED_FACE('',(#8490),#8762,.T.);
#9211=ADVANCED_FACE('',(#8491),#8763,.T.);
#9212=ADVANCED_FACE('',(#8492),#8764,.F.);
#9213=ADVANCED_FACE('',(#8493),#8765,.F.);
#9214=ADVANCED_FACE('',(#8494),#8766,.T.);
#9215=ADVANCED_FACE('',(#8495),#8767,.T.);
#9216=ADVANCED_FACE('',(#8496),#8768,.F.);
#9217=ADVANCED_FACE('',(#8497),#8769,.F.);
#9218=ADVANCED_FACE('',(#8498),#8770,.T.);
#9219=ADVANCED_FACE('',(#8499),#8771,.T.);
#9220=ADVANCED_FACE('',(#8500),#8772,.F.);
#9221=ADVANCED_FACE('',(#8501),#8773,.F.);
#9222=ADVANCED_FACE('',(#8502),#8774,.T.);
#9223=ADVANCED_FACE('',(#8503),#8775,.T.);
#9224=ADVANCED_FACE('',(#8504),#8776,.F.);
#9225=ADVANCED_FACE('',(#8505),#8777,.F.);
#9226=ADVANCED_FACE('',(#8506),#8778,.T.);
#9227=ADVANCED_FACE('',(#8507),#8779,.T.);
#9228=ADVANCED_FACE('',(#8508),#8780,.F.);
#9229=ADVANCED_FACE('',(#8509),#8781,.F.);
#9230=ADVANCED_FACE('',(#8510),#8782,.T.);
#9231=ADVANCED_FACE('',(#8511),#8783,.T.);
#9232=ADVANCED_FACE('',(#8512),#8784,.F.);
#9233=ADVANCED_FACE('',(#8513),#8785,.F.);
#9234=ADVANCED_FACE('',(#8514),#8786,.T.);
#9235=ADVANCED_FACE('',(#8515),#8787,.T.);
#9236=ADVANCED_FACE('',(#8516),#8788,.F.);
#9237=ADVANCED_FACE('',(#8517),#8789,.F.);
#9238=ADVANCED_FACE('',(#8518),#8790,.T.);
#9239=ADVANCED_FACE('',(#8519),#8791,.T.);
#9240=ADVANCED_FACE('',(#8520),#8792,.F.);
#9241=ADVANCED_FACE('',(#8521),#8793,.F.);
#9242=ADVANCED_FACE('',(#8522),#8794,.T.);
#9243=ADVANCED_FACE('',(#8523),#8795,.T.);
#9244=ADVANCED_FACE('',(#8524),#8796,.F.);
#9245=ADVANCED_FACE('',(#8525),#8797,.F.);
#9246=ADVANCED_FACE('',(#8526),#8798,.T.);
#9247=ADVANCED_FACE('',(#8527),#8799,.T.);
#9248=ADVANCED_FACE('',(#8528),#8800,.F.);
#9249=ADVANCED_FACE('',(#8529),#8801,.F.);
#9250=ADVANCED_FACE('',(#8530),#8802,.T.);
#9251=ADVANCED_FACE('',(#8531),#8803,.F.);
#9252=ADVANCED_FACE('',(#8532),#8804,.F.);
#9253=ADVANCED_FACE('',(#8533),#8805,.T.);
#9254=ADVANCED_FACE('',(#8534),#8806,.T.);
#9255=ADVANCED_FACE('',(#8535),#8807,.F.);
#9256=ADVANCED_FACE('',(#8536),#8808,.F.);
#9257=ADVANCED_FACE('',(#8537),#8809,.T.);
#9258=ADVANCED_FACE('',(#8538),#8810,.T.);
#9259=ADVANCED_FACE('',(#8539),#8811,.F.);
#9260=ADVANCED_FACE('',(#8540),#8812,.F.);
#9261=ADVANCED_FACE('',(#8541),#8813,.T.);
#9262=ADVANCED_FACE('',(#8542),#8814,.T.);
#9263=ADVANCED_FACE('',(#8543),#8815,.F.);
#9264=ADVANCED_FACE('',(#8544),#8816,.F.);
#9265=ADVANCED_FACE('',(#8545),#8817,.T.);
#9266=ADVANCED_FACE('',(#8546),#8818,.T.);
#9267=ADVANCED_FACE('',(#8547),#8819,.F.);
#9268=ADVANCED_FACE('',(#8548),#8820,.F.);
#9269=ADVANCED_FACE('',(#8549),#8821,.T.);
#9270=ADVANCED_FACE('',(#8550),#8822,.T.);
#9271=ADVANCED_FACE('',(#8551),#8823,.F.);
#9272=ADVANCED_FACE('',(#8552),#8824,.F.);
#9273=ADVANCED_FACE('',(#8553),#8825,.T.);
#9274=ADVANCED_FACE('',(#8554),#8826,.T.);
#9275=ADVANCED_FACE('',(#8555),#8827,.F.);
#9276=ADVANCED_FACE('',(#8556),#8828,.F.);
#9277=ADVANCED_FACE('',(#8557),#8829,.T.);
#9278=ADVANCED_FACE('',(#8558),#8830,.T.);
#9279=ADVANCED_FACE('',(#8559),#8831,.F.);
#9280=ADVANCED_FACE('',(#8560),#8832,.F.);
#9281=ADVANCED_FACE('',(#8561),#8833,.T.);
#9282=ADVANCED_FACE('',(#8562),#8834,.T.);
#9283=ADVANCED_FACE('',(#8563),#8835,.F.);
#9284=ADVANCED_FACE('',(#8564),#8836,.F.);
#9285=ADVANCED_FACE('',(#8565),#8837,.T.);
#9286=ADVANCED_FACE('',(#8566),#8838,.T.);
#9287=ADVANCED_FACE('',(#8567),#8839,.F.);
#9288=ADVANCED_FACE('',(#8568),#8840,.F.);
#9289=ADVANCED_FACE('',(#8569),#8841,.T.);
#9290=ADVANCED_FACE('',(#8570),#8842,.T.);
#9291=ADVANCED_FACE('',(#8571),#8843,.F.);
#9292=ADVANCED_FACE('',(#8572),#8844,.F.);
#9293=ADVANCED_FACE('',(#8573),#8845,.T.);
#9294=ADVANCED_FACE('',(#8574),#8846,.T.);
#9295=ADVANCED_FACE('',(#8575),#8847,.F.);
#9296=ADVANCED_FACE('',(#8576),#8848,.F.);
#9297=ADVANCED_FACE('',(#8577),#8849,.T.);
#9298=ADVANCED_FACE('',(#8578),#8850,.F.);
#9299=ADVANCED_FACE('',(#8579),#8851,.F.);
#9300=ADVANCED_FACE('',(#8580),#8852,.T.);
#9301=ADVANCED_FACE('',(#8581),#8853,.T.);
#9302=ADVANCED_FACE('',(#8582),#8854,.F.);
#9303=ADVANCED_FACE('',(#8583),#8855,.F.);
#9304=ADVANCED_FACE('',(#8584),#8856,.T.);
#9305=ADVANCED_FACE('',(#8585),#8857,.T.);
#9306=ADVANCED_FACE('',(#8586),#8858,.F.);
#9307=ADVANCED_FACE('',(#8587),#8859,.F.);
#9308=ADVANCED_FACE('',(#8588),#8860,.T.);
#9309=ADVANCED_FACE('',(#8589),#8861,.T.);
#9310=ADVANCED_FACE('',(#8590),#8862,.F.);
#9311=ADVANCED_FACE('',(#8591),#8863,.F.);
#9312=ADVANCED_FACE('',(#8592),#8864,.T.);
#9313=ADVANCED_FACE('',(#8593),#8865,.T.);
#9314=ADVANCED_FACE('',(#8594),#8866,.F.);
#9315=ADVANCED_FACE('',(#8595),#8867,.F.);
#9316=ADVANCED_FACE('',(#8596),#8868,.T.);
#9317=ADVANCED_FACE('',(#8597),#8869,.T.);
#9318=ADVANCED_FACE('',(#8598),#8870,.F.);
#9319=ADVANCED_FACE('',(#8599),#8871,.F.);
#9320=ADVANCED_FACE('',(#8600),#8872,.T.);
#9321=ADVANCED_FACE('',(#8601),#8873,.T.);
#9322=ADVANCED_FACE('',(#8602),#8874,.F.);
#9323=ADVANCED_FACE('',(#8603),#8875,.F.);
#9324=ADVANCED_FACE('',(#8604),#8876,.T.);
#9325=ADVANCED_FACE('',(#8605),#8877,.T.);
#9326=ADVANCED_FACE('',(#8606),#8878,.F.);
#9327=ADVANCED_FACE('',(#8607),#8879,.F.);
#9328=ADVANCED_FACE('',(#8608),#8880,.T.);
#9329=ADVANCED_FACE('',(#8609),#8881,.T.);
#9330=ADVANCED_FACE('',(#8610),#8882,.F.);
#9331=ADVANCED_FACE('',(#8611),#8883,.F.);
#9332=ADVANCED_FACE('',(#8612),#8884,.T.);
#9333=ADVANCED_FACE('',(#8613),#8885,.T.);
#9334=ADVANCED_FACE('',(#8614),#8886,.F.);
#9335=ADVANCED_FACE('',(#8615),#8887,.F.);
#9336=ADVANCED_FACE('',(#8616),#8888,.T.);
#9337=ADVANCED_FACE('',(#8617),#8889,.T.);
#9338=ADVANCED_FACE('',(#8618),#8890,.F.);
#9339=ADVANCED_FACE('',(#8619),#8891,.F.);
#9340=ADVANCED_FACE('',(#8620),#8892,.T.);
#9341=ADVANCED_FACE('',(#8621),#8893,.T.);
#9342=ADVANCED_FACE('',(#8622),#8894,.F.);
#9343=ADVANCED_FACE('',(#8623),#8895,.F.);
#9344=ADVANCED_FACE('',(#8624),#8896,.T.);
#9345=ADVANCED_FACE('',(#8625),#8897,.F.);
#9346=ADVANCED_FACE('',(#8626),#8898,.F.);
#9347=ADVANCED_FACE('',(#8627),#8899,.T.);
#9348=ADVANCED_FACE('',(#8628),#8900,.T.);
#9349=ADVANCED_FACE('',(#8629),#8901,.F.);
#9350=ADVANCED_FACE('',(#8630),#8902,.F.);
#9351=ADVANCED_FACE('',(#8631),#8903,.T.);
#9352=ADVANCED_FACE('',(#8632),#8904,.T.);
#9353=ADVANCED_FACE('',(#8633),#8905,.F.);
#9354=ADVANCED_FACE('',(#8634),#8906,.F.);
#9355=ADVANCED_FACE('',(#8635),#8907,.T.);
#9356=ADVANCED_FACE('',(#8636),#8908,.T.);
#9357=ADVANCED_FACE('',(#8637),#8909,.F.);
#9358=ADVANCED_FACE('',(#8638),#8910,.F.);
#9359=ADVANCED_FACE('',(#8639),#8911,.T.);
#9360=ADVANCED_FACE('',(#8640),#8912,.T.);
#9361=ADVANCED_FACE('',(#8641),#8913,.F.);
#9362=ADVANCED_FACE('',(#8642),#8914,.F.);
#9363=ADVANCED_FACE('',(#8643),#8915,.T.);
#9364=ADVANCED_FACE('',(#8644),#8916,.T.);
#9365=ADVANCED_FACE('',(#8645),#8917,.F.);
#9366=ADVANCED_FACE('',(#8646),#8918,.F.);
#9367=ADVANCED_FACE('',(#8647),#8919,.T.);
#9368=ADVANCED_FACE('',(#8648),#8920,.T.);
#9369=ADVANCED_FACE('',(#8649),#8921,.F.);
#9370=ADVANCED_FACE('',(#8650),#8922,.F.);
#9371=ADVANCED_FACE('',(#8651),#8923,.T.);
#9372=ADVANCED_FACE('',(#8652),#8924,.T.);
#9373=ADVANCED_FACE('',(#8653),#8925,.F.);
#9374=ADVANCED_FACE('',(#8654),#8926,.F.);
#9375=ADVANCED_FACE('',(#8655),#8927,.T.);
#9376=ADVANCED_FACE('',(#8656),#8928,.T.);
#9377=ADVANCED_FACE('',(#8657),#8929,.F.);
#9378=ADVANCED_FACE('',(#8658),#8930,.F.);
#9379=ADVANCED_FACE('',(#8659),#8931,.T.);
#9380=ADVANCED_FACE('',(#8660),#8932,.T.);
#9381=ADVANCED_FACE('',(#8661),#8933,.F.);
#9382=ADVANCED_FACE('',(#8662),#8934,.F.);
#9383=ADVANCED_FACE('',(#8663),#8935,.T.);
#9384=ADVANCED_FACE('',(#8664),#8936,.T.);
#9385=ADVANCED_FACE('',(#8665),#8937,.F.);
#9386=ADVANCED_FACE('',(#8666),#8938,.F.);
#9387=ADVANCED_FACE('',(#8667),#8939,.T.);
#9388=ADVANCED_FACE('',(#8668),#8940,.T.);
#9389=ADVANCED_FACE('',(#8669),#8941,.F.);
#9390=CLOSED_SHELL('',(#8942,#8943,#8944,#8945,#8946,#8947,#8948,#8949,
#8950,#8951,#8952,#8953,#8954,#8955,#8956,#8957,#8958,#8959,#8960,#8961,
#8962,#8963,#8964,#8965,#8966,#8967,#8968,#8969,#8970,#8971,#8972,#8973,
#8974,#8975,#8976,#8977,#8978,#8979,#8980,#8981,#8982,#8983,#8984,#8985,
#8986,#8987,#8988,#8989,#8990,#8991,#8992,#8993,#8994,#8995,#8996,#8997,
#8998,#8999,#9000,#9001,#9002,#9003,#9004,#9005,#9006,#9007,#9008,#9009,
#9010,#9011,#9012,#9013,#9014,#9015,#9016,#9017,#9018,#9019,#9020,#9021,
#9022,#9023,#9024,#9025,#9026,#9027,#9028,#9029,#9030,#9031,#9032,#9033,
#9034,#9035,#9036,#9037,#9038,#9039,#9040,#9041,#9042,#9043,#9044,#9045,
#9046,#9047,#9048,#9049,#9050,#9051,#9052,#9053,#9054,#9055,#9056,#9057,
#9058,#9059,#9060,#9061,#9062,#9063,#9064,#9065,#9066,#9067,#9068,#9069,
#9070,#9071,#9072,#9073,#9074,#9075,#9076,#9077,#9078,#9079,#9080,#9081,
#9082,#9083,#9084,#9085,#9086,#9087,#9088,#9089,#9090,#9091,#9092,#9093,
#9094,#9095,#9096,#9097,#9098,#9099,#9100,#9101,#9102,#9103,#9104,#9105,
#9106,#9107,#9108,#9109,#9110,#9111,#9112,#9113,#9114,#9115,#9116,#9117,
#9118,#9119,#9120,#9121,#9122,#9123,#9124,#9125,#9126,#9127,#9128,#9129,
#9130,#9131,#9132,#9133,#9134,#9135,#9136,#9137,#9138,#9139,#9140,#9141,
#9142,#9143,#9144,#9145,#9146,#9147,#9148,#9149,#9150,#9151,#9152,#9153,
#9154,#9155,#9156,#9157,#9158,#9159,#9160,#9161,#9162,#9163,#9164,#9165,
#9166,#9167,#9168,#9169,#9170,#9171,#9172,#9173,#9174,#9175,#9176,#9177,
#9178,#9179,#9180,#9181,#9182,#9183,#9184,#9185,#9186,#9187,#9188,#9189,
#9190,#9191,#9192,#9193,#9194,#9195,#9196,#9197,#9198,#9199,#9200,#9201,
#9202,#9203,#9204,#9205,#9206,#9207,#9208,#9209,#9210,#9211,#9212,#9213,
#9214,#9215,#9216,#9217,#9218,#9219,#9220,#9221,#9222,#9223,#9224,#9225,
#9226,#9227,#9228,#9229,#9230,#9231,#9232,#9233,#9234,#9235,#9236,#9237,
#9238,#9239,#9240,#9241,#9242,#9243,#9244,#9245,#9246,#9247,#9248,#9249,
#9250,#9251,#9252,#9253,#9254,#9255,#9256,#9257,#9258,#9259,#9260,#9261,
#9262,#9263,#9264,#9265,#9266,#9267,#9268,#9269,#9270,#9271,#9272,#9273,
#9274,#9275,#9276,#9277,#9278,#9279,#9280,#9281,#9282,#9283,#9284,#9285,
#9286,#9287,#9288,#9289,#9290,#9291,#9292,#9293,#9294,#9295,#9296,#9297,
#9298,#9299,#9300,#9301,#9302,#9303,#9304,#9305,#9306,#9307,#9308,#9309,
#9310,#9311,#9312,#9313,#9314,#9315,#9316,#9317,#9318,#9319,#9320,#9321,
#9322,#9323,#9324,#9325,#9326,#9327,#9328,#9329,#9330,#9331,#9332,#9333,
#9334,#9335,#9336,#9337,#9338,#9339,#9340,#9341,#9342,#9343,#9344,#9345,
#9346,#9347,#9348,#9349,#9350,#9351,#9352,#9353,#9354,#9355,#9356,#9357,
#9358,#9359,#9360,#9361,#9362,#9363,#9364,#9365,#9366,#9367,#9368,#9369,
#9370,#9371,#9372,#9373,#9374,#9375,#9376,#9377,#9378,#9379,#9380,#9381,
#9382,#9383,#9384,#9385,#9386,#9387,#9388,#9389));
#9391=STYLED_ITEM('',(#9392),#9399);
#9392=PRESENTATION_STYLE_ASSIGNMENT((#9393));
#9393=SURFACE_STYLE_USAGE(.BOTH.,#9394);
#9394=SURFACE_SIDE_STYLE('',(#9395));
#9395=SURFACE_STYLE_FILL_AREA(#9396);
#9396=FILL_AREA_STYLE('',(#9397));
#9397=FILL_AREA_STYLE_COLOUR('',#9398);
#9398=COLOUR_RGB('',0.917647058823529,0.725490196078431,0.490196078431373);
#9399=MANIFOLD_SOLID_BREP('antenna platform',#9390);
#9400=SHAPE_DEFINITION_REPRESENTATION(#15284,#9401);
#9401=SHAPE_REPRESENTATION('antenna platform',(#9402),#15279);
#9402=AXIS2_PLACEMENT_3D('',#12695,#10203,#10204);
#9403=AXIS2_PLACEMENT_3D('',#12696,#10205,#10206);
#9404=AXIS2_PLACEMENT_3D('',#12929,#10323,#10324);
#9405=AXIS2_PLACEMENT_3D('',#12931,#10325,#10326);
#9406=AXIS2_PLACEMENT_3D('',#12933,#10327,#10328);
#9407=AXIS2_PLACEMENT_3D('',#12935,#10329,#10330);
#9408=AXIS2_PLACEMENT_3D('',#12937,#10331,#10332);
#9409=AXIS2_PLACEMENT_3D('',#12939,#10333,#10334);
#9410=AXIS2_PLACEMENT_3D('',#12941,#10335,#10336);
#9411=AXIS2_PLACEMENT_3D('',#12943,#10337,#10338);
#9412=AXIS2_PLACEMENT_3D('',#12945,#10339,#10340);
#9413=AXIS2_PLACEMENT_3D('',#12947,#10341,#10342);
#9414=AXIS2_PLACEMENT_3D('',#12949,#10343,#10344);
#9415=AXIS2_PLACEMENT_3D('',#12951,#10345,#10346);
#9416=AXIS2_PLACEMENT_3D('',#12953,#10347,#10348);
#9417=AXIS2_PLACEMENT_3D('',#12955,#10349,#10350);
#9418=AXIS2_PLACEMENT_3D('',#12957,#10351,#10352);
#9419=AXIS2_PLACEMENT_3D('',#12959,#10353,#10354);
#9420=AXIS2_PLACEMENT_3D('',#12961,#10355,#10356);
#9421=AXIS2_PLACEMENT_3D('',#12963,#10357,#10358);
#9422=AXIS2_PLACEMENT_3D('',#12965,#10359,#10360);
#9423=AXIS2_PLACEMENT_3D('',#12967,#10361,#10362);
#9424=AXIS2_PLACEMENT_3D('',#12969,#10363,#10364);
#9425=AXIS2_PLACEMENT_3D('',#12971,#10365,#10366);
#9426=AXIS2_PLACEMENT_3D('',#12973,#10367,#10368);
#9427=AXIS2_PLACEMENT_3D('',#12975,#10369,#10370);
#9428=AXIS2_PLACEMENT_3D('',#12977,#10371,#10372);
#9429=AXIS2_PLACEMENT_3D('',#12979,#10373,#10374);
#9430=AXIS2_PLACEMENT_3D('',#12981,#10375,#10376);
#9431=AXIS2_PLACEMENT_3D('',#12983,#10377,#10378);
#9432=AXIS2_PLACEMENT_3D('',#12985,#10379,#10380);
#9433=AXIS2_PLACEMENT_3D('',#12987,#10381,#10382);
#9434=AXIS2_PLACEMENT_3D('',#12989,#10383,#10384);
#9435=AXIS2_PLACEMENT_3D('',#12991,#10385,#10386);
#9436=AXIS2_PLACEMENT_3D('',#12993,#10387,#10388);
#9437=AXIS2_PLACEMENT_3D('',#12995,#10389,#10390);
#9438=AXIS2_PLACEMENT_3D('',#12997,#10391,#10392);
#9439=AXIS2_PLACEMENT_3D('',#12999,#10393,#10394);
#9440=AXIS2_PLACEMENT_3D('',#13001,#10395,#10396);
#9441=AXIS2_PLACEMENT_3D('',#13003,#10397,#10398);
#9442=AXIS2_PLACEMENT_3D('',#13005,#10399,#10400);
#9443=AXIS2_PLACEMENT_3D('',#13007,#10401,#10402);
#9444=AXIS2_PLACEMENT_3D('',#13009,#10403,#10404);
#9445=AXIS2_PLACEMENT_3D('',#13011,#10405,#10406);
#9446=AXIS2_PLACEMENT_3D('',#13013,#10407,#10408);
#9447=AXIS2_PLACEMENT_3D('',#13015,#10409,#10410);
#9448=AXIS2_PLACEMENT_3D('',#13017,#10411,#10412);
#9449=AXIS2_PLACEMENT_3D('',#13019,#10413,#10414);
#9450=AXIS2_PLACEMENT_3D('',#13021,#10415,#10416);
#9451=AXIS2_PLACEMENT_3D('',#13023,#10417,#10418);
#9452=AXIS2_PLACEMENT_3D('',#13025,#10419,#10420);
#9453=AXIS2_PLACEMENT_3D('',#13027,#10421,#10422);
#9454=AXIS2_PLACEMENT_3D('',#13029,#10423,#10424);
#9455=AXIS2_PLACEMENT_3D('',#13031,#10425,#10426);
#9456=AXIS2_PLACEMENT_3D('',#13033,#10427,#10428);
#9457=AXIS2_PLACEMENT_3D('',#13035,#10429,#10430);
#9458=AXIS2_PLACEMENT_3D('',#13037,#10431,#10432);
#9459=AXIS2_PLACEMENT_3D('',#13039,#10433,#10434);
#9460=AXIS2_PLACEMENT_3D('',#13041,#10435,#10436);
#9461=AXIS2_PLACEMENT_3D('',#13043,#10437,#10438);
#9462=AXIS2_PLACEMENT_3D('',#13045,#10439,#10440);
#9463=AXIS2_PLACEMENT_3D('',#13047,#10441,#10442);
#9464=AXIS2_PLACEMENT_3D('',#13049,#10443,#10444);
#9465=AXIS2_PLACEMENT_3D('',#13051,#10445,#10446);
#9466=AXIS2_PLACEMENT_3D('',#13053,#10447,#10448);
#9467=AXIS2_PLACEMENT_3D('',#13055,#10449,#10450);
#9468=AXIS2_PLACEMENT_3D('',#13057,#10451,#10452);
#9469=AXIS2_PLACEMENT_3D('',#13059,#10453,#10454);
#9470=AXIS2_PLACEMENT_3D('',#13061,#10455,#10456);
#9471=AXIS2_PLACEMENT_3D('',#13063,#10457,#10458);
#9472=AXIS2_PLACEMENT_3D('',#13065,#10459,#10460);
#9473=AXIS2_PLACEMENT_3D('',#13067,#10461,#10462);
#9474=AXIS2_PLACEMENT_3D('',#13069,#10463,#10464);
#9475=AXIS2_PLACEMENT_3D('',#13071,#10465,#10466);
#9476=AXIS2_PLACEMENT_3D('',#13073,#10467,#10468);
#9477=AXIS2_PLACEMENT_3D('',#13075,#10469,#10470);
#9478=AXIS2_PLACEMENT_3D('',#13077,#10471,#10472);
#9479=AXIS2_PLACEMENT_3D('',#13079,#10473,#10474);
#9480=AXIS2_PLACEMENT_3D('',#13081,#10475,#10476);
#9481=AXIS2_PLACEMENT_3D('',#13083,#10477,#10478);
#9482=AXIS2_PLACEMENT_3D('',#13085,#10479,#10480);
#9483=AXIS2_PLACEMENT_3D('',#13087,#10481,#10482);
#9484=AXIS2_PLACEMENT_3D('',#13089,#10483,#10484);
#9485=AXIS2_PLACEMENT_3D('',#13091,#10485,#10486);
#9486=AXIS2_PLACEMENT_3D('',#13093,#10487,#10488);
#9487=AXIS2_PLACEMENT_3D('',#13095,#10489,#10490);
#9488=AXIS2_PLACEMENT_3D('',#13097,#10491,#10492);
#9489=AXIS2_PLACEMENT_3D('',#13099,#10493,#10494);
#9490=AXIS2_PLACEMENT_3D('',#13101,#10495,#10496);
#9491=AXIS2_PLACEMENT_3D('',#13103,#10497,#10498);
#9492=AXIS2_PLACEMENT_3D('',#13105,#10499,#10500);
#9493=AXIS2_PLACEMENT_3D('',#13107,#10501,#10502);
#9494=AXIS2_PLACEMENT_3D('',#13109,#10503,#10504);
#9495=AXIS2_PLACEMENT_3D('',#13111,#10505,#10506);
#9496=AXIS2_PLACEMENT_3D('',#13113,#10507,#10508);
#9497=AXIS2_PLACEMENT_3D('',#13115,#10509,#10510);
#9498=AXIS2_PLACEMENT_3D('',#13117,#10511,#10512);
#9499=AXIS2_PLACEMENT_3D('',#13119,#10513,#10514);
#9500=AXIS2_PLACEMENT_3D('',#13124,#10516,#10517);
#9501=AXIS2_PLACEMENT_3D('',#13128,#10519,#10520);
#9502=AXIS2_PLACEMENT_3D('',#13132,#10522,#10523);
#9503=AXIS2_PLACEMENT_3D('',#13136,#10525,#10526);
#9504=AXIS2_PLACEMENT_3D('',#13140,#10528,#10529);
#9505=AXIS2_PLACEMENT_3D('',#13144,#10531,#10532);
#9506=AXIS2_PLACEMENT_3D('',#13148,#10534,#10535);
#9507=AXIS2_PLACEMENT_3D('',#13152,#10537,#10538);
#9508=AXIS2_PLACEMENT_3D('',#13156,#10540,#10541);
#9509=AXIS2_PLACEMENT_3D('',#13160,#10543,#10544);
#9510=AXIS2_PLACEMENT_3D('',#13164,#10546,#10547);
#9511=AXIS2_PLACEMENT_3D('',#13165,#10548,#10549);
#9512=AXIS2_PLACEMENT_3D('',#13170,#10551,#10552);
#9513=AXIS2_PLACEMENT_3D('',#13174,#10554,#10555);
#9514=AXIS2_PLACEMENT_3D('',#13177,#10557,#10558);
#9515=AXIS2_PLACEMENT_3D('',#13182,#10560,#10561);
#9516=AXIS2_PLACEMENT_3D('',#13186,#10563,#10564);
#9517=AXIS2_PLACEMENT_3D('',#13192,#10567,#10568);
#9518=AXIS2_PLACEMENT_3D('',#13196,#10570,#10571);
#9519=AXIS2_PLACEMENT_3D('',#13200,#10573,#10574);
#9520=AXIS2_PLACEMENT_3D('',#13204,#10576,#10577);
#9521=AXIS2_PLACEMENT_3D('',#13208,#10579,#10580);
#9522=AXIS2_PLACEMENT_3D('',#13212,#10582,#10583);
#9523=AXIS2_PLACEMENT_3D('',#13216,#10585,#10586);
#9524=AXIS2_PLACEMENT_3D('',#13220,#10588,#10589);
#9525=AXIS2_PLACEMENT_3D('',#13224,#10591,#10592);
#9526=AXIS2_PLACEMENT_3D('',#13228,#10594,#10595);
#9527=AXIS2_PLACEMENT_3D('',#13232,#10597,#10598);
#9528=AXIS2_PLACEMENT_3D('',#13236,#10600,#10601);
#9529=AXIS2_PLACEMENT_3D('',#13240,#10603,#10604);
#9530=AXIS2_PLACEMENT_3D('',#13244,#10606,#10607);
#9531=AXIS2_PLACEMENT_3D('',#13248,#10609,#10610);
#9532=AXIS2_PLACEMENT_3D('',#13252,#10612,#10613);
#9533=AXIS2_PLACEMENT_3D('',#13256,#10615,#10616);
#9534=AXIS2_PLACEMENT_3D('',#13260,#10618,#10619);
#9535=AXIS2_PLACEMENT_3D('',#13264,#10621,#10622);
#9536=AXIS2_PLACEMENT_3D('',#13268,#10624,#10625);
#9537=AXIS2_PLACEMENT_3D('',#13272,#10627,#10628);
#9538=AXIS2_PLACEMENT_3D('',#13276,#10630,#10631);
#9539=AXIS2_PLACEMENT_3D('',#13280,#10633,#10634);
#9540=AXIS2_PLACEMENT_3D('',#13284,#10636,#10637);
#9541=AXIS2_PLACEMENT_3D('',#13288,#10639,#10640);
#9542=AXIS2_PLACEMENT_3D('',#13292,#10642,#10643);
#9543=AXIS2_PLACEMENT_3D('',#13296,#10645,#10646);
#9544=AXIS2_PLACEMENT_3D('',#13300,#10648,#10649);
#9545=AXIS2_PLACEMENT_3D('',#13304,#10651,#10652);
#9546=AXIS2_PLACEMENT_3D('',#13308,#10654,#10655);
#9547=AXIS2_PLACEMENT_3D('',#13312,#10657,#10658);
#9548=AXIS2_PLACEMENT_3D('',#13316,#10660,#10661);
#9549=AXIS2_PLACEMENT_3D('',#13320,#10663,#10664);
#9550=AXIS2_PLACEMENT_3D('',#13324,#10666,#10667);
#9551=AXIS2_PLACEMENT_3D('',#13328,#10669,#10670);
#9552=AXIS2_PLACEMENT_3D('',#13332,#10672,#10673);
#9553=AXIS2_PLACEMENT_3D('',#13336,#10675,#10676);
#9554=AXIS2_PLACEMENT_3D('',#13340,#10678,#10679);
#9555=AXIS2_PLACEMENT_3D('',#13344,#10681,#10682);
#9556=AXIS2_PLACEMENT_3D('',#13348,#10684,#10685);
#9557=AXIS2_PLACEMENT_3D('',#13364,#10693,#10694);
#9558=AXIS2_PLACEMENT_3D('',#13368,#10696,#10697);
#9559=AXIS2_PLACEMENT_3D('',#13372,#10699,#10700);
#9560=AXIS2_PLACEMENT_3D('',#13376,#10702,#10703);
#9561=AXIS2_PLACEMENT_3D('',#13380,#10705,#10706);
#9562=AXIS2_PLACEMENT_3D('',#13384,#10708,#10709);
#9563=AXIS2_PLACEMENT_3D('',#13388,#10711,#10712);
#9564=AXIS2_PLACEMENT_3D('',#13392,#10714,#10715);
#9565=AXIS2_PLACEMENT_3D('',#13396,#10717,#10718);
#9566=AXIS2_PLACEMENT_3D('',#13400,#10720,#10721);
#9567=AXIS2_PLACEMENT_3D('',#13404,#10723,#10724);
#9568=AXIS2_PLACEMENT_3D('',#13408,#10726,#10727);
#9569=AXIS2_PLACEMENT_3D('',#13412,#10729,#10730);
#9570=AXIS2_PLACEMENT_3D('',#13416,#10732,#10733);
#9571=AXIS2_PLACEMENT_3D('',#13420,#10735,#10736);
#9572=AXIS2_PLACEMENT_3D('',#13424,#10738,#10739);
#9573=AXIS2_PLACEMENT_3D('',#13428,#10741,#10742);
#9574=AXIS2_PLACEMENT_3D('',#13432,#10744,#10745);
#9575=AXIS2_PLACEMENT_3D('',#13436,#10747,#10748);
#9576=AXIS2_PLACEMENT_3D('',#13560,#10810,#10811);
#9577=AXIS2_PLACEMENT_3D('',#13568,#10815,#10816);
#9578=AXIS2_PLACEMENT_3D('',#13576,#10820,#10821);
#9579=AXIS2_PLACEMENT_3D('',#13584,#10825,#10826);
#9580=AXIS2_PLACEMENT_3D('',#13589,#10829,#10830);
#9581=AXIS2_PLACEMENT_3D('',#13942,#11007,#11008);
#9582=AXIS2_PLACEMENT_3D('',#13944,#11009,#11010);
#9583=AXIS2_PLACEMENT_3D('',#13946,#11011,#11012);
#9584=AXIS2_PLACEMENT_3D('',#13948,#11013,#11014);
#9585=AXIS2_PLACEMENT_3D('',#13950,#11015,#11016);
#9586=AXIS2_PLACEMENT_3D('',#13952,#11017,#11018);
#9587=AXIS2_PLACEMENT_3D('',#13954,#11019,#11020);
#9588=AXIS2_PLACEMENT_3D('',#13956,#11021,#11022);
#9589=AXIS2_PLACEMENT_3D('',#13958,#11023,#11024);
#9590=AXIS2_PLACEMENT_3D('',#13960,#11025,#11026);
#9591=AXIS2_PLACEMENT_3D('',#13962,#11027,#11028);
#9592=AXIS2_PLACEMENT_3D('',#13964,#11029,#11030);
#9593=AXIS2_PLACEMENT_3D('',#13966,#11031,#11032);
#9594=AXIS2_PLACEMENT_3D('',#13968,#11033,#11034);
#9595=AXIS2_PLACEMENT_3D('',#13970,#11035,#11036);
#9596=AXIS2_PLACEMENT_3D('',#13972,#11037,#11038);
#9597=AXIS2_PLACEMENT_3D('',#13974,#11039,#11040);
#9598=AXIS2_PLACEMENT_3D('',#13976,#11041,#11042);
#9599=AXIS2_PLACEMENT_3D('',#13978,#11043,#11044);
#9600=AXIS2_PLACEMENT_3D('',#13980,#11045,#11046);
#9601=AXIS2_PLACEMENT_3D('',#13982,#11047,#11048);
#9602=AXIS2_PLACEMENT_3D('',#13984,#11049,#11050);
#9603=AXIS2_PLACEMENT_3D('',#13986,#11051,#11052);
#9604=AXIS2_PLACEMENT_3D('',#13988,#11053,#11054);
#9605=AXIS2_PLACEMENT_3D('',#13990,#11055,#11056);
#9606=AXIS2_PLACEMENT_3D('',#13992,#11057,#11058);
#9607=AXIS2_PLACEMENT_3D('',#13994,#11059,#11060);
#9608=AXIS2_PLACEMENT_3D('',#13996,#11061,#11062);
#9609=AXIS2_PLACEMENT_3D('',#13998,#11063,#11064);
#9610=AXIS2_PLACEMENT_3D('',#14000,#11065,#11066);
#9611=AXIS2_PLACEMENT_3D('',#14002,#11067,#11068);
#9612=AXIS2_PLACEMENT_3D('',#14004,#11069,#11070);
#9613=AXIS2_PLACEMENT_3D('',#14006,#11071,#11072);
#9614=AXIS2_PLACEMENT_3D('',#14008,#11073,#11074);
#9615=AXIS2_PLACEMENT_3D('',#14010,#11075,#11076);
#9616=AXIS2_PLACEMENT_3D('',#14012,#11077,#11078);
#9617=AXIS2_PLACEMENT_3D('',#14014,#11079,#11080);
#9618=AXIS2_PLACEMENT_3D('',#14016,#11081,#11082);
#9619=AXIS2_PLACEMENT_3D('',#14018,#11083,#11084);
#9620=AXIS2_PLACEMENT_3D('',#14020,#11085,#11086);
#9621=AXIS2_PLACEMENT_3D('',#14022,#11087,#11088);
#9622=AXIS2_PLACEMENT_3D('',#14024,#11089,#11090);
#9623=AXIS2_PLACEMENT_3D('',#14026,#11091,#11092);
#9624=AXIS2_PLACEMENT_3D('',#14028,#11093,#11094);
#9625=AXIS2_PLACEMENT_3D('',#14030,#11095,#11096);
#9626=AXIS2_PLACEMENT_3D('',#14032,#11097,#11098);
#9627=AXIS2_PLACEMENT_3D('',#14034,#11099,#11100);
#9628=AXIS2_PLACEMENT_3D('',#14036,#11101,#11102);
#9629=AXIS2_PLACEMENT_3D('',#14038,#11103,#11104);
#9630=AXIS2_PLACEMENT_3D('',#14040,#11105,#11106);
#9631=AXIS2_PLACEMENT_3D('',#14042,#11107,#11108);
#9632=AXIS2_PLACEMENT_3D('',#14044,#11109,#11110);
#9633=AXIS2_PLACEMENT_3D('',#14046,#11111,#11112);
#9634=AXIS2_PLACEMENT_3D('',#14048,#11113,#11114);
#9635=AXIS2_PLACEMENT_3D('',#14050,#11115,#11116);
#9636=AXIS2_PLACEMENT_3D('',#14052,#11117,#11118);
#9637=AXIS2_PLACEMENT_3D('',#14054,#11119,#11120);
#9638=AXIS2_PLACEMENT_3D('',#14056,#11121,#11122);
#9639=AXIS2_PLACEMENT_3D('',#14058,#11123,#11124);
#9640=AXIS2_PLACEMENT_3D('',#14060,#11125,#11126);
#9641=AXIS2_PLACEMENT_3D('',#14062,#11127,#11128);
#9642=AXIS2_PLACEMENT_3D('',#14064,#11129,#11130);
#9643=AXIS2_PLACEMENT_3D('',#14066,#11131,#11132);
#9644=AXIS2_PLACEMENT_3D('',#14068,#11133,#11134);
#9645=AXIS2_PLACEMENT_3D('',#14070,#11135,#11136);
#9646=AXIS2_PLACEMENT_3D('',#14072,#11137,#11138);
#9647=AXIS2_PLACEMENT_3D('',#14074,#11139,#11140);
#9648=AXIS2_PLACEMENT_3D('',#14076,#11141,#11142);
#9649=AXIS2_PLACEMENT_3D('',#14078,#11143,#11144);
#9650=AXIS2_PLACEMENT_3D('',#14080,#11145,#11146);
#9651=AXIS2_PLACEMENT_3D('',#14082,#11147,#11148);
#9652=AXIS2_PLACEMENT_3D('',#14084,#11149,#11150);
#9653=AXIS2_PLACEMENT_3D('',#14086,#11151,#11152);
#9654=AXIS2_PLACEMENT_3D('',#14088,#11153,#11154);
#9655=AXIS2_PLACEMENT_3D('',#14090,#11155,#11156);
#9656=AXIS2_PLACEMENT_3D('',#14092,#11157,#11158);
#9657=AXIS2_PLACEMENT_3D('',#14094,#11159,#11160);
#9658=AXIS2_PLACEMENT_3D('',#14096,#11161,#11162);
#9659=AXIS2_PLACEMENT_3D('',#14098,#11163,#11164);
#9660=AXIS2_PLACEMENT_3D('',#14100,#11165,#11166);
#9661=AXIS2_PLACEMENT_3D('',#14102,#11167,#11168);
#9662=AXIS2_PLACEMENT_3D('',#14104,#11169,#11170);
#9663=AXIS2_PLACEMENT_3D('',#14106,#11171,#11172);
#9664=AXIS2_PLACEMENT_3D('',#14108,#11173,#11174);
#9665=AXIS2_PLACEMENT_3D('',#14110,#11175,#11176);
#9666=AXIS2_PLACEMENT_3D('',#14112,#11177,#11178);
#9667=AXIS2_PLACEMENT_3D('',#14114,#11179,#11180);
#9668=AXIS2_PLACEMENT_3D('',#14116,#11181,#11182);
#9669=AXIS2_PLACEMENT_3D('',#14118,#11183,#11184);
#9670=AXIS2_PLACEMENT_3D('',#14120,#11185,#11186);
#9671=AXIS2_PLACEMENT_3D('',#14122,#11187,#11188);
#9672=AXIS2_PLACEMENT_3D('',#14124,#11189,#11190);
#9673=AXIS2_PLACEMENT_3D('',#14126,#11191,#11192);
#9674=AXIS2_PLACEMENT_3D('',#14128,#11193,#11194);
#9675=AXIS2_PLACEMENT_3D('',#14130,#11195,#11196);
#9676=AXIS2_PLACEMENT_3D('',#14132,#11197,#11198);
#9677=AXIS2_PLACEMENT_3D('',#14134,#11199,#11200);
#9678=AXIS2_PLACEMENT_3D('',#14139,#11202,#11203);
#9679=AXIS2_PLACEMENT_3D('',#14143,#11205,#11206);
#9680=AXIS2_PLACEMENT_3D('',#14147,#11208,#11209);
#9681=AXIS2_PLACEMENT_3D('',#14150,#11211,#11212);
#9682=AXIS2_PLACEMENT_3D('',#14155,#11214,#11215);
#9683=AXIS2_PLACEMENT_3D('',#14159,#11217,#11218);
#9684=AXIS2_PLACEMENT_3D('',#14163,#11220,#11221);
#9685=AXIS2_PLACEMENT_3D('',#14166,#11223,#11224);
#9686=AXIS2_PLACEMENT_3D('',#14171,#11226,#11227);
#9687=AXIS2_PLACEMENT_3D('',#14175,#11229,#11230);
#9688=AXIS2_PLACEMENT_3D('',#14179,#11232,#11233);
#9689=AXIS2_PLACEMENT_3D('',#14182,#11235,#11236);
#9690=AXIS2_PLACEMENT_3D('',#14187,#11238,#11239);
#9691=AXIS2_PLACEMENT_3D('',#14191,#11241,#11242);
#9692=AXIS2_PLACEMENT_3D('',#14195,#11244,#11245);
#9693=AXIS2_PLACEMENT_3D('',#14198,#11247,#11248);
#9694=AXIS2_PLACEMENT_3D('',#14203,#11250,#11251);
#9695=AXIS2_PLACEMENT_3D('',#14207,#11253,#11254);
#9696=AXIS2_PLACEMENT_3D('',#14211,#11256,#11257);
#9697=AXIS2_PLACEMENT_3D('',#14214,#11259,#11260);
#9698=AXIS2_PLACEMENT_3D('',#14219,#11262,#11263);
#9699=AXIS2_PLACEMENT_3D('',#14223,#11265,#11266);
#9700=AXIS2_PLACEMENT_3D('',#14226,#11268,#11269);
#9701=AXIS2_PLACEMENT_3D('',#14231,#11271,#11272);
#9702=AXIS2_PLACEMENT_3D('',#14235,#11274,#11275);
#9703=AXIS2_PLACEMENT_3D('',#14239,#11277,#11278);
#9704=AXIS2_PLACEMENT_3D('',#14245,#11281,#11282);
#9705=AXIS2_PLACEMENT_3D('',#14249,#11284,#11285);
#9706=AXIS2_PLACEMENT_3D('',#14253,#11287,#11288);
#9707=AXIS2_PLACEMENT_3D('',#14254,#11289,#11290);
#9708=AXIS2_PLACEMENT_3D('',#14259,#11292,#11293);
#9709=AXIS2_PLACEMENT_3D('',#14263,#11295,#11296);
#9710=AXIS2_PLACEMENT_3D('',#14266,#11298,#11299);
#9711=AXIS2_PLACEMENT_3D('',#14271,#11301,#11302);
#9712=AXIS2_PLACEMENT_3D('',#14275,#11304,#11305);
#9713=AXIS2_PLACEMENT_3D('',#14279,#11307,#11308);
#9714=AXIS2_PLACEMENT_3D('',#14285,#11311,#11312);
#9715=AXIS2_PLACEMENT_3D('',#14289,#11314,#11315);
#9716=AXIS2_PLACEMENT_3D('',#14293,#11317,#11318);
#9717=AXIS2_PLACEMENT_3D('',#14297,#11320,#11321);
#9718=AXIS2_PLACEMENT_3D('',#14298,#11322,#11323);
#9719=AXIS2_PLACEMENT_3D('',#14303,#11325,#11326);
#9720=AXIS2_PLACEMENT_3D('',#14307,#11328,#11329);
#9721=AXIS2_PLACEMENT_3D('',#14311,#11331,#11332);
#9722=AXIS2_PLACEMENT_3D('',#14314,#11334,#11335);
#9723=AXIS2_PLACEMENT_3D('',#14319,#11337,#11338);
#9724=AXIS2_PLACEMENT_3D('',#14323,#11340,#11341);
#9725=AXIS2_PLACEMENT_3D('',#14327,#11343,#11344);
#9726=AXIS2_PLACEMENT_3D('',#14330,#11346,#11347);
#9727=AXIS2_PLACEMENT_3D('',#14335,#11349,#11350);
#9728=AXIS2_PLACEMENT_3D('',#14339,#11352,#11353);
#9729=AXIS2_PLACEMENT_3D('',#14343,#11355,#11356);
#9730=AXIS2_PLACEMENT_3D('',#14346,#11358,#11359);
#9731=AXIS2_PLACEMENT_3D('',#14351,#11361,#11362);
#9732=AXIS2_PLACEMENT_3D('',#14355,#11364,#11365);
#9733=AXIS2_PLACEMENT_3D('',#14359,#11367,#11368);
#9734=AXIS2_PLACEMENT_3D('',#14362,#11370,#11371);
#9735=AXIS2_PLACEMENT_3D('',#14367,#11373,#11374);
#9736=AXIS2_PLACEMENT_3D('',#14371,#11376,#11377);
#9737=AXIS2_PLACEMENT_3D('',#14375,#11379,#11380);
#9738=AXIS2_PLACEMENT_3D('',#14378,#11382,#11383);
#9739=AXIS2_PLACEMENT_3D('',#14383,#11385,#11386);
#9740=AXIS2_PLACEMENT_3D('',#14387,#11388,#11389);
#9741=AXIS2_PLACEMENT_3D('',#14391,#11391,#11392);
#9742=AXIS2_PLACEMENT_3D('',#14406,#11400,#11401);
#9743=AXIS2_PLACEMENT_3D('',#14411,#11403,#11404);
#9744=AXIS2_PLACEMENT_3D('',#14415,#11406,#11407);
#9745=AXIS2_PLACEMENT_3D('',#14419,#11409,#11410);
#9746=AXIS2_PLACEMENT_3D('',#14422,#11412,#11413);
#9747=AXIS2_PLACEMENT_3D('',#14427,#11415,#11416);
#9748=AXIS2_PLACEMENT_3D('',#14431,#11418,#11419);
#9749=AXIS2_PLACEMENT_3D('',#14435,#11421,#11422);
#9750=AXIS2_PLACEMENT_3D('',#14438,#11424,#11425);
#9751=AXIS2_PLACEMENT_3D('',#14443,#11427,#11428);
#9752=AXIS2_PLACEMENT_3D('',#14447,#11430,#11431);
#9753=AXIS2_PLACEMENT_3D('',#14450,#11433,#11434);
#9754=AXIS2_PLACEMENT_3D('',#14459,#11438,#11439);
#9755=AXIS2_PLACEMENT_3D('',#14467,#11443,#11444);
#9756=AXIS2_PLACEMENT_3D('',#14475,#11448,#11449);
#9757=AXIS2_PLACEMENT_3D('',#14482,#11453,#11454);
#9758=AXIS2_PLACEMENT_3D('',#14485,#11457,#11458);
#9759=AXIS2_PLACEMENT_3D('',#14488,#11461,#11462);
#9760=AXIS2_PLACEMENT_3D('',#14491,#11465,#11466);
#9761=AXIS2_PLACEMENT_3D('',#14494,#11469,#11470);
#9762=AXIS2_PLACEMENT_3D('',#14497,#11473,#11474);
#9763=AXIS2_PLACEMENT_3D('',#14499,#11476,#11477);
#9764=AXIS2_PLACEMENT_3D('',#14501,#11479,#11480);
#9765=AXIS2_PLACEMENT_3D('',#14503,#11482,#11483);
#9766=AXIS2_PLACEMENT_3D('',#14505,#11485,#11486);
#9767=AXIS2_PLACEMENT_3D('',#14506,#11487,#11488);
#9768=AXIS2_PLACEMENT_3D('',#14509,#11491,#11492);
#9769=AXIS2_PLACEMENT_3D('',#14512,#11495,#11496);
#9770=AXIS2_PLACEMENT_3D('',#14515,#11499,#11500);
#9771=AXIS2_PLACEMENT_3D('',#14518,#11503,#11504);
#9772=AXIS2_PLACEMENT_3D('',#14519,#11505,#11506);
#9773=AXIS2_PLACEMENT_3D('',#14520,#11507,#11508);
#9774=AXIS2_PLACEMENT_3D('',#14521,#11509,#11510);
#9775=AXIS2_PLACEMENT_3D('',#14522,#11511,#11512);
#9776=AXIS2_PLACEMENT_3D('',#14525,#11515,#11516);
#9777=AXIS2_PLACEMENT_3D('',#14528,#11519,#11520);
#9778=AXIS2_PLACEMENT_3D('',#14531,#11523,#11524);
#9779=AXIS2_PLACEMENT_3D('',#14534,#11527,#11528);
#9780=AXIS2_PLACEMENT_3D('',#14535,#11529,#11530);
#9781=AXIS2_PLACEMENT_3D('',#14536,#11531,#11532);
#9782=AXIS2_PLACEMENT_3D('',#14537,#11533,#11534);
#9783=AXIS2_PLACEMENT_3D('',#14538,#11535,#11536);
#9784=AXIS2_PLACEMENT_3D('',#14541,#11539,#11540);
#9785=AXIS2_PLACEMENT_3D('',#14544,#11543,#11544);
#9786=AXIS2_PLACEMENT_3D('',#14547,#11547,#11548);
#9787=AXIS2_PLACEMENT_3D('',#14550,#11551,#11552);
#9788=AXIS2_PLACEMENT_3D('',#14551,#11553,#11554);
#9789=AXIS2_PLACEMENT_3D('',#14552,#11555,#11556);
#9790=AXIS2_PLACEMENT_3D('',#14553,#11557,#11558);
#9791=AXIS2_PLACEMENT_3D('',#14554,#11559,#11560);
#9792=AXIS2_PLACEMENT_3D('',#14557,#11563,#11564);
#9793=AXIS2_PLACEMENT_3D('',#14560,#11567,#11568);
#9794=AXIS2_PLACEMENT_3D('',#14563,#11571,#11572);
#9795=AXIS2_PLACEMENT_3D('',#14566,#11575,#11576);
#9796=AXIS2_PLACEMENT_3D('',#14567,#11577,#11578);
#9797=AXIS2_PLACEMENT_3D('',#14568,#11579,#11580);
#9798=AXIS2_PLACEMENT_3D('',#14569,#11581,#11582);
#9799=AXIS2_PLACEMENT_3D('',#14570,#11583,#11584);
#9800=AXIS2_PLACEMENT_3D('',#14573,#11587,#11588);
#9801=AXIS2_PLACEMENT_3D('',#14576,#11591,#11592);
#9802=AXIS2_PLACEMENT_3D('',#14579,#11595,#11596);
#9803=AXIS2_PLACEMENT_3D('',#14582,#11599,#11600);
#9804=AXIS2_PLACEMENT_3D('',#14583,#11601,#11602);
#9805=AXIS2_PLACEMENT_3D('',#14584,#11603,#11604);
#9806=AXIS2_PLACEMENT_3D('',#14585,#11605,#11606);
#9807=AXIS2_PLACEMENT_3D('',#14586,#11607,#11608);
#9808=AXIS2_PLACEMENT_3D('',#14589,#11611,#11612);
#9809=AXIS2_PLACEMENT_3D('',#14592,#11615,#11616);
#9810=AXIS2_PLACEMENT_3D('',#14595,#11619,#11620);
#9811=AXIS2_PLACEMENT_3D('',#14598,#11623,#11624);
#9812=AXIS2_PLACEMENT_3D('',#14599,#11625,#11626);
#9813=AXIS2_PLACEMENT_3D('',#14600,#11627,#11628);
#9814=AXIS2_PLACEMENT_3D('',#14601,#11629,#11630);
#9815=AXIS2_PLACEMENT_3D('',#14602,#11631,#11632);
#9816=AXIS2_PLACEMENT_3D('',#14605,#11635,#11636);
#9817=AXIS2_PLACEMENT_3D('',#14608,#11639,#11640);
#9818=AXIS2_PLACEMENT_3D('',#14611,#11643,#11644);
#9819=AXIS2_PLACEMENT_3D('',#14614,#11647,#11648);
#9820=AXIS2_PLACEMENT_3D('',#14615,#11649,#11650);
#9821=AXIS2_PLACEMENT_3D('',#14616,#11651,#11652);
#9822=AXIS2_PLACEMENT_3D('',#14617,#11653,#11654);
#9823=AXIS2_PLACEMENT_3D('',#14618,#11655,#11656);
#9824=AXIS2_PLACEMENT_3D('',#14621,#11659,#11660);
#9825=AXIS2_PLACEMENT_3D('',#14624,#11663,#11664);
#9826=AXIS2_PLACEMENT_3D('',#14627,#11667,#11668);
#9827=AXIS2_PLACEMENT_3D('',#14630,#11671,#11672);
#9828=AXIS2_PLACEMENT_3D('',#14631,#11673,#11674);
#9829=AXIS2_PLACEMENT_3D('',#14632,#11675,#11676);
#9830=AXIS2_PLACEMENT_3D('',#14633,#11677,#11678);
#9831=AXIS2_PLACEMENT_3D('',#14634,#11679,#11680);
#9832=AXIS2_PLACEMENT_3D('',#14637,#11683,#11684);
#9833=AXIS2_PLACEMENT_3D('',#14640,#11687,#11688);
#9834=AXIS2_PLACEMENT_3D('',#14643,#11691,#11692);
#9835=AXIS2_PLACEMENT_3D('',#14646,#11695,#11696);
#9836=AXIS2_PLACEMENT_3D('',#14647,#11697,#11698);
#9837=AXIS2_PLACEMENT_3D('',#14648,#11699,#11700);
#9838=AXIS2_PLACEMENT_3D('',#14649,#11701,#11702);
#9839=AXIS2_PLACEMENT_3D('',#14650,#11703,#11704);
#9840=AXIS2_PLACEMENT_3D('',#14653,#11707,#11708);
#9841=AXIS2_PLACEMENT_3D('',#14656,#11711,#11712);
#9842=AXIS2_PLACEMENT_3D('',#14659,#11715,#11716);
#9843=AXIS2_PLACEMENT_3D('',#14662,#11719,#11720);
#9844=AXIS2_PLACEMENT_3D('',#14663,#11721,#11722);
#9845=AXIS2_PLACEMENT_3D('',#14664,#11723,#11724);
#9846=AXIS2_PLACEMENT_3D('',#14665,#11725,#11726);
#9847=AXIS2_PLACEMENT_3D('',#14666,#11727,#11728);
#9848=AXIS2_PLACEMENT_3D('',#14669,#11731,#11732);
#9849=AXIS2_PLACEMENT_3D('',#14672,#11735,#11736);
#9850=AXIS2_PLACEMENT_3D('',#14675,#11739,#11740);
#9851=AXIS2_PLACEMENT_3D('',#14676,#11741,#11742);
#9852=AXIS2_PLACEMENT_3D('',#14677,#11743,#11744);
#9853=AXIS2_PLACEMENT_3D('',#14678,#11745,#11746);
#9854=AXIS2_PLACEMENT_3D('',#14681,#11749,#11750);
#9855=AXIS2_PLACEMENT_3D('',#14684,#11753,#11754);
#9856=AXIS2_PLACEMENT_3D('',#14687,#11757,#11758);
#9857=AXIS2_PLACEMENT_3D('',#14688,#11759,#11760);
#9858=AXIS2_PLACEMENT_3D('',#14689,#11761,#11762);
#9859=AXIS2_PLACEMENT_3D('',#14690,#11763,#11764);
#9860=AXIS2_PLACEMENT_3D('',#14693,#11767,#11768);
#9861=AXIS2_PLACEMENT_3D('',#14696,#11771,#11772);
#9862=AXIS2_PLACEMENT_3D('',#14699,#11775,#11776);
#9863=AXIS2_PLACEMENT_3D('',#14702,#11779,#11780);
#9864=AXIS2_PLACEMENT_3D('',#14703,#11781,#11782);
#9865=AXIS2_PLACEMENT_3D('',#14704,#11783,#11784);
#9866=AXIS2_PLACEMENT_3D('',#14705,#11785,#11786);
#9867=AXIS2_PLACEMENT_3D('',#14706,#11787,#11788);
#9868=AXIS2_PLACEMENT_3D('',#14709,#11791,#11792);
#9869=AXIS2_PLACEMENT_3D('',#14712,#11795,#11796);
#9870=AXIS2_PLACEMENT_3D('',#14715,#11799,#11800);
#9871=AXIS2_PLACEMENT_3D('',#14716,#11801,#11802);
#9872=AXIS2_PLACEMENT_3D('',#14717,#11803,#11804);
#9873=AXIS2_PLACEMENT_3D('',#14718,#11805,#11806);
#9874=AXIS2_PLACEMENT_3D('',#14721,#11809,#11810);
#9875=AXIS2_PLACEMENT_3D('',#14724,#11813,#11814);
#9876=AXIS2_PLACEMENT_3D('',#14727,#11817,#11818);
#9877=AXIS2_PLACEMENT_3D('',#14730,#11821,#11822);
#9878=AXIS2_PLACEMENT_3D('',#14731,#11823,#11824);
#9879=AXIS2_PLACEMENT_3D('',#14732,#11825,#11826);
#9880=AXIS2_PLACEMENT_3D('',#14733,#11827,#11828);
#9881=AXIS2_PLACEMENT_3D('',#14734,#11829,#11830);
#9882=AXIS2_PLACEMENT_3D('',#14737,#11833,#11834);
#9883=AXIS2_PLACEMENT_3D('',#14740,#11837,#11838);
#9884=AXIS2_PLACEMENT_3D('',#14743,#11841,#11842);
#9885=AXIS2_PLACEMENT_3D('',#14746,#11845,#11846);
#9886=AXIS2_PLACEMENT_3D('',#14747,#11847,#11848);
#9887=AXIS2_PLACEMENT_3D('',#14748,#11849,#11850);
#9888=AXIS2_PLACEMENT_3D('',#14749,#11851,#11852);
#9889=AXIS2_PLACEMENT_3D('',#14750,#11853,#11854);
#9890=AXIS2_PLACEMENT_3D('',#14753,#11857,#11858);
#9891=AXIS2_PLACEMENT_3D('',#14756,#11861,#11862);
#9892=AXIS2_PLACEMENT_3D('',#14759,#11865,#11866);
#9893=AXIS2_PLACEMENT_3D('',#14762,#11869,#11870);
#9894=AXIS2_PLACEMENT_3D('',#14763,#11871,#11872);
#9895=AXIS2_PLACEMENT_3D('',#14764,#11873,#11874);
#9896=AXIS2_PLACEMENT_3D('',#14765,#11875,#11876);
#9897=AXIS2_PLACEMENT_3D('',#14766,#11877,#11878);
#9898=AXIS2_PLACEMENT_3D('',#14769,#11881,#11882);
#9899=AXIS2_PLACEMENT_3D('',#14772,#11885,#11886);
#9900=AXIS2_PLACEMENT_3D('',#14775,#11889,#11890);
#9901=AXIS2_PLACEMENT_3D('',#14778,#11893,#11894);
#9902=AXIS2_PLACEMENT_3D('',#14779,#11895,#11896);
#9903=AXIS2_PLACEMENT_3D('',#14780,#11897,#11898);
#9904=AXIS2_PLACEMENT_3D('',#14781,#11899,#11900);
#9905=AXIS2_PLACEMENT_3D('',#14782,#11901,#11902);
#9906=AXIS2_PLACEMENT_3D('',#14785,#11905,#11906);
#9907=AXIS2_PLACEMENT_3D('',#14788,#11909,#11910);
#9908=AXIS2_PLACEMENT_3D('',#14791,#11913,#11914);
#9909=AXIS2_PLACEMENT_3D('',#14792,#11915,#11916);
#9910=AXIS2_PLACEMENT_3D('',#14793,#11917,#11918);
#9911=AXIS2_PLACEMENT_3D('',#14794,#11919,#11920);
#9912=AXIS2_PLACEMENT_3D('',#14797,#11923,#11924);
#9913=AXIS2_PLACEMENT_3D('',#14800,#11927,#11928);
#9914=AXIS2_PLACEMENT_3D('',#14803,#11931,#11932);
#9915=AXIS2_PLACEMENT_3D('',#14806,#11935,#11936);
#9916=AXIS2_PLACEMENT_3D('',#14807,#11937,#11938);
#9917=AXIS2_PLACEMENT_3D('',#14808,#11939,#11940);
#9918=AXIS2_PLACEMENT_3D('',#14809,#11941,#11942);
#9919=AXIS2_PLACEMENT_3D('',#14810,#11943,#11944);
#9920=AXIS2_PLACEMENT_3D('',#14811,#11945,#11946);
#9921=AXIS2_PLACEMENT_3D('',#14812,#11947,#11948);
#9922=AXIS2_PLACEMENT_3D('',#14813,#11949,#11950);
#9923=AXIS2_PLACEMENT_3D('',#14814,#11951,#11952);
#9924=AXIS2_PLACEMENT_3D('',#14815,#11953,#11954);
#9925=AXIS2_PLACEMENT_3D('',#14816,#11955,#11956);
#9926=AXIS2_PLACEMENT_3D('',#14817,#11957,#11958);
#9927=AXIS2_PLACEMENT_3D('',#14818,#11959,#11960);
#9928=AXIS2_PLACEMENT_3D('',#14819,#11961,#11962);
#9929=AXIS2_PLACEMENT_3D('',#14820,#11963,#11964);
#9930=AXIS2_PLACEMENT_3D('',#14821,#11965,#11966);
#9931=AXIS2_PLACEMENT_3D('',#14822,#11967,#11968);
#9932=AXIS2_PLACEMENT_3D('',#14823,#11969,#11970);
#9933=AXIS2_PLACEMENT_3D('',#14824,#11971,#11972);
#9934=AXIS2_PLACEMENT_3D('',#14825,#11973,#11974);
#9935=AXIS2_PLACEMENT_3D('',#14826,#11975,#11976);
#9936=AXIS2_PLACEMENT_3D('',#14827,#11977,#11978);
#9937=AXIS2_PLACEMENT_3D('',#14828,#11979,#11980);
#9938=AXIS2_PLACEMENT_3D('',#14829,#11981,#11982);
#9939=AXIS2_PLACEMENT_3D('',#14830,#11983,#11984);
#9940=AXIS2_PLACEMENT_3D('',#14831,#11985,#11986);
#9941=AXIS2_PLACEMENT_3D('',#14832,#11987,#11988);
#9942=AXIS2_PLACEMENT_3D('',#14833,#11989,#11990);
#9943=AXIS2_PLACEMENT_3D('',#14834,#11991,#11992);
#9944=AXIS2_PLACEMENT_3D('',#14835,#11993,#11994);
#9945=AXIS2_PLACEMENT_3D('',#14836,#11995,#11996);
#9946=AXIS2_PLACEMENT_3D('',#14837,#11997,#11998);
#9947=AXIS2_PLACEMENT_3D('',#14838,#11999,#12000);
#9948=AXIS2_PLACEMENT_3D('',#14839,#12001,#12002);
#9949=AXIS2_PLACEMENT_3D('',#14840,#12003,#12004);
#9950=AXIS2_PLACEMENT_3D('',#14841,#12005,#12006);
#9951=AXIS2_PLACEMENT_3D('',#14842,#12007,#12008);
#9952=AXIS2_PLACEMENT_3D('',#14843,#12009,#12010);
#9953=AXIS2_PLACEMENT_3D('',#14844,#12011,#12012);
#9954=AXIS2_PLACEMENT_3D('',#14845,#12013,#12014);
#9955=AXIS2_PLACEMENT_3D('',#14846,#12015,#12016);
#9956=AXIS2_PLACEMENT_3D('',#14847,#12017,#12018);
#9957=AXIS2_PLACEMENT_3D('',#14848,#12019,#12020);
#9958=AXIS2_PLACEMENT_3D('',#14849,#12021,#12022);
#9959=AXIS2_PLACEMENT_3D('',#14850,#12023,#12024);
#9960=AXIS2_PLACEMENT_3D('',#14851,#12025,#12026);
#9961=AXIS2_PLACEMENT_3D('',#14852,#12027,#12028);
#9962=AXIS2_PLACEMENT_3D('',#14853,#12029,#12030);
#9963=AXIS2_PLACEMENT_3D('',#14854,#12031,#12032);
#9964=AXIS2_PLACEMENT_3D('',#14855,#12033,#12034);
#9965=AXIS2_PLACEMENT_3D('',#14856,#12035,#12036);
#9966=AXIS2_PLACEMENT_3D('',#14857,#12037,#12038);
#9967=AXIS2_PLACEMENT_3D('',#14858,#12039,#12040);
#9968=AXIS2_PLACEMENT_3D('',#14859,#12041,#12042);
#9969=AXIS2_PLACEMENT_3D('',#14860,#12043,#12044);
#9970=AXIS2_PLACEMENT_3D('',#14861,#12045,#12046);
#9971=AXIS2_PLACEMENT_3D('',#14862,#12047,#12048);
#9972=AXIS2_PLACEMENT_3D('',#14863,#12049,#12050);
#9973=AXIS2_PLACEMENT_3D('',#14864,#12051,#12052);
#9974=AXIS2_PLACEMENT_3D('',#14865,#12053,#12054);
#9975=AXIS2_PLACEMENT_3D('',#14866,#12055,#12056);
#9976=AXIS2_PLACEMENT_3D('',#14867,#12057,#12058);
#9977=AXIS2_PLACEMENT_3D('',#14868,#12059,#12060);
#9978=AXIS2_PLACEMENT_3D('',#14869,#12061,#12062);
#9979=AXIS2_PLACEMENT_3D('',#14870,#12063,#12064);
#9980=AXIS2_PLACEMENT_3D('',#14871,#12065,#12066);
#9981=AXIS2_PLACEMENT_3D('',#14872,#12067,#12068);
#9982=AXIS2_PLACEMENT_3D('',#14873,#12069,#12070);
#9983=AXIS2_PLACEMENT_3D('',#14874,#12071,#12072);
#9984=AXIS2_PLACEMENT_3D('',#14875,#12073,#12074);
#9985=AXIS2_PLACEMENT_3D('',#14876,#12075,#12076);
#9986=AXIS2_PLACEMENT_3D('',#14877,#12077,#12078);
#9987=AXIS2_PLACEMENT_3D('',#14878,#12079,#12080);
#9988=AXIS2_PLACEMENT_3D('',#14879,#12081,#12082);
#9989=AXIS2_PLACEMENT_3D('',#14880,#12083,#12084);
#9990=AXIS2_PLACEMENT_3D('',#14881,#12085,#12086);
#9991=AXIS2_PLACEMENT_3D('',#14882,#12087,#12088);
#9992=AXIS2_PLACEMENT_3D('',#14883,#12089,#12090);
#9993=AXIS2_PLACEMENT_3D('',#14884,#12091,#12092);
#9994=AXIS2_PLACEMENT_3D('',#14885,#12093,#12094);
#9995=AXIS2_PLACEMENT_3D('',#14886,#12095,#12096);
#9996=AXIS2_PLACEMENT_3D('',#14887,#12097,#12098);
#9997=AXIS2_PLACEMENT_3D('',#14888,#12099,#12100);
#9998=AXIS2_PLACEMENT_3D('',#14889,#12101,#12102);
#9999=AXIS2_PLACEMENT_3D('',#14890,#12103,#12104);
#10000=AXIS2_PLACEMENT_3D('',#14891,#12105,#12106);
#10001=AXIS2_PLACEMENT_3D('',#14892,#12107,#12108);
#10002=AXIS2_PLACEMENT_3D('',#14893,#12109,#12110);
#10003=AXIS2_PLACEMENT_3D('',#14894,#12111,#12112);
#10004=AXIS2_PLACEMENT_3D('',#14895,#12113,#12114);
#10005=AXIS2_PLACEMENT_3D('',#14896,#12115,#12116);
#10006=AXIS2_PLACEMENT_3D('',#14897,#12117,#12118);
#10007=AXIS2_PLACEMENT_3D('',#14898,#12119,#12120);
#10008=AXIS2_PLACEMENT_3D('',#14899,#12121,#12122);
#10009=AXIS2_PLACEMENT_3D('',#14900,#12123,#12124);
#10010=AXIS2_PLACEMENT_3D('',#14901,#12125,#12126);
#10011=AXIS2_PLACEMENT_3D('',#14902,#12127,#12128);
#10012=AXIS2_PLACEMENT_3D('',#14903,#12129,#12130);
#10013=AXIS2_PLACEMENT_3D('',#14904,#12131,#12132);
#10014=AXIS2_PLACEMENT_3D('',#14905,#12133,#12134);
#10015=AXIS2_PLACEMENT_3D('',#14906,#12135,#12136);
#10016=AXIS2_PLACEMENT_3D('',#14909,#12139,#12140);
#10017=AXIS2_PLACEMENT_3D('',#14910,#12141,#12142);
#10018=AXIS2_PLACEMENT_3D('',#14911,#12143,#12144);
#10019=AXIS2_PLACEMENT_3D('',#14914,#12147,#12148);
#10020=AXIS2_PLACEMENT_3D('',#14916,#12150,#12151);
#10021=AXIS2_PLACEMENT_3D('',#14918,#12153,#12154);
#10022=AXIS2_PLACEMENT_3D('',#14919,#12155,#12156);
#10023=AXIS2_PLACEMENT_3D('',#14922,#12159,#12160);
#10024=AXIS2_PLACEMENT_3D('',#14924,#12162,#12163);
#10025=AXIS2_PLACEMENT_3D('',#14926,#12165,#12166);
#10026=AXIS2_PLACEMENT_3D('',#14927,#12167,#12168);
#10027=AXIS2_PLACEMENT_3D('',#14930,#12171,#12172);
#10028=AXIS2_PLACEMENT_3D('',#14932,#12174,#12175);
#10029=AXIS2_PLACEMENT_3D('',#14934,#12177,#12178);
#10030=AXIS2_PLACEMENT_3D('',#14935,#12179,#12180);
#10031=AXIS2_PLACEMENT_3D('',#14938,#12183,#12184);
#10032=AXIS2_PLACEMENT_3D('',#14940,#12186,#12187);
#10033=AXIS2_PLACEMENT_3D('',#14942,#12189,#12190);
#10034=AXIS2_PLACEMENT_3D('',#14943,#12191,#12192);
#10035=AXIS2_PLACEMENT_3D('',#14946,#12195,#12196);
#10036=AXIS2_PLACEMENT_3D('',#14948,#12198,#12199);
#10037=AXIS2_PLACEMENT_3D('',#14950,#12201,#12202);
#10038=AXIS2_PLACEMENT_3D('',#14951,#12203,#12204);
#10039=AXIS2_PLACEMENT_3D('',#14954,#12207,#12208);
#10040=AXIS2_PLACEMENT_3D('',#14956,#12210,#12211);
#10041=AXIS2_PLACEMENT_3D('',#14958,#12213,#12214);
#10042=AXIS2_PLACEMENT_3D('',#14959,#12215,#12216);
#10043=AXIS2_PLACEMENT_3D('',#14962,#12219,#12220);
#10044=AXIS2_PLACEMENT_3D('',#14964,#12222,#12223);
#10045=AXIS2_PLACEMENT_3D('',#14966,#12225,#12226);
#10046=AXIS2_PLACEMENT_3D('',#14967,#12227,#12228);
#10047=AXIS2_PLACEMENT_3D('',#14970,#12231,#12232);
#10048=AXIS2_PLACEMENT_3D('',#14972,#12234,#12235);
#10049=AXIS2_PLACEMENT_3D('',#14974,#12237,#12238);
#10050=AXIS2_PLACEMENT_3D('',#14975,#12239,#12240);
#10051=AXIS2_PLACEMENT_3D('',#14978,#12243,#12244);
#10052=AXIS2_PLACEMENT_3D('',#14980,#12246,#12247);
#10053=AXIS2_PLACEMENT_3D('',#14982,#12249,#12250);
#10054=AXIS2_PLACEMENT_3D('',#14983,#12251,#12252);
#10055=AXIS2_PLACEMENT_3D('',#14986,#12255,#12256);
#10056=AXIS2_PLACEMENT_3D('',#14988,#12258,#12259);
#10057=AXIS2_PLACEMENT_3D('',#14990,#12261,#12262);
#10058=AXIS2_PLACEMENT_3D('',#14991,#12263,#12264);
#10059=AXIS2_PLACEMENT_3D('',#14994,#12267,#12268);
#10060=AXIS2_PLACEMENT_3D('',#14996,#12270,#12271);
#10061=AXIS2_PLACEMENT_3D('',#14998,#12273,#12274);
#10062=AXIS2_PLACEMENT_3D('',#14999,#12275,#12276);
#10063=AXIS2_PLACEMENT_3D('',#15002,#12279,#12280);
#10064=AXIS2_PLACEMENT_3D('',#15003,#12281,#12282);
#10065=AXIS2_PLACEMENT_3D('',#15004,#12283,#12284);
#10066=AXIS2_PLACEMENT_3D('',#15007,#12287,#12288);
#10067=AXIS2_PLACEMENT_3D('',#15009,#12290,#12291);
#10068=AXIS2_PLACEMENT_3D('',#15011,#12293,#12294);
#10069=AXIS2_PLACEMENT_3D('',#15012,#12295,#12296);
#10070=AXIS2_PLACEMENT_3D('',#15015,#12299,#12300);
#10071=AXIS2_PLACEMENT_3D('',#15017,#12302,#12303);
#10072=AXIS2_PLACEMENT_3D('',#15019,#12305,#12306);
#10073=AXIS2_PLACEMENT_3D('',#15020,#12307,#12308);
#10074=AXIS2_PLACEMENT_3D('',#15023,#12311,#12312);
#10075=AXIS2_PLACEMENT_3D('',#15025,#12314,#12315);
#10076=AXIS2_PLACEMENT_3D('',#15027,#12317,#12318);
#10077=AXIS2_PLACEMENT_3D('',#15028,#12319,#12320);
#10078=AXIS2_PLACEMENT_3D('',#15031,#12323,#12324);
#10079=AXIS2_PLACEMENT_3D('',#15033,#12326,#12327);
#10080=AXIS2_PLACEMENT_3D('',#15035,#12329,#12330);
#10081=AXIS2_PLACEMENT_3D('',#15036,#12331,#12332);
#10082=AXIS2_PLACEMENT_3D('',#15039,#12335,#12336);
#10083=AXIS2_PLACEMENT_3D('',#15041,#12338,#12339);
#10084=AXIS2_PLACEMENT_3D('',#15043,#12341,#12342);
#10085=AXIS2_PLACEMENT_3D('',#15044,#12343,#12344);
#10086=AXIS2_PLACEMENT_3D('',#15047,#12347,#12348);
#10087=AXIS2_PLACEMENT_3D('',#15049,#12350,#12351);
#10088=AXIS2_PLACEMENT_3D('',#15051,#12353,#12354);
#10089=AXIS2_PLACEMENT_3D('',#15052,#12355,#12356);
#10090=AXIS2_PLACEMENT_3D('',#15055,#12359,#12360);
#10091=AXIS2_PLACEMENT_3D('',#15057,#12362,#12363);
#10092=AXIS2_PLACEMENT_3D('',#15059,#12365,#12366);
#10093=AXIS2_PLACEMENT_3D('',#15060,#12367,#12368);
#10094=AXIS2_PLACEMENT_3D('',#15063,#12371,#12372);
#10095=AXIS2_PLACEMENT_3D('',#15065,#12374,#12375);
#10096=AXIS2_PLACEMENT_3D('',#15067,#12377,#12378);
#10097=AXIS2_PLACEMENT_3D('',#15068,#12379,#12380);
#10098=AXIS2_PLACEMENT_3D('',#15071,#12383,#12384);
#10099=AXIS2_PLACEMENT_3D('',#15073,#12386,#12387);
#10100=AXIS2_PLACEMENT_3D('',#15075,#12389,#12390);
#10101=AXIS2_PLACEMENT_3D('',#15076,#12391,#12392);
#10102=AXIS2_PLACEMENT_3D('',#15079,#12395,#12396);
#10103=AXIS2_PLACEMENT_3D('',#15081,#12398,#12399);
#10104=AXIS2_PLACEMENT_3D('',#15083,#12401,#12402);
#10105=AXIS2_PLACEMENT_3D('',#15084,#12403,#12404);
#10106=AXIS2_PLACEMENT_3D('',#15087,#12407,#12408);
#10107=AXIS2_PLACEMENT_3D('',#15089,#12410,#12411);
#10108=AXIS2_PLACEMENT_3D('',#15091,#12413,#12414);
#10109=AXIS2_PLACEMENT_3D('',#15092,#12415,#12416);
#10110=AXIS2_PLACEMENT_3D('',#15095,#12419,#12420);
#10111=AXIS2_PLACEMENT_3D('',#15096,#12421,#12422);
#10112=AXIS2_PLACEMENT_3D('',#15097,#12423,#12424);
#10113=AXIS2_PLACEMENT_3D('',#15100,#12427,#12428);
#10114=AXIS2_PLACEMENT_3D('',#15102,#12430,#12431);
#10115=AXIS2_PLACEMENT_3D('',#15104,#12433,#12434);
#10116=AXIS2_PLACEMENT_3D('',#15105,#12435,#12436);
#10117=AXIS2_PLACEMENT_3D('',#15108,#12439,#12440);
#10118=AXIS2_PLACEMENT_3D('',#15110,#12442,#12443);
#10119=AXIS2_PLACEMENT_3D('',#15112,#12445,#12446);
#10120=AXIS2_PLACEMENT_3D('',#15113,#12447,#12448);
#10121=AXIS2_PLACEMENT_3D('',#15116,#12451,#12452);
#10122=AXIS2_PLACEMENT_3D('',#15118,#12454,#12455);
#10123=AXIS2_PLACEMENT_3D('',#15120,#12457,#12458);
#10124=AXIS2_PLACEMENT_3D('',#15121,#12459,#12460);
#10125=AXIS2_PLACEMENT_3D('',#15124,#12463,#12464);
#10126=AXIS2_PLACEMENT_3D('',#15126,#12466,#12467);
#10127=AXIS2_PLACEMENT_3D('',#15128,#12469,#12470);
#10128=AXIS2_PLACEMENT_3D('',#15129,#12471,#12472);
#10129=AXIS2_PLACEMENT_3D('',#15132,#12475,#12476);
#10130=AXIS2_PLACEMENT_3D('',#15134,#12478,#12479);
#10131=AXIS2_PLACEMENT_3D('',#15136,#12481,#12482);
#10132=AXIS2_PLACEMENT_3D('',#15137,#12483,#12484);
#10133=AXIS2_PLACEMENT_3D('',#15140,#12487,#12488);
#10134=AXIS2_PLACEMENT_3D('',#15142,#12490,#12491);
#10135=AXIS2_PLACEMENT_3D('',#15144,#12493,#12494);
#10136=AXIS2_PLACEMENT_3D('',#15145,#12495,#12496);
#10137=AXIS2_PLACEMENT_3D('',#15148,#12499,#12500);
#10138=AXIS2_PLACEMENT_3D('',#15150,#12502,#12503);
#10139=AXIS2_PLACEMENT_3D('',#15152,#12505,#12506);
#10140=AXIS2_PLACEMENT_3D('',#15153,#12507,#12508);
#10141=AXIS2_PLACEMENT_3D('',#15156,#12511,#12512);
#10142=AXIS2_PLACEMENT_3D('',#15158,#12514,#12515);
#10143=AXIS2_PLACEMENT_3D('',#15160,#12517,#12518);
#10144=AXIS2_PLACEMENT_3D('',#15161,#12519,#12520);
#10145=AXIS2_PLACEMENT_3D('',#15164,#12523,#12524);
#10146=AXIS2_PLACEMENT_3D('',#15166,#12526,#12527);
#10147=AXIS2_PLACEMENT_3D('',#15168,#12529,#12530);
#10148=AXIS2_PLACEMENT_3D('',#15169,#12531,#12532);
#10149=AXIS2_PLACEMENT_3D('',#15172,#12535,#12536);
#10150=AXIS2_PLACEMENT_3D('',#15174,#12538,#12539);
#10151=AXIS2_PLACEMENT_3D('',#15176,#12541,#12542);
#10152=AXIS2_PLACEMENT_3D('',#15177,#12543,#12544);
#10153=AXIS2_PLACEMENT_3D('',#15180,#12547,#12548);
#10154=AXIS2_PLACEMENT_3D('',#15182,#12550,#12551);
#10155=AXIS2_PLACEMENT_3D('',#15184,#12553,#12554);
#10156=AXIS2_PLACEMENT_3D('',#15185,#12555,#12556);
#10157=AXIS2_PLACEMENT_3D('',#15188,#12559,#12560);
#10158=AXIS2_PLACEMENT_3D('',#15189,#12561,#12562);
#10159=AXIS2_PLACEMENT_3D('',#15190,#12563,#12564);
#10160=AXIS2_PLACEMENT_3D('',#15193,#12567,#12568);
#10161=AXIS2_PLACEMENT_3D('',#15195,#12570,#12571);
#10162=AXIS2_PLACEMENT_3D('',#15197,#12573,#12574);
#10163=AXIS2_PLACEMENT_3D('',#15198,#12575,#12576);
#10164=AXIS2_PLACEMENT_3D('',#15201,#12579,#12580);
#10165=AXIS2_PLACEMENT_3D('',#15203,#12582,#12583);
#10166=AXIS2_PLACEMENT_3D('',#15205,#12585,#12586);
#10167=AXIS2_PLACEMENT_3D('',#15206,#12587,#12588);
#10168=AXIS2_PLACEMENT_3D('',#15209,#12591,#12592);
#10169=AXIS2_PLACEMENT_3D('',#15211,#12594,#12595);
#10170=AXIS2_PLACEMENT_3D('',#15213,#12597,#12598);
#10171=AXIS2_PLACEMENT_3D('',#15214,#12599,#12600);
#10172=AXIS2_PLACEMENT_3D('',#15217,#12603,#12604);
#10173=AXIS2_PLACEMENT_3D('',#15219,#12606,#12607);
#10174=AXIS2_PLACEMENT_3D('',#15221,#12609,#12610);
#10175=AXIS2_PLACEMENT_3D('',#15222,#12611,#12612);
#10176=AXIS2_PLACEMENT_3D('',#15225,#12615,#12616);
#10177=AXIS2_PLACEMENT_3D('',#15227,#12618,#12619);
#10178=AXIS2_PLACEMENT_3D('',#15229,#12621,#12622);
#10179=AXIS2_PLACEMENT_3D('',#15230,#12623,#12624);
#10180=AXIS2_PLACEMENT_3D('',#15233,#12627,#12628);
#10181=AXIS2_PLACEMENT_3D('',#15235,#12630,#12631);
#10182=AXIS2_PLACEMENT_3D('',#15237,#12633,#12634);
#10183=AXIS2_PLACEMENT_3D('',#15238,#12635,#12636);
#10184=AXIS2_PLACEMENT_3D('',#15241,#12639,#12640);
#10185=AXIS2_PLACEMENT_3D('',#15243,#12642,#12643);
#10186=AXIS2_PLACEMENT_3D('',#15245,#12645,#12646);
#10187=AXIS2_PLACEMENT_3D('',#15246,#12647,#12648);
#10188=AXIS2_PLACEMENT_3D('',#15249,#12651,#12652);
#10189=AXIS2_PLACEMENT_3D('',#15251,#12654,#12655);
#10190=AXIS2_PLACEMENT_3D('',#15253,#12657,#12658);
#10191=AXIS2_PLACEMENT_3D('',#15254,#12659,#12660);
#10192=AXIS2_PLACEMENT_3D('',#15257,#12663,#12664);
#10193=AXIS2_PLACEMENT_3D('',#15259,#12666,#12667);
#10194=AXIS2_PLACEMENT_3D('',#15261,#12669,#12670);
#10195=AXIS2_PLACEMENT_3D('',#15262,#12671,#12672);
#10196=AXIS2_PLACEMENT_3D('',#15265,#12675,#12676);
#10197=AXIS2_PLACEMENT_3D('',#15267,#12678,#12679);
#10198=AXIS2_PLACEMENT_3D('',#15269,#12681,#12682);
#10199=AXIS2_PLACEMENT_3D('',#15270,#12683,#12684);
#10200=AXIS2_PLACEMENT_3D('',#15273,#12687,#12688);
#10201=AXIS2_PLACEMENT_3D('',#15275,#12690,#12691);
#10202=AXIS2_PLACEMENT_3D('',#15277,#12693,#12694);
#10203=DIRECTION('',(0.,0.,1.));
#10204=DIRECTION('',(1.,0.,0.));
#10205=DIRECTION('',(0.,0.,1.));
#10206=DIRECTION('',(1.,0.,0.));
#10207=DIRECTION('',(0.866025403784439,0.5,0.));
#10208=DIRECTION('',(-0.5,0.866025403784438,0.));
#10209=DIRECTION('',(0.866025403784439,0.5,0.));
#10210=DIRECTION('',(-0.5,0.866025403784438,0.));
#10211=DIRECTION('',(0.866025403784438,0.5,0.));
#10212=DIRECTION('',(-0.5,0.866025403784438,0.));
#10213=DIRECTION('',(0.866025403784438,0.5,0.));
#10214=DIRECTION('',(-0.5,0.866025403784438,0.));
#10215=DIRECTION('',(0.866025403784439,0.5,0.));
#10216=DIRECTION('',(-0.5,0.866025403784439,0.));
#10217=DIRECTION('',(0.866025403784438,0.5,0.));
#10218=DIRECTION('',(-0.5,0.866025403784439,0.));
#10219=DIRECTION('',(0.866025403784439,0.5,0.));
#10220=DIRECTION('',(-0.5,0.866025403784438,0.));
#10221=DIRECTION('',(0.866025403784439,0.5,0.));
#10222=DIRECTION('',(-0.5,0.866025403784438,0.));
#10223=DIRECTION('',(0.866025403784439,0.5,0.));
#10224=DIRECTION('',(-0.5,0.866025403784438,0.));
#10225=DIRECTION('',(0.866025403784439,0.5,0.));
#10226=DIRECTION('',(-0.5,0.866025403784438,0.));
#10227=DIRECTION('',(0.866025403784439,0.5,0.));
#10228=DIRECTION('',(-0.5,0.866025403784438,0.));
#10229=DIRECTION('',(0.866025403784439,0.5,0.));
#10230=DIRECTION('',(-0.5,0.866025403784438,0.));
#10231=DIRECTION('',(0.866025403784439,0.5,0.));
#10232=DIRECTION('',(-0.5,0.866025403784438,0.));
#10233=DIRECTION('',(0.866025403784439,0.5,0.));
#10234=DIRECTION('',(-0.5,0.866025403784438,0.));
#10235=DIRECTION('',(-0.866025403784439,-0.5,0.));
#10236=DIRECTION('',(0.5,-0.866025403784437,0.));
#10237=DIRECTION('',(-0.866025403784439,-0.5,0.));
#10238=DIRECTION('',(0.5,-0.866025403784437,0.));
#10239=DIRECTION('',(-0.866025403784439,-0.5,0.));
#10240=DIRECTION('',(0.5,-0.86602540378444,0.));
#10241=DIRECTION('',(-0.866025403784439,-0.5,0.));
#10242=DIRECTION('',(0.5,-0.86602540378444,0.));
#10243=DIRECTION('',(-0.866025403784439,-0.5,0.));
#10244=DIRECTION('',(0.5,-0.866025403784438,0.));
#10245=DIRECTION('',(-0.866025403784439,-0.5,0.));
#10246=DIRECTION('',(0.5,-0.866025403784439,0.));
#10247=DIRECTION('',(-0.866025403784439,-0.5,0.));
#10248=DIRECTION('',(0.5,-0.866025403784439,0.));
#10249=DIRECTION('',(-0.866025403784439,-0.5,0.));
#10250=DIRECTION('',(0.5,-0.866025403784439,0.));
#10251=DIRECTION('',(0.866025403784439,-0.5,0.));
#10252=DIRECTION('',(0.5,0.866025403784439,0.));
#10253=DIRECTION('',(0.866025403784439,-0.5,0.));
#10254=DIRECTION('',(0.5,0.866025403784439,0.));
#10255=DIRECTION('',(0.866025403784439,-0.5,0.));
#10256=DIRECTION('',(0.5,0.866025403784439,0.));
#10257=DIRECTION('',(0.866025403784439,-0.5,0.));
#10258=DIRECTION('',(0.5,0.866025403784439,0.));
#10259=DIRECTION('',(0.866025403784439,-0.5,0.));
#10260=DIRECTION('',(0.5,0.86602540378444,0.));
#10261=DIRECTION('',(0.866025403784439,-0.5,0.));
#10262=DIRECTION('',(0.5,0.866025403784439,0.));
#10263=DIRECTION('',(0.866025403784439,-0.5,0.));
#10264=DIRECTION('',(0.5,0.86602540378444,0.));
#10265=DIRECTION('',(0.866025403784439,-0.5,0.));
#10266=DIRECTION('',(0.5,0.86602540378444,0.));
#10267=DIRECTION('',(0.866025403784439,-0.5,0.));
#10268=DIRECTION('',(0.5,0.866025403784439,0.));
#10269=DIRECTION('',(0.866025403784439,-0.5,0.));
#10270=DIRECTION('',(0.5,0.866025403784439,0.));
#10271=DIRECTION('',(0.866025403784439,-0.5,0.));
#10272=DIRECTION('',(0.5,0.866025403784436,0.));
#10273=DIRECTION('',(0.866025403784439,-0.5,0.));
#10274=DIRECTION('',(0.5,0.866025403784436,0.));
#10275=DIRECTION('',(0.866025403784439,-0.5,0.));
#10276=DIRECTION('',(0.5,0.86602540378444,0.));
#10277=DIRECTION('',(0.866025403784439,-0.5,0.));
#10278=DIRECTION('',(0.5,0.866025403784436,0.));
#10279=DIRECTION('',(-0.866025403784439,0.5,0.));
#10280=DIRECTION('',(-0.5,-0.866025403784438,0.));
#10281=DIRECTION('',(-0.866025403784439,0.5,0.));
#10282=DIRECTION('',(-0.5,-0.866025403784438,0.));
#10283=DIRECTION('',(-0.866025403784439,0.5,0.));
#10284=DIRECTION('',(-0.5,-0.866025403784438,0.));
#10285=DIRECTION('',(-0.866025403784439,0.5,0.));
#10286=DIRECTION('',(-0.5,-0.866025403784439,0.));
#10287=DIRECTION('',(-0.866025403784439,0.5,0.));
#10288=DIRECTION('',(-0.5,-0.866025403784442,0.));
#10289=DIRECTION('',(-0.866025403784439,0.5,0.));
#10290=DIRECTION('',(-0.5,-0.866025403784442,0.));
#10291=DIRECTION('',(-0.866025403784439,0.5,0.));
#10292=DIRECTION('',(-0.5,-0.866025403784439,0.));
#10293=DIRECTION('',(-0.866025403784439,0.5,0.));
#10294=DIRECTION('',(-0.5,-0.866025403784439,0.));
#10295=DIRECTION('',(-0.866025403784439,0.5,0.));
#10296=DIRECTION('',(-0.5,-0.866025403784442,0.));
#10297=DIRECTION('',(-0.866025403784439,0.5,0.));
#10298=DIRECTION('',(-0.5,-0.866025403784442,0.));
#10299=DIRECTION('',(-0.866025403784439,0.5,0.));
#10300=DIRECTION('',(-0.5,-0.866025403784442,0.));
#10301=DIRECTION('',(-0.866025403784439,0.5,0.));
#10302=DIRECTION('',(-0.5,-0.866025403784442,0.));
#10303=DIRECTION('',(-0.866025403784438,0.5,0.));
#10304=DIRECTION('',(-0.5,-0.866025403784439,0.));
#10305=DIRECTION('',(-0.866025403784438,0.5,0.));
#10306=DIRECTION('',(-0.5,-0.866025403784439,0.));
#10307=DIRECTION('',(-0.866025403784438,0.5,0.));
#10308=DIRECTION('',(-0.5,-0.866025403784438,0.));
#10309=DIRECTION('',(-0.866025403784439,0.5,0.));
#10310=DIRECTION('',(-0.5,-0.866025403784438,0.));
#10311=DIRECTION('',(-0.866025403784439,0.5,0.));
#10312=DIRECTION('',(-0.5,-0.866025403784439,0.));
#10313=DIRECTION('',(-0.866025403784439,0.5,0.));
#10314=DIRECTION('',(-0.5,-0.866025403784439,0.));
#10315=DIRECTION('',(-0.866025403784439,0.5,0.));
#10316=DIRECTION('',(-0.5,-0.866025403784438,0.));
#10317=DIRECTION('',(-0.866025403784439,0.5,0.));
#10318=DIRECTION('',(-0.5,-0.866025403784438,0.));
#10319=DIRECTION('',(-0.866025403784439,0.5,0.));
#10320=DIRECTION('',(-0.5,-0.866025403784439,0.));
#10321=DIRECTION('',(-0.866025403784439,0.5,0.));
#10322=DIRECTION('',(-0.5,-0.866025403784439,0.));
#10323=DIRECTION('',(0.,0.,1.));
#10324=DIRECTION('',(1.,0.,0.));
#10325=DIRECTION('',(0.,0.,1.));
#10326=DIRECTION('',(1.,0.,0.));
#10327=DIRECTION('',(0.,0.,1.));
#10328=DIRECTION('',(1.,0.,0.));
#10329=DIRECTION('',(0.,0.,1.));
#10330=DIRECTION('',(1.,0.,0.));
#10331=DIRECTION('',(0.,0.,1.));
#10332=DIRECTION('',(1.,0.,0.));
#10333=DIRECTION('',(0.,0.,1.));
#10334=DIRECTION('',(1.,0.,0.));
#10335=DIRECTION('',(0.,0.,1.));
#10336=DIRECTION('',(1.,0.,0.));
#10337=DIRECTION('',(0.,0.,1.));
#10338=DIRECTION('',(1.,0.,0.));
#10339=DIRECTION('',(0.,0.,1.));
#10340=DIRECTION('',(1.,0.,0.));
#10341=DIRECTION('',(0.,0.,1.));
#10342=DIRECTION('',(1.,0.,0.));
#10343=DIRECTION('',(0.,0.,1.));
#10344=DIRECTION('',(1.,0.,0.));
#10345=DIRECTION('',(0.,0.,1.));
#10346=DIRECTION('',(1.,0.,0.));
#10347=DIRECTION('',(0.,0.,1.));
#10348=DIRECTION('',(1.,0.,0.));
#10349=DIRECTION('',(0.,0.,1.));
#10350=DIRECTION('',(1.,0.,0.));
#10351=DIRECTION('',(0.,0.,1.));
#10352=DIRECTION('',(1.,0.,0.));
#10353=DIRECTION('',(0.,0.,1.));
#10354=DIRECTION('',(1.,0.,0.));
#10355=DIRECTION('',(0.,0.,1.));
#10356=DIRECTION('',(1.,0.,0.));
#10357=DIRECTION('',(0.,0.,1.));
#10358=DIRECTION('',(1.,0.,0.));
#10359=DIRECTION('',(0.,0.,1.));
#10360=DIRECTION('',(1.,0.,0.));
#10361=DIRECTION('',(0.,0.,1.));
#10362=DIRECTION('',(1.,0.,0.));
#10363=DIRECTION('',(0.,0.,1.));
#10364=DIRECTION('',(1.,0.,0.));
#10365=DIRECTION('',(0.,0.,1.));
#10366=DIRECTION('',(1.,0.,0.));
#10367=DIRECTION('',(0.,0.,1.));
#10368=DIRECTION('',(1.,0.,0.));
#10369=DIRECTION('',(0.,0.,1.));
#10370=DIRECTION('',(1.,0.,0.));
#10371=DIRECTION('',(0.,0.,1.));
#10372=DIRECTION('',(1.,0.,0.));
#10373=DIRECTION('',(0.,0.,1.));
#10374=DIRECTION('',(1.,0.,0.));
#10375=DIRECTION('',(0.,0.,1.));
#10376=DIRECTION('',(1.,0.,0.));
#10377=DIRECTION('',(0.,0.,1.));
#10378=DIRECTION('',(1.,0.,0.));
#10379=DIRECTION('',(0.,0.,1.));
#10380=DIRECTION('',(1.,0.,0.));
#10381=DIRECTION('',(0.,0.,1.));
#10382=DIRECTION('',(1.,0.,0.));
#10383=DIRECTION('',(0.,0.,1.));
#10384=DIRECTION('',(1.,0.,0.));
#10385=DIRECTION('',(0.,0.,1.));
#10386=DIRECTION('',(1.,0.,0.));
#10387=DIRECTION('',(0.,0.,1.));
#10388=DIRECTION('',(1.,0.,0.));
#10389=DIRECTION('',(0.,0.,1.));
#10390=DIRECTION('',(1.,0.,0.));
#10391=DIRECTION('',(0.,0.,1.));
#10392=DIRECTION('',(1.,0.,0.));
#10393=DIRECTION('',(0.,0.,1.));
#10394=DIRECTION('',(1.,0.,0.));
#10395=DIRECTION('',(0.,0.,1.));
#10396=DIRECTION('',(1.,0.,0.));
#10397=DIRECTION('',(0.,0.,1.));
#10398=DIRECTION('',(1.,0.,0.));
#10399=DIRECTION('',(0.,0.,1.));
#10400=DIRECTION('',(1.,0.,0.));
#10401=DIRECTION('',(0.,0.,1.));
#10402=DIRECTION('',(1.,0.,0.));
#10403=DIRECTION('',(0.,0.,1.));
#10404=DIRECTION('',(1.,0.,0.));
#10405=DIRECTION('',(0.,0.,1.));
#10406=DIRECTION('',(1.,0.,0.));
#10407=DIRECTION('',(0.,0.,1.));
#10408=DIRECTION('',(1.,0.,0.));
#10409=DIRECTION('',(0.,0.,1.));
#10410=DIRECTION('',(1.,0.,0.));
#10411=DIRECTION('',(0.,0.,1.));
#10412=DIRECTION('',(1.,0.,0.));
#10413=DIRECTION('',(0.,0.,1.));
#10414=DIRECTION('',(1.,0.,0.));
#10415=DIRECTION('',(0.,0.,1.));
#10416=DIRECTION('',(1.,0.,0.));
#10417=DIRECTION('',(0.,0.,1.));
#10418=DIRECTION('',(1.,0.,0.));
#10419=DIRECTION('',(0.,0.,1.));
#10420=DIRECTION('',(1.,0.,0.));
#10421=DIRECTION('',(0.,0.,1.));
#10422=DIRECTION('',(1.,0.,0.));
#10423=DIRECTION('',(0.,0.,1.));
#10424=DIRECTION('',(1.,0.,0.));
#10425=DIRECTION('',(0.,0.,1.));
#10426=DIRECTION('',(1.,0.,0.));
#10427=DIRECTION('',(0.,0.,1.));
#10428=DIRECTION('',(1.,0.,0.));
#10429=DIRECTION('',(0.,0.,1.));
#10430=DIRECTION('',(1.,0.,0.));
#10431=DIRECTION('',(0.,0.,1.));
#10432=DIRECTION('',(1.,0.,0.));
#10433=DIRECTION('',(0.,0.,1.));
#10434=DIRECTION('',(1.,0.,0.));
#10435=DIRECTION('',(0.,0.,1.));
#10436=DIRECTION('',(1.,0.,0.));
#10437=DIRECTION('',(0.,0.,1.));
#10438=DIRECTION('',(1.,0.,0.));
#10439=DIRECTION('',(0.,0.,1.));
#10440=DIRECTION('',(1.,0.,0.));
#10441=DIRECTION('',(0.,0.,1.));
#10442=DIRECTION('',(1.,0.,0.));
#10443=DIRECTION('',(0.,0.,1.));
#10444=DIRECTION('',(1.,0.,0.));
#10445=DIRECTION('',(0.,0.,1.));
#10446=DIRECTION('',(1.,0.,0.));
#10447=DIRECTION('',(0.,0.,1.));
#10448=DIRECTION('',(1.,0.,0.));
#10449=DIRECTION('',(0.,0.,1.));
#10450=DIRECTION('',(1.,0.,0.));
#10451=DIRECTION('',(0.,0.,1.));
#10452=DIRECTION('',(1.,0.,0.));
#10453=DIRECTION('',(0.,0.,1.));
#10454=DIRECTION('',(1.,0.,0.));
#10455=DIRECTION('',(0.,0.,1.));
#10456=DIRECTION('',(1.,0.,0.));
#10457=DIRECTION('',(0.,0.,1.));
#10458=DIRECTION('',(1.,0.,0.));
#10459=DIRECTION('',(0.,0.,1.));
#10460=DIRECTION('',(1.,0.,0.));
#10461=DIRECTION('',(0.,0.,1.));
#10462=DIRECTION('',(1.,0.,0.));
#10463=DIRECTION('',(0.,0.,1.));
#10464=DIRECTION('',(1.,0.,0.));
#10465=DIRECTION('',(0.,0.,1.));
#10466=DIRECTION('',(1.,0.,0.));
#10467=DIRECTION('',(0.,0.,1.));
#10468=DIRECTION('',(1.,0.,0.));
#10469=DIRECTION('',(0.,0.,1.));
#10470=DIRECTION('',(1.,0.,0.));
#10471=DIRECTION('',(0.,0.,1.));
#10472=DIRECTION('',(1.,0.,0.));
#10473=DIRECTION('',(0.,0.,1.));
#10474=DIRECTION('',(1.,0.,0.));
#10475=DIRECTION('',(0.,0.,1.));
#10476=DIRECTION('',(1.,0.,0.));
#10477=DIRECTION('',(0.,0.,1.));
#10478=DIRECTION('',(1.,0.,0.));
#10479=DIRECTION('',(0.,0.,1.));
#10480=DIRECTION('',(1.,0.,0.));
#10481=DIRECTION('',(0.,0.,1.));
#10482=DIRECTION('',(1.,0.,0.));
#10483=DIRECTION('',(0.,0.,1.));
#10484=DIRECTION('',(1.,0.,0.));
#10485=DIRECTION('',(0.,0.,1.));
#10486=DIRECTION('',(1.,0.,0.));
#10487=DIRECTION('',(0.,0.,1.));
#10488=DIRECTION('',(1.,0.,0.));
#10489=DIRECTION('',(0.,0.,1.));
#10490=DIRECTION('',(1.,0.,0.));
#10491=DIRECTION('',(0.,0.,1.));
#10492=DIRECTION('',(1.,0.,0.));
#10493=DIRECTION('',(0.,0.,1.));
#10494=DIRECTION('',(1.,0.,0.));
#10495=DIRECTION('',(0.,0.,1.));
#10496=DIRECTION('',(1.,0.,0.));
#10497=DIRECTION('',(0.,0.,1.));
#10498=DIRECTION('',(1.,0.,0.));
#10499=DIRECTION('',(0.,0.,1.));
#10500=DIRECTION('',(1.,0.,0.));
#10501=DIRECTION('',(0.,0.,1.));
#10502=DIRECTION('',(1.,0.,0.));
#10503=DIRECTION('',(0.,0.,1.));
#10504=DIRECTION('',(1.,0.,0.));
#10505=DIRECTION('',(0.,0.,1.));
#10506=DIRECTION('',(1.,0.,0.));
#10507=DIRECTION('',(0.,0.,1.));
#10508=DIRECTION('',(1.,0.,0.));
#10509=DIRECTION('',(0.,0.,1.));
#10510=DIRECTION('',(1.,0.,0.));
#10511=DIRECTION('',(0.,0.,1.));
#10512=DIRECTION('',(1.,0.,0.));
#10513=DIRECTION('',(0.,0.,1.));
#10514=DIRECTION('',(1.,0.,0.));
#10515=DIRECTION('',(0.866025403784439,-0.5,0.));
#10516=DIRECTION('',(0.,0.,1.));
#10517=DIRECTION('',(1.,0.,0.));
#10518=DIRECTION('',(-0.963015863460582,-0.269444700677652,0.));
#10519=DIRECTION('',(0.,0.,1.));
#10520=DIRECTION('',(1.,0.,0.));
#10521=DIRECTION('',(2.42830932770157E-16,1.,0.));
#10522=DIRECTION('',(0.,0.,1.));
#10523=DIRECTION('',(1.,0.,0.));
#10524=DIRECTION('',(-0.963015863460582,-0.269444700677653,0.));
#10525=DIRECTION('',(0.,0.,1.));
#10526=DIRECTION('',(1.,0.,0.));
#10527=DIRECTION('',(-0.963015863460582,0.269444700677652,0.));
#10528=DIRECTION('',(0.,0.,1.));
#10529=DIRECTION('',(1.,0.,0.));
#10530=DIRECTION('',(-4.85661865540313E-16,1.,0.));
#10531=DIRECTION('',(0.,0.,1.));
#10532=DIRECTION('',(1.,0.,0.));
#10533=DIRECTION('',(-0.866025403784439,-0.5,0.));
#10534=DIRECTION('',(0.,0.,1.));
#10535=DIRECTION('',(1.,0.,0.));
#10536=DIRECTION('',(-0.963015863460582,0.269444700677652,0.));
#10537=DIRECTION('',(0.,0.,1.));
#10538=DIRECTION('',(1.,0.,0.));
#10539=DIRECTION('',(-0.963015863460582,-0.269444700677652,0.));
#10540=DIRECTION('',(0.,0.,1.));
#10541=DIRECTION('',(1.,0.,0.));
#10542=DIRECTION('',(0.866025403784439,-0.5,0.));
#10543=DIRECTION('',(0.,0.,1.));
#10544=DIRECTION('',(1.,0.,0.));
#10545=DIRECTION('',(0.866025403784439,0.5,0.));
#10546=DIRECTION('',(0.,0.,1.));
#10547=DIRECTION('',(1.,0.,0.));
#10548=DIRECTION('',(0.,0.,1.));
#10549=DIRECTION('',(1.,0.,0.));
#10550=DIRECTION('',(-0.963015863460582,-0.269444700677652,0.));
#10551=DIRECTION('',(0.,0.,1.));
#10552=DIRECTION('',(1.,0.,0.));
#10553=DIRECTION('',(0.866025403784439,-0.5,0.));
#10554=DIRECTION('',(0.,0.,1.));
#10555=DIRECTION('',(1.,0.,0.));
#10556=DIRECTION('',(9.71323731080627E-16,1.,0.));
#10557=DIRECTION('',(0.,0.,1.));
#10558=DIRECTION('',(1.,0.,0.));
#10559=DIRECTION('',(-0.963015863460582,0.269444700677652,0.));
#10560=DIRECTION('',(0.,0.,1.));
#10561=DIRECTION('',(1.,0.,0.));
#10562=DIRECTION('',(-4.85661865540314E-16,1.,0.));
#10563=DIRECTION('',(0.,0.,1.));
#10564=DIRECTION('',(1.,0.,0.));
#10565=DIRECTION('',(-0.866025403784439,-0.5,0.));
#10566=DIRECTION('',(0.866025403784439,0.5,0.));
#10567=DIRECTION('',(0.,0.,1.));
#10568=DIRECTION('',(1.,0.,0.));
#10569=DIRECTION('',(-6.07077331925392E-16,-1.,0.));
#10570=DIRECTION('',(0.,0.,1.));
#10571=DIRECTION('',(1.,0.,0.));
#10572=DIRECTION('',(-0.963015863460582,-0.269444700677653,0.));
#10573=DIRECTION('',(0.,0.,1.));
#10574=DIRECTION('',(1.,0.,0.));
#10575=DIRECTION('',(0.866025403784439,-0.5,0.));
#10576=DIRECTION('',(0.,0.,1.));
#10577=DIRECTION('',(1.,0.,0.));
#10578=DIRECTION('',(0.,1.,0.));
#10579=DIRECTION('',(0.,0.,1.));
#10580=DIRECTION('',(1.,0.,0.));
#10581=DIRECTION('',(0.866025403784439,-0.5,0.));
#10582=DIRECTION('',(0.,0.,1.));
#10583=DIRECTION('',(1.,0.,0.));
#10584=DIRECTION('',(0.,-1.,0.));
#10585=DIRECTION('',(0.,0.,1.));
#10586=DIRECTION('',(1.,0.,0.));
#10587=DIRECTION('',(-0.866025403784439,-0.5,0.));
#10588=DIRECTION('',(0.,0.,1.));
#10589=DIRECTION('',(1.,0.,0.));
#10590=DIRECTION('',(-0.963015863460582,0.269444700677652,0.));
#10591=DIRECTION('',(0.,0.,1.));
#10592=DIRECTION('',(1.,0.,0.));
#10593=DIRECTION('',(-0.866025403784439,-0.5,0.));
#10594=DIRECTION('',(0.,0.,1.));
#10595=DIRECTION('',(1.,0.,0.));
#10596=DIRECTION('',(0.963015863460582,-0.269444700677653,0.));
#10597=DIRECTION('',(0.,0.,1.));
#10598=DIRECTION('',(1.,0.,0.));
#10599=DIRECTION('',(-4.85661865540314E-16,1.,0.));
#10600=DIRECTION('',(0.,0.,1.));
#10601=DIRECTION('',(1.,0.,0.));
#10602=DIRECTION('',(-0.963015863460582,0.269444700677652,0.));
#10603=DIRECTION('',(0.,0.,1.));
#10604=DIRECTION('',(1.,0.,0.));
#10605=DIRECTION('',(-0.963015863460582,-0.269444700677652,0.));
#10606=DIRECTION('',(0.,0.,1.));
#10607=DIRECTION('',(1.,0.,0.));
#10608=DIRECTION('',(-0.866025403784439,0.5,0.));
#10609=DIRECTION('',(0.,0.,1.));
#10610=DIRECTION('',(1.,0.,0.));
#10611=DIRECTION('',(-0.866025403784439,-0.5,0.));
#10612=DIRECTION('',(0.,0.,1.));
#10613=DIRECTION('',(1.,0.,0.));
#10614=DIRECTION('',(-0.866025403784439,0.5,0.));
#10615=DIRECTION('',(0.,0.,1.));
#10616=DIRECTION('',(1.,0.,0.));
#10617=DIRECTION('',(-0.963015863460582,-0.269444700677652,0.));
#10618=DIRECTION('',(0.,0.,1.));
#10619=DIRECTION('',(1.,0.,0.));
#10620=DIRECTION('',(9.71323731080627E-16,1.,0.));
#10621=DIRECTION('',(0.,0.,1.));
#10622=DIRECTION('',(1.,0.,0.));
#10623=DIRECTION('',(0.963015863460582,0.269444700677652,0.));
#10624=DIRECTION('',(0.,0.,1.));
#10625=DIRECTION('',(1.,0.,0.));
#10626=DIRECTION('',(-6.07077331925392E-16,-1.,0.));
#10627=DIRECTION('',(0.,0.,1.));
#10628=DIRECTION('',(1.,0.,0.));
#10629=DIRECTION('',(0.866025403784439,-0.5,0.));
#10630=DIRECTION('',(0.,0.,1.));
#10631=DIRECTION('',(1.,0.,0.));
#10632=DIRECTION('',(-0.866025403784439,-0.5,0.));
#10633=DIRECTION('',(0.,0.,1.));
#10634=DIRECTION('',(1.,0.,0.));
#10635=DIRECTION('',(-0.963015863460582,0.269444700677653,0.));
#10636=DIRECTION('',(0.,0.,1.));
#10637=DIRECTION('',(1.,0.,0.));
#10638=DIRECTION('',(-0.963015863460582,0.269444700677652,0.));
#10639=DIRECTION('',(0.,0.,1.));
#10640=DIRECTION('',(1.,0.,0.));
#10641=DIRECTION('',(0.866025403784439,0.5,0.));
#10642=DIRECTION('',(0.,0.,1.));
#10643=DIRECTION('',(1.,0.,0.));
#10644=DIRECTION('',(-0.963015863460582,0.269444700677653,0.));
#10645=DIRECTION('',(0.,0.,1.));
#10646=DIRECTION('',(1.,0.,0.));
#10647=DIRECTION('',(-4.85661865540313E-16,1.,0.));
#10648=DIRECTION('',(0.,0.,1.));
#10649=DIRECTION('',(1.,0.,0.));
#10650=DIRECTION('',(-0.866025403784439,-0.5,0.));
#10651=DIRECTION('',(0.,0.,1.));
#10652=DIRECTION('',(1.,0.,0.));
#10653=DIRECTION('',(-6.07077331925392E-16,-1.,0.));
#10654=DIRECTION('',(0.,0.,1.));
#10655=DIRECTION('',(1.,0.,0.));
#10656=DIRECTION('',(0.963015863460582,0.269444700677652,0.));
#10657=DIRECTION('',(0.,0.,1.));
#10658=DIRECTION('',(1.,0.,0.));
#10659=DIRECTION('',(0.866025403784439,-0.5,0.));
#10660=DIRECTION('',(0.,0.,1.));
#10661=DIRECTION('',(1.,0.,0.));
#10662=DIRECTION('',(-6.07077331925392E-16,-1.,0.));
#10663=DIRECTION('',(0.,0.,1.));
#10664=DIRECTION('',(1.,0.,0.));
#10665=DIRECTION('',(-0.866025403784439,0.5,0.));
#10666=DIRECTION('',(0.,0.,1.));
#10667=DIRECTION('',(1.,0.,0.));
#10668=DIRECTION('',(-0.866025403784439,-0.5,0.));
#10669=DIRECTION('',(0.,0.,1.));
#10670=DIRECTION('',(1.,0.,0.));
#10671=DIRECTION('',(0.963015863460582,-0.269444700677653,0.));
#10672=DIRECTION('',(0.,0.,1.));
#10673=DIRECTION('',(1.,0.,0.));
#10674=DIRECTION('',(-0.866025403784439,-0.5,0.));
#10675=DIRECTION('',(0.,0.,1.));
#10676=DIRECTION('',(1.,0.,0.));
#10677=DIRECTION('',(-3.24824778105332E-16,-1.,0.));
#10678=DIRECTION('',(0.,0.,1.));
#10679=DIRECTION('',(1.,0.,0.));
#10680=DIRECTION('',(0.866025403784439,-0.5,0.));
#10681=DIRECTION('',(0.,0.,1.));
#10682=DIRECTION('',(1.,0.,0.));
#10683=DIRECTION('',(0.,1.,0.));
#10684=DIRECTION('',(0.,0.,1.));
#10685=DIRECTION('',(1.,0.,0.));
#10686=DIRECTION('',(1.80255219945966E-16,1.,0.));
#10687=DIRECTION('',(-0.963015863460582,-0.269444700677652,0.));
#10688=DIRECTION('',(-0.963015863460582,0.269444700677652,0.));
#10689=DIRECTION('',(-1.80255219945966E-16,-1.,0.));
#10690=DIRECTION('',(-0.963015863460582,-0.269444700677652,0.));
#10691=DIRECTION('',(-0.963015863460582,0.269444700677652,0.));
#10692=DIRECTION('',(-1.,-1.31838984174237E-16,0.));
#10693=DIRECTION('',(0.,0.,1.));
#10694=DIRECTION('',(1.,0.,0.));
#10695=DIRECTION('',(-1.80255219945966E-16,-1.,0.));
#10696=DIRECTION('',(0.,0.,1.));
#10697=DIRECTION('',(1.,0.,0.));
#10698=DIRECTION('',(-0.866025403784439,-0.5,0.));
#10699=DIRECTION('',(0.,0.,1.));
#10700=DIRECTION('',(1.,0.,0.));
#10701=DIRECTION('',(0.,1.,0.));
#10702=DIRECTION('',(0.,0.,1.));
#10703=DIRECTION('',(1.,0.,0.));
#10704=DIRECTION('',(-1.80255219945966E-16,-1.,0.));
#10705=DIRECTION('',(0.,0.,1.));
#10706=DIRECTION('',(1.,0.,0.));
#10707=DIRECTION('',(-1.,-1.31838984174237E-16,0.));
#10708=DIRECTION('',(0.,0.,1.));
#10709=DIRECTION('',(1.,0.,0.));
#10710=DIRECTION('',(0.,1.,0.));
#10711=DIRECTION('',(0.,0.,1.));
#10712=DIRECTION('',(1.,0.,0.));
#10713=DIRECTION('',(0.866025403784439,-0.5,0.));
#10714=DIRECTION('',(0.,0.,1.));
#10715=DIRECTION('',(1.,0.,0.));
#10716=DIRECTION('',(1.,0.,0.));
#10717=DIRECTION('',(0.,0.,1.));
#10718=DIRECTION('',(1.,0.,0.));
#10719=DIRECTION('',(1.80255219945966E-16,1.,0.));
#10720=DIRECTION('',(0.,0.,1.));
#10721=DIRECTION('',(1.,0.,0.));
#10722=DIRECTION('',(-0.866025403784439,-0.5,0.));
#10723=DIRECTION('',(0.,0.,1.));
#10724=DIRECTION('',(1.,0.,0.));
#10725=DIRECTION('',(0.,-1.,0.));
#10726=DIRECTION('',(0.,0.,1.));
#10727=DIRECTION('',(1.,0.,0.));
#10728=DIRECTION('',(1.80255219945966E-16,1.,0.));
#10729=DIRECTION('',(0.,0.,1.));
#10730=DIRECTION('',(1.,0.,0.));
#10731=DIRECTION('',(1.,0.,0.));
#10732=DIRECTION('',(0.,0.,1.));
#10733=DIRECTION('',(1.,0.,0.));
#10734=DIRECTION('',(0.,-1.,0.));
#10735=DIRECTION('',(0.,0.,1.));
#10736=DIRECTION('',(1.,0.,0.));
#10737=DIRECTION('',(0.866025403784439,-0.5,0.));
#10738=DIRECTION('',(0.,0.,1.));
#10739=DIRECTION('',(1.,0.,0.));
#10740=DIRECTION('',(-0.963015863460582,-0.269444700677652,0.));
#10741=DIRECTION('',(0.,0.,1.));
#10742=DIRECTION('',(1.,0.,0.));
#10743=DIRECTION('',(0.866025403784439,-0.5,0.));
#10744=DIRECTION('',(0.,0.,1.));
#10745=DIRECTION('',(1.,0.,0.));
#10746=DIRECTION('',(2.42830932770157E-16,1.,0.));
#10747=DIRECTION('',(0.,0.,1.));
#10748=DIRECTION('',(1.,0.,0.));
#10749=DIRECTION('',(0.866025403784439,-0.5,0.));
#10750=DIRECTION('',(0.5,0.866025403784439,0.));
#10751=DIRECTION('',(0.866025403784439,-0.5,0.));
#10752=DIRECTION('',(0.5,0.86602540378444,0.));
#10753=DIRECTION('',(0.866025403784439,-0.5,0.));
#10754=DIRECTION('',(0.5,0.866025403784439,0.));
#10755=DIRECTION('',(0.866025403784439,-0.5,0.));
#10756=DIRECTION('',(0.5,0.866025403784439,0.));
#10757=DIRECTION('',(0.866025403784439,-0.5,0.));
#10758=DIRECTION('',(0.5,0.866025403784439,0.));
#10759=DIRECTION('',(0.866025403784439,-0.5,0.));
#10760=DIRECTION('',(0.5,0.866025403784439,0.));
#10761=DIRECTION('',(0.866025403784439,-0.5,0.));
#10762=DIRECTION('',(0.5,0.86602540378444,0.));
#10763=DIRECTION('',(0.866025403784439,-0.5,0.));
#10764=DIRECTION('',(0.5,0.86602540378444,0.));
#10765=DIRECTION('',(-0.866025403784439,-0.5,0.));
#10766=DIRECTION('',(0.5,-0.866025403784439,0.));
#10767=DIRECTION('',(-0.866025403784439,-0.5,0.));
#10768=DIRECTION('',(0.5,-0.866025403784439,0.));
#10769=DIRECTION('',(-0.866025403784439,-0.5,0.));
#10770=DIRECTION('',(0.5,-0.866025403784437,0.));
#10771=DIRECTION('',(-0.866025403784439,-0.5,0.));
#10772=DIRECTION('',(0.5,-0.866025403784437,0.));
#10773=DIRECTION('',(-0.866025403784439,-0.5,0.));
#10774=DIRECTION('',(0.5,-0.86602540378444,0.));
#10775=DIRECTION('',(-0.866025403784439,-0.5,0.));
#10776=DIRECTION('',(0.5,-0.86602540378444,0.));
#10777=DIRECTION('',(-0.866025403784439,-0.5,0.));
#10778=DIRECTION('',(0.5,-0.866025403784439,0.));
#10779=DIRECTION('',(-0.866025403784439,-0.5,0.));
#10780=DIRECTION('',(0.5,-0.866025403784439,0.));
#10781=DIRECTION('',(-0.866025403784439,-0.5,0.));
#10782=DIRECTION('',(0.5,-0.866025403784438,0.));
#10783=DIRECTION('',(-0.866025403784439,-0.5,0.));
#10784=DIRECTION('',(0.5,-0.866025403784439,0.));
#10785=DIRECTION('',(-0.866025403784439,-0.5,0.));
#10786=DIRECTION('',(0.5,-0.866025403784439,0.));
#10787=DIRECTION('',(-0.866025403784439,-0.5,0.));
#10788=DIRECTION('',(0.5,-0.866025403784439,0.));
#10789=DIRECTION('',(-0.866025403784438,-0.5,0.));
#10790=DIRECTION('',(0.5,-0.866025403784438,0.));
#10791=DIRECTION('',(-0.866025403784438,-0.5,0.));
#10792=DIRECTION('',(0.5,-0.866025403784438,0.));
#10793=DIRECTION('',(0.866025403784438,0.5,0.));
#10794=DIRECTION('',(-0.5,0.866025403784439,0.));
#10795=DIRECTION('',(0.866025403784438,0.5,0.));
#10796=DIRECTION('',(-0.5,0.866025403784438,0.));
#10797=DIRECTION('',(0.866025403784438,0.5,0.));
#10798=DIRECTION('',(-0.5,0.866025403784438,0.));
#10799=DIRECTION('',(0.866025403784438,0.5,0.));
#10800=DIRECTION('',(-0.5,0.866025403784439,0.));
#10801=DIRECTION('',(0.866025403784439,0.5,0.));
#10802=DIRECTION('',(-0.5,0.86602540378444,0.));
#10803=DIRECTION('',(0.866025403784439,0.5,0.));
#10804=DIRECTION('',(-0.5,0.86602540378444,0.));
#10805=DIRECTION('',(0.866025403784439,0.5,0.));
#10806=DIRECTION('',(-0.5,0.866025403784438,0.));
#10807=DIRECTION('',(0.866025403784439,0.5,0.));
#10808=DIRECTION('',(-0.5,0.866025403784438,0.));
#10809=DIRECTION('',(0.866025403784438,0.5,0.));
#10810=DIRECTION('',(0.,0.,1.));
#10811=DIRECTION('',(1.,0.,0.));
#10812=DIRECTION('',(-0.866025403784439,0.5,0.));
#10813=DIRECTION('',(-0.5,-0.866025403784439,0.));
#10814=DIRECTION('',(-0.866025403784439,0.5,0.));
#10815=DIRECTION('',(0.,0.,1.));
#10816=DIRECTION('',(1.,0.,0.));
#10817=DIRECTION('',(-0.866025403784439,-0.5,0.));
#10818=DIRECTION('',(0.5,-0.866025403784439,0.));
#10819=DIRECTION('',(-0.866025403784439,-0.5,0.));
#10820=DIRECTION('',(0.,0.,1.));
#10821=DIRECTION('',(1.,0.,0.));
#10822=DIRECTION('',(0.866025403784439,-0.5,0.));
#10823=DIRECTION('',(0.5,0.866025403784439,0.));
#10824=DIRECTION('',(0.866025403784439,-0.5,0.));
#10825=DIRECTION('',(0.,0.,1.));
#10826=DIRECTION('',(1.,0.,0.));
#10827=DIRECTION('',(0.866025403784438,0.5,0.));
#10828=DIRECTION('',(-0.5,0.866025403784439,0.));
#10829=DIRECTION('',(0.,0.,1.));
#10830=DIRECTION('',(1.,0.,0.));
#10831=DIRECTION('',(-0.5,0.866025403784438,0.));
#10832=DIRECTION('',(0.866025403784439,0.5,0.));
#10833=DIRECTION('',(-0.5,0.866025403784438,0.));
#10834=DIRECTION('',(0.866025403784439,0.5,0.));
#10835=DIRECTION('',(-0.5,0.866025403784438,0.));
#10836=DIRECTION('',(0.866025403784438,0.5,0.));
#10837=DIRECTION('',(-0.5,0.866025403784438,0.));
#10838=DIRECTION('',(0.866025403784438,0.5,0.));
#10839=DIRECTION('',(-0.5,0.866025403784439,0.));
#10840=DIRECTION('',(0.866025403784439,0.5,0.));
#10841=DIRECTION('',(-0.5,0.866025403784439,0.));
#10842=DIRECTION('',(0.866025403784438,0.5,0.));
#10843=DIRECTION('',(-0.5,0.866025403784438,0.));
#10844=DIRECTION('',(0.866025403784439,0.5,0.));
#10845=DIRECTION('',(-0.5,0.866025403784438,0.));
#10846=DIRECTION('',(0.866025403784439,0.5,0.));
#10847=DIRECTION('',(-0.5,0.866025403784438,0.));
#10848=DIRECTION('',(0.866025403784439,0.5,0.));
#10849=DIRECTION('',(-0.5,0.866025403784438,0.));
#10850=DIRECTION('',(0.866025403784439,0.5,0.));
#10851=DIRECTION('',(-0.5,0.866025403784438,0.));
#10852=DIRECTION('',(0.866025403784439,0.5,0.));
#10853=DIRECTION('',(-0.5,0.866025403784438,0.));
#10854=DIRECTION('',(0.866025403784439,0.5,0.));
#10855=DIRECTION('',(-0.5,0.866025403784438,0.));
#10856=DIRECTION('',(0.866025403784439,0.5,0.));
#10857=DIRECTION('',(-0.5,0.866025403784438,0.));
#10858=DIRECTION('',(0.866025403784439,0.5,0.));
#10859=DIRECTION('',(-0.5,0.866025403784438,0.));
#10860=DIRECTION('',(0.866025403784439,0.5,0.));
#10861=DIRECTION('',(-0.5,0.866025403784438,0.));
#10862=DIRECTION('',(0.866025403784439,0.5,0.));
#10863=DIRECTION('',(-0.5,0.86602540378444,0.));
#10864=DIRECTION('',(0.866025403784439,0.5,0.));
#10865=DIRECTION('',(-0.5,0.86602540378444,0.));
#10866=DIRECTION('',(0.866025403784439,0.5,0.));
#10867=DIRECTION('',(-0.5,0.866025403784438,0.));
#10868=DIRECTION('',(0.866025403784438,0.5,0.));
#10869=DIRECTION('',(-0.5,0.866025403784439,0.));
#10870=DIRECTION('',(0.866025403784438,0.5,0.));
#10871=DIRECTION('',(-0.5,0.866025403784439,0.));
#10872=DIRECTION('',(0.866025403784438,0.5,0.));
#10873=DIRECTION('',(-0.5,0.866025403784438,0.));
#10874=DIRECTION('',(0.866025403784438,0.5,0.));
#10875=DIRECTION('',(0.5,-0.866025403784438,0.));
#10876=DIRECTION('',(-0.866025403784438,-0.5,0.));
#10877=DIRECTION('',(0.5,-0.866025403784438,0.));
#10878=DIRECTION('',(-0.866025403784438,-0.5,0.));
#10879=DIRECTION('',(0.5,-0.866025403784439,0.));
#10880=DIRECTION('',(-0.866025403784439,-0.5,0.));
#10881=DIRECTION('',(0.5,-0.866025403784439,0.));
#10882=DIRECTION('',(-0.866025403784439,-0.5,0.));
#10883=DIRECTION('',(0.5,-0.866025403784438,0.));
#10884=DIRECTION('',(-0.866025403784439,-0.5,0.));
#10885=DIRECTION('',(0.5,-0.866025403784439,0.));
#10886=DIRECTION('',(-0.866025403784439,-0.5,0.));
#10887=DIRECTION('',(0.5,-0.866025403784439,0.));
#10888=DIRECTION('',(-0.866025403784439,-0.5,0.));
#10889=DIRECTION('',(0.5,-0.866025403784439,0.));
#10890=DIRECTION('',(-0.866025403784439,-0.5,0.));
#10891=DIRECTION('',(0.5,-0.86602540378444,0.));
#10892=DIRECTION('',(-0.866025403784439,-0.5,0.));
#10893=DIRECTION('',(0.5,-0.86602540378444,0.));
#10894=DIRECTION('',(-0.866025403784439,-0.5,0.));
#10895=DIRECTION('',(0.5,-0.866025403784437,0.));
#10896=DIRECTION('',(-0.866025403784439,-0.5,0.));
#10897=DIRECTION('',(0.5,-0.866025403784437,0.));
#10898=DIRECTION('',(-0.866025403784439,-0.5,0.));
#10899=DIRECTION('',(0.5,-0.866025403784439,0.));
#10900=DIRECTION('',(-0.866025403784439,-0.5,0.));
#10901=DIRECTION('',(0.5,-0.866025403784439,0.));
#10902=DIRECTION('',(-0.866025403784439,-0.5,0.));
#10903=DIRECTION('',(0.5,-0.866025403784437,0.));
#10904=DIRECTION('',(-0.866025403784439,-0.5,0.));
#10905=DIRECTION('',(0.5,-0.866025403784437,0.));
#10906=DIRECTION('',(-0.866025403784439,-0.5,0.));
#10907=DIRECTION('',(0.5,-0.86602540378444,0.));
#10908=DIRECTION('',(-0.866025403784439,-0.5,0.));
#10909=DIRECTION('',(0.5,-0.86602540378444,0.));
#10910=DIRECTION('',(-0.866025403784439,-0.5,0.));
#10911=DIRECTION('',(0.5,-0.866025403784438,0.));
#10912=DIRECTION('',(-0.866025403784439,-0.5,0.));
#10913=DIRECTION('',(0.5,-0.866025403784439,0.));
#10914=DIRECTION('',(-0.866025403784439,-0.5,0.));
#10915=DIRECTION('',(0.5,-0.866025403784439,0.));
#10916=DIRECTION('',(-0.866025403784439,-0.5,0.));
#10917=DIRECTION('',(0.5,-0.866025403784439,0.));
#10918=DIRECTION('',(-0.866025403784439,-0.5,0.));
#10919=DIRECTION('',(0.5,0.866025403784439,0.));
#10920=DIRECTION('',(0.866025403784439,-0.5,0.));
#10921=DIRECTION('',(0.5,0.866025403784439,0.));
#10922=DIRECTION('',(0.866025403784439,-0.5,0.));
#10923=DIRECTION('',(0.5,0.866025403784439,0.));
#10924=DIRECTION('',(0.866025403784439,-0.5,0.));
#10925=DIRECTION('',(0.5,0.866025403784439,0.));
#10926=DIRECTION('',(0.866025403784439,-0.5,0.));
#10927=DIRECTION('',(0.5,0.86602540378444,0.));
#10928=DIRECTION('',(0.866025403784439,-0.5,0.));
#10929=DIRECTION('',(0.5,0.866025403784439,0.));
#10930=DIRECTION('',(0.866025403784439,-0.5,0.));
#10931=DIRECTION('',(0.5,0.86602540378444,0.));
#10932=DIRECTION('',(0.866025403784439,-0.5,0.));
#10933=DIRECTION('',(0.5,0.86602540378444,0.));
#10934=DIRECTION('',(0.866025403784439,-0.5,0.));
#10935=DIRECTION('',(0.5,0.866025403784439,0.));
#10936=DIRECTION('',(0.866025403784439,-0.5,0.));
#10937=DIRECTION('',(0.5,0.866025403784439,0.));
#10938=DIRECTION('',(0.866025403784439,-0.5,0.));
#10939=DIRECTION('',(0.5,0.866025403784436,0.));
#10940=DIRECTION('',(0.866025403784439,-0.5,0.));
#10941=DIRECTION('',(0.5,0.866025403784436,0.));
#10942=DIRECTION('',(0.866025403784439,-0.5,0.));
#10943=DIRECTION('',(0.5,0.86602540378444,0.));
#10944=DIRECTION('',(0.866025403784439,-0.5,0.));
#10945=DIRECTION('',(0.5,0.866025403784436,0.));
#10946=DIRECTION('',(0.866025403784439,-0.5,0.));
#10947=DIRECTION('',(0.5,0.86602540378444,0.));
#10948=DIRECTION('',(0.866025403784439,-0.5,0.));
#10949=DIRECTION('',(0.5,0.86602540378444,0.));
#10950=DIRECTION('',(0.866025403784439,-0.5,0.));
#10951=DIRECTION('',(0.5,0.866025403784439,0.));
#10952=DIRECTION('',(0.866025403784439,-0.5,0.));
#10953=DIRECTION('',(0.5,0.866025403784439,0.));
#10954=DIRECTION('',(0.866025403784439,-0.5,0.));
#10955=DIRECTION('',(0.5,0.866025403784439,0.));
#10956=DIRECTION('',(0.866025403784439,-0.5,0.));
#10957=DIRECTION('',(0.5,0.866025403784439,0.));
#10958=DIRECTION('',(0.866025403784439,-0.5,0.));
#10959=DIRECTION('',(0.5,0.866025403784439,0.));
#10960=DIRECTION('',(0.866025403784439,-0.5,0.));
#10961=DIRECTION('',(0.5,0.86602540378444,0.));
#10962=DIRECTION('',(0.866025403784439,-0.5,0.));
#10963=DIRECTION('',(-0.5,-0.866025403784438,0.));
#10964=DIRECTION('',(-0.866025403784439,0.5,0.));
#10965=DIRECTION('',(-0.5,-0.866025403784438,0.));
#10966=DIRECTION('',(-0.866025403784439,0.5,0.));
#10967=DIRECTION('',(-0.5,-0.866025403784438,0.));
#10968=DIRECTION('',(-0.866025403784439,0.5,0.));
#10969=DIRECTION('',(-0.5,-0.866025403784439,0.));
#10970=DIRECTION('',(-0.866025403784439,0.5,0.));
#10971=DIRECTION('',(-0.5,-0.866025403784442,0.));
#10972=DIRECTION('',(-0.866025403784439,0.5,0.));
#10973=DIRECTION('',(-0.5,-0.866025403784442,0.));
#10974=DIRECTION('',(-0.866025403784439,0.5,0.));
#10975=DIRECTION('',(-0.5,-0.866025403784439,0.));
#10976=DIRECTION('',(-0.866025403784439,0.5,0.));
#10977=DIRECTION('',(-0.5,-0.866025403784439,0.));
#10978=DIRECTION('',(-0.866025403784439,0.5,0.));
#10979=DIRECTION('',(-0.5,-0.866025403784442,0.));
#10980=DIRECTION('',(-0.866025403784439,0.5,0.));
#10981=DIRECTION('',(-0.5,-0.866025403784442,0.));
#10982=DIRECTION('',(-0.866025403784439,0.5,0.));
#10983=DIRECTION('',(-0.5,-0.866025403784442,0.));
#10984=DIRECTION('',(-0.866025403784439,0.5,0.));
#10985=DIRECTION('',(-0.5,-0.866025403784442,0.));
#10986=DIRECTION('',(-0.866025403784439,0.5,0.));
#10987=DIRECTION('',(-0.5,-0.866025403784439,0.));
#10988=DIRECTION('',(-0.866025403784438,0.5,0.));
#10989=DIRECTION('',(-0.5,-0.866025403784439,0.));
#10990=DIRECTION('',(-0.866025403784438,0.5,0.));
#10991=DIRECTION('',(-0.5,-0.866025403784438,0.));
#10992=DIRECTION('',(-0.866025403784438,0.5,0.));
#10993=DIRECTION('',(-0.5,-0.866025403784438,0.));
#10994=DIRECTION('',(-0.866025403784439,0.5,0.));
#10995=DIRECTION('',(-0.5,-0.866025403784439,0.));
#10996=DIRECTION('',(-0.866025403784439,0.5,0.));
#10997=DIRECTION('',(-0.5,-0.866025403784439,0.));
#10998=DIRECTION('',(-0.866025403784439,0.5,0.));
#10999=DIRECTION('',(-0.5,-0.866025403784438,0.));
#11000=DIRECTION('',(-0.866025403784439,0.5,0.));
#11001=DIRECTION('',(-0.5,-0.866025403784438,0.));
#11002=DIRECTION('',(-0.866025403784439,0.5,0.));
#11003=DIRECTION('',(-0.5,-0.866025403784439,0.));
#11004=DIRECTION('',(-0.866025403784439,0.5,0.));
#11005=DIRECTION('',(-0.5,-0.866025403784439,0.));
#11006=DIRECTION('',(-0.866025403784439,0.5,0.));
#11007=DIRECTION('',(0.,0.,-1.));
#11008=DIRECTION('',(-1.,0.,0.));
#11009=DIRECTION('',(0.,0.,-1.));
#11010=DIRECTION('',(-1.,0.,0.));
#11011=DIRECTION('',(0.,0.,-1.));
#11012=DIRECTION('',(-1.,0.,0.));
#11013=DIRECTION('',(0.,0.,-1.));
#11014=DIRECTION('',(-1.,0.,0.));
#11015=DIRECTION('',(0.,0.,-1.));
#11016=DIRECTION('',(-1.,0.,0.));
#11017=DIRECTION('',(0.,0.,-1.));
#11018=DIRECTION('',(-1.,0.,0.));
#11019=DIRECTION('',(0.,0.,-1.));
#11020=DIRECTION('',(-1.,0.,0.));
#11021=DIRECTION('',(0.,0.,-1.));
#11022=DIRECTION('',(-1.,0.,0.));
#11023=DIRECTION('',(0.,0.,-1.));
#11024=DIRECTION('',(-1.,0.,0.));
#11025=DIRECTION('',(0.,0.,-1.));
#11026=DIRECTION('',(-1.,0.,0.));
#11027=DIRECTION('',(0.,0.,-1.));
#11028=DIRECTION('',(-1.,0.,0.));
#11029=DIRECTION('',(0.,0.,-1.));
#11030=DIRECTION('',(-1.,0.,0.));
#11031=DIRECTION('',(0.,0.,-1.));
#11032=DIRECTION('',(-1.,0.,0.));
#11033=DIRECTION('',(0.,0.,-1.));
#11034=DIRECTION('',(-1.,0.,0.));
#11035=DIRECTION('',(0.,0.,-1.));
#11036=DIRECTION('',(-1.,0.,0.));
#11037=DIRECTION('',(0.,0.,-1.));
#11038=DIRECTION('',(-1.,0.,0.));
#11039=DIRECTION('',(0.,0.,-1.));
#11040=DIRECTION('',(-1.,0.,0.));
#11041=DIRECTION('',(0.,0.,-1.));
#11042=DIRECTION('',(-1.,0.,0.));
#11043=DIRECTION('',(0.,0.,-1.));
#11044=DIRECTION('',(-1.,0.,0.));
#11045=DIRECTION('',(0.,0.,-1.));
#11046=DIRECTION('',(-1.,0.,0.));
#11047=DIRECTION('',(0.,0.,-1.));
#11048=DIRECTION('',(-1.,0.,0.));
#11049=DIRECTION('',(0.,0.,-1.));
#11050=DIRECTION('',(-1.,0.,0.));
#11051=DIRECTION('',(0.,0.,-1.));
#11052=DIRECTION('',(-1.,0.,0.));
#11053=DIRECTION('',(0.,0.,-1.));
#11054=DIRECTION('',(-1.,0.,0.));
#11055=DIRECTION('',(0.,0.,-1.));
#11056=DIRECTION('',(-1.,0.,0.));
#11057=DIRECTION('',(0.,0.,-1.));
#11058=DIRECTION('',(-1.,0.,0.));
#11059=DIRECTION('',(0.,0.,-1.));
#11060=DIRECTION('',(-1.,0.,0.));
#11061=DIRECTION('',(0.,0.,-1.));
#11062=DIRECTION('',(-1.,0.,0.));
#11063=DIRECTION('',(0.,0.,-1.));
#11064=DIRECTION('',(-1.,0.,0.));
#11065=DIRECTION('',(0.,0.,-1.));
#11066=DIRECTION('',(-1.,0.,0.));
#11067=DIRECTION('',(0.,0.,-1.));
#11068=DIRECTION('',(-1.,0.,0.));
#11069=DIRECTION('',(0.,0.,-1.));
#11070=DIRECTION('',(-1.,0.,0.));
#11071=DIRECTION('',(0.,0.,-1.));
#11072=DIRECTION('',(-1.,0.,0.));
#11073=DIRECTION('',(0.,0.,-1.));
#11074=DIRECTION('',(-1.,0.,0.));
#11075=DIRECTION('',(0.,0.,-1.));
#11076=DIRECTION('',(-1.,0.,0.));
#11077=DIRECTION('',(0.,0.,-1.));
#11078=DIRECTION('',(-1.,0.,0.));
#11079=DIRECTION('',(0.,0.,-1.));
#11080=DIRECTION('',(-1.,0.,0.));
#11081=DIRECTION('',(0.,0.,-1.));
#11082=DIRECTION('',(-1.,0.,0.));
#11083=DIRECTION('',(0.,0.,-1.));
#11084=DIRECTION('',(-1.,0.,0.));
#11085=DIRECTION('',(0.,0.,-1.));
#11086=DIRECTION('',(-1.,0.,0.));
#11087=DIRECTION('',(0.,0.,-1.));
#11088=DIRECTION('',(-1.,0.,0.));
#11089=DIRECTION('',(0.,0.,-1.));
#11090=DIRECTION('',(-1.,0.,0.));
#11091=DIRECTION('',(0.,0.,-1.));
#11092=DIRECTION('',(-1.,0.,0.));
#11093=DIRECTION('',(0.,0.,-1.));
#11094=DIRECTION('',(-1.,0.,0.));
#11095=DIRECTION('',(0.,0.,-1.));
#11096=DIRECTION('',(-1.,0.,0.));
#11097=DIRECTION('',(0.,0.,-1.));
#11098=DIRECTION('',(-1.,0.,0.));
#11099=DIRECTION('',(0.,0.,-1.));
#11100=DIRECTION('',(-1.,0.,0.));
#11101=DIRECTION('',(0.,0.,-1.));
#11102=DIRECTION('',(-1.,0.,0.));
#11103=DIRECTION('',(0.,0.,-1.));
#11104=DIRECTION('',(-1.,0.,0.));
#11105=DIRECTION('',(0.,0.,-1.));
#11106=DIRECTION('',(-1.,0.,0.));
#11107=DIRECTION('',(0.,0.,-1.));
#11108=DIRECTION('',(-1.,0.,0.));
#11109=DIRECTION('',(0.,0.,-1.));
#11110=DIRECTION('',(-1.,0.,0.));
#11111=DIRECTION('',(0.,0.,-1.));
#11112=DIRECTION('',(-1.,0.,0.));
#11113=DIRECTION('',(0.,0.,-1.));
#11114=DIRECTION('',(-1.,0.,0.));
#11115=DIRECTION('',(0.,0.,-1.));
#11116=DIRECTION('',(-1.,0.,0.));
#11117=DIRECTION('',(0.,0.,-1.));
#11118=DIRECTION('',(-1.,0.,0.));
#11119=DIRECTION('',(0.,0.,-1.));
#11120=DIRECTION('',(-1.,0.,0.));
#11121=DIRECTION('',(0.,0.,-1.));
#11122=DIRECTION('',(-1.,0.,0.));
#11123=DIRECTION('',(0.,0.,-1.));
#11124=DIRECTION('',(-1.,0.,0.));
#11125=DIRECTION('',(0.,0.,-1.));
#11126=DIRECTION('',(-1.,0.,0.));
#11127=DIRECTION('',(0.,0.,-1.));
#11128=DIRECTION('',(-1.,0.,0.));
#11129=DIRECTION('',(0.,0.,-1.));
#11130=DIRECTION('',(-1.,0.,0.));
#11131=DIRECTION('',(0.,0.,-1.));
#11132=DIRECTION('',(-1.,0.,0.));
#11133=DIRECTION('',(0.,0.,-1.));
#11134=DIRECTION('',(-1.,0.,0.));
#11135=DIRECTION('',(0.,0.,-1.));
#11136=DIRECTION('',(-1.,0.,0.));
#11137=DIRECTION('',(0.,0.,-1.));
#11138=DIRECTION('',(-1.,0.,0.));
#11139=DIRECTION('',(0.,0.,-1.));
#11140=DIRECTION('',(-1.,0.,0.));
#11141=DIRECTION('',(0.,0.,-1.));
#11142=DIRECTION('',(-1.,0.,0.));
#11143=DIRECTION('',(0.,0.,-1.));
#11144=DIRECTION('',(-1.,0.,0.));
#11145=DIRECTION('',(0.,0.,-1.));
#11146=DIRECTION('',(-1.,0.,0.));
#11147=DIRECTION('',(0.,0.,-1.));
#11148=DIRECTION('',(-1.,0.,0.));
#11149=DIRECTION('',(0.,0.,-1.));
#11150=DIRECTION('',(-1.,0.,0.));
#11151=DIRECTION('',(0.,0.,-1.));
#11152=DIRECTION('',(-1.,0.,0.));
#11153=DIRECTION('',(0.,0.,-1.));
#11154=DIRECTION('',(-1.,0.,0.));
#11155=DIRECTION('',(0.,0.,-1.));
#11156=DIRECTION('',(-1.,0.,0.));
#11157=DIRECTION('',(0.,0.,-1.));
#11158=DIRECTION('',(-1.,0.,0.));
#11159=DIRECTION('',(0.,0.,-1.));
#11160=DIRECTION('',(-1.,0.,0.));
#11161=DIRECTION('',(0.,0.,-1.));
#11162=DIRECTION('',(-1.,0.,0.));
#11163=DIRECTION('',(0.,0.,-1.));
#11164=DIRECTION('',(-1.,0.,0.));
#11165=DIRECTION('',(0.,0.,-1.));
#11166=DIRECTION('',(-1.,0.,0.));
#11167=DIRECTION('',(0.,0.,-1.));
#11168=DIRECTION('',(-1.,0.,0.));
#11169=DIRECTION('',(0.,0.,-1.));
#11170=DIRECTION('',(-1.,0.,0.));
#11171=DIRECTION('',(0.,0.,-1.));
#11172=DIRECTION('',(-1.,0.,0.));
#11173=DIRECTION('',(0.,0.,-1.));
#11174=DIRECTION('',(-1.,0.,0.));
#11175=DIRECTION('',(0.,0.,-1.));
#11176=DIRECTION('',(-1.,0.,0.));
#11177=DIRECTION('',(0.,0.,-1.));
#11178=DIRECTION('',(-1.,0.,0.));
#11179=DIRECTION('',(0.,0.,-1.));
#11180=DIRECTION('',(-1.,0.,0.));
#11181=DIRECTION('',(0.,0.,-1.));
#11182=DIRECTION('',(-1.,0.,0.));
#11183=DIRECTION('',(0.,0.,-1.));
#11184=DIRECTION('',(-1.,0.,0.));
#11185=DIRECTION('',(0.,0.,-1.));
#11186=DIRECTION('',(-1.,0.,0.));
#11187=DIRECTION('',(0.,0.,-1.));
#11188=DIRECTION('',(-1.,0.,0.));
#11189=DIRECTION('',(0.,0.,-1.));
#11190=DIRECTION('',(-1.,0.,0.));
#11191=DIRECTION('',(0.,0.,-1.));
#11192=DIRECTION('',(-1.,0.,0.));
#11193=DIRECTION('',(0.,0.,-1.));
#11194=DIRECTION('',(-1.,0.,0.));
#11195=DIRECTION('',(0.,0.,-1.));
#11196=DIRECTION('',(-1.,0.,0.));
#11197=DIRECTION('',(0.,0.,-1.));
#11198=DIRECTION('',(-1.,0.,0.));
#11199=DIRECTION('',(0.,0.,1.));
#11200=DIRECTION('',(1.,0.,0.));
#11201=DIRECTION('',(-0.963015863460582,-0.269444700677652,0.));
#11202=DIRECTION('',(0.,0.,1.));
#11203=DIRECTION('',(1.,0.,0.));
#11204=DIRECTION('',(0.866025403784439,-0.5,0.));
#11205=DIRECTION('',(0.,0.,1.));
#11206=DIRECTION('',(1.,0.,0.));
#11207=DIRECTION('',(-0.963015863460582,-0.269444700677653,0.));
#11208=DIRECTION('',(0.,0.,1.));
#11209=DIRECTION('',(1.,0.,0.));
#11210=DIRECTION('',(2.42830932770157E-16,1.,0.));
#11211=DIRECTION('',(0.,0.,1.));
#11212=DIRECTION('',(1.,0.,0.));
#11213=DIRECTION('',(1.,0.,0.));
#11214=DIRECTION('',(0.,0.,1.));
#11215=DIRECTION('',(1.,0.,0.));
#11216=DIRECTION('',(1.80255219945966E-16,1.,0.));
#11217=DIRECTION('',(0.,0.,1.));
#11218=DIRECTION('',(1.,0.,0.));
#11219=DIRECTION('',(0.866025403784439,-0.5,0.));
#11220=DIRECTION('',(0.,0.,1.));
#11221=DIRECTION('',(1.,0.,0.));
#11222=DIRECTION('',(0.,-1.,0.));
#11223=DIRECTION('',(0.,0.,1.));
#11224=DIRECTION('',(1.,0.,0.));
#11225=DIRECTION('',(1.80255219945966E-16,1.,0.));
#11226=DIRECTION('',(0.,0.,1.));
#11227=DIRECTION('',(1.,0.,0.));
#11228=DIRECTION('',(1.,0.,0.));
#11229=DIRECTION('',(0.,0.,1.));
#11230=DIRECTION('',(1.,0.,0.));
#11231=DIRECTION('',(0.,-1.,0.));
#11232=DIRECTION('',(0.,0.,1.));
#11233=DIRECTION('',(1.,0.,0.));
#11234=DIRECTION('',(-0.866025403784439,-0.5,0.));
#11235=DIRECTION('',(0.,0.,1.));
#11236=DIRECTION('',(1.,0.,0.));
#11237=DIRECTION('',(-1.,-1.31838984174237E-16,0.));
#11238=DIRECTION('',(0.,0.,1.));
#11239=DIRECTION('',(1.,0.,0.));
#11240=DIRECTION('',(-1.80255219945966E-16,-1.,0.));
#11241=DIRECTION('',(0.,0.,1.));
#11242=DIRECTION('',(1.,0.,0.));
#11243=DIRECTION('',(0.866025403784439,-0.5,0.));
#11244=DIRECTION('',(0.,0.,1.));
#11245=DIRECTION('',(1.,0.,0.));
#11246=DIRECTION('',(0.,1.,0.));
#11247=DIRECTION('',(0.,0.,1.));
#11248=DIRECTION('',(1.,0.,0.));
#11249=DIRECTION('',(-1.80255219945966E-16,-1.,0.));
#11250=DIRECTION('',(0.,0.,1.));
#11251=DIRECTION('',(1.,0.,0.));
#11252=DIRECTION('',(-1.,-1.31838984174237E-16,0.));
#11253=DIRECTION('',(0.,0.,1.));
#11254=DIRECTION('',(1.,0.,0.));
#11255=DIRECTION('',(0.,1.,0.));
#11256=DIRECTION('',(0.,0.,1.));
#11257=DIRECTION('',(1.,0.,0.));
#11258=DIRECTION('',(-0.866025403784439,-0.5,0.));
#11259=DIRECTION('',(0.,0.,1.));
#11260=DIRECTION('',(1.,0.,0.));
#11261=DIRECTION('',(-0.963015863460582,0.269444700677652,0.));
#11262=DIRECTION('',(0.,0.,1.));
#11263=DIRECTION('',(1.,0.,0.));
#11264=DIRECTION('',(-0.866025403784439,-0.5,0.));
#11265=DIRECTION('',(0.,0.,1.));
#11266=DIRECTION('',(1.,0.,0.));
#11267=DIRECTION('',(-4.85661865540313E-16,1.,0.));
#11268=DIRECTION('',(0.,0.,1.));
#11269=DIRECTION('',(1.,0.,0.));
#11270=DIRECTION('',(-0.963015863460582,-0.269444700677652,0.));
#11271=DIRECTION('',(0.,0.,1.));
#11272=DIRECTION('',(1.,0.,0.));
#11273=DIRECTION('',(-0.963015863460582,0.269444700677652,0.));
#11274=DIRECTION('',(0.,0.,1.));
#11275=DIRECTION('',(1.,0.,0.));
#11276=DIRECTION('',(0.866025403784439,0.5,0.));
#11277=DIRECTION('',(0.,0.,1.));
#11278=DIRECTION('',(1.,0.,0.));
#11279=DIRECTION('',(0.866025403784439,-0.5,0.));
#11280=DIRECTION('',(-0.963015863460582,-0.269444700677652,0.));
#11281=DIRECTION('',(0.,0.,1.));
#11282=DIRECTION('',(1.,0.,0.));
#11283=DIRECTION('',(9.71323731080627E-16,1.,0.));
#11284=DIRECTION('',(0.,0.,1.));
#11285=DIRECTION('',(1.,0.,0.));
#11286=DIRECTION('',(0.866025403784439,-0.5,0.));
#11287=DIRECTION('',(0.,0.,1.));
#11288=DIRECTION('',(1.,0.,0.));
#11289=DIRECTION('',(0.,0.,1.));
#11290=DIRECTION('',(1.,0.,0.));
#11291=DIRECTION('',(-0.963015863460582,0.269444700677652,0.));
#11292=DIRECTION('',(0.,0.,1.));
#11293=DIRECTION('',(1.,0.,0.));
#11294=DIRECTION('',(-0.866025403784439,-0.5,0.));
#11295=DIRECTION('',(0.,0.,1.));
#11296=DIRECTION('',(1.,0.,0.));
#11297=DIRECTION('',(-4.85661865540314E-16,1.,0.));
#11298=DIRECTION('',(0.,0.,1.));
#11299=DIRECTION('',(1.,0.,0.));
#11300=DIRECTION('',(-6.07077331925392E-16,-1.,0.));
#11301=DIRECTION('',(0.,0.,1.));
#11302=DIRECTION('',(1.,0.,0.));
#11303=DIRECTION('',(0.866025403784439,0.5,0.));
#11304=DIRECTION('',(0.,0.,1.));
#11305=DIRECTION('',(1.,0.,0.));
#11306=DIRECTION('',(0.866025403784439,-0.5,0.));
#11307=DIRECTION('',(0.,0.,1.));
#11308=DIRECTION('',(1.,0.,0.));
#11309=DIRECTION('',(-0.963015863460582,-0.269444700677653,0.));
#11310=DIRECTION('',(-0.963015863460582,0.269444700677652,0.));
#11311=DIRECTION('',(0.,0.,1.));
#11312=DIRECTION('',(1.,0.,0.));
#11313=DIRECTION('',(-4.85661865540314E-16,1.,0.));
#11314=DIRECTION('',(0.,0.,1.));
#11315=DIRECTION('',(1.,0.,0.));
#11316=DIRECTION('',(0.963015863460582,-0.269444700677653,0.));
#11317=DIRECTION('',(0.,0.,1.));
#11318=DIRECTION('',(1.,0.,0.));
#11319=DIRECTION('',(-0.866025403784439,-0.5,0.));
#11320=DIRECTION('',(0.,0.,1.));
#11321=DIRECTION('',(1.,0.,0.));
#11322=DIRECTION('',(0.,0.,1.));
#11323=DIRECTION('',(1.,0.,0.));
#11324=DIRECTION('',(-0.963015863460582,-0.269444700677652,0.));
#11325=DIRECTION('',(0.,0.,1.));
#11326=DIRECTION('',(1.,0.,0.));
#11327=DIRECTION('',(-0.963015863460582,0.269444700677652,0.));
#11328=DIRECTION('',(0.,0.,1.));
#11329=DIRECTION('',(1.,0.,0.));
#11330=DIRECTION('',(-0.866025403784439,-0.5,0.));
#11331=DIRECTION('',(0.,0.,1.));
#11332=DIRECTION('',(1.,0.,0.));
#11333=DIRECTION('',(-0.866025403784439,0.5,0.));
#11334=DIRECTION('',(0.,0.,1.));
#11335=DIRECTION('',(1.,0.,0.));
#11336=DIRECTION('',(-0.963015863460582,-0.269444700677652,0.));
#11337=DIRECTION('',(0.,0.,1.));
#11338=DIRECTION('',(1.,0.,0.));
#11339=DIRECTION('',(-0.866025403784439,0.5,0.));
#11340=DIRECTION('',(0.,0.,1.));
#11341=DIRECTION('',(1.,0.,0.));
#11342=DIRECTION('',(0.963015863460582,0.269444700677652,0.));
#11343=DIRECTION('',(0.,0.,1.));
#11344=DIRECTION('',(1.,0.,0.));
#11345=DIRECTION('',(9.71323731080627E-16,1.,0.));
#11346=DIRECTION('',(0.,0.,1.));
#11347=DIRECTION('',(1.,0.,0.));
#11348=DIRECTION('',(0.866025403784439,-0.5,0.));
#11349=DIRECTION('',(0.,0.,1.));
#11350=DIRECTION('',(1.,0.,0.));
#11351=DIRECTION('',(-6.07077331925392E-16,-1.,0.));
#11352=DIRECTION('',(0.,0.,1.));
#11353=DIRECTION('',(1.,0.,0.));
#11354=DIRECTION('',(-0.963015863460582,0.269444700677653,0.));
#11355=DIRECTION('',(0.,0.,1.));
#11356=DIRECTION('',(1.,0.,0.));
#11357=DIRECTION('',(-0.866025403784439,-0.5,0.));
#11358=DIRECTION('',(0.,0.,1.));
#11359=DIRECTION('',(1.,0.,0.));
#11360=DIRECTION('',(-6.07077331925392E-16,-1.,0.));
#11361=DIRECTION('',(0.,0.,1.));
#11362=DIRECTION('',(1.,0.,0.));
#11363=DIRECTION('',(-0.866025403784439,-0.5,0.));
#11364=DIRECTION('',(0.,0.,1.));
#11365=DIRECTION('',(1.,0.,0.));
#11366=DIRECTION('',(0.866025403784439,-0.5,0.));
#11367=DIRECTION('',(0.,0.,1.));
#11368=DIRECTION('',(1.,0.,0.));
#11369=DIRECTION('',(0.963015863460582,0.269444700677652,0.));
#11370=DIRECTION('',(0.,0.,1.));
#11371=DIRECTION('',(1.,0.,0.));
#11372=DIRECTION('',(-0.866025403784439,0.5,0.));
#11373=DIRECTION('',(0.,0.,1.));
#11374=DIRECTION('',(1.,0.,0.));
#11375=DIRECTION('',(-6.07077331925392E-16,-1.,0.));
#11376=DIRECTION('',(0.,0.,1.));
#11377=DIRECTION('',(1.,0.,0.));
#11378=DIRECTION('',(0.963015863460582,-0.269444700677653,0.));
#11379=DIRECTION('',(0.,0.,1.));
#11380=DIRECTION('',(1.,0.,0.));
#11381=DIRECTION('',(-0.866025403784439,-0.5,0.));
#11382=DIRECTION('',(0.,0.,1.));
#11383=DIRECTION('',(1.,0.,0.));
#11384=DIRECTION('',(-3.24824778105332E-16,-1.,0.));
#11385=DIRECTION('',(0.,0.,1.));
#11386=DIRECTION('',(1.,0.,0.));
#11387=DIRECTION('',(-0.866025403784439,-0.5,0.));
#11388=DIRECTION('',(0.,0.,1.));
#11389=DIRECTION('',(1.,0.,0.));
#11390=DIRECTION('',(0.,1.,0.));
#11391=DIRECTION('',(0.,0.,1.));
#11392=DIRECTION('',(1.,0.,0.));
#11393=DIRECTION('',(0.866025403784439,-0.5,0.));
#11394=DIRECTION('',(1.80255219945966E-16,1.,0.));
#11395=DIRECTION('',(-0.963015863460582,0.269444700677652,0.));
#11396=DIRECTION('',(-0.963015863460582,-0.269444700677652,0.));
#11397=DIRECTION('',(-1.80255219945966E-16,-1.,0.));
#11398=DIRECTION('',(-0.963015863460582,0.269444700677652,0.));
#11399=DIRECTION('',(-0.963015863460582,-0.269444700677652,0.));
#11400=DIRECTION('',(0.,0.,1.));
#11401=DIRECTION('',(1.,0.,0.));
#11402=DIRECTION('',(-0.963015863460582,0.269444700677652,0.));
#11403=DIRECTION('',(0.,0.,1.));
#11404=DIRECTION('',(1.,0.,0.));
#11405=DIRECTION('',(-4.85661865540313E-16,1.,0.));
#11406=DIRECTION('',(0.,0.,1.));
#11407=DIRECTION('',(1.,0.,0.));
#11408=DIRECTION('',(-0.963015863460582,0.269444700677653,0.));
#11409=DIRECTION('',(0.,0.,1.));
#11410=DIRECTION('',(1.,0.,0.));
#11411=DIRECTION('',(0.866025403784439,0.5,0.));
#11412=DIRECTION('',(0.,0.,1.));
#11413=DIRECTION('',(1.,0.,0.));
#11414=DIRECTION('',(0.,1.,0.));
#11415=DIRECTION('',(0.,0.,1.));
#11416=DIRECTION('',(1.,0.,0.));
#11417=DIRECTION('',(-0.866025403784439,-0.5,0.));
#11418=DIRECTION('',(0.,0.,1.));
#11419=DIRECTION('',(1.,0.,0.));
#11420=DIRECTION('',(0.,-1.,0.));
#11421=DIRECTION('',(0.,0.,1.));
#11422=DIRECTION('',(1.,0.,0.));
#11423=DIRECTION('',(0.866025403784439,-0.5,0.));
#11424=DIRECTION('',(0.,0.,1.));
#11425=DIRECTION('',(1.,0.,0.));
#11426=DIRECTION('',(-0.963015863460582,-0.269444700677652,0.));
#11427=DIRECTION('',(0.,0.,1.));
#11428=DIRECTION('',(1.,0.,0.));
#11429=DIRECTION('',(2.42830932770157E-16,1.,0.));
#11430=DIRECTION('',(0.,0.,1.));
#11431=DIRECTION('',(1.,0.,0.));
#11432=DIRECTION('',(0.866025403784439,-0.5,0.));
#11433=DIRECTION('',(0.,0.,1.));
#11434=DIRECTION('',(1.,0.,0.));
#11435=DIRECTION('',(0.866025403784438,0.5,0.));
#11436=DIRECTION('',(-0.5,0.866025403784439,0.));
#11437=DIRECTION('',(0.866025403784438,0.5,0.));
#11438=DIRECTION('',(0.,0.,1.));
#11439=DIRECTION('',(1.,0.,0.));
#11440=DIRECTION('',(0.866025403784439,-0.5,0.));
#11441=DIRECTION('',(0.5,0.866025403784439,0.));
#11442=DIRECTION('',(0.866025403784439,-0.5,0.));
#11443=DIRECTION('',(0.,0.,1.));
#11444=DIRECTION('',(1.,0.,0.));
#11445=DIRECTION('',(-0.866025403784439,-0.5,0.));
#11446=DIRECTION('',(0.5,-0.866025403784439,0.));
#11447=DIRECTION('',(-0.866025403784439,-0.5,0.));
#11448=DIRECTION('',(0.,0.,1.));
#11449=DIRECTION('',(1.,0.,0.));
#11450=DIRECTION('',(-0.866025403784439,0.5,0.));
#11451=DIRECTION('',(-0.5,-0.866025403784439,0.));
#11452=DIRECTION('',(-0.866025403784439,0.5,0.));
#11453=DIRECTION('',(0.,0.,1.));
#11454=DIRECTION('',(1.,0.,0.));
#11455=DIRECTION('',(0.,0.,1.));
#11456=DIRECTION('',(0.,0.,1.));
#11457=DIRECTION('',(0.,0.,1.));
#11458=DIRECTION('',(1.,0.,0.));
#11459=DIRECTION('',(0.,0.,1.));
#11460=DIRECTION('',(0.,0.,1.));
#11461=DIRECTION('',(0.,0.,1.));
#11462=DIRECTION('',(1.,0.,0.));
#11463=DIRECTION('',(0.,0.,1.));
#11464=DIRECTION('',(0.,0.,1.));
#11465=DIRECTION('',(0.,0.,1.));
#11466=DIRECTION('',(1.,0.,0.));
#11467=DIRECTION('',(0.,0.,1.));
#11468=DIRECTION('',(0.,0.,1.));
#11469=DIRECTION('',(1.,-1.80255219945966E-16,0.));
#11470=DIRECTION('',(1.80255219945966E-16,1.,0.));
#11471=DIRECTION('',(0.,0.,1.));
#11472=DIRECTION('',(0.,0.,1.));
#11473=DIRECTION('',(0.269444700677652,0.963015863460582,0.));
#11474=DIRECTION('',(-0.963015863460582,0.269444700677652,0.));
#11475=DIRECTION('',(0.,0.,1.));
#11476=DIRECTION('',(-0.269444700677652,0.963015863460582,0.));
#11477=DIRECTION('',(-0.963015863460582,-0.269444700677652,0.));
#11478=DIRECTION('',(0.,0.,1.));
#11479=DIRECTION('',(-1.,1.80255219945966E-16,0.));
#11480=DIRECTION('',(-1.80255219945966E-16,-1.,0.));
#11481=DIRECTION('',(0.,0.,1.));
#11482=DIRECTION('',(0.269444700677652,0.963015863460582,0.));
#11483=DIRECTION('',(-0.963015863460582,0.269444700677652,0.));
#11484=DIRECTION('',(0.,0.,1.));
#11485=DIRECTION('',(-0.269444700677652,0.963015863460582,0.));
#11486=DIRECTION('',(-0.963015863460582,-0.269444700677652,0.));
#11487=DIRECTION('',(-0.5,0.866025403784439,0.));
#11488=DIRECTION('',(-0.866025403784439,-0.5,0.));
#11489=DIRECTION('',(0.,0.,-1.));
#11490=DIRECTION('',(0.,0.,-1.));
#11491=DIRECTION('',(-0.5,-0.866025403784439,0.));
#11492=DIRECTION('',(0.866025403784439,-0.5,0.));
#11493=DIRECTION('',(0.,0.,1.));
#11494=DIRECTION('',(0.,0.,-1.));
#11495=DIRECTION('',(1.,0.,0.));
#11496=DIRECTION('',(0.,0.,-1.));
#11497=DIRECTION('',(0.,0.,-1.));
#11498=DIRECTION('',(0.,0.,-1.));
#11499=DIRECTION('',(-1.,3.24824778105332E-16,0.));
#11500=DIRECTION('',(-3.24824778105332E-16,-1.,0.));
#11501=DIRECTION('',(0.,0.,-1.));
#11502=DIRECTION('',(0.,0.,1.));
#11503=DIRECTION('',(0.,0.,1.));
#11504=DIRECTION('',(1.,0.,0.));
#11505=DIRECTION('',(0.,0.,-1.));
#11506=DIRECTION('',(-1.,0.,0.));
#11507=DIRECTION('',(0.,0.,-1.));
#11508=DIRECTION('',(-1.,0.,0.));
#11509=DIRECTION('',(0.,0.,-1.));
#11510=DIRECTION('',(-1.,0.,0.));
#11511=DIRECTION('',(-1.,6.07077331925392E-16,0.));
#11512=DIRECTION('',(-6.07077331925392E-16,-1.,0.));
#11513=DIRECTION('',(0.,0.,-1.));
#11514=DIRECTION('',(0.,0.,1.));
#11515=DIRECTION('',(-0.5,0.866025403784439,0.));
#11516=DIRECTION('',(-0.866025403784439,-0.5,0.));
#11517=DIRECTION('',(0.,0.,1.));
#11518=DIRECTION('',(0.,0.,-1.));
#11519=DIRECTION('',(-0.269444700677653,-0.963015863460582,0.));
#11520=DIRECTION('',(0.963015863460582,-0.269444700677653,0.));
#11521=DIRECTION('',(0.,0.,-1.));
#11522=DIRECTION('',(0.,0.,-1.));
#11523=DIRECTION('',(0.5,0.866025403784439,0.));
#11524=DIRECTION('',(-0.866025403784439,0.5,0.));
#11525=DIRECTION('',(0.,0.,1.));
#11526=DIRECTION('',(0.,0.,1.));
#11527=DIRECTION('',(0.,0.,-1.));
#11528=DIRECTION('',(-1.,0.,0.));
#11529=DIRECTION('',(0.,0.,1.));
#11530=DIRECTION('',(1.,0.,0.));
#11531=DIRECTION('',(0.,0.,1.));
#11532=DIRECTION('',(1.,0.,0.));
#11533=DIRECTION('',(0.,0.,-1.));
#11534=DIRECTION('',(-1.,0.,0.));
#11535=DIRECTION('',(-1.,6.07077331925392E-16,0.));
#11536=DIRECTION('',(-6.07077331925392E-16,-1.,0.));
#11537=DIRECTION('',(0.,0.,1.));
#11538=DIRECTION('',(0.,0.,-1.));
#11539=DIRECTION('',(-0.5,-0.866025403784439,0.));
#11540=DIRECTION('',(0.866025403784439,-0.5,0.));
#11541=DIRECTION('',(0.,0.,-1.));
#11542=DIRECTION('',(0.,0.,1.));
#11543=DIRECTION('',(0.269444700677652,-0.963015863460582,0.));
#11544=DIRECTION('',(0.963015863460582,0.269444700677652,0.));
#11545=DIRECTION('',(0.,0.,-1.));
#11546=DIRECTION('',(0.,0.,-1.));
#11547=DIRECTION('',(-0.5,0.866025403784439,0.));
#11548=DIRECTION('',(-0.866025403784439,-0.5,0.));
#11549=DIRECTION('',(0.,0.,1.));
#11550=DIRECTION('',(0.,0.,1.));
#11551=DIRECTION('',(0.,0.,1.));
#11552=DIRECTION('',(1.,0.,0.));
#11553=DIRECTION('',(0.,0.,-1.));
#11554=DIRECTION('',(-1.,0.,0.));
#11555=DIRECTION('',(0.,0.,-1.));
#11556=DIRECTION('',(-1.,0.,0.));
#11557=DIRECTION('',(0.,0.,1.));
#11558=DIRECTION('',(1.,0.,0.));
#11559=DIRECTION('',(0.5,-0.866025403784439,0.));
#11560=DIRECTION('',(0.866025403784439,0.5,0.));
#11561=DIRECTION('',(0.,0.,-1.));
#11562=DIRECTION('',(0.,0.,-1.));
#11563=DIRECTION('',(1.,4.85661865540313E-16,0.));
#11564=DIRECTION('',(-4.85661865540313E-16,1.,0.));
#11565=DIRECTION('',(0.,0.,-1.));
#11566=DIRECTION('',(0.,0.,-1.));
#11567=DIRECTION('',(0.269444700677653,0.963015863460582,0.));
#11568=DIRECTION('',(-0.963015863460582,0.269444700677653,0.));
#11569=DIRECTION('',(0.,0.,-1.));
#11570=DIRECTION('',(0.,0.,-1.));
#11571=DIRECTION('',(0.269444700677652,0.963015863460582,0.));
#11572=DIRECTION('',(-0.963015863460582,0.269444700677652,0.));
#11573=DIRECTION('',(0.,0.,-1.));
#11574=DIRECTION('',(0.,0.,-1.));
#11575=DIRECTION('',(0.,0.,-1.));
#11576=DIRECTION('',(-1.,0.,0.));
#11577=DIRECTION('',(0.,0.,1.));
#11578=DIRECTION('',(1.,0.,0.));
#11579=DIRECTION('',(0.,0.,-1.));
#11580=DIRECTION('',(-1.,0.,0.));
#11581=DIRECTION('',(0.,0.,1.));
#11582=DIRECTION('',(1.,0.,0.));
#11583=DIRECTION('',(-0.5,0.866025403784439,0.));
#11584=DIRECTION('',(-0.866025403784439,-0.5,0.));
#11585=DIRECTION('',(0.,0.,-1.));
#11586=DIRECTION('',(0.,0.,-1.));
#11587=DIRECTION('',(-1.,6.07077331925392E-16,0.));
#11588=DIRECTION('',(-6.07077331925392E-16,-1.,0.));
#11589=DIRECTION('',(0.,0.,-1.));
#11590=DIRECTION('',(0.,0.,-1.));
#11591=DIRECTION('',(0.269444700677653,0.963015863460582,0.));
#11592=DIRECTION('',(-0.963015863460582,0.269444700677653,0.));
#11593=DIRECTION('',(0.,0.,-1.));
#11594=DIRECTION('',(0.,0.,-1.));
#11595=DIRECTION('',(-0.5,-0.866025403784439,0.));
#11596=DIRECTION('',(0.866025403784439,-0.5,0.));
#11597=DIRECTION('',(0.,0.,-1.));
#11598=DIRECTION('',(0.,0.,-1.));
#11599=DIRECTION('',(0.,0.,-1.));
#11600=DIRECTION('',(-1.,0.,0.));
#11601=DIRECTION('',(0.,0.,1.));
#11602=DIRECTION('',(1.,0.,0.));
#11603=DIRECTION('',(0.,0.,-1.));
#11604=DIRECTION('',(-1.,0.,0.));
#11605=DIRECTION('',(0.,0.,1.));
#11606=DIRECTION('',(1.,0.,0.));
#11607=DIRECTION('',(1.,-9.71323731080627E-16,0.));
#11608=DIRECTION('',(9.71323731080627E-16,1.,0.));
#11609=DIRECTION('',(0.,0.,-1.));
#11610=DIRECTION('',(0.,0.,-1.));
#11611=DIRECTION('',(0.5,0.866025403784439,0.));
#11612=DIRECTION('',(-0.866025403784439,0.5,0.));
#11613=DIRECTION('',(0.,0.,-1.));
#11614=DIRECTION('',(0.,0.,-1.));
#11615=DIRECTION('',(0.269444700677652,-0.963015863460582,0.));
#11616=DIRECTION('',(0.963015863460582,0.269444700677652,0.));
#11617=DIRECTION('',(0.,0.,-1.));
#11618=DIRECTION('',(0.,0.,-1.));
#11619=DIRECTION('',(-0.269444700677652,0.963015863460582,0.));
#11620=DIRECTION('',(-0.963015863460582,-0.269444700677652,0.));
#11621=DIRECTION('',(0.,0.,-1.));
#11622=DIRECTION('',(0.,0.,-1.));
#11623=DIRECTION('',(0.,0.,1.));
#11624=DIRECTION('',(1.,0.,0.));
#11625=DIRECTION('',(0.,0.,-1.));
#11626=DIRECTION('',(-1.,0.,0.));
#11627=DIRECTION('',(0.,0.,-1.));
#11628=DIRECTION('',(-1.,0.,0.));
#11629=DIRECTION('',(0.,0.,1.));
#11630=DIRECTION('',(1.,0.,0.));
#11631=DIRECTION('',(-0.269444700677652,0.963015863460582,0.));
#11632=DIRECTION('',(-0.963015863460582,-0.269444700677652,0.));
#11633=DIRECTION('',(0.,0.,-1.));
#11634=DIRECTION('',(0.,0.,-1.));
#11635=DIRECTION('',(0.269444700677652,0.963015863460582,0.));
#11636=DIRECTION('',(-0.963015863460582,0.269444700677652,0.));
#11637=DIRECTION('',(0.,0.,1.));
#11638=DIRECTION('',(0.,0.,-1.));
#11639=DIRECTION('',(0.5,0.866025403784439,0.));
#11640=DIRECTION('',(-0.866025403784439,0.5,0.));
#11641=DIRECTION('',(0.,0.,-1.));
#11642=DIRECTION('',(0.,0.,-1.));
#11643=DIRECTION('',(-0.5,0.866025403784439,0.));
#11644=DIRECTION('',(-0.866025403784439,-0.5,0.));
#11645=DIRECTION('',(0.,0.,-1.));
#11646=DIRECTION('',(0.,0.,1.));
#11647=DIRECTION('',(0.,0.,-1.));
#11648=DIRECTION('',(-1.,0.,0.));
#11649=DIRECTION('',(0.,0.,1.));
#11650=DIRECTION('',(1.,0.,0.));
#11651=DIRECTION('',(0.,0.,-1.));
#11652=DIRECTION('',(-1.,0.,0.));
#11653=DIRECTION('',(0.,0.,-1.));
#11654=DIRECTION('',(-1.,0.,0.));
#11655=DIRECTION('',(1.,4.85661865540314E-16,0.));
#11656=DIRECTION('',(-4.85661865540314E-16,1.,0.));
#11657=DIRECTION('',(0.,0.,-1.));
#11658=DIRECTION('',(0.,0.,-1.));
#11659=DIRECTION('',(-0.269444700677653,-0.963015863460582,0.));
#11660=DIRECTION('',(0.963015863460582,-0.269444700677653,0.));
#11661=DIRECTION('',(0.,0.,-1.));
#11662=DIRECTION('',(0.,0.,-1.));
#11663=DIRECTION('',(-0.5,0.866025403784439,0.));
#11664=DIRECTION('',(-0.866025403784439,-0.5,0.));
#11665=DIRECTION('',(0.,0.,1.));
#11666=DIRECTION('',(0.,0.,-1.));
#11667=DIRECTION('',(0.269444700677652,0.963015863460582,0.));
#11668=DIRECTION('',(-0.963015863460582,0.269444700677652,0.));
#11669=DIRECTION('',(0.,0.,-1.));
#11670=DIRECTION('',(0.,0.,1.));
#11671=DIRECTION('',(0.,0.,-1.));
#11672=DIRECTION('',(-1.,0.,0.));
#11673=DIRECTION('',(0.,0.,1.));
#11674=DIRECTION('',(1.,0.,0.));
#11675=DIRECTION('',(0.,0.,-1.));
#11676=DIRECTION('',(-1.,0.,0.));
#11677=DIRECTION('',(0.,0.,-1.));
#11678=DIRECTION('',(-1.,0.,0.));
#11679=DIRECTION('',(-0.5,-0.866025403784439,0.));
#11680=DIRECTION('',(0.866025403784439,-0.5,0.));
#11681=DIRECTION('',(0.,0.,-1.));
#11682=DIRECTION('',(0.,0.,-1.));
#11683=DIRECTION('',(-0.5,0.866025403784439,0.));
#11684=DIRECTION('',(-0.866025403784439,-0.5,0.));
#11685=DIRECTION('',(0.,0.,-1.));
#11686=DIRECTION('',(0.,0.,1.));
#11687=DIRECTION('',(-1.,0.,0.));
#11688=DIRECTION('',(0.,0.,1.));
#11689=DIRECTION('',(0.,0.,-1.));
#11690=DIRECTION('',(0.,0.,-1.));
#11691=DIRECTION('',(1.,0.,0.));
#11692=DIRECTION('',(0.,0.,-1.));
#11693=DIRECTION('',(0.,0.,1.));
#11694=DIRECTION('',(0.,0.,-1.));
#11695=DIRECTION('',(0.,0.,-1.));
#11696=DIRECTION('',(-1.,0.,0.));
#11697=DIRECTION('',(0.,0.,1.));
#11698=DIRECTION('',(1.,0.,0.));
#11699=DIRECTION('',(0.,0.,1.));
#11700=DIRECTION('',(1.,0.,0.));
#11701=DIRECTION('',(0.,0.,1.));
#11702=DIRECTION('',(1.,0.,0.));
#11703=DIRECTION('',(-0.5,-0.866025403784439,0.));
#11704=DIRECTION('',(0.866025403784439,-0.5,0.));
#11705=DIRECTION('',(0.,0.,-1.));
#11706=DIRECTION('',(0.,0.,-1.));
#11707=DIRECTION('',(-1.,6.07077331925392E-16,0.));
#11708=DIRECTION('',(-6.07077331925392E-16,-1.,0.));
#11709=DIRECTION('',(0.,0.,-1.));
#11710=DIRECTION('',(0.,0.,-1.));
#11711=DIRECTION('',(-0.269444700677653,0.963015863460582,0.));
#11712=DIRECTION('',(-0.963015863460582,-0.269444700677653,0.));
#11713=DIRECTION('',(0.,0.,-1.));
#11714=DIRECTION('',(0.,0.,-1.));
#11715=DIRECTION('',(0.5,-0.866025403784439,0.));
#11716=DIRECTION('',(0.866025403784439,0.5,0.));
#11717=DIRECTION('',(0.,0.,-1.));
#11718=DIRECTION('',(0.,0.,-1.));
#11719=DIRECTION('',(0.,0.,1.));
#11720=DIRECTION('',(1.,0.,0.));
#11721=DIRECTION('',(0.,0.,-1.));
#11722=DIRECTION('',(-1.,0.,0.));
#11723=DIRECTION('',(0.,0.,1.));
#11724=DIRECTION('',(1.,0.,0.));
#11725=DIRECTION('',(0.,0.,-1.));
#11726=DIRECTION('',(-1.,0.,0.));
#11727=DIRECTION('',(0.269444700677652,0.963015863460582,0.));
#11728=DIRECTION('',(-0.963015863460582,0.269444700677652,0.));
#11729=DIRECTION('',(0.,0.,1.));
#11730=DIRECTION('',(0.,0.,-1.));
#11731=DIRECTION('',(-0.5,0.866025403784439,0.));
#11732=DIRECTION('',(-0.866025403784439,-0.5,0.));
#11733=DIRECTION('',(0.,0.,-1.));
#11734=DIRECTION('',(0.,0.,1.));
#11735=DIRECTION('',(1.,4.85661865540314E-16,0.));
#11736=DIRECTION('',(-4.85661865540314E-16,1.,0.));
#11737=DIRECTION('',(0.,0.,-1.));
#11738=DIRECTION('',(0.,0.,-1.));
#11739=DIRECTION('',(0.,0.,1.));
#11740=DIRECTION('',(1.,0.,0.));
#11741=DIRECTION('',(0.,0.,-1.));
#11742=DIRECTION('',(-1.,0.,0.));
#11743=DIRECTION('',(0.,0.,-1.));
#11744=DIRECTION('',(-1.,0.,0.));
#11745=DIRECTION('',(-0.5,-0.866025403784439,0.));
#11746=DIRECTION('',(0.866025403784439,-0.5,0.));
#11747=DIRECTION('',(0.,0.,1.));
#11748=DIRECTION('',(0.,0.,-1.));
#11749=DIRECTION('',(1.,-9.71323731080627E-16,0.));
#11750=DIRECTION('',(9.71323731080627E-16,1.,0.));
#11751=DIRECTION('',(0.,0.,-1.));
#11752=DIRECTION('',(0.,0.,-1.));
#11753=DIRECTION('',(-0.269444700677652,0.963015863460582,0.));
#11754=DIRECTION('',(-0.963015863460582,-0.269444700677652,0.));
#11755=DIRECTION('',(0.,0.,-1.));
#11756=DIRECTION('',(0.,0.,1.));
#11757=DIRECTION('',(0.,0.,-1.));
#11758=DIRECTION('',(-1.,0.,0.));
#11759=DIRECTION('',(0.,0.,1.));
#11760=DIRECTION('',(1.,0.,0.));
#11761=DIRECTION('',(0.,0.,-1.));
#11762=DIRECTION('',(-1.,0.,0.));
#11763=DIRECTION('',(0.5,-0.866025403784439,0.));
#11764=DIRECTION('',(0.866025403784439,0.5,0.));
#11765=DIRECTION('',(0.,0.,-1.));
#11766=DIRECTION('',(0.,0.,-1.));
#11767=DIRECTION('',(-0.5,-0.866025403784439,0.));
#11768=DIRECTION('',(0.866025403784439,-0.5,0.));
#11769=DIRECTION('',(0.,0.,1.));
#11770=DIRECTION('',(0.,0.,-1.));
#11771=DIRECTION('',(0.269444700677652,0.963015863460582,0.));
#11772=DIRECTION('',(-0.963015863460582,0.269444700677652,0.));
#11773=DIRECTION('',(0.,0.,-1.));
#11774=DIRECTION('',(0.,0.,-1.));
#11775=DIRECTION('',(-0.269444700677652,0.963015863460582,0.));
#11776=DIRECTION('',(-0.963015863460582,-0.269444700677652,0.));
#11777=DIRECTION('',(0.,0.,-1.));
#11778=DIRECTION('',(0.,0.,1.));
#11779=DIRECTION('',(0.,0.,-1.));
#11780=DIRECTION('',(-1.,0.,0.));
#11781=DIRECTION('',(0.,0.,1.));
#11782=DIRECTION('',(1.,0.,0.));
#11783=DIRECTION('',(0.,0.,-1.));
#11784=DIRECTION('',(-1.,0.,0.));
#11785=DIRECTION('',(0.,0.,-1.));
#11786=DIRECTION('',(-1.,0.,0.));
#11787=DIRECTION('',(0.269444700677652,0.963015863460582,0.));
#11788=DIRECTION('',(-0.963015863460582,0.269444700677652,0.));
#11789=DIRECTION('',(0.,0.,1.));
#11790=DIRECTION('',(0.,0.,-1.));
#11791=DIRECTION('',(-0.5,0.866025403784439,0.));
#11792=DIRECTION('',(-0.866025403784439,-0.5,0.));
#11793=DIRECTION('',(0.,0.,-1.));
#11794=DIRECTION('',(0.,0.,1.));
#11795=DIRECTION('',(1.,4.85661865540313E-16,0.));
#11796=DIRECTION('',(-4.85661865540313E-16,1.,0.));
#11797=DIRECTION('',(0.,0.,-1.));
#11798=DIRECTION('',(0.,0.,-1.));
#11799=DIRECTION('',(0.,0.,1.));
#11800=DIRECTION('',(1.,0.,0.));
#11801=DIRECTION('',(0.,0.,-1.));
#11802=DIRECTION('',(-1.,0.,0.));
#11803=DIRECTION('',(0.,0.,-1.));
#11804=DIRECTION('',(-1.,0.,0.));
#11805=DIRECTION('',(-1.31838984174237E-16,1.,0.));
#11806=DIRECTION('',(-1.,-1.31838984174237E-16,0.));
#11807=DIRECTION('',(0.,0.,-1.));
#11808=DIRECTION('',(0.,0.,-1.));
#11809=DIRECTION('',(1.,0.,0.));
#11810=DIRECTION('',(0.,0.,-1.));
#11811=DIRECTION('',(0.,0.,-1.));
#11812=DIRECTION('',(0.,0.,-1.));
#11813=DIRECTION('',(-0.5,0.866025403784439,0.));
#11814=DIRECTION('',(-0.866025403784439,-0.5,0.));
#11815=DIRECTION('',(0.,0.,-1.));
#11816=DIRECTION('',(0.,0.,-1.));
#11817=DIRECTION('',(-1.,1.80255219945966E-16,0.));
#11818=DIRECTION('',(-1.80255219945966E-16,-1.,0.));
#11819=DIRECTION('',(0.,0.,-1.));
#11820=DIRECTION('',(0.,0.,-1.));
#11821=DIRECTION('',(0.,0.,-1.));
#11822=DIRECTION('',(-1.,0.,0.));
#11823=DIRECTION('',(0.,0.,1.));
#11824=DIRECTION('',(1.,0.,0.));
#11825=DIRECTION('',(0.,0.,-1.));
#11826=DIRECTION('',(-1.,0.,0.));
#11827=DIRECTION('',(0.,0.,1.));
#11828=DIRECTION('',(1.,0.,0.));
#11829=DIRECTION('',(-0.5,-0.866025403784439,0.));
#11830=DIRECTION('',(0.866025403784439,-0.5,0.));
#11831=DIRECTION('',(0.,0.,-1.));
#11832=DIRECTION('',(0.,0.,1.));
#11833=DIRECTION('',(1.,0.,0.));
#11834=DIRECTION('',(0.,0.,-1.));
#11835=DIRECTION('',(0.,0.,-1.));
#11836=DIRECTION('',(0.,0.,-1.));
#11837=DIRECTION('',(-1.31838984174237E-16,1.,0.));
#11838=DIRECTION('',(-1.,-1.31838984174237E-16,0.));
#11839=DIRECTION('',(0.,0.,-1.));
#11840=DIRECTION('',(0.,0.,-1.));
#11841=DIRECTION('',(-1.,1.80255219945966E-16,0.));
#11842=DIRECTION('',(-1.80255219945966E-16,-1.,0.));
#11843=DIRECTION('',(0.,0.,1.));
#11844=DIRECTION('',(0.,0.,-1.));
#11845=DIRECTION('',(0.,0.,1.));
#11846=DIRECTION('',(1.,0.,0.));
#11847=DIRECTION('',(0.,0.,-1.));
#11848=DIRECTION('',(-1.,0.,0.));
#11849=DIRECTION('',(0.,0.,1.));
#11850=DIRECTION('',(1.,0.,0.));
#11851=DIRECTION('',(0.,0.,1.));
#11852=DIRECTION('',(1.,0.,0.));
#11853=DIRECTION('',(0.,-1.,0.));
#11854=DIRECTION('',(0.,0.,-1.));
#11855=DIRECTION('',(0.,0.,-1.));
#11856=DIRECTION('',(0.,0.,-1.));
#11857=DIRECTION('',(-1.,0.,0.));
#11858=DIRECTION('',(0.,0.,1.));
#11859=DIRECTION('',(0.,0.,-1.));
#11860=DIRECTION('',(0.,0.,-1.));
#11861=DIRECTION('',(-0.5,0.866025403784439,0.));
#11862=DIRECTION('',(-0.866025403784439,-0.5,0.));
#11863=DIRECTION('',(0.,0.,1.));
#11864=DIRECTION('',(0.,0.,-1.));
#11865=DIRECTION('',(1.,-1.80255219945966E-16,0.));
#11866=DIRECTION('',(1.80255219945966E-16,1.,0.));
#11867=DIRECTION('',(0.,0.,-1.));
#11868=DIRECTION('',(0.,0.,1.));
#11869=DIRECTION('',(0.,0.,-1.));
#11870=DIRECTION('',(-1.,0.,0.));
#11871=DIRECTION('',(0.,0.,1.));
#11872=DIRECTION('',(1.,0.,0.));
#11873=DIRECTION('',(0.,0.,-1.));
#11874=DIRECTION('',(-1.,0.,0.));
#11875=DIRECTION('',(0.,0.,-1.));
#11876=DIRECTION('',(-1.,0.,0.));
#11877=DIRECTION('',(0.,-1.,0.));
#11878=DIRECTION('',(0.,0.,-1.));
#11879=DIRECTION('',(0.,0.,-1.));
#11880=DIRECTION('',(0.,0.,-1.));
#11881=DIRECTION('',(-0.5,-0.866025403784439,0.));
#11882=DIRECTION('',(0.866025403784439,-0.5,0.));
#11883=DIRECTION('',(0.,0.,-1.));
#11884=DIRECTION('',(0.,0.,-1.));
#11885=DIRECTION('',(-1.,0.,0.));
#11886=DIRECTION('',(0.,0.,1.));
#11887=DIRECTION('',(0.,0.,-1.));
#11888=DIRECTION('',(0.,0.,-1.));
#11889=DIRECTION('',(1.,-1.80255219945966E-16,0.));
#11890=DIRECTION('',(1.80255219945966E-16,1.,0.));
#11891=DIRECTION('',(0.,0.,-1.));
#11892=DIRECTION('',(0.,0.,-1.));
#11893=DIRECTION('',(0.,0.,1.));
#11894=DIRECTION('',(1.,0.,0.));
#11895=DIRECTION('',(0.,0.,-1.));
#11896=DIRECTION('',(-1.,0.,0.));
#11897=DIRECTION('',(0.,0.,1.));
#11898=DIRECTION('',(1.,0.,0.));
#11899=DIRECTION('',(0.,0.,-1.));
#11900=DIRECTION('',(-1.,0.,0.));
#11901=DIRECTION('',(1.,-2.42830932770157E-16,0.));
#11902=DIRECTION('',(2.42830932770157E-16,1.,0.));
#11903=DIRECTION('',(0.,0.,-1.));
#11904=DIRECTION('',(0.,0.,-1.));
#11905=DIRECTION('',(-0.5,-0.866025403784439,0.));
#11906=DIRECTION('',(0.866025403784439,-0.5,0.));
#11907=DIRECTION('',(0.,0.,1.));
#11908=DIRECTION('',(0.,0.,-1.));
#11909=DIRECTION('',(-0.269444700677652,0.963015863460582,0.));
#11910=DIRECTION('',(-0.963015863460582,-0.269444700677652,0.));
#11911=DIRECTION('',(0.,0.,-1.));
#11912=DIRECTION('',(0.,0.,1.));
#11913=DIRECTION('',(0.,0.,-1.));
#11914=DIRECTION('',(-1.,0.,0.));
#11915=DIRECTION('',(0.,0.,1.));
#11916=DIRECTION('',(1.,0.,0.));
#11917=DIRECTION('',(0.,0.,-1.));
#11918=DIRECTION('',(-1.,0.,0.));
#11919=DIRECTION('',(1.,-2.42830932770157E-16,0.));
#11920=DIRECTION('',(2.42830932770157E-16,1.,0.));
#11921=DIRECTION('',(0.,0.,-1.));
#11922=DIRECTION('',(0.,0.,-1.));
#11923=DIRECTION('',(-0.5,-0.866025403784439,0.));
#11924=DIRECTION('',(0.866025403784439,-0.5,0.));
#11925=DIRECTION('',(0.,0.,-1.));
#11926=DIRECTION('',(0.,0.,1.));
#11927=DIRECTION('',(-0.269444700677653,0.963015863460582,0.));
#11928=DIRECTION('',(-0.963015863460582,-0.269444700677653,0.));
#11929=DIRECTION('',(0.,0.,-1.));
#11930=DIRECTION('',(0.,0.,-1.));
#11931=DIRECTION('',(-0.269444700677652,0.963015863460582,0.));
#11932=DIRECTION('',(-0.963015863460582,-0.269444700677652,0.));
#11933=DIRECTION('',(0.,0.,1.));
#11934=DIRECTION('',(0.,0.,-1.));
#11935=DIRECTION('',(0.,0.,1.));
#11936=DIRECTION('',(1.,0.,0.));
#11937=DIRECTION('',(0.,0.,-1.));
#11938=DIRECTION('',(-1.,0.,0.));
#11939=DIRECTION('',(0.,0.,-1.));
#11940=DIRECTION('',(-1.,0.,0.));
#11941=DIRECTION('',(0.,0.,-1.));
#11942=DIRECTION('',(-1.,0.,0.));
#11943=DIRECTION('',(0.,0.,-1.));
#11944=DIRECTION('',(-1.,0.,0.));
#11945=DIRECTION('',(0.,0.,-1.));
#11946=DIRECTION('',(-1.,0.,0.));
#11947=DIRECTION('',(0.,0.,-1.));
#11948=DIRECTION('',(-1.,0.,0.));
#11949=DIRECTION('',(0.,0.,-1.));
#11950=DIRECTION('',(-1.,0.,0.));
#11951=DIRECTION('',(0.,0.,-1.));
#11952=DIRECTION('',(-1.,0.,0.));
#11953=DIRECTION('',(0.,0.,-1.));
#11954=DIRECTION('',(-1.,0.,0.));
#11955=DIRECTION('',(0.,0.,-1.));
#11956=DIRECTION('',(-1.,0.,0.));
#11957=DIRECTION('',(0.,0.,-1.));
#11958=DIRECTION('',(-1.,0.,0.));
#11959=DIRECTION('',(0.,0.,-1.));
#11960=DIRECTION('',(-1.,0.,0.));
#11961=DIRECTION('',(0.,0.,-1.));
#11962=DIRECTION('',(-1.,0.,0.));
#11963=DIRECTION('',(0.,0.,-1.));
#11964=DIRECTION('',(-1.,0.,0.));
#11965=DIRECTION('',(0.,0.,-1.));
#11966=DIRECTION('',(-1.,0.,0.));
#11967=DIRECTION('',(0.,0.,-1.));
#11968=DIRECTION('',(-1.,0.,0.));
#11969=DIRECTION('',(0.,0.,-1.));
#11970=DIRECTION('',(-1.,0.,0.));
#11971=DIRECTION('',(0.,0.,-1.));
#11972=DIRECTION('',(-1.,0.,0.));
#11973=DIRECTION('',(0.,0.,-1.));
#11974=DIRECTION('',(-1.,0.,0.));
#11975=DIRECTION('',(0.,0.,-1.));
#11976=DIRECTION('',(-1.,0.,0.));
#11977=DIRECTION('',(0.,0.,-1.));
#11978=DIRECTION('',(-1.,0.,0.));
#11979=DIRECTION('',(0.,0.,-1.));
#11980=DIRECTION('',(-1.,0.,0.));
#11981=DIRECTION('',(0.,0.,-1.));
#11982=DIRECTION('',(-1.,0.,0.));
#11983=DIRECTION('',(0.,0.,-1.));
#11984=DIRECTION('',(-1.,0.,0.));
#11985=DIRECTION('',(0.,0.,-1.));
#11986=DIRECTION('',(-1.,0.,0.));
#11987=DIRECTION('',(0.,0.,-1.));
#11988=DIRECTION('',(-1.,0.,0.));
#11989=DIRECTION('',(0.,0.,-1.));
#11990=DIRECTION('',(-1.,0.,0.));
#11991=DIRECTION('',(0.,0.,-1.));
#11992=DIRECTION('',(-1.,0.,0.));
#11993=DIRECTION('',(0.,0.,-1.));
#11994=DIRECTION('',(-1.,0.,0.));
#11995=DIRECTION('',(0.,0.,-1.));
#11996=DIRECTION('',(-1.,0.,0.));
#11997=DIRECTION('',(0.,0.,-1.));
#11998=DIRECTION('',(-1.,0.,0.));
#11999=DIRECTION('',(0.,0.,-1.));
#12000=DIRECTION('',(-1.,0.,0.));
#12001=DIRECTION('',(0.,0.,-1.));
#12002=DIRECTION('',(-1.,0.,0.));
#12003=DIRECTION('',(0.,0.,-1.));
#12004=DIRECTION('',(-1.,0.,0.));
#12005=DIRECTION('',(0.,0.,-1.));
#12006=DIRECTION('',(-1.,0.,0.));
#12007=DIRECTION('',(0.,0.,-1.));
#12008=DIRECTION('',(-1.,0.,0.));
#12009=DIRECTION('',(0.,0.,-1.));
#12010=DIRECTION('',(-1.,0.,0.));
#12011=DIRECTION('',(0.,0.,-1.));
#12012=DIRECTION('',(-1.,0.,0.));
#12013=DIRECTION('',(0.,0.,-1.));
#12014=DIRECTION('',(-1.,0.,0.));
#12015=DIRECTION('',(0.,0.,-1.));
#12016=DIRECTION('',(-1.,0.,0.));
#12017=DIRECTION('',(0.,0.,-1.));
#12018=DIRECTION('',(-1.,0.,0.));
#12019=DIRECTION('',(0.,0.,-1.));
#12020=DIRECTION('',(-1.,0.,0.));
#12021=DIRECTION('',(0.,0.,-1.));
#12022=DIRECTION('',(-1.,0.,0.));
#12023=DIRECTION('',(0.,0.,-1.));
#12024=DIRECTION('',(-1.,0.,0.));
#12025=DIRECTION('',(0.,0.,-1.));
#12026=DIRECTION('',(-1.,0.,0.));
#12027=DIRECTION('',(0.,0.,-1.));
#12028=DIRECTION('',(-1.,0.,0.));
#12029=DIRECTION('',(0.,0.,-1.));
#12030=DIRECTION('',(-1.,0.,0.));
#12031=DIRECTION('',(0.,0.,-1.));
#12032=DIRECTION('',(-1.,0.,0.));
#12033=DIRECTION('',(0.,0.,-1.));
#12034=DIRECTION('',(-1.,0.,0.));
#12035=DIRECTION('',(0.,0.,-1.));
#12036=DIRECTION('',(-1.,0.,0.));
#12037=DIRECTION('',(0.,0.,-1.));
#12038=DIRECTION('',(-1.,0.,0.));
#12039=DIRECTION('',(0.,0.,-1.));
#12040=DIRECTION('',(-1.,0.,0.));
#12041=DIRECTION('',(0.,0.,-1.));
#12042=DIRECTION('',(-1.,0.,0.));
#12043=DIRECTION('',(0.,0.,-1.));
#12044=DIRECTION('',(-1.,0.,0.));
#12045=DIRECTION('',(0.,0.,-1.));
#12046=DIRECTION('',(-1.,0.,0.));
#12047=DIRECTION('',(0.,0.,-1.));
#12048=DIRECTION('',(-1.,0.,0.));
#12049=DIRECTION('',(0.,0.,-1.));
#12050=DIRECTION('',(-1.,0.,0.));
#12051=DIRECTION('',(0.,0.,-1.));
#12052=DIRECTION('',(-1.,0.,0.));
#12053=DIRECTION('',(0.,0.,-1.));
#12054=DIRECTION('',(-1.,0.,0.));
#12055=DIRECTION('',(0.,0.,-1.));
#12056=DIRECTION('',(-1.,0.,0.));
#12057=DIRECTION('',(0.,0.,-1.));
#12058=DIRECTION('',(-1.,0.,0.));
#12059=DIRECTION('',(0.,0.,-1.));
#12060=DIRECTION('',(-1.,0.,0.));
#12061=DIRECTION('',(0.,0.,-1.));
#12062=DIRECTION('',(-1.,0.,0.));
#12063=DIRECTION('',(0.,0.,-1.));
#12064=DIRECTION('',(-1.,0.,0.));
#12065=DIRECTION('',(0.,0.,-1.));
#12066=DIRECTION('',(-1.,0.,0.));
#12067=DIRECTION('',(0.,0.,-1.));
#12068=DIRECTION('',(-1.,0.,0.));
#12069=DIRECTION('',(0.,0.,-1.));
#12070=DIRECTION('',(-1.,0.,0.));
#12071=DIRECTION('',(0.,0.,-1.));
#12072=DIRECTION('',(-1.,0.,0.));
#12073=DIRECTION('',(0.,0.,-1.));
#12074=DIRECTION('',(-1.,0.,0.));
#12075=DIRECTION('',(0.,0.,-1.));
#12076=DIRECTION('',(-1.,0.,0.));
#12077=DIRECTION('',(0.,0.,-1.));
#12078=DIRECTION('',(-1.,0.,0.));
#12079=DIRECTION('',(0.,0.,-1.));
#12080=DIRECTION('',(-1.,0.,0.));
#12081=DIRECTION('',(0.,0.,-1.));
#12082=DIRECTION('',(-1.,0.,0.));
#12083=DIRECTION('',(0.,0.,-1.));
#12084=DIRECTION('',(-1.,0.,0.));
#12085=DIRECTION('',(0.,0.,-1.));
#12086=DIRECTION('',(-1.,0.,0.));
#12087=DIRECTION('',(0.,0.,-1.));
#12088=DIRECTION('',(-1.,0.,0.));
#12089=DIRECTION('',(0.,0.,-1.));
#12090=DIRECTION('',(-1.,0.,0.));
#12091=DIRECTION('',(0.,0.,-1.));
#12092=DIRECTION('',(-1.,0.,0.));
#12093=DIRECTION('',(0.,0.,-1.));
#12094=DIRECTION('',(-1.,0.,0.));
#12095=DIRECTION('',(0.,0.,-1.));
#12096=DIRECTION('',(-1.,0.,0.));
#12097=DIRECTION('',(0.,0.,-1.));
#12098=DIRECTION('',(-1.,0.,0.));
#12099=DIRECTION('',(0.,0.,-1.));
#12100=DIRECTION('',(-1.,0.,0.));
#12101=DIRECTION('',(0.,0.,-1.));
#12102=DIRECTION('',(-1.,0.,0.));
#12103=DIRECTION('',(0.,0.,-1.));
#12104=DIRECTION('',(-1.,0.,0.));
#12105=DIRECTION('',(0.,0.,-1.));
#12106=DIRECTION('',(-1.,0.,0.));
#12107=DIRECTION('',(0.,0.,-1.));
#12108=DIRECTION('',(-1.,0.,0.));
#12109=DIRECTION('',(0.,0.,-1.));
#12110=DIRECTION('',(-1.,0.,0.));
#12111=DIRECTION('',(0.,0.,-1.));
#12112=DIRECTION('',(-1.,0.,0.));
#12113=DIRECTION('',(0.,0.,-1.));
#12114=DIRECTION('',(-1.,0.,0.));
#12115=DIRECTION('',(0.,0.,-1.));
#12116=DIRECTION('',(-1.,0.,0.));
#12117=DIRECTION('',(0.,0.,-1.));
#12118=DIRECTION('',(-1.,0.,0.));
#12119=DIRECTION('',(0.,0.,-1.));
#12120=DIRECTION('',(-1.,0.,0.));
#12121=DIRECTION('',(0.,0.,-1.));
#12122=DIRECTION('',(-1.,0.,0.));
#12123=DIRECTION('',(0.,0.,-1.));
#12124=DIRECTION('',(-1.,0.,0.));
#12125=DIRECTION('',(0.,0.,-1.));
#12126=DIRECTION('',(-1.,0.,0.));
#12127=DIRECTION('',(0.,0.,-1.));
#12128=DIRECTION('',(-1.,0.,0.));
#12129=DIRECTION('',(0.,0.,-1.));
#12130=DIRECTION('',(-1.,0.,0.));
#12131=DIRECTION('',(0.,0.,-1.));
#12132=DIRECTION('',(-1.,0.,0.));
#12133=DIRECTION('',(0.,0.,-1.));
#12134=DIRECTION('',(-1.,0.,0.));
#12135=DIRECTION('',(-0.866025403784439,0.5,0.));
#12136=DIRECTION('',(-0.5,-0.866025403784439,0.));
#12137=DIRECTION('',(0.,0.,-1.));
#12138=DIRECTION('',(0.,0.,-1.));
#12139=DIRECTION('',(0.5,0.866025403784439,0.));
#12140=DIRECTION('',(-0.866025403784439,0.5,0.));
#12141=DIRECTION('',(0.5,0.866025403784439,0.));
#12142=DIRECTION('',(-0.866025403784439,0.5,0.));
#12143=DIRECTION('',(-0.866025403784439,0.5,0.));
#12144=DIRECTION('',(-0.5,-0.866025403784439,0.));
#12145=DIRECTION('',(0.,0.,-1.));
#12146=DIRECTION('',(0.,0.,-1.));
#12147=DIRECTION('',(0.5,0.866025403784439,0.));
#12148=DIRECTION('',(-0.866025403784439,0.5,0.));
#12149=DIRECTION('',(0.,0.,-1.));
#12150=DIRECTION('',(-0.866025403784439,0.5,0.));
#12151=DIRECTION('',(-0.5,-0.866025403784439,0.));
#12152=DIRECTION('',(0.,0.,-1.));
#12153=DIRECTION('',(0.5,0.866025403784439,0.));
#12154=DIRECTION('',(-0.866025403784439,0.5,0.));
#12155=DIRECTION('',(-0.866025403784438,0.5,0.));
#12156=DIRECTION('',(-0.5,-0.866025403784438,0.));
#12157=DIRECTION('',(0.,0.,-1.));
#12158=DIRECTION('',(0.,0.,-1.));
#12159=DIRECTION('',(0.5,0.866025403784439,0.));
#12160=DIRECTION('',(-0.866025403784439,0.5,0.));
#12161=DIRECTION('',(0.,0.,-1.));
#12162=DIRECTION('',(-0.866025403784438,0.5,0.));
#12163=DIRECTION('',(-0.5,-0.866025403784438,0.));
#12164=DIRECTION('',(0.,0.,-1.));
#12165=DIRECTION('',(0.5,0.866025403784439,0.));
#12166=DIRECTION('',(-0.866025403784439,0.5,0.));
#12167=DIRECTION('',(-0.866025403784439,0.5,0.));
#12168=DIRECTION('',(-0.5,-0.866025403784439,0.));
#12169=DIRECTION('',(0.,0.,-1.));
#12170=DIRECTION('',(0.,0.,-1.));
#12171=DIRECTION('',(0.5,0.866025403784439,0.));
#12172=DIRECTION('',(-0.866025403784439,0.5,0.));
#12173=DIRECTION('',(0.,0.,-1.));
#12174=DIRECTION('',(-0.866025403784439,0.5,0.));
#12175=DIRECTION('',(-0.5,-0.866025403784439,0.));
#12176=DIRECTION('',(0.,0.,-1.));
#12177=DIRECTION('',(0.5,0.866025403784439,0.));
#12178=DIRECTION('',(-0.866025403784439,0.5,0.));
#12179=DIRECTION('',(-0.866025403784438,0.5,0.));
#12180=DIRECTION('',(-0.5,-0.866025403784438,0.));
#12181=DIRECTION('',(0.,0.,-1.));
#12182=DIRECTION('',(0.,0.,-1.));
#12183=DIRECTION('',(0.5,0.866025403784439,0.));
#12184=DIRECTION('',(-0.866025403784439,0.5,0.));
#12185=DIRECTION('',(0.,0.,-1.));
#12186=DIRECTION('',(-0.866025403784438,0.5,0.));
#12187=DIRECTION('',(-0.5,-0.866025403784438,0.));
#12188=DIRECTION('',(0.,0.,-1.));
#12189=DIRECTION('',(0.5,0.866025403784438,0.));
#12190=DIRECTION('',(-0.866025403784438,0.5,0.));
#12191=DIRECTION('',(-0.866025403784439,0.5,0.));
#12192=DIRECTION('',(-0.5,-0.866025403784439,0.));
#12193=DIRECTION('',(0.,0.,-1.));
#12194=DIRECTION('',(0.,0.,-1.));
#12195=DIRECTION('',(0.5,0.866025403784438,0.));
#12196=DIRECTION('',(-0.866025403784438,0.5,0.));
#12197=DIRECTION('',(0.,0.,-1.));
#12198=DIRECTION('',(-0.866025403784439,0.5,0.));
#12199=DIRECTION('',(-0.5,-0.866025403784439,0.));
#12200=DIRECTION('',(0.,0.,-1.));
#12201=DIRECTION('',(0.5,0.866025403784438,0.));
#12202=DIRECTION('',(-0.866025403784438,0.5,0.));
#12203=DIRECTION('',(-0.866025403784442,0.5,0.));
#12204=DIRECTION('',(-0.5,-0.866025403784442,0.));
#12205=DIRECTION('',(0.,0.,-1.));
#12206=DIRECTION('',(0.,0.,-1.));
#12207=DIRECTION('',(0.5,0.866025403784439,0.));
#12208=DIRECTION('',(-0.866025403784439,0.5,0.));
#12209=DIRECTION('',(0.,0.,-1.));
#12210=DIRECTION('',(-0.866025403784442,0.5,0.));
#12211=DIRECTION('',(-0.5,-0.866025403784442,0.));
#12212=DIRECTION('',(0.,0.,-1.));
#12213=DIRECTION('',(0.5,0.866025403784439,0.));
#12214=DIRECTION('',(-0.866025403784439,0.5,0.));
#12215=DIRECTION('',(-0.866025403784442,0.5,0.));
#12216=DIRECTION('',(-0.5,-0.866025403784442,0.));
#12217=DIRECTION('',(0.,0.,-1.));
#12218=DIRECTION('',(0.,0.,-1.));
#12219=DIRECTION('',(0.5,0.866025403784439,0.));
#12220=DIRECTION('',(-0.866025403784439,0.5,0.));
#12221=DIRECTION('',(0.,0.,-1.));
#12222=DIRECTION('',(-0.866025403784442,0.5,0.));
#12223=DIRECTION('',(-0.5,-0.866025403784442,0.));
#12224=DIRECTION('',(0.,0.,-1.));
#12225=DIRECTION('',(0.5,0.866025403784439,0.));
#12226=DIRECTION('',(-0.866025403784439,0.5,0.));
#12227=DIRECTION('',(-0.866025403784439,0.5,0.));
#12228=DIRECTION('',(-0.5,-0.866025403784439,0.));
#12229=DIRECTION('',(0.,0.,-1.));
#12230=DIRECTION('',(0.,0.,-1.));
#12231=DIRECTION('',(0.5,0.866025403784439,0.));
#12232=DIRECTION('',(-0.866025403784439,0.5,0.));
#12233=DIRECTION('',(0.,0.,-1.));
#12234=DIRECTION('',(-0.866025403784439,0.5,0.));
#12235=DIRECTION('',(-0.5,-0.866025403784439,0.));
#12236=DIRECTION('',(0.,0.,-1.));
#12237=DIRECTION('',(0.5,0.866025403784439,0.));
#12238=DIRECTION('',(-0.866025403784439,0.5,0.));
#12239=DIRECTION('',(-0.866025403784442,0.5,0.));
#12240=DIRECTION('',(-0.5,-0.866025403784442,0.));
#12241=DIRECTION('',(0.,0.,-1.));
#12242=DIRECTION('',(0.,0.,-1.));
#12243=DIRECTION('',(0.5,0.866025403784439,0.));
#12244=DIRECTION('',(-0.866025403784439,0.5,0.));
#12245=DIRECTION('',(0.,0.,-1.));
#12246=DIRECTION('',(-0.866025403784442,0.5,0.));
#12247=DIRECTION('',(-0.5,-0.866025403784442,0.));
#12248=DIRECTION('',(0.,0.,-1.));
#12249=DIRECTION('',(0.5,0.866025403784439,0.));
#12250=DIRECTION('',(-0.866025403784439,0.5,0.));
#12251=DIRECTION('',(-0.866025403784438,0.5,0.));
#12252=DIRECTION('',(-0.5,-0.866025403784438,0.));
#12253=DIRECTION('',(0.,0.,-1.));
#12254=DIRECTION('',(0.,0.,-1.));
#12255=DIRECTION('',(0.5,0.866025403784439,0.));
#12256=DIRECTION('',(-0.866025403784439,0.5,0.));
#12257=DIRECTION('',(0.,0.,-1.));
#12258=DIRECTION('',(-0.866025403784439,0.5,0.));
#12259=DIRECTION('',(-0.5,-0.866025403784439,0.));
#12260=DIRECTION('',(0.,0.,-1.));
#12261=DIRECTION('',(0.5,0.866025403784439,0.));
#12262=DIRECTION('',(-0.866025403784439,0.5,0.));
#12263=DIRECTION('',(-0.866025403784437,0.5,0.));
#12264=DIRECTION('',(-0.5,-0.866025403784438,0.));
#12265=DIRECTION('',(0.,0.,-1.));
#12266=DIRECTION('',(0.,0.,-1.));
#12267=DIRECTION('',(0.5,0.866025403784439,0.));
#12268=DIRECTION('',(-0.866025403784439,0.5,0.));
#12269=DIRECTION('',(0.,0.,-1.));
#12270=DIRECTION('',(-0.866025403784437,0.5,0.));
#12271=DIRECTION('',(-0.5,-0.866025403784438,0.));
#12272=DIRECTION('',(0.,0.,-1.));
#12273=DIRECTION('',(0.5,0.866025403784439,0.));
#12274=DIRECTION('',(-0.866025403784439,0.5,0.));
#12275=DIRECTION('',(0.866025403784439,-0.5,0.));
#12276=DIRECTION('',(0.5,0.866025403784439,0.));
#12277=DIRECTION('',(0.,0.,-1.));
#12278=DIRECTION('',(0.,0.,-1.));
#12279=DIRECTION('',(-0.5,-0.866025403784439,0.));
#12280=DIRECTION('',(0.866025403784439,-0.5,0.));
#12281=DIRECTION('',(-0.5,-0.866025403784439,0.));
#12282=DIRECTION('',(0.866025403784439,-0.5,0.));
#12283=DIRECTION('',(0.866025403784439,-0.5,0.));
#12284=DIRECTION('',(0.5,0.866025403784439,0.));
#12285=DIRECTION('',(0.,0.,-1.));
#12286=DIRECTION('',(0.,0.,-1.));
#12287=DIRECTION('',(-0.5,-0.866025403784439,0.));
#12288=DIRECTION('',(0.866025403784439,-0.5,0.));
#12289=DIRECTION('',(0.,0.,-1.));
#12290=DIRECTION('',(0.86602540378444,-0.5,0.));
#12291=DIRECTION('',(0.5,0.86602540378444,0.));
#12292=DIRECTION('',(0.,0.,-1.));
#12293=DIRECTION('',(-0.5,-0.866025403784439,0.));
#12294=DIRECTION('',(0.866025403784439,-0.5,0.));
#12295=DIRECTION('',(0.866025403784439,-0.5,0.));
#12296=DIRECTION('',(0.5,0.866025403784439,0.));
#12297=DIRECTION('',(0.,0.,-1.));
#12298=DIRECTION('',(0.,0.,-1.));
#12299=DIRECTION('',(-0.5,-0.866025403784439,0.));
#12300=DIRECTION('',(0.866025403784439,-0.5,0.));
#12301=DIRECTION('',(0.,0.,-1.));
#12302=DIRECTION('',(0.866025403784439,-0.5,0.));
#12303=DIRECTION('',(0.5,0.866025403784439,0.));
#12304=DIRECTION('',(0.,0.,-1.));
#12305=DIRECTION('',(-0.5,-0.866025403784439,0.));
#12306=DIRECTION('',(0.866025403784439,-0.5,0.));
#12307=DIRECTION('',(0.866025403784439,-0.5,0.));
#12308=DIRECTION('',(0.5,0.866025403784439,0.));
#12309=DIRECTION('',(0.,0.,-1.));
#12310=DIRECTION('',(0.,0.,-1.));
#12311=DIRECTION('',(-0.5,-0.866025403784439,0.));
#12312=DIRECTION('',(0.866025403784439,-0.5,0.));
#12313=DIRECTION('',(0.,0.,-1.));
#12314=DIRECTION('',(0.866025403784439,-0.5,0.));
#12315=DIRECTION('',(0.5,0.866025403784439,0.));
#12316=DIRECTION('',(0.,0.,-1.));
#12317=DIRECTION('',(-0.5,-0.866025403784439,0.));
#12318=DIRECTION('',(0.866025403784439,-0.5,0.));
#12319=DIRECTION('',(0.86602540378444,-0.5,0.));
#12320=DIRECTION('',(0.5,0.86602540378444,0.));
#12321=DIRECTION('',(0.,0.,-1.));
#12322=DIRECTION('',(0.,0.,-1.));
#12323=DIRECTION('',(-0.5,-0.866025403784439,0.));
#12324=DIRECTION('',(0.866025403784439,-0.5,0.));
#12325=DIRECTION('',(0.,0.,-1.));
#12326=DIRECTION('',(0.86602540378444,-0.5,0.));
#12327=DIRECTION('',(0.5,0.86602540378444,0.));
#12328=DIRECTION('',(0.,0.,-1.));
#12329=DIRECTION('',(-0.5,-0.866025403784439,0.));
#12330=DIRECTION('',(0.866025403784439,-0.5,0.));
#12331=DIRECTION('',(0.86602540378444,-0.5,0.));
#12332=DIRECTION('',(0.5,0.86602540378444,0.));
#12333=DIRECTION('',(0.,0.,-1.));
#12334=DIRECTION('',(0.,0.,-1.));
#12335=DIRECTION('',(-0.5,-0.866025403784439,0.));
#12336=DIRECTION('',(0.866025403784439,-0.5,0.));
#12337=DIRECTION('',(0.,0.,-1.));
#12338=DIRECTION('',(0.866025403784436,-0.5,0.));
#12339=DIRECTION('',(0.5,0.866025403784436,0.));
#12340=DIRECTION('',(0.,0.,-1.));
#12341=DIRECTION('',(-0.5,-0.866025403784439,0.));
#12342=DIRECTION('',(0.866025403784439,-0.5,0.));
#12343=DIRECTION('',(0.866025403784436,-0.5,0.));
#12344=DIRECTION('',(0.5,0.866025403784436,0.));
#12345=DIRECTION('',(0.,0.,-1.));
#12346=DIRECTION('',(0.,0.,-1.));
#12347=DIRECTION('',(-0.5,-0.866025403784439,0.));
#12348=DIRECTION('',(0.866025403784439,-0.5,0.));
#12349=DIRECTION('',(0.,0.,-1.));
#12350=DIRECTION('',(0.866025403784436,-0.5,0.));
#12351=DIRECTION('',(0.5,0.866025403784436,0.));
#12352=DIRECTION('',(0.,0.,-1.));
#12353=DIRECTION('',(-0.5,-0.866025403784439,0.));
#12354=DIRECTION('',(0.866025403784439,-0.5,0.));
#12355=DIRECTION('',(0.866025403784439,-0.5,0.));
#12356=DIRECTION('',(0.5,0.866025403784439,0.));
#12357=DIRECTION('',(0.,0.,-1.));
#12358=DIRECTION('',(0.,0.,-1.));
#12359=DIRECTION('',(-0.5,-0.866025403784439,0.));
#12360=DIRECTION('',(0.866025403784439,-0.5,0.));
#12361=DIRECTION('',(0.,0.,-1.));
#12362=DIRECTION('',(0.866025403784439,-0.5,0.));
#12363=DIRECTION('',(0.5,0.866025403784439,0.));
#12364=DIRECTION('',(0.,0.,-1.));
#12365=DIRECTION('',(-0.5,-0.866025403784439,0.));
#12366=DIRECTION('',(0.866025403784439,-0.5,0.));
#12367=DIRECTION('',(0.86602540378444,-0.5,0.));
#12368=DIRECTION('',(0.5,0.86602540378444,0.));
#12369=DIRECTION('',(0.,0.,-1.));
#12370=DIRECTION('',(0.,0.,-1.));
#12371=DIRECTION('',(-0.5,-0.866025403784439,0.));
#12372=DIRECTION('',(0.866025403784439,-0.5,0.));
#12373=DIRECTION('',(0.,0.,-1.));
#12374=DIRECTION('',(0.86602540378444,-0.5,0.));
#12375=DIRECTION('',(0.5,0.86602540378444,0.));
#12376=DIRECTION('',(0.,0.,-1.));
#12377=DIRECTION('',(-0.5,-0.866025403784439,0.));
#12378=DIRECTION('',(0.866025403784439,-0.5,0.));
#12379=DIRECTION('',(0.86602540378444,-0.5,0.));
#12380=DIRECTION('',(0.5,0.86602540378444,0.));
#12381=DIRECTION('',(0.,0.,-1.));
#12382=DIRECTION('',(0.,0.,-1.));
#12383=DIRECTION('',(-0.5,-0.866025403784439,0.));
#12384=DIRECTION('',(0.866025403784439,-0.5,0.));
#12385=DIRECTION('',(0.,0.,-1.));
#12386=DIRECTION('',(0.866025403784439,-0.5,0.));
#12387=DIRECTION('',(0.5,0.866025403784439,0.));
#12388=DIRECTION('',(0.,0.,-1.));
#12389=DIRECTION('',(-0.5,-0.866025403784439,0.));
#12390=DIRECTION('',(0.866025403784439,-0.5,0.));
#12391=DIRECTION('',(0.866025403784439,-0.5,0.));
#12392=DIRECTION('',(0.5,0.866025403784439,0.));
#12393=DIRECTION('',(0.,0.,-1.));
#12394=DIRECTION('',(0.,0.,-1.));
#12395=DIRECTION('',(-0.5,-0.866025403784439,0.));
#12396=DIRECTION('',(0.866025403784439,-0.5,0.));
#12397=DIRECTION('',(0.,0.,-1.));
#12398=DIRECTION('',(0.866025403784439,-0.5,0.));
#12399=DIRECTION('',(0.5,0.866025403784439,0.));
#12400=DIRECTION('',(0.,0.,-1.));
#12401=DIRECTION('',(-0.5,-0.866025403784439,0.));
#12402=DIRECTION('',(0.866025403784439,-0.5,0.));
#12403=DIRECTION('',(0.866025403784439,-0.5,0.));
#12404=DIRECTION('',(0.5,0.866025403784439,0.));
#12405=DIRECTION('',(0.,0.,-1.));
#12406=DIRECTION('',(0.,0.,-1.));
#12407=DIRECTION('',(-0.5,-0.866025403784439,0.));
#12408=DIRECTION('',(0.866025403784439,-0.5,0.));
#12409=DIRECTION('',(0.,0.,-1.));
#12410=DIRECTION('',(0.866025403784439,-0.5,0.));
#12411=DIRECTION('',(0.5,0.866025403784439,0.));
#12412=DIRECTION('',(0.,0.,-1.));
#12413=DIRECTION('',(-0.5,-0.866025403784439,0.));
#12414=DIRECTION('',(0.866025403784439,-0.5,0.));
#12415=DIRECTION('',(-0.866025403784439,-0.5,0.));
#12416=DIRECTION('',(0.5,-0.866025403784439,0.));
#12417=DIRECTION('',(0.,0.,-1.));
#12418=DIRECTION('',(0.,0.,-1.));
#12419=DIRECTION('',(-0.5,0.866025403784439,0.));
#12420=DIRECTION('',(-0.866025403784439,-0.5,0.));
#12421=DIRECTION('',(-0.5,0.866025403784439,0.));
#12422=DIRECTION('',(-0.866025403784439,-0.5,0.));
#12423=DIRECTION('',(-0.866025403784439,-0.5,0.));
#12424=DIRECTION('',(0.5,-0.866025403784439,0.));
#12425=DIRECTION('',(0.,0.,-1.));
#12426=DIRECTION('',(0.,0.,-1.));
#12427=DIRECTION('',(-0.5,0.866025403784439,0.));
#12428=DIRECTION('',(-0.866025403784439,-0.5,0.));
#12429=DIRECTION('',(0.,0.,-1.));
#12430=DIRECTION('',(-0.866025403784439,-0.5,0.));
#12431=DIRECTION('',(0.5,-0.866025403784439,0.));
#12432=DIRECTION('',(0.,0.,-1.));
#12433=DIRECTION('',(-0.5,0.866025403784439,0.));
#12434=DIRECTION('',(-0.866025403784439,-0.5,0.));
#12435=DIRECTION('',(-0.866025403784438,-0.5,0.));
#12436=DIRECTION('',(0.5,-0.866025403784438,0.));
#12437=DIRECTION('',(0.,0.,-1.));
#12438=DIRECTION('',(0.,0.,-1.));
#12439=DIRECTION('',(-0.5,0.866025403784439,0.));
#12440=DIRECTION('',(-0.866025403784439,-0.5,0.));
#12441=DIRECTION('',(0.,0.,-1.));
#12442=DIRECTION('',(-0.866025403784439,-0.5,0.));
#12443=DIRECTION('',(0.5,-0.866025403784439,0.));
#12444=DIRECTION('',(0.,0.,-1.));
#12445=DIRECTION('',(-0.5,0.866025403784438,0.));
#12446=DIRECTION('',(-0.866025403784439,-0.5,0.));
#12447=DIRECTION('',(-0.86602540378444,-0.5,0.));
#12448=DIRECTION('',(0.5,-0.86602540378444,0.));
#12449=DIRECTION('',(0.,0.,-1.));
#12450=DIRECTION('',(0.,0.,-1.));
#12451=DIRECTION('',(-0.5,0.866025403784439,0.));
#12452=DIRECTION('',(-0.866025403784439,-0.5,0.));
#12453=DIRECTION('',(0.,0.,-1.));
#12454=DIRECTION('',(-0.86602540378444,-0.5,0.));
#12455=DIRECTION('',(0.5,-0.86602540378444,0.));
#12456=DIRECTION('',(0.,0.,-1.));
#12457=DIRECTION('',(-0.5,0.866025403784439,0.));
#12458=DIRECTION('',(-0.866025403784439,-0.5,0.));
#12459=DIRECTION('',(-0.866025403784437,-0.5,0.));
#12460=DIRECTION('',(0.5,-0.866025403784437,0.));
#12461=DIRECTION('',(0.,0.,-1.));
#12462=DIRECTION('',(0.,0.,-1.));
#12463=DIRECTION('',(-0.5,0.866025403784439,0.));
#12464=DIRECTION('',(-0.866025403784439,-0.5,0.));
#12465=DIRECTION('',(0.,0.,-1.));
#12466=DIRECTION('',(-0.866025403784437,-0.5,0.));
#12467=DIRECTION('',(0.5,-0.866025403784437,0.));
#12468=DIRECTION('',(0.,0.,-1.));
#12469=DIRECTION('',(-0.5,0.866025403784439,0.));
#12470=DIRECTION('',(-0.866025403784439,-0.5,0.));
#12471=DIRECTION('',(-0.866025403784439,-0.5,0.));
#12472=DIRECTION('',(0.5,-0.866025403784439,0.));
#12473=DIRECTION('',(0.,0.,-1.));
#12474=DIRECTION('',(0.,0.,-1.));
#12475=DIRECTION('',(-0.5,0.866025403784439,0.));
#12476=DIRECTION('',(-0.866025403784439,-0.5,0.));
#12477=DIRECTION('',(0.,0.,-1.));
#12478=DIRECTION('',(-0.866025403784439,-0.5,0.));
#12479=DIRECTION('',(0.5,-0.866025403784439,0.));
#12480=DIRECTION('',(0.,0.,-1.));
#12481=DIRECTION('',(-0.5,0.866025403784439,0.));
#12482=DIRECTION('',(-0.866025403784439,-0.5,0.));
#12483=DIRECTION('',(-0.866025403784437,-0.5,0.));
#12484=DIRECTION('',(0.5,-0.866025403784437,0.));
#12485=DIRECTION('',(0.,0.,-1.));
#12486=DIRECTION('',(0.,0.,-1.));
#12487=DIRECTION('',(-0.5,0.866025403784439,0.));
#12488=DIRECTION('',(-0.866025403784439,-0.5,0.));
#12489=DIRECTION('',(0.,0.,-1.));
#12490=DIRECTION('',(-0.866025403784437,-0.5,0.));
#12491=DIRECTION('',(0.5,-0.866025403784437,0.));
#12492=DIRECTION('',(0.,0.,-1.));
#12493=DIRECTION('',(-0.5,0.866025403784439,0.));
#12494=DIRECTION('',(-0.866025403784439,-0.5,0.));
#12495=DIRECTION('',(-0.86602540378444,-0.5,0.));
#12496=DIRECTION('',(0.5,-0.86602540378444,0.));
#12497=DIRECTION('',(0.,0.,-1.));
#12498=DIRECTION('',(0.,0.,-1.));
#12499=DIRECTION('',(-0.5,0.866025403784439,0.));
#12500=DIRECTION('',(-0.866025403784439,-0.5,0.));
#12501=DIRECTION('',(0.,0.,-1.));
#12502=DIRECTION('',(-0.86602540378444,-0.5,0.));
#12503=DIRECTION('',(0.5,-0.86602540378444,0.));
#12504=DIRECTION('',(0.,0.,-1.));
#12505=DIRECTION('',(-0.5,0.866025403784439,0.));
#12506=DIRECTION('',(-0.866025403784439,-0.5,0.));
#12507=DIRECTION('',(-0.866025403784439,-0.5,0.));
#12508=DIRECTION('',(0.5,-0.866025403784439,0.));
#12509=DIRECTION('',(0.,0.,-1.));
#12510=DIRECTION('',(0.,0.,-1.));
#12511=DIRECTION('',(-0.5,0.866025403784439,0.));
#12512=DIRECTION('',(-0.866025403784439,-0.5,0.));
#12513=DIRECTION('',(0.,0.,-1.));
#12514=DIRECTION('',(-0.866025403784439,-0.5,0.));
#12515=DIRECTION('',(0.5,-0.866025403784439,0.));
#12516=DIRECTION('',(0.,0.,-1.));
#12517=DIRECTION('',(-0.5,0.866025403784439,0.));
#12518=DIRECTION('',(-0.866025403784439,-0.5,0.));
#12519=DIRECTION('',(-0.866025403784438,-0.5,0.));
#12520=DIRECTION('',(0.5,-0.866025403784438,0.));
#12521=DIRECTION('',(0.,0.,-1.));
#12522=DIRECTION('',(0.,0.,-1.));
#12523=DIRECTION('',(-0.5,0.866025403784439,0.));
#12524=DIRECTION('',(-0.866025403784439,-0.5,0.));
#12525=DIRECTION('',(0.,0.,-1.));
#12526=DIRECTION('',(-0.866025403784439,-0.5,0.));
#12527=DIRECTION('',(0.5,-0.866025403784439,0.));
#12528=DIRECTION('',(0.,0.,-1.));
#12529=DIRECTION('',(-0.5,0.866025403784439,0.));
#12530=DIRECTION('',(-0.866025403784439,-0.5,0.));
#12531=DIRECTION('',(-0.866025403784439,-0.5,0.));
#12532=DIRECTION('',(0.5,-0.866025403784439,0.));
#12533=DIRECTION('',(0.,0.,-1.));
#12534=DIRECTION('',(0.,0.,-1.));
#12535=DIRECTION('',(-0.5,0.866025403784439,0.));
#12536=DIRECTION('',(-0.866025403784439,-0.5,0.));
#12537=DIRECTION('',(0.,0.,-1.));
#12538=DIRECTION('',(-0.866025403784439,-0.5,0.));
#12539=DIRECTION('',(0.5,-0.866025403784439,0.));
#12540=DIRECTION('',(0.,0.,-1.));
#12541=DIRECTION('',(-0.5,0.866025403784439,0.));
#12542=DIRECTION('',(-0.866025403784439,-0.5,0.));
#12543=DIRECTION('',(-0.866025403784437,-0.5,0.));
#12544=DIRECTION('',(0.5,-0.866025403784438,0.));
#12545=DIRECTION('',(0.,0.,-1.));
#12546=DIRECTION('',(0.,0.,-1.));
#12547=DIRECTION('',(-0.5,0.866025403784438,0.));
#12548=DIRECTION('',(-0.866025403784438,-0.5,0.));
#12549=DIRECTION('',(0.,0.,-1.));
#12550=DIRECTION('',(-0.866025403784437,-0.5,0.));
#12551=DIRECTION('',(0.5,-0.866025403784438,0.));
#12552=DIRECTION('',(0.,0.,-1.));
#12553=DIRECTION('',(-0.5,0.866025403784438,0.));
#12554=DIRECTION('',(-0.866025403784438,-0.5,0.));
#12555=DIRECTION('',(0.866025403784438,0.5,0.));
#12556=DIRECTION('',(-0.5,0.866025403784439,0.));
#12557=DIRECTION('',(0.,0.,-1.));
#12558=DIRECTION('',(0.,0.,-1.));
#12559=DIRECTION('',(0.5,-0.866025403784438,0.));
#12560=DIRECTION('',(0.866025403784438,0.5,0.));
#12561=DIRECTION('',(0.5,-0.866025403784438,0.));
#12562=DIRECTION('',(0.866025403784438,0.5,0.));
#12563=DIRECTION('',(0.866025403784439,0.5,0.));
#12564=DIRECTION('',(-0.5,0.866025403784439,0.));
#12565=DIRECTION('',(0.,0.,-1.));
#12566=DIRECTION('',(0.,0.,-1.));
#12567=DIRECTION('',(0.5,-0.866025403784438,0.));
#12568=DIRECTION('',(0.866025403784438,0.5,0.));
#12569=DIRECTION('',(0.,0.,-1.));
#12570=DIRECTION('',(0.866025403784438,0.5,0.));
#12571=DIRECTION('',(-0.5,0.866025403784438,0.));
#12572=DIRECTION('',(0.,0.,-1.));
#12573=DIRECTION('',(0.5,-0.866025403784438,0.));
#12574=DIRECTION('',(0.866025403784438,0.5,0.));
#12575=DIRECTION('',(0.866025403784437,0.5,0.));
#12576=DIRECTION('',(-0.5,0.866025403784438,0.));
#12577=DIRECTION('',(0.,0.,-1.));
#12578=DIRECTION('',(0.,0.,-1.));
#12579=DIRECTION('',(0.5,-0.866025403784438,0.));
#12580=DIRECTION('',(0.866025403784438,0.5,0.));
#12581=DIRECTION('',(0.,0.,-1.));
#12582=DIRECTION('',(0.866025403784439,0.5,0.));
#12583=DIRECTION('',(-0.5,0.866025403784439,0.));
#12584=DIRECTION('',(0.,0.,-1.));
#12585=DIRECTION('',(0.5,-0.866025403784438,0.));
#12586=DIRECTION('',(0.866025403784438,0.5,0.));
#12587=DIRECTION('',(0.86602540378444,0.5,0.));
#12588=DIRECTION('',(-0.5,0.86602540378444,0.));
#12589=DIRECTION('',(0.,0.,-1.));
#12590=DIRECTION('',(0.,0.,-1.));
#12591=DIRECTION('',(0.5,-0.866025403784439,0.));
#12592=DIRECTION('',(0.866025403784439,0.5,0.));
#12593=DIRECTION('',(0.,0.,-1.));
#12594=DIRECTION('',(0.86602540378444,0.5,0.));
#12595=DIRECTION('',(-0.5,0.86602540378444,0.));
#12596=DIRECTION('',(0.,0.,-1.));
#12597=DIRECTION('',(0.5,-0.866025403784439,0.));
#12598=DIRECTION('',(0.866025403784439,0.5,0.));
#12599=DIRECTION('',(0.866025403784438,0.5,0.));
#12600=DIRECTION('',(-0.5,0.866025403784438,0.));
#12601=DIRECTION('',(0.,0.,-1.));
#12602=DIRECTION('',(0.,0.,-1.));
#12603=DIRECTION('',(0.5,-0.866025403784439,0.));
#12604=DIRECTION('',(0.866025403784439,0.5,0.));
#12605=DIRECTION('',(0.,0.,-1.));
#12606=DIRECTION('',(0.866025403784438,0.5,0.));
#12607=DIRECTION('',(-0.5,0.866025403784438,0.));
#12608=DIRECTION('',(0.,0.,-1.));
#12609=DIRECTION('',(0.5,-0.866025403784439,0.));
#12610=DIRECTION('',(0.866025403784439,0.5,0.));
#12611=DIRECTION('',(0.866025403784438,0.5,0.));
#12612=DIRECTION('',(-0.5,0.866025403784438,0.));
#12613=DIRECTION('',(0.,0.,-1.));
#12614=DIRECTION('',(0.,0.,-1.));
#12615=DIRECTION('',(0.5,-0.866025403784439,0.));
#12616=DIRECTION('',(0.866025403784439,0.5,0.));
#12617=DIRECTION('',(0.,0.,-1.));
#12618=DIRECTION('',(0.866025403784438,0.5,0.));
#12619=DIRECTION('',(-0.5,0.866025403784438,0.));
#12620=DIRECTION('',(0.,0.,-1.));
#12621=DIRECTION('',(0.5,-0.866025403784439,0.));
#12622=DIRECTION('',(0.866025403784439,0.5,0.));
#12623=DIRECTION('',(0.866025403784438,0.5,0.));
#12624=DIRECTION('',(-0.5,0.866025403784438,0.));
#12625=DIRECTION('',(0.,0.,-1.));
#12626=DIRECTION('',(0.,0.,-1.));
#12627=DIRECTION('',(0.5,-0.866025403784439,0.));
#12628=DIRECTION('',(0.866025403784439,0.5,0.));
#12629=DIRECTION('',(0.,0.,-1.));
#12630=DIRECTION('',(0.866025403784438,0.5,0.));
#12631=DIRECTION('',(-0.5,0.866025403784438,0.));
#12632=DIRECTION('',(0.,0.,-1.));
#12633=DIRECTION('',(0.5,-0.866025403784439,0.));
#12634=DIRECTION('',(0.866025403784439,0.5,0.));
#12635=DIRECTION('',(0.866025403784438,0.5,0.));
#12636=DIRECTION('',(-0.5,0.866025403784438,0.));
#12637=DIRECTION('',(0.,0.,-1.));
#12638=DIRECTION('',(0.,0.,-1.));
#12639=DIRECTION('',(0.5,-0.866025403784439,0.));
#12640=DIRECTION('',(0.866025403784439,0.5,0.));
#12641=DIRECTION('',(0.,0.,-1.));
#12642=DIRECTION('',(0.866025403784438,0.5,0.));
#12643=DIRECTION('',(-0.5,0.866025403784438,0.));
#12644=DIRECTION('',(0.,0.,-1.));
#12645=DIRECTION('',(0.5,-0.866025403784439,0.));
#12646=DIRECTION('',(0.866025403784439,0.5,0.));
#12647=DIRECTION('',(0.866025403784438,0.5,0.));
#12648=DIRECTION('',(-0.5,0.866025403784438,0.));
#12649=DIRECTION('',(0.,0.,-1.));
#12650=DIRECTION('',(0.,0.,-1.));
#12651=DIRECTION('',(0.5,-0.866025403784439,0.));
#12652=DIRECTION('',(0.866025403784439,0.5,0.));
#12653=DIRECTION('',(0.,0.,-1.));
#12654=DIRECTION('',(0.866025403784438,0.5,0.));
#12655=DIRECTION('',(-0.5,0.866025403784438,0.));
#12656=DIRECTION('',(0.,0.,-1.));
#12657=DIRECTION('',(0.5,-0.866025403784439,0.));
#12658=DIRECTION('',(0.866025403784439,0.5,0.));
#12659=DIRECTION('',(0.866025403784438,0.5,0.));
#12660=DIRECTION('',(-0.5,0.866025403784439,0.));
#12661=DIRECTION('',(0.,0.,-1.));
#12662=DIRECTION('',(0.,0.,-1.));
#12663=DIRECTION('',(0.5,-0.866025403784438,0.));
#12664=DIRECTION('',(0.866025403784438,0.5,0.));
#12665=DIRECTION('',(0.,0.,-1.));
#12666=DIRECTION('',(0.866025403784438,0.5,0.));
#12667=DIRECTION('',(-0.5,0.866025403784439,0.));
#12668=DIRECTION('',(0.,0.,-1.));
#12669=DIRECTION('',(0.5,-0.866025403784439,0.));
#12670=DIRECTION('',(0.866025403784439,0.5,0.));
#12671=DIRECTION('',(0.866025403784438,0.5,0.));
#12672=DIRECTION('',(-0.5,0.866025403784438,0.));
#12673=DIRECTION('',(0.,0.,-1.));
#12674=DIRECTION('',(0.,0.,-1.));
#12675=DIRECTION('',(0.5,-0.866025403784438,0.));
#12676=DIRECTION('',(0.866025403784438,0.5,0.));
#12677=DIRECTION('',(0.,0.,-1.));
#12678=DIRECTION('',(0.866025403784438,0.5,0.));
#12679=DIRECTION('',(-0.5,0.866025403784438,0.));
#12680=DIRECTION('',(0.,0.,-1.));
#12681=DIRECTION('',(0.5,-0.866025403784438,0.));
#12682=DIRECTION('',(0.866025403784438,0.5,0.));
#12683=DIRECTION('',(0.866025403784437,0.5,0.));
#12684=DIRECTION('',(-0.5,0.866025403784438,0.));
#12685=DIRECTION('',(0.,0.,-1.));
#12686=DIRECTION('',(0.,0.,-1.));
#12687=DIRECTION('',(0.5,-0.866025403784439,0.));
#12688=DIRECTION('',(0.866025403784439,0.5,0.));
#12689=DIRECTION('',(0.,0.,-1.));
#12690=DIRECTION('',(0.866025403784437,0.5,0.));
#12691=DIRECTION('',(-0.5,0.866025403784438,0.));
#12692=DIRECTION('',(0.,0.,-1.));
#12693=DIRECTION('',(0.5,-0.866025403784439,0.));
#12694=DIRECTION('',(0.866025403784439,0.5,0.));
#12695=CARTESIAN_POINT('',(0.,0.,0.));
#12696=CARTESIAN_POINT('',(0.0889968151033209,1.11022302462516E-16,0.508585));
#12697=CARTESIAN_POINT('',(0.0690082113274906,0.0346212773121014,0.508585));
#12698=CARTESIAN_POINT('',(0.460752294788493,0.260794829351755,0.508585));
#12699=CARTESIAN_POINT('',(0.479767496258263,0.271773261039021,0.508585));
#12700=CARTESIAN_POINT('',(0.499756100034093,0.237151983726921,0.508585));
#12701=CARTESIAN_POINT('',(0.475246296258263,0.279604209150202,0.508585));
#12702=CARTESIAN_POINT('',(0.0644870113274904,0.0424522254232821,0.508585));
#12703=CARTESIAN_POINT('',(0.456231094788493,0.268625777462935,0.508585));
#12704=CARTESIAN_POINT('',(0.480740898564323,0.226173552039654,0.508585));
#12705=CARTESIAN_POINT('',(0.0690082113274907,0.0346212773121012,0.508585));
#12706=CARTESIAN_POINT('',(0.0830879108238246,0.0427501956064186,0.508585));
#12707=CARTESIAN_POINT('',(0.102103112293595,0.0537286272936854,0.508585));
#12708=CARTESIAN_POINT('',(0.122091716069425,0.0191073499815844,0.508585));
#12709=CARTESIAN_POINT('',(0.0975819122935946,0.0615595754048661,0.508585));
#12710=CARTESIAN_POINT('',(0.0644870113274905,0.0424522254232819,0.508585));
#12711=CARTESIAN_POINT('',(0.0785667108238244,0.0505811437175993,0.508585));
#12712=CARTESIAN_POINT('',(0.103076514599655,0.00812891829431755,0.508585));
#12713=CARTESIAN_POINT('',(0.0690082113274907,0.0346212773121011,0.508585));
#12714=CARTESIAN_POINT('',(0.120854349220291,0.0645546589809521,0.508585));
#12715=CARTESIAN_POINT('',(0.139869550690062,0.0755330906682189,0.508585));
#12716=CARTESIAN_POINT('',(0.159858154465892,0.040911813356118,0.508585));
#12717=CARTESIAN_POINT('',(0.135348350690061,0.0833640387793997,0.508585));
#12718=CARTESIAN_POINT('',(0.0644870113274905,0.0424522254232818,0.508585));
#12719=CARTESIAN_POINT('',(0.116333149220291,0.0723856070921328,0.508585));
#12720=CARTESIAN_POINT('',(0.140842952996122,0.0299333816688511,0.508585));
#12721=CARTESIAN_POINT('',(0.0690082113274907,0.0346212773121012,0.508585));
#12722=CARTESIAN_POINT('',(0.158620787616759,0.0863591223554857,0.508585));
#12723=CARTESIAN_POINT('',(0.177635989086529,0.0973375540427525,0.508585));
#12724=CARTESIAN_POINT('',(0.197624592862359,0.0627162767306516,0.508585));
#12725=CARTESIAN_POINT('',(0.173114789086528,0.105168502153933,0.508585));
#12726=CARTESIAN_POINT('',(0.0644870113274905,0.0424522254232819,0.508585));
#12727=CARTESIAN_POINT('',(0.154099587616758,0.0941900704666664,0.508585));
#12728=CARTESIAN_POINT('',(0.178609391392588,0.0517378450433847,0.508585));
#12729=CARTESIAN_POINT('',(0.0690082113274907,0.0346212773121012,0.508585));
#12730=CARTESIAN_POINT('',(0.347452979599092,0.195381439228154,0.508585));
#12731=CARTESIAN_POINT('',(0.366468181068863,0.20635987091542,0.508585));
#12732=CARTESIAN_POINT('',(0.386456784844693,0.17173859360332,0.508585));
#12733=CARTESIAN_POINT('',(0.361946981068863,0.214190819026601,0.508585));
#12734=CARTESIAN_POINT('',(0.0644870113274904,0.0424522254232821,0.508585));
#12735=CARTESIAN_POINT('',(0.342931779599092,0.203212387339334,0.508585));
#12736=CARTESIAN_POINT('',(0.367441583374922,0.160760161916052,0.508585));
#12737=CARTESIAN_POINT('',(0.0690082113274906,0.0346212773121013,0.508585));
#12738=CARTESIAN_POINT('',(0.38521941799556,0.217185902602687,0.508585));
#12739=CARTESIAN_POINT('',(0.40423461946533,0.228164334289954,0.508585));
#12740=CARTESIAN_POINT('',(0.424223223241159,0.193543056977853,0.508585));
#12741=CARTESIAN_POINT('',(0.39971341946533,0.235995282401134,0.508585));
#12742=CARTESIAN_POINT('',(0.0644870113274904,0.0424522254232821,0.508585));
#12743=CARTESIAN_POINT('',(0.380698217995559,0.225016850713868,0.508585));
#12744=CARTESIAN_POINT('',(0.405208021771389,0.182564625290587,0.508585));
#12745=CARTESIAN_POINT('',(0.0690082113274907,0.0346212773121012,0.508585));
#12746=CARTESIAN_POINT('',(0.422985856392027,0.238990365977221,0.508585));
#12747=CARTESIAN_POINT('',(0.442001057861796,0.249968797664487,0.508585));
#12748=CARTESIAN_POINT('',(0.461989661637627,0.215347520352386,0.508585));
#12749=CARTESIAN_POINT('',(0.437479857861796,0.257799745775668,0.508585));
#12750=CARTESIAN_POINT('',(0.0644870113274904,0.042452225423282,0.508585));
#12751=CARTESIAN_POINT('',(0.418464656392026,0.246821314088402,0.508585));
#12752=CARTESIAN_POINT('',(0.442974460167857,0.20436908866512,0.508585));
#12753=CARTESIAN_POINT('',(0.0644870113274907,0.0424522254232815,0.508585));
#12754=CARTESIAN_POINT('',(-0.309686541202626,-0.17357697585362,0.508585));
#12755=CARTESIAN_POINT('',(-0.328701742672396,-0.184555407540886,0.508585));
#12756=CARTESIAN_POINT('',(-0.304191938896565,-0.227007632964169,0.508585));
#12757=CARTESIAN_POINT('',(-0.324180542672395,-0.192386355652067,0.508585));
#12758=CARTESIAN_POINT('',(0.069008211327491,0.0346212773121006,0.508585));
#12759=CARTESIAN_POINT('',(-0.305165341202626,-0.1814079239648,0.508585));
#12760=CARTESIAN_POINT('',(-0.285176737426795,-0.216029201276903,0.508585));
#12761=CARTESIAN_POINT('',(0.0644870113274907,0.0424522254232816,0.508585));
#12762=CARTESIAN_POINT('',(-0.271920102806159,-0.151772512479086,0.508585));
#12763=CARTESIAN_POINT('',(-0.290935304275929,-0.162750944166353,0.508585));
#12764=CARTESIAN_POINT('',(-0.266425500500099,-0.205203169589633,0.508585));
#12765=CARTESIAN_POINT('',(-0.286414104275929,-0.170581892277534,0.508585));
#12766=CARTESIAN_POINT('',(0.069008211327491,0.0346212773121006,0.508585));
#12767=CARTESIAN_POINT('',(-0.267398902806158,-0.159603460590267,0.508585));
#12768=CARTESIAN_POINT('',(-0.247410299030329,-0.194224737902367,0.508585));
#12769=CARTESIAN_POINT('',(0.0644870113274907,0.0424522254232816,0.508585));
#12770=CARTESIAN_POINT('',(-0.234153664409692,-0.129968049104553,0.508585));
#12771=CARTESIAN_POINT('',(-0.253168865879462,-0.140946480791819,0.508585));
#12772=CARTESIAN_POINT('',(-0.228659062103631,-0.183398706215102,0.508585));
#12773=CARTESIAN_POINT('',(-0.248647665879462,-0.148777428903,0.508585));
#12774=CARTESIAN_POINT('',(0.0690082113274906,0.0346212773121014,0.508585));
#12775=CARTESIAN_POINT('',(-0.229632464409692,-0.137798997215733,0.508585));
#12776=CARTESIAN_POINT('',(-0.209643860633862,-0.172420274527834,0.508585));
#12777=CARTESIAN_POINT('',(0.0644870113274908,0.0424522254232815,0.508585));
#12778=CARTESIAN_POINT('',(-0.196387226013225,-0.108163585730019,0.508585));
#12779=CARTESIAN_POINT('',(-0.215402427482996,-0.119142017417286,0.508585));
#12780=CARTESIAN_POINT('',(-0.190892623707166,-0.161594242840567,0.508585));
#12781=CARTESIAN_POINT('',(-0.210881227482995,-0.126972965528467,0.508585));
#12782=CARTESIAN_POINT('',(0.069008211327491,0.0346212773121006,0.508585));
#12783=CARTESIAN_POINT('',(-0.191866026013225,-0.1159945338412,0.508585));
#12784=CARTESIAN_POINT('',(-0.171877422237395,-0.1506158111533,0.508585));
#12785=CARTESIAN_POINT('',(0.0644870113274907,-0.0424522254232813,0.508585));
#12786=CARTESIAN_POINT('',(0.456231094788493,-0.268625777462935,0.508585));
#12787=CARTESIAN_POINT('',(0.475246296258263,-0.279604209150201,0.508585));
#12788=CARTESIAN_POINT('',(0.499756100034094,-0.23715198372692,0.508585));
#12789=CARTESIAN_POINT('',(0.479767496258264,-0.27177326103902,0.508585));
#12790=CARTESIAN_POINT('',(0.069008211327491,-0.0346212773121005,0.508585));
#12791=CARTESIAN_POINT('',(0.460752294788494,-0.260794829351754,0.508585));
#12792=CARTESIAN_POINT('',(0.480740898564324,-0.226173552039653,0.508585));
#12793=CARTESIAN_POINT('',(0.0644870113274907,-0.0424522254232814,0.508585));
#12794=CARTESIAN_POINT('',(0.0785667108238248,-0.0505811437175989,0.508585));
#12795=CARTESIAN_POINT('',(0.0975819122935949,-0.0615595754048656,0.508585));
#12796=CARTESIAN_POINT('',(0.122091716069425,-0.0191073499815841,0.508585));
#12797=CARTESIAN_POINT('',(0.102103112293595,-0.0537286272936849,0.508585));
#12798=CARTESIAN_POINT('',(0.0690082113274909,-0.0346212773121006,0.508585));
#12799=CARTESIAN_POINT('',(0.083087910823825,-0.0427501956064181,0.508585));
#12800=CARTESIAN_POINT('',(0.103076514599655,-0.00812891829431741,0.508585));
#12801=CARTESIAN_POINT('',(0.0644870113274907,-0.0424522254232815,0.508585));
#12802=CARTESIAN_POINT('',(0.116333149220292,-0.0723856070921325,0.508585));
#12803=CARTESIAN_POINT('',(0.135348350690062,-0.0833640387793993,0.508585));
#12804=CARTESIAN_POINT('',(0.159858154465892,-0.0409118133561176,0.508585));
#12805=CARTESIAN_POINT('',(0.139869550690062,-0.0755330906682184,0.508585));
#12806=CARTESIAN_POINT('',(0.0690082113274909,-0.0346212773121006,0.508585));
#12807=CARTESIAN_POINT('',(0.120854349220292,-0.0645546589809516,0.508585));
#12808=CARTESIAN_POINT('',(0.140842952996122,-0.0299333816688509,0.508585));
#12809=CARTESIAN_POINT('',(0.0644870113274907,-0.0424522254232815,0.508585));
#12810=CARTESIAN_POINT('',(0.154099587616759,-0.094190070466666,0.508585));
#12811=CARTESIAN_POINT('',(0.173114789086528,-0.105168502153933,0.508585));
#12812=CARTESIAN_POINT('',(0.197624592862359,-0.0627162767306511,0.508585));
#12813=CARTESIAN_POINT('',(0.177635989086529,-0.0973375540427519,0.508585));
#12814=CARTESIAN_POINT('',(0.0690082113274909,-0.0346212773121006,0.508585));
#12815=CARTESIAN_POINT('',(0.158620787616759,-0.0863591223554852,0.508585));
#12816=CARTESIAN_POINT('',(0.178609391392588,-0.0517378450433843,0.508585));
#12817=CARTESIAN_POINT('',(0.0644870113274907,-0.0424522254232813,0.508585));
#12818=CARTESIAN_POINT('',(0.342931779599093,-0.203212387339334,0.508585));
#12819=CARTESIAN_POINT('',(0.361946981068863,-0.214190819026601,0.508585));
#12820=CARTESIAN_POINT('',(0.386456784844693,-0.171738593603319,0.508585));
#12821=CARTESIAN_POINT('',(0.366468181068863,-0.206359870915419,0.508585));
#12822=CARTESIAN_POINT('',(0.069008211327491,-0.0346212773121005,0.508585));
#12823=CARTESIAN_POINT('',(0.347452979599093,-0.195381439228153,0.508585));
#12824=CARTESIAN_POINT('',(0.367441583374923,-0.160760161916052,0.508585));
#12825=CARTESIAN_POINT('',(0.0644870113274907,-0.0424522254232814,0.508585));
#12826=CARTESIAN_POINT('',(0.38069821799556,-0.225016850713867,0.508585));
#12827=CARTESIAN_POINT('',(0.39971341946533,-0.235995282401134,0.508585));
#12828=CARTESIAN_POINT('',(0.424223223241159,-0.193543056977854,0.508585));
#12829=CARTESIAN_POINT('',(0.40423461946533,-0.228164334289953,0.508585));
#12830=CARTESIAN_POINT('',(0.069008211327491,-0.0346212773121005,0.508585));
#12831=CARTESIAN_POINT('',(0.38521941799556,-0.217185902602686,0.508585));
#12832=CARTESIAN_POINT('',(0.405208021771389,-0.182564625290588,0.508585));
#12833=CARTESIAN_POINT('',(0.0644870113274907,-0.0424522254232813,0.508585));
#12834=CARTESIAN_POINT('',(0.418464656392027,-0.246821314088401,0.508585));
#12835=CARTESIAN_POINT('',(0.437479857861797,-0.257799745775667,0.508585));
#12836=CARTESIAN_POINT('',(0.461989661637627,-0.215347520352385,0.508585));
#12837=CARTESIAN_POINT('',(0.442001057861797,-0.249968797664486,0.508585));
#12838=CARTESIAN_POINT('',(0.069008211327491,-0.0346212773121004,0.508585));
#12839=CARTESIAN_POINT('',(0.422985856392027,-0.23899036597722,0.508585));
#12840=CARTESIAN_POINT('',(0.442974460167856,-0.204369088665121,0.508585));
#12841=CARTESIAN_POINT('',(0.0690082113274907,-0.034621277312101,0.508585));
#12842=CARTESIAN_POINT('',(-0.456231094788493,0.268625777462934,0.508585));
#12843=CARTESIAN_POINT('',(-0.475246296258263,0.279604209150201,0.508585));
#12844=CARTESIAN_POINT('',(-0.455257692482432,0.314225486462303,0.508585));
#12845=CARTESIAN_POINT('',(-0.479767496258264,0.27177326103902,0.508585));
#12846=CARTESIAN_POINT('',(0.0644870113274904,-0.0424522254232818,0.508585));
#12847=CARTESIAN_POINT('',(-0.460752294788493,0.260794829351754,0.508585));
#12848=CARTESIAN_POINT('',(-0.436242491012662,0.303247054775036,0.508585));
#12849=CARTESIAN_POINT('',(0.0690082113274906,-0.0346212773121012,0.508585));
#12850=CARTESIAN_POINT('',(-0.418464656392027,0.246821314088401,0.508585));
#12851=CARTESIAN_POINT('',(-0.437479857861797,0.257799745775667,0.508585));
#12852=CARTESIAN_POINT('',(-0.417491254085966,0.292421023087769,0.508585));
#12853=CARTESIAN_POINT('',(-0.442001057861797,0.249968797664486,0.508585));
#12854=CARTESIAN_POINT('',(0.0644870113274903,-0.042452225423282,0.508585));
#12855=CARTESIAN_POINT('',(-0.422985856392027,0.23899036597722,0.508585));
#12856=CARTESIAN_POINT('',(-0.398476052616197,0.281442591400502,0.508585));
#12857=CARTESIAN_POINT('',(0.0690082113274906,-0.0346212773121012,0.508585));
#12858=CARTESIAN_POINT('',(-0.38069821799556,0.225016850713867,0.508585));
#12859=CARTESIAN_POINT('',(-0.39971341946533,0.235995282401134,0.508585));
#12860=CARTESIAN_POINT('',(-0.379724815689501,0.270616559713232,0.508585));
#12861=CARTESIAN_POINT('',(-0.40423461946533,0.228164334289953,0.508585));
#12862=CARTESIAN_POINT('',(0.0644870113274903,-0.042452225423282,0.508585));
#12863=CARTESIAN_POINT('',(-0.38521941799556,0.217185902602686,0.508585));
#12864=CARTESIAN_POINT('',(-0.360709614219731,0.259638128025966,0.508585));
#12865=CARTESIAN_POINT('',(0.0690082113274907,-0.034621277312101,0.508585));
#12866=CARTESIAN_POINT('',(-0.342931779599092,0.203212387339334,0.508585));
#12867=CARTESIAN_POINT('',(-0.361946981068863,0.214190819026601,0.508585));
#12868=CARTESIAN_POINT('',(-0.341958377293033,0.248812096338701,0.508585));
#12869=CARTESIAN_POINT('',(-0.366468181068863,0.206359870915419,0.508585));
#12870=CARTESIAN_POINT('',(0.0644870113274905,-0.0424522254232818,0.508585));
#12871=CARTESIAN_POINT('',(-0.347452979599093,0.195381439228153,0.508585));
#12872=CARTESIAN_POINT('',(-0.322943175823263,0.237833664651434,0.508585));
#12873=CARTESIAN_POINT('',(0.0690082113274907,-0.034621277312101,0.508585));
#12874=CARTESIAN_POINT('',(-0.305165341202626,0.1814079239648,0.508585));
#12875=CARTESIAN_POINT('',(-0.324180542672396,0.192386355652067,0.508585));
#12876=CARTESIAN_POINT('',(-0.304191938896567,0.227007632964166,0.508585));
#12877=CARTESIAN_POINT('',(-0.328701742672396,0.184555407540886,0.508585));
#12878=CARTESIAN_POINT('',(0.0644870113274904,-0.0424522254232818,0.508585));
#12879=CARTESIAN_POINT('',(-0.309686541202626,0.17357697585362,0.508585));
#12880=CARTESIAN_POINT('',(-0.285176737426797,0.216029201276899,0.508585));
#12881=CARTESIAN_POINT('',(0.0690082113274905,-0.0346212773121012,0.508585));
#12882=CARTESIAN_POINT('',(-0.267398902806159,0.159603460590266,0.508585));
#12883=CARTESIAN_POINT('',(-0.286414104275929,0.170581892277534,0.508585));
#12884=CARTESIAN_POINT('',(-0.2664255005001,0.205203169589633,0.508585));
#12885=CARTESIAN_POINT('',(-0.29093530427593,0.162750944166352,0.508585));
#12886=CARTESIAN_POINT('',(0.0644870113274903,-0.0424522254232821,0.508585));
#12887=CARTESIAN_POINT('',(-0.271920102806159,0.151772512479085,0.508585));
#12888=CARTESIAN_POINT('',(-0.24741029903033,0.194224737902366,0.508585));
#12889=CARTESIAN_POINT('',(0.0690082113274905,-0.0346212773121013,0.508585));
#12890=CARTESIAN_POINT('',(-0.229632464409692,0.137798997215733,0.508585));
#12891=CARTESIAN_POINT('',(-0.248647665879462,0.148777428903,0.508585));
#12892=CARTESIAN_POINT('',(-0.228659062103632,0.183398706215101,0.508585));
#12893=CARTESIAN_POINT('',(-0.253168865879463,0.140946480791819,0.508585));
#12894=CARTESIAN_POINT('',(0.0644870113274902,-0.0424522254232821,0.508585));
#12895=CARTESIAN_POINT('',(-0.234153664409693,0.129968049104552,0.508585));
#12896=CARTESIAN_POINT('',(-0.209643860633862,0.172420274527834,0.508585));
#12897=CARTESIAN_POINT('',(0.0690082113274905,-0.0346212773121013,0.508585));
#12898=CARTESIAN_POINT('',(-0.191866026013225,0.115994533841199,0.508585));
#12899=CARTESIAN_POINT('',(-0.210881227482996,0.126972965528466,0.508585));
#12900=CARTESIAN_POINT('',(-0.190892623707165,0.161594242840568,0.508585));
#12901=CARTESIAN_POINT('',(-0.215402427482996,0.119142017417285,0.508585));
#12902=CARTESIAN_POINT('',(0.0644870113274904,-0.0424522254232819,0.508585));
#12903=CARTESIAN_POINT('',(-0.196387226013226,0.108163585730019,0.508585));
#12904=CARTESIAN_POINT('',(-0.171877422237394,0.150615811153301,0.508585));
#12905=CARTESIAN_POINT('',(0.0690082113274906,-0.0346212773121011,0.508585));
#12906=CARTESIAN_POINT('',(-0.154099587616759,0.0941900704666659,0.508585));
#12907=CARTESIAN_POINT('',(-0.173114789086528,0.105168502153933,0.508585));
#12908=CARTESIAN_POINT('',(-0.153126185310698,0.139789779466034,0.508585));
#12909=CARTESIAN_POINT('',(-0.177635989086529,0.0973375540427519,0.508585));
#12910=CARTESIAN_POINT('',(0.0644870113274904,-0.0424522254232819,0.508585));
#12911=CARTESIAN_POINT('',(-0.158620787616759,0.0863591223554851,0.508585));
#12912=CARTESIAN_POINT('',(-0.134110983840928,0.128811347778767,0.508585));
#12913=CARTESIAN_POINT('',(0.0690082113274906,-0.0346212773121011,0.508585));
#12914=CARTESIAN_POINT('',(-0.116333149220292,0.0723856070921324,0.508585));
#12915=CARTESIAN_POINT('',(-0.135348350690062,0.0833640387793992,0.508585));
#12916=CARTESIAN_POINT('',(-0.115359746914231,0.1179853160915,0.508585));
#12917=CARTESIAN_POINT('',(-0.139869550690062,0.0755330906682184,0.508585));
#12918=CARTESIAN_POINT('',(0.0644870113274904,-0.042452225423282,0.508585));
#12919=CARTESIAN_POINT('',(-0.120854349220292,0.0645546589809516,0.508585));
#12920=CARTESIAN_POINT('',(-0.0963445454444611,0.107006884404234,0.508585));
#12921=CARTESIAN_POINT('',(0.0690082113274907,-0.034621277312101,0.508585));
#12922=CARTESIAN_POINT('',(-0.0785667108238247,0.0505811437175989,0.508585));
#12923=CARTESIAN_POINT('',(-0.0975819122935949,0.0615595754048657,0.508585));
#12924=CARTESIAN_POINT('',(-0.0775933085177647,0.0961808527169668,0.508585));
#12925=CARTESIAN_POINT('',(-0.102103112293595,0.0537286272936849,0.508585));
#12926=CARTESIAN_POINT('',(0.0644870113274905,-0.0424522254232818,0.508585));
#12927=CARTESIAN_POINT('',(-0.083087910823825,0.0427501956064181,0.508585));
#12928=CARTESIAN_POINT('',(-0.0585781070479945,0.0852024210297001,0.508585));
#12929=CARTESIAN_POINT('',(0.137403810567666,-0.0620096189432332,0.508585));
#12930=CARTESIAN_POINT('',(0.139956510567666,-0.0620096189432332,0.508585));
#12931=CARTESIAN_POINT('',(0.122403810567666,-0.0879903810567665,0.508585));
#12932=CARTESIAN_POINT('',(0.124956510567666,-0.0879903810567665,0.508585));
#12933=CARTESIAN_POINT('',(0.0941025403784439,-0.0370096189432333,0.508585));
#12934=CARTESIAN_POINT('',(0.0966552403784439,-0.0370096189432333,0.508585));
#12935=CARTESIAN_POINT('',(0.0791025403784439,-0.0629903810567665,0.508585));
#12936=CARTESIAN_POINT('',(0.0816552403784439,-0.0629903810567665,0.508585));
#12937=CARTESIAN_POINT('',(0.0150000000000003,-0.2,0.508585));
#12938=CARTESIAN_POINT('',(0.0175527000000003,-0.2,0.508585));
#12939=CARTESIAN_POINT('',(-0.015,-0.1,0.508585));
#12940=CARTESIAN_POINT('',(-0.0124473,-0.1,0.508585));
#12941=CARTESIAN_POINT('',(-0.0149999999999998,-0.15,0.508585));
#12942=CARTESIAN_POINT('',(-0.0124472999999998,-0.15,0.508585));
#12943=CARTESIAN_POINT('',(0.0150000000000002,-0.15,0.508585));
#12944=CARTESIAN_POINT('',(0.0175527000000003,-0.15,0.508585));
#12945=CARTESIAN_POINT('',(-0.0149999999999997,-0.2,0.508585));
#12946=CARTESIAN_POINT('',(-0.0124472999999997,-0.2,0.508585));
#12947=CARTESIAN_POINT('',(0.0150000000000003,-0.25,0.508585));
#12948=CARTESIAN_POINT('',(0.0175527000000004,-0.25,0.508585));
#12949=CARTESIAN_POINT('',(-0.0941025403784438,-0.0370096189432335,0.508585));
#12950=CARTESIAN_POINT('',(-0.0915498403784438,-0.0370096189432335,0.508585));
#12951=CARTESIAN_POINT('',(-0.0791025403784438,-0.0629903810567667,0.508585));
#12952=CARTESIAN_POINT('',(-0.0765498403784438,-0.0629903810567667,0.508585));
#12953=CARTESIAN_POINT('',(-0.122403810567666,-0.0879903810567667,0.508585));
#12954=CARTESIAN_POINT('',(-0.119851110567666,-0.0879903810567667,0.508585));
#12955=CARTESIAN_POINT('',(-0.137403810567666,-0.0620096189432335,0.508585));
#12956=CARTESIAN_POINT('',(-0.134851110567666,-0.0620096189432335,0.508585));
#12957=CARTESIAN_POINT('',(-0.180705080756887,-0.0870096189432336,0.508585));
#12958=CARTESIAN_POINT('',(-0.178152380756887,-0.0870096189432336,0.508585));
#12959=CARTESIAN_POINT('',(-0.165705080756888,-0.112990381056767,0.508585));
#12960=CARTESIAN_POINT('',(-0.163152380756888,-0.112990381056767,0.508585));
#12961=CARTESIAN_POINT('',(0.180705080756888,-0.0870096189432332,0.508585));
#12962=CARTESIAN_POINT('',(0.183257780756888,-0.0870096189432332,0.508585));
#12963=CARTESIAN_POINT('',(0.165705080756888,-0.112990381056766,0.508585));
#12964=CARTESIAN_POINT('',(0.168257780756888,-0.112990381056766,0.508585));
#12965=CARTESIAN_POINT('',(0.22400635094611,-0.112009618943233,0.508585));
#12966=CARTESIAN_POINT('',(0.22655905094611,-0.112009618943233,0.508585));
#12967=CARTESIAN_POINT('',(0.267307621135332,-0.137009618943233,0.508585));
#12968=CARTESIAN_POINT('',(0.269860321135332,-0.137009618943233,0.508585));
#12969=CARTESIAN_POINT('',(0.252307621135332,-0.162990381056766,0.508585));
#12970=CARTESIAN_POINT('',(0.254860321135332,-0.162990381056766,0.508585));
#12971=CARTESIAN_POINT('',(0.295608891324554,-0.187990381056767,0.508585));
#12972=CARTESIAN_POINT('',(0.298161591324554,-0.187990381056767,0.508585));
#12973=CARTESIAN_POINT('',(0.338910161513776,-0.212990381056766,0.508585));
#12974=CARTESIAN_POINT('',(0.341462861513776,-0.212990381056766,0.508585));
#12975=CARTESIAN_POINT('',(0.382211431702997,-0.237990381056766,0.508585));
#12976=CARTESIAN_POINT('',(0.384764131702998,-0.237990381056766,0.508585));
#12977=CARTESIAN_POINT('',(0.483813972081442,-0.262009618943233,0.508585));
#12978=CARTESIAN_POINT('',(0.486366672081442,-0.262009618943233,0.508585));
#12979=CARTESIAN_POINT('',(0.468813972081441,0.287990381056767,0.508585));
#12980=CARTESIAN_POINT('',(0.471366672081441,0.287990381056767,0.508585));
#12981=CARTESIAN_POINT('',(0.483813972081441,0.262009618943234,0.508585));
#12982=CARTESIAN_POINT('',(0.486366672081441,0.262009618943234,0.508585));
#12983=CARTESIAN_POINT('',(0.440512701892219,0.237009618943234,0.508585));
#12984=CARTESIAN_POINT('',(0.443065401892219,0.237009618943234,0.508585));
#12985=CARTESIAN_POINT('',(0.468813972081442,-0.287990381056766,0.508585));
#12986=CARTESIAN_POINT('',(0.471366672081442,-0.287990381056766,0.508585));
#12987=CARTESIAN_POINT('',(0.44051270189222,-0.237009618943233,0.508585));
#12988=CARTESIAN_POINT('',(0.44306540189222,-0.237009618943233,0.508585));
#12989=CARTESIAN_POINT('',(0.42551270189222,-0.262990381056766,0.508585));
#12990=CARTESIAN_POINT('',(0.42806540189222,-0.262990381056766,0.508585));
#12991=CARTESIAN_POINT('',(0.397211431702997,-0.212009618943233,0.508585));
#12992=CARTESIAN_POINT('',(0.399764131702998,-0.212009618943233,0.508585));
#12993=CARTESIAN_POINT('',(0.015,0.1,0.508585));
#12994=CARTESIAN_POINT('',(0.0175527,0.1,0.508585));
#12995=CARTESIAN_POINT('',(0.353910161513776,-0.187009618943233,0.508585));
#12996=CARTESIAN_POINT('',(0.356462861513776,-0.187009618943233,0.508585));
#12997=CARTESIAN_POINT('',(0.015,-0.1,0.508585));
#12998=CARTESIAN_POINT('',(0.0175527,-0.1,0.508585));
#12999=CARTESIAN_POINT('',(-0.20900635094611,-0.137990381056767,0.508585));
#13000=CARTESIAN_POINT('',(-0.20645365094611,-0.137990381056767,0.508585));
#13001=CARTESIAN_POINT('',(-0.015,0.1,0.508585));
#13002=CARTESIAN_POINT('',(-0.0124473,0.1,0.508585));
#13003=CARTESIAN_POINT('',(0.0149999999999998,0.15,0.508585));
#13004=CARTESIAN_POINT('',(0.0175526999999998,0.15,0.508585));
#13005=CARTESIAN_POINT('',(0.0149999999999998,0.2,0.508585));
#13006=CARTESIAN_POINT('',(0.0175526999999998,0.2,0.508585));
#13007=CARTESIAN_POINT('',(-0.0150000000000002,0.2,0.508585));
#13008=CARTESIAN_POINT('',(-0.0124473000000002,0.2,0.508585));
#13009=CARTESIAN_POINT('',(-0.015,0.15,0.508585));
#13010=CARTESIAN_POINT('',(-0.0124473,0.15,0.508585));
#13011=CARTESIAN_POINT('',(-0.295608891324553,-0.187990381056767,0.508585));
#13012=CARTESIAN_POINT('',(-0.293056191324553,-0.187990381056767,0.508585));
#13013=CARTESIAN_POINT('',(-0.397211431702997,0.212009618943233,0.508585));
#13014=CARTESIAN_POINT('',(-0.394658731702997,0.212009618943233,0.508585));
#13015=CARTESIAN_POINT('',(0.224006350946109,0.112009618943234,0.508585));
#13016=CARTESIAN_POINT('',(0.226559050946109,0.112009618943234,0.508585));
#13017=CARTESIAN_POINT('',(-0.0149999999999997,-0.25,0.508585));
#13018=CARTESIAN_POINT('',(-0.0124472999999997,-0.25,0.508585));
#13019=CARTESIAN_POINT('',(0.20900635094611,-0.137990381056766,0.508585));
#13020=CARTESIAN_POINT('',(0.21155905094611,-0.137990381056766,0.508585));
#13021=CARTESIAN_POINT('',(-0.295608891324554,0.187990381056767,0.508585));
#13022=CARTESIAN_POINT('',(-0.293056191324554,0.187990381056767,0.508585));
#13023=CARTESIAN_POINT('',(0.0791025403784438,0.0629903810567667,0.508585));
#13024=CARTESIAN_POINT('',(0.0816552403784438,0.0629903810567667,0.508585));
#13025=CARTESIAN_POINT('',(-0.0150000000000002,0.25,0.508585));
#13026=CARTESIAN_POINT('',(-0.0124473000000002,0.25,0.508585));
#13027=CARTESIAN_POINT('',(0.0149999999999998,0.25,0.508585));
#13028=CARTESIAN_POINT('',(0.0175526999999998,0.25,0.508585));
#13029=CARTESIAN_POINT('',(0.122403810567666,0.0879903810567668,0.508585));
#13030=CARTESIAN_POINT('',(0.124956510567666,0.0879903810567668,0.508585));
#13031=CARTESIAN_POINT('',(0.0941025403784438,0.0370096189432335,0.508585));
#13032=CARTESIAN_POINT('',(0.0966552403784438,0.0370096189432335,0.508585));
#13033=CARTESIAN_POINT('',(0.137403810567666,0.0620096189432336,0.508585));
#13034=CARTESIAN_POINT('',(0.139956510567666,0.0620096189432336,0.508585));
#13035=CARTESIAN_POINT('',(0.180705080756887,0.0870096189432336,0.508585));
#13036=CARTESIAN_POINT('',(0.183257780756887,0.0870096189432336,0.508585));
#13037=CARTESIAN_POINT('',(0.20900635094611,0.137990381056767,0.508585));
#13038=CARTESIAN_POINT('',(0.211559050946109,0.137990381056767,0.508585));
#13039=CARTESIAN_POINT('',(0.252307621135332,0.162990381056767,0.508585));
#13040=CARTESIAN_POINT('',(0.254860321135332,0.162990381056767,0.508585));
#13041=CARTESIAN_POINT('',(0.267307621135332,0.137009618943234,0.508585));
#13042=CARTESIAN_POINT('',(0.269860321135332,0.137009618943234,0.508585));
#13043=CARTESIAN_POINT('',(0.310608891324553,0.162009618943234,0.508585));
#13044=CARTESIAN_POINT('',(0.313161591324554,0.162009618943234,0.508585));
#13045=CARTESIAN_POINT('',(0.295608891324553,0.187990381056767,0.508585));
#13046=CARTESIAN_POINT('',(0.298161591324553,0.187990381056767,0.508585));
#13047=CARTESIAN_POINT('',(0.338910161513776,0.212990381056767,0.508585));
#13048=CARTESIAN_POINT('',(0.341462861513776,0.212990381056767,0.508585));
#13049=CARTESIAN_POINT('',(0.353910161513776,0.187009618943234,0.508585));
#13050=CARTESIAN_POINT('',(0.356462861513776,0.187009618943234,0.508585));
#13051=CARTESIAN_POINT('',(0.397211431702997,0.212009618943234,0.508585));
#13052=CARTESIAN_POINT('',(0.399764131702997,0.212009618943234,0.508585));
#13053=CARTESIAN_POINT('',(0.382211431702997,0.237990381056767,0.508585));
#13054=CARTESIAN_POINT('',(0.384764131702997,0.237990381056767,0.508585));
#13055=CARTESIAN_POINT('',(0.425512701892219,0.262990381056767,0.508585));
#13056=CARTESIAN_POINT('',(0.428065401892219,0.262990381056767,0.508585));
#13057=CARTESIAN_POINT('',(-0.180705080756888,0.0870096189432332,0.508585));
#13058=CARTESIAN_POINT('',(-0.178152380756888,0.0870096189432332,0.508585));
#13059=CARTESIAN_POINT('',(-0.165705080756888,0.112990381056766,0.508585));
#13060=CARTESIAN_POINT('',(-0.163152380756888,0.112990381056766,0.508585));
#13061=CARTESIAN_POINT('',(-0.20900635094611,0.137990381056766,0.508585));
#13062=CARTESIAN_POINT('',(-0.20645365094611,0.137990381056766,0.508585));
#13063=CARTESIAN_POINT('',(-0.22400635094611,0.112009618943233,0.508585));
#13064=CARTESIAN_POINT('',(-0.22145365094611,0.112009618943233,0.508585));
#13065=CARTESIAN_POINT('',(-0.252307621135332,0.162990381056766,0.508585));
#13066=CARTESIAN_POINT('',(-0.249754921135332,0.162990381056766,0.508585));
#13067=CARTESIAN_POINT('',(-0.267307621135332,0.137009618943233,0.508585));
#13068=CARTESIAN_POINT('',(-0.264754921135332,0.137009618943233,0.508585));
#13069=CARTESIAN_POINT('',(-0.310608891324554,0.162009618943233,0.508585));
#13070=CARTESIAN_POINT('',(-0.308056191324554,0.162009618943233,0.508585));
#13071=CARTESIAN_POINT('',(-0.353910161513776,0.187009618943233,0.508585));
#13072=CARTESIAN_POINT('',(-0.351357461513776,0.187009618943233,0.508585));
#13073=CARTESIAN_POINT('',(0.165705080756888,0.112990381056767,0.508585));
#13074=CARTESIAN_POINT('',(0.168257780756887,0.112990381056767,0.508585));
#13075=CARTESIAN_POINT('',(-0.468813972081442,0.287990381056766,0.508585));
#13076=CARTESIAN_POINT('',(-0.466261272081442,0.287990381056766,0.508585));
#13077=CARTESIAN_POINT('',(-0.483813972081442,0.262009618943233,0.508585));
#13078=CARTESIAN_POINT('',(-0.481261272081442,0.262009618943233,0.508585));
#13079=CARTESIAN_POINT('',(-0.44051270189222,0.237009618943233,0.508585));
#13080=CARTESIAN_POINT('',(-0.43796000189222,0.237009618943233,0.508585));
#13081=CARTESIAN_POINT('',(-0.42551270189222,0.262990381056766,0.508585));
#13082=CARTESIAN_POINT('',(-0.422960001892219,0.262990381056766,0.508585));
#13083=CARTESIAN_POINT('',(-0.382211431702997,0.237990381056766,0.508585));
#13084=CARTESIAN_POINT('',(-0.379658731702997,0.237990381056766,0.508585));
#13085=CARTESIAN_POINT('',(-0.338910161513776,0.212990381056767,0.508585));
#13086=CARTESIAN_POINT('',(-0.336357461513775,0.212990381056767,0.508585));
#13087=CARTESIAN_POINT('',(-0.224006350946109,-0.112009618943234,0.508585));
#13088=CARTESIAN_POINT('',(-0.221453650946109,-0.112009618943234,0.508585));
#13089=CARTESIAN_POINT('',(-0.267307621135332,-0.137009618943234,0.508585));
#13090=CARTESIAN_POINT('',(-0.264754921135332,-0.137009618943234,0.508585));
#13091=CARTESIAN_POINT('',(-0.252307621135332,-0.162990381056767,0.508585));
#13092=CARTESIAN_POINT('',(-0.249754921135332,-0.162990381056767,0.508585));
#13093=CARTESIAN_POINT('',(-0.310608891324553,-0.162009618943234,0.508585));
#13094=CARTESIAN_POINT('',(-0.308056191324553,-0.162009618943234,0.508585));
#13095=CARTESIAN_POINT('',(-0.353910161513776,-0.187009618943234,0.508585));
#13096=CARTESIAN_POINT('',(-0.351357461513776,-0.187009618943234,0.508585));
#13097=CARTESIAN_POINT('',(-0.338910161513776,-0.212990381056767,0.508585));
#13098=CARTESIAN_POINT('',(-0.336357461513775,-0.212990381056767,0.508585));
#13099=CARTESIAN_POINT('',(-0.397211431702997,-0.212009618943234,0.508585));
#13100=CARTESIAN_POINT('',(-0.394658731702997,-0.212009618943234,0.508585));
#13101=CARTESIAN_POINT('',(-0.382211431702997,-0.237990381056767,0.508585));
#13102=CARTESIAN_POINT('',(-0.379658731702997,-0.237990381056767,0.508585));
#13103=CARTESIAN_POINT('',(-0.440512701892219,-0.237009618943234,0.508585));
#13104=CARTESIAN_POINT('',(-0.437960001892219,-0.237009618943234,0.508585));
#13105=CARTESIAN_POINT('',(-0.425512701892219,-0.262990381056767,0.508585));
#13106=CARTESIAN_POINT('',(-0.422960001892219,-0.262990381056767,0.508585));
#13107=CARTESIAN_POINT('',(-0.483813972081441,-0.262009618943233,0.508585));
#13108=CARTESIAN_POINT('',(-0.481261272081441,-0.262009618943233,0.508585));
#13109=CARTESIAN_POINT('',(-0.468813972081441,-0.287990381056767,0.508585));
#13110=CARTESIAN_POINT('',(-0.466261272081441,-0.287990381056767,0.508585));
#13111=CARTESIAN_POINT('',(-0.094102540378444,0.0370096189432333,0.508585));
#13112=CARTESIAN_POINT('',(-0.091549840378444,0.0370096189432333,0.508585));
#13113=CARTESIAN_POINT('',(-0.0791025403784439,0.0629903810567665,0.508585));
#13114=CARTESIAN_POINT('',(-0.0765498403784439,0.0629903810567665,0.508585));
#13115=CARTESIAN_POINT('',(-0.122403810567666,0.0879903810567665,0.508585));
#13116=CARTESIAN_POINT('',(-0.119851110567666,0.0879903810567665,0.508585));
#13117=CARTESIAN_POINT('',(-0.137403810567666,0.0620096189432333,0.508585));
#13118=CARTESIAN_POINT('',(-0.134851110567666,0.0620096189432333,0.508585));
#13119=CARTESIAN_POINT('',(0.310608891324554,-0.162009618943233,0.508585));
#13120=CARTESIAN_POINT('',(0.313161591324554,-0.162009618943233,0.508585));
#13121=CARTESIAN_POINT('',(-0.0209890923250707,-0.190501179782541,0.508585));
#13122=CARTESIAN_POINT('',(0.0580918972132274,-0.23615861038026,0.508585));
#13123=CARTESIAN_POINT('',(0.242402115614459,-0.34257016458861,0.508585));
#13124=CARTESIAN_POINT('',(0.242529115614459,-0.342350194136049,0.508585));
#13125=CARTESIAN_POINT('',(0.242597554568431,-0.342594800165367,0.508585));
#13126=CARTESIAN_POINT('',(0.189044632076224,-0.357578510941921,0.508585));
#13127=CARTESIAN_POINT('',(0.244014438953972,-0.342198366416306,0.508585));
#13128=CARTESIAN_POINT('',(0.243946,-0.341953760386987,0.508585));
#13129=CARTESIAN_POINT('',(0.2442,-0.341953760386987,0.508585));
#13130=CARTESIAN_POINT('',(0.2442,7.3334168305156E-17,0.508585));
#13131=CARTESIAN_POINT('',(0.2442,-0.183973573185932,0.508585));
#13132=CARTESIAN_POINT('',(0.243946,-0.183973573185932,0.508585));
#13133=CARTESIAN_POINT('',(0.243877561046028,-0.183728967156612,0.508585));
#13134=CARTESIAN_POINT('',(0.147915130853542,-0.21057854384645,0.508585));
#13135=CARTESIAN_POINT('',(0.0581504582592553,-0.23569403389838,0.508585));
#13136=CARTESIAN_POINT('',(0.0582188972132274,-0.235938639927699,0.508585));
#13137=CARTESIAN_POINT('',(-0.0239734189364809,-0.403764212862869,0.508585));
#13138=CARTESIAN_POINT('',(-0.289522438953972,-0.329465565323731,0.508585));
#13139=CARTESIAN_POINT('',(-0.447991423784441,-0.285127117947692,0.508585));
#13140=CARTESIAN_POINT('',(-0.289454,-0.329220959294411,0.508585));
#13141=CARTESIAN_POINT('',(-0.2892,-0.329220959294411,0.508585));
#13142=CARTESIAN_POINT('',(-0.2892,-7.26534683019681E-17,0.508585));
#13143=CARTESIAN_POINT('',(-0.2892,-0.193390400868296,0.508585));
#13144=CARTESIAN_POINT('',(-0.289454,-0.193390400868296,0.508585));
#13145=CARTESIAN_POINT('',(-0.289581,-0.193170430415734,0.508585));
#13146=CARTESIAN_POINT('',(0.0779976113274907,0.0190511797825414,0.508585));
#13147=CARTESIAN_POINT('',(-0.448049984830469,-0.284662541465812,0.508585));
#13148=CARTESIAN_POINT('',(-0.447922984830469,-0.284882511918373,0.508585));
#13149=CARTESIAN_POINT('',(-0.0239734189364809,-0.403764212862869,0.508585));
#13150=CARTESIAN_POINT('',(-6.843895397185E-5,-0.410452649077146,0.508585));
#13151=CARTESIAN_POINT('',(-0.181291423784441,-0.359747801154819,0.508585));
#13152=CARTESIAN_POINT('',(2.77555756156289E-16,-0.410208043047827,0.508585));
#13153=CARTESIAN_POINT('',(6.84389539724051E-5,-0.410452649077146,0.508585));
#13154=CARTESIAN_POINT('',(0.189044632076224,-0.357578510941921,0.508585));
#13155=CARTESIAN_POINT('',(0.181291423784441,-0.359747801154819,0.508585));
#13156=CARTESIAN_POINT('',(0.181222984830469,-0.3595031951255,0.508585));
#13157=CARTESIAN_POINT('',(0.181349984830469,-0.359283224672939,0.508585));
#13158=CARTESIAN_POINT('',(-0.0434890923250708,-0.229472322952841,0.508585));
#13159=CARTESIAN_POINT('',(0.000126999999999974,-0.25465408559772,0.508585));
#13160=CARTESIAN_POINT('',(2.77555756156289E-17,-0.254874056050282,0.508585));
#13161=CARTESIAN_POINT('',(-0.000126999999999973,-0.25465408559772,0.508585));
#13162=CARTESIAN_POINT('',(0.176984314980052,-0.152398820217459,0.508585));
#13163=CARTESIAN_POINT('',(-0.181349984830468,-0.359283224672939,0.508585));
#13164=CARTESIAN_POINT('',(-0.181222984830468,-0.3595031951255,0.508585));
#13165=CARTESIAN_POINT('',(-0.289454,0.329220959294412,0.508585));
#13166=CARTESIAN_POINT('',(-0.2892,0.329220959294412,0.508585));
#13167=CARTESIAN_POINT('',(-0.289522438953972,0.329465565323731,0.508585));
#13168=CARTESIAN_POINT('',(-0.0239734189364808,0.403764212862869,0.508585));
#13169=CARTESIAN_POINT('',(-0.447991423784441,0.285127117947692,0.508585));
#13170=CARTESIAN_POINT('',(-0.447922984830469,0.284882511918373,0.508585));
#13171=CARTESIAN_POINT('',(-0.448049984830469,0.284662541465812,0.508585));
#13172=CARTESIAN_POINT('',(0.0779976113274907,-0.0190511797825413,0.508585));
#13173=CARTESIAN_POINT('',(-0.289581,0.193170430415734,0.508585));
#13174=CARTESIAN_POINT('',(-0.289454,0.193390400868296,0.508585));
#13175=CARTESIAN_POINT('',(-0.2892,0.193390400868296,0.508585));
#13176=CARTESIAN_POINT('',(-0.2892,4.78373843991483E-16,0.508585));
#13177=CARTESIAN_POINT('',(0.447922984830469,0.284882511918373,0.508585));
#13178=CARTESIAN_POINT('',(0.448049984830469,0.284662541465812,0.508585));
#13179=CARTESIAN_POINT('',(0.447991423784441,0.285127117947692,0.508585));
#13180=CARTESIAN_POINT('',(0.189044632076224,0.357578510941921,0.508585));
#13181=CARTESIAN_POINT('',(0.289522438953972,0.329465565323731,0.508585));
#13182=CARTESIAN_POINT('',(0.289454,0.329220959294411,0.508585));
#13183=CARTESIAN_POINT('',(0.2892,0.329220959294411,0.508585));
#13184=CARTESIAN_POINT('',(0.2892,2.08253354726549E-16,0.508585));
#13185=CARTESIAN_POINT('',(0.2892,0.193390400868296,0.508585));
#13186=CARTESIAN_POINT('',(0.289454,0.193390400868296,0.508585));
#13187=CARTESIAN_POINT('',(0.289581,0.193170430415734,0.508585));
#13188=CARTESIAN_POINT('',(0.0554976113274907,0.0580223229528412,0.508585));
#13189=CARTESIAN_POINT('',(0.107747611327491,-0.0324773317426328,0.508585));
#13190=CARTESIAN_POINT('',(0.022627,-0.0816217396061449,0.508585));
#13191=CARTESIAN_POINT('',(0.059373,-0.060406426614503,0.508585));
#13192=CARTESIAN_POINT('',(0.022754,-0.0818417100587061,0.508585));
#13193=CARTESIAN_POINT('',(0.0225,-0.0818417100587061,0.508585));
#13194=CARTESIAN_POINT('',(0.0225,1.51391011556975E-16,0.508585));
#13195=CARTESIAN_POINT('',(0.0225,-0.198605743606941,0.508585));
#13196=CARTESIAN_POINT('',(0.022754,-0.198605743606941,0.508585));
#13197=CARTESIAN_POINT('',(0.0228224389539721,-0.19885034963626,0.508585));
#13198=CARTESIAN_POINT('',(0.135790119323048,-0.167242829990724,0.508585));
#13199=CARTESIAN_POINT('',(0.208549541740744,-0.146885282894494,0.508585));
#13200=CARTESIAN_POINT('',(0.208481102786773,-0.146640676865175,0.508585));
#13201=CARTESIAN_POINT('',(0.208608102786772,-0.146420706412613,0.508585));
#13202=CARTESIAN_POINT('',(0.0554976113274906,-0.0580223229528411,0.508585));
#13203=CARTESIAN_POINT('',(0.059627,-0.060406426614503,0.508585));
#13204=CARTESIAN_POINT('',(0.0595,-0.0606263970670642,0.508585));
#13205=CARTESIAN_POINT('',(0.082,1.11022302462516E-16,0.508585));
#13206=CARTESIAN_POINT('',(0.082,-0.0212153129916419,0.508585));
#13207=CARTESIAN_POINT('',(0.082,0.021215312991642,0.508585));
#13208=CARTESIAN_POINT('',(0.082254,-0.0212153129916419,0.508585));
#13209=CARTESIAN_POINT('',(0.082127,-0.0214352834442032,0.508585));
#13210=CARTESIAN_POINT('',(0.0779976113274907,-0.0190511797825413,0.508585));
#13211=CARTESIAN_POINT('',(0.243819,-0.114788203170012,0.508585));
#13212=CARTESIAN_POINT('',(0.243946,-0.114568232717451,0.508585));
#13213=CARTESIAN_POINT('',(0.2442,-0.114568232717451,0.508585));
#13214=CARTESIAN_POINT('',(0.2442,1.11022302462516E-16,0.508585));
#13215=CARTESIAN_POINT('',(0.2442,0.114568232717451,0.508585));
#13216=CARTESIAN_POINT('',(0.243946,0.114568232717451,0.508585));
#13217=CARTESIAN_POINT('',(0.243819,0.114788203170012,0.508585));
#13218=CARTESIAN_POINT('',(0.0779976113274907,0.0190511797825414,0.508585));
#13219=CARTESIAN_POINT('',(0.082127,0.0214352834442032,0.508585));
#13220=CARTESIAN_POINT('',(0.082254,0.021215312991642,0.508585));
#13221=CARTESIAN_POINT('',(0.189044632076224,0.357578510941921,0.508585));
#13222=CARTESIAN_POINT('',(0.244014438953972,0.342198366416306,0.508585));
#13223=CARTESIAN_POINT('',(0.242597554568431,0.342594800165367,0.508585));
#13224=CARTESIAN_POINT('',(0.242529115614459,0.342350194136049,0.508585));
#13225=CARTESIAN_POINT('',(0.242402115614459,0.34257016458861,0.508585));
#13226=CARTESIAN_POINT('',(-0.0209890923250706,0.190501179782541,0.508585));
#13227=CARTESIAN_POINT('',(0.0580918972132277,0.23615861038026,0.508585));
#13228=CARTESIAN_POINT('',(0.0582188972132277,0.235938639927699,0.508585));
#13229=CARTESIAN_POINT('',(0.0581504582592555,0.23569403389838,0.508585));
#13230=CARTESIAN_POINT('',(0.147915130853542,0.21057854384645,0.508585));
#13231=CARTESIAN_POINT('',(0.243877561046027,0.183728967156612,0.508585));
#13232=CARTESIAN_POINT('',(0.243946,0.183973573185932,0.508585));
#13233=CARTESIAN_POINT('',(0.2442,0.183973573185932,0.508585));
#13234=CARTESIAN_POINT('',(0.2442,1.86398570777235E-16,0.508585));
#13235=CARTESIAN_POINT('',(0.2442,0.341953760386987,0.508585));
#13236=CARTESIAN_POINT('',(0.243946,0.341953760386987,0.508585));
#13237=CARTESIAN_POINT('',(0.189044632076224,0.357578510941921,0.508585));
#13238=CARTESIAN_POINT('',(0.181291423784441,0.359747801154819,0.508585));
#13239=CARTESIAN_POINT('',(6.8438953971961E-5,0.410452649077146,0.508585));
#13240=CARTESIAN_POINT('',(-1.11022302462516E-16,0.410208043047827,0.508585));
#13241=CARTESIAN_POINT('',(-6.84389539722941E-5,0.410452649077146,0.508585));
#13242=CARTESIAN_POINT('',(-0.0239734189364808,0.403764212862869,0.508585));
#13243=CARTESIAN_POINT('',(-0.181291423784441,0.359747801154819,0.508585));
#13244=CARTESIAN_POINT('',(-0.181222984830468,0.3595031951255,0.508585));
#13245=CARTESIAN_POINT('',(-0.181349984830468,0.359283224672939,0.508585));
#13246=CARTESIAN_POINT('',(0.176984314980052,0.152398820217459,0.508585));
#13247=CARTESIAN_POINT('',(-0.000126999999999669,0.25465408559772,0.508585));
#13248=CARTESIAN_POINT('',(3.05311331771918E-16,0.254874056050282,0.508585));
#13249=CARTESIAN_POINT('',(0.000127000000000306,0.25465408559772,0.508585));
#13250=CARTESIAN_POINT('',(-0.0434890923250706,0.229472322952841,0.508585));
#13251=CARTESIAN_POINT('',(0.181349984830469,0.359283224672939,0.508585));
#13252=CARTESIAN_POINT('',(0.181222984830469,0.3595031951255,0.508585));
#13253=CARTESIAN_POINT('',(0.154484314980052,0.113427677047159,0.508585));
#13254=CARTESIAN_POINT('',(-0.0580918972132272,0.23615861038026,0.508585));
#13255=CARTESIAN_POINT('',(-0.242402115614459,0.34257016458861,0.508585));
#13256=CARTESIAN_POINT('',(-0.242529115614459,0.342350194136049,0.508585));
#13257=CARTESIAN_POINT('',(-0.242597554568431,0.342594800165367,0.508585));
#13258=CARTESIAN_POINT('',(-0.0239734189364808,0.403764212862869,0.508585));
#13259=CARTESIAN_POINT('',(-0.244014438953972,0.342198366416306,0.508585));
#13260=CARTESIAN_POINT('',(-0.243946,0.341953760386987,0.508585));
#13261=CARTESIAN_POINT('',(-0.2442,0.341953760386987,0.508585));
#13262=CARTESIAN_POINT('',(-0.2442,4.34664276092855E-16,0.508585));
#13263=CARTESIAN_POINT('',(-0.2442,0.183973573185932,0.508585));
#13264=CARTESIAN_POINT('',(-0.243946,0.183973573185932,0.508585));
#13265=CARTESIAN_POINT('',(-0.243877561046027,0.183728967156612,0.508585));
#13266=CARTESIAN_POINT('',(0.0171560822862011,0.256764245767398,0.508585));
#13267=CARTESIAN_POINT('',(-0.058150458259255,0.23569403389838,0.508585));
#13268=CARTESIAN_POINT('',(-0.0582188972132272,0.235938639927699,0.508585));
#13269=CARTESIAN_POINT('',(-0.0225,1.78709491493619E-16,0.508585));
#13270=CARTESIAN_POINT('',(-0.0225,-0.0818417100587063,0.508585));
#13271=CARTESIAN_POINT('',(-0.0225,-0.198605743606941,0.508585));
#13272=CARTESIAN_POINT('',(-0.022754,-0.0818417100587063,0.508585));
#13273=CARTESIAN_POINT('',(-0.022627,-0.081621739606145,0.508585));
#13274=CARTESIAN_POINT('',(0.0257476113274906,-0.109550834478015,0.508585));
#13275=CARTESIAN_POINT('',(-0.059373,-0.0604064266145029,0.508585));
#13276=CARTESIAN_POINT('',(-0.0595,-0.0606263970670642,0.508585));
#13277=CARTESIAN_POINT('',(-0.059627,-0.060406426614503,0.508585));
#13278=CARTESIAN_POINT('',(0.0779976113274907,0.0190511797825414,0.508585));
#13279=CARTESIAN_POINT('',(-0.208608102786772,-0.146420706412613,0.508585));
#13280=CARTESIAN_POINT('',(-0.208481102786773,-0.146640676865175,0.508585));
#13281=CARTESIAN_POINT('',(-0.208549541740744,-0.146885282894494,0.508585));
#13282=CARTESIAN_POINT('',(0.0292810938166953,-0.213428531911671,0.508585));
#13283=CARTESIAN_POINT('',(-0.0228224389539721,-0.19885034963626,0.508585));
#13284=CARTESIAN_POINT('',(-0.022754,-0.198605743606941,0.508585));
#13285=CARTESIAN_POINT('',(-0.0239734189364809,-0.403764212862869,0.508585));
#13286=CARTESIAN_POINT('',(-0.242597554568431,-0.342594800165367,0.508585));
#13287=CARTESIAN_POINT('',(-0.244014438953972,-0.342198366416306,0.508585));
#13288=CARTESIAN_POINT('',(-0.242529115614459,-0.342350194136048,0.508585));
#13289=CARTESIAN_POINT('',(-0.242402115614459,-0.34257016458861,0.508585));
#13290=CARTESIAN_POINT('',(0.154484314980052,-0.113427677047159,0.508585));
#13291=CARTESIAN_POINT('',(-0.0580918972132275,-0.23615861038026,0.508585));
#13292=CARTESIAN_POINT('',(-0.0582188972132274,-0.235938639927699,0.508585));
#13293=CARTESIAN_POINT('',(-0.0581504582592553,-0.23569403389838,0.508585));
#13294=CARTESIAN_POINT('',(0.0171560822862008,-0.256764245767398,0.508585));
#13295=CARTESIAN_POINT('',(-0.243877561046027,-0.183728967156612,0.508585));
#13296=CARTESIAN_POINT('',(-0.243946,-0.183973573185932,0.508585));
#13297=CARTESIAN_POINT('',(-0.2442,-0.183973573185932,0.508585));
#13298=CARTESIAN_POINT('',(-0.2442,-5.0798684352654E-17,0.508585));
#13299=CARTESIAN_POINT('',(-0.2442,-0.341953760386987,0.508585));
#13300=CARTESIAN_POINT('',(-0.243946,-0.341953760386987,0.508585));
#13301=CARTESIAN_POINT('',(0.0257476113274908,0.109550834478015,0.508585));
#13302=CARTESIAN_POINT('',(-0.022627,0.081621739606145,0.508585));
#13303=CARTESIAN_POINT('',(-0.059373,0.060406426614503,0.508585));
#13304=CARTESIAN_POINT('',(-0.022754,0.0818417100587063,0.508585));
#13305=CARTESIAN_POINT('',(-0.0225,0.0818417100587063,0.508585));
#13306=CARTESIAN_POINT('',(-0.0225,1.78709491493619E-16,0.508585));
#13307=CARTESIAN_POINT('',(-0.0224999999999998,0.198605743606941,0.508585));
#13308=CARTESIAN_POINT('',(-0.0227539999999998,0.198605743606941,0.508585));
#13309=CARTESIAN_POINT('',(-0.0228224389539719,0.19885034963626,0.508585));
#13310=CARTESIAN_POINT('',(0.0292810938166955,0.213428531911671,0.508585));
#13311=CARTESIAN_POINT('',(-0.208549541740744,0.146885282894494,0.508585));
#13312=CARTESIAN_POINT('',(-0.208481102786773,0.146640676865175,0.508585));
#13313=CARTESIAN_POINT('',(-0.208608102786772,0.146420706412613,0.508585));
#13314=CARTESIAN_POINT('',(0.0779976113274906,-0.0190511797825413,0.508585));
#13315=CARTESIAN_POINT('',(-0.059627,0.060406426614503,0.508585));
#13316=CARTESIAN_POINT('',(-0.0595,0.0606263970670643,0.508585));
#13317=CARTESIAN_POINT('',(0.0225,1.51391011556976E-16,0.508585));
#13318=CARTESIAN_POINT('',(0.0225000000000002,0.198605743606941,0.508585));
#13319=CARTESIAN_POINT('',(0.0225,0.0818417100587061,0.508585));
#13320=CARTESIAN_POINT('',(0.022754,0.0818417100587061,0.508585));
#13321=CARTESIAN_POINT('',(0.022627,0.0816217396061449,0.508585));
#13322=CARTESIAN_POINT('',(0.107747611327491,0.0324773317426327,0.508585));
#13323=CARTESIAN_POINT('',(0.059373,0.060406426614503,0.508585));
#13324=CARTESIAN_POINT('',(0.0595,0.0606263970670642,0.508585));
#13325=CARTESIAN_POINT('',(0.059627,0.060406426614503,0.508585));
#13326=CARTESIAN_POINT('',(0.0554976113274907,0.0580223229528412,0.508585));
#13327=CARTESIAN_POINT('',(0.208608102786772,0.146420706412613,0.508585));
#13328=CARTESIAN_POINT('',(0.208481102786773,0.146640676865175,0.508585));
#13329=CARTESIAN_POINT('',(0.208549541740744,0.146885282894494,0.508585));
#13330=CARTESIAN_POINT('',(0.135790119323048,0.167242829990724,0.508585));
#13331=CARTESIAN_POINT('',(0.0228224389539723,0.19885034963626,0.508585));
#13332=CARTESIAN_POINT('',(0.0227540000000002,0.198605743606941,0.508585));
#13333=CARTESIAN_POINT('',(0.0554976113274907,0.0580223229528412,0.508585));
#13334=CARTESIAN_POINT('',(-0.082127,-0.0214352834442032,0.508585));
#13335=CARTESIAN_POINT('',(-0.243819,-0.114788203170012,0.508585));
#13336=CARTESIAN_POINT('',(-0.082254,-0.0212153129916419,0.508585));
#13337=CARTESIAN_POINT('',(-0.082,-0.0212153129916419,0.508585));
#13338=CARTESIAN_POINT('',(-0.082,1.6656630498517E-16,0.508585));
#13339=CARTESIAN_POINT('',(-0.082,0.021215312991642,0.508585));
#13340=CARTESIAN_POINT('',(-0.082254,0.021215312991642,0.508585));
#13341=CARTESIAN_POINT('',(-0.082127,0.0214352834442033,0.508585));
#13342=CARTESIAN_POINT('',(0.0554976113274906,-0.0580223229528411,0.508585));
#13343=CARTESIAN_POINT('',(-0.243819,0.114788203170012,0.508585));
#13344=CARTESIAN_POINT('',(-0.243946,0.114568232717451,0.508585));
#13345=CARTESIAN_POINT('',(-0.2442,0.114568232717451,0.508585));
#13346=CARTESIAN_POINT('',(-0.2442,1.11022302462516E-16,0.508585));
#13347=CARTESIAN_POINT('',(-0.2442,-0.114568232717451,0.508585));
#13348=CARTESIAN_POINT('',(-0.243946,-0.114568232717451,0.508585));
#13349=CARTESIAN_POINT('',(0.5334,0.,0.508585));
#13350=CARTESIAN_POINT('',(0.5334,-0.307958633585746,0.508585));
#13351=CARTESIAN_POINT('',(0.5334,0.307958633585746,0.508585));
#13352=CARTESIAN_POINT('',(0.2667,-0.382579316792873,0.508585));
#13353=CARTESIAN_POINT('',(1.66533453693773E-16,-0.4572,0.508585));
#13354=CARTESIAN_POINT('',(-0.2667,-0.382579316792873,0.508585));
#13355=CARTESIAN_POINT('',(-0.5334,-0.307958633585746,0.508585));
#13356=CARTESIAN_POINT('',(-0.5334,2.77555756156289E-17,0.508585));
#13357=CARTESIAN_POINT('',(-0.5334,0.307958633585746,0.508585));
#13358=CARTESIAN_POINT('',(-0.2667,0.382579316792873,0.508585));
#13359=CARTESIAN_POINT('',(2.77555756156289E-16,0.4572,0.508585));
#13360=CARTESIAN_POINT('',(0.2667,0.382579316792873,0.508585));
#13361=CARTESIAN_POINT('',(0.0889968151033209,-0.0225,0.508585));
#13362=CARTESIAN_POINT('',(-0.289454,-0.0225,0.508585));
#13363=CARTESIAN_POINT('',(-0.488146,-0.0225,0.508585));
#13364=CARTESIAN_POINT('',(-0.488146,-0.022754,0.508585));
#13365=CARTESIAN_POINT('',(-0.4884,-0.022754,0.508585));
#13366=CARTESIAN_POINT('',(-0.4884,2.15101092365065E-16,0.508585));
#13367=CARTESIAN_POINT('',(-0.4884,-0.255557168453558,0.508585));
#13368=CARTESIAN_POINT('',(-0.488146,-0.255557168453558,0.508585));
#13369=CARTESIAN_POINT('',(-0.488019,-0.255777138906119,0.508585));
#13370=CARTESIAN_POINT('',(0.0554976113274907,0.0580223229528413,0.508585));
#13371=CARTESIAN_POINT('',(-0.289327,-0.141062259220293,0.508585));
#13372=CARTESIAN_POINT('',(-0.289454,-0.140842288767732,0.508585));
#13373=CARTESIAN_POINT('',(-0.2892,-0.140842288767732,0.508585));
#13374=CARTESIAN_POINT('',(-0.2892,1.11022302462516E-16,0.508585));
#13375=CARTESIAN_POINT('',(-0.2892,-0.022754,0.508585));
#13376=CARTESIAN_POINT('',(-0.289454,-0.022754,0.508585));
#13377=CARTESIAN_POINT('',(-0.4884,2.15101092365065E-16,0.508585));
#13378=CARTESIAN_POINT('',(-0.4884,0.255557168453558,0.508585));
#13379=CARTESIAN_POINT('',(-0.4884,0.022754,0.508585));
#13380=CARTESIAN_POINT('',(-0.488146,0.022754,0.508585));
#13381=CARTESIAN_POINT('',(-0.488146,0.0225,0.508585));
#13382=CARTESIAN_POINT('',(0.0889968151033209,0.0225,0.508585));
#13383=CARTESIAN_POINT('',(-0.289454,0.0225,0.508585));
#13384=CARTESIAN_POINT('',(-0.289454,0.022754,0.508585));
#13385=CARTESIAN_POINT('',(-0.2892,0.022754,0.508585));
#13386=CARTESIAN_POINT('',(-0.2892,1.11022302462516E-16,0.508585));
#13387=CARTESIAN_POINT('',(-0.2892,0.140842288767732,0.508585));
#13388=CARTESIAN_POINT('',(-0.289454,0.140842288767732,0.508585));
#13389=CARTESIAN_POINT('',(-0.289327,0.141062259220294,0.508585));
#13390=CARTESIAN_POINT('',(0.0554976113274906,-0.0580223229528411,0.508585));
#13391=CARTESIAN_POINT('',(-0.488019,0.255777138906119,0.508585));
#13392=CARTESIAN_POINT('',(-0.488146,0.255557168453558,0.508585));
#13393=CARTESIAN_POINT('',(0.0889968151033209,0.0225,0.508585));
#13394=CARTESIAN_POINT('',(0.289454,0.0225,0.508585));
#13395=CARTESIAN_POINT('',(0.488146,0.0225,0.508585));
#13396=CARTESIAN_POINT('',(0.488146,0.022754,0.508585));
#13397=CARTESIAN_POINT('',(0.4884,0.022754,0.508585));
#13398=CARTESIAN_POINT('',(0.4884,3.90277935218455E-17,0.508585));
#13399=CARTESIAN_POINT('',(0.4884,0.255557168453558,0.508585));
#13400=CARTESIAN_POINT('',(0.488146,0.255557168453558,0.508585));
#13401=CARTESIAN_POINT('',(0.488019,0.255777138906119,0.508585));
#13402=CARTESIAN_POINT('',(0.0779976113274907,0.0190511797825414,0.508585));
#13403=CARTESIAN_POINT('',(0.289327,0.141062259220294,0.508585));
#13404=CARTESIAN_POINT('',(0.289454,0.140842288767732,0.508585));
#13405=CARTESIAN_POINT('',(0.2892,0.140842288767732,0.508585));
#13406=CARTESIAN_POINT('',(0.2892,1.11022302462516E-16,0.508585));
#13407=CARTESIAN_POINT('',(0.2892,0.022754,0.508585));
#13408=CARTESIAN_POINT('',(0.289454,0.022754,0.508585));
#13409=CARTESIAN_POINT('',(0.4884,3.90277935218455E-17,0.508585));
#13410=CARTESIAN_POINT('',(0.4884,-0.255557168453558,0.508585));
#13411=CARTESIAN_POINT('',(0.4884,-0.022754,0.508585));
#13412=CARTESIAN_POINT('',(0.488146,-0.022754,0.508585));
#13413=CARTESIAN_POINT('',(0.488146,-0.0225,0.508585));
#13414=CARTESIAN_POINT('',(0.0889968151033209,-0.0225,0.508585));
#13415=CARTESIAN_POINT('',(0.289454,-0.0225,0.508585));
#13416=CARTESIAN_POINT('',(0.289454,-0.022754,0.508585));
#13417=CARTESIAN_POINT('',(0.2892,-0.022754,0.508585));
#13418=CARTESIAN_POINT('',(0.2892,1.11022302462516E-16,0.508585));
#13419=CARTESIAN_POINT('',(0.2892,-0.140842288767732,0.508585));
#13420=CARTESIAN_POINT('',(0.289454,-0.140842288767732,0.508585));
#13421=CARTESIAN_POINT('',(0.289327,-0.141062259220294,0.508585));
#13422=CARTESIAN_POINT('',(0.0779976113274907,-0.0190511797825413,0.508585));
#13423=CARTESIAN_POINT('',(0.488019,-0.255777138906119,0.508585));
#13424=CARTESIAN_POINT('',(0.488146,-0.255557168453558,0.508585));
#13425=CARTESIAN_POINT('',(0.189044632076224,-0.357578510941921,0.508585));
#13426=CARTESIAN_POINT('',(0.447991423784441,-0.285127117947692,0.508585));
#13427=CARTESIAN_POINT('',(0.289522438953972,-0.329465565323731,0.508585));
#13428=CARTESIAN_POINT('',(0.447922984830469,-0.284882511918373,0.508585));
#13429=CARTESIAN_POINT('',(0.448049984830469,-0.284662541465812,0.508585));
#13430=CARTESIAN_POINT('',(0.0554976113274906,-0.0580223229528411,0.508585));
#13431=CARTESIAN_POINT('',(0.289581,-0.193170430415734,0.508585));
#13432=CARTESIAN_POINT('',(0.289454,-0.193390400868296,0.508585));
#13433=CARTESIAN_POINT('',(0.2892,-0.193390400868296,0.508585));
#13434=CARTESIAN_POINT('',(0.2892,6.2406776330499E-17,0.508585));
#13435=CARTESIAN_POINT('',(0.2892,-0.329220959294411,0.508585));
#13436=CARTESIAN_POINT('',(0.289454,-0.329220959294411,0.508585));
#13437=CARTESIAN_POINT('',(0.0644870113274906,-0.0424522254232816,0.508585));
#13438=CARTESIAN_POINT('',(0.191866026013225,-0.115994533841199,0.508585));
#13439=CARTESIAN_POINT('',(0.210881227482996,-0.126972965528466,0.508585));
#13440=CARTESIAN_POINT('',(0.235391031258825,-0.0845207401051847,0.508585));
#13441=CARTESIAN_POINT('',(0.215402427482996,-0.119142017417285,0.508585));
#13442=CARTESIAN_POINT('',(0.0690082113274909,-0.0346212773121006,0.508585));
#13443=CARTESIAN_POINT('',(0.196387226013226,-0.108163585730019,0.508585));
#13444=CARTESIAN_POINT('',(0.216375829789055,-0.0735423084179178,0.508585));
#13445=CARTESIAN_POINT('',(0.0644870113274907,-0.0424522254232814,0.508585));
#13446=CARTESIAN_POINT('',(0.229632464409692,-0.137798997215733,0.508585));
#13447=CARTESIAN_POINT('',(0.248647665879462,-0.148777428903,0.508585));
#13448=CARTESIAN_POINT('',(0.273157469655292,-0.106325203479718,0.508585));
#13449=CARTESIAN_POINT('',(0.253168865879463,-0.140946480791819,0.508585));
#13450=CARTESIAN_POINT('',(0.0690082113274909,-0.0346212773121006,0.508585));
#13451=CARTESIAN_POINT('',(0.234153664409693,-0.129968049104552,0.508585));
#13452=CARTESIAN_POINT('',(0.254142268185522,-0.0953467717924513,0.508585));
#13453=CARTESIAN_POINT('',(0.0644870113274907,-0.0424522254232814,0.508585));
#13454=CARTESIAN_POINT('',(0.267398902806159,-0.159603460590266,0.508585));
#13455=CARTESIAN_POINT('',(0.28641410427593,-0.170581892277534,0.508585));
#13456=CARTESIAN_POINT('',(0.31092390805176,-0.128129666854252,0.508585));
#13457=CARTESIAN_POINT('',(0.29093530427593,-0.162750944166352,0.508585));
#13458=CARTESIAN_POINT('',(0.0690082113274909,-0.0346212773121006,0.508585));
#13459=CARTESIAN_POINT('',(0.271920102806159,-0.151772512479086,0.508585));
#13460=CARTESIAN_POINT('',(0.291908706581989,-0.117151235166985,0.508585));
#13461=CARTESIAN_POINT('',(0.0644870113274907,-0.0424522254232813,0.508585));
#13462=CARTESIAN_POINT('',(0.305165341202626,-0.1814079239648,0.508585));
#13463=CARTESIAN_POINT('',(0.324180542672396,-0.192386355652067,0.508585));
#13464=CARTESIAN_POINT('',(0.348690346448226,-0.149934130228785,0.508585));
#13465=CARTESIAN_POINT('',(0.328701742672396,-0.184555407540886,0.508585));
#13466=CARTESIAN_POINT('',(0.069008211327491,-0.0346212773121005,0.508585));
#13467=CARTESIAN_POINT('',(0.309686541202626,-0.17357697585362,0.508585));
#13468=CARTESIAN_POINT('',(0.329675144978456,-0.138955698541518,0.508585));
#13469=CARTESIAN_POINT('',(0.0644870113274907,0.0424522254232815,0.508585));
#13470=CARTESIAN_POINT('',(-0.422985856392027,-0.238990365977221,0.508585));
#13471=CARTESIAN_POINT('',(-0.442001057861796,-0.249968797664487,0.508585));
#13472=CARTESIAN_POINT('',(-0.417491254085966,-0.292421023087769,0.508585));
#13473=CARTESIAN_POINT('',(-0.437479857861796,-0.257799745775668,0.508585));
#13474=CARTESIAN_POINT('',(0.069008211327491,0.0346212773121007,0.508585));
#13475=CARTESIAN_POINT('',(-0.418464656392026,-0.246821314088402,0.508585));
#13476=CARTESIAN_POINT('',(-0.398476052616197,-0.281442591400502,0.508585));
#13477=CARTESIAN_POINT('',(0.0644870113274907,0.0424522254232815,0.508585));
#13478=CARTESIAN_POINT('',(-0.38521941799556,-0.217185902602687,0.508585));
#13479=CARTESIAN_POINT('',(-0.40423461946533,-0.228164334289954,0.508585));
#13480=CARTESIAN_POINT('',(-0.379724815689499,-0.270616559713237,0.508585));
#13481=CARTESIAN_POINT('',(-0.399713419465329,-0.235995282401134,0.508585));
#13482=CARTESIAN_POINT('',(0.069008211327491,0.0346212773121006,0.508585));
#13483=CARTESIAN_POINT('',(-0.380698217995559,-0.225016850713867,0.508585));
#13484=CARTESIAN_POINT('',(-0.360709614219729,-0.25963812802597,0.508585));
#13485=CARTESIAN_POINT('',(0.0644870113274907,0.0424522254232815,0.508585));
#13486=CARTESIAN_POINT('',(-0.347452979599092,-0.195381439228154,0.508585));
#13487=CARTESIAN_POINT('',(-0.366468181068863,-0.20635987091542,0.508585));
#13488=CARTESIAN_POINT('',(-0.341958377293033,-0.248812096338701,0.508585));
#13489=CARTESIAN_POINT('',(-0.361946981068863,-0.214190819026601,0.508585));
#13490=CARTESIAN_POINT('',(0.069008211327491,0.0346212773121006,0.508585));
#13491=CARTESIAN_POINT('',(-0.342931779599092,-0.203212387339334,0.508585));
#13492=CARTESIAN_POINT('',(-0.322943175823263,-0.237833664651434,0.508585));
#13493=CARTESIAN_POINT('',(0.0644870113274908,0.0424522254232815,0.508585));
#13494=CARTESIAN_POINT('',(-0.158620787616758,-0.0863591223554856,0.508585));
#13495=CARTESIAN_POINT('',(-0.177635989086529,-0.0973375540427524,0.508585));
#13496=CARTESIAN_POINT('',(-0.153126185310698,-0.139789779466034,0.508585));
#13497=CARTESIAN_POINT('',(-0.173114789086528,-0.105168502153933,0.508585));
#13498=CARTESIAN_POINT('',(0.069008211327491,0.0346212773121006,0.508585));
#13499=CARTESIAN_POINT('',(-0.154099587616758,-0.0941900704666664,0.508585));
#13500=CARTESIAN_POINT('',(-0.134110983840928,-0.128811347778767,0.508585));
#13501=CARTESIAN_POINT('',(0.0644870113274908,0.0424522254232815,0.508585));
#13502=CARTESIAN_POINT('',(-0.120854349220291,-0.064554658980952,0.508585));
#13503=CARTESIAN_POINT('',(-0.139869550690062,-0.0755330906682189,0.508585));
#13504=CARTESIAN_POINT('',(-0.115359746914231,-0.1179853160915,0.508585));
#13505=CARTESIAN_POINT('',(-0.135348350690061,-0.0833640387793996,0.508585));
#13506=CARTESIAN_POINT('',(0.069008211327491,0.0346212773121006,0.508585));
#13507=CARTESIAN_POINT('',(-0.116333149220291,-0.0723856070921328,0.508585));
#13508=CARTESIAN_POINT('',(-0.0963445454444613,-0.107006884404233,0.508585));
#13509=CARTESIAN_POINT('',(0.0644870113274908,0.0424522254232815,0.508585));
#13510=CARTESIAN_POINT('',(-0.0830879108238245,-0.0427501956064185,0.508585));
#13511=CARTESIAN_POINT('',(-0.102103112293595,-0.0537286272936853,0.508585));
#13512=CARTESIAN_POINT('',(-0.0775933085177646,-0.0961808527169666,0.508585));
#13513=CARTESIAN_POINT('',(-0.0975819122935945,-0.0615595754048661,0.508585));
#13514=CARTESIAN_POINT('',(0.069008211327491,0.0346212773121006,0.508585));
#13515=CARTESIAN_POINT('',(-0.0785667108238243,-0.0505811437175993,0.508585));
#13516=CARTESIAN_POINT('',(-0.0585781070479944,-0.0852024210296998,0.508585));
#13517=CARTESIAN_POINT('',(0.0644870113274904,0.042452225423282,0.508585));
#13518=CARTESIAN_POINT('',(-0.460752294788493,-0.260794829351754,0.508585));
#13519=CARTESIAN_POINT('',(-0.479767496258263,-0.271773261039021,0.508585));
#13520=CARTESIAN_POINT('',(-0.455257692482432,-0.314225486462303,0.508585));
#13521=CARTESIAN_POINT('',(-0.475246296258263,-0.279604209150202,0.508585));
#13522=CARTESIAN_POINT('',(0.0690082113274906,0.0346212773121013,0.508585));
#13523=CARTESIAN_POINT('',(-0.456231094788493,-0.268625777462935,0.508585));
#13524=CARTESIAN_POINT('',(-0.436242491012662,-0.303247054775036,0.508585));
#13525=CARTESIAN_POINT('',(0.0690082113274907,0.0346212773121011,0.508585));
#13526=CARTESIAN_POINT('',(0.196387226013225,0.108163585730019,0.508585));
#13527=CARTESIAN_POINT('',(0.215402427482996,0.119142017417286,0.508585));
#13528=CARTESIAN_POINT('',(0.235391031258825,0.084520740105185,0.508585));
#13529=CARTESIAN_POINT('',(0.210881227482996,0.126972965528466,0.508585));
#13530=CARTESIAN_POINT('',(0.0644870113274909,0.0424522254232811,0.508585));
#13531=CARTESIAN_POINT('',(0.191866026013225,0.115994533841199,0.508585));
#13532=CARTESIAN_POINT('',(0.216375829789055,0.0735423084179185,0.508585));
#13533=CARTESIAN_POINT('',(0.0690082113274907,0.0346212773121011,0.508585));
#13534=CARTESIAN_POINT('',(0.234153664409692,0.129968049104553,0.508585));
#13535=CARTESIAN_POINT('',(0.253168865879462,0.14094648079182,0.508585));
#13536=CARTESIAN_POINT('',(0.273157469655292,0.106325203479719,0.508585));
#13537=CARTESIAN_POINT('',(0.248647665879462,0.148777428903,0.508585));
#13538=CARTESIAN_POINT('',(0.0644870113274909,0.0424522254232811,0.508585));
#13539=CARTESIAN_POINT('',(0.229632464409692,0.137798997215733,0.508585));
#13540=CARTESIAN_POINT('',(0.254142268185522,0.0953467717924517,0.508585));
#13541=CARTESIAN_POINT('',(0.0690082113274907,0.0346212773121013,0.508585));
#13542=CARTESIAN_POINT('',(0.271920102806159,0.151772512479086,0.508585));
#13543=CARTESIAN_POINT('',(0.290935304275929,0.162750944166353,0.508585));
#13544=CARTESIAN_POINT('',(0.31092390805176,0.128129666854251,0.508585));
#13545=CARTESIAN_POINT('',(0.286414104275929,0.170581892277534,0.508585));
#13546=CARTESIAN_POINT('',(0.0644870113274904,0.0424522254232821,0.508585));
#13547=CARTESIAN_POINT('',(0.267398902806158,0.159603460590267,0.508585));
#13548=CARTESIAN_POINT('',(0.29190870658199,0.117151235166985,0.508585));
#13549=CARTESIAN_POINT('',(0.0690082113274907,0.0346212773121012,0.508585));
#13550=CARTESIAN_POINT('',(0.309686541202626,0.17357697585362,0.508585));
#13551=CARTESIAN_POINT('',(0.328701742672396,0.184555407540886,0.508585));
#13552=CARTESIAN_POINT('',(0.348690346448226,0.149934130228786,0.508585));
#13553=CARTESIAN_POINT('',(0.324180542672395,0.192386355652067,0.508585));
#13554=CARTESIAN_POINT('',(0.0644870113274904,0.0424522254232821,0.508585));
#13555=CARTESIAN_POINT('',(0.305165341202626,0.181407923964801,0.508585));
#13556=CARTESIAN_POINT('',(0.329675144978456,0.138955698541519,0.508585));
#13557=CARTESIAN_POINT('',(0.0644870113274905,0.0424522254232819,0.508585));
#13558=CARTESIAN_POINT('',(0.0408632804251192,0.0288130580275345,0.508585));
#13559=CARTESIAN_POINT('',(0.0598154738971278,0.0397551120303325,0.508585));
#13560=CARTESIAN_POINT('',(0.,3.06161699786838E-18,0.508585));
#13561=CARTESIAN_POINT('',(-0.0408632804251195,0.0288130580275341,0.508585));
#13562=CARTESIAN_POINT('',(0.0690082113274907,-0.0346212773121011,0.508585));
#13563=CARTESIAN_POINT('',(-0.0598154738971281,0.0397551120303322,0.508585));
#13564=CARTESIAN_POINT('',(-0.0398268701212978,0.0743763893424333,0.508585));
#13565=CARTESIAN_POINT('',(-0.0643366738971283,0.0319241639191514,0.508585));
#13566=CARTESIAN_POINT('',(0.0644870113274904,-0.0424522254232818,0.508585));
#13567=CARTESIAN_POINT('',(-0.0453844804251197,0.0209821099163533,0.508585));
#13568=CARTESIAN_POINT('',(0.,3.06161699786838E-18,0.508585));
#13569=CARTESIAN_POINT('',(-0.0453844804251194,-0.0209821099163538,0.508585));
#13570=CARTESIAN_POINT('',(0.0644870113274908,0.0424522254232815,0.508585));
#13571=CARTESIAN_POINT('',(-0.0643366738971278,-0.0319241639191517,0.508585));
#13572=CARTESIAN_POINT('',(-0.0398268701212978,-0.074376389342433,0.508585));
#13573=CARTESIAN_POINT('',(-0.0598154738971276,-0.0397551120303325,0.508585));
#13574=CARTESIAN_POINT('',(0.069008211327491,0.0346212773121006,0.508585));
#13575=CARTESIAN_POINT('',(-0.0408632804251192,-0.0288130580275346,0.508585));
#13576=CARTESIAN_POINT('',(0.,3.06161699786838E-18,0.508585));
#13577=CARTESIAN_POINT('',(0.0408632804251195,-0.0288130580275341,0.508585));
#13578=CARTESIAN_POINT('',(0.0644870113274907,-0.0424522254232814,0.508585));
#13579=CARTESIAN_POINT('',(0.0598154738971281,-0.0397551120303321,0.508585));
#13580=CARTESIAN_POINT('',(0.0843252776729583,0.00269711339294939,0.508585));
#13581=CARTESIAN_POINT('',(0.0643366738971283,-0.0319241639191513,0.508585));
#13582=CARTESIAN_POINT('',(0.0690082113274909,-0.0346212773121006,0.508585));
#13583=CARTESIAN_POINT('',(0.0453844804251196,-0.0209821099163533,0.508585));
#13584=CARTESIAN_POINT('',(0.,3.06161699786838E-18,0.508585));
#13585=CARTESIAN_POINT('',(0.0453844804251195,0.0209821099163537,0.508585));
#13586=CARTESIAN_POINT('',(0.0690082113274907,0.0346212773121011,0.508585));
#13587=CARTESIAN_POINT('',(0.064336673897128,0.0319241639191517,0.508585));
#13588=CARTESIAN_POINT('',(0.0843252776729582,-0.00269711339294923,0.508585));
#13589=CARTESIAN_POINT('',(0.0889968151033209,1.11022302462516E-16,0.5175512));
#13590=CARTESIAN_POINT('',(0.499756100034093,0.237151983726921,0.5175512));
#13591=CARTESIAN_POINT('',(0.479767496258263,0.271773261039021,0.5175512));
#13592=CARTESIAN_POINT('',(0.475246296258263,0.279604209150202,0.5175512));
#13593=CARTESIAN_POINT('',(0.0690082113274906,0.0346212773121014,0.5175512));
#13594=CARTESIAN_POINT('',(0.460752294788493,0.260794829351755,0.5175512));
#13595=CARTESIAN_POINT('',(0.480740898564323,0.226173552039654,0.5175512));
#13596=CARTESIAN_POINT('',(0.456231094788493,0.268625777462935,0.5175512));
#13597=CARTESIAN_POINT('',(0.0644870113274904,0.0424522254232821,0.5175512));
#13598=CARTESIAN_POINT('',(0.122091716069425,0.0191073499815844,0.5175512));
#13599=CARTESIAN_POINT('',(0.102103112293595,0.0537286272936854,0.5175512));
#13600=CARTESIAN_POINT('',(0.0975819122935946,0.0615595754048661,0.5175512));
#13601=CARTESIAN_POINT('',(0.0690082113274907,0.0346212773121012,0.5175512));
#13602=CARTESIAN_POINT('',(0.0830879108238246,0.0427501956064186,0.5175512));
#13603=CARTESIAN_POINT('',(0.103076514599655,0.00812891829431755,0.5175512));
#13604=CARTESIAN_POINT('',(0.0785667108238244,0.0505811437175993,0.5175512));
#13605=CARTESIAN_POINT('',(0.0644870113274905,0.0424522254232819,0.5175512));
#13606=CARTESIAN_POINT('',(0.159858154465892,0.040911813356118,0.5175512));
#13607=CARTESIAN_POINT('',(0.139869550690062,0.0755330906682189,0.5175512));
#13608=CARTESIAN_POINT('',(0.135348350690061,0.0833640387793997,0.5175512));
#13609=CARTESIAN_POINT('',(0.0690082113274907,0.0346212773121011,0.5175512));
#13610=CARTESIAN_POINT('',(0.120854349220291,0.0645546589809521,0.5175512));
#13611=CARTESIAN_POINT('',(0.140842952996122,0.0299333816688511,0.5175512));
#13612=CARTESIAN_POINT('',(0.116333149220291,0.0723856070921328,0.5175512));
#13613=CARTESIAN_POINT('',(0.0644870113274905,0.0424522254232818,0.5175512));
#13614=CARTESIAN_POINT('',(0.197624592862359,0.0627162767306516,0.5175512));
#13615=CARTESIAN_POINT('',(0.177635989086529,0.0973375540427525,0.5175512));
#13616=CARTESIAN_POINT('',(0.173114789086528,0.105168502153933,0.5175512));
#13617=CARTESIAN_POINT('',(0.0690082113274907,0.0346212773121012,0.5175512));
#13618=CARTESIAN_POINT('',(0.158620787616759,0.0863591223554857,0.5175512));
#13619=CARTESIAN_POINT('',(0.178609391392588,0.0517378450433847,0.5175512));
#13620=CARTESIAN_POINT('',(0.154099587616758,0.0941900704666664,0.5175512));
#13621=CARTESIAN_POINT('',(0.0644870113274905,0.0424522254232819,0.5175512));
#13622=CARTESIAN_POINT('',(0.386456784844693,0.17173859360332,0.5175512));
#13623=CARTESIAN_POINT('',(0.366468181068863,0.20635987091542,0.5175512));
#13624=CARTESIAN_POINT('',(0.361946981068863,0.214190819026601,0.5175512));
#13625=CARTESIAN_POINT('',(0.0690082113274907,0.0346212773121012,0.5175512));
#13626=CARTESIAN_POINT('',(0.347452979599092,0.195381439228154,0.5175512));
#13627=CARTESIAN_POINT('',(0.367441583374922,0.160760161916052,0.5175512));
#13628=CARTESIAN_POINT('',(0.342931779599092,0.203212387339334,0.5175512));
#13629=CARTESIAN_POINT('',(0.0644870113274904,0.0424522254232821,0.5175512));
#13630=CARTESIAN_POINT('',(0.424223223241159,0.193543056977853,0.5175512));
#13631=CARTESIAN_POINT('',(0.40423461946533,0.228164334289954,0.5175512));
#13632=CARTESIAN_POINT('',(0.39971341946533,0.235995282401134,0.5175512));
#13633=CARTESIAN_POINT('',(0.0690082113274906,0.0346212773121013,0.5175512));
#13634=CARTESIAN_POINT('',(0.38521941799556,0.217185902602687,0.5175512));
#13635=CARTESIAN_POINT('',(0.405208021771389,0.182564625290587,0.5175512));
#13636=CARTESIAN_POINT('',(0.380698217995559,0.225016850713868,0.5175512));
#13637=CARTESIAN_POINT('',(0.0644870113274904,0.0424522254232821,0.5175512));
#13638=CARTESIAN_POINT('',(0.461989661637627,0.215347520352386,0.5175512));
#13639=CARTESIAN_POINT('',(0.442001057861796,0.249968797664487,0.5175512));
#13640=CARTESIAN_POINT('',(0.437479857861796,0.257799745775668,0.5175512));
#13641=CARTESIAN_POINT('',(0.0690082113274907,0.0346212773121012,0.5175512));
#13642=CARTESIAN_POINT('',(0.422985856392027,0.238990365977221,0.5175512));
#13643=CARTESIAN_POINT('',(0.442974460167857,0.20436908866512,0.5175512));
#13644=CARTESIAN_POINT('',(0.418464656392026,0.246821314088402,0.5175512));
#13645=CARTESIAN_POINT('',(0.0644870113274904,0.042452225423282,0.5175512));
#13646=CARTESIAN_POINT('',(0.348690346448226,0.149934130228786,0.5175512));
#13647=CARTESIAN_POINT('',(0.328701742672396,0.184555407540886,0.5175512));
#13648=CARTESIAN_POINT('',(0.324180542672395,0.192386355652067,0.5175512));
#13649=CARTESIAN_POINT('',(0.0690082113274907,0.0346212773121012,0.5175512));
#13650=CARTESIAN_POINT('',(0.309686541202626,0.17357697585362,0.5175512));
#13651=CARTESIAN_POINT('',(0.329675144978456,0.138955698541519,0.5175512));
#13652=CARTESIAN_POINT('',(0.305165341202626,0.181407923964801,0.5175512));
#13653=CARTESIAN_POINT('',(0.0644870113274904,0.0424522254232821,0.5175512));
#13654=CARTESIAN_POINT('',(0.31092390805176,0.128129666854251,0.5175512));
#13655=CARTESIAN_POINT('',(0.290935304275929,0.162750944166353,0.5175512));
#13656=CARTESIAN_POINT('',(0.286414104275929,0.170581892277534,0.5175512));
#13657=CARTESIAN_POINT('',(0.0690082113274907,0.0346212773121013,0.5175512));
#13658=CARTESIAN_POINT('',(0.271920102806159,0.151772512479086,0.5175512));
#13659=CARTESIAN_POINT('',(0.29190870658199,0.117151235166985,0.5175512));
#13660=CARTESIAN_POINT('',(0.267398902806158,0.159603460590267,0.5175512));
#13661=CARTESIAN_POINT('',(0.0644870113274904,0.0424522254232821,0.5175512));
#13662=CARTESIAN_POINT('',(0.273157469655292,0.106325203479719,0.5175512));
#13663=CARTESIAN_POINT('',(0.253168865879462,0.14094648079182,0.5175512));
#13664=CARTESIAN_POINT('',(0.248647665879462,0.148777428903,0.5175512));
#13665=CARTESIAN_POINT('',(0.0690082113274907,0.0346212773121011,0.5175512));
#13666=CARTESIAN_POINT('',(0.234153664409692,0.129968049104553,0.5175512));
#13667=CARTESIAN_POINT('',(0.254142268185522,0.0953467717924517,0.5175512));
#13668=CARTESIAN_POINT('',(0.229632464409692,0.137798997215733,0.5175512));
#13669=CARTESIAN_POINT('',(0.0644870113274909,0.0424522254232811,0.5175512));
#13670=CARTESIAN_POINT('',(0.235391031258825,0.084520740105185,0.5175512));
#13671=CARTESIAN_POINT('',(0.215402427482996,0.119142017417286,0.5175512));
#13672=CARTESIAN_POINT('',(0.210881227482996,0.126972965528466,0.5175512));
#13673=CARTESIAN_POINT('',(0.0690082113274907,0.0346212773121011,0.5175512));
#13674=CARTESIAN_POINT('',(0.196387226013225,0.108163585730019,0.5175512));
#13675=CARTESIAN_POINT('',(0.216375829789055,0.0735423084179185,0.5175512));
#13676=CARTESIAN_POINT('',(0.191866026013225,0.115994533841199,0.5175512));
#13677=CARTESIAN_POINT('',(0.0644870113274909,0.0424522254232811,0.5175512));
#13678=CARTESIAN_POINT('',(-0.455257692482432,-0.314225486462303,0.5175512));
#13679=CARTESIAN_POINT('',(-0.479767496258263,-0.271773261039021,0.5175512));
#13680=CARTESIAN_POINT('',(-0.475246296258263,-0.279604209150202,0.5175512));
#13681=CARTESIAN_POINT('',(0.0644870113274904,0.042452225423282,0.5175512));
#13682=CARTESIAN_POINT('',(-0.460752294788493,-0.260794829351754,0.5175512));
#13683=CARTESIAN_POINT('',(-0.436242491012662,-0.303247054775036,0.5175512));
#13684=CARTESIAN_POINT('',(-0.456231094788493,-0.268625777462935,0.5175512));
#13685=CARTESIAN_POINT('',(0.0690082113274906,0.0346212773121013,0.5175512));
#13686=CARTESIAN_POINT('',(-0.0775933085177646,-0.0961808527169666,0.5175512));
#13687=CARTESIAN_POINT('',(-0.102103112293595,-0.0537286272936853,0.5175512));
#13688=CARTESIAN_POINT('',(-0.0975819122935945,-0.0615595754048661,0.5175512));
#13689=CARTESIAN_POINT('',(0.0644870113274908,0.0424522254232815,0.5175512));
#13690=CARTESIAN_POINT('',(-0.0830879108238245,-0.0427501956064185,0.5175512));
#13691=CARTESIAN_POINT('',(-0.0585781070479944,-0.0852024210296998,0.5175512));
#13692=CARTESIAN_POINT('',(-0.0785667108238243,-0.0505811437175993,0.5175512));
#13693=CARTESIAN_POINT('',(0.069008211327491,0.0346212773121006,0.5175512));
#13694=CARTESIAN_POINT('',(-0.115359746914231,-0.1179853160915,0.5175512));
#13695=CARTESIAN_POINT('',(-0.139869550690062,-0.0755330906682189,0.5175512));
#13696=CARTESIAN_POINT('',(-0.135348350690061,-0.0833640387793996,0.5175512));
#13697=CARTESIAN_POINT('',(0.0644870113274908,0.0424522254232815,0.5175512));
#13698=CARTESIAN_POINT('',(-0.120854349220291,-0.064554658980952,0.5175512));
#13699=CARTESIAN_POINT('',(-0.0963445454444613,-0.107006884404233,0.5175512));
#13700=CARTESIAN_POINT('',(-0.116333149220291,-0.0723856070921328,0.5175512));
#13701=CARTESIAN_POINT('',(0.069008211327491,0.0346212773121006,0.5175512));
#13702=CARTESIAN_POINT('',(-0.153126185310698,-0.139789779466034,0.5175512));
#13703=CARTESIAN_POINT('',(-0.177635989086529,-0.0973375540427524,0.5175512));
#13704=CARTESIAN_POINT('',(-0.173114789086528,-0.105168502153933,0.5175512));
#13705=CARTESIAN_POINT('',(0.0644870113274908,0.0424522254232815,0.5175512));
#13706=CARTESIAN_POINT('',(-0.158620787616758,-0.0863591223554856,0.5175512));
#13707=CARTESIAN_POINT('',(-0.134110983840928,-0.128811347778767,0.5175512));
#13708=CARTESIAN_POINT('',(-0.154099587616758,-0.0941900704666664,0.5175512));
#13709=CARTESIAN_POINT('',(0.069008211327491,0.0346212773121006,0.5175512));
#13710=CARTESIAN_POINT('',(-0.341958377293033,-0.248812096338701,0.5175512));
#13711=CARTESIAN_POINT('',(-0.366468181068863,-0.20635987091542,0.5175512));
#13712=CARTESIAN_POINT('',(-0.361946981068863,-0.214190819026601,0.5175512));
#13713=CARTESIAN_POINT('',(0.0644870113274907,0.0424522254232815,0.5175512));
#13714=CARTESIAN_POINT('',(-0.347452979599092,-0.195381439228154,0.5175512));
#13715=CARTESIAN_POINT('',(-0.322943175823263,-0.237833664651434,0.5175512));
#13716=CARTESIAN_POINT('',(-0.342931779599092,-0.203212387339334,0.5175512));
#13717=CARTESIAN_POINT('',(0.069008211327491,0.0346212773121006,0.5175512));
#13718=CARTESIAN_POINT('',(-0.379724815689499,-0.270616559713237,0.5175512));
#13719=CARTESIAN_POINT('',(-0.40423461946533,-0.228164334289954,0.5175512));
#13720=CARTESIAN_POINT('',(-0.399713419465329,-0.235995282401134,0.5175512));
#13721=CARTESIAN_POINT('',(0.0644870113274907,0.0424522254232815,0.5175512));
#13722=CARTESIAN_POINT('',(-0.38521941799556,-0.217185902602687,0.5175512));
#13723=CARTESIAN_POINT('',(-0.360709614219729,-0.25963812802597,0.5175512));
#13724=CARTESIAN_POINT('',(-0.380698217995559,-0.225016850713867,0.5175512));
#13725=CARTESIAN_POINT('',(0.069008211327491,0.0346212773121006,0.5175512));
#13726=CARTESIAN_POINT('',(-0.417491254085966,-0.292421023087769,0.5175512));
#13727=CARTESIAN_POINT('',(-0.442001057861796,-0.249968797664487,0.5175512));
#13728=CARTESIAN_POINT('',(-0.437479857861796,-0.257799745775668,0.5175512));
#13729=CARTESIAN_POINT('',(0.0644870113274907,0.0424522254232815,0.5175512));
#13730=CARTESIAN_POINT('',(-0.422985856392027,-0.238990365977221,0.5175512));
#13731=CARTESIAN_POINT('',(-0.398476052616197,-0.281442591400502,0.5175512));
#13732=CARTESIAN_POINT('',(-0.418464656392026,-0.246821314088402,0.5175512));
#13733=CARTESIAN_POINT('',(0.069008211327491,0.0346212773121007,0.5175512));
#13734=CARTESIAN_POINT('',(-0.304191938896565,-0.227007632964169,0.5175512));
#13735=CARTESIAN_POINT('',(-0.328701742672396,-0.184555407540886,0.5175512));
#13736=CARTESIAN_POINT('',(-0.324180542672395,-0.192386355652067,0.5175512));
#13737=CARTESIAN_POINT('',(0.0644870113274907,0.0424522254232815,0.5175512));
#13738=CARTESIAN_POINT('',(-0.309686541202626,-0.17357697585362,0.5175512));
#13739=CARTESIAN_POINT('',(-0.285176737426795,-0.216029201276903,0.5175512));
#13740=CARTESIAN_POINT('',(-0.305165341202626,-0.1814079239648,0.5175512));
#13741=CARTESIAN_POINT('',(0.069008211327491,0.0346212773121006,0.5175512));
#13742=CARTESIAN_POINT('',(-0.266425500500099,-0.205203169589633,0.5175512));
#13743=CARTESIAN_POINT('',(-0.290935304275929,-0.162750944166353,0.5175512));
#13744=CARTESIAN_POINT('',(-0.286414104275929,-0.170581892277534,0.5175512));
#13745=CARTESIAN_POINT('',(0.0644870113274907,0.0424522254232816,0.5175512));
#13746=CARTESIAN_POINT('',(-0.271920102806159,-0.151772512479086,0.5175512));
#13747=CARTESIAN_POINT('',(-0.247410299030329,-0.194224737902367,0.5175512));
#13748=CARTESIAN_POINT('',(-0.267398902806158,-0.159603460590267,0.5175512));
#13749=CARTESIAN_POINT('',(0.069008211327491,0.0346212773121006,0.5175512));
#13750=CARTESIAN_POINT('',(-0.228659062103631,-0.183398706215102,0.5175512));
#13751=CARTESIAN_POINT('',(-0.253168865879462,-0.140946480791819,0.5175512));
#13752=CARTESIAN_POINT('',(-0.248647665879462,-0.148777428903,0.5175512));
#13753=CARTESIAN_POINT('',(0.0644870113274907,0.0424522254232816,0.5175512));
#13754=CARTESIAN_POINT('',(-0.234153664409692,-0.129968049104553,0.5175512));
#13755=CARTESIAN_POINT('',(-0.209643860633862,-0.172420274527834,0.5175512));
#13756=CARTESIAN_POINT('',(-0.229632464409692,-0.137798997215733,0.5175512));
#13757=CARTESIAN_POINT('',(0.0690082113274906,0.0346212773121014,0.5175512));
#13758=CARTESIAN_POINT('',(-0.190892623707166,-0.161594242840567,0.5175512));
#13759=CARTESIAN_POINT('',(-0.215402427482996,-0.119142017417286,0.5175512));
#13760=CARTESIAN_POINT('',(-0.210881227482995,-0.126972965528467,0.5175512));
#13761=CARTESIAN_POINT('',(0.0644870113274908,0.0424522254232815,0.5175512));
#13762=CARTESIAN_POINT('',(-0.196387226013225,-0.108163585730019,0.5175512));
#13763=CARTESIAN_POINT('',(-0.171877422237395,-0.1506158111533,0.5175512));
#13764=CARTESIAN_POINT('',(-0.191866026013225,-0.1159945338412,0.5175512));
#13765=CARTESIAN_POINT('',(0.069008211327491,0.0346212773121006,0.5175512));
#13766=CARTESIAN_POINT('',(0.499756100034094,-0.23715198372692,0.5175512));
#13767=CARTESIAN_POINT('',(0.475246296258263,-0.279604209150201,0.5175512));
#13768=CARTESIAN_POINT('',(0.479767496258264,-0.27177326103902,0.5175512));
#13769=CARTESIAN_POINT('',(0.0644870113274907,-0.0424522254232813,0.5175512));
#13770=CARTESIAN_POINT('',(0.456231094788493,-0.268625777462935,0.5175512));
#13771=CARTESIAN_POINT('',(0.480740898564324,-0.226173552039653,0.5175512));
#13772=CARTESIAN_POINT('',(0.460752294788494,-0.260794829351754,0.5175512));
#13773=CARTESIAN_POINT('',(0.069008211327491,-0.0346212773121005,0.5175512));
#13774=CARTESIAN_POINT('',(0.122091716069425,-0.0191073499815841,0.5175512));
#13775=CARTESIAN_POINT('',(0.0975819122935949,-0.0615595754048656,0.5175512));
#13776=CARTESIAN_POINT('',(0.102103112293595,-0.0537286272936849,0.5175512));
#13777=CARTESIAN_POINT('',(0.0644870113274907,-0.0424522254232814,0.5175512));
#13778=CARTESIAN_POINT('',(0.0785667108238248,-0.0505811437175989,0.5175512));
#13779=CARTESIAN_POINT('',(0.103076514599655,-0.00812891829431741,0.5175512));
#13780=CARTESIAN_POINT('',(0.083087910823825,-0.0427501956064181,0.5175512));
#13781=CARTESIAN_POINT('',(0.0690082113274909,-0.0346212773121006,0.5175512));
#13782=CARTESIAN_POINT('',(0.159858154465892,-0.0409118133561176,0.5175512));
#13783=CARTESIAN_POINT('',(0.135348350690062,-0.0833640387793993,0.5175512));
#13784=CARTESIAN_POINT('',(0.139869550690062,-0.0755330906682184,0.5175512));
#13785=CARTESIAN_POINT('',(0.0644870113274907,-0.0424522254232815,0.5175512));
#13786=CARTESIAN_POINT('',(0.116333149220292,-0.0723856070921325,0.5175512));
#13787=CARTESIAN_POINT('',(0.140842952996122,-0.0299333816688509,0.5175512));
#13788=CARTESIAN_POINT('',(0.120854349220292,-0.0645546589809516,0.5175512));
#13789=CARTESIAN_POINT('',(0.0690082113274909,-0.0346212773121006,0.5175512));
#13790=CARTESIAN_POINT('',(0.197624592862359,-0.0627162767306511,0.5175512));
#13791=CARTESIAN_POINT('',(0.173114789086528,-0.105168502153933,0.5175512));
#13792=CARTESIAN_POINT('',(0.177635989086529,-0.0973375540427519,0.5175512));
#13793=CARTESIAN_POINT('',(0.0644870113274907,-0.0424522254232815,0.5175512));
#13794=CARTESIAN_POINT('',(0.154099587616759,-0.094190070466666,0.5175512));
#13795=CARTESIAN_POINT('',(0.178609391392588,-0.0517378450433843,0.5175512));
#13796=CARTESIAN_POINT('',(0.158620787616759,-0.0863591223554852,0.5175512));
#13797=CARTESIAN_POINT('',(0.0690082113274909,-0.0346212773121006,0.5175512));
#13798=CARTESIAN_POINT('',(0.386456784844693,-0.171738593603319,0.5175512));
#13799=CARTESIAN_POINT('',(0.361946981068863,-0.214190819026601,0.5175512));
#13800=CARTESIAN_POINT('',(0.366468181068863,-0.206359870915419,0.5175512));
#13801=CARTESIAN_POINT('',(0.0644870113274907,-0.0424522254232813,0.5175512));
#13802=CARTESIAN_POINT('',(0.342931779599093,-0.203212387339334,0.5175512));
#13803=CARTESIAN_POINT('',(0.367441583374923,-0.160760161916052,0.5175512));
#13804=CARTESIAN_POINT('',(0.347452979599093,-0.195381439228153,0.5175512));
#13805=CARTESIAN_POINT('',(0.069008211327491,-0.0346212773121005,0.5175512));
#13806=CARTESIAN_POINT('',(0.424223223241159,-0.193543056977854,0.5175512));
#13807=CARTESIAN_POINT('',(0.39971341946533,-0.235995282401134,0.5175512));
#13808=CARTESIAN_POINT('',(0.40423461946533,-0.228164334289953,0.5175512));
#13809=CARTESIAN_POINT('',(0.0644870113274907,-0.0424522254232814,0.5175512));
#13810=CARTESIAN_POINT('',(0.38069821799556,-0.225016850713867,0.5175512));
#13811=CARTESIAN_POINT('',(0.405208021771389,-0.182564625290588,0.5175512));
#13812=CARTESIAN_POINT('',(0.38521941799556,-0.217185902602686,0.5175512));
#13813=CARTESIAN_POINT('',(0.069008211327491,-0.0346212773121005,0.5175512));
#13814=CARTESIAN_POINT('',(0.461989661637627,-0.215347520352385,0.5175512));
#13815=CARTESIAN_POINT('',(0.437479857861797,-0.257799745775667,0.5175512));
#13816=CARTESIAN_POINT('',(0.442001057861797,-0.249968797664486,0.5175512));
#13817=CARTESIAN_POINT('',(0.0644870113274907,-0.0424522254232813,0.5175512));
#13818=CARTESIAN_POINT('',(0.418464656392027,-0.246821314088401,0.5175512));
#13819=CARTESIAN_POINT('',(0.442974460167856,-0.204369088665121,0.5175512));
#13820=CARTESIAN_POINT('',(0.422985856392027,-0.23899036597722,0.5175512));
#13821=CARTESIAN_POINT('',(0.069008211327491,-0.0346212773121004,0.5175512));
#13822=CARTESIAN_POINT('',(0.348690346448226,-0.149934130228785,0.5175512));
#13823=CARTESIAN_POINT('',(0.324180542672396,-0.192386355652067,0.5175512));
#13824=CARTESIAN_POINT('',(0.328701742672396,-0.184555407540886,0.5175512));
#13825=CARTESIAN_POINT('',(0.0644870113274907,-0.0424522254232813,0.5175512));
#13826=CARTESIAN_POINT('',(0.305165341202626,-0.1814079239648,0.5175512));
#13827=CARTESIAN_POINT('',(0.329675144978456,-0.138955698541518,0.5175512));
#13828=CARTESIAN_POINT('',(0.309686541202626,-0.17357697585362,0.5175512));
#13829=CARTESIAN_POINT('',(0.069008211327491,-0.0346212773121005,0.5175512));
#13830=CARTESIAN_POINT('',(0.31092390805176,-0.128129666854252,0.5175512));
#13831=CARTESIAN_POINT('',(0.28641410427593,-0.170581892277534,0.5175512));
#13832=CARTESIAN_POINT('',(0.29093530427593,-0.162750944166352,0.5175512));
#13833=CARTESIAN_POINT('',(0.0644870113274907,-0.0424522254232814,0.5175512));
#13834=CARTESIAN_POINT('',(0.267398902806159,-0.159603460590266,0.5175512));
#13835=CARTESIAN_POINT('',(0.291908706581989,-0.117151235166985,0.5175512));
#13836=CARTESIAN_POINT('',(0.271920102806159,-0.151772512479086,0.5175512));
#13837=CARTESIAN_POINT('',(0.0690082113274909,-0.0346212773121006,0.5175512));
#13838=CARTESIAN_POINT('',(0.273157469655292,-0.106325203479718,0.5175512));
#13839=CARTESIAN_POINT('',(0.248647665879462,-0.148777428903,0.5175512));
#13840=CARTESIAN_POINT('',(0.253168865879463,-0.140946480791819,0.5175512));
#13841=CARTESIAN_POINT('',(0.0644870113274907,-0.0424522254232814,0.5175512));
#13842=CARTESIAN_POINT('',(0.229632464409692,-0.137798997215733,0.5175512));
#13843=CARTESIAN_POINT('',(0.254142268185522,-0.0953467717924513,0.5175512));
#13844=CARTESIAN_POINT('',(0.234153664409693,-0.129968049104552,0.5175512));
#13845=CARTESIAN_POINT('',(0.0690082113274909,-0.0346212773121006,0.5175512));
#13846=CARTESIAN_POINT('',(0.235391031258825,-0.0845207401051847,0.5175512));
#13847=CARTESIAN_POINT('',(0.210881227482996,-0.126972965528466,0.5175512));
#13848=CARTESIAN_POINT('',(0.215402427482996,-0.119142017417285,0.5175512));
#13849=CARTESIAN_POINT('',(0.0644870113274906,-0.0424522254232816,0.5175512));
#13850=CARTESIAN_POINT('',(0.191866026013225,-0.115994533841199,0.5175512));
#13851=CARTESIAN_POINT('',(0.216375829789055,-0.0735423084179178,0.5175512));
#13852=CARTESIAN_POINT('',(0.196387226013226,-0.108163585730019,0.5175512));
#13853=CARTESIAN_POINT('',(0.0690082113274909,-0.0346212773121006,0.5175512));
#13854=CARTESIAN_POINT('',(-0.455257692482432,0.314225486462303,0.5175512));
#13855=CARTESIAN_POINT('',(-0.475246296258263,0.279604209150201,0.5175512));
#13856=CARTESIAN_POINT('',(-0.479767496258264,0.27177326103902,0.5175512));
#13857=CARTESIAN_POINT('',(0.0690082113274907,-0.034621277312101,0.5175512));
#13858=CARTESIAN_POINT('',(-0.456231094788493,0.268625777462934,0.5175512));
#13859=CARTESIAN_POINT('',(-0.436242491012662,0.303247054775036,0.5175512));
#13860=CARTESIAN_POINT('',(-0.460752294788493,0.260794829351754,0.5175512));
#13861=CARTESIAN_POINT('',(0.0644870113274904,-0.0424522254232818,0.5175512));
#13862=CARTESIAN_POINT('',(-0.417491254085966,0.292421023087769,0.5175512));
#13863=CARTESIAN_POINT('',(-0.437479857861797,0.257799745775667,0.5175512));
#13864=CARTESIAN_POINT('',(-0.442001057861797,0.249968797664486,0.5175512));
#13865=CARTESIAN_POINT('',(0.0690082113274906,-0.0346212773121012,0.5175512));
#13866=CARTESIAN_POINT('',(-0.418464656392027,0.246821314088401,0.5175512));
#13867=CARTESIAN_POINT('',(-0.398476052616197,0.281442591400502,0.5175512));
#13868=CARTESIAN_POINT('',(-0.422985856392027,0.23899036597722,0.5175512));
#13869=CARTESIAN_POINT('',(0.0644870113274903,-0.042452225423282,0.5175512));
#13870=CARTESIAN_POINT('',(-0.379724815689501,0.270616559713232,0.5175512));
#13871=CARTESIAN_POINT('',(-0.39971341946533,0.235995282401134,0.5175512));
#13872=CARTESIAN_POINT('',(-0.40423461946533,0.228164334289953,0.5175512));
#13873=CARTESIAN_POINT('',(0.0690082113274906,-0.0346212773121012,0.5175512));
#13874=CARTESIAN_POINT('',(-0.38069821799556,0.225016850713867,0.5175512));
#13875=CARTESIAN_POINT('',(-0.360709614219731,0.259638128025966,0.5175512));
#13876=CARTESIAN_POINT('',(-0.38521941799556,0.217185902602686,0.5175512));
#13877=CARTESIAN_POINT('',(0.0644870113274903,-0.042452225423282,0.5175512));
#13878=CARTESIAN_POINT('',(-0.341958377293033,0.248812096338701,0.5175512));
#13879=CARTESIAN_POINT('',(-0.361946981068863,0.214190819026601,0.5175512));
#13880=CARTESIAN_POINT('',(-0.366468181068863,0.206359870915419,0.5175512));
#13881=CARTESIAN_POINT('',(0.0690082113274907,-0.034621277312101,0.5175512));
#13882=CARTESIAN_POINT('',(-0.342931779599092,0.203212387339334,0.5175512));
#13883=CARTESIAN_POINT('',(-0.322943175823263,0.237833664651434,0.5175512));
#13884=CARTESIAN_POINT('',(-0.347452979599093,0.195381439228153,0.5175512));
#13885=CARTESIAN_POINT('',(0.0644870113274905,-0.0424522254232818,0.5175512));
#13886=CARTESIAN_POINT('',(-0.304191938896567,0.227007632964166,0.5175512));
#13887=CARTESIAN_POINT('',(-0.324180542672396,0.192386355652067,0.5175512));
#13888=CARTESIAN_POINT('',(-0.328701742672396,0.184555407540886,0.5175512));
#13889=CARTESIAN_POINT('',(0.0690082113274907,-0.034621277312101,0.5175512));
#13890=CARTESIAN_POINT('',(-0.305165341202626,0.1814079239648,0.5175512));
#13891=CARTESIAN_POINT('',(-0.285176737426797,0.216029201276899,0.5175512));
#13892=CARTESIAN_POINT('',(-0.309686541202626,0.17357697585362,0.5175512));
#13893=CARTESIAN_POINT('',(0.0644870113274904,-0.0424522254232818,0.5175512));
#13894=CARTESIAN_POINT('',(-0.2664255005001,0.205203169589633,0.5175512));
#13895=CARTESIAN_POINT('',(-0.286414104275929,0.170581892277534,0.5175512));
#13896=CARTESIAN_POINT('',(-0.29093530427593,0.162750944166352,0.5175512));
#13897=CARTESIAN_POINT('',(0.0690082113274905,-0.0346212773121012,0.5175512));
#13898=CARTESIAN_POINT('',(-0.267398902806159,0.159603460590266,0.5175512));
#13899=CARTESIAN_POINT('',(-0.24741029903033,0.194224737902366,0.5175512));
#13900=CARTESIAN_POINT('',(-0.271920102806159,0.151772512479085,0.5175512));
#13901=CARTESIAN_POINT('',(0.0644870113274903,-0.0424522254232821,0.5175512));
#13902=CARTESIAN_POINT('',(-0.228659062103632,0.183398706215101,0.5175512));
#13903=CARTESIAN_POINT('',(-0.248647665879462,0.148777428903,0.5175512));
#13904=CARTESIAN_POINT('',(-0.253168865879463,0.140946480791819,0.5175512));
#13905=CARTESIAN_POINT('',(0.0690082113274905,-0.0346212773121013,0.5175512));
#13906=CARTESIAN_POINT('',(-0.229632464409692,0.137798997215733,0.5175512));
#13907=CARTESIAN_POINT('',(-0.209643860633862,0.172420274527834,0.5175512));
#13908=CARTESIAN_POINT('',(-0.234153664409693,0.129968049104552,0.5175512));
#13909=CARTESIAN_POINT('',(0.0644870113274902,-0.0424522254232821,0.5175512));
#13910=CARTESIAN_POINT('',(-0.190892623707165,0.161594242840568,0.5175512));
#13911=CARTESIAN_POINT('',(-0.210881227482996,0.126972965528466,0.5175512));
#13912=CARTESIAN_POINT('',(-0.215402427482996,0.119142017417285,0.5175512));
#13913=CARTESIAN_POINT('',(0.0690082113274905,-0.0346212773121013,0.5175512));
#13914=CARTESIAN_POINT('',(-0.191866026013225,0.115994533841199,0.5175512));
#13915=CARTESIAN_POINT('',(-0.171877422237394,0.150615811153301,0.5175512));
#13916=CARTESIAN_POINT('',(-0.196387226013226,0.108163585730019,0.5175512));
#13917=CARTESIAN_POINT('',(0.0644870113274904,-0.0424522254232819,0.5175512));
#13918=CARTESIAN_POINT('',(-0.153126185310698,0.139789779466034,0.5175512));
#13919=CARTESIAN_POINT('',(-0.173114789086528,0.105168502153933,0.5175512));
#13920=CARTESIAN_POINT('',(-0.177635989086529,0.0973375540427519,0.5175512));
#13921=CARTESIAN_POINT('',(0.0690082113274906,-0.0346212773121011,0.5175512));
#13922=CARTESIAN_POINT('',(-0.154099587616759,0.0941900704666659,0.5175512));
#13923=CARTESIAN_POINT('',(-0.134110983840928,0.128811347778767,0.5175512));
#13924=CARTESIAN_POINT('',(-0.158620787616759,0.0863591223554851,0.5175512));
#13925=CARTESIAN_POINT('',(0.0644870113274904,-0.0424522254232819,0.5175512));
#13926=CARTESIAN_POINT('',(-0.115359746914231,0.1179853160915,0.5175512));
#13927=CARTESIAN_POINT('',(-0.135348350690062,0.0833640387793992,0.5175512));
#13928=CARTESIAN_POINT('',(-0.139869550690062,0.0755330906682184,0.5175512));
#13929=CARTESIAN_POINT('',(0.0690082113274906,-0.0346212773121011,0.5175512));
#13930=CARTESIAN_POINT('',(-0.116333149220292,0.0723856070921324,0.5175512));
#13931=CARTESIAN_POINT('',(-0.0963445454444611,0.107006884404234,0.5175512));
#13932=CARTESIAN_POINT('',(-0.120854349220292,0.0645546589809516,0.5175512));
#13933=CARTESIAN_POINT('',(0.0644870113274904,-0.042452225423282,0.5175512));
#13934=CARTESIAN_POINT('',(-0.0775933085177647,0.0961808527169668,0.5175512));
#13935=CARTESIAN_POINT('',(-0.0975819122935949,0.0615595754048657,0.5175512));
#13936=CARTESIAN_POINT('',(-0.102103112293595,0.0537286272936849,0.5175512));
#13937=CARTESIAN_POINT('',(0.0690082113274907,-0.034621277312101,0.5175512));
#13938=CARTESIAN_POINT('',(-0.0785667108238247,0.0505811437175989,0.5175512));
#13939=CARTESIAN_POINT('',(-0.0585781070479945,0.0852024210297001,0.5175512));
#13940=CARTESIAN_POINT('',(-0.083087910823825,0.0427501956064181,0.5175512));
#13941=CARTESIAN_POINT('',(0.0644870113274905,-0.0424522254232818,0.5175512));
#13942=CARTESIAN_POINT('',(0.137403810567666,-0.0620096189432332,0.5175512));
#13943=CARTESIAN_POINT('',(0.134851110567666,-0.0620096189432332,0.5175512));
#13944=CARTESIAN_POINT('',(0.122403810567666,-0.0879903810567665,0.5175512));
#13945=CARTESIAN_POINT('',(0.119851110567666,-0.0879903810567665,0.5175512));
#13946=CARTESIAN_POINT('',(0.0941025403784439,-0.0370096189432333,0.5175512));
#13947=CARTESIAN_POINT('',(0.0915498403784439,-0.0370096189432333,0.5175512));
#13948=CARTESIAN_POINT('',(0.0791025403784439,-0.0629903810567665,0.5175512));
#13949=CARTESIAN_POINT('',(0.0765498403784439,-0.0629903810567665,0.5175512));
#13950=CARTESIAN_POINT('',(0.0150000000000003,-0.2,0.5175512));
#13951=CARTESIAN_POINT('',(0.0124473000000003,-0.2,0.5175512));
#13952=CARTESIAN_POINT('',(-0.015,-0.1,0.5175512));
#13953=CARTESIAN_POINT('',(-0.0175527,-0.1,0.5175512));
#13954=CARTESIAN_POINT('',(-0.0149999999999998,-0.15,0.5175512));
#13955=CARTESIAN_POINT('',(-0.0175526999999998,-0.15,0.5175512));
#13956=CARTESIAN_POINT('',(0.0150000000000002,-0.15,0.5175512));
#13957=CARTESIAN_POINT('',(0.0124473000000002,-0.15,0.5175512));
#13958=CARTESIAN_POINT('',(-0.0149999999999997,-0.2,0.5175512));
#13959=CARTESIAN_POINT('',(-0.0175526999999997,-0.2,0.5175512));
#13960=CARTESIAN_POINT('',(0.0150000000000003,-0.25,0.5175512));
#13961=CARTESIAN_POINT('',(0.0124473000000004,-0.25,0.5175512));
#13962=CARTESIAN_POINT('',(-0.0941025403784438,-0.0370096189432335,0.5175512));
#13963=CARTESIAN_POINT('',(-0.0966552403784438,-0.0370096189432335,0.5175512));
#13964=CARTESIAN_POINT('',(-0.0791025403784438,-0.0629903810567667,0.5175512));
#13965=CARTESIAN_POINT('',(-0.0816552403784438,-0.0629903810567667,0.5175512));
#13966=CARTESIAN_POINT('',(-0.122403810567666,-0.0879903810567667,0.5175512));
#13967=CARTESIAN_POINT('',(-0.124956510567666,-0.0879903810567667,0.5175512));
#13968=CARTESIAN_POINT('',(-0.137403810567666,-0.0620096189432335,0.5175512));
#13969=CARTESIAN_POINT('',(-0.139956510567666,-0.0620096189432335,0.5175512));
#13970=CARTESIAN_POINT('',(-0.180705080756887,-0.0870096189432336,0.5175512));
#13971=CARTESIAN_POINT('',(-0.183257780756887,-0.0870096189432336,0.5175512));
#13972=CARTESIAN_POINT('',(-0.165705080756888,-0.112990381056767,0.5175512));
#13973=CARTESIAN_POINT('',(-0.168257780756887,-0.112990381056767,0.5175512));
#13974=CARTESIAN_POINT('',(0.180705080756888,-0.0870096189432332,0.5175512));
#13975=CARTESIAN_POINT('',(0.178152380756888,-0.0870096189432332,0.5175512));
#13976=CARTESIAN_POINT('',(0.165705080756888,-0.112990381056766,0.5175512));
#13977=CARTESIAN_POINT('',(0.163152380756888,-0.112990381056766,0.5175512));
#13978=CARTESIAN_POINT('',(0.22400635094611,-0.112009618943233,0.5175512));
#13979=CARTESIAN_POINT('',(0.22145365094611,-0.112009618943233,0.5175512));
#13980=CARTESIAN_POINT('',(0.267307621135332,-0.137009618943233,0.5175512));
#13981=CARTESIAN_POINT('',(0.264754921135332,-0.137009618943233,0.5175512));
#13982=CARTESIAN_POINT('',(0.252307621135332,-0.162990381056766,0.5175512));
#13983=CARTESIAN_POINT('',(0.249754921135332,-0.162990381056766,0.5175512));
#13984=CARTESIAN_POINT('',(0.295608891324554,-0.187990381056767,0.5175512));
#13985=CARTESIAN_POINT('',(0.293056191324554,-0.187990381056767,0.5175512));
#13986=CARTESIAN_POINT('',(0.338910161513776,-0.212990381056766,0.5175512));
#13987=CARTESIAN_POINT('',(0.336357461513776,-0.212990381056766,0.5175512));
#13988=CARTESIAN_POINT('',(0.382211431702997,-0.237990381056766,0.5175512));
#13989=CARTESIAN_POINT('',(0.379658731702997,-0.237990381056766,0.5175512));
#13990=CARTESIAN_POINT('',(0.483813972081442,-0.262009618943233,0.5175512));
#13991=CARTESIAN_POINT('',(0.481261272081442,-0.262009618943233,0.5175512));
#13992=CARTESIAN_POINT('',(0.468813972081441,0.287990381056767,0.5175512));
#13993=CARTESIAN_POINT('',(0.466261272081441,0.287990381056767,0.5175512));
#13994=CARTESIAN_POINT('',(0.483813972081441,0.262009618943234,0.5175512));
#13995=CARTESIAN_POINT('',(0.481261272081441,0.262009618943234,0.5175512));
#13996=CARTESIAN_POINT('',(0.440512701892219,0.237009618943234,0.5175512));
#13997=CARTESIAN_POINT('',(0.437960001892219,0.237009618943234,0.5175512));
#13998=CARTESIAN_POINT('',(0.468813972081442,-0.287990381056766,0.5175512));
#13999=CARTESIAN_POINT('',(0.466261272081442,-0.287990381056766,0.5175512));
#14000=CARTESIAN_POINT('',(0.44051270189222,-0.237009618943233,0.5175512));
#14001=CARTESIAN_POINT('',(0.43796000189222,-0.237009618943233,0.5175512));
#14002=CARTESIAN_POINT('',(0.42551270189222,-0.262990381056766,0.5175512));
#14003=CARTESIAN_POINT('',(0.422960001892219,-0.262990381056766,0.5175512));
#14004=CARTESIAN_POINT('',(0.397211431702997,-0.212009618943233,0.5175512));
#14005=CARTESIAN_POINT('',(0.394658731702997,-0.212009618943233,0.5175512));
#14006=CARTESIAN_POINT('',(0.015,0.1,0.5175512));
#14007=CARTESIAN_POINT('',(0.0124473,0.1,0.5175512));
#14008=CARTESIAN_POINT('',(0.353910161513776,-0.187009618943233,0.5175512));
#14009=CARTESIAN_POINT('',(0.351357461513776,-0.187009618943233,0.5175512));
#14010=CARTESIAN_POINT('',(0.015,-0.1,0.5175512));
#14011=CARTESIAN_POINT('',(0.0124473,-0.1,0.5175512));
#14012=CARTESIAN_POINT('',(-0.20900635094611,-0.137990381056767,0.5175512));
#14013=CARTESIAN_POINT('',(-0.211559050946109,-0.137990381056767,0.5175512));
#14014=CARTESIAN_POINT('',(-0.015,0.1,0.5175512));
#14015=CARTESIAN_POINT('',(-0.0175527,0.1,0.5175512));
#14016=CARTESIAN_POINT('',(0.0149999999999998,0.15,0.5175512));
#14017=CARTESIAN_POINT('',(0.0124472999999998,0.15,0.5175512));
#14018=CARTESIAN_POINT('',(0.0149999999999998,0.2,0.5175512));
#14019=CARTESIAN_POINT('',(0.0124472999999998,0.2,0.5175512));
#14020=CARTESIAN_POINT('',(-0.0150000000000002,0.2,0.5175512));
#14021=CARTESIAN_POINT('',(-0.0175527000000003,0.2,0.5175512));
#14022=CARTESIAN_POINT('',(-0.015,0.15,0.5175512));
#14023=CARTESIAN_POINT('',(-0.0175527,0.15,0.5175512));
#14024=CARTESIAN_POINT('',(-0.295608891324553,-0.187990381056767,0.5175512));
#14025=CARTESIAN_POINT('',(-0.298161591324553,-0.187990381056767,0.5175512));
#14026=CARTESIAN_POINT('',(-0.397211431702997,0.212009618943233,0.5175512));
#14027=CARTESIAN_POINT('',(-0.399764131702998,0.212009618943233,0.5175512));
#14028=CARTESIAN_POINT('',(0.224006350946109,0.112009618943234,0.5175512));
#14029=CARTESIAN_POINT('',(0.221453650946109,0.112009618943234,0.5175512));
#14030=CARTESIAN_POINT('',(-0.0149999999999997,-0.25,0.5175512));
#14031=CARTESIAN_POINT('',(-0.0175526999999997,-0.25,0.5175512));
#14032=CARTESIAN_POINT('',(0.20900635094611,-0.137990381056766,0.5175512));
#14033=CARTESIAN_POINT('',(0.20645365094611,-0.137990381056766,0.5175512));
#14034=CARTESIAN_POINT('',(-0.295608891324554,0.187990381056767,0.5175512));
#14035=CARTESIAN_POINT('',(-0.298161591324554,0.187990381056767,0.5175512));
#14036=CARTESIAN_POINT('',(0.0791025403784438,0.0629903810567667,0.5175512));
#14037=CARTESIAN_POINT('',(0.0765498403784438,0.0629903810567667,0.5175512));
#14038=CARTESIAN_POINT('',(-0.0150000000000002,0.25,0.5175512));
#14039=CARTESIAN_POINT('',(-0.0175527000000003,0.25,0.5175512));
#14040=CARTESIAN_POINT('',(0.0149999999999998,0.25,0.5175512));
#14041=CARTESIAN_POINT('',(0.0124472999999998,0.25,0.5175512));
#14042=CARTESIAN_POINT('',(0.122403810567666,0.0879903810567668,0.5175512));
#14043=CARTESIAN_POINT('',(0.119851110567666,0.0879903810567668,0.5175512));
#14044=CARTESIAN_POINT('',(0.0941025403784438,0.0370096189432335,0.5175512));
#14045=CARTESIAN_POINT('',(0.0915498403784438,0.0370096189432335,0.5175512));
#14046=CARTESIAN_POINT('',(0.137403810567666,0.0620096189432336,0.5175512));
#14047=CARTESIAN_POINT('',(0.134851110567666,0.0620096189432336,0.5175512));
#14048=CARTESIAN_POINT('',(0.180705080756887,0.0870096189432336,0.5175512));
#14049=CARTESIAN_POINT('',(0.178152380756887,0.0870096189432336,0.5175512));
#14050=CARTESIAN_POINT('',(0.20900635094611,0.137990381056767,0.5175512));
#14051=CARTESIAN_POINT('',(0.20645365094611,0.137990381056767,0.5175512));
#14052=CARTESIAN_POINT('',(0.252307621135332,0.162990381056767,0.5175512));
#14053=CARTESIAN_POINT('',(0.249754921135332,0.162990381056767,0.5175512));
#14054=CARTESIAN_POINT('',(0.267307621135332,0.137009618943234,0.5175512));
#14055=CARTESIAN_POINT('',(0.264754921135332,0.137009618943234,0.5175512));
#14056=CARTESIAN_POINT('',(0.310608891324553,0.162009618943234,0.5175512));
#14057=CARTESIAN_POINT('',(0.308056191324553,0.162009618943234,0.5175512));
#14058=CARTESIAN_POINT('',(0.295608891324553,0.187990381056767,0.5175512));
#14059=CARTESIAN_POINT('',(0.293056191324553,0.187990381056767,0.5175512));
#14060=CARTESIAN_POINT('',(0.338910161513776,0.212990381056767,0.5175512));
#14061=CARTESIAN_POINT('',(0.336357461513775,0.212990381056767,0.5175512));
#14062=CARTESIAN_POINT('',(0.353910161513776,0.187009618943234,0.5175512));
#14063=CARTESIAN_POINT('',(0.351357461513776,0.187009618943234,0.5175512));
#14064=CARTESIAN_POINT('',(0.397211431702997,0.212009618943234,0.5175512));
#14065=CARTESIAN_POINT('',(0.394658731702997,0.212009618943234,0.5175512));
#14066=CARTESIAN_POINT('',(0.382211431702997,0.237990381056767,0.5175512));
#14067=CARTESIAN_POINT('',(0.379658731702997,0.237990381056767,0.5175512));
#14068=CARTESIAN_POINT('',(0.425512701892219,0.262990381056767,0.5175512));
#14069=CARTESIAN_POINT('',(0.422960001892219,0.262990381056767,0.5175512));
#14070=CARTESIAN_POINT('',(-0.180705080756888,0.0870096189432332,0.5175512));
#14071=CARTESIAN_POINT('',(-0.183257780756888,0.0870096189432332,0.5175512));
#14072=CARTESIAN_POINT('',(-0.165705080756888,0.112990381056766,0.5175512));
#14073=CARTESIAN_POINT('',(-0.168257780756888,0.112990381056766,0.5175512));
#14074=CARTESIAN_POINT('',(-0.20900635094611,0.137990381056766,0.5175512));
#14075=CARTESIAN_POINT('',(-0.21155905094611,0.137990381056766,0.5175512));
#14076=CARTESIAN_POINT('',(-0.22400635094611,0.112009618943233,0.5175512));
#14077=CARTESIAN_POINT('',(-0.22655905094611,0.112009618943233,0.5175512));
#14078=CARTESIAN_POINT('',(-0.252307621135332,0.162990381056766,0.5175512));
#14079=CARTESIAN_POINT('',(-0.254860321135332,0.162990381056766,0.5175512));
#14080=CARTESIAN_POINT('',(-0.267307621135332,0.137009618943233,0.5175512));
#14081=CARTESIAN_POINT('',(-0.269860321135332,0.137009618943233,0.5175512));
#14082=CARTESIAN_POINT('',(-0.310608891324554,0.162009618943233,0.5175512));
#14083=CARTESIAN_POINT('',(-0.313161591324554,0.162009618943233,0.5175512));
#14084=CARTESIAN_POINT('',(-0.353910161513776,0.187009618943233,0.5175512));
#14085=CARTESIAN_POINT('',(-0.356462861513776,0.187009618943233,0.5175512));
#14086=CARTESIAN_POINT('',(0.165705080756888,0.112990381056767,0.5175512));
#14087=CARTESIAN_POINT('',(0.163152380756888,0.112990381056767,0.5175512));
#14088=CARTESIAN_POINT('',(-0.468813972081442,0.287990381056766,0.5175512));
#14089=CARTESIAN_POINT('',(-0.471366672081442,0.287990381056766,0.5175512));
#14090=CARTESIAN_POINT('',(-0.483813972081442,0.262009618943233,0.5175512));
#14091=CARTESIAN_POINT('',(-0.486366672081442,0.262009618943233,0.5175512));
#14092=CARTESIAN_POINT('',(-0.44051270189222,0.237009618943233,0.5175512));
#14093=CARTESIAN_POINT('',(-0.44306540189222,0.237009618943233,0.5175512));
#14094=CARTESIAN_POINT('',(-0.42551270189222,0.262990381056766,0.5175512));
#14095=CARTESIAN_POINT('',(-0.42806540189222,0.262990381056766,0.5175512));
#14096=CARTESIAN_POINT('',(-0.382211431702997,0.237990381056766,0.5175512));
#14097=CARTESIAN_POINT('',(-0.384764131702998,0.237990381056766,0.5175512));
#14098=CARTESIAN_POINT('',(-0.338910161513776,0.212990381056767,0.5175512));
#14099=CARTESIAN_POINT('',(-0.341462861513776,0.212990381056767,0.5175512));
#14100=CARTESIAN_POINT('',(-0.224006350946109,-0.112009618943234,0.5175512));
#14101=CARTESIAN_POINT('',(-0.226559050946109,-0.112009618943234,0.5175512));
#14102=CARTESIAN_POINT('',(-0.267307621135332,-0.137009618943234,0.5175512));
#14103=CARTESIAN_POINT('',(-0.269860321135332,-0.137009618943234,0.5175512));
#14104=CARTESIAN_POINT('',(-0.252307621135332,-0.162990381056767,0.5175512));
#14105=CARTESIAN_POINT('',(-0.254860321135332,-0.162990381056767,0.5175512));
#14106=CARTESIAN_POINT('',(-0.310608891324553,-0.162009618943234,0.5175512));
#14107=CARTESIAN_POINT('',(-0.313161591324554,-0.162009618943234,0.5175512));
#14108=CARTESIAN_POINT('',(-0.353910161513776,-0.187009618943234,0.5175512));
#14109=CARTESIAN_POINT('',(-0.356462861513776,-0.187009618943234,0.5175512));
#14110=CARTESIAN_POINT('',(-0.338910161513776,-0.212990381056767,0.5175512));
#14111=CARTESIAN_POINT('',(-0.341462861513776,-0.212990381056767,0.5175512));
#14112=CARTESIAN_POINT('',(-0.397211431702997,-0.212009618943234,0.5175512));
#14113=CARTESIAN_POINT('',(-0.399764131702998,-0.212009618943234,0.5175512));
#14114=CARTESIAN_POINT('',(-0.382211431702997,-0.237990381056767,0.5175512));
#14115=CARTESIAN_POINT('',(-0.384764131702997,-0.237990381056767,0.5175512));
#14116=CARTESIAN_POINT('',(-0.440512701892219,-0.237009618943234,0.5175512));
#14117=CARTESIAN_POINT('',(-0.443065401892219,-0.237009618943234,0.5175512));
#14118=CARTESIAN_POINT('',(-0.425512701892219,-0.262990381056767,0.5175512));
#14119=CARTESIAN_POINT('',(-0.428065401892219,-0.262990381056767,0.5175512));
#14120=CARTESIAN_POINT('',(-0.483813972081441,-0.262009618943233,0.5175512));
#14121=CARTESIAN_POINT('',(-0.486366672081441,-0.262009618943233,0.5175512));
#14122=CARTESIAN_POINT('',(-0.468813972081441,-0.287990381056767,0.5175512));
#14123=CARTESIAN_POINT('',(-0.471366672081441,-0.287990381056767,0.5175512));
#14124=CARTESIAN_POINT('',(-0.094102540378444,0.0370096189432333,0.5175512));
#14125=CARTESIAN_POINT('',(-0.096655240378444,0.0370096189432333,0.5175512));
#14126=CARTESIAN_POINT('',(-0.0791025403784439,0.0629903810567665,0.5175512));
#14127=CARTESIAN_POINT('',(-0.0816552403784439,0.0629903810567665,0.5175512));
#14128=CARTESIAN_POINT('',(-0.122403810567666,0.0879903810567665,0.5175512));
#14129=CARTESIAN_POINT('',(-0.124956510567666,0.0879903810567665,0.5175512));
#14130=CARTESIAN_POINT('',(-0.137403810567666,0.0620096189432333,0.5175512));
#14131=CARTESIAN_POINT('',(-0.139956510567666,0.0620096189432333,0.5175512));
#14132=CARTESIAN_POINT('',(0.310608891324554,-0.162009618943233,0.5175512));
#14133=CARTESIAN_POINT('',(0.308056191324554,-0.162009618943233,0.5175512));
#14134=CARTESIAN_POINT('',(0.243946,-0.341953760386987,0.5175512));
#14135=CARTESIAN_POINT('',(0.244014438953972,-0.342198366416306,0.5175512));
#14136=CARTESIAN_POINT('',(0.2442,-0.341953760386987,0.5175512));
#14137=CARTESIAN_POINT('',(0.106509025506352,-0.380671361902395,0.5175512));
#14138=CARTESIAN_POINT('',(0.242597554568431,-0.342594800165367,0.5175512));
#14139=CARTESIAN_POINT('',(0.242529115614459,-0.342350194136049,0.5175512));
#14140=CARTESIAN_POINT('',(0.242402115614459,-0.34257016458861,0.5175512));
#14141=CARTESIAN_POINT('',(-0.0877367036525614,-0.15196442841485,0.5175512));
#14142=CARTESIAN_POINT('',(0.0580918972132274,-0.23615861038026,0.5175512));
#14143=CARTESIAN_POINT('',(0.0582188972132274,-0.235938639927699,0.5175512));
#14144=CARTESIAN_POINT('',(0.0581504582592553,-0.23569403389838,0.5175512));
#14145=CARTESIAN_POINT('',(0.0653795242836707,-0.233671394806924,0.5175512));
#14146=CARTESIAN_POINT('',(0.243877561046028,-0.183728967156612,0.5175512));
#14147=CARTESIAN_POINT('',(0.243946,-0.183973573185932,0.5175512));
#14148=CARTESIAN_POINT('',(0.2442,-0.183973573185932,0.5175512));
#14149=CARTESIAN_POINT('',(0.2442,-3.78816255121439E-18,0.5175512));
#14150=CARTESIAN_POINT('',(0.289454,-0.022754,0.5175512));
#14151=CARTESIAN_POINT('',(0.289454,-0.0225,0.5175512));
#14152=CARTESIAN_POINT('',(0.2892,-0.022754,0.5175512));
#14153=CARTESIAN_POINT('',(0.,-0.0225,0.5175512));
#14154=CARTESIAN_POINT('',(0.488146,-0.0225,0.5175512));
#14155=CARTESIAN_POINT('',(0.488146,-0.022754,0.5175512));
#14156=CARTESIAN_POINT('',(0.4884,-0.022754,0.5175512));
#14157=CARTESIAN_POINT('',(0.4884,-3.25254981903519E-17,0.5175512));
#14158=CARTESIAN_POINT('',(0.4884,-0.255557168453558,0.5175512));
#14159=CARTESIAN_POINT('',(0.488146,-0.255557168453558,0.5175512));
#14160=CARTESIAN_POINT('',(0.488019,-0.255777138906119,0.5175512));
#14161=CARTESIAN_POINT('',(0.01125,0.0194855715851499,0.5175512));
#14162=CARTESIAN_POINT('',(0.289327,-0.141062259220294,0.5175512));
#14163=CARTESIAN_POINT('',(0.289454,-0.140842288767732,0.5175512));
#14164=CARTESIAN_POINT('',(0.2892,-0.140842288767732,0.5175512));
#14165=CARTESIAN_POINT('',(0.2892,5.55111512312578E-17,0.5175512));
#14166=CARTESIAN_POINT('',(0.488146,0.255557168453558,0.5175512));
#14167=CARTESIAN_POINT('',(0.4884,0.255557168453558,0.5175512));
#14168=CARTESIAN_POINT('',(0.488019,0.255777138906119,0.5175512));
#14169=CARTESIAN_POINT('',(0.4884,-3.25254981903519E-17,0.5175512));
#14170=CARTESIAN_POINT('',(0.4884,0.022754,0.5175512));
#14171=CARTESIAN_POINT('',(0.488146,0.022754,0.5175512));
#14172=CARTESIAN_POINT('',(0.488146,0.0225,0.5175512));
#14173=CARTESIAN_POINT('',(0.,0.0225,0.5175512));
#14174=CARTESIAN_POINT('',(0.289454,0.0225,0.5175512));
#14175=CARTESIAN_POINT('',(0.289454,0.022754,0.5175512));
#14176=CARTESIAN_POINT('',(0.2892,0.022754,0.5175512));
#14177=CARTESIAN_POINT('',(0.2892,5.55111512312578E-17,0.5175512));
#14178=CARTESIAN_POINT('',(0.2892,0.140842288767732,0.5175512));
#14179=CARTESIAN_POINT('',(0.289454,0.140842288767732,0.5175512));
#14180=CARTESIAN_POINT('',(0.289327,0.141062259220294,0.5175512));
#14181=CARTESIAN_POINT('',(0.01125,-0.0194855715851498,0.5175512));
#14182=CARTESIAN_POINT('',(-0.289454,0.022754,0.5175512));
#14183=CARTESIAN_POINT('',(-0.289454,0.0225,0.5175512));
#14184=CARTESIAN_POINT('',(-0.2892,0.022754,0.5175512));
#14185=CARTESIAN_POINT('',(-2.96637714392034E-18,0.0225,0.5175512));
#14186=CARTESIAN_POINT('',(-0.488146,0.0225,0.5175512));
#14187=CARTESIAN_POINT('',(-0.488146,0.022754,0.5175512));
#14188=CARTESIAN_POINT('',(-0.4884,0.022754,0.5175512));
#14189=CARTESIAN_POINT('',(-0.4884,1.43547800652867E-16,0.5175512));
#14190=CARTESIAN_POINT('',(-0.4884,0.255557168453558,0.5175512));
#14191=CARTESIAN_POINT('',(-0.488146,0.255557168453558,0.5175512));
#14192=CARTESIAN_POINT('',(-0.488019,0.255777138906119,0.5175512));
#14193=CARTESIAN_POINT('',(-0.01125,-0.0194855715851498,0.5175512));
#14194=CARTESIAN_POINT('',(-0.289327,0.141062259220294,0.5175512));
#14195=CARTESIAN_POINT('',(-0.289454,0.140842288767732,0.5175512));
#14196=CARTESIAN_POINT('',(-0.2892,0.140842288767732,0.5175512));
#14197=CARTESIAN_POINT('',(-0.2892,5.55111512312578E-17,0.5175512));
#14198=CARTESIAN_POINT('',(-0.488146,-0.255557168453558,0.5175512));
#14199=CARTESIAN_POINT('',(-0.4884,-0.255557168453558,0.5175512));
#14200=CARTESIAN_POINT('',(-0.488019,-0.255777138906119,0.5175512));
#14201=CARTESIAN_POINT('',(-0.4884,1.43547800652867E-16,0.5175512));
#14202=CARTESIAN_POINT('',(-0.4884,-0.022754,0.5175512));
#14203=CARTESIAN_POINT('',(-0.488146,-0.022754,0.5175512));
#14204=CARTESIAN_POINT('',(-0.488146,-0.0225,0.5175512));
#14205=CARTESIAN_POINT('',(2.96637714392034E-18,-0.0225,0.5175512));
#14206=CARTESIAN_POINT('',(-0.289454,-0.0225,0.5175512));
#14207=CARTESIAN_POINT('',(-0.289454,-0.022754,0.5175512));
#14208=CARTESIAN_POINT('',(-0.2892,-0.022754,0.5175512));
#14209=CARTESIAN_POINT('',(-0.2892,5.55111512312578E-17,0.5175512));
#14210=CARTESIAN_POINT('',(-0.2892,-0.140842288767732,0.5175512));
#14211=CARTESIAN_POINT('',(-0.289454,-0.140842288767732,0.5175512));
#14212=CARTESIAN_POINT('',(-0.289327,-0.141062259220293,0.5175512));
#14213=CARTESIAN_POINT('',(-0.01125,0.01948557158515,0.5175512));
#14214=CARTESIAN_POINT('',(-0.289454,-0.329220959294411,0.5175512));
#14215=CARTESIAN_POINT('',(-0.289522438953972,-0.329465565323731,0.5175512));
#14216=CARTESIAN_POINT('',(-0.2892,-0.329220959294411,0.5175512));
#14217=CARTESIAN_POINT('',(-0.106509025506352,-0.380671361902395,0.5175512));
#14218=CARTESIAN_POINT('',(-0.447991423784441,-0.285127117947692,0.5175512));
#14219=CARTESIAN_POINT('',(-0.447922984830469,-0.284882511918373,0.5175512));
#14220=CARTESIAN_POINT('',(-0.448049984830469,-0.284662541465812,0.5175512));
#14221=CARTESIAN_POINT('',(0.01125,-0.0194855715851498,0.5175512));
#14222=CARTESIAN_POINT('',(-0.289581,-0.193170430415734,0.5175512));
#14223=CARTESIAN_POINT('',(-0.289454,-0.193390400868296,0.5175512));
#14224=CARTESIAN_POINT('',(-0.2892,-0.193390400868296,0.5175512));
#14225=CARTESIAN_POINT('',(-0.2892,-8.49422602830008E-17,0.5175512));
#14226=CARTESIAN_POINT('',(0.181222984830469,-0.3595031951255,0.5175512));
#14227=CARTESIAN_POINT('',(0.181291423784441,-0.359747801154819,0.5175512));
#14228=CARTESIAN_POINT('',(0.181349984830469,-0.359283224672939,0.5175512));
#14229=CARTESIAN_POINT('',(0.106509025506352,-0.380671361902395,0.5175512));
#14230=CARTESIAN_POINT('',(6.84389539723912E-5,-0.410452649077146,0.5175512));
#14231=CARTESIAN_POINT('',(2.77555756156289E-16,-0.410208043047827,0.5175512));
#14232=CARTESIAN_POINT('',(-6.843895397185E-5,-0.410452649077146,0.5175512));
#14233=CARTESIAN_POINT('',(-0.106509025506352,-0.380671361902395,0.5175512));
#14234=CARTESIAN_POINT('',(-0.181291423784441,-0.359747801154819,0.5175512));
#14235=CARTESIAN_POINT('',(-0.181222984830468,-0.3595031951255,0.5175512));
#14236=CARTESIAN_POINT('',(-0.181349984830469,-0.359283224672939,0.5175512));
#14237=CARTESIAN_POINT('',(0.110236703652561,-0.19093557158515,0.5175512));
#14238=CARTESIAN_POINT('',(-0.00012699999999996,-0.25465408559772,0.5175512));
#14239=CARTESIAN_POINT('',(2.77555756156289E-17,-0.254874056050282,0.5175512));
#14240=CARTESIAN_POINT('',(0.000127000000000039,-0.25465408559772,0.5175512));
#14241=CARTESIAN_POINT('',(-0.110236703652561,-0.19093557158515,0.5175512));
#14242=CARTESIAN_POINT('',(-0.106509025506352,0.380671361902395,0.5175512));
#14243=CARTESIAN_POINT('',(-0.289522438953972,0.329465565323731,0.5175512));
#14244=CARTESIAN_POINT('',(-0.447991423784441,0.285127117947692,0.5175512));
#14245=CARTESIAN_POINT('',(-0.289454,0.329220959294412,0.5175512));
#14246=CARTESIAN_POINT('',(-0.2892,0.329220959294412,0.5175512));
#14247=CARTESIAN_POINT('',(-0.2892,3.36417974259775E-16,0.5175512));
#14248=CARTESIAN_POINT('',(-0.2892,0.193390400868296,0.5175512));
#14249=CARTESIAN_POINT('',(-0.289454,0.193390400868296,0.5175512));
#14250=CARTESIAN_POINT('',(-0.289581,0.193170430415734,0.5175512));
#14251=CARTESIAN_POINT('',(0.01125,0.0194855715851499,0.5175512));
#14252=CARTESIAN_POINT('',(-0.448049984830469,0.284662541465812,0.5175512));
#14253=CARTESIAN_POINT('',(-0.447922984830469,0.284882511918373,0.5175512));
#14254=CARTESIAN_POINT('',(0.289454,0.329220959294411,0.5175512));
#14255=CARTESIAN_POINT('',(0.289522438953972,0.329465565323731,0.5175512));
#14256=CARTESIAN_POINT('',(0.2892,0.329220959294411,0.5175512));
#14257=CARTESIAN_POINT('',(0.106509025506352,0.380671361902395,0.5175512));
#14258=CARTESIAN_POINT('',(0.447991423784441,0.285127117947692,0.5175512));
#14259=CARTESIAN_POINT('',(0.447922984830469,0.284882511918373,0.5175512));
#14260=CARTESIAN_POINT('',(0.448049984830469,0.284662541465812,0.5175512));
#14261=CARTESIAN_POINT('',(-0.01125,0.01948557158515,0.5175512));
#14262=CARTESIAN_POINT('',(0.289581,0.193170430415734,0.5175512));
#14263=CARTESIAN_POINT('',(0.289454,0.193390400868296,0.5175512));
#14264=CARTESIAN_POINT('',(0.2892,0.193390400868296,0.5175512));
#14265=CARTESIAN_POINT('',(0.2892,1.95964562745516E-16,0.5175512));
#14266=CARTESIAN_POINT('',(0.022754,-0.198605743606941,0.5175512));
#14267=CARTESIAN_POINT('',(0.0225,-0.198605743606941,0.5175512));
#14268=CARTESIAN_POINT('',(0.0228224389539721,-0.19885034963626,0.5175512));
#14269=CARTESIAN_POINT('',(0.0225,4.18519112629364E-17,0.5175512));
#14270=CARTESIAN_POINT('',(0.0225,-0.0818417100587061,0.5175512));
#14271=CARTESIAN_POINT('',(0.022754,-0.0818417100587061,0.5175512));
#14272=CARTESIAN_POINT('',(0.022627,-0.0816217396061449,0.5175512));
#14273=CARTESIAN_POINT('',(0.041,-0.071014083110324,0.5175512));
#14274=CARTESIAN_POINT('',(0.059373,-0.060406426614503,0.5175512));
#14275=CARTESIAN_POINT('',(0.0595,-0.0606263970670642,0.5175512));
#14276=CARTESIAN_POINT('',(0.059627,-0.060406426614503,0.5175512));
#14277=CARTESIAN_POINT('',(-0.01125,-0.0194855715851498,0.5175512));
#14278=CARTESIAN_POINT('',(0.208608102786772,-0.146420706412613,0.5175512));
#14279=CARTESIAN_POINT('',(0.208481102786773,-0.146640676865175,0.5175512));
#14280=CARTESIAN_POINT('',(0.208549541740744,-0.146885282894494,0.5175512));
#14281=CARTESIAN_POINT('',(0.0532545127531763,-0.190335680951197,0.5175512));
#14282=CARTESIAN_POINT('',(0.106509025506352,0.380671361902395,0.5175512));
#14283=CARTESIAN_POINT('',(0.244014438953972,0.342198366416306,0.5175512));
#14284=CARTESIAN_POINT('',(0.242597554568431,0.342594800165367,0.5175512));
#14285=CARTESIAN_POINT('',(0.243946,0.341953760386987,0.5175512));
#14286=CARTESIAN_POINT('',(0.2442,0.341953760386987,0.5175512));
#14287=CARTESIAN_POINT('',(0.2442,1.74109778796202E-16,0.5175512));
#14288=CARTESIAN_POINT('',(0.2442,0.183973573185932,0.5175512));
#14289=CARTESIAN_POINT('',(0.243946,0.183973573185932,0.5175512));
#14290=CARTESIAN_POINT('',(0.243877561046027,0.183728967156612,0.5175512));
#14291=CARTESIAN_POINT('',(0.0653795242836707,0.233671394806924,0.5175512));
#14292=CARTESIAN_POINT('',(0.0581504582592555,0.23569403389838,0.5175512));
#14293=CARTESIAN_POINT('',(0.0582188972132277,0.235938639927699,0.5175512));
#14294=CARTESIAN_POINT('',(0.0580918972132277,0.23615861038026,0.5175512));
#14295=CARTESIAN_POINT('',(-0.0877367036525613,0.15196442841485,0.5175512));
#14296=CARTESIAN_POINT('',(0.242402115614459,0.34257016458861,0.5175512));
#14297=CARTESIAN_POINT('',(0.242529115614459,0.342350194136049,0.5175512));
#14298=CARTESIAN_POINT('',(-0.181222984830468,0.3595031951255,0.5175512));
#14299=CARTESIAN_POINT('',(-0.181291423784441,0.359747801154819,0.5175512));
#14300=CARTESIAN_POINT('',(-0.181349984830468,0.359283224672939,0.5175512));
#14301=CARTESIAN_POINT('',(-0.106509025506352,0.380671361902395,0.5175512));
#14302=CARTESIAN_POINT('',(-6.84389539722108E-5,0.410452649077146,0.5175512));
#14303=CARTESIAN_POINT('',(-1.11022302462516E-16,0.410208043047827,0.5175512));
#14304=CARTESIAN_POINT('',(6.84389539720304E-5,0.410452649077146,0.5175512));
#14305=CARTESIAN_POINT('',(0.106509025506352,0.380671361902395,0.5175512));
#14306=CARTESIAN_POINT('',(0.181291423784441,0.359747801154819,0.5175512));
#14307=CARTESIAN_POINT('',(0.181222984830469,0.3595031951255,0.5175512));
#14308=CARTESIAN_POINT('',(0.181349984830469,0.359283224672939,0.5175512));
#14309=CARTESIAN_POINT('',(-0.110236703652561,0.19093557158515,0.5175512));
#14310=CARTESIAN_POINT('',(0.000127000000000294,0.25465408559772,0.5175512));
#14311=CARTESIAN_POINT('',(3.05311331771918E-16,0.254874056050282,0.5175512));
#14312=CARTESIAN_POINT('',(-0.000126999999999666,0.25465408559772,0.5175512));
#14313=CARTESIAN_POINT('',(0.110236703652561,0.19093557158515,0.5175512));
#14314=CARTESIAN_POINT('',(-0.243946,0.341953760386987,0.5175512));
#14315=CARTESIAN_POINT('',(-0.244014438953972,0.342198366416306,0.5175512));
#14316=CARTESIAN_POINT('',(-0.2442,0.341953760386987,0.5175512));
#14317=CARTESIAN_POINT('',(-0.106509025506352,0.380671361902395,0.5175512));
#14318=CARTESIAN_POINT('',(-0.242597554568431,0.342594800165367,0.5175512));
#14319=CARTESIAN_POINT('',(-0.242529115614459,0.342350194136049,0.5175512));
#14320=CARTESIAN_POINT('',(-0.242402115614459,0.34257016458861,0.5175512));
#14321=CARTESIAN_POINT('',(0.0877367036525614,0.15196442841485,0.5175512));
#14322=CARTESIAN_POINT('',(-0.0580918972132272,0.23615861038026,0.5175512));
#14323=CARTESIAN_POINT('',(-0.0582188972132272,0.235938639927699,0.5175512));
#14324=CARTESIAN_POINT('',(-0.058150458259255,0.23569403389838,0.5175512));
#14325=CARTESIAN_POINT('',(-0.0653795242836705,0.233671394806924,0.5175512));
#14326=CARTESIAN_POINT('',(-0.243877561046027,0.183728967156612,0.5175512));
#14327=CARTESIAN_POINT('',(-0.243946,0.183973573185932,0.5175512));
#14328=CARTESIAN_POINT('',(-0.2442,0.183973573185932,0.5175512));
#14329=CARTESIAN_POINT('',(-0.2442,2.92708406361147E-16,0.5175512));
#14330=CARTESIAN_POINT('',(-0.0595,-0.0606263970670642,0.5175512));
#14331=CARTESIAN_POINT('',(-0.059373,-0.060406426614503,0.5175512));
#14332=CARTESIAN_POINT('',(-0.059627,-0.060406426614503,0.5175512));
#14333=CARTESIAN_POINT('',(-0.041,-0.071014083110324,0.5175512));
#14334=CARTESIAN_POINT('',(-0.022627,-0.081621739606145,0.5175512));
#14335=CARTESIAN_POINT('',(-0.022754,-0.0818417100587063,0.5175512));
#14336=CARTESIAN_POINT('',(-0.0225,-0.0818417100587063,0.5175512));
#14337=CARTESIAN_POINT('',(-0.0225,6.91703911995791E-17,0.5175512));
#14338=CARTESIAN_POINT('',(-0.0225,-0.198605743606941,0.5175512));
#14339=CARTESIAN_POINT('',(-0.022754,-0.198605743606941,0.5175512));
#14340=CARTESIAN_POINT('',(-0.0228224389539721,-0.19885034963626,0.5175512));
#14341=CARTESIAN_POINT('',(-0.0532545127531763,-0.190335680951197,0.5175512));
#14342=CARTESIAN_POINT('',(-0.208549541740744,-0.146885282894494,0.5175512));
#14343=CARTESIAN_POINT('',(-0.208481102786773,-0.146640676865175,0.5175512));
#14344=CARTESIAN_POINT('',(-0.208608102786772,-0.146420706412613,0.5175512));
#14345=CARTESIAN_POINT('',(0.01125,-0.0194855715851498,0.5175512));
#14346=CARTESIAN_POINT('',(-0.0227539999999998,0.198605743606941,0.5175512));
#14347=CARTESIAN_POINT('',(-0.0224999999999998,0.198605743606941,0.5175512));
#14348=CARTESIAN_POINT('',(-0.0228224389539719,0.19885034963626,0.5175512));
#14349=CARTESIAN_POINT('',(-0.0225,6.91703911995791E-17,0.5175512));
#14350=CARTESIAN_POINT('',(-0.0225,0.0818417100587063,0.5175512));
#14351=CARTESIAN_POINT('',(-0.022754,0.0818417100587063,0.5175512));
#14352=CARTESIAN_POINT('',(-0.022627,0.081621739606145,0.5175512));
#14353=CARTESIAN_POINT('',(-0.041,0.071014083110324,0.5175512));
#14354=CARTESIAN_POINT('',(-0.059373,0.060406426614503,0.5175512));
#14355=CARTESIAN_POINT('',(-0.0595,0.0606263970670643,0.5175512));
#14356=CARTESIAN_POINT('',(-0.059627,0.060406426614503,0.5175512));
#14357=CARTESIAN_POINT('',(0.01125,0.0194855715851499,0.5175512));
#14358=CARTESIAN_POINT('',(-0.208608102786772,0.146420706412613,0.5175512));
#14359=CARTESIAN_POINT('',(-0.208481102786773,0.146640676865175,0.5175512));
#14360=CARTESIAN_POINT('',(-0.208549541740744,0.146885282894494,0.5175512));
#14361=CARTESIAN_POINT('',(-0.0532545127531762,0.190335680951197,0.5175512));
#14362=CARTESIAN_POINT('',(0.0595,0.0606263970670642,0.5175512));
#14363=CARTESIAN_POINT('',(0.059373,0.060406426614503,0.5175512));
#14364=CARTESIAN_POINT('',(0.059627,0.060406426614503,0.5175512));
#14365=CARTESIAN_POINT('',(0.041,0.071014083110324,0.5175512));
#14366=CARTESIAN_POINT('',(0.022627,0.0816217396061449,0.5175512));
#14367=CARTESIAN_POINT('',(0.022754,0.0818417100587061,0.5175512));
#14368=CARTESIAN_POINT('',(0.0225,0.0818417100587061,0.5175512));
#14369=CARTESIAN_POINT('',(0.0225,4.18519112629364E-17,0.5175512));
#14370=CARTESIAN_POINT('',(0.0225000000000002,0.198605743606941,0.5175512));
#14371=CARTESIAN_POINT('',(0.0227540000000002,0.198605743606941,0.5175512));
#14372=CARTESIAN_POINT('',(0.0228224389539723,0.19885034963626,0.5175512));
#14373=CARTESIAN_POINT('',(0.0532545127531763,0.190335680951197,0.5175512));
#14374=CARTESIAN_POINT('',(0.208549541740744,0.146885282894494,0.5175512));
#14375=CARTESIAN_POINT('',(0.208481102786773,0.146640676865175,0.5175512));
#14376=CARTESIAN_POINT('',(0.208608102786772,0.146420706412613,0.5175512));
#14377=CARTESIAN_POINT('',(-0.01125,0.0194855715851499,0.5175512));
#14378=CARTESIAN_POINT('',(-0.082254,0.021215312991642,0.5175512));
#14379=CARTESIAN_POINT('',(-0.082,0.021215312991642,0.5175512));
#14380=CARTESIAN_POINT('',(-0.082127,0.0214352834442033,0.5175512));
#14381=CARTESIAN_POINT('',(-0.082,8.2146783035895E-17,0.5175512));
#14382=CARTESIAN_POINT('',(-0.082,-0.0212153129916419,0.5175512));
#14383=CARTESIAN_POINT('',(-0.082254,-0.0212153129916419,0.5175512));
#14384=CARTESIAN_POINT('',(-0.082127,-0.0214352834442032,0.5175512));
#14385=CARTESIAN_POINT('',(-0.01125,0.0194855715851499,0.5175512));
#14386=CARTESIAN_POINT('',(-0.243819,-0.114788203170012,0.5175512));
#14387=CARTESIAN_POINT('',(-0.243946,-0.114568232717451,0.5175512));
#14388=CARTESIAN_POINT('',(-0.2442,-0.114568232717451,0.5175512));
#14389=CARTESIAN_POINT('',(-0.2442,5.55111512312578E-17,0.5175512));
#14390=CARTESIAN_POINT('',(-0.2442,0.114568232717451,0.5175512));
#14391=CARTESIAN_POINT('',(-0.243946,0.114568232717451,0.5175512));
#14392=CARTESIAN_POINT('',(-0.243819,0.114788203170012,0.5175512));
#14393=CARTESIAN_POINT('',(-0.01125,-0.0194855715851498,0.5175512));
#14394=CARTESIAN_POINT('',(0.5334,0.,0.5175512));
#14395=CARTESIAN_POINT('',(0.5334,-0.307958633585746,0.5175512));
#14396=CARTESIAN_POINT('',(0.5334,0.307958633585746,0.5175512));
#14397=CARTESIAN_POINT('',(0.2667,0.382579316792873,0.5175512));
#14398=CARTESIAN_POINT('',(2.77555756156289E-16,0.4572,0.5175512));
#14399=CARTESIAN_POINT('',(-0.2667,0.382579316792873,0.5175512));
#14400=CARTESIAN_POINT('',(-0.5334,0.307958633585746,0.5175512));
#14401=CARTESIAN_POINT('',(-0.5334,2.77555756156289E-17,0.5175512));
#14402=CARTESIAN_POINT('',(-0.5334,-0.307958633585746,0.5175512));
#14403=CARTESIAN_POINT('',(-0.2667,-0.382579316792873,0.5175512));
#14404=CARTESIAN_POINT('',(1.66533453693773E-16,-0.4572,0.5175512));
#14405=CARTESIAN_POINT('',(0.2667,-0.382579316792873,0.5175512));
#14406=CARTESIAN_POINT('',(-0.242529115614459,-0.342350194136048,0.5175512));
#14407=CARTESIAN_POINT('',(-0.242597554568431,-0.342594800165367,0.5175512));
#14408=CARTESIAN_POINT('',(-0.242402115614459,-0.34257016458861,0.5175512));
#14409=CARTESIAN_POINT('',(-0.106509025506352,-0.380671361902395,0.5175512));
#14410=CARTESIAN_POINT('',(-0.244014438953972,-0.342198366416306,0.5175512));
#14411=CARTESIAN_POINT('',(-0.243946,-0.341953760386987,0.5175512));
#14412=CARTESIAN_POINT('',(-0.2442,-0.341953760386987,0.5175512));
#14413=CARTESIAN_POINT('',(-0.2442,-6.30874763336867E-17,0.5175512));
#14414=CARTESIAN_POINT('',(-0.2442,-0.183973573185932,0.5175512));
#14415=CARTESIAN_POINT('',(-0.243946,-0.183973573185932,0.5175512));
#14416=CARTESIAN_POINT('',(-0.243877561046027,-0.183728967156612,0.5175512));
#14417=CARTESIAN_POINT('',(-0.0653795242836707,-0.233671394806924,0.5175512));
#14418=CARTESIAN_POINT('',(-0.0581504582592553,-0.23569403389838,0.5175512));
#14419=CARTESIAN_POINT('',(-0.0582188972132274,-0.235938639927699,0.5175512));
#14420=CARTESIAN_POINT('',(-0.0580918972132275,-0.23615861038026,0.5175512));
#14421=CARTESIAN_POINT('',(0.0877367036525614,-0.15196442841485,0.5175512));
#14422=CARTESIAN_POINT('',(0.082254,-0.0212153129916419,0.5175512));
#14423=CARTESIAN_POINT('',(0.082,-0.0212153129916419,0.5175512));
#14424=CARTESIAN_POINT('',(0.082127,-0.0214352834442032,0.5175512));
#14425=CARTESIAN_POINT('',(0.082,5.55111512312578E-17,0.5175512));
#14426=CARTESIAN_POINT('',(0.082,0.021215312991642,0.5175512));
#14427=CARTESIAN_POINT('',(0.082254,0.021215312991642,0.5175512));
#14428=CARTESIAN_POINT('',(0.082127,0.0214352834442032,0.5175512));
#14429=CARTESIAN_POINT('',(0.01125,-0.0194855715851498,0.5175512));
#14430=CARTESIAN_POINT('',(0.243819,0.114788203170012,0.5175512));
#14431=CARTESIAN_POINT('',(0.243946,0.114568232717451,0.5175512));
#14432=CARTESIAN_POINT('',(0.2442,0.114568232717451,0.5175512));
#14433=CARTESIAN_POINT('',(0.2442,5.55111512312578E-17,0.5175512));
#14434=CARTESIAN_POINT('',(0.2442,-0.114568232717451,0.5175512));
#14435=CARTESIAN_POINT('',(0.243946,-0.114568232717451,0.5175512));
#14436=CARTESIAN_POINT('',(0.243819,-0.114788203170012,0.5175512));
#14437=CARTESIAN_POINT('',(0.01125,0.0194855715851499,0.5175512));
#14438=CARTESIAN_POINT('',(0.447922984830469,-0.284882511918373,0.5175512));
#14439=CARTESIAN_POINT('',(0.447991423784441,-0.285127117947692,0.5175512));
#14440=CARTESIAN_POINT('',(0.448049984830469,-0.284662541465812,0.5175512));
#14441=CARTESIAN_POINT('',(0.106509025506352,-0.380671361902395,0.5175512));
#14442=CARTESIAN_POINT('',(0.289522438953972,-0.329465565323731,0.5175512));
#14443=CARTESIAN_POINT('',(0.289454,-0.329220959294411,0.5175512));
#14444=CARTESIAN_POINT('',(0.2892,-0.329220959294412,0.5175512));
#14445=CARTESIAN_POINT('',(0.2892,-1.47155545258714E-17,0.5175512));
#14446=CARTESIAN_POINT('',(0.2892,-0.193390400868296,0.5175512));
#14447=CARTESIAN_POINT('',(0.289454,-0.193390400868296,0.5175512));
#14448=CARTESIAN_POINT('',(0.289581,-0.193170430415734,0.5175512));
#14449=CARTESIAN_POINT('',(-0.01125,-0.0194855715851498,0.5175512));
#14450=CARTESIAN_POINT('',(0.,3.06161699786838E-18,0.5175512));
#14451=CARTESIAN_POINT('',(0.0408632804251192,0.0288130580275345,0.5175512));
#14452=CARTESIAN_POINT('',(-0.0408632804251195,0.0288130580275341,0.5175512));
#14453=CARTESIAN_POINT('',(0.0644870113274905,0.0424522254232819,0.5175512));
#14454=CARTESIAN_POINT('',(0.0598154738971278,0.0397551120303325,0.5175512));
#14455=CARTESIAN_POINT('',(0.0843252776729582,-0.00269711339294923,0.5175512));
#14456=CARTESIAN_POINT('',(0.064336673897128,0.0319241639191517,0.5175512));
#14457=CARTESIAN_POINT('',(0.0690082113274907,0.0346212773121011,0.5175512));
#14458=CARTESIAN_POINT('',(0.0453844804251195,0.0209821099163537,0.5175512));
#14459=CARTESIAN_POINT('',(0.,3.06161699786838E-18,0.5175512));
#14460=CARTESIAN_POINT('',(0.0453844804251196,-0.0209821099163533,0.5175512));
#14461=CARTESIAN_POINT('',(0.0690082113274909,-0.0346212773121006,0.5175512));
#14462=CARTESIAN_POINT('',(0.0643366738971283,-0.0319241639191513,0.5175512));
#14463=CARTESIAN_POINT('',(0.0843252776729583,0.00269711339294939,0.5175512));
#14464=CARTESIAN_POINT('',(0.0598154738971281,-0.0397551120303321,0.5175512));
#14465=CARTESIAN_POINT('',(0.0644870113274907,-0.0424522254232814,0.5175512));
#14466=CARTESIAN_POINT('',(0.0408632804251195,-0.0288130580275341,0.5175512));
#14467=CARTESIAN_POINT('',(0.,3.06161699786838E-18,0.5175512));
#14468=CARTESIAN_POINT('',(-0.0408632804251192,-0.0288130580275346,0.5175512));
#14469=CARTESIAN_POINT('',(0.069008211327491,0.0346212773121006,0.5175512));
#14470=CARTESIAN_POINT('',(-0.0598154738971276,-0.0397551120303325,0.5175512));
#14471=CARTESIAN_POINT('',(-0.0398268701212978,-0.074376389342433,0.5175512));
#14472=CARTESIAN_POINT('',(-0.0643366738971278,-0.0319241639191517,0.5175512));
#14473=CARTESIAN_POINT('',(0.0644870113274908,0.0424522254232815,0.5175512));
#14474=CARTESIAN_POINT('',(-0.0453844804251194,-0.0209821099163538,0.5175512));
#14475=CARTESIAN_POINT('',(0.,3.06161699786838E-18,0.5175512));
#14476=CARTESIAN_POINT('',(-0.0453844804251197,0.0209821099163533,0.5175512));
#14477=CARTESIAN_POINT('',(0.0644870113274904,-0.0424522254232818,0.5175512));
#14478=CARTESIAN_POINT('',(-0.0643366738971283,0.0319241639191514,0.5175512));
#14479=CARTESIAN_POINT('',(-0.0398268701212978,0.0743763893424333,0.5175512));
#14480=CARTESIAN_POINT('',(-0.0598154738971281,0.0397551120303322,0.5175512));
#14481=CARTESIAN_POINT('',(0.0690082113274907,-0.0346212773121011,0.5175512));
#14482=CARTESIAN_POINT('',(0.,3.06161699786838E-18,0.508585));
#14483=CARTESIAN_POINT('',(0.0408632804251192,0.0288130580275345,0.508585));
#14484=CARTESIAN_POINT('',(-0.0408632804251195,0.0288130580275341,0.508585));
#14485=CARTESIAN_POINT('',(0.,3.06161699786838E-18,0.508585));
#14486=CARTESIAN_POINT('',(-0.0408632804251192,-0.0288130580275346,0.508585));
#14487=CARTESIAN_POINT('',(0.0408632804251195,-0.0288130580275341,0.508585));
#14488=CARTESIAN_POINT('',(0.,3.06161699786838E-18,0.508585));
#14489=CARTESIAN_POINT('',(0.0453844804251195,0.0209821099163537,0.508585));
#14490=CARTESIAN_POINT('',(0.0453844804251196,-0.0209821099163533,0.508585));
#14491=CARTESIAN_POINT('',(0.,3.06161699786838E-18,0.508585));
#14492=CARTESIAN_POINT('',(-0.0453844804251194,-0.0209821099163538,0.508585));
#14493=CARTESIAN_POINT('',(-0.0453844804251196,0.0209821099163533,0.508585));
#14494=CARTESIAN_POINT('',(0.5334,0.,0.508585));
#14495=CARTESIAN_POINT('',(0.5334,-0.307958633585746,0.508585));
#14496=CARTESIAN_POINT('',(0.5334,0.307958633585746,0.508585));
#14497=CARTESIAN_POINT('',(0.2667,0.382579316792873,0.508585));
#14498=CARTESIAN_POINT('',(2.77555756156289E-16,0.4572,0.508585));
#14499=CARTESIAN_POINT('',(-0.2667,0.382579316792873,0.508585));
#14500=CARTESIAN_POINT('',(-0.5334,0.307958633585746,0.508585));
#14501=CARTESIAN_POINT('',(-0.5334,2.77555756156289E-17,0.508585));
#14502=CARTESIAN_POINT('',(-0.5334,-0.307958633585746,0.508585));
#14503=CARTESIAN_POINT('',(-0.2667,-0.382579316792873,0.508585));
#14504=CARTESIAN_POINT('',(1.66533453693773E-16,-0.4572,0.508585));
#14505=CARTESIAN_POINT('',(0.2667,-0.382579316792873,0.508585));
#14506=CARTESIAN_POINT('',(-0.161920508075689,-0.0675040868112867,0.4693972));
#14507=CARTESIAN_POINT('',(-0.243819,-0.114788203170012,0.4693972));
#14508=CARTESIAN_POINT('',(-0.082127,-0.0214352834442032,0.4693972));
#14509=CARTESIAN_POINT('',(-0.161920508075689,0.0675040868112868,0.4693972));
#14510=CARTESIAN_POINT('',(-0.082127,0.0214352834442033,0.4693972));
#14511=CARTESIAN_POINT('',(-0.243819,0.114788203170012,0.4693972));
#14512=CARTESIAN_POINT('',(-0.2442,0.0769896583964366,0.4693972));
#14513=CARTESIAN_POINT('',(-0.2442,0.114568232717451,0.4693972));
#14514=CARTESIAN_POINT('',(-0.2442,-0.114568232717451,0.4693972));
#14515=CARTESIAN_POINT('',(-0.082,0.0106809799800081,0.4468972));
#14516=CARTESIAN_POINT('',(-0.082,-0.0212153129916419,0.4468972));
#14517=CARTESIAN_POINT('',(-0.082,0.021215312991642,0.4468972));
#14518=CARTESIAN_POINT('',(-0.082254,0.021215312991642,0.4468972));
#14519=CARTESIAN_POINT('',(-0.082254,-0.0212153129916419,0.4468972));
#14520=CARTESIAN_POINT('',(-0.243946,-0.114568232717451,0.4693972));
#14521=CARTESIAN_POINT('',(-0.243946,0.114568232717451,0.4693972));
#14522=CARTESIAN_POINT('',(0.0225,0.1343,0.4693972));
#14523=CARTESIAN_POINT('',(0.0225000000000002,0.198605743606941,0.4693972));
#14524=CARTESIAN_POINT('',(0.0225,0.0818417100587061,0.4693972));
#14525=CARTESIAN_POINT('',(0.139420508075689,0.106475229981586,0.4693972));
#14526=CARTESIAN_POINT('',(0.059627,0.060406426614503,0.4693972));
#14527=CARTESIAN_POINT('',(0.208608102786772,0.146420706412613,0.4693972));
#14528=CARTESIAN_POINT('',(0.127287494234753,0.169621801468574,0.4693972));
#14529=CARTESIAN_POINT('',(0.208549541740744,0.146885282894494,0.4693972));
#14530=CARTESIAN_POINT('',(0.0228224389539723,0.19885034963626,0.4693972));
#14531=CARTESIAN_POINT('',(0.041,0.071014083110324,0.4468972));
#14532=CARTESIAN_POINT('',(0.022627,0.0816217396061449,0.4693972));
#14533=CARTESIAN_POINT('',(0.059373,0.060406426614503,0.4468972));
#14534=CARTESIAN_POINT('',(0.022754,0.0818417100587061,0.4693972));
#14535=CARTESIAN_POINT('',(0.0595,0.0606263970670642,0.4468972));
#14536=CARTESIAN_POINT('',(0.0227540000000002,0.198605743606941,0.4693972));
#14537=CARTESIAN_POINT('',(0.208481102786773,0.146640676865175,0.4693972));
#14538=CARTESIAN_POINT('',(-0.0225,0.1343,0.4693972));
#14539=CARTESIAN_POINT('',(-0.0225,0.0818417100587063,0.4693972));
#14540=CARTESIAN_POINT('',(-0.0224999999999998,0.198605743606941,0.4693972));
#14541=CARTESIAN_POINT('',(-0.139420508075689,0.106475229981586,0.4693972));
#14542=CARTESIAN_POINT('',(-0.208608102786772,0.146420706412613,0.4693972));
#14543=CARTESIAN_POINT('',(-0.059627,0.060406426614503,0.4693972));
#14544=CARTESIAN_POINT('',(-0.127287494234753,0.169621801468574,0.4693972));
#14545=CARTESIAN_POINT('',(-0.0228224389539719,0.19885034963626,0.4693972));
#14546=CARTESIAN_POINT('',(-0.208549541740744,0.146885282894494,0.4693972));
#14547=CARTESIAN_POINT('',(-0.041,0.071014083110324,0.4468972));
#14548=CARTESIAN_POINT('',(-0.059373,0.060406426614503,0.4693972));
#14549=CARTESIAN_POINT('',(-0.022627,0.081621739606145,0.4468972));
#14550=CARTESIAN_POINT('',(-0.022754,0.0818417100587063,0.4468972));
#14551=CARTESIAN_POINT('',(-0.0595,0.0606263970670643,0.4693972));
#14552=CARTESIAN_POINT('',(-0.0227539999999998,0.198605743606941,0.4693972));
#14553=CARTESIAN_POINT('',(-0.208481102786773,0.146640676865175,0.4693972));
#14554=CARTESIAN_POINT('',(-0.1446,-0.286104086811286,0.4693972));
#14555=CARTESIAN_POINT('',(-0.242402115614459,-0.34257016458861,0.4693972));
#14556=CARTESIAN_POINT('',(-0.0580918972132275,-0.23615861038026,0.4693972));
#14557=CARTESIAN_POINT('',(-0.2442,-0.268279316792873,0.4693972));
#14558=CARTESIAN_POINT('',(-0.2442,-0.183973573185932,0.4693972));
#14559=CARTESIAN_POINT('',(-0.2442,-0.341953760386987,0.4693972));
#14560=CARTESIAN_POINT('',(-0.139412505765247,-0.2129575153243,0.4693972));
#14561=CARTESIAN_POINT('',(-0.0581504582592553,-0.23569403389838,0.4693972));
#14562=CARTESIAN_POINT('',(-0.243877561046027,-0.183728967156612,0.4693972));
#14563=CARTESIAN_POINT('',(-0.254574988469505,-0.339243602937147,0.4468972));
#14564=CARTESIAN_POINT('',(-0.244014438953972,-0.342198366416306,0.4468972));
#14565=CARTESIAN_POINT('',(-0.242597554568431,-0.342594800165367,0.4693972));
#14566=CARTESIAN_POINT('',(-0.243946,-0.341953760386987,0.4468972));
#14567=CARTESIAN_POINT('',(-0.242529115614459,-0.342350194136048,0.4693972));
#14568=CARTESIAN_POINT('',(-0.0582188972132274,-0.235938639927699,0.4693972));
#14569=CARTESIAN_POINT('',(-0.243946,-0.183973573185932,0.4693972));
#14570=CARTESIAN_POINT('',(-0.139420508075689,-0.106475229981586,0.4693972));
#14571=CARTESIAN_POINT('',(-0.059627,-0.060406426614503,0.4693972));
#14572=CARTESIAN_POINT('',(-0.208608102786772,-0.146420706412613,0.4693972));
#14573=CARTESIAN_POINT('',(-0.0225,-0.1343,0.4693972));
#14574=CARTESIAN_POINT('',(-0.0225,-0.198605743606941,0.4693972));
#14575=CARTESIAN_POINT('',(-0.0225,-0.0818417100587063,0.4693972));
#14576=CARTESIAN_POINT('',(-0.127287494234753,-0.169621801468574,0.4693972));
#14577=CARTESIAN_POINT('',(-0.208549541740744,-0.146885282894494,0.4693972));
#14578=CARTESIAN_POINT('',(-0.0228224389539721,-0.19885034963626,0.4693972));
#14579=CARTESIAN_POINT('',(-0.041,-0.071014083110324,0.4468972));
#14580=CARTESIAN_POINT('',(-0.022627,-0.081621739606145,0.4468972));
#14581=CARTESIAN_POINT('',(-0.059373,-0.0604064266145029,0.4693972));
#14582=CARTESIAN_POINT('',(-0.022754,-0.0818417100587063,0.4468972));
#14583=CARTESIAN_POINT('',(-0.0595,-0.0606263970670642,0.4693972));
#14584=CARTESIAN_POINT('',(-0.022754,-0.198605743606941,0.4693972));
#14585=CARTESIAN_POINT('',(-0.208481102786773,-0.146640676865175,0.4693972));
#14586=CARTESIAN_POINT('',(-0.2442,0.268279316792873,0.4693972));
#14587=CARTESIAN_POINT('',(-0.2442,0.341953760386987,0.4693972));
#14588=CARTESIAN_POINT('',(-0.2442,0.183973573185932,0.4693972));
#14589=CARTESIAN_POINT('',(-0.1446,0.286104086811287,0.4693972));
#14590=CARTESIAN_POINT('',(-0.0580918972132272,0.23615861038026,0.4693972));
#14591=CARTESIAN_POINT('',(-0.242402115614459,0.34257016458861,0.4693972));
#14592=CARTESIAN_POINT('',(-0.139412505765247,0.2129575153243,0.4693972));
#14593=CARTESIAN_POINT('',(-0.243877561046027,0.183728967156612,0.4693972));
#14594=CARTESIAN_POINT('',(-0.058150458259255,0.23569403389838,0.4693972));
#14595=CARTESIAN_POINT('',(-0.254574988469505,0.339243602937147,0.4468972));
#14596=CARTESIAN_POINT('',(-0.242597554568431,0.342594800165367,0.4468972));
#14597=CARTESIAN_POINT('',(-0.244014438953972,0.342198366416306,0.4693972));
#14598=CARTESIAN_POINT('',(-0.243946,0.341953760386987,0.4693972));
#14599=CARTESIAN_POINT('',(-0.242529115614459,0.342350194136049,0.4468972));
#14600=CARTESIAN_POINT('',(-0.0582188972132272,0.235938639927699,0.4693972));
#14601=CARTESIAN_POINT('',(-0.243946,0.183973573185932,0.4693972));
#14602=CARTESIAN_POINT('',(-0.254574988469505,0.339243602937147,0.4468972));
#14603=CARTESIAN_POINT('',(-6.84389539722941E-5,0.410452649077146,0.4468972));
#14604=CARTESIAN_POINT('',(-0.181291423784441,0.359747801154819,0.4693972));
#14605=CARTESIAN_POINT('',(0.254574988469505,0.339243602937147,0.4468972));
#14606=CARTESIAN_POINT('',(0.181291423784441,0.359747801154819,0.4693972));
#14607=CARTESIAN_POINT('',(6.8438953971961E-5,0.410452649077146,0.4468972));
#14608=CARTESIAN_POINT('',(-0.1221,0.325075229981586,0.4693972));
#14609=CARTESIAN_POINT('',(-0.181349984830468,0.359283224672939,0.4693972));
#14610=CARTESIAN_POINT('',(-0.000126999999999669,0.25465408559772,0.4693972));
#14611=CARTESIAN_POINT('',(0.1221,0.325075229981586,0.4693972));
#14612=CARTESIAN_POINT('',(0.000127000000000307,0.25465408559772,0.4693972));
#14613=CARTESIAN_POINT('',(0.181349984830469,0.359283224672939,0.4693972));
#14614=CARTESIAN_POINT('',(-1.11022302462516E-16,0.410208043047827,0.4468972));
#14615=CARTESIAN_POINT('',(-0.181222984830468,0.3595031951255,0.4693972));
#14616=CARTESIAN_POINT('',(0.181222984830469,0.3595031951255,0.4693972));
#14617=CARTESIAN_POINT('',(3.05311331771918E-16,0.254874056050282,0.4693972));
#14618=CARTESIAN_POINT('',(0.2442,0.268279316792873,0.4693972));
#14619=CARTESIAN_POINT('',(0.2442,0.183973573185932,0.4693972));
#14620=CARTESIAN_POINT('',(0.2442,0.341953760386987,0.4693972));
#14621=CARTESIAN_POINT('',(0.139412505765247,0.2129575153243,0.4693972));
#14622=CARTESIAN_POINT('',(0.0581504582592555,0.23569403389838,0.4693972));
#14623=CARTESIAN_POINT('',(0.243877561046027,0.183728967156612,0.4693972));
#14624=CARTESIAN_POINT('',(0.1446,0.286104086811286,0.4693972));
#14625=CARTESIAN_POINT('',(0.242402115614459,0.34257016458861,0.4693972));
#14626=CARTESIAN_POINT('',(0.0580918972132277,0.23615861038026,0.4693972));
#14627=CARTESIAN_POINT('',(0.254574988469505,0.339243602937147,0.4468972));
#14628=CARTESIAN_POINT('',(0.244014438953972,0.342198366416306,0.4468972));
#14629=CARTESIAN_POINT('',(0.242597554568431,0.342594800165367,0.4468972));
#14630=CARTESIAN_POINT('',(0.243946,0.341953760386987,0.4468972));
#14631=CARTESIAN_POINT('',(0.242529115614459,0.342350194136049,0.4468972));
#14632=CARTESIAN_POINT('',(0.0582188972132277,0.235938639927699,0.4693972));
#14633=CARTESIAN_POINT('',(0.243946,0.183973573185932,0.4693972));
#14634=CARTESIAN_POINT('',(0.161920508075689,-0.0675040868112867,0.4693972));
#14635=CARTESIAN_POINT('',(0.082127,-0.0214352834442032,0.4693972));
#14636=CARTESIAN_POINT('',(0.243819,-0.114788203170012,0.4693972));
#14637=CARTESIAN_POINT('',(0.161920508075689,0.0675040868112867,0.4693972));
#14638=CARTESIAN_POINT('',(0.243819,0.114788203170012,0.4693972));
#14639=CARTESIAN_POINT('',(0.082127,0.0214352834442032,0.4693972));
#14640=CARTESIAN_POINT('',(0.2442,0.0769896583964366,0.4693972));
#14641=CARTESIAN_POINT('',(0.2442,-0.114568232717451,0.4693972));
#14642=CARTESIAN_POINT('',(0.2442,0.114568232717451,0.4693972));
#14643=CARTESIAN_POINT('',(0.082,0.00258831899180403,0.4468972));
#14644=CARTESIAN_POINT('',(0.082,0.021215312991642,0.4693972));
#14645=CARTESIAN_POINT('',(0.082,-0.0212153129916419,0.4693972));
#14646=CARTESIAN_POINT('',(0.082254,0.021215312991642,0.4693972));
#14647=CARTESIAN_POINT('',(0.082254,-0.0212153129916419,0.4693972));
#14648=CARTESIAN_POINT('',(0.243946,-0.114568232717451,0.4693972));
#14649=CARTESIAN_POINT('',(0.243946,0.114568232717451,0.4693972));
#14650=CARTESIAN_POINT('',(0.139420508075689,-0.106475229981586,0.4693972));
#14651=CARTESIAN_POINT('',(0.208608102786772,-0.146420706412613,0.4693972));
#14652=CARTESIAN_POINT('',(0.059627,-0.060406426614503,0.4693972));
#14653=CARTESIAN_POINT('',(0.0225,-0.1343,0.4693972));
#14654=CARTESIAN_POINT('',(0.0225,-0.0818417100587061,0.4693972));
#14655=CARTESIAN_POINT('',(0.0225,-0.198605743606941,0.4693972));
#14656=CARTESIAN_POINT('',(0.127287494234753,-0.169621801468574,0.4693972));
#14657=CARTESIAN_POINT('',(0.0228224389539721,-0.19885034963626,0.4693972));
#14658=CARTESIAN_POINT('',(0.208549541740744,-0.146885282894494,0.4693972));
#14659=CARTESIAN_POINT('',(0.03875845,-0.072308242606226,0.4468972));
#14660=CARTESIAN_POINT('',(0.059373,-0.060406426614503,0.4468972));
#14661=CARTESIAN_POINT('',(0.022627,-0.0816217396061449,0.4693972));
#14662=CARTESIAN_POINT('',(0.022754,-0.0818417100587061,0.4693972));
#14663=CARTESIAN_POINT('',(0.0595,-0.0606263970670642,0.4468972));
#14664=CARTESIAN_POINT('',(0.022754,-0.198605743606941,0.4693972));
#14665=CARTESIAN_POINT('',(0.208481102786773,-0.146640676865175,0.4693972));
#14666=CARTESIAN_POINT('',(0.254574988469505,0.339243602937147,0.4468972));
#14667=CARTESIAN_POINT('',(0.447991423784441,0.285127117947692,0.4693972));
#14668=CARTESIAN_POINT('',(0.289522438953972,0.329465565323731,0.4693972));
#14669=CARTESIAN_POINT('',(0.3888,0.250454546774459,0.4693972));
#14670=CARTESIAN_POINT('',(0.289581,0.193170430415734,0.4693972));
#14671=CARTESIAN_POINT('',(0.448049984830469,0.284662541465812,0.4693972));
#14672=CARTESIAN_POINT('',(0.2892,0.268279316792873,0.4693972));
#14673=CARTESIAN_POINT('',(0.2892,0.329220959294411,0.4693972));
#14674=CARTESIAN_POINT('',(0.2892,0.193390400868296,0.4693972));
#14675=CARTESIAN_POINT('',(0.289454,0.329220959294411,0.4693972));
#14676=CARTESIAN_POINT('',(0.447922984830469,0.284882511918373,0.4693972));
#14677=CARTESIAN_POINT('',(0.289454,0.193390400868296,0.4693972));
#14678=CARTESIAN_POINT('',(-0.3888,0.250454546774459,0.4693972));
#14679=CARTESIAN_POINT('',(-0.448049984830469,0.284662541465812,0.4693972));
#14680=CARTESIAN_POINT('',(-0.289581,0.193170430415734,0.4693972));
#14681=CARTESIAN_POINT('',(-0.2892,0.268279316792873,0.4693972));
#14682=CARTESIAN_POINT('',(-0.2892,0.193390400868296,0.4693972));
#14683=CARTESIAN_POINT('',(-0.2892,0.329220959294412,0.4693972));
#14684=CARTESIAN_POINT('',(-0.254574988469505,0.339243602937147,0.4468972));
#14685=CARTESIAN_POINT('',(-0.289522438953972,0.329465565323731,0.4468972));
#14686=CARTESIAN_POINT('',(-0.447991423784441,0.285127117947692,0.4468972));
#14687=CARTESIAN_POINT('',(-0.289454,0.329220959294412,0.4468972));
#14688=CARTESIAN_POINT('',(-0.447922984830469,0.284882511918373,0.4468972));
#14689=CARTESIAN_POINT('',(-0.289454,0.193390400868296,0.4693972));
#14690=CARTESIAN_POINT('',(-0.1221,-0.325075229981586,0.4693972));
#14691=CARTESIAN_POINT('',(-0.000126999999999947,-0.25465408559772,0.4693972));
#14692=CARTESIAN_POINT('',(-0.181349984830468,-0.359283224672939,0.4693972));
#14693=CARTESIAN_POINT('',(0.1221,-0.325075229981586,0.4693972));
#14694=CARTESIAN_POINT('',(0.181349984830469,-0.359283224672939,0.4693972));
#14695=CARTESIAN_POINT('',(0.000126999999999974,-0.25465408559772,0.4693972));
#14696=CARTESIAN_POINT('',(-0.254574988469505,-0.339243602937147,0.4468972));
#14697=CARTESIAN_POINT('',(-0.181291423784441,-0.359747801154819,0.4468972));
#14698=CARTESIAN_POINT('',(-6.843895397185E-5,-0.410452649077146,0.4468972));
#14699=CARTESIAN_POINT('',(0.254574988469505,-0.339243602937147,0.4468972));
#14700=CARTESIAN_POINT('',(6.84389539724051E-5,-0.410452649077146,0.4468972));
#14701=CARTESIAN_POINT('',(0.181291423784441,-0.359747801154819,0.4468972));
#14702=CARTESIAN_POINT('',(2.77555756156289E-16,-0.410208043047827,0.4468972));
#14703=CARTESIAN_POINT('',(0.181222984830469,-0.3595031951255,0.4468972));
#14704=CARTESIAN_POINT('',(-0.181222984830468,-0.3595031951255,0.4468972));
#14705=CARTESIAN_POINT('',(2.77555756156289E-17,-0.254874056050282,0.4693972));
#14706=CARTESIAN_POINT('',(-0.254574988469505,-0.339243602937147,0.4468972));
#14707=CARTESIAN_POINT('',(-0.447991423784441,-0.285127117947692,0.4693972));
#14708=CARTESIAN_POINT('',(-0.289522438953972,-0.329465565323731,0.4693972));
#14709=CARTESIAN_POINT('',(-0.3888,-0.250454546774459,0.4693972));
#14710=CARTESIAN_POINT('',(-0.289581,-0.193170430415734,0.4693972));
#14711=CARTESIAN_POINT('',(-0.448049984830469,-0.284662541465812,0.4693972));
#14712=CARTESIAN_POINT('',(-0.2892,-0.268279316792873,0.4693972));
#14713=CARTESIAN_POINT('',(-0.2892,-0.329220959294411,0.4693972));
#14714=CARTESIAN_POINT('',(-0.2892,-0.193390400868296,0.4693972));
#14715=CARTESIAN_POINT('',(-0.289454,-0.329220959294411,0.4693972));
#14716=CARTESIAN_POINT('',(-0.447922984830469,-0.284882511918373,0.4693972));
#14717=CARTESIAN_POINT('',(-0.289454,-0.193390400868296,0.4693972));
#14718=CARTESIAN_POINT('',(-0.40005,-0.0225,0.4693972));
#14719=CARTESIAN_POINT('',(-0.289454,-0.0225,0.4693972));
#14720=CARTESIAN_POINT('',(-0.488146,-0.0225,0.4693972));
#14721=CARTESIAN_POINT('',(-0.2892,-0.0769896583964365,0.4693972));
#14722=CARTESIAN_POINT('',(-0.2892,-0.140842288767732,0.4693972));
#14723=CARTESIAN_POINT('',(-0.2892,-0.022754,0.4693972));
#14724=CARTESIAN_POINT('',(-0.4113,-0.21148340360416,0.4693972));
#14725=CARTESIAN_POINT('',(-0.488019,-0.255777138906119,0.4693972));
#14726=CARTESIAN_POINT('',(-0.289327,-0.141062259220293,0.4693972));
#14727=CARTESIAN_POINT('',(-0.4884,1.96440907180605E-17,0.4468972));
#14728=CARTESIAN_POINT('',(-0.4884,-0.022754,0.4468972));
#14729=CARTESIAN_POINT('',(-0.4884,-0.255557168453558,0.4693972));
#14730=CARTESIAN_POINT('',(-0.488146,-0.022754,0.4468972));
#14731=CARTESIAN_POINT('',(-0.488146,-0.255557168453558,0.4693972));
#14732=CARTESIAN_POINT('',(-0.289454,-0.022754,0.4693972));
#14733=CARTESIAN_POINT('',(-0.289454,-0.140842288767732,0.4693972));
#14734=CARTESIAN_POINT('',(-0.4113,0.21148340360416,0.4693972));
#14735=CARTESIAN_POINT('',(-0.289327,0.141062259220294,0.4693972));
#14736=CARTESIAN_POINT('',(-0.488019,0.255777138906119,0.4693972));
#14737=CARTESIAN_POINT('',(-0.2892,0.0769896583964366,0.4693972));
#14738=CARTESIAN_POINT('',(-0.2892,0.022754,0.4693972));
#14739=CARTESIAN_POINT('',(-0.2892,0.140842288767732,0.4693972));
#14740=CARTESIAN_POINT('',(-0.40005,0.0225,0.4693972));
#14741=CARTESIAN_POINT('',(-0.488146,0.0225,0.4693972));
#14742=CARTESIAN_POINT('',(-0.289454,0.0225,0.4693972));
#14743=CARTESIAN_POINT('',(-0.4884,1.96440907180605E-17,0.4468972));
#14744=CARTESIAN_POINT('',(-0.4884,0.255557168453558,0.4693972));
#14745=CARTESIAN_POINT('',(-0.4884,0.022754,0.4693972));
#14746=CARTESIAN_POINT('',(-0.488146,0.022754,0.4693972));
#14747=CARTESIAN_POINT('',(-0.488146,0.255557168453558,0.4693972));
#14748=CARTESIAN_POINT('',(-0.289454,0.022754,0.4693972));
#14749=CARTESIAN_POINT('',(-0.289454,0.140842288767732,0.4693972));
#14750=CARTESIAN_POINT('',(0.40005,0.0225,0.4693972));
#14751=CARTESIAN_POINT('',(0.289454,0.0225,0.4693972));
#14752=CARTESIAN_POINT('',(0.488146,0.0225,0.4693972));
#14753=CARTESIAN_POINT('',(0.2892,0.0769896583964366,0.4693972));
#14754=CARTESIAN_POINT('',(0.2892,0.140842288767732,0.4693972));
#14755=CARTESIAN_POINT('',(0.2892,0.022754,0.4693972));
#14756=CARTESIAN_POINT('',(0.4113,0.21148340360416,0.4693972));
#14757=CARTESIAN_POINT('',(0.488019,0.255777138906119,0.4693972));
#14758=CARTESIAN_POINT('',(0.289327,0.141062259220294,0.4693972));
#14759=CARTESIAN_POINT('',(0.4884,8.11148489756847E-18,0.4468972));
#14760=CARTESIAN_POINT('',(0.4884,0.022754,0.4468972));
#14761=CARTESIAN_POINT('',(0.4884,0.255557168453558,0.4468972));
#14762=CARTESIAN_POINT('',(0.488146,0.022754,0.4468972));
#14763=CARTESIAN_POINT('',(0.488146,0.255557168453558,0.4468972));
#14764=CARTESIAN_POINT('',(0.289454,0.022754,0.4693972));
#14765=CARTESIAN_POINT('',(0.289454,0.140842288767732,0.4693972));
#14766=CARTESIAN_POINT('',(0.40005,-0.0225,0.4693972));
#14767=CARTESIAN_POINT('',(0.488146,-0.0225,0.4693972));
#14768=CARTESIAN_POINT('',(0.289454,-0.0225,0.4693972));
#14769=CARTESIAN_POINT('',(0.4113,-0.21148340360416,0.4693972));
#14770=CARTESIAN_POINT('',(0.289327,-0.141062259220294,0.4693972));
#14771=CARTESIAN_POINT('',(0.488019,-0.255777138906119,0.4693972));
#14772=CARTESIAN_POINT('',(0.2892,-0.0769896583964366,0.4693972));
#14773=CARTESIAN_POINT('',(0.2892,-0.022754,0.4693972));
#14774=CARTESIAN_POINT('',(0.2892,-0.140842288767732,0.4693972));
#14775=CARTESIAN_POINT('',(0.4884,8.11148489756847E-18,0.4468972));
#14776=CARTESIAN_POINT('',(0.4884,-0.255557168453558,0.4468972));
#14777=CARTESIAN_POINT('',(0.4884,-0.022754,0.4693972));
#14778=CARTESIAN_POINT('',(0.488146,-0.022754,0.4693972));
#14779=CARTESIAN_POINT('',(0.488146,-0.255557168453558,0.4468972));
#14780=CARTESIAN_POINT('',(0.289454,-0.022754,0.4693972));
#14781=CARTESIAN_POINT('',(0.289454,-0.140842288767732,0.4693972));
#14782=CARTESIAN_POINT('',(0.2892,-0.268279316792873,0.4693972));
#14783=CARTESIAN_POINT('',(0.2892,-0.193390400868296,0.4693972));
#14784=CARTESIAN_POINT('',(0.2892,-0.329220959294411,0.4693972));
#14785=CARTESIAN_POINT('',(0.3888,-0.250454546774459,0.4693972));
#14786=CARTESIAN_POINT('',(0.448049984830469,-0.284662541465812,0.4693972));
#14787=CARTESIAN_POINT('',(0.289581,-0.193170430415734,0.4693972));
#14788=CARTESIAN_POINT('',(0.254574988469505,-0.339243602937147,0.4468972));
#14789=CARTESIAN_POINT('',(0.289522438953972,-0.329465565323731,0.4468972));
#14790=CARTESIAN_POINT('',(0.447991423784441,-0.285127117947692,0.4468972));
#14791=CARTESIAN_POINT('',(0.289454,-0.329220959294411,0.4468972));
#14792=CARTESIAN_POINT('',(0.447922984830469,-0.284882511918373,0.4468972));
#14793=CARTESIAN_POINT('',(0.289454,-0.193390400868296,0.4693972));
#14794=CARTESIAN_POINT('',(0.2442,-0.268279316792873,0.4693972));
#14795=CARTESIAN_POINT('',(0.2442,-0.341953760386987,0.4693972));
#14796=CARTESIAN_POINT('',(0.2442,-0.183973573185932,0.4693972));
#14797=CARTESIAN_POINT('',(0.1446,-0.286104086811287,0.4693972));
#14798=CARTESIAN_POINT('',(0.0580918972132274,-0.23615861038026,0.4693972));
#14799=CARTESIAN_POINT('',(0.242402115614459,-0.34257016458861,0.4693972));
#14800=CARTESIAN_POINT('',(0.139412505765247,-0.2129575153243,0.4693972));
#14801=CARTESIAN_POINT('',(0.243877561046027,-0.183728967156612,0.4693972));
#14802=CARTESIAN_POINT('',(0.0581504582592553,-0.23569403389838,0.4693972));
#14803=CARTESIAN_POINT('',(0.254574988469505,-0.339243602937147,0.4468972));
#14804=CARTESIAN_POINT('',(0.242597554568431,-0.342594800165367,0.4693972));
#14805=CARTESIAN_POINT('',(0.244014438953972,-0.342198366416306,0.4693972));
#14806=CARTESIAN_POINT('',(0.243946,-0.341953760386987,0.4693972));
#14807=CARTESIAN_POINT('',(0.242529115614459,-0.342350194136049,0.4693972));
#14808=CARTESIAN_POINT('',(0.0582188972132274,-0.235938639927699,0.4693972));
#14809=CARTESIAN_POINT('',(0.243946,-0.183973573185932,0.4693972));
#14810=CARTESIAN_POINT('',(0.310608891324554,-0.162009618943233,0.5175512));
#14811=CARTESIAN_POINT('',(-0.137403810567666,0.0620096189432333,0.5175512));
#14812=CARTESIAN_POINT('',(-0.122403810567666,0.0879903810567665,0.5175512));
#14813=CARTESIAN_POINT('',(-0.0791025403784439,0.0629903810567665,0.5175512));
#14814=CARTESIAN_POINT('',(-0.094102540378444,0.0370096189432333,0.5175512));
#14815=CARTESIAN_POINT('',(-0.468813972081441,-0.287990381056767,0.5175512));
#14816=CARTESIAN_POINT('',(-0.483813972081441,-0.262009618943233,0.5175512));
#14817=CARTESIAN_POINT('',(-0.425512701892219,-0.262990381056767,0.5175512));
#14818=CARTESIAN_POINT('',(-0.440512701892219,-0.237009618943234,0.5175512));
#14819=CARTESIAN_POINT('',(-0.382211431702997,-0.237990381056767,0.5175512));
#14820=CARTESIAN_POINT('',(-0.397211431702997,-0.212009618943234,0.5175512));
#14821=CARTESIAN_POINT('',(-0.338910161513776,-0.212990381056767,0.5175512));
#14822=CARTESIAN_POINT('',(-0.353910161513776,-0.187009618943234,0.5175512));
#14823=CARTESIAN_POINT('',(-0.310608891324553,-0.162009618943234,0.5175512));
#14824=CARTESIAN_POINT('',(-0.252307621135332,-0.162990381056767,0.5175512));
#14825=CARTESIAN_POINT('',(-0.267307621135332,-0.137009618943234,0.5175512));
#14826=CARTESIAN_POINT('',(-0.224006350946109,-0.112009618943234,0.5175512));
#14827=CARTESIAN_POINT('',(-0.338910161513776,0.212990381056767,0.5175512));
#14828=CARTESIAN_POINT('',(-0.382211431702997,0.237990381056766,0.5175512));
#14829=CARTESIAN_POINT('',(-0.42551270189222,0.262990381056766,0.5175512));
#14830=CARTESIAN_POINT('',(-0.44051270189222,0.237009618943233,0.5175512));
#14831=CARTESIAN_POINT('',(-0.483813972081442,0.262009618943233,0.5175512));
#14832=CARTESIAN_POINT('',(-0.468813972081442,0.287990381056766,0.5175512));
#14833=CARTESIAN_POINT('',(0.165705080756888,0.112990381056767,0.5175512));
#14834=CARTESIAN_POINT('',(-0.353910161513776,0.187009618943233,0.5175512));
#14835=CARTESIAN_POINT('',(-0.310608891324554,0.162009618943233,0.5175512));
#14836=CARTESIAN_POINT('',(-0.267307621135332,0.137009618943233,0.5175512));
#14837=CARTESIAN_POINT('',(-0.252307621135332,0.162990381056766,0.5175512));
#14838=CARTESIAN_POINT('',(-0.22400635094611,0.112009618943233,0.5175512));
#14839=CARTESIAN_POINT('',(-0.20900635094611,0.137990381056766,0.5175512));
#14840=CARTESIAN_POINT('',(-0.165705080756888,0.112990381056766,0.5175512));
#14841=CARTESIAN_POINT('',(-0.180705080756888,0.0870096189432332,0.5175512));
#14842=CARTESIAN_POINT('',(0.425512701892219,0.262990381056767,0.5175512));
#14843=CARTESIAN_POINT('',(0.382211431702997,0.237990381056767,0.5175512));
#14844=CARTESIAN_POINT('',(0.397211431702997,0.212009618943234,0.5175512));
#14845=CARTESIAN_POINT('',(0.353910161513776,0.187009618943234,0.5175512));
#14846=CARTESIAN_POINT('',(0.338910161513776,0.212990381056767,0.5175512));
#14847=CARTESIAN_POINT('',(0.295608891324553,0.187990381056767,0.5175512));
#14848=CARTESIAN_POINT('',(0.310608891324553,0.162009618943234,0.5175512));
#14849=CARTESIAN_POINT('',(0.267307621135332,0.137009618943234,0.5175512));
#14850=CARTESIAN_POINT('',(0.252307621135332,0.162990381056767,0.5175512));
#14851=CARTESIAN_POINT('',(0.20900635094611,0.137990381056767,0.5175512));
#14852=CARTESIAN_POINT('',(0.180705080756887,0.0870096189432336,0.5175512));
#14853=CARTESIAN_POINT('',(0.137403810567666,0.0620096189432336,0.5175512));
#14854=CARTESIAN_POINT('',(0.0941025403784438,0.0370096189432335,0.5175512));
#14855=CARTESIAN_POINT('',(0.122403810567666,0.0879903810567668,0.5175512));
#14856=CARTESIAN_POINT('',(0.0149999999999998,0.25,0.5175512));
#14857=CARTESIAN_POINT('',(-0.0150000000000002,0.25,0.5175512));
#14858=CARTESIAN_POINT('',(0.0791025403784438,0.0629903810567667,0.5175512));
#14859=CARTESIAN_POINT('',(-0.295608891324554,0.187990381056767,0.5175512));
#14860=CARTESIAN_POINT('',(0.20900635094611,-0.137990381056766,0.5175512));
#14861=CARTESIAN_POINT('',(-0.0149999999999997,-0.25,0.5175512));
#14862=CARTESIAN_POINT('',(0.224006350946109,0.112009618943234,0.5175512));
#14863=CARTESIAN_POINT('',(-0.397211431702997,0.212009618943233,0.5175512));
#14864=CARTESIAN_POINT('',(-0.295608891324553,-0.187990381056767,0.5175512));
#14865=CARTESIAN_POINT('',(-0.015,0.15,0.5175512));
#14866=CARTESIAN_POINT('',(-0.0150000000000002,0.2,0.5175512));
#14867=CARTESIAN_POINT('',(0.0149999999999998,0.2,0.5175512));
#14868=CARTESIAN_POINT('',(0.0149999999999998,0.15,0.5175512));
#14869=CARTESIAN_POINT('',(-0.015,0.1,0.5175512));
#14870=CARTESIAN_POINT('',(-0.20900635094611,-0.137990381056767,0.5175512));
#14871=CARTESIAN_POINT('',(0.015,-0.1,0.5175512));
#14872=CARTESIAN_POINT('',(0.353910161513776,-0.187009618943233,0.5175512));
#14873=CARTESIAN_POINT('',(0.015,0.1,0.5175512));
#14874=CARTESIAN_POINT('',(0.397211431702997,-0.212009618943233,0.5175512));
#14875=CARTESIAN_POINT('',(0.42551270189222,-0.262990381056766,0.5175512));
#14876=CARTESIAN_POINT('',(0.44051270189222,-0.237009618943233,0.5175512));
#14877=CARTESIAN_POINT('',(0.468813972081442,-0.287990381056766,0.5175512));
#14878=CARTESIAN_POINT('',(0.440512701892219,0.237009618943234,0.5175512));
#14879=CARTESIAN_POINT('',(0.483813972081441,0.262009618943234,0.5175512));
#14880=CARTESIAN_POINT('',(0.468813972081441,0.287990381056767,0.5175512));
#14881=CARTESIAN_POINT('',(0.483813972081442,-0.262009618943233,0.5175512));
#14882=CARTESIAN_POINT('',(0.382211431702997,-0.237990381056766,0.5175512));
#14883=CARTESIAN_POINT('',(0.338910161513776,-0.212990381056766,0.5175512));
#14884=CARTESIAN_POINT('',(0.295608891324554,-0.187990381056767,0.5175512));
#14885=CARTESIAN_POINT('',(0.252307621135332,-0.162990381056766,0.5175512));
#14886=CARTESIAN_POINT('',(0.267307621135332,-0.137009618943233,0.5175512));
#14887=CARTESIAN_POINT('',(0.22400635094611,-0.112009618943233,0.5175512));
#14888=CARTESIAN_POINT('',(0.165705080756888,-0.112990381056766,0.5175512));
#14889=CARTESIAN_POINT('',(0.180705080756888,-0.0870096189432332,0.5175512));
#14890=CARTESIAN_POINT('',(-0.165705080756888,-0.112990381056767,0.5175512));
#14891=CARTESIAN_POINT('',(-0.180705080756887,-0.0870096189432336,0.5175512));
#14892=CARTESIAN_POINT('',(-0.137403810567666,-0.0620096189432335,0.5175512));
#14893=CARTESIAN_POINT('',(-0.122403810567666,-0.0879903810567667,0.5175512));
#14894=CARTESIAN_POINT('',(-0.0791025403784438,-0.0629903810567667,0.5175512));
#14895=CARTESIAN_POINT('',(-0.0941025403784438,-0.0370096189432335,0.5175512));
#14896=CARTESIAN_POINT('',(0.0150000000000003,-0.25,0.5175512));
#14897=CARTESIAN_POINT('',(-0.0149999999999997,-0.2,0.5175512));
#14898=CARTESIAN_POINT('',(0.0150000000000002,-0.15,0.5175512));
#14899=CARTESIAN_POINT('',(-0.0149999999999998,-0.15,0.5175512));
#14900=CARTESIAN_POINT('',(-0.015,-0.1,0.5175512));
#14901=CARTESIAN_POINT('',(0.0150000000000003,-0.2,0.5175512));
#14902=CARTESIAN_POINT('',(0.0791025403784439,-0.0629903810567665,0.5175512));
#14903=CARTESIAN_POINT('',(0.0941025403784439,-0.0370096189432333,0.5175512));
#14904=CARTESIAN_POINT('',(0.122403810567666,-0.0879903810567665,0.5175512));
#14905=CARTESIAN_POINT('',(0.137403810567666,-0.0620096189432332,0.5175512));
#14906=CARTESIAN_POINT('',(-0.0620760738971282,0.0358396379747417,2.94400342266213));
#14907=CARTESIAN_POINT('',(-0.0598154738971281,0.0397551120303322,2.94400342266213));
#14908=CARTESIAN_POINT('',(-0.0643366738971283,0.0319241639191514,2.94400342266213));
#14909=CARTESIAN_POINT('',(-0.0548290731622432,0.026434948075518,2.94400342266213));
#14910=CARTESIAN_POINT('',(-0.050307873162243,0.0342658961866987,2.94400342266213));
#14911=CARTESIAN_POINT('',(-0.099842512293595,0.0576441013492753,2.94400342266213));
#14912=CARTESIAN_POINT('',(-0.0975819122935949,0.0615595754048657,2.94400342266213));
#14913=CARTESIAN_POINT('',(-0.102103112293595,0.0537286272936849,2.94400342266213));
#14914=CARTESIAN_POINT('',(-0.0925955115587101,0.0482394114500515,2.94400342266213));
#14915=CARTESIAN_POINT('',(-0.083087910823825,0.0427501956064181,2.94400342266213));
#14916=CARTESIAN_POINT('',(-0.0808273108238249,0.0466656696620085,2.94400342266213));
#14917=CARTESIAN_POINT('',(-0.0785667108238247,0.0505811437175989,2.94400342266213));
#14918=CARTESIAN_POINT('',(-0.0880743115587098,0.0560703595612323,2.94400342266213));
#14919=CARTESIAN_POINT('',(-0.137608950690062,0.0794485647238088,2.94400342266213));
#14920=CARTESIAN_POINT('',(-0.135348350690062,0.0833640387793992,2.94400342266213));
#14921=CARTESIAN_POINT('',(-0.139869550690062,0.0755330906682184,2.94400342266213));
#14922=CARTESIAN_POINT('',(-0.130361949955177,0.070043874824585,2.94400342266213));
#14923=CARTESIAN_POINT('',(-0.120854349220292,0.0645546589809516,2.94400342266213));
#14924=CARTESIAN_POINT('',(-0.118593749220292,0.068470133036542,2.94400342266213));
#14925=CARTESIAN_POINT('',(-0.116333149220292,0.0723856070921324,2.94400342266213));
#14926=CARTESIAN_POINT('',(-0.125840749955177,0.0778748229357658,2.94400342266213));
#14927=CARTESIAN_POINT('',(-0.175375389086528,0.101253028098342,2.94400342266213));
#14928=CARTESIAN_POINT('',(-0.173114789086528,0.105168502153933,2.94400342266213));
#14929=CARTESIAN_POINT('',(-0.177635989086529,0.0973375540427519,2.94400342266213));
#14930=CARTESIAN_POINT('',(-0.168128388351643,0.0918483381991185,2.94400342266213));
#14931=CARTESIAN_POINT('',(-0.158620787616759,0.0863591223554851,2.94400342266213));
#14932=CARTESIAN_POINT('',(-0.156360187616759,0.0902745964110755,2.94400342266213));
#14933=CARTESIAN_POINT('',(-0.154099587616759,0.0941900704666659,2.94400342266213));
#14934=CARTESIAN_POINT('',(-0.163607188351644,0.0996792863102993,2.94400342266213));
#14935=CARTESIAN_POINT('',(-0.213141827482996,0.123057491472876,2.94400342266213));
#14936=CARTESIAN_POINT('',(-0.210881227482996,0.126972965528466,2.94400342266213));
#14937=CARTESIAN_POINT('',(-0.215402427482996,0.119142017417285,2.94400342266213));
#14938=CARTESIAN_POINT('',(-0.20589482674811,0.113652801573652,2.94400342266213));
#14939=CARTESIAN_POINT('',(-0.196387226013226,0.108163585730019,2.94400342266213));
#14940=CARTESIAN_POINT('',(-0.194126626013226,0.112079059785609,2.94400342266213));
#14941=CARTESIAN_POINT('',(-0.191866026013225,0.115994533841199,2.94400342266213));
#14942=CARTESIAN_POINT('',(-0.20137362674811,0.121483749684833,2.94400342266213));
#14943=CARTESIAN_POINT('',(-0.250908265879463,0.144861954847409,2.94400342266213));
#14944=CARTESIAN_POINT('',(-0.248647665879462,0.148777428903,2.94400342266213));
#14945=CARTESIAN_POINT('',(-0.253168865879463,0.140946480791819,2.94400342266213));
#14946=CARTESIAN_POINT('',(-0.243661265144577,0.135457264948186,2.94400342266213));
#14947=CARTESIAN_POINT('',(-0.234153664409693,0.129968049104552,2.94400342266213));
#14948=CARTESIAN_POINT('',(-0.231893064409692,0.133883523160143,2.94400342266213));
#14949=CARTESIAN_POINT('',(-0.229632464409692,0.137798997215733,2.94400342266213));
#14950=CARTESIAN_POINT('',(-0.239140065144577,0.143288213059366,2.94400342266213));
#14951=CARTESIAN_POINT('',(-0.288674704275929,0.166666418221943,2.94400342266213));
#14952=CARTESIAN_POINT('',(-0.286414104275929,0.170581892277534,2.94400342266213));
#14953=CARTESIAN_POINT('',(-0.29093530427593,0.162750944166352,2.94400342266213));
#14954=CARTESIAN_POINT('',(-0.281427703541044,0.157261728322719,2.94400342266213));
#14955=CARTESIAN_POINT('',(-0.271920102806159,0.151772512479085,2.94400342266213));
#14956=CARTESIAN_POINT('',(-0.269659502806159,0.155687986534676,2.94400342266213));
#14957=CARTESIAN_POINT('',(-0.267398902806159,0.159603460590266,2.94400342266213));
#14958=CARTESIAN_POINT('',(-0.276906503541044,0.1650926764339,2.94400342266213));
#14959=CARTESIAN_POINT('',(-0.326441142672396,0.188470881596476,2.94400342266213));
#14960=CARTESIAN_POINT('',(-0.324180542672396,0.192386355652067,2.94400342266213));
#14961=CARTESIAN_POINT('',(-0.328701742672396,0.184555407540886,2.94400342266213));
#14962=CARTESIAN_POINT('',(-0.319194141937511,0.179066191697253,2.94400342266213));
#14963=CARTESIAN_POINT('',(-0.309686541202626,0.17357697585362,2.94400342266213));
#14964=CARTESIAN_POINT('',(-0.307425941202626,0.177492449909209,2.94400342266213));
#14965=CARTESIAN_POINT('',(-0.305165341202626,0.1814079239648,2.94400342266213));
#14966=CARTESIAN_POINT('',(-0.314672941937511,0.186897139808434,2.94400342266213));
#14967=CARTESIAN_POINT('',(-0.364207581068863,0.21027534497101,2.94400342266213));
#14968=CARTESIAN_POINT('',(-0.361946981068863,0.214190819026601,2.94400342266213));
#14969=CARTESIAN_POINT('',(-0.366468181068863,0.206359870915419,2.94400342266213));
#14970=CARTESIAN_POINT('',(-0.356960580333978,0.200870655071786,2.94400342266213));
#14971=CARTESIAN_POINT('',(-0.347452979599093,0.195381439228153,2.94400342266213));
#14972=CARTESIAN_POINT('',(-0.345192379599093,0.199296913283743,2.94400342266213));
#14973=CARTESIAN_POINT('',(-0.342931779599092,0.203212387339334,2.94400342266213));
#14974=CARTESIAN_POINT('',(-0.352439380333978,0.208701603182967,2.94400342266213));
#14975=CARTESIAN_POINT('',(-0.40197401946533,0.232079808345544,2.94400342266213));
#14976=CARTESIAN_POINT('',(-0.39971341946533,0.235995282401134,2.94400342266213));
#14977=CARTESIAN_POINT('',(-0.40423461946533,0.228164334289953,2.94400342266213));
#14978=CARTESIAN_POINT('',(-0.394727018730445,0.22267511844632,2.94400342266213));
#14979=CARTESIAN_POINT('',(-0.38521941799556,0.217185902602686,2.94400342266213));
#14980=CARTESIAN_POINT('',(-0.38295881799556,0.221101376658277,2.94400342266213));
#14981=CARTESIAN_POINT('',(-0.38069821799556,0.225016850713867,2.94400342266213));
#14982=CARTESIAN_POINT('',(-0.390205818730444,0.2305060665575,2.94400342266213));
#14983=CARTESIAN_POINT('',(-0.439740457861796,0.253884271720077,2.94400342266213));
#14984=CARTESIAN_POINT('',(-0.437479857861797,0.257799745775667,2.94400342266213));
#14985=CARTESIAN_POINT('',(-0.442001057861797,0.249968797664486,2.94400342266213));
#14986=CARTESIAN_POINT('',(-0.432493457126912,0.244479581820853,2.94400342266213));
#14987=CARTESIAN_POINT('',(-0.422985856392027,0.23899036597722,2.94400342266213));
#14988=CARTESIAN_POINT('',(-0.420725256392027,0.242905840032811,2.94400342266213));
#14989=CARTESIAN_POINT('',(-0.418464656392027,0.246821314088401,2.94400342266213));
#14990=CARTESIAN_POINT('',(-0.427972257126912,0.252310529932034,2.94400342266213));
#14991=CARTESIAN_POINT('',(-0.477506896258264,0.275688735094611,2.94400342266213));
#14992=CARTESIAN_POINT('',(-0.475246296258263,0.279604209150201,2.94400342266213));
#14993=CARTESIAN_POINT('',(-0.479767496258264,0.27177326103902,2.94400342266213));
#14994=CARTESIAN_POINT('',(-0.470259895523379,0.266284045195387,2.94400342266213));
#14995=CARTESIAN_POINT('',(-0.460752294788493,0.260794829351754,2.94400342266213));
#14996=CARTESIAN_POINT('',(-0.458491694788493,0.264710303407344,2.94400342266213));
#14997=CARTESIAN_POINT('',(-0.456231094788493,0.268625777462934,2.94400342266213));
#14998=CARTESIAN_POINT('',(-0.465738695523378,0.274114993306567,2.94400342266213));
#14999=CARTESIAN_POINT('',(0.0620760738971282,-0.0358396379747417,2.94400342266213));
#15000=CARTESIAN_POINT('',(0.0598154738971281,-0.0397551120303321,2.94400342266213));
#15001=CARTESIAN_POINT('',(0.0643366738971283,-0.0319241639191513,2.94400342266213));
#15002=CARTESIAN_POINT('',(0.0548290731622431,-0.0264349480755179,2.94400342266213));
#15003=CARTESIAN_POINT('',(0.050307873162243,-0.0342658961866987,2.94400342266213));
#15004=CARTESIAN_POINT('',(0.213141827482996,-0.123057491472876,2.94400342266213));
#15005=CARTESIAN_POINT('',(0.210881227482996,-0.126972965528466,2.94400342266213));
#15006=CARTESIAN_POINT('',(0.215402427482996,-0.119142017417285,2.94400342266213));
#15007=CARTESIAN_POINT('',(0.20589482674811,-0.113652801573652,2.94400342266213));
#15008=CARTESIAN_POINT('',(0.196387226013226,-0.108163585730019,2.94400342266213));
#15009=CARTESIAN_POINT('',(0.194126626013226,-0.112079059785609,2.94400342266213));
#15010=CARTESIAN_POINT('',(0.191866026013225,-0.115994533841199,2.94400342266213));
#15011=CARTESIAN_POINT('',(0.20137362674811,-0.121483749684833,2.94400342266213));
#15012=CARTESIAN_POINT('',(0.250908265879463,-0.144861954847409,2.94400342266213));
#15013=CARTESIAN_POINT('',(0.248647665879462,-0.148777428903,2.94400342266213));
#15014=CARTESIAN_POINT('',(0.253168865879463,-0.140946480791819,2.94400342266213));
#15015=CARTESIAN_POINT('',(0.243661265144577,-0.135457264948186,2.94400342266213));
#15016=CARTESIAN_POINT('',(0.234153664409693,-0.129968049104552,2.94400342266213));
#15017=CARTESIAN_POINT('',(0.231893064409692,-0.133883523160143,2.94400342266213));
#15018=CARTESIAN_POINT('',(0.229632464409692,-0.137798997215733,2.94400342266213));
#15019=CARTESIAN_POINT('',(0.239140065144578,-0.143288213059366,2.94400342266213));
#15020=CARTESIAN_POINT('',(0.28867470427593,-0.166666418221943,2.94400342266213));
#15021=CARTESIAN_POINT('',(0.28641410427593,-0.170581892277534,2.94400342266213));
#15022=CARTESIAN_POINT('',(0.29093530427593,-0.162750944166352,2.94400342266213));
#15023=CARTESIAN_POINT('',(0.281427703541044,-0.157261728322719,2.94400342266213));
#15024=CARTESIAN_POINT('',(0.271920102806159,-0.151772512479086,2.94400342266213));
#15025=CARTESIAN_POINT('',(0.269659502806159,-0.155687986534676,2.94400342266213));
#15026=CARTESIAN_POINT('',(0.267398902806159,-0.159603460590266,2.94400342266213));
#15027=CARTESIAN_POINT('',(0.276906503541044,-0.1650926764339,2.94400342266213));
#15028=CARTESIAN_POINT('',(0.326441142672396,-0.188470881596476,2.94400342266213));
#15029=CARTESIAN_POINT('',(0.324180542672396,-0.192386355652067,2.94400342266213));
#15030=CARTESIAN_POINT('',(0.328701742672396,-0.184555407540886,2.94400342266213));
#15031=CARTESIAN_POINT('',(0.319194141937511,-0.179066191697253,2.94400342266213));
#15032=CARTESIAN_POINT('',(0.309686541202626,-0.17357697585362,2.94400342266213));
#15033=CARTESIAN_POINT('',(0.307425941202626,-0.177492449909209,2.94400342266213));
#15034=CARTESIAN_POINT('',(0.305165341202626,-0.1814079239648,2.94400342266213));
#15035=CARTESIAN_POINT('',(0.314672941937511,-0.186897139808434,2.94400342266213));
#15036=CARTESIAN_POINT('',(0.439740457861796,-0.253884271720077,2.94400342266213));
#15037=CARTESIAN_POINT('',(0.437479857861797,-0.257799745775667,2.94400342266213));
#15038=CARTESIAN_POINT('',(0.442001057861797,-0.249968797664486,2.94400342266213));
#15039=CARTESIAN_POINT('',(0.432493457126912,-0.244479581820853,2.94400342266213));
#15040=CARTESIAN_POINT('',(0.422985856392027,-0.23899036597722,2.94400342266213));
#15041=CARTESIAN_POINT('',(0.420725256392027,-0.242905840032811,2.94400342266213));
#15042=CARTESIAN_POINT('',(0.418464656392027,-0.246821314088401,2.94400342266213));
#15043=CARTESIAN_POINT('',(0.427972257126912,-0.252310529932034,2.94400342266213));
#15044=CARTESIAN_POINT('',(0.40197401946533,-0.232079808345544,2.94400342266213));
#15045=CARTESIAN_POINT('',(0.39971341946533,-0.235995282401134,2.94400342266213));
#15046=CARTESIAN_POINT('',(0.40423461946533,-0.228164334289953,2.94400342266213));
#15047=CARTESIAN_POINT('',(0.394727018730445,-0.22267511844632,2.94400342266213));
#15048=CARTESIAN_POINT('',(0.38521941799556,-0.217185902602686,2.94400342266213));
#15049=CARTESIAN_POINT('',(0.38295881799556,-0.221101376658277,2.94400342266213));
#15050=CARTESIAN_POINT('',(0.38069821799556,-0.225016850713867,2.94400342266213));
#15051=CARTESIAN_POINT('',(0.390205818730444,-0.2305060665575,2.94400342266213));
#15052=CARTESIAN_POINT('',(0.364207581068863,-0.21027534497101,2.94400342266213));
#15053=CARTESIAN_POINT('',(0.361946981068863,-0.214190819026601,2.94400342266213));
#15054=CARTESIAN_POINT('',(0.366468181068863,-0.206359870915419,2.94400342266213));
#15055=CARTESIAN_POINT('',(0.356960580333978,-0.200870655071786,2.94400342266213));
#15056=CARTESIAN_POINT('',(0.347452979599093,-0.195381439228153,2.94400342266213));
#15057=CARTESIAN_POINT('',(0.345192379599093,-0.199296913283744,2.94400342266213));
#15058=CARTESIAN_POINT('',(0.342931779599093,-0.203212387339334,2.94400342266213));
#15059=CARTESIAN_POINT('',(0.352439380333978,-0.208701603182967,2.94400342266213));
#15060=CARTESIAN_POINT('',(0.175375389086528,-0.101253028098342,2.94400342266213));
#15061=CARTESIAN_POINT('',(0.173114789086528,-0.105168502153933,2.94400342266213));
#15062=CARTESIAN_POINT('',(0.177635989086529,-0.0973375540427519,2.94400342266213));
#15063=CARTESIAN_POINT('',(0.168128388351644,-0.0918483381991185,2.94400342266213));
#15064=CARTESIAN_POINT('',(0.158620787616759,-0.0863591223554852,2.94400342266213));
#15065=CARTESIAN_POINT('',(0.156360187616759,-0.0902745964110756,2.94400342266213));
#15066=CARTESIAN_POINT('',(0.154099587616759,-0.094190070466666,2.94400342266213));
#15067=CARTESIAN_POINT('',(0.163607188351644,-0.0996792863102994,2.94400342266213));
#15068=CARTESIAN_POINT('',(0.137608950690062,-0.0794485647238089,2.94400342266213));
#15069=CARTESIAN_POINT('',(0.135348350690062,-0.0833640387793993,2.94400342266213));
#15070=CARTESIAN_POINT('',(0.139869550690062,-0.0755330906682184,2.94400342266213));
#15071=CARTESIAN_POINT('',(0.130361949955177,-0.070043874824585,2.94400342266213));
#15072=CARTESIAN_POINT('',(0.120854349220292,-0.0645546589809516,2.94400342266213));
#15073=CARTESIAN_POINT('',(0.118593749220292,-0.068470133036542,2.94400342266213));
#15074=CARTESIAN_POINT('',(0.116333149220292,-0.0723856070921325,2.94400342266213));
#15075=CARTESIAN_POINT('',(0.125840749955177,-0.0778748229357659,2.94400342266213));
#15076=CARTESIAN_POINT('',(0.099842512293595,-0.0576441013492752,2.94400342266213));
#15077=CARTESIAN_POINT('',(0.0975819122935949,-0.0615595754048656,2.94400342266213));
#15078=CARTESIAN_POINT('',(0.102103112293595,-0.0537286272936849,2.94400342266213));
#15079=CARTESIAN_POINT('',(0.0925955115587101,-0.0482394114500515,2.94400342266213));
#15080=CARTESIAN_POINT('',(0.083087910823825,-0.0427501956064181,2.94400342266213));
#15081=CARTESIAN_POINT('',(0.0808273108238249,-0.0466656696620085,2.94400342266213));
#15082=CARTESIAN_POINT('',(0.0785667108238248,-0.0505811437175989,2.94400342266213));
#15083=CARTESIAN_POINT('',(0.0880743115587099,-0.0560703595612323,2.94400342266213));
#15084=CARTESIAN_POINT('',(0.477506896258264,-0.275688735094611,2.94400342266213));
#15085=CARTESIAN_POINT('',(0.475246296258263,-0.279604209150201,2.94400342266213));
#15086=CARTESIAN_POINT('',(0.479767496258264,-0.27177326103902,2.94400342266213));
#15087=CARTESIAN_POINT('',(0.470259895523379,-0.266284045195387,2.94400342266213));
#15088=CARTESIAN_POINT('',(0.460752294788494,-0.260794829351754,2.94400342266213));
#15089=CARTESIAN_POINT('',(0.458491694788493,-0.264710303407344,2.94400342266213));
#15090=CARTESIAN_POINT('',(0.456231094788493,-0.268625777462935,2.94400342266213));
#15091=CARTESIAN_POINT('',(0.465738695523378,-0.274114993306567,2.94400342266213));
#15092=CARTESIAN_POINT('',(-0.0620760738971277,-0.0358396379747421,2.94400342266213));
#15093=CARTESIAN_POINT('',(-0.0643366738971278,-0.0319241639191517,2.94400342266213));
#15094=CARTESIAN_POINT('',(-0.0598154738971276,-0.0397551120303325,2.94400342266213));
#15095=CARTESIAN_POINT('',(-0.0503078731622426,-0.0342658961866991,2.94400342266213));
#15096=CARTESIAN_POINT('',(-0.0548290731622428,-0.0264349480755183,2.94400342266213));
#15097=CARTESIAN_POINT('',(-0.213141827482995,-0.123057491472876,2.94400342266213));
#15098=CARTESIAN_POINT('',(-0.215402427482996,-0.119142017417286,2.94400342266213));
#15099=CARTESIAN_POINT('',(-0.210881227482995,-0.126972965528467,2.94400342266213));
#15100=CARTESIAN_POINT('',(-0.20137362674811,-0.121483749684833,2.94400342266213));
#15101=CARTESIAN_POINT('',(-0.191866026013225,-0.1159945338412,2.94400342266213));
#15102=CARTESIAN_POINT('',(-0.194126626013225,-0.112079059785609,2.94400342266213));
#15103=CARTESIAN_POINT('',(-0.196387226013225,-0.108163585730019,2.94400342266213));
#15104=CARTESIAN_POINT('',(-0.20589482674811,-0.113652801573653,2.94400342266213));
#15105=CARTESIAN_POINT('',(-0.250908265879463,-0.144861954847409,2.94400342266213));
#15106=CARTESIAN_POINT('',(-0.253168865879462,-0.140946480791819,2.94400342266213));
#15107=CARTESIAN_POINT('',(-0.248647665879462,-0.148777428903,2.94400342266213));
#15108=CARTESIAN_POINT('',(-0.239140065144578,-0.143288213059366,2.94400342266213));
#15109=CARTESIAN_POINT('',(-0.229632464409692,-0.137798997215733,2.94400342266213));
#15110=CARTESIAN_POINT('',(-0.231893064409692,-0.133883523160143,2.94400342266213));
#15111=CARTESIAN_POINT('',(-0.234153664409692,-0.129968049104553,2.94400342266213));
#15112=CARTESIAN_POINT('',(-0.243661265144577,-0.135457264948186,2.94400342266213));
#15113=CARTESIAN_POINT('',(-0.288674704275929,-0.166666418221944,2.94400342266213));
#15114=CARTESIAN_POINT('',(-0.290935304275929,-0.162750944166353,2.94400342266213));
#15115=CARTESIAN_POINT('',(-0.286414104275929,-0.170581892277534,2.94400342266213));
#15116=CARTESIAN_POINT('',(-0.276906503541044,-0.1650926764339,2.94400342266213));
#15117=CARTESIAN_POINT('',(-0.267398902806158,-0.159603460590267,2.94400342266213));
#15118=CARTESIAN_POINT('',(-0.269659502806159,-0.155687986534676,2.94400342266213));
#15119=CARTESIAN_POINT('',(-0.271920102806159,-0.151772512479086,2.94400342266213));
#15120=CARTESIAN_POINT('',(-0.281427703541044,-0.157261728322719,2.94400342266213));
#15121=CARTESIAN_POINT('',(-0.326441142672395,-0.188470881596477,2.94400342266213));
#15122=CARTESIAN_POINT('',(-0.328701742672396,-0.184555407540886,2.94400342266213));
#15123=CARTESIAN_POINT('',(-0.324180542672395,-0.192386355652067,2.94400342266213));
#15124=CARTESIAN_POINT('',(-0.31467294193751,-0.186897139808434,2.94400342266213));
#15125=CARTESIAN_POINT('',(-0.305165341202626,-0.1814079239648,2.94400342266213));
#15126=CARTESIAN_POINT('',(-0.307425941202626,-0.17749244990921,2.94400342266213));
#15127=CARTESIAN_POINT('',(-0.309686541202626,-0.17357697585362,2.94400342266213));
#15128=CARTESIAN_POINT('',(-0.319194141937511,-0.179066191697253,2.94400342266213));
#15129=CARTESIAN_POINT('',(-0.439740457861796,-0.253884271720077,2.94400342266213));
#15130=CARTESIAN_POINT('',(-0.442001057861796,-0.249968797664487,2.94400342266213));
#15131=CARTESIAN_POINT('',(-0.437479857861796,-0.257799745775668,2.94400342266213));
#15132=CARTESIAN_POINT('',(-0.427972257126911,-0.252310529932035,2.94400342266213));
#15133=CARTESIAN_POINT('',(-0.418464656392026,-0.246821314088402,2.94400342266213));
#15134=CARTESIAN_POINT('',(-0.420725256392026,-0.242905840032811,2.94400342266213));
#15135=CARTESIAN_POINT('',(-0.422985856392027,-0.238990365977221,2.94400342266213));
#15136=CARTESIAN_POINT('',(-0.432493457126912,-0.244479581820854,2.94400342266213));
#15137=CARTESIAN_POINT('',(-0.40197401946533,-0.232079808345544,2.94400342266213));
#15138=CARTESIAN_POINT('',(-0.40423461946533,-0.228164334289954,2.94400342266213));
#15139=CARTESIAN_POINT('',(-0.399713419465329,-0.235995282401134,2.94400342266213));
#15140=CARTESIAN_POINT('',(-0.390205818730444,-0.230506066557501,2.94400342266213));
#15141=CARTESIAN_POINT('',(-0.380698217995559,-0.225016850713867,2.94400342266213));
#15142=CARTESIAN_POINT('',(-0.38295881799556,-0.221101376658277,2.94400342266213));
#15143=CARTESIAN_POINT('',(-0.38521941799556,-0.217185902602687,2.94400342266213));
#15144=CARTESIAN_POINT('',(-0.394727018730444,-0.22267511844632,2.94400342266213));
#15145=CARTESIAN_POINT('',(-0.364207581068863,-0.21027534497101,2.94400342266213));
#15146=CARTESIAN_POINT('',(-0.366468181068863,-0.20635987091542,2.94400342266213));
#15147=CARTESIAN_POINT('',(-0.361946981068863,-0.214190819026601,2.94400342266213));
#15148=CARTESIAN_POINT('',(-0.352439380333978,-0.208701603182967,2.94400342266213));
#15149=CARTESIAN_POINT('',(-0.342931779599092,-0.203212387339334,2.94400342266213));
#15150=CARTESIAN_POINT('',(-0.345192379599092,-0.199296913283744,2.94400342266213));
#15151=CARTESIAN_POINT('',(-0.347452979599092,-0.195381439228154,2.94400342266213));
#15152=CARTESIAN_POINT('',(-0.356960580333978,-0.200870655071787,2.94400342266213));
#15153=CARTESIAN_POINT('',(-0.175375389086528,-0.101253028098343,2.94400342266213));
#15154=CARTESIAN_POINT('',(-0.177635989086529,-0.0973375540427524,2.94400342266213));
#15155=CARTESIAN_POINT('',(-0.173114789086528,-0.105168502153933,2.94400342266213));
#15156=CARTESIAN_POINT('',(-0.163607188351643,-0.0996792863102998,2.94400342266213));
#15157=CARTESIAN_POINT('',(-0.154099587616758,-0.0941900704666664,2.94400342266213));
#15158=CARTESIAN_POINT('',(-0.156360187616758,-0.090274596411076,2.94400342266213));
#15159=CARTESIAN_POINT('',(-0.158620787616758,-0.0863591223554856,2.94400342266213));
#15160=CARTESIAN_POINT('',(-0.168128388351643,-0.091848338199119,2.94400342266213));
#15161=CARTESIAN_POINT('',(-0.137608950690061,-0.0794485647238093,2.94400342266213));
#15162=CARTESIAN_POINT('',(-0.139869550690062,-0.0755330906682189,2.94400342266213));
#15163=CARTESIAN_POINT('',(-0.135348350690061,-0.0833640387793996,2.94400342266213));
#15164=CARTESIAN_POINT('',(-0.125840749955176,-0.0778748229357663,2.94400342266213));
#15165=CARTESIAN_POINT('',(-0.116333149220291,-0.0723856070921328,2.94400342266213));
#15166=CARTESIAN_POINT('',(-0.118593749220291,-0.0684701330365424,2.94400342266213));
#15167=CARTESIAN_POINT('',(-0.120854349220291,-0.064554658980952,2.94400342266213));
#15168=CARTESIAN_POINT('',(-0.130361949955176,-0.0700438748245854,2.94400342266213));
#15169=CARTESIAN_POINT('',(-0.0998425122935946,-0.0576441013492757,2.94400342266213));
#15170=CARTESIAN_POINT('',(-0.102103112293595,-0.0537286272936853,2.94400342266213));
#15171=CARTESIAN_POINT('',(-0.0975819122935945,-0.0615595754048661,2.94400342266213));
#15172=CARTESIAN_POINT('',(-0.0880743115587094,-0.0560703595612327,2.94400342266213));
#15173=CARTESIAN_POINT('',(-0.0785667108238243,-0.0505811437175993,2.94400342266213));
#15174=CARTESIAN_POINT('',(-0.0808273108238244,-0.0466656696620089,2.94400342266213));
#15175=CARTESIAN_POINT('',(-0.0830879108238245,-0.0427501956064185,2.94400342266213));
#15176=CARTESIAN_POINT('',(-0.0925955115587096,-0.0482394114500519,2.94400342266213));
#15177=CARTESIAN_POINT('',(-0.477506896258263,-0.275688735094612,2.94400342266213));
#15178=CARTESIAN_POINT('',(-0.479767496258263,-0.271773261039021,2.94400342266213));
#15179=CARTESIAN_POINT('',(-0.475246296258263,-0.279604209150202,2.94400342266213));
#15180=CARTESIAN_POINT('',(-0.465738695523378,-0.274114993306568,2.94400342266213));
#15181=CARTESIAN_POINT('',(-0.456231094788493,-0.268625777462935,2.94400342266213));
#15182=CARTESIAN_POINT('',(-0.458491694788493,-0.264710303407344,2.94400342266213));
#15183=CARTESIAN_POINT('',(-0.460752294788493,-0.260794829351754,2.94400342266213));
#15184=CARTESIAN_POINT('',(-0.470259895523378,-0.266284045195388,2.94400342266213));
#15185=CARTESIAN_POINT('',(0.0620760738971279,0.0358396379747421,2.94400342266213));
#15186=CARTESIAN_POINT('',(0.064336673897128,0.0319241639191517,2.94400342266213));
#15187=CARTESIAN_POINT('',(0.0598154738971278,0.0397551120303325,2.94400342266213));
#15188=CARTESIAN_POINT('',(0.0503078731622427,0.0342658961866991,2.94400342266213));
#15189=CARTESIAN_POINT('',(0.0548290731622429,0.0264349480755183,2.94400342266213));
#15190=CARTESIAN_POINT('',(0.213141827482996,0.123057491472876,2.94400342266213));
#15191=CARTESIAN_POINT('',(0.215402427482996,0.119142017417286,2.94400342266213));
#15192=CARTESIAN_POINT('',(0.210881227482996,0.126972965528466,2.94400342266213));
#15193=CARTESIAN_POINT('',(0.20137362674811,0.121483749684833,2.94400342266213));
#15194=CARTESIAN_POINT('',(0.191866026013225,0.115994533841199,2.94400342266213));
#15195=CARTESIAN_POINT('',(0.194126626013225,0.112079059785609,2.94400342266213));
#15196=CARTESIAN_POINT('',(0.196387226013225,0.108163585730019,2.94400342266213));
#15197=CARTESIAN_POINT('',(0.20589482674811,0.113652801573653,2.94400342266213));
#15198=CARTESIAN_POINT('',(0.250908265879463,0.14486195484741,2.94400342266213));
#15199=CARTESIAN_POINT('',(0.253168865879462,0.14094648079182,2.94400342266213));
#15200=CARTESIAN_POINT('',(0.248647665879462,0.148777428903,2.94400342266213));
#15201=CARTESIAN_POINT('',(0.239140065144578,0.143288213059366,2.94400342266213));
#15202=CARTESIAN_POINT('',(0.229632464409692,0.137798997215733,2.94400342266213));
#15203=CARTESIAN_POINT('',(0.231893064409692,0.133883523160143,2.94400342266213));
#15204=CARTESIAN_POINT('',(0.234153664409692,0.129968049104553,2.94400342266213));
#15205=CARTESIAN_POINT('',(0.243661265144577,0.135457264948186,2.94400342266213));
#15206=CARTESIAN_POINT('',(0.288674704275929,0.166666418221944,2.94400342266213));
#15207=CARTESIAN_POINT('',(0.290935304275929,0.162750944166353,2.94400342266213));
#15208=CARTESIAN_POINT('',(0.286414104275929,0.170581892277534,2.94400342266213));
#15209=CARTESIAN_POINT('',(0.276906503541044,0.1650926764339,2.94400342266213));
#15210=CARTESIAN_POINT('',(0.267398902806158,0.159603460590267,2.94400342266213));
#15211=CARTESIAN_POINT('',(0.269659502806158,0.155687986534676,2.94400342266213));
#15212=CARTESIAN_POINT('',(0.271920102806159,0.151772512479086,2.94400342266213));
#15213=CARTESIAN_POINT('',(0.281427703541044,0.157261728322719,2.94400342266213));
#15214=CARTESIAN_POINT('',(0.326441142672396,0.188470881596477,2.94400342266213));
#15215=CARTESIAN_POINT('',(0.328701742672396,0.184555407540886,2.94400342266213));
#15216=CARTESIAN_POINT('',(0.324180542672395,0.192386355652067,2.94400342266213));
#15217=CARTESIAN_POINT('',(0.31467294193751,0.186897139808434,2.94400342266213));
#15218=CARTESIAN_POINT('',(0.305165341202626,0.181407923964801,2.94400342266213));
#15219=CARTESIAN_POINT('',(0.307425941202626,0.17749244990921,2.94400342266213));
#15220=CARTESIAN_POINT('',(0.309686541202626,0.17357697585362,2.94400342266213));
#15221=CARTESIAN_POINT('',(0.319194141937511,0.179066191697254,2.94400342266213));
#15222=CARTESIAN_POINT('',(0.439740457861796,0.253884271720078,2.94400342266213));
#15223=CARTESIAN_POINT('',(0.442001057861796,0.249968797664487,2.94400342266213));
#15224=CARTESIAN_POINT('',(0.437479857861796,0.257799745775668,2.94400342266213));
#15225=CARTESIAN_POINT('',(0.427972257126911,0.252310529932035,2.94400342266213));
#15226=CARTESIAN_POINT('',(0.418464656392026,0.246821314088402,2.94400342266213));
#15227=CARTESIAN_POINT('',(0.420725256392027,0.242905840032811,2.94400342266213));
#15228=CARTESIAN_POINT('',(0.422985856392027,0.238990365977221,2.94400342266213));
#15229=CARTESIAN_POINT('',(0.432493457126912,0.244479581820854,2.94400342266213));
#15230=CARTESIAN_POINT('',(0.40197401946533,0.232079808345545,2.94400342266213));
#15231=CARTESIAN_POINT('',(0.40423461946533,0.228164334289954,2.94400342266213));
#15232=CARTESIAN_POINT('',(0.39971341946533,0.235995282401134,2.94400342266213));
#15233=CARTESIAN_POINT('',(0.390205818730444,0.230506066557501,2.94400342266213));
#15234=CARTESIAN_POINT('',(0.380698217995559,0.225016850713868,2.94400342266213));
#15235=CARTESIAN_POINT('',(0.38295881799556,0.221101376658277,2.94400342266213));
#15236=CARTESIAN_POINT('',(0.38521941799556,0.217185902602687,2.94400342266213));
#15237=CARTESIAN_POINT('',(0.394727018730444,0.222675118446321,2.94400342266213));
#15238=CARTESIAN_POINT('',(0.364207581068863,0.21027534497101,2.94400342266213));
#15239=CARTESIAN_POINT('',(0.366468181068863,0.20635987091542,2.94400342266213));
#15240=CARTESIAN_POINT('',(0.361946981068863,0.214190819026601,2.94400342266213));
#15241=CARTESIAN_POINT('',(0.352439380333978,0.208701603182968,2.94400342266213));
#15242=CARTESIAN_POINT('',(0.342931779599092,0.203212387339334,2.94400342266213));
#15243=CARTESIAN_POINT('',(0.345192379599092,0.199296913283744,2.94400342266213));
#15244=CARTESIAN_POINT('',(0.347452979599092,0.195381439228154,2.94400342266213));
#15245=CARTESIAN_POINT('',(0.356960580333978,0.200870655071787,2.94400342266213));
#15246=CARTESIAN_POINT('',(0.175375389086528,0.101253028098343,2.94400342266213));
#15247=CARTESIAN_POINT('',(0.177635989086529,0.0973375540427525,2.94400342266213));
#15248=CARTESIAN_POINT('',(0.173114789086528,0.105168502153933,2.94400342266213));
#15249=CARTESIAN_POINT('',(0.163607188351643,0.0996792863102998,2.94400342266213));
#15250=CARTESIAN_POINT('',(0.154099587616758,0.0941900704666664,2.94400342266213));
#15251=CARTESIAN_POINT('',(0.156360187616758,0.0902745964110761,2.94400342266213));
#15252=CARTESIAN_POINT('',(0.158620787616759,0.0863591223554857,2.94400342266213));
#15253=CARTESIAN_POINT('',(0.168128388351643,0.0918483381991191,2.94400342266213));
#15254=CARTESIAN_POINT('',(0.137608950690062,0.0794485647238093,2.94400342266213));
#15255=CARTESIAN_POINT('',(0.139869550690062,0.0755330906682189,2.94400342266213));
#15256=CARTESIAN_POINT('',(0.135348350690061,0.0833640387793997,2.94400342266213));
#15257=CARTESIAN_POINT('',(0.125840749955176,0.0778748229357663,2.94400342266213));
#15258=CARTESIAN_POINT('',(0.116333149220291,0.0723856070921328,2.94400342266213));
#15259=CARTESIAN_POINT('',(0.118593749220291,0.0684701330365424,2.94400342266213));
#15260=CARTESIAN_POINT('',(0.120854349220291,0.0645546589809521,2.94400342266213));
#15261=CARTESIAN_POINT('',(0.130361949955177,0.0700438748245855,2.94400342266213));
#15262=CARTESIAN_POINT('',(0.0998425122935947,0.0576441013492757,2.94400342266213));
#15263=CARTESIAN_POINT('',(0.102103112293595,0.0537286272936854,2.94400342266213));
#15264=CARTESIAN_POINT('',(0.0975819122935946,0.0615595754048661,2.94400342266213));
#15265=CARTESIAN_POINT('',(0.0880743115587095,0.0560703595612327,2.94400342266213));
#15266=CARTESIAN_POINT('',(0.0785667108238244,0.0505811437175993,2.94400342266213));
#15267=CARTESIAN_POINT('',(0.0808273108238245,0.0466656696620089,2.94400342266213));
#15268=CARTESIAN_POINT('',(0.0830879108238246,0.0427501956064186,2.94400342266213));
#15269=CARTESIAN_POINT('',(0.0925955115587097,0.048239411450052,2.94400342266213));
#15270=CARTESIAN_POINT('',(0.477506896258263,0.275688735094612,2.94400342266213));
#15271=CARTESIAN_POINT('',(0.479767496258263,0.271773261039021,2.94400342266213));
#15272=CARTESIAN_POINT('',(0.475246296258263,0.279604209150202,2.94400342266213));
#15273=CARTESIAN_POINT('',(0.465738695523378,0.274114993306568,2.94400342266213));
#15274=CARTESIAN_POINT('',(0.456231094788493,0.268625777462935,2.94400342266213));
#15275=CARTESIAN_POINT('',(0.458491694788493,0.264710303407344,2.94400342266213));
#15276=CARTESIAN_POINT('',(0.460752294788493,0.260794829351755,2.94400342266213));
#15277=CARTESIAN_POINT('',(0.470259895523378,0.266284045195388,2.94400342266213));
#15278=MECHANICAL_DESIGN_GEOMETRIC_PRESENTATION_REPRESENTATION('',(#9391),
#15279);
#15279=(
GEOMETRIC_REPRESENTATION_CONTEXT(3)
GLOBAL_UNCERTAINTY_ASSIGNED_CONTEXT((#15280))
GLOBAL_UNIT_ASSIGNED_CONTEXT((#15283,#15282,#15281))
REPRESENTATION_CONTEXT('antenna platform','TOP_LEVEL_ASSEMBLY_PART')
);
#15280=UNCERTAINTY_MEASURE_WITH_UNIT(LENGTH_MEASURE(1.E-8),#15283,
'DISTANCE_ACCURACY_VALUE','Maximum Tolerance applied to model');
#15281=(
NAMED_UNIT(*)
SI_UNIT($,.STERADIAN.)
SOLID_ANGLE_UNIT()
);
#15282=(
NAMED_UNIT(*)
PLANE_ANGLE_UNIT()
SI_UNIT($,.RADIAN.)
);
#15283=(
LENGTH_UNIT()
NAMED_UNIT(*)
SI_UNIT($,.METRE.)
);
#15284=PRODUCT_DEFINITION_SHAPE('','',#15285);
#15285=PRODUCT_DEFINITION('','',#15287,#15286);
#15286=PRODUCT_DEFINITION_CONTEXT('',#15293,'design');
#15287=PRODUCT_DEFINITION_FORMATION_WITH_SPECIFIED_SOURCE('','',#15289,
 .NOT_KNOWN.);
#15288=PRODUCT_RELATED_PRODUCT_CATEGORY('','',(#15289));
#15289=PRODUCT('antenna platform','antenna platform','antenna platform',
(#15291));
#15290=PRODUCT_CATEGORY('','');
#15291=PRODUCT_CONTEXT('',#15293,'mechanical');
#15292=APPLICATION_PROTOCOL_DEFINITION('international standard',
'ap242_managed_model_based_3d_engineering',2011,#15293);
#15293=APPLICATION_CONTEXT('managed model based 3d engineering');
ENDSEC;
END-ISO-10303-21;
