ISO-10303-21;
HEADER;
/* Generated by software containing ST-Developer
 * from STEP Tools, Inc. (www.steptools.com) 
 */
/* OPTION: using custom renumber hook */

FILE_DESCRIPTION(
/* description */ ('STEP AP242',
'CAx-IF Rec.Pracs.---Representation and Presentation of Product Manufa
cturing Information (PMI)---4.0---2014-10-13',
'CAx-IF Rec.Pracs.---3D Tessellated Geometry---0.4---2014-09-14','2;1'),

/* implementation_level */ '2;1');

FILE_NAME(
/* name */ '68fb262934e6012dc82c9904',
/* time_stamp */ '2025-10-24T07:09:30Z',
/* author */ (''),
/* organization */ (''),
/* preprocessor_version */ 'ST-DEVELOPER v20',
/* originating_system */ 'ONSHAPE BY PTC INC, 1.205',
/* authorisation */ '  ');

FILE_SCHEMA (('AP242_MANAGED_MODEL_BASED_3D_ENGINEERING_MIM_LF { 1 0 10303 442 1 1 4 }'));
ENDSEC;

DATA;
#10=SHAPE_REPRESENTATION_RELATIONSHIP('','',#1967,#11);
#11=ADVANCED_BREP_SHAPE_REPRESENTATION('',(#1965),#3085);
#12=ORIENTED_EDGE('',*,*,#564,.F.);
#13=ORIENTED_EDGE('',*,*,#565,.F.);
#14=ORIENTED_EDGE('',*,*,#566,.T.);
#15=ORIENTED_EDGE('',*,*,#567,.T.);
#16=ORIENTED_EDGE('',*,*,#568,.F.);
#17=ORIENTED_EDGE('',*,*,#569,.T.);
#18=ORIENTED_EDGE('',*,*,#570,.T.);
#19=ORIENTED_EDGE('',*,*,#571,.T.);
#20=ORIENTED_EDGE('',*,*,#572,.T.);
#21=ORIENTED_EDGE('',*,*,#573,.F.);
#22=ORIENTED_EDGE('',*,*,#574,.T.);
#23=ORIENTED_EDGE('',*,*,#575,.T.);
#24=ORIENTED_EDGE('',*,*,#576,.T.);
#25=ORIENTED_EDGE('',*,*,#577,.F.);
#26=ORIENTED_EDGE('',*,*,#578,.T.);
#27=ORIENTED_EDGE('',*,*,#579,.T.);
#28=ORIENTED_EDGE('',*,*,#580,.T.);
#29=ORIENTED_EDGE('',*,*,#581,.F.);
#30=ORIENTED_EDGE('',*,*,#582,.T.);
#31=ORIENTED_EDGE('',*,*,#583,.T.);
#32=ORIENTED_EDGE('',*,*,#584,.T.);
#33=ORIENTED_EDGE('',*,*,#585,.T.);
#34=ORIENTED_EDGE('',*,*,#586,.F.);
#35=ORIENTED_EDGE('',*,*,#587,.F.);
#36=ORIENTED_EDGE('',*,*,#588,.T.);
#37=ORIENTED_EDGE('',*,*,#589,.F.);
#38=ORIENTED_EDGE('',*,*,#590,.T.);
#39=ORIENTED_EDGE('',*,*,#591,.T.);
#40=ORIENTED_EDGE('',*,*,#592,.T.);
#41=ORIENTED_EDGE('',*,*,#593,.F.);
#42=ORIENTED_EDGE('',*,*,#594,.T.);
#43=ORIENTED_EDGE('',*,*,#595,.T.);
#44=ORIENTED_EDGE('',*,*,#596,.T.);
#45=ORIENTED_EDGE('',*,*,#597,.F.);
#46=ORIENTED_EDGE('',*,*,#598,.T.);
#47=ORIENTED_EDGE('',*,*,#599,.T.);
#48=ORIENTED_EDGE('',*,*,#600,.T.);
#49=ORIENTED_EDGE('',*,*,#601,.F.);
#50=ORIENTED_EDGE('',*,*,#602,.T.);
#51=ORIENTED_EDGE('',*,*,#603,.T.);
#52=ORIENTED_EDGE('',*,*,#604,.T.);
#53=ORIENTED_EDGE('',*,*,#605,.T.);
#54=ORIENTED_EDGE('',*,*,#606,.F.);
#55=ORIENTED_EDGE('',*,*,#607,.F.);
#56=ORIENTED_EDGE('',*,*,#608,.T.);
#57=ORIENTED_EDGE('',*,*,#609,.F.);
#58=ORIENTED_EDGE('',*,*,#610,.T.);
#59=ORIENTED_EDGE('',*,*,#611,.T.);
#60=ORIENTED_EDGE('',*,*,#612,.T.);
#61=ORIENTED_EDGE('',*,*,#613,.F.);
#62=ORIENTED_EDGE('',*,*,#614,.F.);
#63=ORIENTED_EDGE('',*,*,#615,.T.);
#64=ORIENTED_EDGE('',*,*,#616,.T.);
#65=ORIENTED_EDGE('',*,*,#617,.F.);
#66=ORIENTED_EDGE('',*,*,#618,.F.);
#67=ORIENTED_EDGE('',*,*,#619,.F.);
#68=ORIENTED_EDGE('',*,*,#620,.T.);
#69=ORIENTED_EDGE('',*,*,#621,.T.);
#70=ORIENTED_EDGE('',*,*,#622,.F.);
#71=ORIENTED_EDGE('',*,*,#623,.T.);
#72=ORIENTED_EDGE('',*,*,#624,.T.);
#73=ORIENTED_EDGE('',*,*,#625,.F.);
#74=ORIENTED_EDGE('',*,*,#626,.F.);
#75=ORIENTED_EDGE('',*,*,#627,.T.);
#76=ORIENTED_EDGE('',*,*,#628,.T.);
#77=ORIENTED_EDGE('',*,*,#629,.F.);
#78=ORIENTED_EDGE('',*,*,#630,.F.);
#79=ORIENTED_EDGE('',*,*,#631,.T.);
#80=ORIENTED_EDGE('',*,*,#632,.T.);
#81=ORIENTED_EDGE('',*,*,#633,.F.);
#82=ORIENTED_EDGE('',*,*,#634,.F.);
#83=ORIENTED_EDGE('',*,*,#635,.T.);
#84=ORIENTED_EDGE('',*,*,#636,.T.);
#85=ORIENTED_EDGE('',*,*,#637,.F.);
#86=ORIENTED_EDGE('',*,*,#638,.F.);
#87=ORIENTED_EDGE('',*,*,#639,.F.);
#88=ORIENTED_EDGE('',*,*,#640,.T.);
#89=ORIENTED_EDGE('',*,*,#641,.T.);
#90=ORIENTED_EDGE('',*,*,#642,.F.);
#91=ORIENTED_EDGE('',*,*,#643,.T.);
#92=ORIENTED_EDGE('',*,*,#644,.T.);
#93=ORIENTED_EDGE('',*,*,#645,.F.);
#94=ORIENTED_EDGE('',*,*,#646,.F.);
#95=ORIENTED_EDGE('',*,*,#647,.T.);
#96=ORIENTED_EDGE('',*,*,#648,.T.);
#97=ORIENTED_EDGE('',*,*,#649,.F.);
#98=ORIENTED_EDGE('',*,*,#650,.F.);
#99=ORIENTED_EDGE('',*,*,#651,.T.);
#100=ORIENTED_EDGE('',*,*,#652,.T.);
#101=ORIENTED_EDGE('',*,*,#653,.F.);
#102=ORIENTED_EDGE('',*,*,#654,.F.);
#103=ORIENTED_EDGE('',*,*,#655,.T.);
#104=ORIENTED_EDGE('',*,*,#656,.T.);
#105=ORIENTED_EDGE('',*,*,#657,.T.);
#106=ORIENTED_EDGE('',*,*,#658,.F.);
#107=ORIENTED_EDGE('',*,*,#659,.F.);
#108=ORIENTED_EDGE('',*,*,#660,.F.);
#109=ORIENTED_EDGE('',*,*,#661,.T.);
#110=ORIENTED_EDGE('',*,*,#662,.T.);
#111=ORIENTED_EDGE('',*,*,#663,.F.);
#112=ORIENTED_EDGE('',*,*,#664,.F.);
#113=ORIENTED_EDGE('',*,*,#665,.T.);
#114=ORIENTED_EDGE('',*,*,#666,.T.);
#115=ORIENTED_EDGE('',*,*,#667,.F.);
#116=ORIENTED_EDGE('',*,*,#668,.F.);
#117=ORIENTED_EDGE('',*,*,#669,.T.);
#118=ORIENTED_EDGE('',*,*,#670,.T.);
#119=ORIENTED_EDGE('',*,*,#671,.F.);
#120=ORIENTED_EDGE('',*,*,#672,.F.);
#121=ORIENTED_EDGE('',*,*,#673,.T.);
#122=ORIENTED_EDGE('',*,*,#674,.F.);
#123=ORIENTED_EDGE('',*,*,#675,.F.);
#124=ORIENTED_EDGE('',*,*,#676,.T.);
#125=ORIENTED_EDGE('',*,*,#677,.T.);
#126=ORIENTED_EDGE('',*,*,#678,.T.);
#127=ORIENTED_EDGE('',*,*,#679,.F.);
#128=ORIENTED_EDGE('',*,*,#680,.F.);
#129=ORIENTED_EDGE('',*,*,#681,.T.);
#130=ORIENTED_EDGE('',*,*,#682,.T.);
#131=ORIENTED_EDGE('',*,*,#683,.F.);
#132=ORIENTED_EDGE('',*,*,#684,.F.);
#133=ORIENTED_EDGE('',*,*,#685,.T.);
#134=ORIENTED_EDGE('',*,*,#686,.T.);
#135=ORIENTED_EDGE('',*,*,#687,.F.);
#136=ORIENTED_EDGE('',*,*,#688,.F.);
#137=ORIENTED_EDGE('',*,*,#689,.T.);
#138=ORIENTED_EDGE('',*,*,#690,.T.);
#139=ORIENTED_EDGE('',*,*,#691,.F.);
#140=ORIENTED_EDGE('',*,*,#692,.F.);
#141=ORIENTED_EDGE('',*,*,#693,.T.);
#142=ORIENTED_EDGE('',*,*,#694,.F.);
#143=ORIENTED_EDGE('',*,*,#695,.F.);
#144=ORIENTED_EDGE('',*,*,#696,.T.);
#145=ORIENTED_EDGE('',*,*,#697,.T.);
#146=ORIENTED_EDGE('',*,*,#698,.T.);
#147=ORIENTED_EDGE('',*,*,#699,.F.);
#148=ORIENTED_EDGE('',*,*,#700,.F.);
#149=ORIENTED_EDGE('',*,*,#701,.T.);
#150=ORIENTED_EDGE('',*,*,#702,.T.);
#151=ORIENTED_EDGE('',*,*,#703,.F.);
#152=ORIENTED_EDGE('',*,*,#704,.F.);
#153=ORIENTED_EDGE('',*,*,#705,.F.);
#154=ORIENTED_EDGE('',*,*,#706,.T.);
#155=ORIENTED_EDGE('',*,*,#707,.F.);
#156=ORIENTED_EDGE('',*,*,#708,.T.);
#157=ORIENTED_EDGE('',*,*,#709,.T.);
#158=ORIENTED_EDGE('',*,*,#710,.F.);
#159=ORIENTED_EDGE('',*,*,#711,.F.);
#160=ORIENTED_EDGE('',*,*,#712,.F.);
#161=ORIENTED_EDGE('',*,*,#713,.F.);
#162=ORIENTED_EDGE('',*,*,#714,.T.);
#163=ORIENTED_EDGE('',*,*,#715,.F.);
#164=ORIENTED_EDGE('',*,*,#716,.F.);
#165=ORIENTED_EDGE('',*,*,#717,.F.);
#166=ORIENTED_EDGE('',*,*,#718,.T.);
#167=ORIENTED_EDGE('',*,*,#719,.F.);
#168=ORIENTED_EDGE('',*,*,#720,.F.);
#169=ORIENTED_EDGE('',*,*,#721,.F.);
#170=ORIENTED_EDGE('',*,*,#722,.T.);
#171=ORIENTED_EDGE('',*,*,#723,.F.);
#172=ORIENTED_EDGE('',*,*,#724,.F.);
#173=ORIENTED_EDGE('',*,*,#725,.F.);
#174=ORIENTED_EDGE('',*,*,#726,.T.);
#175=ORIENTED_EDGE('',*,*,#727,.F.);
#176=ORIENTED_EDGE('',*,*,#728,.T.);
#177=ORIENTED_EDGE('',*,*,#729,.T.);
#178=ORIENTED_EDGE('',*,*,#730,.F.);
#179=ORIENTED_EDGE('',*,*,#731,.F.);
#180=ORIENTED_EDGE('',*,*,#732,.F.);
#181=ORIENTED_EDGE('',*,*,#733,.F.);
#182=ORIENTED_EDGE('',*,*,#734,.T.);
#183=ORIENTED_EDGE('',*,*,#735,.F.);
#184=ORIENTED_EDGE('',*,*,#736,.F.);
#185=ORIENTED_EDGE('',*,*,#737,.F.);
#186=ORIENTED_EDGE('',*,*,#738,.T.);
#187=ORIENTED_EDGE('',*,*,#739,.F.);
#188=ORIENTED_EDGE('',*,*,#740,.F.);
#189=ORIENTED_EDGE('',*,*,#741,.F.);
#190=ORIENTED_EDGE('',*,*,#742,.T.);
#191=ORIENTED_EDGE('',*,*,#743,.F.);
#192=ORIENTED_EDGE('',*,*,#744,.F.);
#193=ORIENTED_EDGE('',*,*,#745,.F.);
#194=ORIENTED_EDGE('',*,*,#746,.F.);
#195=ORIENTED_EDGE('',*,*,#747,.T.);
#196=ORIENTED_EDGE('',*,*,#572,.F.);
#197=ORIENTED_EDGE('',*,*,#748,.T.);
#198=ORIENTED_EDGE('',*,*,#743,.T.);
#199=ORIENTED_EDGE('',*,*,#749,.F.);
#200=ORIENTED_EDGE('',*,*,#618,.T.);
#201=ORIENTED_EDGE('',*,*,#750,.T.);
#202=ORIENTED_EDGE('',*,*,#697,.F.);
#203=ORIENTED_EDGE('',*,*,#751,.F.);
#204=ORIENTED_EDGE('',*,*,#630,.T.);
#205=ORIENTED_EDGE('',*,*,#752,.T.);
#206=ORIENTED_EDGE('',*,*,#685,.F.);
#207=ORIENTED_EDGE('',*,*,#753,.F.);
#208=ORIENTED_EDGE('',*,*,#634,.T.);
#209=ORIENTED_EDGE('',*,*,#754,.T.);
#210=ORIENTED_EDGE('',*,*,#681,.F.);
#211=ORIENTED_EDGE('',*,*,#755,.F.);
#212=ORIENTED_EDGE('',*,*,#638,.T.);
#213=ORIENTED_EDGE('',*,*,#756,.T.);
#214=ORIENTED_EDGE('',*,*,#677,.F.);
#215=ORIENTED_EDGE('',*,*,#757,.F.);
#216=ORIENTED_EDGE('',*,*,#758,.F.);
#217=ORIENTED_EDGE('',*,*,#626,.T.);
#218=ORIENTED_EDGE('',*,*,#759,.T.);
#219=ORIENTED_EDGE('',*,*,#689,.F.);
#220=ORIENTED_EDGE('',*,*,#760,.F.);
#221=ORIENTED_EDGE('',*,*,#654,.T.);
#222=ORIENTED_EDGE('',*,*,#761,.T.);
#223=ORIENTED_EDGE('',*,*,#661,.F.);
#224=ORIENTED_EDGE('',*,*,#762,.F.);
#225=ORIENTED_EDGE('',*,*,#650,.T.);
#226=ORIENTED_EDGE('',*,*,#763,.T.);
#227=ORIENTED_EDGE('',*,*,#665,.F.);
#228=ORIENTED_EDGE('',*,*,#764,.F.);
#229=ORIENTED_EDGE('',*,*,#646,.T.);
#230=ORIENTED_EDGE('',*,*,#765,.T.);
#231=ORIENTED_EDGE('',*,*,#669,.F.);
#232=ORIENTED_EDGE('',*,*,#766,.F.);
#233=ORIENTED_EDGE('',*,*,#610,.F.);
#234=ORIENTED_EDGE('',*,*,#767,.T.);
#235=ORIENTED_EDGE('',*,*,#705,.T.);
#236=ORIENTED_EDGE('',*,*,#594,.F.);
#237=ORIENTED_EDGE('',*,*,#768,.T.);
#238=ORIENTED_EDGE('',*,*,#721,.T.);
#239=ORIENTED_EDGE('',*,*,#769,.F.);
#240=ORIENTED_EDGE('',*,*,#598,.F.);
#241=ORIENTED_EDGE('',*,*,#770,.T.);
#242=ORIENTED_EDGE('',*,*,#717,.T.);
#243=ORIENTED_EDGE('',*,*,#771,.F.);
#244=ORIENTED_EDGE('',*,*,#772,.F.);
#245=ORIENTED_EDGE('',*,*,#590,.F.);
#246=ORIENTED_EDGE('',*,*,#773,.T.);
#247=ORIENTED_EDGE('',*,*,#725,.T.);
#248=ORIENTED_EDGE('',*,*,#774,.F.);
#249=ORIENTED_EDGE('',*,*,#602,.F.);
#250=ORIENTED_EDGE('',*,*,#775,.T.);
#251=ORIENTED_EDGE('',*,*,#713,.T.);
#252=ORIENTED_EDGE('',*,*,#574,.F.);
#253=ORIENTED_EDGE('',*,*,#776,.T.);
#254=ORIENTED_EDGE('',*,*,#741,.T.);
#255=ORIENTED_EDGE('',*,*,#777,.F.);
#256=ORIENTED_EDGE('',*,*,#578,.F.);
#257=ORIENTED_EDGE('',*,*,#778,.T.);
#258=ORIENTED_EDGE('',*,*,#737,.T.);
#259=ORIENTED_EDGE('',*,*,#779,.F.);
#260=ORIENTED_EDGE('',*,*,#780,.F.);
#261=ORIENTED_EDGE('',*,*,#582,.F.);
#262=ORIENTED_EDGE('',*,*,#781,.T.);
#263=ORIENTED_EDGE('',*,*,#733,.T.);
#264=ORIENTED_EDGE('',*,*,#613,.T.);
#265=ORIENTED_EDGE('',*,*,#782,.T.);
#266=ORIENTED_EDGE('',*,*,#702,.F.);
#267=ORIENTED_EDGE('',*,*,#783,.T.);
#268=ORIENTED_EDGE('',*,*,#585,.F.);
#269=ORIENTED_EDGE('',*,*,#784,.T.);
#270=ORIENTED_EDGE('',*,*,#730,.T.);
#271=ORIENTED_EDGE('',*,*,#785,.F.);
#272=ORIENTED_EDGE('',*,*,#786,.F.);
#273=ORIENTED_EDGE('',*,*,#587,.T.);
#274=ORIENTED_EDGE('',*,*,#787,.T.);
#275=ORIENTED_EDGE('',*,*,#728,.F.);
#276=ORIENTED_EDGE('',*,*,#605,.F.);
#277=ORIENTED_EDGE('',*,*,#788,.T.);
#278=ORIENTED_EDGE('',*,*,#710,.T.);
#279=ORIENTED_EDGE('',*,*,#789,.F.);
#280=ORIENTED_EDGE('',*,*,#790,.F.);
#281=ORIENTED_EDGE('',*,*,#607,.T.);
#282=ORIENTED_EDGE('',*,*,#791,.T.);
#283=ORIENTED_EDGE('',*,*,#708,.F.);
#284=ORIENTED_EDGE('',*,*,#792,.F.);
#285=ORIENTED_EDGE('',*,*,#622,.T.);
#286=ORIENTED_EDGE('',*,*,#793,.T.);
#287=ORIENTED_EDGE('',*,*,#693,.F.);
#288=ORIENTED_EDGE('',*,*,#794,.F.);
#289=ORIENTED_EDGE('',*,*,#642,.T.);
#290=ORIENTED_EDGE('',*,*,#795,.T.);
#291=ORIENTED_EDGE('',*,*,#673,.F.);
#292=ORIENTED_EDGE('',*,*,#796,.F.);
#293=ORIENTED_EDGE('',*,*,#614,.T.);
#294=ORIENTED_EDGE('',*,*,#783,.F.);
#295=ORIENTED_EDGE('',*,*,#701,.F.);
#296=ORIENTED_EDGE('',*,*,#586,.T.);
#297=ORIENTED_EDGE('',*,*,#785,.T.);
#298=ORIENTED_EDGE('',*,*,#729,.F.);
#299=ORIENTED_EDGE('',*,*,#787,.F.);
#300=ORIENTED_EDGE('',*,*,#797,.T.);
#301=ORIENTED_EDGE('',*,*,#674,.T.);
#302=ORIENTED_EDGE('',*,*,#795,.F.);
#303=ORIENTED_EDGE('',*,*,#641,.F.);
#304=ORIENTED_EDGE('',*,*,#798,.T.);
#305=ORIENTED_EDGE('',*,*,#675,.T.);
#306=ORIENTED_EDGE('',*,*,#797,.F.);
#307=ORIENTED_EDGE('',*,*,#640,.F.);
#308=ORIENTED_EDGE('',*,*,#639,.T.);
#309=ORIENTED_EDGE('',*,*,#757,.T.);
#310=ORIENTED_EDGE('',*,*,#676,.F.);
#311=ORIENTED_EDGE('',*,*,#798,.F.);
#312=ORIENTED_EDGE('',*,*,#606,.T.);
#313=ORIENTED_EDGE('',*,*,#789,.T.);
#314=ORIENTED_EDGE('',*,*,#709,.F.);
#315=ORIENTED_EDGE('',*,*,#791,.F.);
#316=ORIENTED_EDGE('',*,*,#799,.T.);
#317=ORIENTED_EDGE('',*,*,#694,.T.);
#318=ORIENTED_EDGE('',*,*,#793,.F.);
#319=ORIENTED_EDGE('',*,*,#621,.F.);
#320=ORIENTED_EDGE('',*,*,#800,.T.);
#321=ORIENTED_EDGE('',*,*,#695,.T.);
#322=ORIENTED_EDGE('',*,*,#799,.F.);
#323=ORIENTED_EDGE('',*,*,#620,.F.);
#324=ORIENTED_EDGE('',*,*,#619,.T.);
#325=ORIENTED_EDGE('',*,*,#751,.T.);
#326=ORIENTED_EDGE('',*,*,#696,.F.);
#327=ORIENTED_EDGE('',*,*,#800,.F.);
#328=ORIENTED_EDGE('',*,*,#609,.T.);
#329=ORIENTED_EDGE('',*,*,#801,.T.);
#330=ORIENTED_EDGE('',*,*,#706,.F.);
#331=ORIENTED_EDGE('',*,*,#767,.F.);
#332=ORIENTED_EDGE('',*,*,#790,.T.);
#333=ORIENTED_EDGE('',*,*,#707,.T.);
#334=ORIENTED_EDGE('',*,*,#801,.F.);
#335=ORIENTED_EDGE('',*,*,#608,.F.);
#336=ORIENTED_EDGE('',*,*,#581,.T.);
#337=ORIENTED_EDGE('',*,*,#802,.T.);
#338=ORIENTED_EDGE('',*,*,#734,.F.);
#339=ORIENTED_EDGE('',*,*,#781,.F.);
#340=ORIENTED_EDGE('',*,*,#803,.T.);
#341=ORIENTED_EDGE('',*,*,#735,.T.);
#342=ORIENTED_EDGE('',*,*,#802,.F.);
#343=ORIENTED_EDGE('',*,*,#580,.F.);
#344=ORIENTED_EDGE('',*,*,#779,.T.);
#345=ORIENTED_EDGE('',*,*,#736,.T.);
#346=ORIENTED_EDGE('',*,*,#803,.F.);
#347=ORIENTED_EDGE('',*,*,#579,.F.);
#348=ORIENTED_EDGE('',*,*,#577,.T.);
#349=ORIENTED_EDGE('',*,*,#804,.T.);
#350=ORIENTED_EDGE('',*,*,#738,.F.);
#351=ORIENTED_EDGE('',*,*,#778,.F.);
#352=ORIENTED_EDGE('',*,*,#805,.T.);
#353=ORIENTED_EDGE('',*,*,#739,.T.);
#354=ORIENTED_EDGE('',*,*,#804,.F.);
#355=ORIENTED_EDGE('',*,*,#576,.F.);
#356=ORIENTED_EDGE('',*,*,#777,.T.);
#357=ORIENTED_EDGE('',*,*,#740,.T.);
#358=ORIENTED_EDGE('',*,*,#805,.F.);
#359=ORIENTED_EDGE('',*,*,#575,.F.);
#360=ORIENTED_EDGE('',*,*,#601,.T.);
#361=ORIENTED_EDGE('',*,*,#806,.T.);
#362=ORIENTED_EDGE('',*,*,#714,.F.);
#363=ORIENTED_EDGE('',*,*,#775,.F.);
#364=ORIENTED_EDGE('',*,*,#807,.T.);
#365=ORIENTED_EDGE('',*,*,#715,.T.);
#366=ORIENTED_EDGE('',*,*,#806,.F.);
#367=ORIENTED_EDGE('',*,*,#600,.F.);
#368=ORIENTED_EDGE('',*,*,#771,.T.);
#369=ORIENTED_EDGE('',*,*,#716,.T.);
#370=ORIENTED_EDGE('',*,*,#807,.F.);
#371=ORIENTED_EDGE('',*,*,#599,.F.);
#372=ORIENTED_EDGE('',*,*,#808,.T.);
#373=ORIENTED_EDGE('',*,*,#711,.T.);
#374=ORIENTED_EDGE('',*,*,#788,.F.);
#375=ORIENTED_EDGE('',*,*,#604,.F.);
#376=ORIENTED_EDGE('',*,*,#774,.T.);
#377=ORIENTED_EDGE('',*,*,#712,.T.);
#378=ORIENTED_EDGE('',*,*,#808,.F.);
#379=ORIENTED_EDGE('',*,*,#603,.F.);
#380=ORIENTED_EDGE('',*,*,#589,.T.);
#381=ORIENTED_EDGE('',*,*,#809,.T.);
#382=ORIENTED_EDGE('',*,*,#726,.F.);
#383=ORIENTED_EDGE('',*,*,#773,.F.);
#384=ORIENTED_EDGE('',*,*,#786,.T.);
#385=ORIENTED_EDGE('',*,*,#727,.T.);
#386=ORIENTED_EDGE('',*,*,#809,.F.);
#387=ORIENTED_EDGE('',*,*,#588,.F.);
#388=ORIENTED_EDGE('',*,*,#810,.T.);
#389=ORIENTED_EDGE('',*,*,#731,.T.);
#390=ORIENTED_EDGE('',*,*,#784,.F.);
#391=ORIENTED_EDGE('',*,*,#584,.F.);
#392=ORIENTED_EDGE('',*,*,#780,.T.);
#393=ORIENTED_EDGE('',*,*,#732,.T.);
#394=ORIENTED_EDGE('',*,*,#810,.F.);
#395=ORIENTED_EDGE('',*,*,#583,.F.);
#396=ORIENTED_EDGE('',*,*,#573,.T.);
#397=ORIENTED_EDGE('',*,*,#749,.T.);
#398=ORIENTED_EDGE('',*,*,#742,.F.);
#399=ORIENTED_EDGE('',*,*,#776,.F.);
#400=ORIENTED_EDGE('',*,*,#597,.T.);
#401=ORIENTED_EDGE('',*,*,#811,.T.);
#402=ORIENTED_EDGE('',*,*,#718,.F.);
#403=ORIENTED_EDGE('',*,*,#770,.F.);
#404=ORIENTED_EDGE('',*,*,#812,.T.);
#405=ORIENTED_EDGE('',*,*,#719,.T.);
#406=ORIENTED_EDGE('',*,*,#811,.F.);
#407=ORIENTED_EDGE('',*,*,#596,.F.);
#408=ORIENTED_EDGE('',*,*,#769,.T.);
#409=ORIENTED_EDGE('',*,*,#720,.T.);
#410=ORIENTED_EDGE('',*,*,#812,.F.);
#411=ORIENTED_EDGE('',*,*,#595,.F.);
#412=ORIENTED_EDGE('',*,*,#593,.T.);
#413=ORIENTED_EDGE('',*,*,#813,.T.);
#414=ORIENTED_EDGE('',*,*,#722,.F.);
#415=ORIENTED_EDGE('',*,*,#768,.F.);
#416=ORIENTED_EDGE('',*,*,#814,.T.);
#417=ORIENTED_EDGE('',*,*,#723,.T.);
#418=ORIENTED_EDGE('',*,*,#813,.F.);
#419=ORIENTED_EDGE('',*,*,#592,.F.);
#420=ORIENTED_EDGE('',*,*,#772,.T.);
#421=ORIENTED_EDGE('',*,*,#724,.T.);
#422=ORIENTED_EDGE('',*,*,#814,.F.);
#423=ORIENTED_EDGE('',*,*,#591,.F.);
#424=ORIENTED_EDGE('',*,*,#815,.T.);
#425=ORIENTED_EDGE('',*,*,#703,.T.);
#426=ORIENTED_EDGE('',*,*,#782,.F.);
#427=ORIENTED_EDGE('',*,*,#612,.F.);
#428=ORIENTED_EDGE('',*,*,#766,.T.);
#429=ORIENTED_EDGE('',*,*,#704,.T.);
#430=ORIENTED_EDGE('',*,*,#815,.F.);
#431=ORIENTED_EDGE('',*,*,#611,.F.);
#432=ORIENTED_EDGE('',*,*,#672,.T.);
#433=ORIENTED_EDGE('',*,*,#816,.F.);
#434=ORIENTED_EDGE('',*,*,#643,.F.);
#435=ORIENTED_EDGE('',*,*,#794,.T.);
#436=ORIENTED_EDGE('',*,*,#670,.F.);
#437=ORIENTED_EDGE('',*,*,#765,.F.);
#438=ORIENTED_EDGE('',*,*,#645,.T.);
#439=ORIENTED_EDGE('',*,*,#817,.T.);
#440=ORIENTED_EDGE('',*,*,#671,.T.);
#441=ORIENTED_EDGE('',*,*,#817,.F.);
#442=ORIENTED_EDGE('',*,*,#644,.F.);
#443=ORIENTED_EDGE('',*,*,#816,.T.);
#444=ORIENTED_EDGE('',*,*,#668,.T.);
#445=ORIENTED_EDGE('',*,*,#818,.F.);
#446=ORIENTED_EDGE('',*,*,#647,.F.);
#447=ORIENTED_EDGE('',*,*,#764,.T.);
#448=ORIENTED_EDGE('',*,*,#666,.F.);
#449=ORIENTED_EDGE('',*,*,#763,.F.);
#450=ORIENTED_EDGE('',*,*,#649,.T.);
#451=ORIENTED_EDGE('',*,*,#819,.T.);
#452=ORIENTED_EDGE('',*,*,#667,.T.);
#453=ORIENTED_EDGE('',*,*,#819,.F.);
#454=ORIENTED_EDGE('',*,*,#648,.F.);
#455=ORIENTED_EDGE('',*,*,#818,.T.);
#456=ORIENTED_EDGE('',*,*,#664,.T.);
#457=ORIENTED_EDGE('',*,*,#820,.F.);
#458=ORIENTED_EDGE('',*,*,#651,.F.);
#459=ORIENTED_EDGE('',*,*,#762,.T.);
#460=ORIENTED_EDGE('',*,*,#662,.F.);
#461=ORIENTED_EDGE('',*,*,#761,.F.);
#462=ORIENTED_EDGE('',*,*,#653,.T.);
#463=ORIENTED_EDGE('',*,*,#821,.T.);
#464=ORIENTED_EDGE('',*,*,#663,.T.);
#465=ORIENTED_EDGE('',*,*,#821,.F.);
#466=ORIENTED_EDGE('',*,*,#652,.F.);
#467=ORIENTED_EDGE('',*,*,#820,.T.);
#468=ORIENTED_EDGE('',*,*,#692,.T.);
#469=ORIENTED_EDGE('',*,*,#822,.F.);
#470=ORIENTED_EDGE('',*,*,#623,.F.);
#471=ORIENTED_EDGE('',*,*,#792,.T.);
#472=ORIENTED_EDGE('',*,*,#690,.F.);
#473=ORIENTED_EDGE('',*,*,#759,.F.);
#474=ORIENTED_EDGE('',*,*,#625,.T.);
#475=ORIENTED_EDGE('',*,*,#823,.T.);
#476=ORIENTED_EDGE('',*,*,#691,.T.);
#477=ORIENTED_EDGE('',*,*,#823,.F.);
#478=ORIENTED_EDGE('',*,*,#624,.F.);
#479=ORIENTED_EDGE('',*,*,#822,.T.);
#480=ORIENTED_EDGE('',*,*,#680,.T.);
#481=ORIENTED_EDGE('',*,*,#824,.F.);
#482=ORIENTED_EDGE('',*,*,#635,.F.);
#483=ORIENTED_EDGE('',*,*,#755,.T.);
#484=ORIENTED_EDGE('',*,*,#678,.F.);
#485=ORIENTED_EDGE('',*,*,#756,.F.);
#486=ORIENTED_EDGE('',*,*,#637,.T.);
#487=ORIENTED_EDGE('',*,*,#825,.T.);
#488=ORIENTED_EDGE('',*,*,#679,.T.);
#489=ORIENTED_EDGE('',*,*,#825,.F.);
#490=ORIENTED_EDGE('',*,*,#636,.F.);
#491=ORIENTED_EDGE('',*,*,#824,.T.);
#492=ORIENTED_EDGE('',*,*,#684,.T.);
#493=ORIENTED_EDGE('',*,*,#826,.F.);
#494=ORIENTED_EDGE('',*,*,#631,.F.);
#495=ORIENTED_EDGE('',*,*,#753,.T.);
#496=ORIENTED_EDGE('',*,*,#682,.F.);
#497=ORIENTED_EDGE('',*,*,#754,.F.);
#498=ORIENTED_EDGE('',*,*,#633,.T.);
#499=ORIENTED_EDGE('',*,*,#827,.T.);
#500=ORIENTED_EDGE('',*,*,#683,.T.);
#501=ORIENTED_EDGE('',*,*,#827,.F.);
#502=ORIENTED_EDGE('',*,*,#632,.F.);
#503=ORIENTED_EDGE('',*,*,#826,.T.);
#504=ORIENTED_EDGE('',*,*,#688,.T.);
#505=ORIENTED_EDGE('',*,*,#828,.F.);
#506=ORIENTED_EDGE('',*,*,#627,.F.);
#507=ORIENTED_EDGE('',*,*,#758,.T.);
#508=ORIENTED_EDGE('',*,*,#686,.F.);
#509=ORIENTED_EDGE('',*,*,#752,.F.);
#510=ORIENTED_EDGE('',*,*,#629,.T.);
#511=ORIENTED_EDGE('',*,*,#829,.T.);
#512=ORIENTED_EDGE('',*,*,#687,.T.);
#513=ORIENTED_EDGE('',*,*,#829,.F.);
#514=ORIENTED_EDGE('',*,*,#628,.F.);
#515=ORIENTED_EDGE('',*,*,#828,.T.);
#516=ORIENTED_EDGE('',*,*,#700,.T.);
#517=ORIENTED_EDGE('',*,*,#830,.F.);
#518=ORIENTED_EDGE('',*,*,#615,.F.);
#519=ORIENTED_EDGE('',*,*,#796,.T.);
#520=ORIENTED_EDGE('',*,*,#698,.F.);
#521=ORIENTED_EDGE('',*,*,#750,.F.);
#522=ORIENTED_EDGE('',*,*,#617,.T.);
#523=ORIENTED_EDGE('',*,*,#831,.T.);
#524=ORIENTED_EDGE('',*,*,#699,.T.);
#525=ORIENTED_EDGE('',*,*,#831,.F.);
#526=ORIENTED_EDGE('',*,*,#616,.F.);
#527=ORIENTED_EDGE('',*,*,#830,.T.);
#528=ORIENTED_EDGE('',*,*,#745,.T.);
#529=ORIENTED_EDGE('',*,*,#832,.F.);
#530=ORIENTED_EDGE('',*,*,#570,.F.);
#531=ORIENTED_EDGE('',*,*,#833,.T.);
#532=ORIENTED_EDGE('',*,*,#744,.T.);
#533=ORIENTED_EDGE('',*,*,#748,.F.);
#534=ORIENTED_EDGE('',*,*,#571,.F.);
#535=ORIENTED_EDGE('',*,*,#832,.T.);
#536=ORIENTED_EDGE('',*,*,#747,.F.);
#537=ORIENTED_EDGE('',*,*,#834,.F.);
#538=ORIENTED_EDGE('',*,*,#568,.T.);
#539=ORIENTED_EDGE('',*,*,#835,.T.);
#540=ORIENTED_EDGE('',*,*,#660,.T.);
#541=ORIENTED_EDGE('',*,*,#835,.F.);
#542=ORIENTED_EDGE('',*,*,#655,.F.);
#543=ORIENTED_EDGE('',*,*,#760,.T.);
#544=ORIENTED_EDGE('',*,*,#569,.F.);
#545=ORIENTED_EDGE('',*,*,#834,.T.);
#546=ORIENTED_EDGE('',*,*,#746,.T.);
#547=ORIENTED_EDGE('',*,*,#833,.F.);
#548=ORIENTED_EDGE('',*,*,#564,.T.);
#549=ORIENTED_EDGE('',*,*,#836,.T.);
#550=ORIENTED_EDGE('',*,*,#657,.F.);
#551=ORIENTED_EDGE('',*,*,#837,.F.);
#552=ORIENTED_EDGE('',*,*,#838,.T.);
#553=ORIENTED_EDGE('',*,*,#658,.T.);
#554=ORIENTED_EDGE('',*,*,#836,.F.);
#555=ORIENTED_EDGE('',*,*,#567,.F.);
#556=ORIENTED_EDGE('',*,*,#839,.T.);
#557=ORIENTED_EDGE('',*,*,#659,.T.);
#558=ORIENTED_EDGE('',*,*,#838,.F.);
#559=ORIENTED_EDGE('',*,*,#566,.F.);
#560=ORIENTED_EDGE('',*,*,#565,.T.);
#561=ORIENTED_EDGE('',*,*,#837,.T.);
#562=ORIENTED_EDGE('',*,*,#656,.F.);
#563=ORIENTED_EDGE('',*,*,#839,.F.);
#564=EDGE_CURVE('',#840,#841,#1024,.T.);
#565=EDGE_CURVE('',#842,#840,#1025,.T.);
#566=EDGE_CURVE('',#842,#843,#1026,.T.);
#567=EDGE_CURVE('',#843,#841,#1027,.T.);
#568=EDGE_CURVE('',#844,#845,#1028,.T.);
#569=EDGE_CURVE('',#844,#846,#1029,.T.);
#570=EDGE_CURVE('',#846,#847,#1030,.T.);
#571=EDGE_CURVE('',#847,#848,#1031,.T.);
#572=EDGE_CURVE('',#848,#849,#1032,.T.);
#573=EDGE_CURVE('',#850,#849,#1033,.T.);
#574=EDGE_CURVE('',#850,#851,#1034,.T.);
#575=EDGE_CURVE('',#851,#852,#1035,.T.);
#576=EDGE_CURVE('',#852,#853,#1036,.T.);
#577=EDGE_CURVE('',#854,#853,#1037,.T.);
#578=EDGE_CURVE('',#854,#855,#1038,.T.);
#579=EDGE_CURVE('',#855,#856,#1039,.T.);
#580=EDGE_CURVE('',#856,#857,#1040,.T.);
#581=EDGE_CURVE('',#858,#857,#1041,.T.);
#582=EDGE_CURVE('',#858,#859,#1042,.T.);
#583=EDGE_CURVE('',#859,#860,#1043,.T.);
#584=EDGE_CURVE('',#860,#861,#1044,.T.);
#585=EDGE_CURVE('',#861,#862,#1045,.T.);
#586=EDGE_CURVE('',#863,#862,#1046,.T.);
#587=EDGE_CURVE('',#864,#863,#1047,.T.);
#588=EDGE_CURVE('',#864,#865,#1048,.T.);
#589=EDGE_CURVE('',#866,#865,#1049,.T.);
#590=EDGE_CURVE('',#866,#867,#1050,.T.);
#591=EDGE_CURVE('',#867,#868,#1051,.T.);
#592=EDGE_CURVE('',#868,#869,#1052,.T.);
#593=EDGE_CURVE('',#870,#869,#1053,.T.);
#594=EDGE_CURVE('',#870,#871,#1054,.T.);
#595=EDGE_CURVE('',#871,#872,#1055,.T.);
#596=EDGE_CURVE('',#872,#873,#1056,.T.);
#597=EDGE_CURVE('',#874,#873,#1057,.T.);
#598=EDGE_CURVE('',#874,#875,#1058,.T.);
#599=EDGE_CURVE('',#875,#876,#1059,.T.);
#600=EDGE_CURVE('',#876,#877,#1060,.T.);
#601=EDGE_CURVE('',#878,#877,#1061,.T.);
#602=EDGE_CURVE('',#878,#879,#1062,.T.);
#603=EDGE_CURVE('',#879,#880,#1063,.T.);
#604=EDGE_CURVE('',#880,#881,#1064,.T.);
#605=EDGE_CURVE('',#881,#882,#1065,.T.);
#606=EDGE_CURVE('',#883,#882,#1066,.T.);
#607=EDGE_CURVE('',#884,#883,#1067,.T.);
#608=EDGE_CURVE('',#884,#885,#1068,.T.);
#609=EDGE_CURVE('',#886,#885,#1069,.T.);
#610=EDGE_CURVE('',#886,#887,#1070,.T.);
#611=EDGE_CURVE('',#887,#888,#1071,.T.);
#612=EDGE_CURVE('',#888,#889,#1072,.T.);
#613=EDGE_CURVE('',#890,#889,#1073,.T.);
#614=EDGE_CURVE('',#891,#890,#1074,.T.);
#615=EDGE_CURVE('',#891,#892,#1075,.T.);
#616=EDGE_CURVE('',#892,#893,#1076,.T.);
#617=EDGE_CURVE('',#894,#893,#1077,.T.);
#618=EDGE_CURVE('',#895,#894,#1078,.T.);
#619=EDGE_CURVE('',#896,#895,#1079,.T.);
#620=EDGE_CURVE('',#896,#897,#1080,.T.);
#621=EDGE_CURVE('',#897,#898,#1081,.T.);
#622=EDGE_CURVE('',#899,#898,#1082,.T.);
#623=EDGE_CURVE('',#899,#900,#1083,.T.);
#624=EDGE_CURVE('',#900,#901,#1084,.T.);
#625=EDGE_CURVE('',#902,#901,#1085,.T.);
#626=EDGE_CURVE('',#903,#902,#1086,.T.);
#627=EDGE_CURVE('',#903,#904,#1087,.T.);
#628=EDGE_CURVE('',#904,#905,#1088,.T.);
#629=EDGE_CURVE('',#906,#905,#1089,.T.);
#630=EDGE_CURVE('',#907,#906,#1090,.T.);
#631=EDGE_CURVE('',#907,#908,#1091,.T.);
#632=EDGE_CURVE('',#908,#909,#1092,.T.);
#633=EDGE_CURVE('',#910,#909,#1093,.T.);
#634=EDGE_CURVE('',#911,#910,#1094,.T.);
#635=EDGE_CURVE('',#911,#912,#1095,.T.);
#636=EDGE_CURVE('',#912,#913,#1096,.T.);
#637=EDGE_CURVE('',#914,#913,#1097,.T.);
#638=EDGE_CURVE('',#915,#914,#1098,.T.);
#639=EDGE_CURVE('',#916,#915,#1099,.T.);
#640=EDGE_CURVE('',#916,#917,#1100,.T.);
#641=EDGE_CURVE('',#917,#918,#1101,.T.);
#642=EDGE_CURVE('',#919,#918,#1102,.T.);
#643=EDGE_CURVE('',#919,#920,#1103,.T.);
#644=EDGE_CURVE('',#920,#921,#1104,.T.);
#645=EDGE_CURVE('',#922,#921,#1105,.T.);
#646=EDGE_CURVE('',#923,#922,#1106,.T.);
#647=EDGE_CURVE('',#923,#924,#1107,.T.);
#648=EDGE_CURVE('',#924,#925,#1108,.T.);
#649=EDGE_CURVE('',#926,#925,#1109,.T.);
#650=EDGE_CURVE('',#927,#926,#1110,.T.);
#651=EDGE_CURVE('',#927,#928,#1111,.T.);
#652=EDGE_CURVE('',#928,#929,#1112,.T.);
#653=EDGE_CURVE('',#930,#929,#1113,.T.);
#654=EDGE_CURVE('',#931,#930,#1114,.T.);
#655=EDGE_CURVE('',#931,#845,#1115,.T.);
#656=EDGE_CURVE('',#932,#933,#1116,.T.);
#657=EDGE_CURVE('',#933,#934,#1117,.T.);
#658=EDGE_CURVE('',#935,#934,#1118,.T.);
#659=EDGE_CURVE('',#932,#935,#1119,.T.);
#660=EDGE_CURVE('',#936,#937,#1120,.T.);
#661=EDGE_CURVE('',#936,#938,#1121,.T.);
#662=EDGE_CURVE('',#938,#939,#1122,.T.);
#663=EDGE_CURVE('',#940,#939,#1123,.T.);
#664=EDGE_CURVE('',#941,#940,#1124,.T.);
#665=EDGE_CURVE('',#941,#942,#1125,.T.);
#666=EDGE_CURVE('',#942,#943,#1126,.T.);
#667=EDGE_CURVE('',#944,#943,#1127,.T.);
#668=EDGE_CURVE('',#945,#944,#1128,.T.);
#669=EDGE_CURVE('',#945,#946,#1129,.T.);
#670=EDGE_CURVE('',#946,#947,#1130,.T.);
#671=EDGE_CURVE('',#948,#947,#1131,.T.);
#672=EDGE_CURVE('',#949,#948,#1132,.T.);
#673=EDGE_CURVE('',#949,#950,#1133,.T.);
#674=EDGE_CURVE('',#951,#950,#1134,.T.);
#675=EDGE_CURVE('',#952,#951,#1135,.T.);
#676=EDGE_CURVE('',#952,#953,#1136,.T.);
#677=EDGE_CURVE('',#953,#954,#1137,.T.);
#678=EDGE_CURVE('',#954,#955,#1138,.T.);
#679=EDGE_CURVE('',#956,#955,#1139,.T.);
#680=EDGE_CURVE('',#957,#956,#1140,.T.);
#681=EDGE_CURVE('',#957,#958,#1141,.T.);
#682=EDGE_CURVE('',#958,#959,#1142,.T.);
#683=EDGE_CURVE('',#960,#959,#1143,.T.);
#684=EDGE_CURVE('',#961,#960,#1144,.T.);
#685=EDGE_CURVE('',#961,#962,#1145,.T.);
#686=EDGE_CURVE('',#962,#963,#1146,.T.);
#687=EDGE_CURVE('',#964,#963,#1147,.T.);
#688=EDGE_CURVE('',#965,#964,#1148,.T.);
#689=EDGE_CURVE('',#965,#966,#1149,.T.);
#690=EDGE_CURVE('',#966,#967,#1150,.T.);
#691=EDGE_CURVE('',#968,#967,#1151,.T.);
#692=EDGE_CURVE('',#969,#968,#1152,.T.);
#693=EDGE_CURVE('',#969,#970,#1153,.T.);
#694=EDGE_CURVE('',#971,#970,#1154,.T.);
#695=EDGE_CURVE('',#972,#971,#1155,.T.);
#696=EDGE_CURVE('',#972,#973,#1156,.T.);
#697=EDGE_CURVE('',#973,#974,#1157,.T.);
#698=EDGE_CURVE('',#974,#975,#1158,.T.);
#699=EDGE_CURVE('',#976,#975,#1159,.T.);
#700=EDGE_CURVE('',#977,#976,#1160,.T.);
#701=EDGE_CURVE('',#977,#978,#1161,.T.);
#702=EDGE_CURVE('',#978,#979,#1162,.T.);
#703=EDGE_CURVE('',#980,#979,#1163,.T.);
#704=EDGE_CURVE('',#981,#980,#1164,.T.);
#705=EDGE_CURVE('',#982,#981,#1165,.T.);
#706=EDGE_CURVE('',#982,#983,#1166,.T.);
#707=EDGE_CURVE('',#984,#983,#1167,.T.);
#708=EDGE_CURVE('',#984,#985,#1168,.T.);
#709=EDGE_CURVE('',#985,#986,#1169,.T.);
#710=EDGE_CURVE('',#987,#986,#1170,.T.);
#711=EDGE_CURVE('',#988,#987,#1171,.T.);
#712=EDGE_CURVE('',#989,#988,#1172,.T.);
#713=EDGE_CURVE('',#990,#989,#1173,.T.);
#714=EDGE_CURVE('',#990,#991,#1174,.T.);
#715=EDGE_CURVE('',#992,#991,#1175,.T.);
#716=EDGE_CURVE('',#993,#992,#1176,.T.);
#717=EDGE_CURVE('',#994,#993,#1177,.T.);
#718=EDGE_CURVE('',#994,#995,#1178,.T.);
#719=EDGE_CURVE('',#996,#995,#1179,.T.);
#720=EDGE_CURVE('',#997,#996,#1180,.T.);
#721=EDGE_CURVE('',#998,#997,#1181,.T.);
#722=EDGE_CURVE('',#998,#999,#1182,.T.);
#723=EDGE_CURVE('',#1000,#999,#1183,.T.);
#724=EDGE_CURVE('',#1001,#1000,#1184,.T.);
#725=EDGE_CURVE('',#1002,#1001,#1185,.T.);
#726=EDGE_CURVE('',#1002,#1003,#1186,.T.);
#727=EDGE_CURVE('',#1004,#1003,#1187,.T.);
#728=EDGE_CURVE('',#1004,#1005,#1188,.T.);
#729=EDGE_CURVE('',#1005,#1006,#1189,.T.);
#730=EDGE_CURVE('',#1007,#1006,#1190,.T.);
#731=EDGE_CURVE('',#1008,#1007,#1191,.T.);
#732=EDGE_CURVE('',#1009,#1008,#1192,.T.);
#733=EDGE_CURVE('',#1010,#1009,#1193,.T.);
#734=EDGE_CURVE('',#1010,#1011,#1194,.T.);
#735=EDGE_CURVE('',#1012,#1011,#1195,.T.);
#736=EDGE_CURVE('',#1013,#1012,#1196,.T.);
#737=EDGE_CURVE('',#1014,#1013,#1197,.T.);
#738=EDGE_CURVE('',#1014,#1015,#1198,.T.);
#739=EDGE_CURVE('',#1016,#1015,#1199,.T.);
#740=EDGE_CURVE('',#1017,#1016,#1200,.T.);
#741=EDGE_CURVE('',#1018,#1017,#1201,.T.);
#742=EDGE_CURVE('',#1018,#1019,#1202,.T.);
#743=EDGE_CURVE('',#1020,#1019,#1203,.T.);
#744=EDGE_CURVE('',#1021,#1020,#1204,.T.);
#745=EDGE_CURVE('',#1022,#1021,#1205,.T.);
#746=EDGE_CURVE('',#1023,#1022,#1206,.T.);
#747=EDGE_CURVE('',#1023,#937,#1207,.T.);
#748=EDGE_CURVE('',#848,#1020,#1208,.T.);
#749=EDGE_CURVE('',#849,#1019,#1209,.T.);
#750=EDGE_CURVE('',#894,#974,#1210,.T.);
#751=EDGE_CURVE('',#895,#973,#1211,.T.);
#752=EDGE_CURVE('',#906,#962,#1212,.T.);
#753=EDGE_CURVE('',#907,#961,#1213,.T.);
#754=EDGE_CURVE('',#910,#958,#1214,.T.);
#755=EDGE_CURVE('',#911,#957,#1215,.T.);
#756=EDGE_CURVE('',#914,#954,#1216,.T.);
#757=EDGE_CURVE('',#915,#953,#1217,.T.);
#758=EDGE_CURVE('',#903,#965,#1218,.T.);
#759=EDGE_CURVE('',#902,#966,#1219,.T.);
#760=EDGE_CURVE('',#931,#936,#1220,.T.);
#761=EDGE_CURVE('',#930,#938,#1221,.T.);
#762=EDGE_CURVE('',#927,#941,#1222,.T.);
#763=EDGE_CURVE('',#926,#942,#1223,.T.);
#764=EDGE_CURVE('',#923,#945,#1224,.T.);
#765=EDGE_CURVE('',#922,#946,#1225,.T.);
#766=EDGE_CURVE('',#887,#981,#1226,.T.);
#767=EDGE_CURVE('',#886,#982,#1227,.T.);
#768=EDGE_CURVE('',#870,#998,#1228,.T.);
#769=EDGE_CURVE('',#871,#997,#1229,.T.);
#770=EDGE_CURVE('',#874,#994,#1230,.T.);
#771=EDGE_CURVE('',#875,#993,#1231,.T.);
#772=EDGE_CURVE('',#867,#1001,#1232,.T.);
#773=EDGE_CURVE('',#866,#1002,#1233,.T.);
#774=EDGE_CURVE('',#879,#989,#1234,.T.);
#775=EDGE_CURVE('',#878,#990,#1235,.T.);
#776=EDGE_CURVE('',#850,#1018,#1236,.T.);
#777=EDGE_CURVE('',#851,#1017,#1237,.T.);
#778=EDGE_CURVE('',#854,#1014,#1238,.T.);
#779=EDGE_CURVE('',#855,#1013,#1239,.T.);
#780=EDGE_CURVE('',#859,#1009,#1240,.T.);
#781=EDGE_CURVE('',#858,#1010,#1241,.T.);
#782=EDGE_CURVE('',#889,#979,#1242,.T.);
#783=EDGE_CURVE('',#978,#890,#1243,.T.);
#784=EDGE_CURVE('',#861,#1007,#1244,.T.);
#785=EDGE_CURVE('',#862,#1006,#1245,.T.);
#786=EDGE_CURVE('',#864,#1004,#1246,.T.);
#787=EDGE_CURVE('',#863,#1005,#1247,.T.);
#788=EDGE_CURVE('',#881,#987,#1248,.T.);
#789=EDGE_CURVE('',#882,#986,#1249,.T.);
#790=EDGE_CURVE('',#884,#984,#1250,.T.);
#791=EDGE_CURVE('',#883,#985,#1251,.T.);
#792=EDGE_CURVE('',#899,#969,#1252,.T.);
#793=EDGE_CURVE('',#898,#970,#1253,.T.);
#794=EDGE_CURVE('',#919,#949,#1254,.T.);
#795=EDGE_CURVE('',#918,#950,#1255,.T.);
#796=EDGE_CURVE('',#891,#977,#1256,.T.);
#797=EDGE_CURVE('',#917,#951,#1257,.T.);
#798=EDGE_CURVE('',#916,#952,#1258,.T.);
#799=EDGE_CURVE('',#897,#971,#1259,.T.);
#800=EDGE_CURVE('',#896,#972,#1260,.T.);
#801=EDGE_CURVE('',#885,#983,#1261,.T.);
#802=EDGE_CURVE('',#857,#1011,#1262,.T.);
#803=EDGE_CURVE('',#856,#1012,#1263,.T.);
#804=EDGE_CURVE('',#853,#1015,#1264,.T.);
#805=EDGE_CURVE('',#852,#1016,#1265,.T.);
#806=EDGE_CURVE('',#877,#991,#1266,.T.);
#807=EDGE_CURVE('',#876,#992,#1267,.T.);
#808=EDGE_CURVE('',#880,#988,#1268,.T.);
#809=EDGE_CURVE('',#865,#1003,#1269,.T.);
#810=EDGE_CURVE('',#860,#1008,#1270,.T.);
#811=EDGE_CURVE('',#873,#995,#1271,.T.);
#812=EDGE_CURVE('',#872,#996,#1272,.T.);
#813=EDGE_CURVE('',#869,#999,#1273,.T.);
#814=EDGE_CURVE('',#868,#1000,#1274,.T.);
#815=EDGE_CURVE('',#888,#980,#1275,.T.);
#816=EDGE_CURVE('',#920,#948,#1276,.T.);
#817=EDGE_CURVE('',#921,#947,#1277,.T.);
#818=EDGE_CURVE('',#924,#944,#1278,.T.);
#819=EDGE_CURVE('',#925,#943,#1279,.T.);
#820=EDGE_CURVE('',#928,#940,#1280,.T.);
#821=EDGE_CURVE('',#929,#939,#1281,.T.);
#822=EDGE_CURVE('',#900,#968,#1282,.T.);
#823=EDGE_CURVE('',#901,#967,#1283,.T.);
#824=EDGE_CURVE('',#912,#956,#1284,.T.);
#825=EDGE_CURVE('',#913,#955,#1285,.T.);
#826=EDGE_CURVE('',#908,#960,#1286,.T.);
#827=EDGE_CURVE('',#909,#959,#1287,.T.);
#828=EDGE_CURVE('',#904,#964,#1288,.T.);
#829=EDGE_CURVE('',#905,#963,#1289,.T.);
#830=EDGE_CURVE('',#892,#976,#1290,.T.);
#831=EDGE_CURVE('',#893,#975,#1291,.T.);
#832=EDGE_CURVE('',#847,#1021,#1292,.T.);
#833=EDGE_CURVE('',#846,#1022,#1293,.F.);
#834=EDGE_CURVE('',#844,#1023,#1294,.F.);
#835=EDGE_CURVE('',#845,#937,#1295,.T.);
#836=EDGE_CURVE('',#841,#934,#1296,.T.);
#837=EDGE_CURVE('',#840,#933,#1297,.T.);
#838=EDGE_CURVE('',#843,#935,#1298,.T.);
#839=EDGE_CURVE('',#842,#932,#1299,.T.);
#840=VERTEX_POINT('',#2532);
#841=VERTEX_POINT('',#2533);
#842=VERTEX_POINT('',#2535);
#843=VERTEX_POINT('',#2537);
#844=VERTEX_POINT('',#2540);
#845=VERTEX_POINT('',#2541);
#846=VERTEX_POINT('',#2543);
#847=VERTEX_POINT('',#2545);
#848=VERTEX_POINT('',#2547);
#849=VERTEX_POINT('',#2549);
#850=VERTEX_POINT('',#2551);
#851=VERTEX_POINT('',#2553);
#852=VERTEX_POINT('',#2555);
#853=VERTEX_POINT('',#2557);
#854=VERTEX_POINT('',#2559);
#855=VERTEX_POINT('',#2561);
#856=VERTEX_POINT('',#2563);
#857=VERTEX_POINT('',#2565);
#858=VERTEX_POINT('',#2567);
#859=VERTEX_POINT('',#2569);
#860=VERTEX_POINT('',#2571);
#861=VERTEX_POINT('',#2573);
#862=VERTEX_POINT('',#2575);
#863=VERTEX_POINT('',#2577);
#864=VERTEX_POINT('',#2579);
#865=VERTEX_POINT('',#2581);
#866=VERTEX_POINT('',#2583);
#867=VERTEX_POINT('',#2585);
#868=VERTEX_POINT('',#2587);
#869=VERTEX_POINT('',#2589);
#870=VERTEX_POINT('',#2591);
#871=VERTEX_POINT('',#2593);
#872=VERTEX_POINT('',#2595);
#873=VERTEX_POINT('',#2597);
#874=VERTEX_POINT('',#2599);
#875=VERTEX_POINT('',#2601);
#876=VERTEX_POINT('',#2603);
#877=VERTEX_POINT('',#2605);
#878=VERTEX_POINT('',#2607);
#879=VERTEX_POINT('',#2609);
#880=VERTEX_POINT('',#2611);
#881=VERTEX_POINT('',#2613);
#882=VERTEX_POINT('',#2615);
#883=VERTEX_POINT('',#2617);
#884=VERTEX_POINT('',#2619);
#885=VERTEX_POINT('',#2621);
#886=VERTEX_POINT('',#2623);
#887=VERTEX_POINT('',#2625);
#888=VERTEX_POINT('',#2627);
#889=VERTEX_POINT('',#2629);
#890=VERTEX_POINT('',#2631);
#891=VERTEX_POINT('',#2633);
#892=VERTEX_POINT('',#2635);
#893=VERTEX_POINT('',#2637);
#894=VERTEX_POINT('',#2639);
#895=VERTEX_POINT('',#2641);
#896=VERTEX_POINT('',#2643);
#897=VERTEX_POINT('',#2645);
#898=VERTEX_POINT('',#2647);
#899=VERTEX_POINT('',#2649);
#900=VERTEX_POINT('',#2651);
#901=VERTEX_POINT('',#2653);
#902=VERTEX_POINT('',#2655);
#903=VERTEX_POINT('',#2657);
#904=VERTEX_POINT('',#2659);
#905=VERTEX_POINT('',#2661);
#906=VERTEX_POINT('',#2663);
#907=VERTEX_POINT('',#2665);
#908=VERTEX_POINT('',#2667);
#909=VERTEX_POINT('',#2669);
#910=VERTEX_POINT('',#2671);
#911=VERTEX_POINT('',#2673);
#912=VERTEX_POINT('',#2675);
#913=VERTEX_POINT('',#2677);
#914=VERTEX_POINT('',#2679);
#915=VERTEX_POINT('',#2681);
#916=VERTEX_POINT('',#2683);
#917=VERTEX_POINT('',#2685);
#918=VERTEX_POINT('',#2687);
#919=VERTEX_POINT('',#2689);
#920=VERTEX_POINT('',#2691);
#921=VERTEX_POINT('',#2693);
#922=VERTEX_POINT('',#2695);
#923=VERTEX_POINT('',#2697);
#924=VERTEX_POINT('',#2699);
#925=VERTEX_POINT('',#2701);
#926=VERTEX_POINT('',#2703);
#927=VERTEX_POINT('',#2705);
#928=VERTEX_POINT('',#2707);
#929=VERTEX_POINT('',#2709);
#930=VERTEX_POINT('',#2711);
#931=VERTEX_POINT('',#2713);
#932=VERTEX_POINT('',#2717);
#933=VERTEX_POINT('',#2718);
#934=VERTEX_POINT('',#2720);
#935=VERTEX_POINT('',#2722);
#936=VERTEX_POINT('',#2725);
#937=VERTEX_POINT('',#2726);
#938=VERTEX_POINT('',#2728);
#939=VERTEX_POINT('',#2730);
#940=VERTEX_POINT('',#2732);
#941=VERTEX_POINT('',#2734);
#942=VERTEX_POINT('',#2736);
#943=VERTEX_POINT('',#2738);
#944=VERTEX_POINT('',#2740);
#945=VERTEX_POINT('',#2742);
#946=VERTEX_POINT('',#2744);
#947=VERTEX_POINT('',#2746);
#948=VERTEX_POINT('',#2748);
#949=VERTEX_POINT('',#2750);
#950=VERTEX_POINT('',#2752);
#951=VERTEX_POINT('',#2754);
#952=VERTEX_POINT('',#2756);
#953=VERTEX_POINT('',#2758);
#954=VERTEX_POINT('',#2760);
#955=VERTEX_POINT('',#2762);
#956=VERTEX_POINT('',#2764);
#957=VERTEX_POINT('',#2766);
#958=VERTEX_POINT('',#2768);
#959=VERTEX_POINT('',#2770);
#960=VERTEX_POINT('',#2772);
#961=VERTEX_POINT('',#2774);
#962=VERTEX_POINT('',#2776);
#963=VERTEX_POINT('',#2778);
#964=VERTEX_POINT('',#2780);
#965=VERTEX_POINT('',#2782);
#966=VERTEX_POINT('',#2784);
#967=VERTEX_POINT('',#2786);
#968=VERTEX_POINT('',#2788);
#969=VERTEX_POINT('',#2790);
#970=VERTEX_POINT('',#2792);
#971=VERTEX_POINT('',#2794);
#972=VERTEX_POINT('',#2796);
#973=VERTEX_POINT('',#2798);
#974=VERTEX_POINT('',#2800);
#975=VERTEX_POINT('',#2802);
#976=VERTEX_POINT('',#2804);
#977=VERTEX_POINT('',#2806);
#978=VERTEX_POINT('',#2808);
#979=VERTEX_POINT('',#2810);
#980=VERTEX_POINT('',#2812);
#981=VERTEX_POINT('',#2814);
#982=VERTEX_POINT('',#2816);
#983=VERTEX_POINT('',#2818);
#984=VERTEX_POINT('',#2820);
#985=VERTEX_POINT('',#2822);
#986=VERTEX_POINT('',#2824);
#987=VERTEX_POINT('',#2826);
#988=VERTEX_POINT('',#2828);
#989=VERTEX_POINT('',#2830);
#990=VERTEX_POINT('',#2832);
#991=VERTEX_POINT('',#2834);
#992=VERTEX_POINT('',#2836);
#993=VERTEX_POINT('',#2838);
#994=VERTEX_POINT('',#2840);
#995=VERTEX_POINT('',#2842);
#996=VERTEX_POINT('',#2844);
#997=VERTEX_POINT('',#2846);
#998=VERTEX_POINT('',#2848);
#999=VERTEX_POINT('',#2850);
#1000=VERTEX_POINT('',#2852);
#1001=VERTEX_POINT('',#2854);
#1002=VERTEX_POINT('',#2856);
#1003=VERTEX_POINT('',#2858);
#1004=VERTEX_POINT('',#2860);
#1005=VERTEX_POINT('',#2862);
#1006=VERTEX_POINT('',#2864);
#1007=VERTEX_POINT('',#2866);
#1008=VERTEX_POINT('',#2868);
#1009=VERTEX_POINT('',#2870);
#1010=VERTEX_POINT('',#2872);
#1011=VERTEX_POINT('',#2874);
#1012=VERTEX_POINT('',#2876);
#1013=VERTEX_POINT('',#2878);
#1014=VERTEX_POINT('',#2880);
#1015=VERTEX_POINT('',#2882);
#1016=VERTEX_POINT('',#2884);
#1017=VERTEX_POINT('',#2886);
#1018=VERTEX_POINT('',#2888);
#1019=VERTEX_POINT('',#2890);
#1020=VERTEX_POINT('',#2892);
#1021=VERTEX_POINT('',#2894);
#1022=VERTEX_POINT('',#2896);
#1023=VERTEX_POINT('',#2898);
#1024=LINE('',#2531,#1300);
#1025=LINE('',#2534,#1301);
#1026=LINE('',#2536,#1302);
#1027=LINE('',#2538,#1303);
#1028=LINE('',#2539,#1304);
#1029=LINE('',#2542,#1305);
#1030=LINE('',#2544,#1306);
#1031=LINE('',#2546,#1307);
#1032=LINE('',#2548,#1308);
#1033=LINE('',#2550,#1309);
#1034=LINE('',#2552,#1310);
#1035=LINE('',#2554,#1311);
#1036=LINE('',#2556,#1312);
#1037=LINE('',#2558,#1313);
#1038=LINE('',#2560,#1314);
#1039=LINE('',#2562,#1315);
#1040=LINE('',#2564,#1316);
#1041=LINE('',#2566,#1317);
#1042=LINE('',#2568,#1318);
#1043=LINE('',#2570,#1319);
#1044=LINE('',#2572,#1320);
#1045=LINE('',#2574,#1321);
#1046=LINE('',#2576,#1322);
#1047=LINE('',#2578,#1323);
#1048=LINE('',#2580,#1324);
#1049=LINE('',#2582,#1325);
#1050=LINE('',#2584,#1326);
#1051=LINE('',#2586,#1327);
#1052=LINE('',#2588,#1328);
#1053=LINE('',#2590,#1329);
#1054=LINE('',#2592,#1330);
#1055=LINE('',#2594,#1331);
#1056=LINE('',#2596,#1332);
#1057=LINE('',#2598,#1333);
#1058=LINE('',#2600,#1334);
#1059=LINE('',#2602,#1335);
#1060=LINE('',#2604,#1336);
#1061=LINE('',#2606,#1337);
#1062=LINE('',#2608,#1338);
#1063=LINE('',#2610,#1339);
#1064=LINE('',#2612,#1340);
#1065=LINE('',#2614,#1341);
#1066=LINE('',#2616,#1342);
#1067=LINE('',#2618,#1343);
#1068=LINE('',#2620,#1344);
#1069=LINE('',#2622,#1345);
#1070=LINE('',#2624,#1346);
#1071=LINE('',#2626,#1347);
#1072=LINE('',#2628,#1348);
#1073=LINE('',#2630,#1349);
#1074=LINE('',#2632,#1350);
#1075=LINE('',#2634,#1351);
#1076=LINE('',#2636,#1352);
#1077=LINE('',#2638,#1353);
#1078=LINE('',#2640,#1354);
#1079=LINE('',#2642,#1355);
#1080=LINE('',#2644,#1356);
#1081=LINE('',#2646,#1357);
#1082=LINE('',#2648,#1358);
#1083=LINE('',#2650,#1359);
#1084=LINE('',#2652,#1360);
#1085=LINE('',#2654,#1361);
#1086=LINE('',#2656,#1362);
#1087=LINE('',#2658,#1363);
#1088=LINE('',#2660,#1364);
#1089=LINE('',#2662,#1365);
#1090=LINE('',#2664,#1366);
#1091=LINE('',#2666,#1367);
#1092=LINE('',#2668,#1368);
#1093=LINE('',#2670,#1369);
#1094=LINE('',#2672,#1370);
#1095=LINE('',#2674,#1371);
#1096=LINE('',#2676,#1372);
#1097=LINE('',#2678,#1373);
#1098=LINE('',#2680,#1374);
#1099=LINE('',#2682,#1375);
#1100=LINE('',#2684,#1376);
#1101=LINE('',#2686,#1377);
#1102=LINE('',#2688,#1378);
#1103=LINE('',#2690,#1379);
#1104=LINE('',#2692,#1380);
#1105=LINE('',#2694,#1381);
#1106=LINE('',#2696,#1382);
#1107=LINE('',#2698,#1383);
#1108=LINE('',#2700,#1384);
#1109=LINE('',#2702,#1385);
#1110=LINE('',#2704,#1386);
#1111=LINE('',#2706,#1387);
#1112=LINE('',#2708,#1388);
#1113=LINE('',#2710,#1389);
#1114=LINE('',#2712,#1390);
#1115=LINE('',#2714,#1391);
#1116=LINE('',#2716,#1392);
#1117=LINE('',#2719,#1393);
#1118=LINE('',#2721,#1394);
#1119=LINE('',#2723,#1395);
#1120=LINE('',#2724,#1396);
#1121=LINE('',#2727,#1397);
#1122=LINE('',#2729,#1398);
#1123=LINE('',#2731,#1399);
#1124=LINE('',#2733,#1400);
#1125=LINE('',#2735,#1401);
#1126=LINE('',#2737,#1402);
#1127=LINE('',#2739,#1403);
#1128=LINE('',#2741,#1404);
#1129=LINE('',#2743,#1405);
#1130=LINE('',#2745,#1406);
#1131=LINE('',#2747,#1407);
#1132=LINE('',#2749,#1408);
#1133=LINE('',#2751,#1409);
#1134=LINE('',#2753,#1410);
#1135=LINE('',#2755,#1411);
#1136=LINE('',#2757,#1412);
#1137=LINE('',#2759,#1413);
#1138=LINE('',#2761,#1414);
#1139=LINE('',#2763,#1415);
#1140=LINE('',#2765,#1416);
#1141=LINE('',#2767,#1417);
#1142=LINE('',#2769,#1418);
#1143=LINE('',#2771,#1419);
#1144=LINE('',#2773,#1420);
#1145=LINE('',#2775,#1421);
#1146=LINE('',#2777,#1422);
#1147=LINE('',#2779,#1423);
#1148=LINE('',#2781,#1424);
#1149=LINE('',#2783,#1425);
#1150=LINE('',#2785,#1426);
#1151=LINE('',#2787,#1427);
#1152=LINE('',#2789,#1428);
#1153=LINE('',#2791,#1429);
#1154=LINE('',#2793,#1430);
#1155=LINE('',#2795,#1431);
#1156=LINE('',#2797,#1432);
#1157=LINE('',#2799,#1433);
#1158=LINE('',#2801,#1434);
#1159=LINE('',#2803,#1435);
#1160=LINE('',#2805,#1436);
#1161=LINE('',#2807,#1437);
#1162=LINE('',#2809,#1438);
#1163=LINE('',#2811,#1439);
#1164=LINE('',#2813,#1440);
#1165=LINE('',#2815,#1441);
#1166=LINE('',#2817,#1442);
#1167=LINE('',#2819,#1443);
#1168=LINE('',#2821,#1444);
#1169=LINE('',#2823,#1445);
#1170=LINE('',#2825,#1446);
#1171=LINE('',#2827,#1447);
#1172=LINE('',#2829,#1448);
#1173=LINE('',#2831,#1449);
#1174=LINE('',#2833,#1450);
#1175=LINE('',#2835,#1451);
#1176=LINE('',#2837,#1452);
#1177=LINE('',#2839,#1453);
#1178=LINE('',#2841,#1454);
#1179=LINE('',#2843,#1455);
#1180=LINE('',#2845,#1456);
#1181=LINE('',#2847,#1457);
#1182=LINE('',#2849,#1458);
#1183=LINE('',#2851,#1459);
#1184=LINE('',#2853,#1460);
#1185=LINE('',#2855,#1461);
#1186=LINE('',#2857,#1462);
#1187=LINE('',#2859,#1463);
#1188=LINE('',#2861,#1464);
#1189=LINE('',#2863,#1465);
#1190=LINE('',#2865,#1466);
#1191=LINE('',#2867,#1467);
#1192=LINE('',#2869,#1468);
#1193=LINE('',#2871,#1469);
#1194=LINE('',#2873,#1470);
#1195=LINE('',#2875,#1471);
#1196=LINE('',#2877,#1472);
#1197=LINE('',#2879,#1473);
#1198=LINE('',#2881,#1474);
#1199=LINE('',#2883,#1475);
#1200=LINE('',#2885,#1476);
#1201=LINE('',#2887,#1477);
#1202=LINE('',#2889,#1478);
#1203=LINE('',#2891,#1479);
#1204=LINE('',#2893,#1480);
#1205=LINE('',#2895,#1481);
#1206=LINE('',#2897,#1482);
#1207=LINE('',#2899,#1483);
#1208=LINE('',#2901,#1484);
#1209=LINE('',#2902,#1485);
#1210=LINE('',#2904,#1486);
#1211=LINE('',#2905,#1487);
#1212=LINE('',#2907,#1488);
#1213=LINE('',#2908,#1489);
#1214=LINE('',#2910,#1490);
#1215=LINE('',#2911,#1491);
#1216=LINE('',#2913,#1492);
#1217=LINE('',#2914,#1493);
#1218=LINE('',#2916,#1494);
#1219=LINE('',#2917,#1495);
#1220=LINE('',#2919,#1496);
#1221=LINE('',#2920,#1497);
#1222=LINE('',#2922,#1498);
#1223=LINE('',#2923,#1499);
#1224=LINE('',#2925,#1500);
#1225=LINE('',#2926,#1501);
#1226=LINE('',#2928,#1502);
#1227=LINE('',#2929,#1503);
#1228=LINE('',#2931,#1504);
#1229=LINE('',#2932,#1505);
#1230=LINE('',#2934,#1506);
#1231=LINE('',#2935,#1507);
#1232=LINE('',#2937,#1508);
#1233=LINE('',#2938,#1509);
#1234=LINE('',#2940,#1510);
#1235=LINE('',#2941,#1511);
#1236=LINE('',#2943,#1512);
#1237=LINE('',#2944,#1513);
#1238=LINE('',#2946,#1514);
#1239=LINE('',#2947,#1515);
#1240=LINE('',#2949,#1516);
#1241=LINE('',#2950,#1517);
#1242=LINE('',#2952,#1518);
#1243=LINE('',#2953,#1519);
#1244=LINE('',#2955,#1520);
#1245=LINE('',#2956,#1521);
#1246=LINE('',#2958,#1522);
#1247=LINE('',#2959,#1523);
#1248=LINE('',#2961,#1524);
#1249=LINE('',#2962,#1525);
#1250=LINE('',#2964,#1526);
#1251=LINE('',#2965,#1527);
#1252=LINE('',#2967,#1528);
#1253=LINE('',#2968,#1529);
#1254=LINE('',#2970,#1530);
#1255=LINE('',#2971,#1531);
#1256=LINE('',#2973,#1532);
#1257=LINE('',#2976,#1533);
#1258=LINE('',#2978,#1534);
#1259=LINE('',#2982,#1535);
#1260=LINE('',#2984,#1536);
#1261=LINE('',#2987,#1537);
#1262=LINE('',#2990,#1538);
#1263=LINE('',#2992,#1539);
#1264=LINE('',#2995,#1540);
#1265=LINE('',#2997,#1541);
#1266=LINE('',#3000,#1542);
#1267=LINE('',#3002,#1543);
#1268=LINE('',#3005,#1544);
#1269=LINE('',#3008,#1545);
#1270=LINE('',#3011,#1546);
#1271=LINE('',#3015,#1547);
#1272=LINE('',#3017,#1548);
#1273=LINE('',#3020,#1549);
#1274=LINE('',#3022,#1550);
#1275=LINE('',#3025,#1551);
#1276=LINE('',#3028,#1552);
#1277=LINE('',#3030,#1553);
#1278=LINE('',#3033,#1554);
#1279=LINE('',#3035,#1555);
#1280=LINE('',#3038,#1556);
#1281=LINE('',#3040,#1557);
#1282=LINE('',#3043,#1558);
#1283=LINE('',#3045,#1559);
#1284=LINE('',#3048,#1560);
#1285=LINE('',#3050,#1561);
#1286=LINE('',#3053,#1562);
#1287=LINE('',#3055,#1563);
#1288=LINE('',#3058,#1564);
#1289=LINE('',#3060,#1565);
#1290=LINE('',#3063,#1566);
#1291=LINE('',#3065,#1567);
#1292=LINE('',#3068,#1568);
#1293=LINE('',#3069,#1569);
#1294=LINE('',#3072,#1570);
#1295=LINE('',#3073,#1571);
#1296=LINE('',#3077,#1572);
#1297=LINE('',#3078,#1573);
#1298=LINE('',#3080,#1574);
#1299=LINE('',#3082,#1575);
#1300=VECTOR('',#2067,1.);
#1301=VECTOR('',#2068,1.);
#1302=VECTOR('',#2069,1.);
#1303=VECTOR('',#2070,1.);
#1304=VECTOR('',#2071,1.);
#1305=VECTOR('',#2072,1.);
#1306=VECTOR('',#2073,1.);
#1307=VECTOR('',#2074,1.);
#1308=VECTOR('',#2075,1.);
#1309=VECTOR('',#2076,1.);
#1310=VECTOR('',#2077,1.);
#1311=VECTOR('',#2078,1.);
#1312=VECTOR('',#2079,1.);
#1313=VECTOR('',#2080,1.);
#1314=VECTOR('',#2081,1.);
#1315=VECTOR('',#2082,1.);
#1316=VECTOR('',#2083,1.);
#1317=VECTOR('',#2084,1.);
#1318=VECTOR('',#2085,1.);
#1319=VECTOR('',#2086,1.);
#1320=VECTOR('',#2087,1.);
#1321=VECTOR('',#2088,1.);
#1322=VECTOR('',#2089,1.);
#1323=VECTOR('',#2090,1.);
#1324=VECTOR('',#2091,1.);
#1325=VECTOR('',#2092,1.);
#1326=VECTOR('',#2093,1.);
#1327=VECTOR('',#2094,1.);
#1328=VECTOR('',#2095,1.);
#1329=VECTOR('',#2096,1.);
#1330=VECTOR('',#2097,1.);
#1331=VECTOR('',#2098,1.);
#1332=VECTOR('',#2099,1.);
#1333=VECTOR('',#2100,1.);
#1334=VECTOR('',#2101,1.);
#1335=VECTOR('',#2102,1.);
#1336=VECTOR('',#2103,1.);
#1337=VECTOR('',#2104,1.);
#1338=VECTOR('',#2105,1.);
#1339=VECTOR('',#2106,1.);
#1340=VECTOR('',#2107,1.);
#1341=VECTOR('',#2108,1.);
#1342=VECTOR('',#2109,1.);
#1343=VECTOR('',#2110,1.);
#1344=VECTOR('',#2111,1.);
#1345=VECTOR('',#2112,1.);
#1346=VECTOR('',#2113,1.);
#1347=VECTOR('',#2114,1.);
#1348=VECTOR('',#2115,1.);
#1349=VECTOR('',#2116,1.);
#1350=VECTOR('',#2117,1.);
#1351=VECTOR('',#2118,1.);
#1352=VECTOR('',#2119,1.);
#1353=VECTOR('',#2120,1.);
#1354=VECTOR('',#2121,1.);
#1355=VECTOR('',#2122,1.);
#1356=VECTOR('',#2123,1.);
#1357=VECTOR('',#2124,1.);
#1358=VECTOR('',#2125,1.);
#1359=VECTOR('',#2126,1.);
#1360=VECTOR('',#2127,1.);
#1361=VECTOR('',#2128,1.);
#1362=VECTOR('',#2129,1.);
#1363=VECTOR('',#2130,1.);
#1364=VECTOR('',#2131,1.);
#1365=VECTOR('',#2132,1.);
#1366=VECTOR('',#2133,1.);
#1367=VECTOR('',#2134,1.);
#1368=VECTOR('',#2135,1.);
#1369=VECTOR('',#2136,1.);
#1370=VECTOR('',#2137,1.);
#1371=VECTOR('',#2138,1.);
#1372=VECTOR('',#2139,1.);
#1373=VECTOR('',#2140,1.);
#1374=VECTOR('',#2141,1.);
#1375=VECTOR('',#2142,1.);
#1376=VECTOR('',#2143,1.);
#1377=VECTOR('',#2144,1.);
#1378=VECTOR('',#2145,1.);
#1379=VECTOR('',#2146,1.);
#1380=VECTOR('',#2147,1.);
#1381=VECTOR('',#2148,1.);
#1382=VECTOR('',#2149,1.);
#1383=VECTOR('',#2150,1.);
#1384=VECTOR('',#2151,1.);
#1385=VECTOR('',#2152,1.);
#1386=VECTOR('',#2153,1.);
#1387=VECTOR('',#2154,1.);
#1388=VECTOR('',#2155,1.);
#1389=VECTOR('',#2156,1.);
#1390=VECTOR('',#2157,1.);
#1391=VECTOR('',#2158,1.);
#1392=VECTOR('',#2161,1.);
#1393=VECTOR('',#2162,1.);
#1394=VECTOR('',#2163,1.);
#1395=VECTOR('',#2164,1.);
#1396=VECTOR('',#2165,1.);
#1397=VECTOR('',#2166,1.);
#1398=VECTOR('',#2167,1.);
#1399=VECTOR('',#2168,1.);
#1400=VECTOR('',#2169,1.);
#1401=VECTOR('',#2170,1.);
#1402=VECTOR('',#2171,1.);
#1403=VECTOR('',#2172,1.);
#1404=VECTOR('',#2173,1.);
#1405=VECTOR('',#2174,1.);
#1406=VECTOR('',#2175,1.);
#1407=VECTOR('',#2176,1.);
#1408=VECTOR('',#2177,1.);
#1409=VECTOR('',#2178,1.);
#1410=VECTOR('',#2179,1.);
#1411=VECTOR('',#2180,1.);
#1412=VECTOR('',#2181,1.);
#1413=VECTOR('',#2182,1.);
#1414=VECTOR('',#2183,1.);
#1415=VECTOR('',#2184,1.);
#1416=VECTOR('',#2185,1.);
#1417=VECTOR('',#2186,1.);
#1418=VECTOR('',#2187,1.);
#1419=VECTOR('',#2188,1.);
#1420=VECTOR('',#2189,1.);
#1421=VECTOR('',#2190,1.);
#1422=VECTOR('',#2191,1.);
#1423=VECTOR('',#2192,1.);
#1424=VECTOR('',#2193,1.);
#1425=VECTOR('',#2194,1.);
#1426=VECTOR('',#2195,1.);
#1427=VECTOR('',#2196,1.);
#1428=VECTOR('',#2197,1.);
#1429=VECTOR('',#2198,1.);
#1430=VECTOR('',#2199,1.);
#1431=VECTOR('',#2200,1.);
#1432=VECTOR('',#2201,1.);
#1433=VECTOR('',#2202,1.);
#1434=VECTOR('',#2203,1.);
#1435=VECTOR('',#2204,1.);
#1436=VECTOR('',#2205,1.);
#1437=VECTOR('',#2206,1.);
#1438=VECTOR('',#2207,1.);
#1439=VECTOR('',#2208,1.);
#1440=VECTOR('',#2209,1.);
#1441=VECTOR('',#2210,1.);
#1442=VECTOR('',#2211,1.);
#1443=VECTOR('',#2212,1.);
#1444=VECTOR('',#2213,1.);
#1445=VECTOR('',#2214,1.);
#1446=VECTOR('',#2215,1.);
#1447=VECTOR('',#2216,1.);
#1448=VECTOR('',#2217,1.);
#1449=VECTOR('',#2218,1.);
#1450=VECTOR('',#2219,1.);
#1451=VECTOR('',#2220,1.);
#1452=VECTOR('',#2221,1.);
#1453=VECTOR('',#2222,1.);
#1454=VECTOR('',#2223,1.);
#1455=VECTOR('',#2224,1.);
#1456=VECTOR('',#2225,1.);
#1457=VECTOR('',#2226,1.);
#1458=VECTOR('',#2227,1.);
#1459=VECTOR('',#2228,1.);
#1460=VECTOR('',#2229,1.);
#1461=VECTOR('',#2230,1.);
#1462=VECTOR('',#2231,1.);
#1463=VECTOR('',#2232,1.);
#1464=VECTOR('',#2233,1.);
#1465=VECTOR('',#2234,1.);
#1466=VECTOR('',#2235,1.);
#1467=VECTOR('',#2236,1.);
#1468=VECTOR('',#2237,1.);
#1469=VECTOR('',#2238,1.);
#1470=VECTOR('',#2239,1.);
#1471=VECTOR('',#2240,1.);
#1472=VECTOR('',#2241,1.);
#1473=VECTOR('',#2242,1.);
#1474=VECTOR('',#2243,1.);
#1475=VECTOR('',#2244,1.);
#1476=VECTOR('',#2245,1.);
#1477=VECTOR('',#2246,1.);
#1478=VECTOR('',#2247,1.);
#1479=VECTOR('',#2248,1.);
#1480=VECTOR('',#2249,1.);
#1481=VECTOR('',#2250,1.);
#1482=VECTOR('',#2251,1.);
#1483=VECTOR('',#2252,1.);
#1484=VECTOR('',#2255,1.);
#1485=VECTOR('',#2256,1.);
#1486=VECTOR('',#2259,1.);
#1487=VECTOR('',#2260,1.);
#1488=VECTOR('',#2263,1.);
#1489=VECTOR('',#2264,1.);
#1490=VECTOR('',#2267,1.);
#1491=VECTOR('',#2268,1.);
#1492=VECTOR('',#2271,1.);
#1493=VECTOR('',#2272,1.);
#1494=VECTOR('',#2275,1.);
#1495=VECTOR('',#2276,1.);
#1496=VECTOR('',#2279,1.);
#1497=VECTOR('',#2280,1.);
#1498=VECTOR('',#2283,1.);
#1499=VECTOR('',#2284,1.);
#1500=VECTOR('',#2287,1.);
#1501=VECTOR('',#2288,1.);
#1502=VECTOR('',#2291,1.);
#1503=VECTOR('',#2292,1.);
#1504=VECTOR('',#2295,1.);
#1505=VECTOR('',#2296,1.);
#1506=VECTOR('',#2299,1.);
#1507=VECTOR('',#2300,1.);
#1508=VECTOR('',#2303,1.);
#1509=VECTOR('',#2304,1.);
#1510=VECTOR('',#2307,1.);
#1511=VECTOR('',#2308,1.);
#1512=VECTOR('',#2311,1.);
#1513=VECTOR('',#2312,1.);
#1514=VECTOR('',#2315,1.);
#1515=VECTOR('',#2316,1.);
#1516=VECTOR('',#2319,1.);
#1517=VECTOR('',#2320,1.);
#1518=VECTOR('',#2323,1.);
#1519=VECTOR('',#2324,1.);
#1520=VECTOR('',#2327,1.);
#1521=VECTOR('',#2328,1.);
#1522=VECTOR('',#2331,1.);
#1523=VECTOR('',#2332,1.);
#1524=VECTOR('',#2335,1.);
#1525=VECTOR('',#2336,1.);
#1526=VECTOR('',#2339,1.);
#1527=VECTOR('',#2340,1.);
#1528=VECTOR('',#2343,1.);
#1529=VECTOR('',#2344,1.);
#1530=VECTOR('',#2347,1.);
#1531=VECTOR('',#2348,1.);
#1532=VECTOR('',#2351,1.);
#1533=VECTOR('',#2356,1.);
#1534=VECTOR('',#2359,1.);
#1535=VECTOR('',#2366,1.);
#1536=VECTOR('',#2369,1.);
#1537=VECTOR('',#2374,1.);
#1538=VECTOR('',#2379,1.);
#1539=VECTOR('',#2382,1.);
#1540=VECTOR('',#2387,1.);
#1541=VECTOR('',#2390,1.);
#1542=VECTOR('',#2395,1.);
#1543=VECTOR('',#2398,1.);
#1544=VECTOR('',#2403,1.);
#1545=VECTOR('',#2408,1.);
#1546=VECTOR('',#2413,1.);
#1547=VECTOR('',#2420,1.);
#1548=VECTOR('',#2423,1.);
#1549=VECTOR('',#2428,1.);
#1550=VECTOR('',#2431,1.);
#1551=VECTOR('',#2436,1.);
#1552=VECTOR('',#2441,1.);
#1553=VECTOR('',#2444,1.);
#1554=VECTOR('',#2449,1.);
#1555=VECTOR('',#2452,1.);
#1556=VECTOR('',#2457,1.);
#1557=VECTOR('',#2460,1.);
#1558=VECTOR('',#2465,1.);
#1559=VECTOR('',#2468,1.);
#1560=VECTOR('',#2473,1.);
#1561=VECTOR('',#2476,1.);
#1562=VECTOR('',#2481,1.);
#1563=VECTOR('',#2484,1.);
#1564=VECTOR('',#2489,1.);
#1565=VECTOR('',#2492,1.);
#1566=VECTOR('',#2497,1.);
#1567=VECTOR('',#2500,1.);
#1568=VECTOR('',#2505,1.);
#1569=VECTOR('',#2506,1.);
#1570=VECTOR('',#2511,1.);
#1571=VECTOR('',#2512,1.);
#1572=VECTOR('',#2519,1.);
#1573=VECTOR('',#2520,1.);
#1574=VECTOR('',#2523,1.);
#1575=VECTOR('',#2526,1.);
#1576=EDGE_LOOP('',(#12,#13,#14,#15));
#1577=EDGE_LOOP('',(#16,#17,#18,#19,#20,#21,#22,#23,#24,#25,#26,#27,#28,
#29,#30,#31,#32,#33,#34,#35,#36,#37,#38,#39,#40,#41,#42,#43,#44,#45,#46,
#47,#48,#49,#50,#51,#52,#53,#54,#55,#56,#57,#58,#59,#60,#61,#62,#63,#64,
#65,#66,#67,#68,#69,#70,#71,#72,#73,#74,#75,#76,#77,#78,#79,#80,#81,#82,
#83,#84,#85,#86,#87,#88,#89,#90,#91,#92,#93,#94,#95,#96,#97,#98,#99,#100,
#101,#102,#103));
#1578=EDGE_LOOP('',(#104,#105,#106,#107));
#1579=EDGE_LOOP('',(#108,#109,#110,#111,#112,#113,#114,#115,#116,#117,#118,
#119,#120,#121,#122,#123,#124,#125,#126,#127,#128,#129,#130,#131,#132,#133,
#134,#135,#136,#137,#138,#139,#140,#141,#142,#143,#144,#145,#146,#147,#148,
#149,#150,#151,#152,#153,#154,#155,#156,#157,#158,#159,#160,#161,#162,#163,
#164,#165,#166,#167,#168,#169,#170,#171,#172,#173,#174,#175,#176,#177,#178,
#179,#180,#181,#182,#183,#184,#185,#186,#187,#188,#189,#190,#191,#192,#193,
#194,#195));
#1580=EDGE_LOOP('',(#196,#197,#198,#199));
#1581=EDGE_LOOP('',(#200,#201,#202,#203));
#1582=EDGE_LOOP('',(#204,#205,#206,#207));
#1583=EDGE_LOOP('',(#208,#209,#210,#211));
#1584=EDGE_LOOP('',(#212,#213,#214,#215));
#1585=EDGE_LOOP('',(#216,#217,#218,#219));
#1586=EDGE_LOOP('',(#220,#221,#222,#223));
#1587=EDGE_LOOP('',(#224,#225,#226,#227));
#1588=EDGE_LOOP('',(#228,#229,#230,#231));
#1589=EDGE_LOOP('',(#232,#233,#234,#235));
#1590=EDGE_LOOP('',(#236,#237,#238,#239));
#1591=EDGE_LOOP('',(#240,#241,#242,#243));
#1592=EDGE_LOOP('',(#244,#245,#246,#247));
#1593=EDGE_LOOP('',(#248,#249,#250,#251));
#1594=EDGE_LOOP('',(#252,#253,#254,#255));
#1595=EDGE_LOOP('',(#256,#257,#258,#259));
#1596=EDGE_LOOP('',(#260,#261,#262,#263));
#1597=EDGE_LOOP('',(#264,#265,#266,#267));
#1598=EDGE_LOOP('',(#268,#269,#270,#271));
#1599=EDGE_LOOP('',(#272,#273,#274,#275));
#1600=EDGE_LOOP('',(#276,#277,#278,#279));
#1601=EDGE_LOOP('',(#280,#281,#282,#283));
#1602=EDGE_LOOP('',(#284,#285,#286,#287));
#1603=EDGE_LOOP('',(#288,#289,#290,#291));
#1604=EDGE_LOOP('',(#292,#293,#294,#295));
#1605=EDGE_LOOP('',(#296,#297,#298,#299));
#1606=EDGE_LOOP('',(#300,#301,#302,#303));
#1607=EDGE_LOOP('',(#304,#305,#306,#307));
#1608=EDGE_LOOP('',(#308,#309,#310,#311));
#1609=EDGE_LOOP('',(#312,#313,#314,#315));
#1610=EDGE_LOOP('',(#316,#317,#318,#319));
#1611=EDGE_LOOP('',(#320,#321,#322,#323));
#1612=EDGE_LOOP('',(#324,#325,#326,#327));
#1613=EDGE_LOOP('',(#328,#329,#330,#331));
#1614=EDGE_LOOP('',(#332,#333,#334,#335));
#1615=EDGE_LOOP('',(#336,#337,#338,#339));
#1616=EDGE_LOOP('',(#340,#341,#342,#343));
#1617=EDGE_LOOP('',(#344,#345,#346,#347));
#1618=EDGE_LOOP('',(#348,#349,#350,#351));
#1619=EDGE_LOOP('',(#352,#353,#354,#355));
#1620=EDGE_LOOP('',(#356,#357,#358,#359));
#1621=EDGE_LOOP('',(#360,#361,#362,#363));
#1622=EDGE_LOOP('',(#364,#365,#366,#367));
#1623=EDGE_LOOP('',(#368,#369,#370,#371));
#1624=EDGE_LOOP('',(#372,#373,#374,#375));
#1625=EDGE_LOOP('',(#376,#377,#378,#379));
#1626=EDGE_LOOP('',(#380,#381,#382,#383));
#1627=EDGE_LOOP('',(#384,#385,#386,#387));
#1628=EDGE_LOOP('',(#388,#389,#390,#391));
#1629=EDGE_LOOP('',(#392,#393,#394,#395));
#1630=EDGE_LOOP('',(#396,#397,#398,#399));
#1631=EDGE_LOOP('',(#400,#401,#402,#403));
#1632=EDGE_LOOP('',(#404,#405,#406,#407));
#1633=EDGE_LOOP('',(#408,#409,#410,#411));
#1634=EDGE_LOOP('',(#412,#413,#414,#415));
#1635=EDGE_LOOP('',(#416,#417,#418,#419));
#1636=EDGE_LOOP('',(#420,#421,#422,#423));
#1637=EDGE_LOOP('',(#424,#425,#426,#427));
#1638=EDGE_LOOP('',(#428,#429,#430,#431));
#1639=EDGE_LOOP('',(#432,#433,#434,#435));
#1640=EDGE_LOOP('',(#436,#437,#438,#439));
#1641=EDGE_LOOP('',(#440,#441,#442,#443));
#1642=EDGE_LOOP('',(#444,#445,#446,#447));
#1643=EDGE_LOOP('',(#448,#449,#450,#451));
#1644=EDGE_LOOP('',(#452,#453,#454,#455));
#1645=EDGE_LOOP('',(#456,#457,#458,#459));
#1646=EDGE_LOOP('',(#460,#461,#462,#463));
#1647=EDGE_LOOP('',(#464,#465,#466,#467));
#1648=EDGE_LOOP('',(#468,#469,#470,#471));
#1649=EDGE_LOOP('',(#472,#473,#474,#475));
#1650=EDGE_LOOP('',(#476,#477,#478,#479));
#1651=EDGE_LOOP('',(#480,#481,#482,#483));
#1652=EDGE_LOOP('',(#484,#485,#486,#487));
#1653=EDGE_LOOP('',(#488,#489,#490,#491));
#1654=EDGE_LOOP('',(#492,#493,#494,#495));
#1655=EDGE_LOOP('',(#496,#497,#498,#499));
#1656=EDGE_LOOP('',(#500,#501,#502,#503));
#1657=EDGE_LOOP('',(#504,#505,#506,#507));
#1658=EDGE_LOOP('',(#508,#509,#510,#511));
#1659=EDGE_LOOP('',(#512,#513,#514,#515));
#1660=EDGE_LOOP('',(#516,#517,#518,#519));
#1661=EDGE_LOOP('',(#520,#521,#522,#523));
#1662=EDGE_LOOP('',(#524,#525,#526,#527));
#1663=EDGE_LOOP('',(#528,#529,#530,#531));
#1664=EDGE_LOOP('',(#532,#533,#534,#535));
#1665=EDGE_LOOP('',(#536,#537,#538,#539));
#1666=EDGE_LOOP('',(#540,#541,#542,#543));
#1667=EDGE_LOOP('',(#544,#545,#546,#547));
#1668=EDGE_LOOP('',(#548,#549,#550,#551));
#1669=EDGE_LOOP('',(#552,#553,#554,#555));
#1670=EDGE_LOOP('',(#556,#557,#558,#559));
#1671=EDGE_LOOP('',(#560,#561,#562,#563));
#1672=FACE_BOUND('',#1576,.T.);
#1673=FACE_BOUND('',#1577,.T.);
#1674=FACE_BOUND('',#1578,.T.);
#1675=FACE_BOUND('',#1579,.T.);
#1676=FACE_BOUND('',#1580,.T.);
#1677=FACE_BOUND('',#1581,.T.);
#1678=FACE_BOUND('',#1582,.T.);
#1679=FACE_BOUND('',#1583,.T.);
#1680=FACE_BOUND('',#1584,.T.);
#1681=FACE_BOUND('',#1585,.T.);
#1682=FACE_BOUND('',#1586,.T.);
#1683=FACE_BOUND('',#1587,.T.);
#1684=FACE_BOUND('',#1588,.T.);
#1685=FACE_BOUND('',#1589,.T.);
#1686=FACE_BOUND('',#1590,.T.);
#1687=FACE_BOUND('',#1591,.T.);
#1688=FACE_BOUND('',#1592,.T.);
#1689=FACE_BOUND('',#1593,.T.);
#1690=FACE_BOUND('',#1594,.T.);
#1691=FACE_BOUND('',#1595,.T.);
#1692=FACE_BOUND('',#1596,.T.);
#1693=FACE_BOUND('',#1597,.T.);
#1694=FACE_BOUND('',#1598,.T.);
#1695=FACE_BOUND('',#1599,.T.);
#1696=FACE_BOUND('',#1600,.T.);
#1697=FACE_BOUND('',#1601,.T.);
#1698=FACE_BOUND('',#1602,.T.);
#1699=FACE_BOUND('',#1603,.T.);
#1700=FACE_BOUND('',#1604,.T.);
#1701=FACE_BOUND('',#1605,.T.);
#1702=FACE_BOUND('',#1606,.T.);
#1703=FACE_BOUND('',#1607,.T.);
#1704=FACE_BOUND('',#1608,.T.);
#1705=FACE_BOUND('',#1609,.T.);
#1706=FACE_BOUND('',#1610,.T.);
#1707=FACE_BOUND('',#1611,.T.);
#1708=FACE_BOUND('',#1612,.T.);
#1709=FACE_BOUND('',#1613,.T.);
#1710=FACE_BOUND('',#1614,.T.);
#1711=FACE_BOUND('',#1615,.T.);
#1712=FACE_BOUND('',#1616,.T.);
#1713=FACE_BOUND('',#1617,.T.);
#1714=FACE_BOUND('',#1618,.T.);
#1715=FACE_BOUND('',#1619,.T.);
#1716=FACE_BOUND('',#1620,.T.);
#1717=FACE_BOUND('',#1621,.T.);
#1718=FACE_BOUND('',#1622,.T.);
#1719=FACE_BOUND('',#1623,.T.);
#1720=FACE_BOUND('',#1624,.T.);
#1721=FACE_BOUND('',#1625,.T.);
#1722=FACE_BOUND('',#1626,.T.);
#1723=FACE_BOUND('',#1627,.T.);
#1724=FACE_BOUND('',#1628,.T.);
#1725=FACE_BOUND('',#1629,.T.);
#1726=FACE_BOUND('',#1630,.T.);
#1727=FACE_BOUND('',#1631,.T.);
#1728=FACE_BOUND('',#1632,.T.);
#1729=FACE_BOUND('',#1633,.T.);
#1730=FACE_BOUND('',#1634,.T.);
#1731=FACE_BOUND('',#1635,.T.);
#1732=FACE_BOUND('',#1636,.T.);
#1733=FACE_BOUND('',#1637,.T.);
#1734=FACE_BOUND('',#1638,.T.);
#1735=FACE_BOUND('',#1639,.T.);
#1736=FACE_BOUND('',#1640,.T.);
#1737=FACE_BOUND('',#1641,.T.);
#1738=FACE_BOUND('',#1642,.T.);
#1739=FACE_BOUND('',#1643,.T.);
#1740=FACE_BOUND('',#1644,.T.);
#1741=FACE_BOUND('',#1645,.T.);
#1742=FACE_BOUND('',#1646,.T.);
#1743=FACE_BOUND('',#1647,.T.);
#1744=FACE_BOUND('',#1648,.T.);
#1745=FACE_BOUND('',#1649,.T.);
#1746=FACE_BOUND('',#1650,.T.);
#1747=FACE_BOUND('',#1651,.T.);
#1748=FACE_BOUND('',#1652,.T.);
#1749=FACE_BOUND('',#1653,.T.);
#1750=FACE_BOUND('',#1654,.T.);
#1751=FACE_BOUND('',#1655,.T.);
#1752=FACE_BOUND('',#1656,.T.);
#1753=FACE_BOUND('',#1657,.T.);
#1754=FACE_BOUND('',#1658,.T.);
#1755=FACE_BOUND('',#1659,.T.);
#1756=FACE_BOUND('',#1660,.T.);
#1757=FACE_BOUND('',#1661,.T.);
#1758=FACE_BOUND('',#1662,.T.);
#1759=FACE_BOUND('',#1663,.T.);
#1760=FACE_BOUND('',#1664,.T.);
#1761=FACE_BOUND('',#1665,.T.);
#1762=FACE_BOUND('',#1666,.T.);
#1763=FACE_BOUND('',#1667,.T.);
#1764=FACE_BOUND('',#1668,.T.);
#1765=FACE_BOUND('',#1669,.T.);
#1766=FACE_BOUND('',#1670,.T.);
#1767=FACE_BOUND('',#1671,.T.);
#1768=PLANE('',#1969);
#1769=PLANE('',#1970);
#1770=PLANE('',#1971);
#1771=PLANE('',#1972);
#1772=PLANE('',#1973);
#1773=PLANE('',#1974);
#1774=PLANE('',#1975);
#1775=PLANE('',#1976);
#1776=PLANE('',#1977);
#1777=PLANE('',#1978);
#1778=PLANE('',#1979);
#1779=PLANE('',#1980);
#1780=PLANE('',#1981);
#1781=PLANE('',#1982);
#1782=PLANE('',#1983);
#1783=PLANE('',#1984);
#1784=PLANE('',#1985);
#1785=PLANE('',#1986);
#1786=PLANE('',#1987);
#1787=PLANE('',#1988);
#1788=PLANE('',#1989);
#1789=PLANE('',#1990);
#1790=PLANE('',#1991);
#1791=PLANE('',#1992);
#1792=PLANE('',#1993);
#1793=PLANE('',#1994);
#1794=PLANE('',#1995);
#1795=PLANE('',#1996);
#1796=PLANE('',#1997);
#1797=PLANE('',#1998);
#1798=PLANE('',#1999);
#1799=PLANE('',#2000);
#1800=PLANE('',#2001);
#1801=PLANE('',#2002);
#1802=PLANE('',#2003);
#1803=PLANE('',#2004);
#1804=PLANE('',#2005);
#1805=PLANE('',#2006);
#1806=PLANE('',#2007);
#1807=PLANE('',#2008);
#1808=PLANE('',#2009);
#1809=PLANE('',#2010);
#1810=PLANE('',#2011);
#1811=PLANE('',#2012);
#1812=PLANE('',#2013);
#1813=PLANE('',#2014);
#1814=PLANE('',#2015);
#1815=PLANE('',#2016);
#1816=PLANE('',#2017);
#1817=PLANE('',#2018);
#1818=PLANE('',#2019);
#1819=PLANE('',#2020);
#1820=PLANE('',#2021);
#1821=PLANE('',#2022);
#1822=PLANE('',#2023);
#1823=PLANE('',#2024);
#1824=PLANE('',#2025);
#1825=PLANE('',#2026);
#1826=PLANE('',#2027);
#1827=PLANE('',#2028);
#1828=PLANE('',#2029);
#1829=PLANE('',#2030);
#1830=PLANE('',#2031);
#1831=PLANE('',#2032);
#1832=PLANE('',#2033);
#1833=PLANE('',#2034);
#1834=PLANE('',#2035);
#1835=PLANE('',#2036);
#1836=PLANE('',#2037);
#1837=PLANE('',#2038);
#1838=PLANE('',#2039);
#1839=PLANE('',#2040);
#1840=PLANE('',#2041);
#1841=PLANE('',#2042);
#1842=PLANE('',#2043);
#1843=PLANE('',#2044);
#1844=PLANE('',#2045);
#1845=PLANE('',#2046);
#1846=PLANE('',#2047);
#1847=PLANE('',#2048);
#1848=PLANE('',#2049);
#1849=PLANE('',#2050);
#1850=PLANE('',#2051);
#1851=PLANE('',#2052);
#1852=PLANE('',#2053);
#1853=PLANE('',#2054);
#1854=PLANE('',#2055);
#1855=PLANE('',#2056);
#1856=PLANE('',#2057);
#1857=PLANE('',#2058);
#1858=PLANE('',#2059);
#1859=PLANE('',#2060);
#1860=PLANE('',#2061);
#1861=PLANE('',#2062);
#1862=ADVANCED_FACE('',(#1672,#1673),#1768,.T.);
#1863=ADVANCED_FACE('',(#1674,#1675),#1769,.F.);
#1864=ADVANCED_FACE('',(#1676),#1770,.T.);
#1865=ADVANCED_FACE('',(#1677),#1771,.F.);
#1866=ADVANCED_FACE('',(#1678),#1772,.F.);
#1867=ADVANCED_FACE('',(#1679),#1773,.F.);
#1868=ADVANCED_FACE('',(#1680),#1774,.F.);
#1869=ADVANCED_FACE('',(#1681),#1775,.F.);
#1870=ADVANCED_FACE('',(#1682),#1776,.F.);
#1871=ADVANCED_FACE('',(#1683),#1777,.F.);
#1872=ADVANCED_FACE('',(#1684),#1778,.F.);
#1873=ADVANCED_FACE('',(#1685),#1779,.T.);
#1874=ADVANCED_FACE('',(#1686),#1780,.T.);
#1875=ADVANCED_FACE('',(#1687),#1781,.T.);
#1876=ADVANCED_FACE('',(#1688),#1782,.T.);
#1877=ADVANCED_FACE('',(#1689),#1783,.T.);
#1878=ADVANCED_FACE('',(#1690),#1784,.T.);
#1879=ADVANCED_FACE('',(#1691),#1785,.T.);
#1880=ADVANCED_FACE('',(#1692),#1786,.T.);
#1881=ADVANCED_FACE('',(#1693),#1787,.F.);
#1882=ADVANCED_FACE('',(#1694),#1788,.T.);
#1883=ADVANCED_FACE('',(#1695),#1789,.F.);
#1884=ADVANCED_FACE('',(#1696),#1790,.T.);
#1885=ADVANCED_FACE('',(#1697),#1791,.F.);
#1886=ADVANCED_FACE('',(#1698),#1792,.F.);
#1887=ADVANCED_FACE('',(#1699),#1793,.F.);
#1888=ADVANCED_FACE('',(#1700),#1794,.F.);
#1889=ADVANCED_FACE('',(#1701),#1795,.F.);
#1890=ADVANCED_FACE('',(#1702),#1796,.T.);
#1891=ADVANCED_FACE('',(#1703),#1797,.T.);
#1892=ADVANCED_FACE('',(#1704),#1798,.F.);
#1893=ADVANCED_FACE('',(#1705),#1799,.F.);
#1894=ADVANCED_FACE('',(#1706),#1800,.T.);
#1895=ADVANCED_FACE('',(#1707),#1801,.T.);
#1896=ADVANCED_FACE('',(#1708),#1802,.F.);
#1897=ADVANCED_FACE('',(#1709),#1803,.F.);
#1898=ADVANCED_FACE('',(#1710),#1804,.T.);
#1899=ADVANCED_FACE('',(#1711),#1805,.F.);
#1900=ADVANCED_FACE('',(#1712),#1806,.T.);
#1901=ADVANCED_FACE('',(#1713),#1807,.T.);
#1902=ADVANCED_FACE('',(#1714),#1808,.F.);
#1903=ADVANCED_FACE('',(#1715),#1809,.T.);
#1904=ADVANCED_FACE('',(#1716),#1810,.T.);
#1905=ADVANCED_FACE('',(#1717),#1811,.F.);
#1906=ADVANCED_FACE('',(#1718),#1812,.T.);
#1907=ADVANCED_FACE('',(#1719),#1813,.T.);
#1908=ADVANCED_FACE('',(#1720),#1814,.T.);
#1909=ADVANCED_FACE('',(#1721),#1815,.T.);
#1910=ADVANCED_FACE('',(#1722),#1816,.F.);
#1911=ADVANCED_FACE('',(#1723),#1817,.T.);
#1912=ADVANCED_FACE('',(#1724),#1818,.T.);
#1913=ADVANCED_FACE('',(#1725),#1819,.T.);
#1914=ADVANCED_FACE('',(#1726),#1820,.F.);
#1915=ADVANCED_FACE('',(#1727),#1821,.F.);
#1916=ADVANCED_FACE('',(#1728),#1822,.T.);
#1917=ADVANCED_FACE('',(#1729),#1823,.T.);
#1918=ADVANCED_FACE('',(#1730),#1824,.F.);
#1919=ADVANCED_FACE('',(#1731),#1825,.T.);
#1920=ADVANCED_FACE('',(#1732),#1826,.T.);
#1921=ADVANCED_FACE('',(#1733),#1827,.T.);
#1922=ADVANCED_FACE('',(#1734),#1828,.T.);
#1923=ADVANCED_FACE('',(#1735),#1829,.F.);
#1924=ADVANCED_FACE('',(#1736),#1830,.T.);
#1925=ADVANCED_FACE('',(#1737),#1831,.F.);
#1926=ADVANCED_FACE('',(#1738),#1832,.F.);
#1927=ADVANCED_FACE('',(#1739),#1833,.T.);
#1928=ADVANCED_FACE('',(#1740),#1834,.F.);
#1929=ADVANCED_FACE('',(#1741),#1835,.F.);
#1930=ADVANCED_FACE('',(#1742),#1836,.T.);
#1931=ADVANCED_FACE('',(#1743),#1837,.F.);
#1932=ADVANCED_FACE('',(#1744),#1838,.F.);
#1933=ADVANCED_FACE('',(#1745),#1839,.T.);
#1934=ADVANCED_FACE('',(#1746),#1840,.F.);
#1935=ADVANCED_FACE('',(#1747),#1841,.F.);
#1936=ADVANCED_FACE('',(#1748),#1842,.T.);
#1937=ADVANCED_FACE('',(#1749),#1843,.F.);
#1938=ADVANCED_FACE('',(#1750),#1844,.F.);
#1939=ADVANCED_FACE('',(#1751),#1845,.T.);
#1940=ADVANCED_FACE('',(#1752),#1846,.F.);
#1941=ADVANCED_FACE('',(#1753),#1847,.F.);
#1942=ADVANCED_FACE('',(#1754),#1848,.T.);
#1943=ADVANCED_FACE('',(#1755),#1849,.F.);
#1944=ADVANCED_FACE('',(#1756),#1850,.F.);
#1945=ADVANCED_FACE('',(#1757),#1851,.T.);
#1946=ADVANCED_FACE('',(#1758),#1852,.F.);
#1947=ADVANCED_FACE('',(#1759),#1853,.F.);
#1948=ADVANCED_FACE('',(#1760),#1854,.F.);
#1949=ADVANCED_FACE('',(#1761),#1855,.T.);
#1950=ADVANCED_FACE('',(#1762),#1856,.F.);
#1951=ADVANCED_FACE('',(#1763),#1857,.T.);
#1952=ADVANCED_FACE('',(#1764),#1858,.F.);
#1953=ADVANCED_FACE('',(#1765),#1859,.T.);
#1954=ADVANCED_FACE('',(#1766),#1860,.T.);
#1955=ADVANCED_FACE('',(#1767),#1861,.F.);
#1956=CLOSED_SHELL('',(#1862,#1863,#1864,#1865,#1866,#1867,#1868,#1869,
#1870,#1871,#1872,#1873,#1874,#1875,#1876,#1877,#1878,#1879,#1880,#1881,
#1882,#1883,#1884,#1885,#1886,#1887,#1888,#1889,#1890,#1891,#1892,#1893,
#1894,#1895,#1896,#1897,#1898,#1899,#1900,#1901,#1902,#1903,#1904,#1905,
#1906,#1907,#1908,#1909,#1910,#1911,#1912,#1913,#1914,#1915,#1916,#1917,
#1918,#1919,#1920,#1921,#1922,#1923,#1924,#1925,#1926,#1927,#1928,#1929,
#1930,#1931,#1932,#1933,#1934,#1935,#1936,#1937,#1938,#1939,#1940,#1941,
#1942,#1943,#1944,#1945,#1946,#1947,#1948,#1949,#1950,#1951,#1952,#1953,
#1954,#1955));
#1957=STYLED_ITEM('',(#1958),#1965);
#1958=PRESENTATION_STYLE_ASSIGNMENT((#1959));
#1959=SURFACE_STYLE_USAGE(.BOTH.,#1960);
#1960=SURFACE_SIDE_STYLE('',(#1961));
#1961=SURFACE_STYLE_FILL_AREA(#1962);
#1962=FILL_AREA_STYLE('',(#1963));
#1963=FILL_AREA_STYLE_COLOUR('',#1964);
#1964=COLOUR_RGB('',0.917647058823529,0.725490196078431,0.490196078431373);
#1965=MANIFOLD_SOLID_BREP('Mast 4',#1956);
#1966=SHAPE_DEFINITION_REPRESENTATION(#3090,#1967);
#1967=SHAPE_REPRESENTATION('Mast 4',(#1968),#3085);
#1968=AXIS2_PLACEMENT_3D('',#2529,#2063,#2064);
#1969=AXIS2_PLACEMENT_3D('',#2530,#2065,#2066);
#1970=AXIS2_PLACEMENT_3D('',#2715,#2159,#2160);
#1971=AXIS2_PLACEMENT_3D('',#2900,#2253,#2254);
#1972=AXIS2_PLACEMENT_3D('',#2903,#2257,#2258);
#1973=AXIS2_PLACEMENT_3D('',#2906,#2261,#2262);
#1974=AXIS2_PLACEMENT_3D('',#2909,#2265,#2266);
#1975=AXIS2_PLACEMENT_3D('',#2912,#2269,#2270);
#1976=AXIS2_PLACEMENT_3D('',#2915,#2273,#2274);
#1977=AXIS2_PLACEMENT_3D('',#2918,#2277,#2278);
#1978=AXIS2_PLACEMENT_3D('',#2921,#2281,#2282);
#1979=AXIS2_PLACEMENT_3D('',#2924,#2285,#2286);
#1980=AXIS2_PLACEMENT_3D('',#2927,#2289,#2290);
#1981=AXIS2_PLACEMENT_3D('',#2930,#2293,#2294);
#1982=AXIS2_PLACEMENT_3D('',#2933,#2297,#2298);
#1983=AXIS2_PLACEMENT_3D('',#2936,#2301,#2302);
#1984=AXIS2_PLACEMENT_3D('',#2939,#2305,#2306);
#1985=AXIS2_PLACEMENT_3D('',#2942,#2309,#2310);
#1986=AXIS2_PLACEMENT_3D('',#2945,#2313,#2314);
#1987=AXIS2_PLACEMENT_3D('',#2948,#2317,#2318);
#1988=AXIS2_PLACEMENT_3D('',#2951,#2321,#2322);
#1989=AXIS2_PLACEMENT_3D('',#2954,#2325,#2326);
#1990=AXIS2_PLACEMENT_3D('',#2957,#2329,#2330);
#1991=AXIS2_PLACEMENT_3D('',#2960,#2333,#2334);
#1992=AXIS2_PLACEMENT_3D('',#2963,#2337,#2338);
#1993=AXIS2_PLACEMENT_3D('',#2966,#2341,#2342);
#1994=AXIS2_PLACEMENT_3D('',#2969,#2345,#2346);
#1995=AXIS2_PLACEMENT_3D('',#2972,#2349,#2350);
#1996=AXIS2_PLACEMENT_3D('',#2974,#2352,#2353);
#1997=AXIS2_PLACEMENT_3D('',#2975,#2354,#2355);
#1998=AXIS2_PLACEMENT_3D('',#2977,#2357,#2358);
#1999=AXIS2_PLACEMENT_3D('',#2979,#2360,#2361);
#2000=AXIS2_PLACEMENT_3D('',#2980,#2362,#2363);
#2001=AXIS2_PLACEMENT_3D('',#2981,#2364,#2365);
#2002=AXIS2_PLACEMENT_3D('',#2983,#2367,#2368);
#2003=AXIS2_PLACEMENT_3D('',#2985,#2370,#2371);
#2004=AXIS2_PLACEMENT_3D('',#2986,#2372,#2373);
#2005=AXIS2_PLACEMENT_3D('',#2988,#2375,#2376);
#2006=AXIS2_PLACEMENT_3D('',#2989,#2377,#2378);
#2007=AXIS2_PLACEMENT_3D('',#2991,#2380,#2381);
#2008=AXIS2_PLACEMENT_3D('',#2993,#2383,#2384);
#2009=AXIS2_PLACEMENT_3D('',#2994,#2385,#2386);
#2010=AXIS2_PLACEMENT_3D('',#2996,#2388,#2389);
#2011=AXIS2_PLACEMENT_3D('',#2998,#2391,#2392);
#2012=AXIS2_PLACEMENT_3D('',#2999,#2393,#2394);
#2013=AXIS2_PLACEMENT_3D('',#3001,#2396,#2397);
#2014=AXIS2_PLACEMENT_3D('',#3003,#2399,#2400);
#2015=AXIS2_PLACEMENT_3D('',#3004,#2401,#2402);
#2016=AXIS2_PLACEMENT_3D('',#3006,#2404,#2405);
#2017=AXIS2_PLACEMENT_3D('',#3007,#2406,#2407);
#2018=AXIS2_PLACEMENT_3D('',#3009,#2409,#2410);
#2019=AXIS2_PLACEMENT_3D('',#3010,#2411,#2412);
#2020=AXIS2_PLACEMENT_3D('',#3012,#2414,#2415);
#2021=AXIS2_PLACEMENT_3D('',#3013,#2416,#2417);
#2022=AXIS2_PLACEMENT_3D('',#3014,#2418,#2419);
#2023=AXIS2_PLACEMENT_3D('',#3016,#2421,#2422);
#2024=AXIS2_PLACEMENT_3D('',#3018,#2424,#2425);
#2025=AXIS2_PLACEMENT_3D('',#3019,#2426,#2427);
#2026=AXIS2_PLACEMENT_3D('',#3021,#2429,#2430);
#2027=AXIS2_PLACEMENT_3D('',#3023,#2432,#2433);
#2028=AXIS2_PLACEMENT_3D('',#3024,#2434,#2435);
#2029=AXIS2_PLACEMENT_3D('',#3026,#2437,#2438);
#2030=AXIS2_PLACEMENT_3D('',#3027,#2439,#2440);
#2031=AXIS2_PLACEMENT_3D('',#3029,#2442,#2443);
#2032=AXIS2_PLACEMENT_3D('',#3031,#2445,#2446);
#2033=AXIS2_PLACEMENT_3D('',#3032,#2447,#2448);
#2034=AXIS2_PLACEMENT_3D('',#3034,#2450,#2451);
#2035=AXIS2_PLACEMENT_3D('',#3036,#2453,#2454);
#2036=AXIS2_PLACEMENT_3D('',#3037,#2455,#2456);
#2037=AXIS2_PLACEMENT_3D('',#3039,#2458,#2459);
#2038=AXIS2_PLACEMENT_3D('',#3041,#2461,#2462);
#2039=AXIS2_PLACEMENT_3D('',#3042,#2463,#2464);
#2040=AXIS2_PLACEMENT_3D('',#3044,#2466,#2467);
#2041=AXIS2_PLACEMENT_3D('',#3046,#2469,#2470);
#2042=AXIS2_PLACEMENT_3D('',#3047,#2471,#2472);
#2043=AXIS2_PLACEMENT_3D('',#3049,#2474,#2475);
#2044=AXIS2_PLACEMENT_3D('',#3051,#2477,#2478);
#2045=AXIS2_PLACEMENT_3D('',#3052,#2479,#2480);
#2046=AXIS2_PLACEMENT_3D('',#3054,#2482,#2483);
#2047=AXIS2_PLACEMENT_3D('',#3056,#2485,#2486);
#2048=AXIS2_PLACEMENT_3D('',#3057,#2487,#2488);
#2049=AXIS2_PLACEMENT_3D('',#3059,#2490,#2491);
#2050=AXIS2_PLACEMENT_3D('',#3061,#2493,#2494);
#2051=AXIS2_PLACEMENT_3D('',#3062,#2495,#2496);
#2052=AXIS2_PLACEMENT_3D('',#3064,#2498,#2499);
#2053=AXIS2_PLACEMENT_3D('',#3066,#2501,#2502);
#2054=AXIS2_PLACEMENT_3D('',#3067,#2503,#2504);
#2055=AXIS2_PLACEMENT_3D('',#3070,#2507,#2508);
#2056=AXIS2_PLACEMENT_3D('',#3071,#2509,#2510);
#2057=AXIS2_PLACEMENT_3D('',#3074,#2513,#2514);
#2058=AXIS2_PLACEMENT_3D('',#3075,#2515,#2516);
#2059=AXIS2_PLACEMENT_3D('',#3076,#2517,#2518);
#2060=AXIS2_PLACEMENT_3D('',#3079,#2521,#2522);
#2061=AXIS2_PLACEMENT_3D('',#3081,#2524,#2525);
#2062=AXIS2_PLACEMENT_3D('',#3083,#2527,#2528);
#2063=DIRECTION('',(0.,0.,1.));
#2064=DIRECTION('',(1.,0.,0.));
#2065=DIRECTION('',(-9.71445146547012E-16,1.,0.));
#2066=DIRECTION('',(-1.,-9.71445146547012E-16,0.));
#2067=DIRECTION('',(0.,0.,-1.));
#2068=DIRECTION('',(1.,9.71445146547012E-16,0.));
#2069=DIRECTION('',(0.,0.,-1.));
#2070=DIRECTION('',(1.,9.71445146547012E-16,0.));
#2071=DIRECTION('',(0.,0.,1.));
#2072=DIRECTION('',(-1.,-9.71445146547012E-16,0.));
#2073=DIRECTION('',(0.,0.,1.));
#2074=DIRECTION('',(-1.,-9.71445146547012E-16,0.));
#2075=DIRECTION('',(0.,0.,1.));
#2076=DIRECTION('',(1.,9.71445146547012E-16,0.));
#2077=DIRECTION('',(0.,0.,1.));
#2078=DIRECTION('',(1.,9.71445146547012E-16,0.));
#2079=DIRECTION('',(0.,0.,1.));
#2080=DIRECTION('',(1.,9.71445146547012E-16,0.));
#2081=DIRECTION('',(0.,0.,1.));
#2082=DIRECTION('',(1.,9.71445146547012E-16,0.));
#2083=DIRECTION('',(0.,0.,1.));
#2084=DIRECTION('',(1.,9.71445146547012E-16,0.));
#2085=DIRECTION('',(0.,0.,1.));
#2086=DIRECTION('',(1.,9.71445146547012E-16,0.));
#2087=DIRECTION('',(0.,0.,1.));
#2088=DIRECTION('',(1.,9.71445146547012E-16,0.));
#2089=DIRECTION('',(0.,0.,-1.));
#2090=DIRECTION('',(1.,9.71445146547012E-16,0.));
#2091=DIRECTION('',(0.,0.,1.));
#2092=DIRECTION('',(1.,9.71445146547012E-16,0.));
#2093=DIRECTION('',(0.,0.,1.));
#2094=DIRECTION('',(1.,9.71445146547012E-16,0.));
#2095=DIRECTION('',(0.,0.,1.));
#2096=DIRECTION('',(1.,9.71445146547012E-16,0.));
#2097=DIRECTION('',(0.,0.,1.));
#2098=DIRECTION('',(1.,9.71445146547012E-16,0.));
#2099=DIRECTION('',(0.,0.,1.));
#2100=DIRECTION('',(1.,9.71445146547012E-16,0.));
#2101=DIRECTION('',(0.,0.,1.));
#2102=DIRECTION('',(1.,9.71445146547012E-16,0.));
#2103=DIRECTION('',(0.,0.,1.));
#2104=DIRECTION('',(1.,9.71445146547012E-16,0.));
#2105=DIRECTION('',(0.,0.,1.));
#2106=DIRECTION('',(1.,9.71445146547012E-16,0.));
#2107=DIRECTION('',(0.,0.,1.));
#2108=DIRECTION('',(1.,9.71445146547012E-16,0.));
#2109=DIRECTION('',(0.,0.,-1.));
#2110=DIRECTION('',(1.,9.71445146547012E-16,0.));
#2111=DIRECTION('',(0.,0.,1.));
#2112=DIRECTION('',(1.,9.71445146547012E-16,0.));
#2113=DIRECTION('',(0.,0.,1.));
#2114=DIRECTION('',(1.,9.71445146547012E-16,0.));
#2115=DIRECTION('',(0.,0.,1.));
#2116=DIRECTION('',(-1.,-9.71445146547012E-16,0.));
#2117=DIRECTION('',(0.,0.,1.));
#2118=DIRECTION('',(-1.,-9.71445146547012E-16,0.));
#2119=DIRECTION('',(0.,0.,-1.));
#2120=DIRECTION('',(-1.,-9.71445146547012E-16,0.));
#2121=DIRECTION('',(0.,0.,1.));
#2122=DIRECTION('',(1.,9.71445146547012E-16,0.));
#2123=DIRECTION('',(0.,0.,-1.));
#2124=DIRECTION('',(1.,9.71445146547012E-16,0.));
#2125=DIRECTION('',(0.,0.,1.));
#2126=DIRECTION('',(-1.,-9.71445146547012E-16,0.));
#2127=DIRECTION('',(0.,0.,-1.));
#2128=DIRECTION('',(-1.,-9.71445146547012E-16,0.));
#2129=DIRECTION('',(0.,0.,1.));
#2130=DIRECTION('',(-1.,-9.71445146547012E-16,0.));
#2131=DIRECTION('',(0.,0.,-1.));
#2132=DIRECTION('',(-1.,-9.71445146547012E-16,0.));
#2133=DIRECTION('',(0.,0.,1.));
#2134=DIRECTION('',(-1.,-9.71445146547012E-16,0.));
#2135=DIRECTION('',(0.,0.,-1.));
#2136=DIRECTION('',(-1.,-9.71445146547012E-16,0.));
#2137=DIRECTION('',(0.,0.,1.));
#2138=DIRECTION('',(-1.,-9.71445146547012E-16,0.));
#2139=DIRECTION('',(0.,0.,-1.));
#2140=DIRECTION('',(-1.,-9.71445146547012E-16,0.));
#2141=DIRECTION('',(0.,0.,1.));
#2142=DIRECTION('',(1.,9.71445146547012E-16,0.));
#2143=DIRECTION('',(0.,0.,-1.));
#2144=DIRECTION('',(1.,9.71445146547012E-16,0.));
#2145=DIRECTION('',(0.,0.,1.));
#2146=DIRECTION('',(-1.,-9.71445146547012E-16,0.));
#2147=DIRECTION('',(0.,0.,-1.));
#2148=DIRECTION('',(-1.,-9.71445146547012E-16,0.));
#2149=DIRECTION('',(0.,0.,1.));
#2150=DIRECTION('',(-1.,-9.71445146547012E-16,0.));
#2151=DIRECTION('',(0.,0.,-1.));
#2152=DIRECTION('',(-1.,-9.71445146547012E-16,0.));
#2153=DIRECTION('',(0.,0.,1.));
#2154=DIRECTION('',(-1.,-9.71445146547012E-16,0.));
#2155=DIRECTION('',(0.,0.,-1.));
#2156=DIRECTION('',(-1.,-9.71445146547012E-16,0.));
#2157=DIRECTION('',(0.,0.,1.));
#2158=DIRECTION('',(-1.,-9.71445146547012E-16,0.));
#2159=DIRECTION('',(-9.71445146547012E-16,1.,0.));
#2160=DIRECTION('',(-1.,-9.71445146547012E-16,0.));
#2161=DIRECTION('',(1.,9.71445146547012E-16,0.));
#2162=DIRECTION('',(0.,0.,-1.));
#2163=DIRECTION('',(1.,9.71445146547012E-16,0.));
#2164=DIRECTION('',(0.,0.,-1.));
#2165=DIRECTION('',(-1.,-9.71445146547012E-16,0.));
#2166=DIRECTION('',(0.,0.,1.));
#2167=DIRECTION('',(-1.,-9.71445146547012E-16,0.));
#2168=DIRECTION('',(0.,0.,-1.));
#2169=DIRECTION('',(-1.,-9.71445146547012E-16,0.));
#2170=DIRECTION('',(0.,0.,1.));
#2171=DIRECTION('',(-1.,-9.71445146547012E-16,0.));
#2172=DIRECTION('',(0.,0.,-1.));
#2173=DIRECTION('',(-1.,-9.71445146547012E-16,0.));
#2174=DIRECTION('',(0.,0.,1.));
#2175=DIRECTION('',(-1.,-9.71445146547012E-16,0.));
#2176=DIRECTION('',(0.,0.,-1.));
#2177=DIRECTION('',(-1.,-9.71445146547012E-16,0.));
#2178=DIRECTION('',(0.,0.,1.));
#2179=DIRECTION('',(1.,9.71445146547012E-16,0.));
#2180=DIRECTION('',(0.,0.,-1.));
#2181=DIRECTION('',(1.,9.71445146547012E-16,0.));
#2182=DIRECTION('',(0.,0.,1.));
#2183=DIRECTION('',(-1.,-9.71445146547012E-16,0.));
#2184=DIRECTION('',(0.,0.,-1.));
#2185=DIRECTION('',(-1.,-9.71445146547012E-16,0.));
#2186=DIRECTION('',(0.,0.,1.));
#2187=DIRECTION('',(-1.,-9.71445146547012E-16,0.));
#2188=DIRECTION('',(0.,0.,-1.));
#2189=DIRECTION('',(-1.,-9.71445146547012E-16,0.));
#2190=DIRECTION('',(0.,0.,1.));
#2191=DIRECTION('',(-1.,-9.71445146547012E-16,0.));
#2192=DIRECTION('',(0.,0.,-1.));
#2193=DIRECTION('',(-1.,-9.71445146547012E-16,0.));
#2194=DIRECTION('',(0.,0.,1.));
#2195=DIRECTION('',(-1.,-9.71445146547012E-16,0.));
#2196=DIRECTION('',(0.,0.,-1.));
#2197=DIRECTION('',(-1.,-9.71445146547012E-16,0.));
#2198=DIRECTION('',(0.,0.,1.));
#2199=DIRECTION('',(1.,9.71445146547012E-16,0.));
#2200=DIRECTION('',(0.,0.,-1.));
#2201=DIRECTION('',(1.,9.71445146547012E-16,0.));
#2202=DIRECTION('',(0.,0.,1.));
#2203=DIRECTION('',(-1.,-9.71445146547012E-16,0.));
#2204=DIRECTION('',(0.,0.,-1.));
#2205=DIRECTION('',(-1.,-9.71445146547012E-16,0.));
#2206=DIRECTION('',(0.,0.,1.));
#2207=DIRECTION('',(-1.,-9.71445146547012E-16,0.));
#2208=DIRECTION('',(0.,0.,1.));
#2209=DIRECTION('',(1.,9.71445146547012E-16,0.));
#2210=DIRECTION('',(0.,0.,1.));
#2211=DIRECTION('',(1.,9.71445146547012E-16,0.));
#2212=DIRECTION('',(0.,0.,1.));
#2213=DIRECTION('',(1.,9.71445146547012E-16,0.));
#2214=DIRECTION('',(0.,0.,-1.));
#2215=DIRECTION('',(1.,9.71445146547012E-16,0.));
#2216=DIRECTION('',(0.,0.,1.));
#2217=DIRECTION('',(1.,9.71445146547012E-16,0.));
#2218=DIRECTION('',(0.,0.,1.));
#2219=DIRECTION('',(1.,9.71445146547012E-16,0.));
#2220=DIRECTION('',(0.,0.,1.));
#2221=DIRECTION('',(1.,9.71445146547012E-16,0.));
#2222=DIRECTION('',(0.,0.,1.));
#2223=DIRECTION('',(1.,9.71445146547012E-16,0.));
#2224=DIRECTION('',(0.,0.,1.));
#2225=DIRECTION('',(1.,9.71445146547012E-16,0.));
#2226=DIRECTION('',(0.,0.,1.));
#2227=DIRECTION('',(1.,9.71445146547012E-16,0.));
#2228=DIRECTION('',(0.,0.,1.));
#2229=DIRECTION('',(1.,9.71445146547012E-16,0.));
#2230=DIRECTION('',(0.,0.,1.));
#2231=DIRECTION('',(1.,9.71445146547012E-16,0.));
#2232=DIRECTION('',(0.,0.,1.));
#2233=DIRECTION('',(1.,9.71445146547012E-16,0.));
#2234=DIRECTION('',(0.,0.,-1.));
#2235=DIRECTION('',(1.,9.71445146547012E-16,0.));
#2236=DIRECTION('',(0.,0.,1.));
#2237=DIRECTION('',(1.,9.71445146547012E-16,0.));
#2238=DIRECTION('',(0.,0.,1.));
#2239=DIRECTION('',(1.,9.71445146547012E-16,0.));
#2240=DIRECTION('',(0.,0.,1.));
#2241=DIRECTION('',(1.,9.71445146547012E-16,0.));
#2242=DIRECTION('',(0.,0.,1.));
#2243=DIRECTION('',(1.,9.71445146547012E-16,0.));
#2244=DIRECTION('',(0.,0.,1.));
#2245=DIRECTION('',(1.,9.71445146547012E-16,0.));
#2246=DIRECTION('',(0.,0.,1.));
#2247=DIRECTION('',(1.,9.71445146547012E-16,0.));
#2248=DIRECTION('',(0.,0.,1.));
#2249=DIRECTION('',(-1.,-9.71445146547012E-16,0.));
#2250=DIRECTION('',(0.,0.,1.));
#2251=DIRECTION('',(-1.,-9.71445146547012E-16,0.));
#2252=DIRECTION('',(0.,0.,1.));
#2253=DIRECTION('',(-1.,-9.71445146547012E-16,0.));
#2254=DIRECTION('',(9.71445146547012E-16,-1.,0.));
#2255=DIRECTION('',(9.71445146547012E-16,-1.,0.));
#2256=DIRECTION('',(9.71445146547012E-16,-1.,0.));
#2257=DIRECTION('',(-1.,-9.71445146547012E-16,0.));
#2258=DIRECTION('',(0.,0.,1.));
#2259=DIRECTION('',(9.71445146547012E-16,-1.,0.));
#2260=DIRECTION('',(9.71445146547012E-16,-1.,0.));
#2261=DIRECTION('',(-1.,-9.71445146547012E-16,0.));
#2262=DIRECTION('',(0.,0.,1.));
#2263=DIRECTION('',(9.71445146547012E-16,-1.,0.));
#2264=DIRECTION('',(9.71445146547012E-16,-1.,0.));
#2265=DIRECTION('',(-1.,-9.71445146547012E-16,0.));
#2266=DIRECTION('',(0.,0.,1.));
#2267=DIRECTION('',(9.71445146547012E-16,-1.,0.));
#2268=DIRECTION('',(9.71445146547012E-16,-1.,0.));
#2269=DIRECTION('',(-1.,-9.71445146547012E-16,0.));
#2270=DIRECTION('',(0.,0.,1.));
#2271=DIRECTION('',(9.71445146547012E-16,-1.,0.));
#2272=DIRECTION('',(9.71445146547012E-16,-1.,0.));
#2273=DIRECTION('',(-1.,-9.71445146547012E-16,0.));
#2274=DIRECTION('',(0.,0.,1.));
#2275=DIRECTION('',(9.71445146547012E-16,-1.,0.));
#2276=DIRECTION('',(9.71445146547012E-16,-1.,0.));
#2277=DIRECTION('',(-1.,-9.71445146547012E-16,0.));
#2278=DIRECTION('',(0.,0.,1.));
#2279=DIRECTION('',(9.71445146547012E-16,-1.,0.));
#2280=DIRECTION('',(9.71445146547012E-16,-1.,0.));
#2281=DIRECTION('',(-1.,-9.71445146547012E-16,0.));
#2282=DIRECTION('',(0.,0.,1.));
#2283=DIRECTION('',(9.71445146547012E-16,-1.,0.));
#2284=DIRECTION('',(9.71445146547012E-16,-1.,0.));
#2285=DIRECTION('',(-1.,-9.71445146547012E-16,0.));
#2286=DIRECTION('',(0.,0.,1.));
#2287=DIRECTION('',(9.71445146547012E-16,-1.,0.));
#2288=DIRECTION('',(9.71445146547012E-16,-1.,0.));
#2289=DIRECTION('',(-1.,-9.71445146547012E-16,0.));
#2290=DIRECTION('',(0.,0.,1.));
#2291=DIRECTION('',(9.71445146547012E-16,-1.,0.));
#2292=DIRECTION('',(9.71445146547012E-16,-1.,0.));
#2293=DIRECTION('',(-1.,-9.71445146547012E-16,0.));
#2294=DIRECTION('',(0.,0.,1.));
#2295=DIRECTION('',(9.71445146547012E-16,-1.,0.));
#2296=DIRECTION('',(9.71445146547012E-16,-1.,0.));
#2297=DIRECTION('',(-1.,-9.71445146547012E-16,0.));
#2298=DIRECTION('',(0.,0.,1.));
#2299=DIRECTION('',(9.71445146547012E-16,-1.,0.));
#2300=DIRECTION('',(9.71445146547012E-16,-1.,0.));
#2301=DIRECTION('',(-1.,-9.71445146547012E-16,0.));
#2302=DIRECTION('',(0.,0.,1.));
#2303=DIRECTION('',(9.71445146547012E-16,-1.,0.));
#2304=DIRECTION('',(9.71445146547012E-16,-1.,0.));
#2305=DIRECTION('',(-1.,-9.71445146547012E-16,0.));
#2306=DIRECTION('',(0.,0.,1.));
#2307=DIRECTION('',(9.71445146547012E-16,-1.,0.));
#2308=DIRECTION('',(9.71445146547012E-16,-1.,0.));
#2309=DIRECTION('',(-1.,-9.71445146547012E-16,0.));
#2310=DIRECTION('',(0.,0.,1.));
#2311=DIRECTION('',(9.71445146547012E-16,-1.,0.));
#2312=DIRECTION('',(9.71445146547012E-16,-1.,0.));
#2313=DIRECTION('',(-1.,-9.71445146547012E-16,0.));
#2314=DIRECTION('',(0.,0.,1.));
#2315=DIRECTION('',(9.71445146547012E-16,-1.,0.));
#2316=DIRECTION('',(9.71445146547012E-16,-1.,0.));
#2317=DIRECTION('',(-1.,-9.71445146547012E-16,0.));
#2318=DIRECTION('',(0.,0.,1.));
#2319=DIRECTION('',(9.71445146547012E-16,-1.,0.));
#2320=DIRECTION('',(9.71445146547012E-16,-1.,0.));
#2321=DIRECTION('',(0.,0.,-1.));
#2322=DIRECTION('',(-1.,-9.71445146547012E-16,0.));
#2323=DIRECTION('',(9.71445146547012E-16,-1.,0.));
#2324=DIRECTION('',(-9.71445146547012E-16,1.,0.));
#2325=DIRECTION('',(0.,0.,1.));
#2326=DIRECTION('',(1.,0.,0.));
#2327=DIRECTION('',(9.71445146547012E-16,-1.,0.));
#2328=DIRECTION('',(9.71445146547012E-16,-1.,0.));
#2329=DIRECTION('',(0.,0.,1.));
#2330=DIRECTION('',(1.,0.,0.));
#2331=DIRECTION('',(9.71445146547012E-16,-1.,0.));
#2332=DIRECTION('',(9.71445146547012E-16,-1.,0.));
#2333=DIRECTION('',(0.,0.,1.));
#2334=DIRECTION('',(1.,0.,0.));
#2335=DIRECTION('',(9.71445146547012E-16,-1.,0.));
#2336=DIRECTION('',(9.71445146547012E-16,-1.,0.));
#2337=DIRECTION('',(0.,0.,1.));
#2338=DIRECTION('',(1.,0.,0.));
#2339=DIRECTION('',(9.71445146547012E-16,-1.,0.));
#2340=DIRECTION('',(9.71445146547012E-16,-1.,0.));
#2341=DIRECTION('',(-1.,-9.71445146547012E-16,0.));
#2342=DIRECTION('',(0.,0.,1.));
#2343=DIRECTION('',(9.71445146547012E-16,-1.,0.));
#2344=DIRECTION('',(9.71445146547012E-16,-1.,0.));
#2345=DIRECTION('',(-1.,-9.71445146547012E-16,0.));
#2346=DIRECTION('',(0.,0.,1.));
#2347=DIRECTION('',(9.71445146547012E-16,-1.,0.));
#2348=DIRECTION('',(9.71445146547012E-16,-1.,0.));
#2349=DIRECTION('',(-1.,-9.71445146547012E-16,0.));
#2350=DIRECTION('',(0.,0.,1.));
#2351=DIRECTION('',(9.71445146547012E-16,-1.,0.));
#2352=DIRECTION('',(1.,9.71445146547012E-16,0.));
#2353=DIRECTION('',(-9.71445146547012E-16,1.,0.));
#2354=DIRECTION('',(0.,0.,1.));
#2355=DIRECTION('',(1.,0.,0.));
#2356=DIRECTION('',(9.71445146547012E-16,-1.,0.));
#2357=DIRECTION('',(1.,9.71445146547012E-16,0.));
#2358=DIRECTION('',(-9.71445146547012E-16,1.,0.));
#2359=DIRECTION('',(9.71445146547012E-16,-1.,0.));
#2360=DIRECTION('',(0.,0.,1.));
#2361=DIRECTION('',(1.,0.,0.));
#2362=DIRECTION('',(1.,9.71445146547012E-16,0.));
#2363=DIRECTION('',(-9.71445146547012E-16,1.,0.));
#2364=DIRECTION('',(0.,0.,1.));
#2365=DIRECTION('',(1.,0.,0.));
#2366=DIRECTION('',(9.71445146547012E-16,-1.,0.));
#2367=DIRECTION('',(1.,9.71445146547012E-16,0.));
#2368=DIRECTION('',(-9.71445146547012E-16,1.,0.));
#2369=DIRECTION('',(9.71445146547012E-16,-1.,0.));
#2370=DIRECTION('',(0.,0.,1.));
#2371=DIRECTION('',(1.,0.,0.));
#2372=DIRECTION('',(0.,0.,1.));
#2373=DIRECTION('',(1.,0.,0.));
#2374=DIRECTION('',(9.71445146547012E-16,-1.,0.));
#2375=DIRECTION('',(-1.,-9.71445146547012E-16,0.));
#2376=DIRECTION('',(9.71445146547012E-16,-1.,0.));
#2377=DIRECTION('',(0.,0.,1.));
#2378=DIRECTION('',(1.,0.,0.));
#2379=DIRECTION('',(9.71445146547012E-16,-1.,0.));
#2380=DIRECTION('',(-1.,-9.71445146547012E-16,0.));
#2381=DIRECTION('',(9.71445146547012E-16,-1.,0.));
#2382=DIRECTION('',(9.71445146547012E-16,-1.,0.));
#2383=DIRECTION('',(0.,0.,1.));
#2384=DIRECTION('',(1.,0.,0.));
#2385=DIRECTION('',(0.,0.,1.));
#2386=DIRECTION('',(1.,0.,0.));
#2387=DIRECTION('',(9.71445146547012E-16,-1.,0.));
#2388=DIRECTION('',(-1.,-9.71445146547012E-16,0.));
#2389=DIRECTION('',(9.71445146547012E-16,-1.,0.));
#2390=DIRECTION('',(9.71445146547012E-16,-1.,0.));
#2391=DIRECTION('',(0.,0.,1.));
#2392=DIRECTION('',(1.,0.,0.));
#2393=DIRECTION('',(0.,0.,1.));
#2394=DIRECTION('',(1.,0.,0.));
#2395=DIRECTION('',(9.71445146547012E-16,-1.,0.));
#2396=DIRECTION('',(-1.,-9.71445146547012E-16,0.));
#2397=DIRECTION('',(9.71445146547012E-16,-1.,0.));
#2398=DIRECTION('',(9.71445146547012E-16,-1.,0.));
#2399=DIRECTION('',(0.,0.,1.));
#2400=DIRECTION('',(1.,0.,0.));
#2401=DIRECTION('',(-1.,-9.71445146547012E-16,0.));
#2402=DIRECTION('',(9.71445146547012E-16,-1.,0.));
#2403=DIRECTION('',(9.71445146547012E-16,-1.,0.));
#2404=DIRECTION('',(0.,0.,1.));
#2405=DIRECTION('',(1.,0.,0.));
#2406=DIRECTION('',(0.,0.,1.));
#2407=DIRECTION('',(1.,0.,0.));
#2408=DIRECTION('',(9.71445146547012E-16,-1.,0.));
#2409=DIRECTION('',(-1.,-9.71445146547012E-16,0.));
#2410=DIRECTION('',(9.71445146547012E-16,-1.,0.));
#2411=DIRECTION('',(-1.,-9.71445146547012E-16,0.));
#2412=DIRECTION('',(9.71445146547012E-16,-1.,0.));
#2413=DIRECTION('',(9.71445146547012E-16,-1.,0.));
#2414=DIRECTION('',(0.,0.,1.));
#2415=DIRECTION('',(1.,0.,0.));
#2416=DIRECTION('',(0.,0.,1.));
#2417=DIRECTION('',(1.,0.,0.));
#2418=DIRECTION('',(0.,0.,1.));
#2419=DIRECTION('',(1.,0.,0.));
#2420=DIRECTION('',(9.71445146547012E-16,-1.,0.));
#2421=DIRECTION('',(-1.,-9.71445146547012E-16,0.));
#2422=DIRECTION('',(9.71445146547012E-16,-1.,0.));
#2423=DIRECTION('',(9.71445146547012E-16,-1.,0.));
#2424=DIRECTION('',(0.,0.,1.));
#2425=DIRECTION('',(1.,0.,0.));
#2426=DIRECTION('',(0.,0.,1.));
#2427=DIRECTION('',(1.,0.,0.));
#2428=DIRECTION('',(9.71445146547012E-16,-1.,0.));
#2429=DIRECTION('',(-1.,-9.71445146547012E-16,0.));
#2430=DIRECTION('',(9.71445146547012E-16,-1.,0.));
#2431=DIRECTION('',(9.71445146547012E-16,-1.,0.));
#2432=DIRECTION('',(0.,0.,1.));
#2433=DIRECTION('',(1.,0.,0.));
#2434=DIRECTION('',(-1.,-9.71445146547012E-16,0.));
#2435=DIRECTION('',(9.71445146547012E-16,-1.,0.));
#2436=DIRECTION('',(9.71445146547012E-16,-1.,0.));
#2437=DIRECTION('',(0.,0.,1.));
#2438=DIRECTION('',(1.,0.,0.));
#2439=DIRECTION('',(0.,0.,1.));
#2440=DIRECTION('',(-9.71445146547012E-16,1.,0.));
#2441=DIRECTION('',(9.71445146547012E-16,-1.,0.));
#2442=DIRECTION('',(0.,0.,1.));
#2443=DIRECTION('',(-9.71445146547012E-16,1.,0.));
#2444=DIRECTION('',(9.71445146547012E-16,-1.,0.));
#2445=DIRECTION('',(-1.,-9.71445146547012E-16,0.));
#2446=DIRECTION('',(-9.71445146547012E-16,1.,0.));
#2447=DIRECTION('',(0.,0.,1.));
#2448=DIRECTION('',(-9.71445146547012E-16,1.,0.));
#2449=DIRECTION('',(9.71445146547012E-16,-1.,0.));
#2450=DIRECTION('',(0.,0.,1.));
#2451=DIRECTION('',(-9.71445146547012E-16,1.,0.));
#2452=DIRECTION('',(9.71445146547012E-16,-1.,0.));
#2453=DIRECTION('',(-1.,-9.71445146547012E-16,0.));
#2454=DIRECTION('',(-9.71445146547012E-16,1.,0.));
#2455=DIRECTION('',(0.,0.,1.));
#2456=DIRECTION('',(-9.71445146547012E-16,1.,0.));
#2457=DIRECTION('',(9.71445146547012E-16,-1.,0.));
#2458=DIRECTION('',(0.,0.,1.));
#2459=DIRECTION('',(-9.71445146547012E-16,1.,0.));
#2460=DIRECTION('',(9.71445146547012E-16,-1.,0.));
#2461=DIRECTION('',(-1.,-9.71445146547012E-16,0.));
#2462=DIRECTION('',(-9.71445146547012E-16,1.,0.));
#2463=DIRECTION('',(0.,0.,1.));
#2464=DIRECTION('',(-9.71445146547012E-16,1.,0.));
#2465=DIRECTION('',(9.71445146547012E-16,-1.,0.));
#2466=DIRECTION('',(0.,0.,1.));
#2467=DIRECTION('',(-9.71445146547012E-16,1.,0.));
#2468=DIRECTION('',(9.71445146547012E-16,-1.,0.));
#2469=DIRECTION('',(-1.,-9.71445146547012E-16,0.));
#2470=DIRECTION('',(-9.71445146547012E-16,1.,0.));
#2471=DIRECTION('',(0.,0.,1.));
#2472=DIRECTION('',(-9.71445146547012E-16,1.,0.));
#2473=DIRECTION('',(9.71445146547012E-16,-1.,0.));
#2474=DIRECTION('',(0.,0.,1.));
#2475=DIRECTION('',(-9.71445146547012E-16,1.,0.));
#2476=DIRECTION('',(9.71445146547012E-16,-1.,0.));
#2477=DIRECTION('',(-1.,-9.71445146547012E-16,0.));
#2478=DIRECTION('',(-9.71445146547012E-16,1.,0.));
#2479=DIRECTION('',(0.,0.,1.));
#2480=DIRECTION('',(-9.71445146547012E-16,1.,0.));
#2481=DIRECTION('',(9.71445146547012E-16,-1.,0.));
#2482=DIRECTION('',(0.,0.,1.));
#2483=DIRECTION('',(-9.71445146547012E-16,1.,0.));
#2484=DIRECTION('',(9.71445146547012E-16,-1.,0.));
#2485=DIRECTION('',(-1.,-9.71445146547012E-16,0.));
#2486=DIRECTION('',(-9.71445146547012E-16,1.,0.));
#2487=DIRECTION('',(0.,0.,1.));
#2488=DIRECTION('',(-9.71445146547012E-16,1.,0.));
#2489=DIRECTION('',(9.71445146547012E-16,-1.,0.));
#2490=DIRECTION('',(0.,0.,1.));
#2491=DIRECTION('',(-9.71445146547012E-16,1.,0.));
#2492=DIRECTION('',(9.71445146547012E-16,-1.,0.));
#2493=DIRECTION('',(-1.,-9.71445146547012E-16,0.));
#2494=DIRECTION('',(-9.71445146547012E-16,1.,0.));
#2495=DIRECTION('',(0.,0.,1.));
#2496=DIRECTION('',(-9.71445146547012E-16,1.,0.));
#2497=DIRECTION('',(9.71445146547012E-16,-1.,0.));
#2498=DIRECTION('',(0.,0.,1.));
#2499=DIRECTION('',(-9.71445146547012E-16,1.,0.));
#2500=DIRECTION('',(9.71445146547012E-16,-1.,0.));
#2501=DIRECTION('',(-1.,-9.71445146547012E-16,0.));
#2502=DIRECTION('',(-9.71445146547012E-16,1.,0.));
#2503=DIRECTION('',(1.,9.71445146547012E-16,0.));
#2504=DIRECTION('',(-9.71445146547012E-16,1.,0.));
#2505=DIRECTION('',(9.71445146547012E-16,-1.,0.));
#2506=DIRECTION('',(-9.71445146547012E-16,1.,0.));
#2507=DIRECTION('',(0.,0.,1.));
#2508=DIRECTION('',(-9.71445146547012E-16,1.,0.));
#2509=DIRECTION('',(1.,9.71445146547012E-16,0.));
#2510=DIRECTION('',(-9.71445146547012E-16,1.,0.));
#2511=DIRECTION('',(-9.71445146547012E-16,1.,0.));
#2512=DIRECTION('',(9.71445146547012E-16,-1.,0.));
#2513=DIRECTION('',(0.,0.,1.));
#2514=DIRECTION('',(-9.71445146547012E-16,1.,0.));
#2515=DIRECTION('',(0.,0.,-1.));
#2516=DIRECTION('',(-1.,-9.71445146547012E-16,0.));
#2517=DIRECTION('',(1.,9.71445146547012E-16,0.));
#2518=DIRECTION('',(-9.71445146547012E-16,1.,0.));
#2519=DIRECTION('',(9.71445146547012E-16,-1.,0.));
#2520=DIRECTION('',(9.71445146547012E-16,-1.,0.));
#2521=DIRECTION('',(0.,0.,1.));
#2522=DIRECTION('',(1.,0.,0.));
#2523=DIRECTION('',(9.71445146547012E-16,-1.,0.));
#2524=DIRECTION('',(1.,9.71445146547012E-16,0.));
#2525=DIRECTION('',(-9.71445146547012E-16,1.,0.));
#2526=DIRECTION('',(9.71445146547012E-16,-1.,0.));
#2527=DIRECTION('',(0.,0.,1.));
#2528=DIRECTION('',(1.,0.,0.));
#2529=CARTESIAN_POINT('',(0.,0.,0.));
#2530=CARTESIAN_POINT('',(-3.46944695195361E-17,0.0433012701892219,0.1200912));
#2531=CARTESIAN_POINT('',(0.00659352501879186,0.0433012701892219,0.1200912));
#2532=CARTESIAN_POINT('',(0.00659352501879186,0.043301270189223,0.1193));
#2533=CARTESIAN_POINT('',(0.00659352501879186,0.043301270189223,0.1103338));
#2534=CARTESIAN_POINT('',(-3.46944695195361E-17,0.0433012701892219,0.1193));
#2535=CARTESIAN_POINT('',(-0.00659352501879428,0.0433012701892219,0.1193));
#2536=CARTESIAN_POINT('',(-0.00659352501879192,0.0433012701892219,0.1200912));
#2537=CARTESIAN_POINT('',(-0.00659352501879192,0.043301270189223,0.1103338));
#2538=CARTESIAN_POINT('',(-3.46944695195361E-17,0.0433012701892219,0.1103338));
#2539=CARTESIAN_POINT('',(0.0205169,0.043301270189223,0.1255376));
#2540=CARTESIAN_POINT('',(0.0205169,0.043301270189223,0.0976757));
#2541=CARTESIAN_POINT('',(0.0205169,0.043301270189223,0.130984));
#2542=CARTESIAN_POINT('',(-3.46944695195372E-17,0.043301270189223,0.0976757));
#2543=CARTESIAN_POINT('',(-0.012751943024588,0.043301270189223,0.0976757));
#2544=CARTESIAN_POINT('',(-0.012751943024588,0.043301270189223,0.1255376));
#2545=CARTESIAN_POINT('',(-0.012751943024588,0.043301270189223,0.130984));
#2546=CARTESIAN_POINT('',(-0.014993493024588,0.043301270189223,0.130984));
#2547=CARTESIAN_POINT('',(-0.017235043024588,0.043301270189223,0.130984));
#2548=CARTESIAN_POINT('',(-0.017235043024588,0.0433012701892219,0.1200912));
#2549=CARTESIAN_POINT('',(-0.017235043024588,0.0433012701892219,0.139926828571429));
#2550=CARTESIAN_POINT('',(-3.46944695195361E-17,0.0433012701892219,0.139926828571429));
#2551=CARTESIAN_POINT('',(-0.025,0.0433012701892219,0.139926828571429));
#2552=CARTESIAN_POINT('',(-0.025,0.0433012701892219,0.1200912));
#2553=CARTESIAN_POINT('',(-0.025,0.0433012701892219,0.159610057142857));
#2554=CARTESIAN_POINT('',(-3.46944695195361E-17,0.0433012701892219,0.159610057142857));
#2555=CARTESIAN_POINT('',(-0.017235043024588,0.0433012701892219,0.159610057142857));
#2556=CARTESIAN_POINT('',(-0.017235043024588,0.0433012701892219,0.1200912));
#2557=CARTESIAN_POINT('',(-0.017235043024588,0.0433012701892219,0.179496485714286));
#2558=CARTESIAN_POINT('',(-3.46944695195361E-17,0.0433012701892219,0.179496485714286));
#2559=CARTESIAN_POINT('',(-0.025,0.0433012701892219,0.179496485714286));
#2560=CARTESIAN_POINT('',(-0.025,0.0433012701892219,0.1200912));
#2561=CARTESIAN_POINT('',(-0.025,0.0433012701892219,0.199179714285714));
#2562=CARTESIAN_POINT('',(-3.46944695195361E-17,0.0433012701892219,0.199179714285714));
#2563=CARTESIAN_POINT('',(-0.017235043024588,0.0433012701892219,0.199179714285714));
#2564=CARTESIAN_POINT('',(-0.017235043024588,0.0433012701892219,0.1200912));
#2565=CARTESIAN_POINT('',(-0.017235043024588,0.0433012701892219,0.219066142857143));
#2566=CARTESIAN_POINT('',(-3.46944695195361E-17,0.0433012701892219,0.219066142857143));
#2567=CARTESIAN_POINT('',(-0.025,0.0433012701892219,0.219066142857143));
#2568=CARTESIAN_POINT('',(-0.025,0.0433012701892219,0.1200912));
#2569=CARTESIAN_POINT('',(-0.025,0.0433012701892219,0.238749371428571));
#2570=CARTESIAN_POINT('',(-3.46944695195361E-17,0.0433012701892219,0.238749371428571));
#2571=CARTESIAN_POINT('',(-0.017235043024588,0.0433012701892219,0.238749371428571));
#2572=CARTESIAN_POINT('',(-0.017235043024588,0.0433012701892219,0.1200912));
#2573=CARTESIAN_POINT('',(-0.017235043024588,0.043301270189223,0.258585));
#2574=CARTESIAN_POINT('',(-3.46944695195361E-17,0.0433012701892219,0.258585));
#2575=CARTESIAN_POINT('',(-0.00828253333333337,0.0433012701892219,0.258585));
#2576=CARTESIAN_POINT('',(-0.00828253333333337,0.0433012701892219,0.1200912));
#2577=CARTESIAN_POINT('',(-0.00828253333333337,0.0433012701892219,0.2675512));
#2578=CARTESIAN_POINT('',(-3.46944695195361E-17,0.0433012701892219,0.2675512));
#2579=CARTESIAN_POINT('',(-0.017235043024588,0.043301270189223,0.2675512));
#2580=CARTESIAN_POINT('',(-0.017235043024588,0.0433012701892219,0.1200912));
#2581=CARTESIAN_POINT('',(-0.017235043024588,0.0433012701892219,0.288827977777778));
#2582=CARTESIAN_POINT('',(-3.46944695195361E-17,0.0433012701892219,0.288827977777778));
#2583=CARTESIAN_POINT('',(-0.025,0.0433012701892219,0.288827977777778));
#2584=CARTESIAN_POINT('',(-0.025,0.0433012701892219,0.1200912));
#2585=CARTESIAN_POINT('',(-0.025,0.0433012701892219,0.309952355555556));
#2586=CARTESIAN_POINT('',(-3.46944695195361E-17,0.0433012701892219,0.309952355555556));
#2587=CARTESIAN_POINT('',(-0.017235043024588,0.0433012701892219,0.309952355555556));
#2588=CARTESIAN_POINT('',(-0.017235043024588,0.0433012701892219,0.1200912));
#2589=CARTESIAN_POINT('',(-0.017235043024588,0.0433012701892219,0.331279933333334));
#2590=CARTESIAN_POINT('',(-3.46944695195361E-17,0.0433012701892219,0.331279933333334));
#2591=CARTESIAN_POINT('',(-0.025,0.0433012701892219,0.331279933333334));
#2592=CARTESIAN_POINT('',(-0.025,0.0433012701892219,0.1200912));
#2593=CARTESIAN_POINT('',(-0.025,0.0433012701892219,0.352404311111111));
#2594=CARTESIAN_POINT('',(-3.46944695195361E-17,0.0433012701892219,0.352404311111111));
#2595=CARTESIAN_POINT('',(-0.017235043024588,0.0433012701892219,0.352404311111111));
#2596=CARTESIAN_POINT('',(-0.017235043024588,0.0433012701892219,0.1200912));
#2597=CARTESIAN_POINT('',(-0.017235043024588,0.0433012701892219,0.373731888888889));
#2598=CARTESIAN_POINT('',(-3.46944695195361E-17,0.0433012701892219,0.373731888888889));
#2599=CARTESIAN_POINT('',(-0.025,0.0433012701892219,0.373731888888889));
#2600=CARTESIAN_POINT('',(-0.025,0.0433012701892219,0.1200912));
#2601=CARTESIAN_POINT('',(-0.025,0.0433012701892219,0.394856266666667));
#2602=CARTESIAN_POINT('',(-3.46944695195361E-17,0.0433012701892219,0.394856266666667));
#2603=CARTESIAN_POINT('',(-0.017235043024588,0.0433012701892219,0.394856266666667));
#2604=CARTESIAN_POINT('',(-0.017235043024588,0.0433012701892219,0.1200912));
#2605=CARTESIAN_POINT('',(-0.017235043024588,0.0433012701892219,0.416183844444445));
#2606=CARTESIAN_POINT('',(-3.46944695195361E-17,0.0433012701892219,0.416183844444445));
#2607=CARTESIAN_POINT('',(-0.025,0.0433012701892219,0.416183844444445));
#2608=CARTESIAN_POINT('',(-0.025,0.0433012701892219,0.1200912));
#2609=CARTESIAN_POINT('',(-0.025,0.0433012701892219,0.437308222222222));
#2610=CARTESIAN_POINT('',(-3.46944695195361E-17,0.0433012701892219,0.437308222222222));
#2611=CARTESIAN_POINT('',(-0.017235043024588,0.0433012701892219,0.437308222222222));
#2612=CARTESIAN_POINT('',(-0.017235043024588,0.0433012701892219,0.1200912));
#2613=CARTESIAN_POINT('',(-0.017235043024588,0.043301270189223,0.458585));
#2614=CARTESIAN_POINT('',(-3.46944695195361E-17,0.0433012701892219,0.458585));
#2615=CARTESIAN_POINT('',(-0.00828253333333336,0.0433012701892219,0.458585));
#2616=CARTESIAN_POINT('',(-0.00828253333333336,0.0433012701892219,0.1200912));
#2617=CARTESIAN_POINT('',(-0.00828253333333336,0.0433012701892219,0.4675512));
#2618=CARTESIAN_POINT('',(-3.46944695195361E-17,0.0433012701892219,0.4675512));
#2619=CARTESIAN_POINT('',(-0.017235043024588,0.043301270189223,0.4675512));
#2620=CARTESIAN_POINT('',(-0.017235043024588,0.0433012701892219,0.1200912));
#2621=CARTESIAN_POINT('',(-0.017235043024588,0.0433012701892219,0.484268666666667));
#2622=CARTESIAN_POINT('',(-3.46944695195361E-17,0.0433012701892219,0.484268666666667));
#2623=CARTESIAN_POINT('',(-0.025,0.0433012701892219,0.484268666666667));
#2624=CARTESIAN_POINT('',(-0.025,0.0433012701892219,0.1200912));
#2625=CARTESIAN_POINT('',(-0.025,0.0433012701892219,0.500833733333333));
#2626=CARTESIAN_POINT('',(-3.46944695195361E-17,0.0433012701892219,0.500833733333333));
#2627=CARTESIAN_POINT('',(-0.017235043024588,0.0433012701892219,0.500833733333333));
#2628=CARTESIAN_POINT('',(-0.017235043024588,0.0433012701892219,0.1200912));
#2629=CARTESIAN_POINT('',(-0.017235043024588,0.043301270189223,0.5175512));
#2630=CARTESIAN_POINT('',(-3.46944695195361E-17,0.0433012701892219,0.5175512));
#2631=CARTESIAN_POINT('',(0.025,0.0433012701892219,0.5175512));
#2632=CARTESIAN_POINT('',(0.025,0.0433012701892219,0.1200912));
#2633=CARTESIAN_POINT('',(0.025,0.043301270189223,0.500884533333333));
#2634=CARTESIAN_POINT('',(0.0211175215122937,0.043301270189223,0.500884533333333));
#2635=CARTESIAN_POINT('',(0.0172350430245875,0.043301270189223,0.500884533333333));
#2636=CARTESIAN_POINT('',(0.0172350430245875,0.043301270189223,0.4925512));
#2637=CARTESIAN_POINT('',(0.0172350430245875,0.043301270189223,0.484217866666667));
#2638=CARTESIAN_POINT('',(0.0211175215122937,0.043301270189223,0.484217866666667));
#2639=CARTESIAN_POINT('',(0.025,0.043301270189223,0.484217866666667));
#2640=CARTESIAN_POINT('',(0.025,0.0433012701892219,0.1200912));
#2641=CARTESIAN_POINT('',(0.025,0.043301270189223,0.4675512));
#2642=CARTESIAN_POINT('',(-3.46944695195361E-17,0.0433012701892219,0.4675512));
#2643=CARTESIAN_POINT('',(0.00828253333333329,0.0433012701892219,0.4675512));
#2644=CARTESIAN_POINT('',(0.00828253333333329,0.0433012701892219,0.1200912));
#2645=CARTESIAN_POINT('',(0.00828253333333329,0.0433012701892219,0.458585));
#2646=CARTESIAN_POINT('',(-3.46944695195361E-17,0.0433012701892219,0.458585));
#2647=CARTESIAN_POINT('',(0.025,0.043301270189223,0.458585));
#2648=CARTESIAN_POINT('',(0.025,0.0433012701892219,0.1200912));
#2649=CARTESIAN_POINT('',(0.025,0.043301270189223,0.437359022222223));
#2650=CARTESIAN_POINT('',(0.0211175215122937,0.043301270189223,0.437359022222223));
#2651=CARTESIAN_POINT('',(0.0172350430245875,0.043301270189223,0.437359022222223));
#2652=CARTESIAN_POINT('',(0.0172350430245875,0.043301270189223,0.426746033333334));
#2653=CARTESIAN_POINT('',(0.0172350430245875,0.043301270189223,0.416133044444444));
#2654=CARTESIAN_POINT('',(0.0211175215122937,0.043301270189223,0.416133044444444));
#2655=CARTESIAN_POINT('',(0.025,0.043301270189223,0.416133044444444));
#2656=CARTESIAN_POINT('',(0.025,0.0433012701892219,0.1200912));
#2657=CARTESIAN_POINT('',(0.025,0.043301270189223,0.394907066666666));
#2658=CARTESIAN_POINT('',(0.0211175215122937,0.043301270189223,0.394907066666666));
#2659=CARTESIAN_POINT('',(0.0172350430245875,0.043301270189223,0.394907066666666));
#2660=CARTESIAN_POINT('',(0.0172350430245875,0.043301270189223,0.384294077777778));
#2661=CARTESIAN_POINT('',(0.0172350430245875,0.043301270189223,0.373681088888889));
#2662=CARTESIAN_POINT('',(0.0211175215122937,0.043301270189223,0.373681088888889));
#2663=CARTESIAN_POINT('',(0.025,0.043301270189223,0.373681088888889));
#2664=CARTESIAN_POINT('',(0.025,0.0433012701892219,0.1200912));
#2665=CARTESIAN_POINT('',(0.025,0.043301270189223,0.352455111111111));
#2666=CARTESIAN_POINT('',(0.0211175215122937,0.043301270189223,0.352455111111111));
#2667=CARTESIAN_POINT('',(0.0172350430245875,0.043301270189223,0.352455111111111));
#2668=CARTESIAN_POINT('',(0.0172350430245875,0.043301270189223,0.341842122222223));
#2669=CARTESIAN_POINT('',(0.0172350430245875,0.043301270189223,0.331229133333334));
#2670=CARTESIAN_POINT('',(0.0211175215122937,0.043301270189223,0.331229133333334));
#2671=CARTESIAN_POINT('',(0.025,0.043301270189223,0.331229133333334));
#2672=CARTESIAN_POINT('',(0.025,0.0433012701892219,0.1200912));
#2673=CARTESIAN_POINT('',(0.025,0.043301270189223,0.310003155555555));
#2674=CARTESIAN_POINT('',(0.0211175215122937,0.043301270189223,0.310003155555555));
#2675=CARTESIAN_POINT('',(0.0172350430245875,0.043301270189223,0.310003155555555));
#2676=CARTESIAN_POINT('',(0.0172350430245875,0.043301270189223,0.299390166666667));
#2677=CARTESIAN_POINT('',(0.0172350430245875,0.043301270189223,0.288777177777778));
#2678=CARTESIAN_POINT('',(0.0211175215122937,0.043301270189223,0.288777177777778));
#2679=CARTESIAN_POINT('',(0.025,0.043301270189223,0.288777177777778));
#2680=CARTESIAN_POINT('',(0.025,0.0433012701892219,0.1200912));
#2681=CARTESIAN_POINT('',(0.025,0.043301270189223,0.2675512));
#2682=CARTESIAN_POINT('',(-3.46944695195361E-17,0.0433012701892219,0.2675512));
#2683=CARTESIAN_POINT('',(0.00828253333333329,0.0433012701892219,0.2675512));
#2684=CARTESIAN_POINT('',(0.00828253333333329,0.0433012701892219,0.1200912));
#2685=CARTESIAN_POINT('',(0.00828253333333329,0.0433012701892219,0.258585));
#2686=CARTESIAN_POINT('',(-3.46944695195361E-17,0.0433012701892219,0.258585));
#2687=CARTESIAN_POINT('',(0.025,0.043301270189223,0.258585));
#2688=CARTESIAN_POINT('',(0.025,0.0433012701892219,0.1200912));
#2689=CARTESIAN_POINT('',(0.025,0.043301270189223,0.238800171428572));
#2690=CARTESIAN_POINT('',(0.0211175215122937,0.043301270189223,0.238800171428572));
#2691=CARTESIAN_POINT('',(0.0172350430245875,0.043301270189223,0.238800171428572));
#2692=CARTESIAN_POINT('',(0.0172350430245875,0.043301270189223,0.228907757142857));
#2693=CARTESIAN_POINT('',(0.0172350430245875,0.043301270189223,0.219015342857143));
#2694=CARTESIAN_POINT('',(0.0211175215122937,0.043301270189223,0.219015342857143));
#2695=CARTESIAN_POINT('',(0.025,0.043301270189223,0.219015342857143));
#2696=CARTESIAN_POINT('',(0.025,0.0433012701892219,0.1200912));
#2697=CARTESIAN_POINT('',(0.025,0.043301270189223,0.199230514285714));
#2698=CARTESIAN_POINT('',(0.0211175215122937,0.043301270189223,0.199230514285714));
#2699=CARTESIAN_POINT('',(0.0172350430245875,0.043301270189223,0.199230514285714));
#2700=CARTESIAN_POINT('',(0.0172350430245875,0.043301270189223,0.1893381));
#2701=CARTESIAN_POINT('',(0.0172350430245875,0.043301270189223,0.179445685714285));
#2702=CARTESIAN_POINT('',(0.0211175215122937,0.043301270189223,0.179445685714285));
#2703=CARTESIAN_POINT('',(0.025,0.043301270189223,0.179445685714285));
#2704=CARTESIAN_POINT('',(0.025,0.0433012701892219,0.1200912));
#2705=CARTESIAN_POINT('',(0.025,0.043301270189223,0.159660857142857));
#2706=CARTESIAN_POINT('',(0.0211175215122937,0.043301270189223,0.159660857142857));
#2707=CARTESIAN_POINT('',(0.0172350430245875,0.043301270189223,0.159660857142857));
#2708=CARTESIAN_POINT('',(0.0172350430245875,0.043301270189223,0.149768442857143));
#2709=CARTESIAN_POINT('',(0.0172350430245875,0.043301270189223,0.139876028571429));
#2710=CARTESIAN_POINT('',(0.0211175215122937,0.043301270189223,0.139876028571429));
#2711=CARTESIAN_POINT('',(0.025,0.043301270189223,0.139876028571429));
#2712=CARTESIAN_POINT('',(0.025,0.0433012701892219,0.1200912));
#2713=CARTESIAN_POINT('',(0.025,0.043301270189223,0.130984));
#2714=CARTESIAN_POINT('',(0.02275845,0.043301270189223,0.130984));
#2715=CARTESIAN_POINT('',(-2.59842980465664E-17,0.0343350701892219,0.1200912));
#2716=CARTESIAN_POINT('',(-2.59842980465664E-17,0.0343350701892219,0.1193));
#2717=CARTESIAN_POINT('',(-0.00659352501879191,0.0343350701892229,0.1193));
#2718=CARTESIAN_POINT('',(0.00659352501879422,0.0343350701892219,0.1193));
#2719=CARTESIAN_POINT('',(0.00659352501879187,0.0343350701892219,0.1200912));
#2720=CARTESIAN_POINT('',(0.00659352501879187,0.0343350701892229,0.1103338));
#2721=CARTESIAN_POINT('',(-2.59842980465664E-17,0.0343350701892219,0.1103338));
#2722=CARTESIAN_POINT('',(-0.00659352501879191,0.0343350701892229,0.1103338));
#2723=CARTESIAN_POINT('',(-0.00659352501879191,0.0343350701892219,0.1200912));
#2724=CARTESIAN_POINT('',(0.02275845,0.0343350701892219,0.130984));
#2725=CARTESIAN_POINT('',(0.025,0.0343350701892219,0.130984));
#2726=CARTESIAN_POINT('',(0.0205169,0.0343350701892219,0.130984));
#2727=CARTESIAN_POINT('',(0.025,0.0343350701892219,0.1200912));
#2728=CARTESIAN_POINT('',(0.025,0.0343350701892219,0.139876028571429));
#2729=CARTESIAN_POINT('',(0.0211175215122938,0.0343350701892219,0.139876028571429));
#2730=CARTESIAN_POINT('',(0.0172350430245875,0.0343350701892219,0.139876028571429));
#2731=CARTESIAN_POINT('',(0.0172350430245875,0.0343350701892219,0.149768442857143));
#2732=CARTESIAN_POINT('',(0.0172350430245875,0.0343350701892219,0.159660857142857));
#2733=CARTESIAN_POINT('',(0.0211175215122938,0.0343350701892219,0.159660857142857));
#2734=CARTESIAN_POINT('',(0.025,0.0343350701892219,0.159660857142857));
#2735=CARTESIAN_POINT('',(0.025,0.0343350701892219,0.1200912));
#2736=CARTESIAN_POINT('',(0.025,0.0343350701892219,0.179445685714285));
#2737=CARTESIAN_POINT('',(0.0211175215122938,0.0343350701892219,0.179445685714285));
#2738=CARTESIAN_POINT('',(0.0172350430245875,0.0343350701892219,0.179445685714285));
#2739=CARTESIAN_POINT('',(0.0172350430245875,0.0343350701892219,0.1893381));
#2740=CARTESIAN_POINT('',(0.0172350430245875,0.0343350701892219,0.199230514285714));
#2741=CARTESIAN_POINT('',(0.0211175215122938,0.0343350701892219,0.199230514285714));
#2742=CARTESIAN_POINT('',(0.025,0.0343350701892219,0.199230514285714));
#2743=CARTESIAN_POINT('',(0.025,0.0343350701892219,0.1200912));
#2744=CARTESIAN_POINT('',(0.025,0.0343350701892219,0.219015342857143));
#2745=CARTESIAN_POINT('',(0.0211175215122938,0.0343350701892219,0.219015342857143));
#2746=CARTESIAN_POINT('',(0.0172350430245875,0.0343350701892219,0.219015342857143));
#2747=CARTESIAN_POINT('',(0.0172350430245875,0.0343350701892219,0.228907757142857));
#2748=CARTESIAN_POINT('',(0.0172350430245875,0.0343350701892219,0.238800171428572));
#2749=CARTESIAN_POINT('',(0.0211175215122938,0.0343350701892219,0.238800171428572));
#2750=CARTESIAN_POINT('',(0.025,0.0343350701892219,0.238800171428572));
#2751=CARTESIAN_POINT('',(0.025,0.0343350701892219,0.1200912));
#2752=CARTESIAN_POINT('',(0.025,0.0343350701892229,0.258585));
#2753=CARTESIAN_POINT('',(-2.59842980465664E-17,0.0343350701892219,0.258585));
#2754=CARTESIAN_POINT('',(0.0082825333333333,0.0343350701892219,0.258585));
#2755=CARTESIAN_POINT('',(0.0082825333333333,0.0343350701892219,0.1200912));
#2756=CARTESIAN_POINT('',(0.0082825333333333,0.0343350701892219,0.2675512));
#2757=CARTESIAN_POINT('',(-2.59842980465664E-17,0.0343350701892219,0.2675512));
#2758=CARTESIAN_POINT('',(0.025,0.0343350701892219,0.2675512));
#2759=CARTESIAN_POINT('',(0.025,0.0343350701892219,0.1200912));
#2760=CARTESIAN_POINT('',(0.025,0.0343350701892219,0.288777177777778));
#2761=CARTESIAN_POINT('',(0.0211175215122938,0.0343350701892219,0.288777177777778));
#2762=CARTESIAN_POINT('',(0.0172350430245875,0.0343350701892219,0.288777177777778));
#2763=CARTESIAN_POINT('',(0.0172350430245875,0.0343350701892219,0.299390166666667));
#2764=CARTESIAN_POINT('',(0.0172350430245875,0.0343350701892219,0.310003155555555));
#2765=CARTESIAN_POINT('',(0.0211175215122938,0.0343350701892219,0.310003155555555));
#2766=CARTESIAN_POINT('',(0.025,0.0343350701892219,0.310003155555555));
#2767=CARTESIAN_POINT('',(0.025,0.0343350701892219,0.1200912));
#2768=CARTESIAN_POINT('',(0.025,0.0343350701892219,0.331229133333334));
#2769=CARTESIAN_POINT('',(0.0211175215122938,0.0343350701892219,0.331229133333334));
#2770=CARTESIAN_POINT('',(0.0172350430245875,0.0343350701892219,0.331229133333334));
#2771=CARTESIAN_POINT('',(0.0172350430245875,0.0343350701892219,0.341842122222223));
#2772=CARTESIAN_POINT('',(0.0172350430245875,0.0343350701892219,0.352455111111111));
#2773=CARTESIAN_POINT('',(0.0211175215122938,0.0343350701892219,0.352455111111111));
#2774=CARTESIAN_POINT('',(0.025,0.0343350701892219,0.352455111111111));
#2775=CARTESIAN_POINT('',(0.025,0.0343350701892219,0.1200912));
#2776=CARTESIAN_POINT('',(0.025,0.0343350701892219,0.373681088888889));
#2777=CARTESIAN_POINT('',(0.0211175215122938,0.0343350701892219,0.373681088888889));
#2778=CARTESIAN_POINT('',(0.0172350430245875,0.0343350701892219,0.373681088888889));
#2779=CARTESIAN_POINT('',(0.0172350430245875,0.0343350701892219,0.384294077777778));
#2780=CARTESIAN_POINT('',(0.0172350430245875,0.0343350701892219,0.394907066666666));
#2781=CARTESIAN_POINT('',(0.0211175215122938,0.0343350701892219,0.394907066666666));
#2782=CARTESIAN_POINT('',(0.025,0.0343350701892219,0.394907066666666));
#2783=CARTESIAN_POINT('',(0.025,0.0343350701892219,0.1200912));
#2784=CARTESIAN_POINT('',(0.025,0.0343350701892219,0.416133044444444));
#2785=CARTESIAN_POINT('',(0.0211175215122938,0.0343350701892219,0.416133044444444));
#2786=CARTESIAN_POINT('',(0.0172350430245875,0.0343350701892219,0.416133044444444));
#2787=CARTESIAN_POINT('',(0.0172350430245875,0.0343350701892219,0.426746033333334));
#2788=CARTESIAN_POINT('',(0.0172350430245875,0.0343350701892219,0.437359022222223));
#2789=CARTESIAN_POINT('',(0.0211175215122938,0.0343350701892219,0.437359022222223));
#2790=CARTESIAN_POINT('',(0.025,0.0343350701892219,0.437359022222223));
#2791=CARTESIAN_POINT('',(0.025,0.0343350701892219,0.1200912));
#2792=CARTESIAN_POINT('',(0.025,0.0343350701892229,0.458585));
#2793=CARTESIAN_POINT('',(-2.59842980465664E-17,0.0343350701892219,0.458585));
#2794=CARTESIAN_POINT('',(0.0082825333333333,0.0343350701892219,0.458585));
#2795=CARTESIAN_POINT('',(0.0082825333333333,0.0343350701892219,0.1200912));
#2796=CARTESIAN_POINT('',(0.0082825333333333,0.0343350701892219,0.4675512));
#2797=CARTESIAN_POINT('',(-2.59842980465664E-17,0.0343350701892219,0.4675512));
#2798=CARTESIAN_POINT('',(0.025,0.0343350701892219,0.4675512));
#2799=CARTESIAN_POINT('',(0.025,0.0343350701892219,0.1200912));
#2800=CARTESIAN_POINT('',(0.025,0.0343350701892219,0.484217866666667));
#2801=CARTESIAN_POINT('',(0.0211175215122938,0.0343350701892219,0.484217866666667));
#2802=CARTESIAN_POINT('',(0.0172350430245875,0.0343350701892219,0.484217866666667));
#2803=CARTESIAN_POINT('',(0.0172350430245875,0.0343350701892219,0.4925512));
#2804=CARTESIAN_POINT('',(0.0172350430245875,0.0343350701892219,0.500884533333333));
#2805=CARTESIAN_POINT('',(0.0211175215122938,0.0343350701892219,0.500884533333333));
#2806=CARTESIAN_POINT('',(0.025,0.0343350701892219,0.500884533333333));
#2807=CARTESIAN_POINT('',(0.025,0.0343350701892219,0.1200912));
#2808=CARTESIAN_POINT('',(0.025,0.0343350701892219,0.5175512));
#2809=CARTESIAN_POINT('',(-2.59842980465664E-17,0.0343350701892219,0.5175512));
#2810=CARTESIAN_POINT('',(-0.017235043024588,0.0343350701892229,0.5175512));
#2811=CARTESIAN_POINT('',(-0.017235043024588,0.0343350701892219,0.1200912));
#2812=CARTESIAN_POINT('',(-0.017235043024588,0.0343350701892219,0.500833733333333));
#2813=CARTESIAN_POINT('',(-2.59842980465664E-17,0.0343350701892219,0.500833733333333));
#2814=CARTESIAN_POINT('',(-0.025,0.0343350701892219,0.500833733333333));
#2815=CARTESIAN_POINT('',(-0.025,0.0343350701892219,0.1200912));
#2816=CARTESIAN_POINT('',(-0.025,0.0343350701892219,0.484268666666667));
#2817=CARTESIAN_POINT('',(-2.59842980465664E-17,0.0343350701892219,0.484268666666667));
#2818=CARTESIAN_POINT('',(-0.017235043024588,0.0343350701892219,0.484268666666667));
#2819=CARTESIAN_POINT('',(-0.017235043024588,0.0343350701892219,0.1200912));
#2820=CARTESIAN_POINT('',(-0.0172350430245857,0.0343350701892219,0.4675512));
#2821=CARTESIAN_POINT('',(-2.59842980465664E-17,0.0343350701892219,0.4675512));
#2822=CARTESIAN_POINT('',(-0.00828253333333335,0.0343350701892219,0.4675512));
#2823=CARTESIAN_POINT('',(-0.00828253333333335,0.0343350701892219,0.1200912));
#2824=CARTESIAN_POINT('',(-0.00828253333333335,0.0343350701892219,0.458585));
#2825=CARTESIAN_POINT('',(-2.59842980465664E-17,0.0343350701892219,0.458585));
#2826=CARTESIAN_POINT('',(-0.017235043024588,0.0343350701892229,0.458585));
#2827=CARTESIAN_POINT('',(-0.017235043024588,0.0343350701892219,0.1200912));
#2828=CARTESIAN_POINT('',(-0.017235043024588,0.0343350701892219,0.437308222222222));
#2829=CARTESIAN_POINT('',(-2.59842980465664E-17,0.0343350701892219,0.437308222222222));
#2830=CARTESIAN_POINT('',(-0.025,0.0343350701892219,0.437308222222222));
#2831=CARTESIAN_POINT('',(-0.025,0.0343350701892219,0.1200912));
#2832=CARTESIAN_POINT('',(-0.025,0.0343350701892219,0.416183844444445));
#2833=CARTESIAN_POINT('',(-2.59842980465664E-17,0.0343350701892219,0.416183844444445));
#2834=CARTESIAN_POINT('',(-0.017235043024588,0.0343350701892219,0.416183844444445));
#2835=CARTESIAN_POINT('',(-0.017235043024588,0.0343350701892219,0.1200912));
#2836=CARTESIAN_POINT('',(-0.017235043024588,0.0343350701892219,0.394856266666667));
#2837=CARTESIAN_POINT('',(-2.59842980465664E-17,0.0343350701892219,0.394856266666667));
#2838=CARTESIAN_POINT('',(-0.025,0.0343350701892219,0.394856266666667));
#2839=CARTESIAN_POINT('',(-0.025,0.0343350701892219,0.1200912));
#2840=CARTESIAN_POINT('',(-0.025,0.0343350701892219,0.373731888888889));
#2841=CARTESIAN_POINT('',(-2.59842980465664E-17,0.0343350701892219,0.373731888888889));
#2842=CARTESIAN_POINT('',(-0.017235043024588,0.0343350701892219,0.373731888888889));
#2843=CARTESIAN_POINT('',(-0.017235043024588,0.0343350701892219,0.1200912));
#2844=CARTESIAN_POINT('',(-0.017235043024588,0.0343350701892219,0.352404311111111));
#2845=CARTESIAN_POINT('',(-2.59842980465664E-17,0.0343350701892219,0.352404311111111));
#2846=CARTESIAN_POINT('',(-0.025,0.0343350701892219,0.352404311111111));
#2847=CARTESIAN_POINT('',(-0.025,0.0343350701892219,0.1200912));
#2848=CARTESIAN_POINT('',(-0.025,0.0343350701892219,0.331279933333334));
#2849=CARTESIAN_POINT('',(-2.59842980465664E-17,0.0343350701892219,0.331279933333334));
#2850=CARTESIAN_POINT('',(-0.017235043024588,0.0343350701892219,0.331279933333334));
#2851=CARTESIAN_POINT('',(-0.017235043024588,0.0343350701892219,0.1200912));
#2852=CARTESIAN_POINT('',(-0.017235043024588,0.0343350701892219,0.309952355555556));
#2853=CARTESIAN_POINT('',(-2.59842980465664E-17,0.0343350701892219,0.309952355555556));
#2854=CARTESIAN_POINT('',(-0.025,0.0343350701892219,0.309952355555556));
#2855=CARTESIAN_POINT('',(-0.025,0.0343350701892219,0.1200912));
#2856=CARTESIAN_POINT('',(-0.025,0.0343350701892219,0.288827977777778));
#2857=CARTESIAN_POINT('',(-2.59842980465664E-17,0.0343350701892219,0.288827977777778));
#2858=CARTESIAN_POINT('',(-0.017235043024588,0.0343350701892219,0.288827977777778));
#2859=CARTESIAN_POINT('',(-0.017235043024588,0.0343350701892219,0.1200912));
#2860=CARTESIAN_POINT('',(-0.0172350430245856,0.0343350701892219,0.2675512));
#2861=CARTESIAN_POINT('',(-2.59842980465664E-17,0.0343350701892219,0.2675512));
#2862=CARTESIAN_POINT('',(-0.00828253333333336,0.0343350701892219,0.2675512));
#2863=CARTESIAN_POINT('',(-0.00828253333333336,0.0343350701892219,0.1200912));
#2864=CARTESIAN_POINT('',(-0.00828253333333336,0.0343350701892219,0.258585));
#2865=CARTESIAN_POINT('',(-2.59842980465664E-17,0.0343350701892219,0.258585));
#2866=CARTESIAN_POINT('',(-0.017235043024588,0.0343350701892229,0.258585));
#2867=CARTESIAN_POINT('',(-0.017235043024588,0.0343350701892219,0.1200912));
#2868=CARTESIAN_POINT('',(-0.017235043024588,0.0343350701892219,0.238749371428571));
#2869=CARTESIAN_POINT('',(-2.59842980465664E-17,0.0343350701892219,0.238749371428571));
#2870=CARTESIAN_POINT('',(-0.025,0.0343350701892219,0.238749371428571));
#2871=CARTESIAN_POINT('',(-0.025,0.0343350701892219,0.1200912));
#2872=CARTESIAN_POINT('',(-0.025,0.0343350701892219,0.219066142857143));
#2873=CARTESIAN_POINT('',(-2.59842980465664E-17,0.0343350701892219,0.219066142857143));
#2874=CARTESIAN_POINT('',(-0.017235043024588,0.0343350701892219,0.219066142857143));
#2875=CARTESIAN_POINT('',(-0.017235043024588,0.0343350701892219,0.1200912));
#2876=CARTESIAN_POINT('',(-0.017235043024588,0.0343350701892219,0.199179714285714));
#2877=CARTESIAN_POINT('',(-2.59842980465664E-17,0.0343350701892219,0.199179714285714));
#2878=CARTESIAN_POINT('',(-0.025,0.0343350701892219,0.199179714285714));
#2879=CARTESIAN_POINT('',(-0.025,0.0343350701892219,0.1200912));
#2880=CARTESIAN_POINT('',(-0.025,0.0343350701892219,0.179496485714286));
#2881=CARTESIAN_POINT('',(-2.59842980465664E-17,0.0343350701892219,0.179496485714286));
#2882=CARTESIAN_POINT('',(-0.017235043024588,0.0343350701892219,0.179496485714286));
#2883=CARTESIAN_POINT('',(-0.017235043024588,0.0343350701892219,0.1200912));
#2884=CARTESIAN_POINT('',(-0.017235043024588,0.0343350701892219,0.159610057142857));
#2885=CARTESIAN_POINT('',(-2.59842980465664E-17,0.0343350701892219,0.159610057142857));
#2886=CARTESIAN_POINT('',(-0.025,0.0343350701892219,0.159610057142857));
#2887=CARTESIAN_POINT('',(-0.025,0.0343350701892219,0.1200912));
#2888=CARTESIAN_POINT('',(-0.025,0.0343350701892219,0.139926828571429));
#2889=CARTESIAN_POINT('',(-2.59842980465664E-17,0.0343350701892219,0.139926828571429));
#2890=CARTESIAN_POINT('',(-0.017235043024588,0.0343350701892219,0.139926828571429));
#2891=CARTESIAN_POINT('',(-0.017235043024588,0.0343350701892219,0.1200912));
#2892=CARTESIAN_POINT('',(-0.017235043024588,0.0343350701892219,0.130984));
#2893=CARTESIAN_POINT('',(-0.014993493024588,0.0343350701892219,0.130984));
#2894=CARTESIAN_POINT('',(-0.012751943024588,0.0343350701892219,0.130984));
#2895=CARTESIAN_POINT('',(-0.012751943024588,0.0343350701892219,0.1255376));
#2896=CARTESIAN_POINT('',(-0.012751943024588,0.0343350701892219,0.0976757));
#2897=CARTESIAN_POINT('',(-2.59842980465664E-17,0.0343350701892219,0.0976757));
#2898=CARTESIAN_POINT('',(0.0205169,0.0343350701892219,0.0976757));
#2899=CARTESIAN_POINT('',(0.0205169,0.0343350701892219,0.1255376));
#2900=CARTESIAN_POINT('',(-0.0172350430245903,2.46975349285135,0.129983614285714));
#2901=CARTESIAN_POINT('',(-0.017235043024588,0.043301270189223,0.130984));
#2902=CARTESIAN_POINT('',(-0.0172350430245903,2.46975349285135,0.139926828571429));
#2903=CARTESIAN_POINT('',(0.025,0.0433012701892219,0.1200912));
#2904=CARTESIAN_POINT('',(0.025,0.043301270189223,0.484217866666667));
#2905=CARTESIAN_POINT('',(0.0249999999999976,2.46975349285135,0.4675512));
#2906=CARTESIAN_POINT('',(0.025,0.0433012701892219,0.1200912));
#2907=CARTESIAN_POINT('',(0.025,0.043301270189223,0.373681088888889));
#2908=CARTESIAN_POINT('',(0.025,0.043301270189223,0.352455111111111));
#2909=CARTESIAN_POINT('',(0.025,0.0433012701892219,0.1200912));
#2910=CARTESIAN_POINT('',(0.025,0.043301270189223,0.331229133333334));
#2911=CARTESIAN_POINT('',(0.025,0.043301270189223,0.310003155555555));
#2912=CARTESIAN_POINT('',(0.025,0.0433012701892219,0.1200912));
#2913=CARTESIAN_POINT('',(0.025,0.043301270189223,0.288777177777778));
#2914=CARTESIAN_POINT('',(0.0249999999999976,2.46975349285135,0.2675512));
#2915=CARTESIAN_POINT('',(0.025,0.0433012701892219,0.1200912));
#2916=CARTESIAN_POINT('',(0.025,0.043301270189223,0.394907066666666));
#2917=CARTESIAN_POINT('',(0.025,0.043301270189223,0.416133044444444));
#2918=CARTESIAN_POINT('',(0.025,0.0433012701892219,0.1200912));
#2919=CARTESIAN_POINT('',(0.025,0.043301270189223,0.130984));
#2920=CARTESIAN_POINT('',(0.025,0.043301270189223,0.139876028571429));
#2921=CARTESIAN_POINT('',(0.025,0.0433012701892219,0.1200912));
#2922=CARTESIAN_POINT('',(0.025,0.043301270189223,0.159660857142857));
#2923=CARTESIAN_POINT('',(0.025,0.043301270189223,0.179445685714285));
#2924=CARTESIAN_POINT('',(0.025,0.0433012701892219,0.1200912));
#2925=CARTESIAN_POINT('',(0.025,0.043301270189223,0.199230514285714));
#2926=CARTESIAN_POINT('',(0.025,0.043301270189223,0.219015342857143));
#2927=CARTESIAN_POINT('',(-0.025,0.0433012701892219,0.1200912));
#2928=CARTESIAN_POINT('',(-0.0250000000000024,2.46975349285135,0.500833733333333));
#2929=CARTESIAN_POINT('',(-0.0250000000000024,2.46975349285135,0.484268666666667));
#2930=CARTESIAN_POINT('',(-0.025,0.0433012701892219,0.1200912));
#2931=CARTESIAN_POINT('',(-0.0250000000000024,2.46975349285135,0.331279933333334));
#2932=CARTESIAN_POINT('',(-0.0250000000000024,2.46975349285135,0.352404311111111));
#2933=CARTESIAN_POINT('',(-0.025,0.0433012701892219,0.1200912));
#2934=CARTESIAN_POINT('',(-0.0250000000000024,2.46975349285135,0.373731888888889));
#2935=CARTESIAN_POINT('',(-0.0250000000000024,2.46975349285135,0.394856266666667));
#2936=CARTESIAN_POINT('',(-0.025,0.0433012701892219,0.1200912));
#2937=CARTESIAN_POINT('',(-0.0250000000000024,2.46975349285135,0.309952355555556));
#2938=CARTESIAN_POINT('',(-0.0250000000000024,2.46975349285135,0.288827977777778));
#2939=CARTESIAN_POINT('',(-0.025,0.0433012701892219,0.1200912));
#2940=CARTESIAN_POINT('',(-0.0250000000000024,2.46975349285135,0.437308222222222));
#2941=CARTESIAN_POINT('',(-0.0250000000000024,2.46975349285135,0.416183844444445));
#2942=CARTESIAN_POINT('',(-0.025,0.0433012701892219,0.1200912));
#2943=CARTESIAN_POINT('',(-0.0250000000000024,2.46975349285135,0.139926828571429));
#2944=CARTESIAN_POINT('',(-0.0250000000000024,2.46975349285135,0.159610057142857));
#2945=CARTESIAN_POINT('',(-0.025,0.0433012701892219,0.1200912));
#2946=CARTESIAN_POINT('',(-0.0250000000000024,2.46975349285135,0.179496485714286));
#2947=CARTESIAN_POINT('',(-0.0250000000000024,2.46975349285135,0.199179714285714));
#2948=CARTESIAN_POINT('',(-0.025,0.0433012701892219,0.1200912));
#2949=CARTESIAN_POINT('',(-0.0250000000000024,2.46975349285135,0.238749371428571));
#2950=CARTESIAN_POINT('',(-0.0250000000000024,2.46975349285135,0.219066142857143));
#2951=CARTESIAN_POINT('',(-3.46944695195361E-17,0.0433012701892219,0.5175512));
#2952=CARTESIAN_POINT('',(-0.0172350430245903,2.46975349285135,0.5175512));
#2953=CARTESIAN_POINT('',(0.025,0.0433012701892219,0.5175512));
#2954=CARTESIAN_POINT('',(-0.0166666666666691,2.46975349285135,0.258585));
#2955=CARTESIAN_POINT('',(-0.0172350430245903,2.46975349285135,0.258585));
#2956=CARTESIAN_POINT('',(-0.00828253333333573,2.46975349285135,0.258585));
#2957=CARTESIAN_POINT('',(-0.0166666666666691,2.46975349285135,0.2675512));
#2958=CARTESIAN_POINT('',(-0.0172350430245903,2.46975349285135,0.2675512));
#2959=CARTESIAN_POINT('',(-0.00828253333333573,2.46975349285135,0.2675512));
#2960=CARTESIAN_POINT('',(-0.016666666666669,2.46975349285135,0.458585));
#2961=CARTESIAN_POINT('',(-0.0172350430245903,2.46975349285135,0.458585));
#2962=CARTESIAN_POINT('',(-0.00828253333333572,2.46975349285135,0.458585));
#2963=CARTESIAN_POINT('',(-0.016666666666669,2.46975349285135,0.4675512));
#2964=CARTESIAN_POINT('',(-0.0172350430245903,2.46975349285135,0.4675512));
#2965=CARTESIAN_POINT('',(-0.00828253333333572,2.46975349285135,0.4675512));
#2966=CARTESIAN_POINT('',(0.025,0.0433012701892219,0.1200912));
#2967=CARTESIAN_POINT('',(0.025,0.043301270189223,0.437359022222223));
#2968=CARTESIAN_POINT('',(0.0249999999999976,2.46975349285135,0.458585));
#2969=CARTESIAN_POINT('',(0.025,0.0433012701892219,0.1200912));
#2970=CARTESIAN_POINT('',(0.025,0.043301270189223,0.238800171428572));
#2971=CARTESIAN_POINT('',(0.0249999999999976,2.46975349285135,0.258585));
#2972=CARTESIAN_POINT('',(0.025,0.0433012701892219,0.1200912));
#2973=CARTESIAN_POINT('',(0.025,0.043301270189223,0.500884533333333));
#2974=CARTESIAN_POINT('',(-0.00828253333333573,2.46975349285135,0.2630681));
#2975=CARTESIAN_POINT('',(0.0166666666666643,2.46975349285135,0.258585));
#2976=CARTESIAN_POINT('',(0.00828253333333093,2.46975349285135,0.258585));
#2977=CARTESIAN_POINT('',(0.00828253333333093,2.46975349285135,0.2630681));
#2978=CARTESIAN_POINT('',(0.00828253333333093,2.46975349285135,0.2675512));
#2979=CARTESIAN_POINT('',(0.0166666666666643,2.46975349285135,0.2675512));
#2980=CARTESIAN_POINT('',(-0.00828253333333572,2.46975349285135,0.4630681));
#2981=CARTESIAN_POINT('',(0.0166666666666643,2.46975349285135,0.458585));
#2982=CARTESIAN_POINT('',(0.00828253333333093,2.46975349285135,0.458585));
#2983=CARTESIAN_POINT('',(0.00828253333333093,2.46975349285135,0.4630681));
#2984=CARTESIAN_POINT('',(0.00828253333333093,2.46975349285135,0.4675512));
#2985=CARTESIAN_POINT('',(0.0166666666666643,2.46975349285135,0.4675512));
#2986=CARTESIAN_POINT('',(-0.0211175215122965,2.46975349285135,0.484268666666667));
#2987=CARTESIAN_POINT('',(-0.0172350430245903,2.46975349285135,0.484268666666667));
#2988=CARTESIAN_POINT('',(-0.0172350430245903,2.46975349285135,0.475884533333333));
#2989=CARTESIAN_POINT('',(-0.0211175215122965,2.46975349285135,0.219066142857143));
#2990=CARTESIAN_POINT('',(-0.0172350430245903,2.46975349285135,0.219066142857143));
#2991=CARTESIAN_POINT('',(-0.0172350430245903,2.46975349285135,0.209122928571429));
#2992=CARTESIAN_POINT('',(-0.0172350430245903,2.46975349285135,0.199179714285714));
#2993=CARTESIAN_POINT('',(-0.0211175215122965,2.46975349285135,0.199179714285714));
#2994=CARTESIAN_POINT('',(-0.0211175215122965,2.46975349285135,0.179496485714286));
#2995=CARTESIAN_POINT('',(-0.0172350430245903,2.46975349285135,0.179496485714286));
#2996=CARTESIAN_POINT('',(-0.0172350430245903,2.46975349285135,0.169553271428572));
#2997=CARTESIAN_POINT('',(-0.0172350430245903,2.46975349285135,0.159610057142857));
#2998=CARTESIAN_POINT('',(-0.0211175215122965,2.46975349285135,0.159610057142857));
#2999=CARTESIAN_POINT('',(-0.0211175215122965,2.46975349285135,0.416183844444445));
#3000=CARTESIAN_POINT('',(-0.0172350430245903,2.46975349285135,0.416183844444445));
#3001=CARTESIAN_POINT('',(-0.0172350430245903,2.46975349285135,0.405520055555555));
#3002=CARTESIAN_POINT('',(-0.0172350430245903,2.46975349285135,0.394856266666667));
#3003=CARTESIAN_POINT('',(-0.0211175215122965,2.46975349285135,0.394856266666667));
#3004=CARTESIAN_POINT('',(-0.0172350430245903,2.46975349285135,0.447972011111111));
#3005=CARTESIAN_POINT('',(-0.0172350430245903,2.46975349285135,0.437308222222222));
#3006=CARTESIAN_POINT('',(-0.0211175215122965,2.46975349285135,0.437308222222222));
#3007=CARTESIAN_POINT('',(-0.0211175215122965,2.46975349285135,0.288827977777778));
#3008=CARTESIAN_POINT('',(-0.0172350430245903,2.46975349285135,0.288827977777778));
#3009=CARTESIAN_POINT('',(-0.0172350430245903,2.46975349285135,0.278164188888889));
#3010=CARTESIAN_POINT('',(-0.0172350430245903,2.46975349285135,0.248692585714285));
#3011=CARTESIAN_POINT('',(-0.0172350430245903,2.46975349285135,0.238749371428571));
#3012=CARTESIAN_POINT('',(-0.0211175215122965,2.46975349285135,0.238749371428571));
#3013=CARTESIAN_POINT('',(-0.0211175215122965,2.46975349285135,0.139926828571429));
#3014=CARTESIAN_POINT('',(-0.0211175215122965,2.46975349285135,0.373731888888889));
#3015=CARTESIAN_POINT('',(-0.0172350430245903,2.46975349285135,0.373731888888889));
#3016=CARTESIAN_POINT('',(-0.0172350430245903,2.46975349285135,0.3630681));
#3017=CARTESIAN_POINT('',(-0.0172350430245903,2.46975349285135,0.352404311111111));
#3018=CARTESIAN_POINT('',(-0.0211175215122965,2.46975349285135,0.352404311111111));
#3019=CARTESIAN_POINT('',(-0.0211175215122965,2.46975349285135,0.331279933333334));
#3020=CARTESIAN_POINT('',(-0.0172350430245903,2.46975349285135,0.331279933333334));
#3021=CARTESIAN_POINT('',(-0.0172350430245903,2.46975349285135,0.320616144444444));
#3022=CARTESIAN_POINT('',(-0.0172350430245903,2.46975349285135,0.309952355555556));
#3023=CARTESIAN_POINT('',(-0.0211175215122965,2.46975349285135,0.309952355555556));
#3024=CARTESIAN_POINT('',(-0.0172350430245903,2.46975349285135,0.509217866666667));
#3025=CARTESIAN_POINT('',(-0.0172350430245903,2.46975349285135,0.500833733333333));
#3026=CARTESIAN_POINT('',(-0.0211175215122965,2.46975349285135,0.500833733333333));
#3027=CARTESIAN_POINT('',(0.0211175215122937,0.043301270189223,0.238800171428572));
#3028=CARTESIAN_POINT('',(0.0172350430245875,0.043301270189223,0.238800171428572));
#3029=CARTESIAN_POINT('',(0.0211175215122937,0.043301270189223,0.219015342857143));
#3030=CARTESIAN_POINT('',(0.0172350430245875,0.043301270189223,0.219015342857143));
#3031=CARTESIAN_POINT('',(0.0172350430245875,0.043301270189223,0.228907757142857));
#3032=CARTESIAN_POINT('',(0.0211175215122937,0.043301270189223,0.199230514285714));
#3033=CARTESIAN_POINT('',(0.0172350430245875,0.043301270189223,0.199230514285714));
#3034=CARTESIAN_POINT('',(0.0211175215122937,0.043301270189223,0.179445685714285));
#3035=CARTESIAN_POINT('',(0.0172350430245875,0.043301270189223,0.179445685714285));
#3036=CARTESIAN_POINT('',(0.0172350430245875,0.043301270189223,0.1893381));
#3037=CARTESIAN_POINT('',(0.0211175215122937,0.043301270189223,0.159660857142857));
#3038=CARTESIAN_POINT('',(0.0172350430245875,0.043301270189223,0.159660857142857));
#3039=CARTESIAN_POINT('',(0.0211175215122937,0.043301270189223,0.139876028571429));
#3040=CARTESIAN_POINT('',(0.0172350430245875,0.043301270189223,0.139876028571429));
#3041=CARTESIAN_POINT('',(0.0172350430245875,0.043301270189223,0.149768442857143));
#3042=CARTESIAN_POINT('',(0.0211175215122937,0.043301270189223,0.437359022222223));
#3043=CARTESIAN_POINT('',(0.0172350430245875,0.043301270189223,0.437359022222223));
#3044=CARTESIAN_POINT('',(0.0211175215122937,0.043301270189223,0.416133044444444));
#3045=CARTESIAN_POINT('',(0.0172350430245875,0.043301270189223,0.416133044444444));
#3046=CARTESIAN_POINT('',(0.0172350430245875,0.043301270189223,0.426746033333334));
#3047=CARTESIAN_POINT('',(0.0211175215122937,0.043301270189223,0.310003155555555));
#3048=CARTESIAN_POINT('',(0.0172350430245875,0.043301270189223,0.310003155555555));
#3049=CARTESIAN_POINT('',(0.0211175215122937,0.043301270189223,0.288777177777778));
#3050=CARTESIAN_POINT('',(0.0172350430245875,0.043301270189223,0.288777177777778));
#3051=CARTESIAN_POINT('',(0.0172350430245875,0.043301270189223,0.299390166666667));
#3052=CARTESIAN_POINT('',(0.0211175215122937,0.043301270189223,0.352455111111111));
#3053=CARTESIAN_POINT('',(0.0172350430245875,0.043301270189223,0.352455111111111));
#3054=CARTESIAN_POINT('',(0.0211175215122937,0.043301270189223,0.331229133333334));
#3055=CARTESIAN_POINT('',(0.0172350430245875,0.043301270189223,0.331229133333334));
#3056=CARTESIAN_POINT('',(0.0172350430245875,0.043301270189223,0.341842122222223));
#3057=CARTESIAN_POINT('',(0.0211175215122937,0.043301270189223,0.394907066666666));
#3058=CARTESIAN_POINT('',(0.0172350430245875,0.043301270189223,0.394907066666666));
#3059=CARTESIAN_POINT('',(0.0211175215122937,0.043301270189223,0.373681088888889));
#3060=CARTESIAN_POINT('',(0.0172350430245875,0.043301270189223,0.373681088888889));
#3061=CARTESIAN_POINT('',(0.0172350430245875,0.043301270189223,0.384294077777778));
#3062=CARTESIAN_POINT('',(0.0211175215122937,0.043301270189223,0.500884533333333));
#3063=CARTESIAN_POINT('',(0.0172350430245875,0.043301270189223,0.500884533333333));
#3064=CARTESIAN_POINT('',(0.0211175215122937,0.043301270189223,0.484217866666667));
#3065=CARTESIAN_POINT('',(0.0172350430245875,0.043301270189223,0.484217866666667));
#3066=CARTESIAN_POINT('',(0.0172350430245875,0.043301270189223,0.4925512));
#3067=CARTESIAN_POINT('',(-0.012751943024588,0.043301270189223,0.1255376));
#3068=CARTESIAN_POINT('',(-0.012751943024588,0.043301270189223,0.130984));
#3069=CARTESIAN_POINT('',(-0.012751943024588,0.0433012701892219,0.0976757));
#3070=CARTESIAN_POINT('',(-0.014993493024588,0.043301270189223,0.130984));
#3071=CARTESIAN_POINT('',(0.0205169,0.043301270189223,0.1255376));
#3072=CARTESIAN_POINT('',(0.0205169,0.0433012701892219,0.0976757));
#3073=CARTESIAN_POINT('',(0.0205169,0.043301270189223,0.130984));
#3074=CARTESIAN_POINT('',(0.02275845,0.043301270189223,0.130984));
#3075=CARTESIAN_POINT('',(-3.46944695195361E-17,0.0433012701892219,0.0976757));
#3076=CARTESIAN_POINT('',(0.0065935250187895,2.46975349285135,0.1148169));
#3077=CARTESIAN_POINT('',(0.0065935250187895,2.46975349285135,0.1103338));
#3078=CARTESIAN_POINT('',(0.0065935250187895,2.46975349285135,0.1193));
#3079=CARTESIAN_POINT('',(-2.3901249810769E-15,2.46975349285135,0.1103338));
#3080=CARTESIAN_POINT('',(-0.00659352501879428,2.46975349285135,0.1103338));
#3081=CARTESIAN_POINT('',(-0.00659352501879428,2.46975349285135,0.1148169));
#3082=CARTESIAN_POINT('',(-0.00659352501879428,2.46975349285135,0.1193));
#3083=CARTESIAN_POINT('',(-2.3901249810769E-15,2.46975349285135,0.1193));
#3084=MECHANICAL_DESIGN_GEOMETRIC_PRESENTATION_REPRESENTATION('',(#1957),
#3085);
#3085=(
GEOMETRIC_REPRESENTATION_CONTEXT(3)
GLOBAL_UNCERTAINTY_ASSIGNED_CONTEXT((#3086))
GLOBAL_UNIT_ASSIGNED_CONTEXT((#3089,#3088,#3087))
REPRESENTATION_CONTEXT('Mast 4','TOP_LEVEL_ASSEMBLY_PART')
);
#3086=UNCERTAINTY_MEASURE_WITH_UNIT(LENGTH_MEASURE(1.E-8),#3089,
'DISTANCE_ACCURACY_VALUE','Maximum Tolerance applied to model');
#3087=(
NAMED_UNIT(*)
SI_UNIT($,.STERADIAN.)
SOLID_ANGLE_UNIT()
);
#3088=(
NAMED_UNIT(*)
PLANE_ANGLE_UNIT()
SI_UNIT($,.RADIAN.)
);
#3089=(
LENGTH_UNIT()
NAMED_UNIT(*)
SI_UNIT($,.METRE.)
);
#3090=PRODUCT_DEFINITION_SHAPE('','',#3091);
#3091=PRODUCT_DEFINITION('','',#3093,#3092);
#3092=PRODUCT_DEFINITION_CONTEXT('',#3099,'design');
#3093=PRODUCT_DEFINITION_FORMATION_WITH_SPECIFIED_SOURCE('','',#3095,
 .NOT_KNOWN.);
#3094=PRODUCT_RELATED_PRODUCT_CATEGORY('','',(#3095));
#3095=PRODUCT('Mast 4','Mast 4','Mast 4',(#3097));
#3096=PRODUCT_CATEGORY('','');
#3097=PRODUCT_CONTEXT('',#3099,'mechanical');
#3098=APPLICATION_PROTOCOL_DEFINITION('international standard',
'ap242_managed_model_based_3d_engineering',2011,#3099);
#3099=APPLICATION_CONTEXT('managed model based 3d engineering');
ENDSEC;
END-ISO-10303-21;
