ISO-10303-21;
HEADER;
/* Generated by software containing ST-Developer
 * from STEP Tools, Inc. (www.steptools.com) 
 */
/* OPTION: using custom renumber hook */

FILE_DESCRIPTION(
/* description */ ('STEP AP242',
'CAx-IF Rec.Pracs.---Representation and Presentation of Product Manufa
cturing Information (PMI)---4.0---2014-10-13',
'CAx-IF Rec.Pracs.---3D Tessellated Geometry---0.4---2014-09-14','2;1'),

/* implementation_level */ '2;1');

FILE_NAME(
/* name */ '68fb260b34e6012dc82c98eb',
/* time_stamp */ '2025-10-24T07:08:59Z',
/* author */ (''),
/* organization */ (''),
/* preprocessor_version */ 'ST-DEVELOPER v20',
/* originating_system */ 'ONSHAPE BY PTC INC, 1.205',
/* authorisation */ '  ');

FILE_SCHEMA (('AP242_MANAGED_MODEL_BASED_3D_ENGINEERING_MIM_LF { 1 0 10303 442 1 1 4 }'));
ENDSEC;

DATA;
#10=SHAPE_REPRESENTATION_RELATIONSHIP('','',#2583,#11);
#11=ADVANCED_BREP_SHAPE_REPRESENTATION('',(#2581),#4037);
#12=ORIENTED_EDGE('',*,*,#732,.T.);
#13=ORIENTED_EDGE('',*,*,#733,.T.);
#14=ORIENTED_EDGE('',*,*,#734,.F.);
#15=ORIENTED_EDGE('',*,*,#735,.F.);
#16=ORIENTED_EDGE('',*,*,#736,.T.);
#17=ORIENTED_EDGE('',*,*,#737,.T.);
#18=ORIENTED_EDGE('',*,*,#738,.F.);
#19=ORIENTED_EDGE('',*,*,#739,.F.);
#20=ORIENTED_EDGE('',*,*,#740,.T.);
#21=ORIENTED_EDGE('',*,*,#741,.T.);
#22=ORIENTED_EDGE('',*,*,#742,.F.);
#23=ORIENTED_EDGE('',*,*,#743,.F.);
#24=ORIENTED_EDGE('',*,*,#744,.T.);
#25=ORIENTED_EDGE('',*,*,#745,.T.);
#26=ORIENTED_EDGE('',*,*,#746,.F.);
#27=ORIENTED_EDGE('',*,*,#747,.F.);
#28=ORIENTED_EDGE('',*,*,#748,.T.);
#29=ORIENTED_EDGE('',*,*,#749,.T.);
#30=ORIENTED_EDGE('',*,*,#750,.F.);
#31=ORIENTED_EDGE('',*,*,#751,.F.);
#32=ORIENTED_EDGE('',*,*,#752,.T.);
#33=ORIENTED_EDGE('',*,*,#753,.T.);
#34=ORIENTED_EDGE('',*,*,#754,.F.);
#35=ORIENTED_EDGE('',*,*,#755,.F.);
#36=ORIENTED_EDGE('',*,*,#756,.T.);
#37=ORIENTED_EDGE('',*,*,#757,.T.);
#38=ORIENTED_EDGE('',*,*,#758,.F.);
#39=ORIENTED_EDGE('',*,*,#759,.F.);
#40=ORIENTED_EDGE('',*,*,#760,.F.);
#41=ORIENTED_EDGE('',*,*,#761,.F.);
#42=ORIENTED_EDGE('',*,*,#762,.T.);
#43=ORIENTED_EDGE('',*,*,#763,.T.);
#44=ORIENTED_EDGE('',*,*,#764,.F.);
#45=ORIENTED_EDGE('',*,*,#765,.T.);
#46=ORIENTED_EDGE('',*,*,#766,.T.);
#47=ORIENTED_EDGE('',*,*,#767,.T.);
#48=ORIENTED_EDGE('',*,*,#768,.T.);
#49=ORIENTED_EDGE('',*,*,#769,.F.);
#50=ORIENTED_EDGE('',*,*,#770,.T.);
#51=ORIENTED_EDGE('',*,*,#771,.T.);
#52=ORIENTED_EDGE('',*,*,#772,.T.);
#53=ORIENTED_EDGE('',*,*,#773,.F.);
#54=ORIENTED_EDGE('',*,*,#774,.T.);
#55=ORIENTED_EDGE('',*,*,#775,.T.);
#56=ORIENTED_EDGE('',*,*,#776,.T.);
#57=ORIENTED_EDGE('',*,*,#777,.F.);
#58=ORIENTED_EDGE('',*,*,#778,.T.);
#59=ORIENTED_EDGE('',*,*,#779,.T.);
#60=ORIENTED_EDGE('',*,*,#780,.T.);
#61=ORIENTED_EDGE('',*,*,#781,.T.);
#62=ORIENTED_EDGE('',*,*,#782,.F.);
#63=ORIENTED_EDGE('',*,*,#783,.F.);
#64=ORIENTED_EDGE('',*,*,#784,.T.);
#65=ORIENTED_EDGE('',*,*,#785,.F.);
#66=ORIENTED_EDGE('',*,*,#786,.T.);
#67=ORIENTED_EDGE('',*,*,#787,.T.);
#68=ORIENTED_EDGE('',*,*,#788,.T.);
#69=ORIENTED_EDGE('',*,*,#789,.F.);
#70=ORIENTED_EDGE('',*,*,#790,.T.);
#71=ORIENTED_EDGE('',*,*,#791,.T.);
#72=ORIENTED_EDGE('',*,*,#792,.T.);
#73=ORIENTED_EDGE('',*,*,#793,.F.);
#74=ORIENTED_EDGE('',*,*,#794,.T.);
#75=ORIENTED_EDGE('',*,*,#795,.T.);
#76=ORIENTED_EDGE('',*,*,#796,.T.);
#77=ORIENTED_EDGE('',*,*,#797,.F.);
#78=ORIENTED_EDGE('',*,*,#798,.T.);
#79=ORIENTED_EDGE('',*,*,#799,.T.);
#80=ORIENTED_EDGE('',*,*,#800,.T.);
#81=ORIENTED_EDGE('',*,*,#801,.T.);
#82=ORIENTED_EDGE('',*,*,#802,.F.);
#83=ORIENTED_EDGE('',*,*,#803,.F.);
#84=ORIENTED_EDGE('',*,*,#804,.T.);
#85=ORIENTED_EDGE('',*,*,#805,.F.);
#86=ORIENTED_EDGE('',*,*,#806,.T.);
#87=ORIENTED_EDGE('',*,*,#807,.T.);
#88=ORIENTED_EDGE('',*,*,#808,.T.);
#89=ORIENTED_EDGE('',*,*,#809,.F.);
#90=ORIENTED_EDGE('',*,*,#810,.T.);
#91=ORIENTED_EDGE('',*,*,#811,.F.);
#92=ORIENTED_EDGE('',*,*,#812,.F.);
#93=ORIENTED_EDGE('',*,*,#813,.T.);
#94=ORIENTED_EDGE('',*,*,#814,.T.);
#95=ORIENTED_EDGE('',*,*,#815,.F.);
#96=ORIENTED_EDGE('',*,*,#816,.T.);
#97=ORIENTED_EDGE('',*,*,#817,.T.);
#98=ORIENTED_EDGE('',*,*,#818,.T.);
#99=ORIENTED_EDGE('',*,*,#819,.F.);
#100=ORIENTED_EDGE('',*,*,#820,.F.);
#101=ORIENTED_EDGE('',*,*,#821,.T.);
#102=ORIENTED_EDGE('',*,*,#822,.T.);
#103=ORIENTED_EDGE('',*,*,#823,.F.);
#104=ORIENTED_EDGE('',*,*,#824,.F.);
#105=ORIENTED_EDGE('',*,*,#825,.T.);
#106=ORIENTED_EDGE('',*,*,#826,.T.);
#107=ORIENTED_EDGE('',*,*,#827,.F.);
#108=ORIENTED_EDGE('',*,*,#828,.F.);
#109=ORIENTED_EDGE('',*,*,#829,.T.);
#110=ORIENTED_EDGE('',*,*,#830,.T.);
#111=ORIENTED_EDGE('',*,*,#831,.F.);
#112=ORIENTED_EDGE('',*,*,#832,.F.);
#113=ORIENTED_EDGE('',*,*,#833,.T.);
#114=ORIENTED_EDGE('',*,*,#834,.T.);
#115=ORIENTED_EDGE('',*,*,#835,.F.);
#116=ORIENTED_EDGE('',*,*,#836,.T.);
#117=ORIENTED_EDGE('',*,*,#837,.T.);
#118=ORIENTED_EDGE('',*,*,#838,.T.);
#119=ORIENTED_EDGE('',*,*,#839,.F.);
#120=ORIENTED_EDGE('',*,*,#840,.F.);
#121=ORIENTED_EDGE('',*,*,#841,.T.);
#122=ORIENTED_EDGE('',*,*,#842,.T.);
#123=ORIENTED_EDGE('',*,*,#843,.F.);
#124=ORIENTED_EDGE('',*,*,#844,.F.);
#125=ORIENTED_EDGE('',*,*,#845,.T.);
#126=ORIENTED_EDGE('',*,*,#846,.T.);
#127=ORIENTED_EDGE('',*,*,#847,.F.);
#128=ORIENTED_EDGE('',*,*,#848,.F.);
#129=ORIENTED_EDGE('',*,*,#849,.T.);
#130=ORIENTED_EDGE('',*,*,#850,.T.);
#131=ORIENTED_EDGE('',*,*,#851,.T.);
#132=ORIENTED_EDGE('',*,*,#852,.F.);
#133=ORIENTED_EDGE('',*,*,#853,.F.);
#134=ORIENTED_EDGE('',*,*,#854,.T.);
#135=ORIENTED_EDGE('',*,*,#855,.T.);
#136=ORIENTED_EDGE('',*,*,#856,.F.);
#137=ORIENTED_EDGE('',*,*,#857,.F.);
#138=ORIENTED_EDGE('',*,*,#858,.T.);
#139=ORIENTED_EDGE('',*,*,#859,.T.);
#140=ORIENTED_EDGE('',*,*,#860,.F.);
#141=ORIENTED_EDGE('',*,*,#861,.F.);
#142=ORIENTED_EDGE('',*,*,#862,.T.);
#143=ORIENTED_EDGE('',*,*,#863,.T.);
#144=ORIENTED_EDGE('',*,*,#864,.F.);
#145=ORIENTED_EDGE('',*,*,#865,.F.);
#146=ORIENTED_EDGE('',*,*,#866,.T.);
#147=ORIENTED_EDGE('',*,*,#867,.T.);
#148=ORIENTED_EDGE('',*,*,#868,.F.);
#149=ORIENTED_EDGE('',*,*,#869,.F.);
#150=ORIENTED_EDGE('',*,*,#870,.T.);
#151=ORIENTED_EDGE('',*,*,#871,.T.);
#152=ORIENTED_EDGE('',*,*,#872,.F.);
#153=ORIENTED_EDGE('',*,*,#873,.F.);
#154=ORIENTED_EDGE('',*,*,#874,.T.);
#155=ORIENTED_EDGE('',*,*,#875,.T.);
#156=ORIENTED_EDGE('',*,*,#876,.F.);
#157=ORIENTED_EDGE('',*,*,#877,.F.);
#158=ORIENTED_EDGE('',*,*,#878,.T.);
#159=ORIENTED_EDGE('',*,*,#879,.T.);
#160=ORIENTED_EDGE('',*,*,#880,.T.);
#161=ORIENTED_EDGE('',*,*,#881,.T.);
#162=ORIENTED_EDGE('',*,*,#882,.F.);
#163=ORIENTED_EDGE('',*,*,#883,.F.);
#164=ORIENTED_EDGE('',*,*,#884,.F.);
#165=ORIENTED_EDGE('',*,*,#885,.F.);
#166=ORIENTED_EDGE('',*,*,#886,.F.);
#167=ORIENTED_EDGE('',*,*,#887,.T.);
#168=ORIENTED_EDGE('',*,*,#888,.T.);
#169=ORIENTED_EDGE('',*,*,#889,.F.);
#170=ORIENTED_EDGE('',*,*,#890,.F.);
#171=ORIENTED_EDGE('',*,*,#891,.T.);
#172=ORIENTED_EDGE('',*,*,#892,.T.);
#173=ORIENTED_EDGE('',*,*,#893,.F.);
#174=ORIENTED_EDGE('',*,*,#894,.F.);
#175=ORIENTED_EDGE('',*,*,#895,.T.);
#176=ORIENTED_EDGE('',*,*,#896,.T.);
#177=ORIENTED_EDGE('',*,*,#897,.F.);
#178=ORIENTED_EDGE('',*,*,#898,.F.);
#179=ORIENTED_EDGE('',*,*,#899,.F.);
#180=ORIENTED_EDGE('',*,*,#900,.T.);
#181=ORIENTED_EDGE('',*,*,#901,.F.);
#182=ORIENTED_EDGE('',*,*,#902,.F.);
#183=ORIENTED_EDGE('',*,*,#903,.T.);
#184=ORIENTED_EDGE('',*,*,#904,.T.);
#185=ORIENTED_EDGE('',*,*,#905,.F.);
#186=ORIENTED_EDGE('',*,*,#906,.F.);
#187=ORIENTED_EDGE('',*,*,#907,.T.);
#188=ORIENTED_EDGE('',*,*,#908,.T.);
#189=ORIENTED_EDGE('',*,*,#909,.F.);
#190=ORIENTED_EDGE('',*,*,#910,.F.);
#191=ORIENTED_EDGE('',*,*,#911,.T.);
#192=ORIENTED_EDGE('',*,*,#912,.T.);
#193=ORIENTED_EDGE('',*,*,#913,.F.);
#194=ORIENTED_EDGE('',*,*,#914,.F.);
#195=ORIENTED_EDGE('',*,*,#915,.T.);
#196=ORIENTED_EDGE('',*,*,#916,.T.);
#197=ORIENTED_EDGE('',*,*,#917,.F.);
#198=ORIENTED_EDGE('',*,*,#918,.F.);
#199=ORIENTED_EDGE('',*,*,#919,.F.);
#200=ORIENTED_EDGE('',*,*,#920,.T.);
#201=ORIENTED_EDGE('',*,*,#921,.F.);
#202=ORIENTED_EDGE('',*,*,#922,.F.);
#203=ORIENTED_EDGE('',*,*,#923,.T.);
#204=ORIENTED_EDGE('',*,*,#924,.T.);
#205=ORIENTED_EDGE('',*,*,#925,.F.);
#206=ORIENTED_EDGE('',*,*,#926,.T.);
#207=ORIENTED_EDGE('',*,*,#927,.F.);
#208=ORIENTED_EDGE('',*,*,#928,.F.);
#209=ORIENTED_EDGE('',*,*,#929,.F.);
#210=ORIENTED_EDGE('',*,*,#930,.T.);
#211=ORIENTED_EDGE('',*,*,#931,.F.);
#212=ORIENTED_EDGE('',*,*,#932,.T.);
#213=ORIENTED_EDGE('',*,*,#933,.T.);
#214=ORIENTED_EDGE('',*,*,#934,.F.);
#215=ORIENTED_EDGE('',*,*,#935,.F.);
#216=ORIENTED_EDGE('',*,*,#936,.F.);
#217=ORIENTED_EDGE('',*,*,#937,.F.);
#218=ORIENTED_EDGE('',*,*,#938,.T.);
#219=ORIENTED_EDGE('',*,*,#939,.F.);
#220=ORIENTED_EDGE('',*,*,#940,.F.);
#221=ORIENTED_EDGE('',*,*,#941,.F.);
#222=ORIENTED_EDGE('',*,*,#942,.T.);
#223=ORIENTED_EDGE('',*,*,#943,.F.);
#224=ORIENTED_EDGE('',*,*,#944,.F.);
#225=ORIENTED_EDGE('',*,*,#945,.F.);
#226=ORIENTED_EDGE('',*,*,#946,.T.);
#227=ORIENTED_EDGE('',*,*,#947,.F.);
#228=ORIENTED_EDGE('',*,*,#948,.F.);
#229=ORIENTED_EDGE('',*,*,#949,.F.);
#230=ORIENTED_EDGE('',*,*,#950,.T.);
#231=ORIENTED_EDGE('',*,*,#951,.F.);
#232=ORIENTED_EDGE('',*,*,#952,.T.);
#233=ORIENTED_EDGE('',*,*,#953,.T.);
#234=ORIENTED_EDGE('',*,*,#954,.F.);
#235=ORIENTED_EDGE('',*,*,#955,.F.);
#236=ORIENTED_EDGE('',*,*,#956,.F.);
#237=ORIENTED_EDGE('',*,*,#957,.F.);
#238=ORIENTED_EDGE('',*,*,#958,.T.);
#239=ORIENTED_EDGE('',*,*,#959,.F.);
#240=ORIENTED_EDGE('',*,*,#960,.F.);
#241=ORIENTED_EDGE('',*,*,#961,.F.);
#242=ORIENTED_EDGE('',*,*,#962,.T.);
#243=ORIENTED_EDGE('',*,*,#963,.F.);
#244=ORIENTED_EDGE('',*,*,#964,.F.);
#245=ORIENTED_EDGE('',*,*,#965,.F.);
#246=ORIENTED_EDGE('',*,*,#966,.T.);
#247=ORIENTED_EDGE('',*,*,#967,.F.);
#248=ORIENTED_EDGE('',*,*,#968,.F.);
#249=ORIENTED_EDGE('',*,*,#969,.F.);
#250=ORIENTED_EDGE('',*,*,#970,.F.);
#251=ORIENTED_EDGE('',*,*,#971,.T.);
#252=ORIENTED_EDGE('',*,*,#768,.F.);
#253=ORIENTED_EDGE('',*,*,#972,.T.);
#254=ORIENTED_EDGE('',*,*,#967,.T.);
#255=ORIENTED_EDGE('',*,*,#973,.F.);
#256=ORIENTED_EDGE('',*,*,#974,.F.);
#257=ORIENTED_EDGE('',*,*,#806,.F.);
#258=ORIENTED_EDGE('',*,*,#975,.T.);
#259=ORIENTED_EDGE('',*,*,#929,.T.);
#260=ORIENTED_EDGE('',*,*,#798,.F.);
#261=ORIENTED_EDGE('',*,*,#976,.T.);
#262=ORIENTED_EDGE('',*,*,#937,.T.);
#263=ORIENTED_EDGE('',*,*,#977,.F.);
#264=ORIENTED_EDGE('',*,*,#786,.F.);
#265=ORIENTED_EDGE('',*,*,#978,.T.);
#266=ORIENTED_EDGE('',*,*,#949,.T.);
#267=ORIENTED_EDGE('',*,*,#979,.F.);
#268=ORIENTED_EDGE('',*,*,#980,.F.);
#269=ORIENTED_EDGE('',*,*,#794,.F.);
#270=ORIENTED_EDGE('',*,*,#981,.T.);
#271=ORIENTED_EDGE('',*,*,#941,.T.);
#272=ORIENTED_EDGE('',*,*,#982,.F.);
#273=ORIENTED_EDGE('',*,*,#790,.F.);
#274=ORIENTED_EDGE('',*,*,#983,.T.);
#275=ORIENTED_EDGE('',*,*,#945,.T.);
#276=ORIENTED_EDGE('',*,*,#770,.F.);
#277=ORIENTED_EDGE('',*,*,#984,.T.);
#278=ORIENTED_EDGE('',*,*,#965,.T.);
#279=ORIENTED_EDGE('',*,*,#985,.F.);
#280=ORIENTED_EDGE('',*,*,#778,.F.);
#281=ORIENTED_EDGE('',*,*,#986,.T.);
#282=ORIENTED_EDGE('',*,*,#957,.T.);
#283=ORIENTED_EDGE('',*,*,#987,.F.);
#284=ORIENTED_EDGE('',*,*,#988,.F.);
#285=ORIENTED_EDGE('',*,*,#774,.F.);
#286=ORIENTED_EDGE('',*,*,#989,.T.);
#287=ORIENTED_EDGE('',*,*,#961,.T.);
#288=ORIENTED_EDGE('',*,*,#809,.T.);
#289=ORIENTED_EDGE('',*,*,#990,.T.);
#290=ORIENTED_EDGE('',*,*,#926,.F.);
#291=ORIENTED_EDGE('',*,*,#991,.F.);
#292=ORIENTED_EDGE('',*,*,#781,.F.);
#293=ORIENTED_EDGE('',*,*,#992,.T.);
#294=ORIENTED_EDGE('',*,*,#954,.T.);
#295=ORIENTED_EDGE('',*,*,#993,.F.);
#296=ORIENTED_EDGE('',*,*,#994,.F.);
#297=ORIENTED_EDGE('',*,*,#783,.T.);
#298=ORIENTED_EDGE('',*,*,#995,.T.);
#299=ORIENTED_EDGE('',*,*,#952,.F.);
#300=ORIENTED_EDGE('',*,*,#801,.F.);
#301=ORIENTED_EDGE('',*,*,#996,.T.);
#302=ORIENTED_EDGE('',*,*,#934,.T.);
#303=ORIENTED_EDGE('',*,*,#997,.F.);
#304=ORIENTED_EDGE('',*,*,#998,.F.);
#305=ORIENTED_EDGE('',*,*,#803,.T.);
#306=ORIENTED_EDGE('',*,*,#999,.T.);
#307=ORIENTED_EDGE('',*,*,#932,.F.);
#308=ORIENTED_EDGE('',*,*,#824,.T.);
#309=ORIENTED_EDGE('',*,*,#1000,.T.);
#310=ORIENTED_EDGE('',*,*,#911,.F.);
#311=ORIENTED_EDGE('',*,*,#1001,.F.);
#312=ORIENTED_EDGE('',*,*,#828,.T.);
#313=ORIENTED_EDGE('',*,*,#1002,.T.);
#314=ORIENTED_EDGE('',*,*,#907,.F.);
#315=ORIENTED_EDGE('',*,*,#1003,.F.);
#316=ORIENTED_EDGE('',*,*,#1004,.F.);
#317=ORIENTED_EDGE('',*,*,#820,.T.);
#318=ORIENTED_EDGE('',*,*,#1005,.T.);
#319=ORIENTED_EDGE('',*,*,#915,.F.);
#320=ORIENTED_EDGE('',*,*,#1006,.F.);
#321=ORIENTED_EDGE('',*,*,#832,.T.);
#322=ORIENTED_EDGE('',*,*,#1007,.T.);
#323=ORIENTED_EDGE('',*,*,#903,.F.);
#324=ORIENTED_EDGE('',*,*,#840,.T.);
#325=ORIENTED_EDGE('',*,*,#1008,.T.);
#326=ORIENTED_EDGE('',*,*,#895,.F.);
#327=ORIENTED_EDGE('',*,*,#1009,.F.);
#328=ORIENTED_EDGE('',*,*,#844,.T.);
#329=ORIENTED_EDGE('',*,*,#1010,.T.);
#330=ORIENTED_EDGE('',*,*,#891,.F.);
#331=ORIENTED_EDGE('',*,*,#1011,.F.);
#332=ORIENTED_EDGE('',*,*,#1012,.F.);
#333=ORIENTED_EDGE('',*,*,#848,.T.);
#334=ORIENTED_EDGE('',*,*,#1013,.T.);
#335=ORIENTED_EDGE('',*,*,#887,.F.);
#336=ORIENTED_EDGE('',*,*,#812,.T.);
#337=ORIENTED_EDGE('',*,*,#1014,.T.);
#338=ORIENTED_EDGE('',*,*,#923,.F.);
#339=ORIENTED_EDGE('',*,*,#1015,.F.);
#340=ORIENTED_EDGE('',*,*,#1016,.F.);
#341=ORIENTED_EDGE('',*,*,#837,.F.);
#342=ORIENTED_EDGE('',*,*,#1017,.T.);
#343=ORIENTED_EDGE('',*,*,#898,.T.);
#344=ORIENTED_EDGE('',*,*,#1018,.T.);
#345=ORIENTED_EDGE('',*,*,#899,.T.);
#346=ORIENTED_EDGE('',*,*,#1017,.F.);
#347=ORIENTED_EDGE('',*,*,#836,.F.);
#348=ORIENTED_EDGE('',*,*,#835,.T.);
#349=ORIENTED_EDGE('',*,*,#1019,.T.);
#350=ORIENTED_EDGE('',*,*,#900,.F.);
#351=ORIENTED_EDGE('',*,*,#1018,.F.);
#352=ORIENTED_EDGE('',*,*,#782,.T.);
#353=ORIENTED_EDGE('',*,*,#993,.T.);
#354=ORIENTED_EDGE('',*,*,#953,.F.);
#355=ORIENTED_EDGE('',*,*,#995,.F.);
#356=ORIENTED_EDGE('',*,*,#1020,.F.);
#357=ORIENTED_EDGE('',*,*,#817,.F.);
#358=ORIENTED_EDGE('',*,*,#1021,.T.);
#359=ORIENTED_EDGE('',*,*,#918,.T.);
#360=ORIENTED_EDGE('',*,*,#1022,.T.);
#361=ORIENTED_EDGE('',*,*,#919,.T.);
#362=ORIENTED_EDGE('',*,*,#1021,.F.);
#363=ORIENTED_EDGE('',*,*,#816,.F.);
#364=ORIENTED_EDGE('',*,*,#815,.T.);
#365=ORIENTED_EDGE('',*,*,#1023,.T.);
#366=ORIENTED_EDGE('',*,*,#920,.F.);
#367=ORIENTED_EDGE('',*,*,#1022,.F.);
#368=ORIENTED_EDGE('',*,*,#802,.T.);
#369=ORIENTED_EDGE('',*,*,#997,.T.);
#370=ORIENTED_EDGE('',*,*,#933,.F.);
#371=ORIENTED_EDGE('',*,*,#999,.F.);
#372=ORIENTED_EDGE('',*,*,#1015,.T.);
#373=ORIENTED_EDGE('',*,*,#922,.T.);
#374=ORIENTED_EDGE('',*,*,#1024,.F.);
#375=ORIENTED_EDGE('',*,*,#813,.F.);
#376=ORIENTED_EDGE('',*,*,#1024,.T.);
#377=ORIENTED_EDGE('',*,*,#921,.T.);
#378=ORIENTED_EDGE('',*,*,#1023,.F.);
#379=ORIENTED_EDGE('',*,*,#814,.F.);
#380=ORIENTED_EDGE('',*,*,#847,.T.);
#381=ORIENTED_EDGE('',*,*,#1025,.T.);
#382=ORIENTED_EDGE('',*,*,#888,.F.);
#383=ORIENTED_EDGE('',*,*,#1013,.F.);
#384=ORIENTED_EDGE('',*,*,#1026,.T.);
#385=ORIENTED_EDGE('',*,*,#889,.T.);
#386=ORIENTED_EDGE('',*,*,#1025,.F.);
#387=ORIENTED_EDGE('',*,*,#846,.F.);
#388=ORIENTED_EDGE('',*,*,#1011,.T.);
#389=ORIENTED_EDGE('',*,*,#890,.T.);
#390=ORIENTED_EDGE('',*,*,#1026,.F.);
#391=ORIENTED_EDGE('',*,*,#845,.F.);
#392=ORIENTED_EDGE('',*,*,#843,.T.);
#393=ORIENTED_EDGE('',*,*,#1027,.T.);
#394=ORIENTED_EDGE('',*,*,#892,.F.);
#395=ORIENTED_EDGE('',*,*,#1010,.F.);
#396=ORIENTED_EDGE('',*,*,#1028,.T.);
#397=ORIENTED_EDGE('',*,*,#893,.T.);
#398=ORIENTED_EDGE('',*,*,#1027,.F.);
#399=ORIENTED_EDGE('',*,*,#842,.F.);
#400=ORIENTED_EDGE('',*,*,#1009,.T.);
#401=ORIENTED_EDGE('',*,*,#894,.T.);
#402=ORIENTED_EDGE('',*,*,#1028,.F.);
#403=ORIENTED_EDGE('',*,*,#841,.F.);
#404=ORIENTED_EDGE('',*,*,#831,.T.);
#405=ORIENTED_EDGE('',*,*,#1029,.T.);
#406=ORIENTED_EDGE('',*,*,#904,.F.);
#407=ORIENTED_EDGE('',*,*,#1007,.F.);
#408=ORIENTED_EDGE('',*,*,#1030,.T.);
#409=ORIENTED_EDGE('',*,*,#905,.T.);
#410=ORIENTED_EDGE('',*,*,#1029,.F.);
#411=ORIENTED_EDGE('',*,*,#830,.F.);
#412=ORIENTED_EDGE('',*,*,#1003,.T.);
#413=ORIENTED_EDGE('',*,*,#906,.T.);
#414=ORIENTED_EDGE('',*,*,#1030,.F.);
#415=ORIENTED_EDGE('',*,*,#829,.F.);
#416=ORIENTED_EDGE('',*,*,#819,.T.);
#417=ORIENTED_EDGE('',*,*,#1031,.T.);
#418=ORIENTED_EDGE('',*,*,#916,.F.);
#419=ORIENTED_EDGE('',*,*,#1005,.F.);
#420=ORIENTED_EDGE('',*,*,#1020,.T.);
#421=ORIENTED_EDGE('',*,*,#917,.T.);
#422=ORIENTED_EDGE('',*,*,#1031,.F.);
#423=ORIENTED_EDGE('',*,*,#818,.F.);
#424=ORIENTED_EDGE('',*,*,#1006,.T.);
#425=ORIENTED_EDGE('',*,*,#902,.T.);
#426=ORIENTED_EDGE('',*,*,#1032,.F.);
#427=ORIENTED_EDGE('',*,*,#833,.F.);
#428=ORIENTED_EDGE('',*,*,#1032,.T.);
#429=ORIENTED_EDGE('',*,*,#901,.T.);
#430=ORIENTED_EDGE('',*,*,#1019,.F.);
#431=ORIENTED_EDGE('',*,*,#834,.F.);
#432=ORIENTED_EDGE('',*,*,#839,.T.);
#433=ORIENTED_EDGE('',*,*,#1033,.T.);
#434=ORIENTED_EDGE('',*,*,#896,.F.);
#435=ORIENTED_EDGE('',*,*,#1008,.F.);
#436=ORIENTED_EDGE('',*,*,#1016,.T.);
#437=ORIENTED_EDGE('',*,*,#897,.T.);
#438=ORIENTED_EDGE('',*,*,#1033,.F.);
#439=ORIENTED_EDGE('',*,*,#838,.F.);
#440=ORIENTED_EDGE('',*,*,#1012,.T.);
#441=ORIENTED_EDGE('',*,*,#886,.T.);
#442=ORIENTED_EDGE('',*,*,#1034,.F.);
#443=ORIENTED_EDGE('',*,*,#849,.F.);
#444=ORIENTED_EDGE('',*,*,#1035,.F.);
#445=ORIENTED_EDGE('',*,*,#850,.F.);
#446=ORIENTED_EDGE('',*,*,#1034,.T.);
#447=ORIENTED_EDGE('',*,*,#885,.T.);
#448=ORIENTED_EDGE('',*,*,#827,.T.);
#449=ORIENTED_EDGE('',*,*,#1036,.T.);
#450=ORIENTED_EDGE('',*,*,#908,.F.);
#451=ORIENTED_EDGE('',*,*,#1002,.F.);
#452=ORIENTED_EDGE('',*,*,#1037,.T.);
#453=ORIENTED_EDGE('',*,*,#909,.T.);
#454=ORIENTED_EDGE('',*,*,#1036,.F.);
#455=ORIENTED_EDGE('',*,*,#826,.F.);
#456=ORIENTED_EDGE('',*,*,#1001,.T.);
#457=ORIENTED_EDGE('',*,*,#910,.T.);
#458=ORIENTED_EDGE('',*,*,#1037,.F.);
#459=ORIENTED_EDGE('',*,*,#825,.F.);
#460=ORIENTED_EDGE('',*,*,#823,.T.);
#461=ORIENTED_EDGE('',*,*,#1038,.T.);
#462=ORIENTED_EDGE('',*,*,#912,.F.);
#463=ORIENTED_EDGE('',*,*,#1000,.F.);
#464=ORIENTED_EDGE('',*,*,#1039,.T.);
#465=ORIENTED_EDGE('',*,*,#913,.T.);
#466=ORIENTED_EDGE('',*,*,#1038,.F.);
#467=ORIENTED_EDGE('',*,*,#822,.F.);
#468=ORIENTED_EDGE('',*,*,#1004,.T.);
#469=ORIENTED_EDGE('',*,*,#914,.T.);
#470=ORIENTED_EDGE('',*,*,#1039,.F.);
#471=ORIENTED_EDGE('',*,*,#821,.F.);
#472=ORIENTED_EDGE('',*,*,#811,.T.);
#473=ORIENTED_EDGE('',*,*,#1040,.T.);
#474=ORIENTED_EDGE('',*,*,#924,.F.);
#475=ORIENTED_EDGE('',*,*,#1014,.F.);
#476=ORIENTED_EDGE('',*,*,#991,.T.);
#477=ORIENTED_EDGE('',*,*,#925,.T.);
#478=ORIENTED_EDGE('',*,*,#1040,.F.);
#479=ORIENTED_EDGE('',*,*,#810,.F.);
#480=ORIENTED_EDGE('',*,*,#987,.T.);
#481=ORIENTED_EDGE('',*,*,#956,.T.);
#482=ORIENTED_EDGE('',*,*,#1041,.F.);
#483=ORIENTED_EDGE('',*,*,#779,.F.);
#484=ORIENTED_EDGE('',*,*,#1041,.T.);
#485=ORIENTED_EDGE('',*,*,#955,.T.);
#486=ORIENTED_EDGE('',*,*,#992,.F.);
#487=ORIENTED_EDGE('',*,*,#780,.F.);
#488=ORIENTED_EDGE('',*,*,#789,.T.);
#489=ORIENTED_EDGE('',*,*,#1042,.T.);
#490=ORIENTED_EDGE('',*,*,#946,.F.);
#491=ORIENTED_EDGE('',*,*,#983,.F.);
#492=ORIENTED_EDGE('',*,*,#1043,.T.);
#493=ORIENTED_EDGE('',*,*,#947,.T.);
#494=ORIENTED_EDGE('',*,*,#1042,.F.);
#495=ORIENTED_EDGE('',*,*,#788,.F.);
#496=ORIENTED_EDGE('',*,*,#979,.T.);
#497=ORIENTED_EDGE('',*,*,#948,.T.);
#498=ORIENTED_EDGE('',*,*,#1043,.F.);
#499=ORIENTED_EDGE('',*,*,#787,.F.);
#500=ORIENTED_EDGE('',*,*,#793,.T.);
#501=ORIENTED_EDGE('',*,*,#1044,.T.);
#502=ORIENTED_EDGE('',*,*,#942,.F.);
#503=ORIENTED_EDGE('',*,*,#981,.F.);
#504=ORIENTED_EDGE('',*,*,#1045,.T.);
#505=ORIENTED_EDGE('',*,*,#943,.T.);
#506=ORIENTED_EDGE('',*,*,#1044,.F.);
#507=ORIENTED_EDGE('',*,*,#792,.F.);
#508=ORIENTED_EDGE('',*,*,#982,.T.);
#509=ORIENTED_EDGE('',*,*,#944,.T.);
#510=ORIENTED_EDGE('',*,*,#1045,.F.);
#511=ORIENTED_EDGE('',*,*,#791,.F.);
#512=ORIENTED_EDGE('',*,*,#785,.T.);
#513=ORIENTED_EDGE('',*,*,#1046,.T.);
#514=ORIENTED_EDGE('',*,*,#950,.F.);
#515=ORIENTED_EDGE('',*,*,#978,.F.);
#516=ORIENTED_EDGE('',*,*,#994,.T.);
#517=ORIENTED_EDGE('',*,*,#951,.T.);
#518=ORIENTED_EDGE('',*,*,#1046,.F.);
#519=ORIENTED_EDGE('',*,*,#784,.F.);
#520=ORIENTED_EDGE('',*,*,#977,.T.);
#521=ORIENTED_EDGE('',*,*,#936,.T.);
#522=ORIENTED_EDGE('',*,*,#1047,.F.);
#523=ORIENTED_EDGE('',*,*,#799,.F.);
#524=ORIENTED_EDGE('',*,*,#1047,.T.);
#525=ORIENTED_EDGE('',*,*,#935,.T.);
#526=ORIENTED_EDGE('',*,*,#996,.F.);
#527=ORIENTED_EDGE('',*,*,#800,.F.);
#528=ORIENTED_EDGE('',*,*,#805,.T.);
#529=ORIENTED_EDGE('',*,*,#1048,.T.);
#530=ORIENTED_EDGE('',*,*,#930,.F.);
#531=ORIENTED_EDGE('',*,*,#975,.F.);
#532=ORIENTED_EDGE('',*,*,#998,.T.);
#533=ORIENTED_EDGE('',*,*,#931,.T.);
#534=ORIENTED_EDGE('',*,*,#1048,.F.);
#535=ORIENTED_EDGE('',*,*,#804,.F.);
#536=ORIENTED_EDGE('',*,*,#974,.T.);
#537=ORIENTED_EDGE('',*,*,#928,.T.);
#538=ORIENTED_EDGE('',*,*,#1049,.F.);
#539=ORIENTED_EDGE('',*,*,#807,.F.);
#540=ORIENTED_EDGE('',*,*,#1049,.T.);
#541=ORIENTED_EDGE('',*,*,#927,.T.);
#542=ORIENTED_EDGE('',*,*,#990,.F.);
#543=ORIENTED_EDGE('',*,*,#808,.F.);
#544=ORIENTED_EDGE('',*,*,#797,.T.);
#545=ORIENTED_EDGE('',*,*,#1050,.T.);
#546=ORIENTED_EDGE('',*,*,#938,.F.);
#547=ORIENTED_EDGE('',*,*,#976,.F.);
#548=ORIENTED_EDGE('',*,*,#1051,.T.);
#549=ORIENTED_EDGE('',*,*,#939,.T.);
#550=ORIENTED_EDGE('',*,*,#1050,.F.);
#551=ORIENTED_EDGE('',*,*,#796,.F.);
#552=ORIENTED_EDGE('',*,*,#980,.T.);
#553=ORIENTED_EDGE('',*,*,#940,.T.);
#554=ORIENTED_EDGE('',*,*,#1051,.F.);
#555=ORIENTED_EDGE('',*,*,#795,.F.);
#556=ORIENTED_EDGE('',*,*,#773,.T.);
#557=ORIENTED_EDGE('',*,*,#1052,.T.);
#558=ORIENTED_EDGE('',*,*,#962,.F.);
#559=ORIENTED_EDGE('',*,*,#989,.F.);
#560=ORIENTED_EDGE('',*,*,#1053,.T.);
#561=ORIENTED_EDGE('',*,*,#963,.T.);
#562=ORIENTED_EDGE('',*,*,#1052,.F.);
#563=ORIENTED_EDGE('',*,*,#772,.F.);
#564=ORIENTED_EDGE('',*,*,#985,.T.);
#565=ORIENTED_EDGE('',*,*,#964,.T.);
#566=ORIENTED_EDGE('',*,*,#1053,.F.);
#567=ORIENTED_EDGE('',*,*,#771,.F.);
#568=ORIENTED_EDGE('',*,*,#777,.T.);
#569=ORIENTED_EDGE('',*,*,#1054,.T.);
#570=ORIENTED_EDGE('',*,*,#958,.F.);
#571=ORIENTED_EDGE('',*,*,#986,.F.);
#572=ORIENTED_EDGE('',*,*,#1055,.T.);
#573=ORIENTED_EDGE('',*,*,#959,.T.);
#574=ORIENTED_EDGE('',*,*,#1054,.F.);
#575=ORIENTED_EDGE('',*,*,#776,.F.);
#576=ORIENTED_EDGE('',*,*,#988,.T.);
#577=ORIENTED_EDGE('',*,*,#960,.T.);
#578=ORIENTED_EDGE('',*,*,#1055,.F.);
#579=ORIENTED_EDGE('',*,*,#775,.F.);
#580=ORIENTED_EDGE('',*,*,#769,.T.);
#581=ORIENTED_EDGE('',*,*,#973,.T.);
#582=ORIENTED_EDGE('',*,*,#966,.F.);
#583=ORIENTED_EDGE('',*,*,#984,.F.);
#584=ORIENTED_EDGE('',*,*,#969,.T.);
#585=ORIENTED_EDGE('',*,*,#1056,.F.);
#586=ORIENTED_EDGE('',*,*,#766,.F.);
#587=ORIENTED_EDGE('',*,*,#1057,.T.);
#588=ORIENTED_EDGE('',*,*,#968,.T.);
#589=ORIENTED_EDGE('',*,*,#972,.F.);
#590=ORIENTED_EDGE('',*,*,#767,.F.);
#591=ORIENTED_EDGE('',*,*,#1056,.T.);
#592=ORIENTED_EDGE('',*,*,#971,.F.);
#593=ORIENTED_EDGE('',*,*,#1058,.F.);
#594=ORIENTED_EDGE('',*,*,#764,.T.);
#595=ORIENTED_EDGE('',*,*,#1059,.T.);
#596=ORIENTED_EDGE('',*,*,#884,.T.);
#597=ORIENTED_EDGE('',*,*,#1059,.F.);
#598=ORIENTED_EDGE('',*,*,#851,.F.);
#599=ORIENTED_EDGE('',*,*,#1035,.T.);
#600=ORIENTED_EDGE('',*,*,#765,.F.);
#601=ORIENTED_EDGE('',*,*,#1058,.T.);
#602=ORIENTED_EDGE('',*,*,#970,.T.);
#603=ORIENTED_EDGE('',*,*,#1057,.F.);
#604=ORIENTED_EDGE('',*,*,#760,.T.);
#605=ORIENTED_EDGE('',*,*,#1060,.T.);
#606=ORIENTED_EDGE('',*,*,#881,.F.);
#607=ORIENTED_EDGE('',*,*,#1061,.F.);
#608=ORIENTED_EDGE('',*,*,#1062,.T.);
#609=ORIENTED_EDGE('',*,*,#882,.T.);
#610=ORIENTED_EDGE('',*,*,#1060,.F.);
#611=ORIENTED_EDGE('',*,*,#763,.F.);
#612=ORIENTED_EDGE('',*,*,#1063,.T.);
#613=ORIENTED_EDGE('',*,*,#883,.T.);
#614=ORIENTED_EDGE('',*,*,#1062,.F.);
#615=ORIENTED_EDGE('',*,*,#762,.F.);
#616=ORIENTED_EDGE('',*,*,#761,.T.);
#617=ORIENTED_EDGE('',*,*,#1061,.T.);
#618=ORIENTED_EDGE('',*,*,#880,.F.);
#619=ORIENTED_EDGE('',*,*,#1063,.F.);
#620=ORIENTED_EDGE('',*,*,#877,.T.);
#621=ORIENTED_EDGE('',*,*,#1064,.F.);
#622=ORIENTED_EDGE('',*,*,#756,.F.);
#623=ORIENTED_EDGE('',*,*,#1065,.T.);
#624=ORIENTED_EDGE('',*,*,#878,.F.);
#625=ORIENTED_EDGE('',*,*,#1065,.F.);
#626=ORIENTED_EDGE('',*,*,#759,.T.);
#627=ORIENTED_EDGE('',*,*,#1066,.T.);
#628=ORIENTED_EDGE('',*,*,#879,.F.);
#629=ORIENTED_EDGE('',*,*,#1066,.F.);
#630=ORIENTED_EDGE('',*,*,#758,.T.);
#631=ORIENTED_EDGE('',*,*,#1067,.T.);
#632=ORIENTED_EDGE('',*,*,#876,.T.);
#633=ORIENTED_EDGE('',*,*,#1067,.F.);
#634=ORIENTED_EDGE('',*,*,#757,.F.);
#635=ORIENTED_EDGE('',*,*,#1064,.T.);
#636=ORIENTED_EDGE('',*,*,#873,.T.);
#637=ORIENTED_EDGE('',*,*,#1068,.F.);
#638=ORIENTED_EDGE('',*,*,#752,.F.);
#639=ORIENTED_EDGE('',*,*,#1069,.T.);
#640=ORIENTED_EDGE('',*,*,#874,.F.);
#641=ORIENTED_EDGE('',*,*,#1069,.F.);
#642=ORIENTED_EDGE('',*,*,#755,.T.);
#643=ORIENTED_EDGE('',*,*,#1070,.T.);
#644=ORIENTED_EDGE('',*,*,#875,.F.);
#645=ORIENTED_EDGE('',*,*,#1070,.F.);
#646=ORIENTED_EDGE('',*,*,#754,.T.);
#647=ORIENTED_EDGE('',*,*,#1071,.T.);
#648=ORIENTED_EDGE('',*,*,#872,.T.);
#649=ORIENTED_EDGE('',*,*,#1071,.F.);
#650=ORIENTED_EDGE('',*,*,#753,.F.);
#651=ORIENTED_EDGE('',*,*,#1068,.T.);
#652=ORIENTED_EDGE('',*,*,#869,.T.);
#653=ORIENTED_EDGE('',*,*,#1072,.F.);
#654=ORIENTED_EDGE('',*,*,#748,.F.);
#655=ORIENTED_EDGE('',*,*,#1073,.T.);
#656=ORIENTED_EDGE('',*,*,#870,.F.);
#657=ORIENTED_EDGE('',*,*,#1073,.F.);
#658=ORIENTED_EDGE('',*,*,#751,.T.);
#659=ORIENTED_EDGE('',*,*,#1074,.T.);
#660=ORIENTED_EDGE('',*,*,#871,.F.);
#661=ORIENTED_EDGE('',*,*,#1074,.F.);
#662=ORIENTED_EDGE('',*,*,#750,.T.);
#663=ORIENTED_EDGE('',*,*,#1075,.T.);
#664=ORIENTED_EDGE('',*,*,#868,.T.);
#665=ORIENTED_EDGE('',*,*,#1075,.F.);
#666=ORIENTED_EDGE('',*,*,#749,.F.);
#667=ORIENTED_EDGE('',*,*,#1072,.T.);
#668=ORIENTED_EDGE('',*,*,#865,.T.);
#669=ORIENTED_EDGE('',*,*,#1076,.F.);
#670=ORIENTED_EDGE('',*,*,#744,.F.);
#671=ORIENTED_EDGE('',*,*,#1077,.T.);
#672=ORIENTED_EDGE('',*,*,#866,.F.);
#673=ORIENTED_EDGE('',*,*,#1077,.F.);
#674=ORIENTED_EDGE('',*,*,#747,.T.);
#675=ORIENTED_EDGE('',*,*,#1078,.T.);
#676=ORIENTED_EDGE('',*,*,#867,.F.);
#677=ORIENTED_EDGE('',*,*,#1078,.F.);
#678=ORIENTED_EDGE('',*,*,#746,.T.);
#679=ORIENTED_EDGE('',*,*,#1079,.T.);
#680=ORIENTED_EDGE('',*,*,#864,.T.);
#681=ORIENTED_EDGE('',*,*,#1079,.F.);
#682=ORIENTED_EDGE('',*,*,#745,.F.);
#683=ORIENTED_EDGE('',*,*,#1076,.T.);
#684=ORIENTED_EDGE('',*,*,#861,.T.);
#685=ORIENTED_EDGE('',*,*,#1080,.F.);
#686=ORIENTED_EDGE('',*,*,#740,.F.);
#687=ORIENTED_EDGE('',*,*,#1081,.T.);
#688=ORIENTED_EDGE('',*,*,#862,.F.);
#689=ORIENTED_EDGE('',*,*,#1081,.F.);
#690=ORIENTED_EDGE('',*,*,#743,.T.);
#691=ORIENTED_EDGE('',*,*,#1082,.T.);
#692=ORIENTED_EDGE('',*,*,#863,.F.);
#693=ORIENTED_EDGE('',*,*,#1082,.F.);
#694=ORIENTED_EDGE('',*,*,#742,.T.);
#695=ORIENTED_EDGE('',*,*,#1083,.T.);
#696=ORIENTED_EDGE('',*,*,#860,.T.);
#697=ORIENTED_EDGE('',*,*,#1083,.F.);
#698=ORIENTED_EDGE('',*,*,#741,.F.);
#699=ORIENTED_EDGE('',*,*,#1080,.T.);
#700=ORIENTED_EDGE('',*,*,#857,.T.);
#701=ORIENTED_EDGE('',*,*,#1084,.F.);
#702=ORIENTED_EDGE('',*,*,#736,.F.);
#703=ORIENTED_EDGE('',*,*,#1085,.T.);
#704=ORIENTED_EDGE('',*,*,#858,.F.);
#705=ORIENTED_EDGE('',*,*,#1085,.F.);
#706=ORIENTED_EDGE('',*,*,#739,.T.);
#707=ORIENTED_EDGE('',*,*,#1086,.T.);
#708=ORIENTED_EDGE('',*,*,#859,.F.);
#709=ORIENTED_EDGE('',*,*,#1086,.F.);
#710=ORIENTED_EDGE('',*,*,#738,.T.);
#711=ORIENTED_EDGE('',*,*,#1087,.T.);
#712=ORIENTED_EDGE('',*,*,#856,.T.);
#713=ORIENTED_EDGE('',*,*,#1087,.F.);
#714=ORIENTED_EDGE('',*,*,#737,.F.);
#715=ORIENTED_EDGE('',*,*,#1084,.T.);
#716=ORIENTED_EDGE('',*,*,#853,.T.);
#717=ORIENTED_EDGE('',*,*,#1088,.F.);
#718=ORIENTED_EDGE('',*,*,#732,.F.);
#719=ORIENTED_EDGE('',*,*,#1089,.T.);
#720=ORIENTED_EDGE('',*,*,#854,.F.);
#721=ORIENTED_EDGE('',*,*,#1089,.F.);
#722=ORIENTED_EDGE('',*,*,#735,.T.);
#723=ORIENTED_EDGE('',*,*,#1090,.T.);
#724=ORIENTED_EDGE('',*,*,#855,.F.);
#725=ORIENTED_EDGE('',*,*,#1090,.F.);
#726=ORIENTED_EDGE('',*,*,#734,.T.);
#727=ORIENTED_EDGE('',*,*,#1091,.T.);
#728=ORIENTED_EDGE('',*,*,#852,.T.);
#729=ORIENTED_EDGE('',*,*,#1091,.F.);
#730=ORIENTED_EDGE('',*,*,#733,.F.);
#731=ORIENTED_EDGE('',*,*,#1088,.T.);
#732=EDGE_CURVE('',#1092,#1093,#1332,.T.);
#733=EDGE_CURVE('',#1093,#1094,#1333,.T.);
#734=EDGE_CURVE('',#1095,#1094,#1334,.T.);
#735=EDGE_CURVE('',#1092,#1095,#1335,.T.);
#736=EDGE_CURVE('',#1096,#1097,#1336,.T.);
#737=EDGE_CURVE('',#1097,#1098,#1337,.T.);
#738=EDGE_CURVE('',#1099,#1098,#1338,.T.);
#739=EDGE_CURVE('',#1096,#1099,#1339,.T.);
#740=EDGE_CURVE('',#1100,#1101,#1340,.T.);
#741=EDGE_CURVE('',#1101,#1102,#1341,.T.);
#742=EDGE_CURVE('',#1103,#1102,#1342,.T.);
#743=EDGE_CURVE('',#1100,#1103,#1343,.T.);
#744=EDGE_CURVE('',#1104,#1105,#1344,.T.);
#745=EDGE_CURVE('',#1105,#1106,#1345,.T.);
#746=EDGE_CURVE('',#1107,#1106,#1346,.T.);
#747=EDGE_CURVE('',#1104,#1107,#1347,.T.);
#748=EDGE_CURVE('',#1108,#1109,#1348,.T.);
#749=EDGE_CURVE('',#1109,#1110,#1349,.T.);
#750=EDGE_CURVE('',#1111,#1110,#1350,.T.);
#751=EDGE_CURVE('',#1108,#1111,#1351,.T.);
#752=EDGE_CURVE('',#1112,#1113,#1352,.T.);
#753=EDGE_CURVE('',#1113,#1114,#1353,.T.);
#754=EDGE_CURVE('',#1115,#1114,#1354,.T.);
#755=EDGE_CURVE('',#1112,#1115,#1355,.T.);
#756=EDGE_CURVE('',#1116,#1117,#1356,.T.);
#757=EDGE_CURVE('',#1117,#1118,#1357,.T.);
#758=EDGE_CURVE('',#1119,#1118,#1358,.T.);
#759=EDGE_CURVE('',#1116,#1119,#1359,.T.);
#760=EDGE_CURVE('',#1120,#1121,#1360,.T.);
#761=EDGE_CURVE('',#1122,#1120,#1361,.T.);
#762=EDGE_CURVE('',#1122,#1123,#1362,.T.);
#763=EDGE_CURVE('',#1123,#1121,#1363,.T.);
#764=EDGE_CURVE('',#1124,#1125,#1364,.T.);
#765=EDGE_CURVE('',#1124,#1126,#1365,.T.);
#766=EDGE_CURVE('',#1126,#1127,#1366,.T.);
#767=EDGE_CURVE('',#1127,#1128,#1367,.T.);
#768=EDGE_CURVE('',#1128,#1129,#1368,.T.);
#769=EDGE_CURVE('',#1130,#1129,#1369,.T.);
#770=EDGE_CURVE('',#1130,#1131,#1370,.T.);
#771=EDGE_CURVE('',#1131,#1132,#1371,.T.);
#772=EDGE_CURVE('',#1132,#1133,#1372,.T.);
#773=EDGE_CURVE('',#1134,#1133,#1373,.T.);
#774=EDGE_CURVE('',#1134,#1135,#1374,.T.);
#775=EDGE_CURVE('',#1135,#1136,#1375,.T.);
#776=EDGE_CURVE('',#1136,#1137,#1376,.T.);
#777=EDGE_CURVE('',#1138,#1137,#1377,.T.);
#778=EDGE_CURVE('',#1138,#1139,#1378,.T.);
#779=EDGE_CURVE('',#1139,#1140,#1379,.T.);
#780=EDGE_CURVE('',#1140,#1141,#1380,.T.);
#781=EDGE_CURVE('',#1141,#1142,#1381,.T.);
#782=EDGE_CURVE('',#1143,#1142,#1382,.T.);
#783=EDGE_CURVE('',#1144,#1143,#1383,.T.);
#784=EDGE_CURVE('',#1144,#1145,#1384,.T.);
#785=EDGE_CURVE('',#1146,#1145,#1385,.T.);
#786=EDGE_CURVE('',#1146,#1147,#1386,.T.);
#787=EDGE_CURVE('',#1147,#1148,#1387,.T.);
#788=EDGE_CURVE('',#1148,#1149,#1388,.T.);
#789=EDGE_CURVE('',#1150,#1149,#1389,.T.);
#790=EDGE_CURVE('',#1150,#1151,#1390,.T.);
#791=EDGE_CURVE('',#1151,#1152,#1391,.T.);
#792=EDGE_CURVE('',#1152,#1153,#1392,.T.);
#793=EDGE_CURVE('',#1154,#1153,#1393,.T.);
#794=EDGE_CURVE('',#1154,#1155,#1394,.T.);
#795=EDGE_CURVE('',#1155,#1156,#1395,.T.);
#796=EDGE_CURVE('',#1156,#1157,#1396,.T.);
#797=EDGE_CURVE('',#1158,#1157,#1397,.T.);
#798=EDGE_CURVE('',#1158,#1159,#1398,.T.);
#799=EDGE_CURVE('',#1159,#1160,#1399,.T.);
#800=EDGE_CURVE('',#1160,#1161,#1400,.T.);
#801=EDGE_CURVE('',#1161,#1162,#1401,.T.);
#802=EDGE_CURVE('',#1163,#1162,#1402,.T.);
#803=EDGE_CURVE('',#1164,#1163,#1403,.T.);
#804=EDGE_CURVE('',#1164,#1165,#1404,.T.);
#805=EDGE_CURVE('',#1166,#1165,#1405,.T.);
#806=EDGE_CURVE('',#1166,#1167,#1406,.T.);
#807=EDGE_CURVE('',#1167,#1168,#1407,.T.);
#808=EDGE_CURVE('',#1168,#1169,#1408,.T.);
#809=EDGE_CURVE('',#1170,#1169,#1409,.T.);
#810=EDGE_CURVE('',#1170,#1171,#1410,.T.);
#811=EDGE_CURVE('',#1172,#1171,#1411,.T.);
#812=EDGE_CURVE('',#1173,#1172,#1412,.T.);
#813=EDGE_CURVE('',#1173,#1174,#1413,.T.);
#814=EDGE_CURVE('',#1174,#1175,#1414,.T.);
#815=EDGE_CURVE('',#1176,#1175,#1415,.T.);
#816=EDGE_CURVE('',#1176,#1177,#1416,.T.);
#817=EDGE_CURVE('',#1177,#1178,#1417,.T.);
#818=EDGE_CURVE('',#1178,#1179,#1418,.T.);
#819=EDGE_CURVE('',#1180,#1179,#1419,.T.);
#820=EDGE_CURVE('',#1181,#1180,#1420,.T.);
#821=EDGE_CURVE('',#1181,#1182,#1421,.T.);
#822=EDGE_CURVE('',#1182,#1183,#1422,.T.);
#823=EDGE_CURVE('',#1184,#1183,#1423,.T.);
#824=EDGE_CURVE('',#1185,#1184,#1424,.T.);
#825=EDGE_CURVE('',#1185,#1186,#1425,.T.);
#826=EDGE_CURVE('',#1186,#1187,#1426,.T.);
#827=EDGE_CURVE('',#1188,#1187,#1427,.T.);
#828=EDGE_CURVE('',#1189,#1188,#1428,.T.);
#829=EDGE_CURVE('',#1189,#1190,#1429,.T.);
#830=EDGE_CURVE('',#1190,#1191,#1430,.T.);
#831=EDGE_CURVE('',#1192,#1191,#1431,.T.);
#832=EDGE_CURVE('',#1193,#1192,#1432,.T.);
#833=EDGE_CURVE('',#1193,#1194,#1433,.T.);
#834=EDGE_CURVE('',#1194,#1195,#1434,.T.);
#835=EDGE_CURVE('',#1196,#1195,#1435,.T.);
#836=EDGE_CURVE('',#1196,#1197,#1436,.T.);
#837=EDGE_CURVE('',#1197,#1198,#1437,.T.);
#838=EDGE_CURVE('',#1198,#1199,#1438,.T.);
#839=EDGE_CURVE('',#1200,#1199,#1439,.T.);
#840=EDGE_CURVE('',#1201,#1200,#1440,.T.);
#841=EDGE_CURVE('',#1201,#1202,#1441,.T.);
#842=EDGE_CURVE('',#1202,#1203,#1442,.T.);
#843=EDGE_CURVE('',#1204,#1203,#1443,.T.);
#844=EDGE_CURVE('',#1205,#1204,#1444,.T.);
#845=EDGE_CURVE('',#1205,#1206,#1445,.T.);
#846=EDGE_CURVE('',#1206,#1207,#1446,.T.);
#847=EDGE_CURVE('',#1208,#1207,#1447,.T.);
#848=EDGE_CURVE('',#1209,#1208,#1448,.T.);
#849=EDGE_CURVE('',#1209,#1210,#1449,.T.);
#850=EDGE_CURVE('',#1210,#1211,#1450,.T.);
#851=EDGE_CURVE('',#1211,#1125,#1451,.T.);
#852=EDGE_CURVE('',#1212,#1213,#1452,.T.);
#853=EDGE_CURVE('',#1214,#1212,#1453,.T.);
#854=EDGE_CURVE('',#1214,#1215,#1454,.T.);
#855=EDGE_CURVE('',#1215,#1213,#1455,.T.);
#856=EDGE_CURVE('',#1216,#1217,#1456,.T.);
#857=EDGE_CURVE('',#1218,#1216,#1457,.T.);
#858=EDGE_CURVE('',#1218,#1219,#1458,.T.);
#859=EDGE_CURVE('',#1219,#1217,#1459,.T.);
#860=EDGE_CURVE('',#1220,#1221,#1460,.T.);
#861=EDGE_CURVE('',#1222,#1220,#1461,.T.);
#862=EDGE_CURVE('',#1222,#1223,#1462,.T.);
#863=EDGE_CURVE('',#1223,#1221,#1463,.T.);
#864=EDGE_CURVE('',#1224,#1225,#1464,.T.);
#865=EDGE_CURVE('',#1226,#1224,#1465,.T.);
#866=EDGE_CURVE('',#1226,#1227,#1466,.T.);
#867=EDGE_CURVE('',#1227,#1225,#1467,.T.);
#868=EDGE_CURVE('',#1228,#1229,#1468,.T.);
#869=EDGE_CURVE('',#1230,#1228,#1469,.T.);
#870=EDGE_CURVE('',#1230,#1231,#1470,.T.);
#871=EDGE_CURVE('',#1231,#1229,#1471,.T.);
#872=EDGE_CURVE('',#1232,#1233,#1472,.T.);
#873=EDGE_CURVE('',#1234,#1232,#1473,.T.);
#874=EDGE_CURVE('',#1234,#1235,#1474,.T.);
#875=EDGE_CURVE('',#1235,#1233,#1475,.T.);
#876=EDGE_CURVE('',#1236,#1237,#1476,.T.);
#877=EDGE_CURVE('',#1238,#1236,#1477,.T.);
#878=EDGE_CURVE('',#1238,#1239,#1478,.T.);
#879=EDGE_CURVE('',#1239,#1237,#1479,.T.);
#880=EDGE_CURVE('',#1240,#1241,#1480,.T.);
#881=EDGE_CURVE('',#1241,#1242,#1481,.T.);
#882=EDGE_CURVE('',#1243,#1242,#1482,.T.);
#883=EDGE_CURVE('',#1240,#1243,#1483,.T.);
#884=EDGE_CURVE('',#1244,#1245,#1484,.T.);
#885=EDGE_CURVE('',#1246,#1244,#1485,.T.);
#886=EDGE_CURVE('',#1247,#1246,#1486,.T.);
#887=EDGE_CURVE('',#1247,#1248,#1487,.T.);
#888=EDGE_CURVE('',#1248,#1249,#1488,.T.);
#889=EDGE_CURVE('',#1250,#1249,#1489,.T.);
#890=EDGE_CURVE('',#1251,#1250,#1490,.T.);
#891=EDGE_CURVE('',#1251,#1252,#1491,.T.);
#892=EDGE_CURVE('',#1252,#1253,#1492,.T.);
#893=EDGE_CURVE('',#1254,#1253,#1493,.T.);
#894=EDGE_CURVE('',#1255,#1254,#1494,.T.);
#895=EDGE_CURVE('',#1255,#1256,#1495,.T.);
#896=EDGE_CURVE('',#1256,#1257,#1496,.T.);
#897=EDGE_CURVE('',#1258,#1257,#1497,.T.);
#898=EDGE_CURVE('',#1259,#1258,#1498,.T.);
#899=EDGE_CURVE('',#1260,#1259,#1499,.T.);
#900=EDGE_CURVE('',#1260,#1261,#1500,.T.);
#901=EDGE_CURVE('',#1262,#1261,#1501,.T.);
#902=EDGE_CURVE('',#1263,#1262,#1502,.T.);
#903=EDGE_CURVE('',#1263,#1264,#1503,.T.);
#904=EDGE_CURVE('',#1264,#1265,#1504,.T.);
#905=EDGE_CURVE('',#1266,#1265,#1505,.T.);
#906=EDGE_CURVE('',#1267,#1266,#1506,.T.);
#907=EDGE_CURVE('',#1267,#1268,#1507,.T.);
#908=EDGE_CURVE('',#1268,#1269,#1508,.T.);
#909=EDGE_CURVE('',#1270,#1269,#1509,.T.);
#910=EDGE_CURVE('',#1271,#1270,#1510,.T.);
#911=EDGE_CURVE('',#1271,#1272,#1511,.T.);
#912=EDGE_CURVE('',#1272,#1273,#1512,.T.);
#913=EDGE_CURVE('',#1274,#1273,#1513,.T.);
#914=EDGE_CURVE('',#1275,#1274,#1514,.T.);
#915=EDGE_CURVE('',#1275,#1276,#1515,.T.);
#916=EDGE_CURVE('',#1276,#1277,#1516,.T.);
#917=EDGE_CURVE('',#1278,#1277,#1517,.T.);
#918=EDGE_CURVE('',#1279,#1278,#1518,.T.);
#919=EDGE_CURVE('',#1280,#1279,#1519,.T.);
#920=EDGE_CURVE('',#1280,#1281,#1520,.T.);
#921=EDGE_CURVE('',#1282,#1281,#1521,.T.);
#922=EDGE_CURVE('',#1283,#1282,#1522,.T.);
#923=EDGE_CURVE('',#1283,#1284,#1523,.T.);
#924=EDGE_CURVE('',#1284,#1285,#1524,.T.);
#925=EDGE_CURVE('',#1286,#1285,#1525,.T.);
#926=EDGE_CURVE('',#1286,#1287,#1526,.T.);
#927=EDGE_CURVE('',#1288,#1287,#1527,.T.);
#928=EDGE_CURVE('',#1289,#1288,#1528,.T.);
#929=EDGE_CURVE('',#1290,#1289,#1529,.T.);
#930=EDGE_CURVE('',#1290,#1291,#1530,.T.);
#931=EDGE_CURVE('',#1292,#1291,#1531,.T.);
#932=EDGE_CURVE('',#1292,#1293,#1532,.T.);
#933=EDGE_CURVE('',#1293,#1294,#1533,.T.);
#934=EDGE_CURVE('',#1295,#1294,#1534,.T.);
#935=EDGE_CURVE('',#1296,#1295,#1535,.T.);
#936=EDGE_CURVE('',#1297,#1296,#1536,.T.);
#937=EDGE_CURVE('',#1298,#1297,#1537,.T.);
#938=EDGE_CURVE('',#1298,#1299,#1538,.T.);
#939=EDGE_CURVE('',#1300,#1299,#1539,.T.);
#940=EDGE_CURVE('',#1301,#1300,#1540,.T.);
#941=EDGE_CURVE('',#1302,#1301,#1541,.T.);
#942=EDGE_CURVE('',#1302,#1303,#1542,.T.);
#943=EDGE_CURVE('',#1304,#1303,#1543,.T.);
#944=EDGE_CURVE('',#1305,#1304,#1544,.T.);
#945=EDGE_CURVE('',#1306,#1305,#1545,.T.);
#946=EDGE_CURVE('',#1306,#1307,#1546,.T.);
#947=EDGE_CURVE('',#1308,#1307,#1547,.T.);
#948=EDGE_CURVE('',#1309,#1308,#1548,.T.);
#949=EDGE_CURVE('',#1310,#1309,#1549,.T.);
#950=EDGE_CURVE('',#1310,#1311,#1550,.T.);
#951=EDGE_CURVE('',#1312,#1311,#1551,.T.);
#952=EDGE_CURVE('',#1312,#1313,#1552,.T.);
#953=EDGE_CURVE('',#1313,#1314,#1553,.T.);
#954=EDGE_CURVE('',#1315,#1314,#1554,.T.);
#955=EDGE_CURVE('',#1316,#1315,#1555,.T.);
#956=EDGE_CURVE('',#1317,#1316,#1556,.T.);
#957=EDGE_CURVE('',#1318,#1317,#1557,.T.);
#958=EDGE_CURVE('',#1318,#1319,#1558,.T.);
#959=EDGE_CURVE('',#1320,#1319,#1559,.T.);
#960=EDGE_CURVE('',#1321,#1320,#1560,.T.);
#961=EDGE_CURVE('',#1322,#1321,#1561,.T.);
#962=EDGE_CURVE('',#1322,#1323,#1562,.T.);
#963=EDGE_CURVE('',#1324,#1323,#1563,.T.);
#964=EDGE_CURVE('',#1325,#1324,#1564,.T.);
#965=EDGE_CURVE('',#1326,#1325,#1565,.T.);
#966=EDGE_CURVE('',#1326,#1327,#1566,.T.);
#967=EDGE_CURVE('',#1328,#1327,#1567,.T.);
#968=EDGE_CURVE('',#1329,#1328,#1568,.T.);
#969=EDGE_CURVE('',#1330,#1329,#1569,.T.);
#970=EDGE_CURVE('',#1331,#1330,#1570,.T.);
#971=EDGE_CURVE('',#1331,#1245,#1571,.T.);
#972=EDGE_CURVE('',#1128,#1328,#1572,.T.);
#973=EDGE_CURVE('',#1129,#1327,#1573,.T.);
#974=EDGE_CURVE('',#1167,#1289,#1574,.T.);
#975=EDGE_CURVE('',#1166,#1290,#1575,.T.);
#976=EDGE_CURVE('',#1158,#1298,#1576,.T.);
#977=EDGE_CURVE('',#1159,#1297,#1577,.T.);
#978=EDGE_CURVE('',#1146,#1310,#1578,.T.);
#979=EDGE_CURVE('',#1147,#1309,#1579,.T.);
#980=EDGE_CURVE('',#1155,#1301,#1580,.T.);
#981=EDGE_CURVE('',#1154,#1302,#1581,.T.);
#982=EDGE_CURVE('',#1151,#1305,#1582,.T.);
#983=EDGE_CURVE('',#1150,#1306,#1583,.T.);
#984=EDGE_CURVE('',#1130,#1326,#1584,.T.);
#985=EDGE_CURVE('',#1131,#1325,#1585,.T.);
#986=EDGE_CURVE('',#1138,#1318,#1586,.T.);
#987=EDGE_CURVE('',#1139,#1317,#1587,.T.);
#988=EDGE_CURVE('',#1135,#1321,#1588,.T.);
#989=EDGE_CURVE('',#1134,#1322,#1589,.T.);
#990=EDGE_CURVE('',#1169,#1287,#1590,.T.);
#991=EDGE_CURVE('',#1170,#1286,#1591,.T.);
#992=EDGE_CURVE('',#1141,#1315,#1592,.T.);
#993=EDGE_CURVE('',#1142,#1314,#1593,.T.);
#994=EDGE_CURVE('',#1144,#1312,#1594,.T.);
#995=EDGE_CURVE('',#1143,#1313,#1595,.T.);
#996=EDGE_CURVE('',#1161,#1295,#1596,.T.);
#997=EDGE_CURVE('',#1162,#1294,#1597,.T.);
#998=EDGE_CURVE('',#1164,#1292,#1598,.T.);
#999=EDGE_CURVE('',#1163,#1293,#1599,.T.);
#1000=EDGE_CURVE('',#1184,#1272,#1600,.F.);
#1001=EDGE_CURVE('',#1185,#1271,#1601,.F.);
#1002=EDGE_CURVE('',#1188,#1268,#1602,.F.);
#1003=EDGE_CURVE('',#1189,#1267,#1603,.F.);
#1004=EDGE_CURVE('',#1181,#1275,#1604,.F.);
#1005=EDGE_CURVE('',#1180,#1276,#1605,.F.);
#1006=EDGE_CURVE('',#1193,#1263,#1606,.F.);
#1007=EDGE_CURVE('',#1192,#1264,#1607,.F.);
#1008=EDGE_CURVE('',#1200,#1256,#1608,.F.);
#1009=EDGE_CURVE('',#1201,#1255,#1609,.F.);
#1010=EDGE_CURVE('',#1204,#1252,#1610,.F.);
#1011=EDGE_CURVE('',#1205,#1251,#1611,.F.);
#1012=EDGE_CURVE('',#1209,#1247,#1612,.F.);
#1013=EDGE_CURVE('',#1208,#1248,#1613,.F.);
#1014=EDGE_CURVE('',#1172,#1284,#1614,.F.);
#1015=EDGE_CURVE('',#1173,#1283,#1615,.F.);
#1016=EDGE_CURVE('',#1198,#1258,#1616,.T.);
#1017=EDGE_CURVE('',#1197,#1259,#1617,.T.);
#1018=EDGE_CURVE('',#1196,#1260,#1618,.T.);
#1019=EDGE_CURVE('',#1195,#1261,#1619,.T.);
#1020=EDGE_CURVE('',#1178,#1278,#1620,.T.);
#1021=EDGE_CURVE('',#1177,#1279,#1621,.T.);
#1022=EDGE_CURVE('',#1176,#1280,#1622,.T.);
#1023=EDGE_CURVE('',#1175,#1281,#1623,.T.);
#1024=EDGE_CURVE('',#1174,#1282,#1624,.T.);
#1025=EDGE_CURVE('',#1207,#1249,#1625,.T.);
#1026=EDGE_CURVE('',#1206,#1250,#1626,.T.);
#1027=EDGE_CURVE('',#1203,#1253,#1627,.T.);
#1028=EDGE_CURVE('',#1202,#1254,#1628,.T.);
#1029=EDGE_CURVE('',#1191,#1265,#1629,.T.);
#1030=EDGE_CURVE('',#1190,#1266,#1630,.T.);
#1031=EDGE_CURVE('',#1179,#1277,#1631,.T.);
#1032=EDGE_CURVE('',#1194,#1262,#1632,.T.);
#1033=EDGE_CURVE('',#1199,#1257,#1633,.T.);
#1034=EDGE_CURVE('',#1210,#1246,#1634,.T.);
#1035=EDGE_CURVE('',#1211,#1244,#1635,.T.);
#1036=EDGE_CURVE('',#1187,#1269,#1636,.T.);
#1037=EDGE_CURVE('',#1186,#1270,#1637,.T.);
#1038=EDGE_CURVE('',#1183,#1273,#1638,.T.);
#1039=EDGE_CURVE('',#1182,#1274,#1639,.T.);
#1040=EDGE_CURVE('',#1171,#1285,#1640,.T.);
#1041=EDGE_CURVE('',#1140,#1316,#1641,.T.);
#1042=EDGE_CURVE('',#1149,#1307,#1642,.T.);
#1043=EDGE_CURVE('',#1148,#1308,#1643,.T.);
#1044=EDGE_CURVE('',#1153,#1303,#1644,.T.);
#1045=EDGE_CURVE('',#1152,#1304,#1645,.T.);
#1046=EDGE_CURVE('',#1145,#1311,#1646,.T.);
#1047=EDGE_CURVE('',#1160,#1296,#1647,.T.);
#1048=EDGE_CURVE('',#1165,#1291,#1648,.T.);
#1049=EDGE_CURVE('',#1168,#1288,#1649,.T.);
#1050=EDGE_CURVE('',#1157,#1299,#1650,.T.);
#1051=EDGE_CURVE('',#1156,#1300,#1651,.T.);
#1052=EDGE_CURVE('',#1133,#1323,#1652,.T.);
#1053=EDGE_CURVE('',#1132,#1324,#1653,.T.);
#1054=EDGE_CURVE('',#1137,#1319,#1654,.T.);
#1055=EDGE_CURVE('',#1136,#1320,#1655,.T.);
#1056=EDGE_CURVE('',#1127,#1329,#1656,.T.);
#1057=EDGE_CURVE('',#1126,#1330,#1657,.F.);
#1058=EDGE_CURVE('',#1124,#1331,#1658,.F.);
#1059=EDGE_CURVE('',#1125,#1245,#1659,.T.);
#1060=EDGE_CURVE('',#1121,#1242,#1660,.T.);
#1061=EDGE_CURVE('',#1120,#1241,#1661,.T.);
#1062=EDGE_CURVE('',#1123,#1243,#1662,.T.);
#1063=EDGE_CURVE('',#1122,#1240,#1663,.T.);
#1064=EDGE_CURVE('',#1117,#1236,#1664,.T.);
#1065=EDGE_CURVE('',#1116,#1238,#1665,.T.);
#1066=EDGE_CURVE('',#1119,#1239,#1666,.T.);
#1067=EDGE_CURVE('',#1118,#1237,#1667,.T.);
#1068=EDGE_CURVE('',#1113,#1232,#1668,.T.);
#1069=EDGE_CURVE('',#1112,#1234,#1669,.T.);
#1070=EDGE_CURVE('',#1115,#1235,#1670,.T.);
#1071=EDGE_CURVE('',#1114,#1233,#1671,.T.);
#1072=EDGE_CURVE('',#1109,#1228,#1672,.T.);
#1073=EDGE_CURVE('',#1108,#1230,#1673,.T.);
#1074=EDGE_CURVE('',#1111,#1231,#1674,.T.);
#1075=EDGE_CURVE('',#1110,#1229,#1675,.T.);
#1076=EDGE_CURVE('',#1105,#1224,#1676,.T.);
#1077=EDGE_CURVE('',#1104,#1226,#1677,.T.);
#1078=EDGE_CURVE('',#1107,#1227,#1678,.T.);
#1079=EDGE_CURVE('',#1106,#1225,#1679,.T.);
#1080=EDGE_CURVE('',#1101,#1220,#1680,.T.);
#1081=EDGE_CURVE('',#1100,#1222,#1681,.T.);
#1082=EDGE_CURVE('',#1103,#1223,#1682,.T.);
#1083=EDGE_CURVE('',#1102,#1221,#1683,.T.);
#1084=EDGE_CURVE('',#1097,#1216,#1684,.T.);
#1085=EDGE_CURVE('',#1096,#1218,#1685,.T.);
#1086=EDGE_CURVE('',#1099,#1219,#1686,.T.);
#1087=EDGE_CURVE('',#1098,#1217,#1687,.T.);
#1088=EDGE_CURVE('',#1093,#1212,#1688,.T.);
#1089=EDGE_CURVE('',#1092,#1214,#1689,.T.);
#1090=EDGE_CURVE('',#1095,#1215,#1690,.T.);
#1091=EDGE_CURVE('',#1094,#1213,#1691,.T.);
#1092=VERTEX_POINT('',#3316);
#1093=VERTEX_POINT('',#3317);
#1094=VERTEX_POINT('',#3319);
#1095=VERTEX_POINT('',#3321);
#1096=VERTEX_POINT('',#3324);
#1097=VERTEX_POINT('',#3325);
#1098=VERTEX_POINT('',#3327);
#1099=VERTEX_POINT('',#3329);
#1100=VERTEX_POINT('',#3332);
#1101=VERTEX_POINT('',#3333);
#1102=VERTEX_POINT('',#3335);
#1103=VERTEX_POINT('',#3337);
#1104=VERTEX_POINT('',#3340);
#1105=VERTEX_POINT('',#3341);
#1106=VERTEX_POINT('',#3343);
#1107=VERTEX_POINT('',#3345);
#1108=VERTEX_POINT('',#3348);
#1109=VERTEX_POINT('',#3349);
#1110=VERTEX_POINT('',#3351);
#1111=VERTEX_POINT('',#3353);
#1112=VERTEX_POINT('',#3356);
#1113=VERTEX_POINT('',#3357);
#1114=VERTEX_POINT('',#3359);
#1115=VERTEX_POINT('',#3361);
#1116=VERTEX_POINT('',#3364);
#1117=VERTEX_POINT('',#3365);
#1118=VERTEX_POINT('',#3367);
#1119=VERTEX_POINT('',#3369);
#1120=VERTEX_POINT('',#3372);
#1121=VERTEX_POINT('',#3373);
#1122=VERTEX_POINT('',#3375);
#1123=VERTEX_POINT('',#3377);
#1124=VERTEX_POINT('',#3380);
#1125=VERTEX_POINT('',#3381);
#1126=VERTEX_POINT('',#3383);
#1127=VERTEX_POINT('',#3385);
#1128=VERTEX_POINT('',#3387);
#1129=VERTEX_POINT('',#3389);
#1130=VERTEX_POINT('',#3391);
#1131=VERTEX_POINT('',#3393);
#1132=VERTEX_POINT('',#3395);
#1133=VERTEX_POINT('',#3397);
#1134=VERTEX_POINT('',#3399);
#1135=VERTEX_POINT('',#3401);
#1136=VERTEX_POINT('',#3403);
#1137=VERTEX_POINT('',#3405);
#1138=VERTEX_POINT('',#3407);
#1139=VERTEX_POINT('',#3409);
#1140=VERTEX_POINT('',#3411);
#1141=VERTEX_POINT('',#3413);
#1142=VERTEX_POINT('',#3415);
#1143=VERTEX_POINT('',#3417);
#1144=VERTEX_POINT('',#3419);
#1145=VERTEX_POINT('',#3421);
#1146=VERTEX_POINT('',#3423);
#1147=VERTEX_POINT('',#3425);
#1148=VERTEX_POINT('',#3427);
#1149=VERTEX_POINT('',#3429);
#1150=VERTEX_POINT('',#3431);
#1151=VERTEX_POINT('',#3433);
#1152=VERTEX_POINT('',#3435);
#1153=VERTEX_POINT('',#3437);
#1154=VERTEX_POINT('',#3439);
#1155=VERTEX_POINT('',#3441);
#1156=VERTEX_POINT('',#3443);
#1157=VERTEX_POINT('',#3445);
#1158=VERTEX_POINT('',#3447);
#1159=VERTEX_POINT('',#3449);
#1160=VERTEX_POINT('',#3451);
#1161=VERTEX_POINT('',#3453);
#1162=VERTEX_POINT('',#3455);
#1163=VERTEX_POINT('',#3457);
#1164=VERTEX_POINT('',#3459);
#1165=VERTEX_POINT('',#3461);
#1166=VERTEX_POINT('',#3463);
#1167=VERTEX_POINT('',#3465);
#1168=VERTEX_POINT('',#3467);
#1169=VERTEX_POINT('',#3469);
#1170=VERTEX_POINT('',#3471);
#1171=VERTEX_POINT('',#3473);
#1172=VERTEX_POINT('',#3475);
#1173=VERTEX_POINT('',#3477);
#1174=VERTEX_POINT('',#3479);
#1175=VERTEX_POINT('',#3481);
#1176=VERTEX_POINT('',#3483);
#1177=VERTEX_POINT('',#3485);
#1178=VERTEX_POINT('',#3487);
#1179=VERTEX_POINT('',#3489);
#1180=VERTEX_POINT('',#3491);
#1181=VERTEX_POINT('',#3493);
#1182=VERTEX_POINT('',#3495);
#1183=VERTEX_POINT('',#3497);
#1184=VERTEX_POINT('',#3499);
#1185=VERTEX_POINT('',#3501);
#1186=VERTEX_POINT('',#3503);
#1187=VERTEX_POINT('',#3505);
#1188=VERTEX_POINT('',#3507);
#1189=VERTEX_POINT('',#3509);
#1190=VERTEX_POINT('',#3511);
#1191=VERTEX_POINT('',#3513);
#1192=VERTEX_POINT('',#3515);
#1193=VERTEX_POINT('',#3517);
#1194=VERTEX_POINT('',#3519);
#1195=VERTEX_POINT('',#3521);
#1196=VERTEX_POINT('',#3523);
#1197=VERTEX_POINT('',#3525);
#1198=VERTEX_POINT('',#3527);
#1199=VERTEX_POINT('',#3529);
#1200=VERTEX_POINT('',#3531);
#1201=VERTEX_POINT('',#3533);
#1202=VERTEX_POINT('',#3535);
#1203=VERTEX_POINT('',#3537);
#1204=VERTEX_POINT('',#3539);
#1205=VERTEX_POINT('',#3541);
#1206=VERTEX_POINT('',#3543);
#1207=VERTEX_POINT('',#3545);
#1208=VERTEX_POINT('',#3547);
#1209=VERTEX_POINT('',#3549);
#1210=VERTEX_POINT('',#3551);
#1211=VERTEX_POINT('',#3553);
#1212=VERTEX_POINT('',#3557);
#1213=VERTEX_POINT('',#3558);
#1214=VERTEX_POINT('',#3560);
#1215=VERTEX_POINT('',#3562);
#1216=VERTEX_POINT('',#3565);
#1217=VERTEX_POINT('',#3566);
#1218=VERTEX_POINT('',#3568);
#1219=VERTEX_POINT('',#3570);
#1220=VERTEX_POINT('',#3573);
#1221=VERTEX_POINT('',#3574);
#1222=VERTEX_POINT('',#3576);
#1223=VERTEX_POINT('',#3578);
#1224=VERTEX_POINT('',#3581);
#1225=VERTEX_POINT('',#3582);
#1226=VERTEX_POINT('',#3584);
#1227=VERTEX_POINT('',#3586);
#1228=VERTEX_POINT('',#3589);
#1229=VERTEX_POINT('',#3590);
#1230=VERTEX_POINT('',#3592);
#1231=VERTEX_POINT('',#3594);
#1232=VERTEX_POINT('',#3597);
#1233=VERTEX_POINT('',#3598);
#1234=VERTEX_POINT('',#3600);
#1235=VERTEX_POINT('',#3602);
#1236=VERTEX_POINT('',#3605);
#1237=VERTEX_POINT('',#3606);
#1238=VERTEX_POINT('',#3608);
#1239=VERTEX_POINT('',#3610);
#1240=VERTEX_POINT('',#3613);
#1241=VERTEX_POINT('',#3614);
#1242=VERTEX_POINT('',#3616);
#1243=VERTEX_POINT('',#3618);
#1244=VERTEX_POINT('',#3621);
#1245=VERTEX_POINT('',#3622);
#1246=VERTEX_POINT('',#3624);
#1247=VERTEX_POINT('',#3626);
#1248=VERTEX_POINT('',#3628);
#1249=VERTEX_POINT('',#3630);
#1250=VERTEX_POINT('',#3632);
#1251=VERTEX_POINT('',#3634);
#1252=VERTEX_POINT('',#3636);
#1253=VERTEX_POINT('',#3638);
#1254=VERTEX_POINT('',#3640);
#1255=VERTEX_POINT('',#3642);
#1256=VERTEX_POINT('',#3644);
#1257=VERTEX_POINT('',#3646);
#1258=VERTEX_POINT('',#3648);
#1259=VERTEX_POINT('',#3650);
#1260=VERTEX_POINT('',#3652);
#1261=VERTEX_POINT('',#3654);
#1262=VERTEX_POINT('',#3656);
#1263=VERTEX_POINT('',#3658);
#1264=VERTEX_POINT('',#3660);
#1265=VERTEX_POINT('',#3662);
#1266=VERTEX_POINT('',#3664);
#1267=VERTEX_POINT('',#3666);
#1268=VERTEX_POINT('',#3668);
#1269=VERTEX_POINT('',#3670);
#1270=VERTEX_POINT('',#3672);
#1271=VERTEX_POINT('',#3674);
#1272=VERTEX_POINT('',#3676);
#1273=VERTEX_POINT('',#3678);
#1274=VERTEX_POINT('',#3680);
#1275=VERTEX_POINT('',#3682);
#1276=VERTEX_POINT('',#3684);
#1277=VERTEX_POINT('',#3686);
#1278=VERTEX_POINT('',#3688);
#1279=VERTEX_POINT('',#3690);
#1280=VERTEX_POINT('',#3692);
#1281=VERTEX_POINT('',#3694);
#1282=VERTEX_POINT('',#3696);
#1283=VERTEX_POINT('',#3698);
#1284=VERTEX_POINT('',#3700);
#1285=VERTEX_POINT('',#3702);
#1286=VERTEX_POINT('',#3704);
#1287=VERTEX_POINT('',#3706);
#1288=VERTEX_POINT('',#3708);
#1289=VERTEX_POINT('',#3710);
#1290=VERTEX_POINT('',#3712);
#1291=VERTEX_POINT('',#3714);
#1292=VERTEX_POINT('',#3716);
#1293=VERTEX_POINT('',#3718);
#1294=VERTEX_POINT('',#3720);
#1295=VERTEX_POINT('',#3722);
#1296=VERTEX_POINT('',#3724);
#1297=VERTEX_POINT('',#3726);
#1298=VERTEX_POINT('',#3728);
#1299=VERTEX_POINT('',#3730);
#1300=VERTEX_POINT('',#3732);
#1301=VERTEX_POINT('',#3734);
#1302=VERTEX_POINT('',#3736);
#1303=VERTEX_POINT('',#3738);
#1304=VERTEX_POINT('',#3740);
#1305=VERTEX_POINT('',#3742);
#1306=VERTEX_POINT('',#3744);
#1307=VERTEX_POINT('',#3746);
#1308=VERTEX_POINT('',#3748);
#1309=VERTEX_POINT('',#3750);
#1310=VERTEX_POINT('',#3752);
#1311=VERTEX_POINT('',#3754);
#1312=VERTEX_POINT('',#3756);
#1313=VERTEX_POINT('',#3758);
#1314=VERTEX_POINT('',#3760);
#1315=VERTEX_POINT('',#3762);
#1316=VERTEX_POINT('',#3764);
#1317=VERTEX_POINT('',#3766);
#1318=VERTEX_POINT('',#3768);
#1319=VERTEX_POINT('',#3770);
#1320=VERTEX_POINT('',#3772);
#1321=VERTEX_POINT('',#3774);
#1322=VERTEX_POINT('',#3776);
#1323=VERTEX_POINT('',#3778);
#1324=VERTEX_POINT('',#3780);
#1325=VERTEX_POINT('',#3782);
#1326=VERTEX_POINT('',#3784);
#1327=VERTEX_POINT('',#3786);
#1328=VERTEX_POINT('',#3788);
#1329=VERTEX_POINT('',#3790);
#1330=VERTEX_POINT('',#3792);
#1331=VERTEX_POINT('',#3794);
#1332=LINE('',#3315,#1692);
#1333=LINE('',#3318,#1693);
#1334=LINE('',#3320,#1694);
#1335=LINE('',#3322,#1695);
#1336=LINE('',#3323,#1696);
#1337=LINE('',#3326,#1697);
#1338=LINE('',#3328,#1698);
#1339=LINE('',#3330,#1699);
#1340=LINE('',#3331,#1700);
#1341=LINE('',#3334,#1701);
#1342=LINE('',#3336,#1702);
#1343=LINE('',#3338,#1703);
#1344=LINE('',#3339,#1704);
#1345=LINE('',#3342,#1705);
#1346=LINE('',#3344,#1706);
#1347=LINE('',#3346,#1707);
#1348=LINE('',#3347,#1708);
#1349=LINE('',#3350,#1709);
#1350=LINE('',#3352,#1710);
#1351=LINE('',#3354,#1711);
#1352=LINE('',#3355,#1712);
#1353=LINE('',#3358,#1713);
#1354=LINE('',#3360,#1714);
#1355=LINE('',#3362,#1715);
#1356=LINE('',#3363,#1716);
#1357=LINE('',#3366,#1717);
#1358=LINE('',#3368,#1718);
#1359=LINE('',#3370,#1719);
#1360=LINE('',#3371,#1720);
#1361=LINE('',#3374,#1721);
#1362=LINE('',#3376,#1722);
#1363=LINE('',#3378,#1723);
#1364=LINE('',#3379,#1724);
#1365=LINE('',#3382,#1725);
#1366=LINE('',#3384,#1726);
#1367=LINE('',#3386,#1727);
#1368=LINE('',#3388,#1728);
#1369=LINE('',#3390,#1729);
#1370=LINE('',#3392,#1730);
#1371=LINE('',#3394,#1731);
#1372=LINE('',#3396,#1732);
#1373=LINE('',#3398,#1733);
#1374=LINE('',#3400,#1734);
#1375=LINE('',#3402,#1735);
#1376=LINE('',#3404,#1736);
#1377=LINE('',#3406,#1737);
#1378=LINE('',#3408,#1738);
#1379=LINE('',#3410,#1739);
#1380=LINE('',#3412,#1740);
#1381=LINE('',#3414,#1741);
#1382=LINE('',#3416,#1742);
#1383=LINE('',#3418,#1743);
#1384=LINE('',#3420,#1744);
#1385=LINE('',#3422,#1745);
#1386=LINE('',#3424,#1746);
#1387=LINE('',#3426,#1747);
#1388=LINE('',#3428,#1748);
#1389=LINE('',#3430,#1749);
#1390=LINE('',#3432,#1750);
#1391=LINE('',#3434,#1751);
#1392=LINE('',#3436,#1752);
#1393=LINE('',#3438,#1753);
#1394=LINE('',#3440,#1754);
#1395=LINE('',#3442,#1755);
#1396=LINE('',#3444,#1756);
#1397=LINE('',#3446,#1757);
#1398=LINE('',#3448,#1758);
#1399=LINE('',#3450,#1759);
#1400=LINE('',#3452,#1760);
#1401=LINE('',#3454,#1761);
#1402=LINE('',#3456,#1762);
#1403=LINE('',#3458,#1763);
#1404=LINE('',#3460,#1764);
#1405=LINE('',#3462,#1765);
#1406=LINE('',#3464,#1766);
#1407=LINE('',#3466,#1767);
#1408=LINE('',#3468,#1768);
#1409=LINE('',#3470,#1769);
#1410=LINE('',#3472,#1770);
#1411=LINE('',#3474,#1771);
#1412=LINE('',#3476,#1772);
#1413=LINE('',#3478,#1773);
#1414=LINE('',#3480,#1774);
#1415=LINE('',#3482,#1775);
#1416=LINE('',#3484,#1776);
#1417=LINE('',#3486,#1777);
#1418=LINE('',#3488,#1778);
#1419=LINE('',#3490,#1779);
#1420=LINE('',#3492,#1780);
#1421=LINE('',#3494,#1781);
#1422=LINE('',#3496,#1782);
#1423=LINE('',#3498,#1783);
#1424=LINE('',#3500,#1784);
#1425=LINE('',#3502,#1785);
#1426=LINE('',#3504,#1786);
#1427=LINE('',#3506,#1787);
#1428=LINE('',#3508,#1788);
#1429=LINE('',#3510,#1789);
#1430=LINE('',#3512,#1790);
#1431=LINE('',#3514,#1791);
#1432=LINE('',#3516,#1792);
#1433=LINE('',#3518,#1793);
#1434=LINE('',#3520,#1794);
#1435=LINE('',#3522,#1795);
#1436=LINE('',#3524,#1796);
#1437=LINE('',#3526,#1797);
#1438=LINE('',#3528,#1798);
#1439=LINE('',#3530,#1799);
#1440=LINE('',#3532,#1800);
#1441=LINE('',#3534,#1801);
#1442=LINE('',#3536,#1802);
#1443=LINE('',#3538,#1803);
#1444=LINE('',#3540,#1804);
#1445=LINE('',#3542,#1805);
#1446=LINE('',#3544,#1806);
#1447=LINE('',#3546,#1807);
#1448=LINE('',#3548,#1808);
#1449=LINE('',#3550,#1809);
#1450=LINE('',#3552,#1810);
#1451=LINE('',#3554,#1811);
#1452=LINE('',#3556,#1812);
#1453=LINE('',#3559,#1813);
#1454=LINE('',#3561,#1814);
#1455=LINE('',#3563,#1815);
#1456=LINE('',#3564,#1816);
#1457=LINE('',#3567,#1817);
#1458=LINE('',#3569,#1818);
#1459=LINE('',#3571,#1819);
#1460=LINE('',#3572,#1820);
#1461=LINE('',#3575,#1821);
#1462=LINE('',#3577,#1822);
#1463=LINE('',#3579,#1823);
#1464=LINE('',#3580,#1824);
#1465=LINE('',#3583,#1825);
#1466=LINE('',#3585,#1826);
#1467=LINE('',#3587,#1827);
#1468=LINE('',#3588,#1828);
#1469=LINE('',#3591,#1829);
#1470=LINE('',#3593,#1830);
#1471=LINE('',#3595,#1831);
#1472=LINE('',#3596,#1832);
#1473=LINE('',#3599,#1833);
#1474=LINE('',#3601,#1834);
#1475=LINE('',#3603,#1835);
#1476=LINE('',#3604,#1836);
#1477=LINE('',#3607,#1837);
#1478=LINE('',#3609,#1838);
#1479=LINE('',#3611,#1839);
#1480=LINE('',#3612,#1840);
#1481=LINE('',#3615,#1841);
#1482=LINE('',#3617,#1842);
#1483=LINE('',#3619,#1843);
#1484=LINE('',#3620,#1844);
#1485=LINE('',#3623,#1845);
#1486=LINE('',#3625,#1846);
#1487=LINE('',#3627,#1847);
#1488=LINE('',#3629,#1848);
#1489=LINE('',#3631,#1849);
#1490=LINE('',#3633,#1850);
#1491=LINE('',#3635,#1851);
#1492=LINE('',#3637,#1852);
#1493=LINE('',#3639,#1853);
#1494=LINE('',#3641,#1854);
#1495=LINE('',#3643,#1855);
#1496=LINE('',#3645,#1856);
#1497=LINE('',#3647,#1857);
#1498=LINE('',#3649,#1858);
#1499=LINE('',#3651,#1859);
#1500=LINE('',#3653,#1860);
#1501=LINE('',#3655,#1861);
#1502=LINE('',#3657,#1862);
#1503=LINE('',#3659,#1863);
#1504=LINE('',#3661,#1864);
#1505=LINE('',#3663,#1865);
#1506=LINE('',#3665,#1866);
#1507=LINE('',#3667,#1867);
#1508=LINE('',#3669,#1868);
#1509=LINE('',#3671,#1869);
#1510=LINE('',#3673,#1870);
#1511=LINE('',#3675,#1871);
#1512=LINE('',#3677,#1872);
#1513=LINE('',#3679,#1873);
#1514=LINE('',#3681,#1874);
#1515=LINE('',#3683,#1875);
#1516=LINE('',#3685,#1876);
#1517=LINE('',#3687,#1877);
#1518=LINE('',#3689,#1878);
#1519=LINE('',#3691,#1879);
#1520=LINE('',#3693,#1880);
#1521=LINE('',#3695,#1881);
#1522=LINE('',#3697,#1882);
#1523=LINE('',#3699,#1883);
#1524=LINE('',#3701,#1884);
#1525=LINE('',#3703,#1885);
#1526=LINE('',#3705,#1886);
#1527=LINE('',#3707,#1887);
#1528=LINE('',#3709,#1888);
#1529=LINE('',#3711,#1889);
#1530=LINE('',#3713,#1890);
#1531=LINE('',#3715,#1891);
#1532=LINE('',#3717,#1892);
#1533=LINE('',#3719,#1893);
#1534=LINE('',#3721,#1894);
#1535=LINE('',#3723,#1895);
#1536=LINE('',#3725,#1896);
#1537=LINE('',#3727,#1897);
#1538=LINE('',#3729,#1898);
#1539=LINE('',#3731,#1899);
#1540=LINE('',#3733,#1900);
#1541=LINE('',#3735,#1901);
#1542=LINE('',#3737,#1902);
#1543=LINE('',#3739,#1903);
#1544=LINE('',#3741,#1904);
#1545=LINE('',#3743,#1905);
#1546=LINE('',#3745,#1906);
#1547=LINE('',#3747,#1907);
#1548=LINE('',#3749,#1908);
#1549=LINE('',#3751,#1909);
#1550=LINE('',#3753,#1910);
#1551=LINE('',#3755,#1911);
#1552=LINE('',#3757,#1912);
#1553=LINE('',#3759,#1913);
#1554=LINE('',#3761,#1914);
#1555=LINE('',#3763,#1915);
#1556=LINE('',#3765,#1916);
#1557=LINE('',#3767,#1917);
#1558=LINE('',#3769,#1918);
#1559=LINE('',#3771,#1919);
#1560=LINE('',#3773,#1920);
#1561=LINE('',#3775,#1921);
#1562=LINE('',#3777,#1922);
#1563=LINE('',#3779,#1923);
#1564=LINE('',#3781,#1924);
#1565=LINE('',#3783,#1925);
#1566=LINE('',#3785,#1926);
#1567=LINE('',#3787,#1927);
#1568=LINE('',#3789,#1928);
#1569=LINE('',#3791,#1929);
#1570=LINE('',#3793,#1930);
#1571=LINE('',#3795,#1931);
#1572=LINE('',#3797,#1932);
#1573=LINE('',#3798,#1933);
#1574=LINE('',#3800,#1934);
#1575=LINE('',#3801,#1935);
#1576=LINE('',#3803,#1936);
#1577=LINE('',#3804,#1937);
#1578=LINE('',#3806,#1938);
#1579=LINE('',#3807,#1939);
#1580=LINE('',#3809,#1940);
#1581=LINE('',#3810,#1941);
#1582=LINE('',#3812,#1942);
#1583=LINE('',#3813,#1943);
#1584=LINE('',#3815,#1944);
#1585=LINE('',#3816,#1945);
#1586=LINE('',#3818,#1946);
#1587=LINE('',#3819,#1947);
#1588=LINE('',#3821,#1948);
#1589=LINE('',#3822,#1949);
#1590=LINE('',#3824,#1950);
#1591=LINE('',#3825,#1951);
#1592=LINE('',#3827,#1952);
#1593=LINE('',#3828,#1953);
#1594=LINE('',#3830,#1954);
#1595=LINE('',#3831,#1955);
#1596=LINE('',#3833,#1956);
#1597=LINE('',#3834,#1957);
#1598=LINE('',#3836,#1958);
#1599=LINE('',#3837,#1959);
#1600=LINE('',#3839,#1960);
#1601=LINE('',#3840,#1961);
#1602=LINE('',#3842,#1962);
#1603=LINE('',#3843,#1963);
#1604=LINE('',#3845,#1964);
#1605=LINE('',#3846,#1965);
#1606=LINE('',#3848,#1966);
#1607=LINE('',#3849,#1967);
#1608=LINE('',#3851,#1968);
#1609=LINE('',#3852,#1969);
#1610=LINE('',#3854,#1970);
#1611=LINE('',#3855,#1971);
#1612=LINE('',#3857,#1972);
#1613=LINE('',#3858,#1973);
#1614=LINE('',#3860,#1974);
#1615=LINE('',#3861,#1975);
#1616=LINE('',#3863,#1976);
#1617=LINE('',#3864,#1977);
#1618=LINE('',#3866,#1978);
#1619=LINE('',#3868,#1979);
#1620=LINE('',#3871,#1980);
#1621=LINE('',#3872,#1981);
#1622=LINE('',#3874,#1982);
#1623=LINE('',#3876,#1983);
#1624=LINE('',#3879,#1984);
#1625=LINE('',#3882,#1985);
#1626=LINE('',#3884,#1986);
#1627=LINE('',#3887,#1987);
#1628=LINE('',#3889,#1988);
#1629=LINE('',#3892,#1989);
#1630=LINE('',#3894,#1990);
#1631=LINE('',#3897,#1991);
#1632=LINE('',#3900,#1992);
#1633=LINE('',#3903,#1993);
#1634=LINE('',#3906,#1994);
#1635=LINE('',#3908,#1995);
#1636=LINE('',#3910,#1996);
#1637=LINE('',#3912,#1997);
#1638=LINE('',#3915,#1998);
#1639=LINE('',#3917,#1999);
#1640=LINE('',#3920,#2000);
#1641=LINE('',#3923,#2001);
#1642=LINE('',#3926,#2002);
#1643=LINE('',#3928,#2003);
#1644=LINE('',#3931,#2004);
#1645=LINE('',#3933,#2005);
#1646=LINE('',#3936,#2006);
#1647=LINE('',#3939,#2007);
#1648=LINE('',#3942,#2008);
#1649=LINE('',#3945,#2009);
#1650=LINE('',#3948,#2010);
#1651=LINE('',#3950,#2011);
#1652=LINE('',#3953,#2012);
#1653=LINE('',#3955,#2013);
#1654=LINE('',#3958,#2014);
#1655=LINE('',#3960,#2015);
#1656=LINE('',#3964,#2016);
#1657=LINE('',#3965,#2017);
#1658=LINE('',#3968,#2018);
#1659=LINE('',#3969,#2019);
#1660=LINE('',#3973,#2020);
#1661=LINE('',#3974,#2021);
#1662=LINE('',#3976,#2022);
#1663=LINE('',#3978,#2023);
#1664=LINE('',#3981,#2024);
#1665=LINE('',#3982,#2025);
#1666=LINE('',#3984,#2026);
#1667=LINE('',#3986,#2027);
#1668=LINE('',#3989,#2028);
#1669=LINE('',#3990,#2029);
#1670=LINE('',#3992,#2030);
#1671=LINE('',#3994,#2031);
#1672=LINE('',#3997,#2032);
#1673=LINE('',#3998,#2033);
#1674=LINE('',#4000,#2034);
#1675=LINE('',#4002,#2035);
#1676=LINE('',#4005,#2036);
#1677=LINE('',#4006,#2037);
#1678=LINE('',#4008,#2038);
#1679=LINE('',#4010,#2039);
#1680=LINE('',#4013,#2040);
#1681=LINE('',#4014,#2041);
#1682=LINE('',#4016,#2042);
#1683=LINE('',#4018,#2043);
#1684=LINE('',#4021,#2044);
#1685=LINE('',#4022,#2045);
#1686=LINE('',#4024,#2046);
#1687=LINE('',#4026,#2047);
#1688=LINE('',#4029,#2048);
#1689=LINE('',#4030,#2049);
#1690=LINE('',#4032,#2050);
#1691=LINE('',#4034,#2051);
#1692=VECTOR('',#2711,1.);
#1693=VECTOR('',#2712,1.);
#1694=VECTOR('',#2713,1.);
#1695=VECTOR('',#2714,1.);
#1696=VECTOR('',#2715,1.);
#1697=VECTOR('',#2716,1.);
#1698=VECTOR('',#2717,1.);
#1699=VECTOR('',#2718,1.);
#1700=VECTOR('',#2719,1.);
#1701=VECTOR('',#2720,1.);
#1702=VECTOR('',#2721,1.);
#1703=VECTOR('',#2722,1.);
#1704=VECTOR('',#2723,1.);
#1705=VECTOR('',#2724,1.);
#1706=VECTOR('',#2725,1.);
#1707=VECTOR('',#2726,1.);
#1708=VECTOR('',#2727,1.);
#1709=VECTOR('',#2728,1.);
#1710=VECTOR('',#2729,1.);
#1711=VECTOR('',#2730,1.);
#1712=VECTOR('',#2731,1.);
#1713=VECTOR('',#2732,1.);
#1714=VECTOR('',#2733,1.);
#1715=VECTOR('',#2734,1.);
#1716=VECTOR('',#2735,1.);
#1717=VECTOR('',#2736,1.);
#1718=VECTOR('',#2737,1.);
#1719=VECTOR('',#2738,1.);
#1720=VECTOR('',#2739,1.);
#1721=VECTOR('',#2740,1.);
#1722=VECTOR('',#2741,1.);
#1723=VECTOR('',#2742,1.);
#1724=VECTOR('',#2743,1.);
#1725=VECTOR('',#2744,1.);
#1726=VECTOR('',#2745,1.);
#1727=VECTOR('',#2746,1.);
#1728=VECTOR('',#2747,1.);
#1729=VECTOR('',#2748,1.);
#1730=VECTOR('',#2749,1.);
#1731=VECTOR('',#2750,1.);
#1732=VECTOR('',#2751,1.);
#1733=VECTOR('',#2752,1.);
#1734=VECTOR('',#2753,1.);
#1735=VECTOR('',#2754,1.);
#1736=VECTOR('',#2755,1.);
#1737=VECTOR('',#2756,1.);
#1738=VECTOR('',#2757,1.);
#1739=VECTOR('',#2758,1.);
#1740=VECTOR('',#2759,1.);
#1741=VECTOR('',#2760,1.);
#1742=VECTOR('',#2761,1.);
#1743=VECTOR('',#2762,1.);
#1744=VECTOR('',#2763,1.);
#1745=VECTOR('',#2764,1.);
#1746=VECTOR('',#2765,1.);
#1747=VECTOR('',#2766,1.);
#1748=VECTOR('',#2767,1.);
#1749=VECTOR('',#2768,1.);
#1750=VECTOR('',#2769,1.);
#1751=VECTOR('',#2770,1.);
#1752=VECTOR('',#2771,1.);
#1753=VECTOR('',#2772,1.);
#1754=VECTOR('',#2773,1.);
#1755=VECTOR('',#2774,1.);
#1756=VECTOR('',#2775,1.);
#1757=VECTOR('',#2776,1.);
#1758=VECTOR('',#2777,1.);
#1759=VECTOR('',#2778,1.);
#1760=VECTOR('',#2779,1.);
#1761=VECTOR('',#2780,1.);
#1762=VECTOR('',#2781,1.);
#1763=VECTOR('',#2782,1.);
#1764=VECTOR('',#2783,1.);
#1765=VECTOR('',#2784,1.);
#1766=VECTOR('',#2785,1.);
#1767=VECTOR('',#2786,1.);
#1768=VECTOR('',#2787,1.);
#1769=VECTOR('',#2788,1.);
#1770=VECTOR('',#2789,1.);
#1771=VECTOR('',#2790,1.);
#1772=VECTOR('',#2791,1.);
#1773=VECTOR('',#2792,1.);
#1774=VECTOR('',#2793,1.);
#1775=VECTOR('',#2794,1.);
#1776=VECTOR('',#2795,1.);
#1777=VECTOR('',#2796,1.);
#1778=VECTOR('',#2797,1.);
#1779=VECTOR('',#2798,1.);
#1780=VECTOR('',#2799,1.);
#1781=VECTOR('',#2800,1.);
#1782=VECTOR('',#2801,1.);
#1783=VECTOR('',#2802,1.);
#1784=VECTOR('',#2803,1.);
#1785=VECTOR('',#2804,1.);
#1786=VECTOR('',#2805,1.);
#1787=VECTOR('',#2806,1.);
#1788=VECTOR('',#2807,1.);
#1789=VECTOR('',#2808,1.);
#1790=VECTOR('',#2809,1.);
#1791=VECTOR('',#2810,1.);
#1792=VECTOR('',#2811,1.);
#1793=VECTOR('',#2812,1.);
#1794=VECTOR('',#2813,1.);
#1795=VECTOR('',#2814,1.);
#1796=VECTOR('',#2815,1.);
#1797=VECTOR('',#2816,1.);
#1798=VECTOR('',#2817,1.);
#1799=VECTOR('',#2818,1.);
#1800=VECTOR('',#2819,1.);
#1801=VECTOR('',#2820,1.);
#1802=VECTOR('',#2821,1.);
#1803=VECTOR('',#2822,1.);
#1804=VECTOR('',#2823,1.);
#1805=VECTOR('',#2824,1.);
#1806=VECTOR('',#2825,1.);
#1807=VECTOR('',#2826,1.);
#1808=VECTOR('',#2827,1.);
#1809=VECTOR('',#2828,1.);
#1810=VECTOR('',#2829,1.);
#1811=VECTOR('',#2830,1.);
#1812=VECTOR('',#2833,1.);
#1813=VECTOR('',#2834,1.);
#1814=VECTOR('',#2835,1.);
#1815=VECTOR('',#2836,1.);
#1816=VECTOR('',#2837,1.);
#1817=VECTOR('',#2838,1.);
#1818=VECTOR('',#2839,1.);
#1819=VECTOR('',#2840,1.);
#1820=VECTOR('',#2841,1.);
#1821=VECTOR('',#2842,1.);
#1822=VECTOR('',#2843,1.);
#1823=VECTOR('',#2844,1.);
#1824=VECTOR('',#2845,1.);
#1825=VECTOR('',#2846,1.);
#1826=VECTOR('',#2847,1.);
#1827=VECTOR('',#2848,1.);
#1828=VECTOR('',#2849,1.);
#1829=VECTOR('',#2850,1.);
#1830=VECTOR('',#2851,1.);
#1831=VECTOR('',#2852,1.);
#1832=VECTOR('',#2853,1.);
#1833=VECTOR('',#2854,1.);
#1834=VECTOR('',#2855,1.);
#1835=VECTOR('',#2856,1.);
#1836=VECTOR('',#2857,1.);
#1837=VECTOR('',#2858,1.);
#1838=VECTOR('',#2859,1.);
#1839=VECTOR('',#2860,1.);
#1840=VECTOR('',#2861,1.);
#1841=VECTOR('',#2862,1.);
#1842=VECTOR('',#2863,1.);
#1843=VECTOR('',#2864,1.);
#1844=VECTOR('',#2865,1.);
#1845=VECTOR('',#2866,1.);
#1846=VECTOR('',#2867,1.);
#1847=VECTOR('',#2868,1.);
#1848=VECTOR('',#2869,1.);
#1849=VECTOR('',#2870,1.);
#1850=VECTOR('',#2871,1.);
#1851=VECTOR('',#2872,1.);
#1852=VECTOR('',#2873,1.);
#1853=VECTOR('',#2874,1.);
#1854=VECTOR('',#2875,1.);
#1855=VECTOR('',#2876,1.);
#1856=VECTOR('',#2877,1.);
#1857=VECTOR('',#2878,1.);
#1858=VECTOR('',#2879,1.);
#1859=VECTOR('',#2880,1.);
#1860=VECTOR('',#2881,1.);
#1861=VECTOR('',#2882,1.);
#1862=VECTOR('',#2883,1.);
#1863=VECTOR('',#2884,1.);
#1864=VECTOR('',#2885,1.);
#1865=VECTOR('',#2886,1.);
#1866=VECTOR('',#2887,1.);
#1867=VECTOR('',#2888,1.);
#1868=VECTOR('',#2889,1.);
#1869=VECTOR('',#2890,1.);
#1870=VECTOR('',#2891,1.);
#1871=VECTOR('',#2892,1.);
#1872=VECTOR('',#2893,1.);
#1873=VECTOR('',#2894,1.);
#1874=VECTOR('',#2895,1.);
#1875=VECTOR('',#2896,1.);
#1876=VECTOR('',#2897,1.);
#1877=VECTOR('',#2898,1.);
#1878=VECTOR('',#2899,1.);
#1879=VECTOR('',#2900,1.);
#1880=VECTOR('',#2901,1.);
#1881=VECTOR('',#2902,1.);
#1882=VECTOR('',#2903,1.);
#1883=VECTOR('',#2904,1.);
#1884=VECTOR('',#2905,1.);
#1885=VECTOR('',#2906,1.);
#1886=VECTOR('',#2907,1.);
#1887=VECTOR('',#2908,1.);
#1888=VECTOR('',#2909,1.);
#1889=VECTOR('',#2910,1.);
#1890=VECTOR('',#2911,1.);
#1891=VECTOR('',#2912,1.);
#1892=VECTOR('',#2913,1.);
#1893=VECTOR('',#2914,1.);
#1894=VECTOR('',#2915,1.);
#1895=VECTOR('',#2916,1.);
#1896=VECTOR('',#2917,1.);
#1897=VECTOR('',#2918,1.);
#1898=VECTOR('',#2919,1.);
#1899=VECTOR('',#2920,1.);
#1900=VECTOR('',#2921,1.);
#1901=VECTOR('',#2922,1.);
#1902=VECTOR('',#2923,1.);
#1903=VECTOR('',#2924,1.);
#1904=VECTOR('',#2925,1.);
#1905=VECTOR('',#2926,1.);
#1906=VECTOR('',#2927,1.);
#1907=VECTOR('',#2928,1.);
#1908=VECTOR('',#2929,1.);
#1909=VECTOR('',#2930,1.);
#1910=VECTOR('',#2931,1.);
#1911=VECTOR('',#2932,1.);
#1912=VECTOR('',#2933,1.);
#1913=VECTOR('',#2934,1.);
#1914=VECTOR('',#2935,1.);
#1915=VECTOR('',#2936,1.);
#1916=VECTOR('',#2937,1.);
#1917=VECTOR('',#2938,1.);
#1918=VECTOR('',#2939,1.);
#1919=VECTOR('',#2940,1.);
#1920=VECTOR('',#2941,1.);
#1921=VECTOR('',#2942,1.);
#1922=VECTOR('',#2943,1.);
#1923=VECTOR('',#2944,1.);
#1924=VECTOR('',#2945,1.);
#1925=VECTOR('',#2946,1.);
#1926=VECTOR('',#2947,1.);
#1927=VECTOR('',#2948,1.);
#1928=VECTOR('',#2949,1.);
#1929=VECTOR('',#2950,1.);
#1930=VECTOR('',#2951,1.);
#1931=VECTOR('',#2952,1.);
#1932=VECTOR('',#2955,1.);
#1933=VECTOR('',#2956,1.);
#1934=VECTOR('',#2959,1.);
#1935=VECTOR('',#2960,1.);
#1936=VECTOR('',#2963,1.);
#1937=VECTOR('',#2964,1.);
#1938=VECTOR('',#2967,1.);
#1939=VECTOR('',#2968,1.);
#1940=VECTOR('',#2971,1.);
#1941=VECTOR('',#2972,1.);
#1942=VECTOR('',#2975,1.);
#1943=VECTOR('',#2976,1.);
#1944=VECTOR('',#2979,1.);
#1945=VECTOR('',#2980,1.);
#1946=VECTOR('',#2983,1.);
#1947=VECTOR('',#2984,1.);
#1948=VECTOR('',#2987,1.);
#1949=VECTOR('',#2988,1.);
#1950=VECTOR('',#2991,1.);
#1951=VECTOR('',#2992,1.);
#1952=VECTOR('',#2995,1.);
#1953=VECTOR('',#2996,1.);
#1954=VECTOR('',#2999,1.);
#1955=VECTOR('',#3000,1.);
#1956=VECTOR('',#3003,1.);
#1957=VECTOR('',#3004,1.);
#1958=VECTOR('',#3007,1.);
#1959=VECTOR('',#3008,1.);
#1960=VECTOR('',#3011,1.);
#1961=VECTOR('',#3012,1.);
#1962=VECTOR('',#3015,1.);
#1963=VECTOR('',#3016,1.);
#1964=VECTOR('',#3019,1.);
#1965=VECTOR('',#3020,1.);
#1966=VECTOR('',#3023,1.);
#1967=VECTOR('',#3024,1.);
#1968=VECTOR('',#3027,1.);
#1969=VECTOR('',#3028,1.);
#1970=VECTOR('',#3031,1.);
#1971=VECTOR('',#3032,1.);
#1972=VECTOR('',#3035,1.);
#1973=VECTOR('',#3036,1.);
#1974=VECTOR('',#3039,1.);
#1975=VECTOR('',#3040,1.);
#1976=VECTOR('',#3043,1.);
#1977=VECTOR('',#3044,1.);
#1978=VECTOR('',#3047,1.);
#1979=VECTOR('',#3050,1.);
#1980=VECTOR('',#3055,1.);
#1981=VECTOR('',#3056,1.);
#1982=VECTOR('',#3059,1.);
#1983=VECTOR('',#3062,1.);
#1984=VECTOR('',#3067,1.);
#1985=VECTOR('',#3072,1.);
#1986=VECTOR('',#3075,1.);
#1987=VECTOR('',#3080,1.);
#1988=VECTOR('',#3083,1.);
#1989=VECTOR('',#3088,1.);
#1990=VECTOR('',#3091,1.);
#1991=VECTOR('',#3096,1.);
#1992=VECTOR('',#3101,1.);
#1993=VECTOR('',#3106,1.);
#1994=VECTOR('',#3111,1.);
#1995=VECTOR('',#3114,1.);
#1996=VECTOR('',#3117,1.);
#1997=VECTOR('',#3120,1.);
#1998=VECTOR('',#3125,1.);
#1999=VECTOR('',#3128,1.);
#2000=VECTOR('',#3133,1.);
#2001=VECTOR('',#3138,1.);
#2002=VECTOR('',#3143,1.);
#2003=VECTOR('',#3146,1.);
#2004=VECTOR('',#3151,1.);
#2005=VECTOR('',#3154,1.);
#2006=VECTOR('',#3159,1.);
#2007=VECTOR('',#3164,1.);
#2008=VECTOR('',#3169,1.);
#2009=VECTOR('',#3174,1.);
#2010=VECTOR('',#3179,1.);
#2011=VECTOR('',#3182,1.);
#2012=VECTOR('',#3187,1.);
#2013=VECTOR('',#3190,1.);
#2014=VECTOR('',#3195,1.);
#2015=VECTOR('',#3198,1.);
#2016=VECTOR('',#3205,1.);
#2017=VECTOR('',#3206,1.);
#2018=VECTOR('',#3211,1.);
#2019=VECTOR('',#3212,1.);
#2020=VECTOR('',#3219,1.);
#2021=VECTOR('',#3220,1.);
#2022=VECTOR('',#3223,1.);
#2023=VECTOR('',#3226,1.);
#2024=VECTOR('',#3231,1.);
#2025=VECTOR('',#3232,1.);
#2026=VECTOR('',#3235,1.);
#2027=VECTOR('',#3238,1.);
#2028=VECTOR('',#3243,1.);
#2029=VECTOR('',#3244,1.);
#2030=VECTOR('',#3247,1.);
#2031=VECTOR('',#3250,1.);
#2032=VECTOR('',#3255,1.);
#2033=VECTOR('',#3256,1.);
#2034=VECTOR('',#3259,1.);
#2035=VECTOR('',#3262,1.);
#2036=VECTOR('',#3267,1.);
#2037=VECTOR('',#3268,1.);
#2038=VECTOR('',#3271,1.);
#2039=VECTOR('',#3274,1.);
#2040=VECTOR('',#3279,1.);
#2041=VECTOR('',#3280,1.);
#2042=VECTOR('',#3283,1.);
#2043=VECTOR('',#3286,1.);
#2044=VECTOR('',#3291,1.);
#2045=VECTOR('',#3292,1.);
#2046=VECTOR('',#3295,1.);
#2047=VECTOR('',#3298,1.);
#2048=VECTOR('',#3303,1.);
#2049=VECTOR('',#3304,1.);
#2050=VECTOR('',#3307,1.);
#2051=VECTOR('',#3310,1.);
#2052=EDGE_LOOP('',(#12,#13,#14,#15));
#2053=EDGE_LOOP('',(#16,#17,#18,#19));
#2054=EDGE_LOOP('',(#20,#21,#22,#23));
#2055=EDGE_LOOP('',(#24,#25,#26,#27));
#2056=EDGE_LOOP('',(#28,#29,#30,#31));
#2057=EDGE_LOOP('',(#32,#33,#34,#35));
#2058=EDGE_LOOP('',(#36,#37,#38,#39));
#2059=EDGE_LOOP('',(#40,#41,#42,#43));
#2060=EDGE_LOOP('',(#44,#45,#46,#47,#48,#49,#50,#51,#52,#53,#54,#55,#56,
#57,#58,#59,#60,#61,#62,#63,#64,#65,#66,#67,#68,#69,#70,#71,#72,#73,#74,
#75,#76,#77,#78,#79,#80,#81,#82,#83,#84,#85,#86,#87,#88,#89,#90,#91,#92,
#93,#94,#95,#96,#97,#98,#99,#100,#101,#102,#103,#104,#105,#106,#107,#108,
#109,#110,#111,#112,#113,#114,#115,#116,#117,#118,#119,#120,#121,#122,#123,
#124,#125,#126,#127,#128,#129,#130,#131));
#2061=EDGE_LOOP('',(#132,#133,#134,#135));
#2062=EDGE_LOOP('',(#136,#137,#138,#139));
#2063=EDGE_LOOP('',(#140,#141,#142,#143));
#2064=EDGE_LOOP('',(#144,#145,#146,#147));
#2065=EDGE_LOOP('',(#148,#149,#150,#151));
#2066=EDGE_LOOP('',(#152,#153,#154,#155));
#2067=EDGE_LOOP('',(#156,#157,#158,#159));
#2068=EDGE_LOOP('',(#160,#161,#162,#163));
#2069=EDGE_LOOP('',(#164,#165,#166,#167,#168,#169,#170,#171,#172,#173,#174,
#175,#176,#177,#178,#179,#180,#181,#182,#183,#184,#185,#186,#187,#188,#189,
#190,#191,#192,#193,#194,#195,#196,#197,#198,#199,#200,#201,#202,#203,#204,
#205,#206,#207,#208,#209,#210,#211,#212,#213,#214,#215,#216,#217,#218,#219,
#220,#221,#222,#223,#224,#225,#226,#227,#228,#229,#230,#231,#232,#233,#234,
#235,#236,#237,#238,#239,#240,#241,#242,#243,#244,#245,#246,#247,#248,#249,
#250,#251));
#2070=EDGE_LOOP('',(#252,#253,#254,#255));
#2071=EDGE_LOOP('',(#256,#257,#258,#259));
#2072=EDGE_LOOP('',(#260,#261,#262,#263));
#2073=EDGE_LOOP('',(#264,#265,#266,#267));
#2074=EDGE_LOOP('',(#268,#269,#270,#271));
#2075=EDGE_LOOP('',(#272,#273,#274,#275));
#2076=EDGE_LOOP('',(#276,#277,#278,#279));
#2077=EDGE_LOOP('',(#280,#281,#282,#283));
#2078=EDGE_LOOP('',(#284,#285,#286,#287));
#2079=EDGE_LOOP('',(#288,#289,#290,#291));
#2080=EDGE_LOOP('',(#292,#293,#294,#295));
#2081=EDGE_LOOP('',(#296,#297,#298,#299));
#2082=EDGE_LOOP('',(#300,#301,#302,#303));
#2083=EDGE_LOOP('',(#304,#305,#306,#307));
#2084=EDGE_LOOP('',(#308,#309,#310,#311));
#2085=EDGE_LOOP('',(#312,#313,#314,#315));
#2086=EDGE_LOOP('',(#316,#317,#318,#319));
#2087=EDGE_LOOP('',(#320,#321,#322,#323));
#2088=EDGE_LOOP('',(#324,#325,#326,#327));
#2089=EDGE_LOOP('',(#328,#329,#330,#331));
#2090=EDGE_LOOP('',(#332,#333,#334,#335));
#2091=EDGE_LOOP('',(#336,#337,#338,#339));
#2092=EDGE_LOOP('',(#340,#341,#342,#343));
#2093=EDGE_LOOP('',(#344,#345,#346,#347));
#2094=EDGE_LOOP('',(#348,#349,#350,#351));
#2095=EDGE_LOOP('',(#352,#353,#354,#355));
#2096=EDGE_LOOP('',(#356,#357,#358,#359));
#2097=EDGE_LOOP('',(#360,#361,#362,#363));
#2098=EDGE_LOOP('',(#364,#365,#366,#367));
#2099=EDGE_LOOP('',(#368,#369,#370,#371));
#2100=EDGE_LOOP('',(#372,#373,#374,#375));
#2101=EDGE_LOOP('',(#376,#377,#378,#379));
#2102=EDGE_LOOP('',(#380,#381,#382,#383));
#2103=EDGE_LOOP('',(#384,#385,#386,#387));
#2104=EDGE_LOOP('',(#388,#389,#390,#391));
#2105=EDGE_LOOP('',(#392,#393,#394,#395));
#2106=EDGE_LOOP('',(#396,#397,#398,#399));
#2107=EDGE_LOOP('',(#400,#401,#402,#403));
#2108=EDGE_LOOP('',(#404,#405,#406,#407));
#2109=EDGE_LOOP('',(#408,#409,#410,#411));
#2110=EDGE_LOOP('',(#412,#413,#414,#415));
#2111=EDGE_LOOP('',(#416,#417,#418,#419));
#2112=EDGE_LOOP('',(#420,#421,#422,#423));
#2113=EDGE_LOOP('',(#424,#425,#426,#427));
#2114=EDGE_LOOP('',(#428,#429,#430,#431));
#2115=EDGE_LOOP('',(#432,#433,#434,#435));
#2116=EDGE_LOOP('',(#436,#437,#438,#439));
#2117=EDGE_LOOP('',(#440,#441,#442,#443));
#2118=EDGE_LOOP('',(#444,#445,#446,#447));
#2119=EDGE_LOOP('',(#448,#449,#450,#451));
#2120=EDGE_LOOP('',(#452,#453,#454,#455));
#2121=EDGE_LOOP('',(#456,#457,#458,#459));
#2122=EDGE_LOOP('',(#460,#461,#462,#463));
#2123=EDGE_LOOP('',(#464,#465,#466,#467));
#2124=EDGE_LOOP('',(#468,#469,#470,#471));
#2125=EDGE_LOOP('',(#472,#473,#474,#475));
#2126=EDGE_LOOP('',(#476,#477,#478,#479));
#2127=EDGE_LOOP('',(#480,#481,#482,#483));
#2128=EDGE_LOOP('',(#484,#485,#486,#487));
#2129=EDGE_LOOP('',(#488,#489,#490,#491));
#2130=EDGE_LOOP('',(#492,#493,#494,#495));
#2131=EDGE_LOOP('',(#496,#497,#498,#499));
#2132=EDGE_LOOP('',(#500,#501,#502,#503));
#2133=EDGE_LOOP('',(#504,#505,#506,#507));
#2134=EDGE_LOOP('',(#508,#509,#510,#511));
#2135=EDGE_LOOP('',(#512,#513,#514,#515));
#2136=EDGE_LOOP('',(#516,#517,#518,#519));
#2137=EDGE_LOOP('',(#520,#521,#522,#523));
#2138=EDGE_LOOP('',(#524,#525,#526,#527));
#2139=EDGE_LOOP('',(#528,#529,#530,#531));
#2140=EDGE_LOOP('',(#532,#533,#534,#535));
#2141=EDGE_LOOP('',(#536,#537,#538,#539));
#2142=EDGE_LOOP('',(#540,#541,#542,#543));
#2143=EDGE_LOOP('',(#544,#545,#546,#547));
#2144=EDGE_LOOP('',(#548,#549,#550,#551));
#2145=EDGE_LOOP('',(#552,#553,#554,#555));
#2146=EDGE_LOOP('',(#556,#557,#558,#559));
#2147=EDGE_LOOP('',(#560,#561,#562,#563));
#2148=EDGE_LOOP('',(#564,#565,#566,#567));
#2149=EDGE_LOOP('',(#568,#569,#570,#571));
#2150=EDGE_LOOP('',(#572,#573,#574,#575));
#2151=EDGE_LOOP('',(#576,#577,#578,#579));
#2152=EDGE_LOOP('',(#580,#581,#582,#583));
#2153=EDGE_LOOP('',(#584,#585,#586,#587));
#2154=EDGE_LOOP('',(#588,#589,#590,#591));
#2155=EDGE_LOOP('',(#592,#593,#594,#595));
#2156=EDGE_LOOP('',(#596,#597,#598,#599));
#2157=EDGE_LOOP('',(#600,#601,#602,#603));
#2158=EDGE_LOOP('',(#604,#605,#606,#607));
#2159=EDGE_LOOP('',(#608,#609,#610,#611));
#2160=EDGE_LOOP('',(#612,#613,#614,#615));
#2161=EDGE_LOOP('',(#616,#617,#618,#619));
#2162=EDGE_LOOP('',(#620,#621,#622,#623));
#2163=EDGE_LOOP('',(#624,#625,#626,#627));
#2164=EDGE_LOOP('',(#628,#629,#630,#631));
#2165=EDGE_LOOP('',(#632,#633,#634,#635));
#2166=EDGE_LOOP('',(#636,#637,#638,#639));
#2167=EDGE_LOOP('',(#640,#641,#642,#643));
#2168=EDGE_LOOP('',(#644,#645,#646,#647));
#2169=EDGE_LOOP('',(#648,#649,#650,#651));
#2170=EDGE_LOOP('',(#652,#653,#654,#655));
#2171=EDGE_LOOP('',(#656,#657,#658,#659));
#2172=EDGE_LOOP('',(#660,#661,#662,#663));
#2173=EDGE_LOOP('',(#664,#665,#666,#667));
#2174=EDGE_LOOP('',(#668,#669,#670,#671));
#2175=EDGE_LOOP('',(#672,#673,#674,#675));
#2176=EDGE_LOOP('',(#676,#677,#678,#679));
#2177=EDGE_LOOP('',(#680,#681,#682,#683));
#2178=EDGE_LOOP('',(#684,#685,#686,#687));
#2179=EDGE_LOOP('',(#688,#689,#690,#691));
#2180=EDGE_LOOP('',(#692,#693,#694,#695));
#2181=EDGE_LOOP('',(#696,#697,#698,#699));
#2182=EDGE_LOOP('',(#700,#701,#702,#703));
#2183=EDGE_LOOP('',(#704,#705,#706,#707));
#2184=EDGE_LOOP('',(#708,#709,#710,#711));
#2185=EDGE_LOOP('',(#712,#713,#714,#715));
#2186=EDGE_LOOP('',(#716,#717,#718,#719));
#2187=EDGE_LOOP('',(#720,#721,#722,#723));
#2188=EDGE_LOOP('',(#724,#725,#726,#727));
#2189=EDGE_LOOP('',(#728,#729,#730,#731));
#2190=FACE_BOUND('',#2052,.T.);
#2191=FACE_BOUND('',#2053,.T.);
#2192=FACE_BOUND('',#2054,.T.);
#2193=FACE_BOUND('',#2055,.T.);
#2194=FACE_BOUND('',#2056,.T.);
#2195=FACE_BOUND('',#2057,.T.);
#2196=FACE_BOUND('',#2058,.T.);
#2197=FACE_BOUND('',#2059,.T.);
#2198=FACE_BOUND('',#2060,.T.);
#2199=FACE_BOUND('',#2061,.T.);
#2200=FACE_BOUND('',#2062,.T.);
#2201=FACE_BOUND('',#2063,.T.);
#2202=FACE_BOUND('',#2064,.T.);
#2203=FACE_BOUND('',#2065,.T.);
#2204=FACE_BOUND('',#2066,.T.);
#2205=FACE_BOUND('',#2067,.T.);
#2206=FACE_BOUND('',#2068,.T.);
#2207=FACE_BOUND('',#2069,.T.);
#2208=FACE_BOUND('',#2070,.T.);
#2209=FACE_BOUND('',#2071,.T.);
#2210=FACE_BOUND('',#2072,.T.);
#2211=FACE_BOUND('',#2073,.T.);
#2212=FACE_BOUND('',#2074,.T.);
#2213=FACE_BOUND('',#2075,.T.);
#2214=FACE_BOUND('',#2076,.T.);
#2215=FACE_BOUND('',#2077,.T.);
#2216=FACE_BOUND('',#2078,.T.);
#2217=FACE_BOUND('',#2079,.T.);
#2218=FACE_BOUND('',#2080,.T.);
#2219=FACE_BOUND('',#2081,.T.);
#2220=FACE_BOUND('',#2082,.T.);
#2221=FACE_BOUND('',#2083,.T.);
#2222=FACE_BOUND('',#2084,.T.);
#2223=FACE_BOUND('',#2085,.T.);
#2224=FACE_BOUND('',#2086,.T.);
#2225=FACE_BOUND('',#2087,.T.);
#2226=FACE_BOUND('',#2088,.T.);
#2227=FACE_BOUND('',#2089,.T.);
#2228=FACE_BOUND('',#2090,.T.);
#2229=FACE_BOUND('',#2091,.T.);
#2230=FACE_BOUND('',#2092,.T.);
#2231=FACE_BOUND('',#2093,.T.);
#2232=FACE_BOUND('',#2094,.T.);
#2233=FACE_BOUND('',#2095,.T.);
#2234=FACE_BOUND('',#2096,.T.);
#2235=FACE_BOUND('',#2097,.T.);
#2236=FACE_BOUND('',#2098,.T.);
#2237=FACE_BOUND('',#2099,.T.);
#2238=FACE_BOUND('',#2100,.T.);
#2239=FACE_BOUND('',#2101,.T.);
#2240=FACE_BOUND('',#2102,.T.);
#2241=FACE_BOUND('',#2103,.T.);
#2242=FACE_BOUND('',#2104,.T.);
#2243=FACE_BOUND('',#2105,.T.);
#2244=FACE_BOUND('',#2106,.T.);
#2245=FACE_BOUND('',#2107,.T.);
#2246=FACE_BOUND('',#2108,.T.);
#2247=FACE_BOUND('',#2109,.T.);
#2248=FACE_BOUND('',#2110,.T.);
#2249=FACE_BOUND('',#2111,.T.);
#2250=FACE_BOUND('',#2112,.T.);
#2251=FACE_BOUND('',#2113,.T.);
#2252=FACE_BOUND('',#2114,.T.);
#2253=FACE_BOUND('',#2115,.T.);
#2254=FACE_BOUND('',#2116,.T.);
#2255=FACE_BOUND('',#2117,.T.);
#2256=FACE_BOUND('',#2118,.T.);
#2257=FACE_BOUND('',#2119,.T.);
#2258=FACE_BOUND('',#2120,.T.);
#2259=FACE_BOUND('',#2121,.T.);
#2260=FACE_BOUND('',#2122,.T.);
#2261=FACE_BOUND('',#2123,.T.);
#2262=FACE_BOUND('',#2124,.T.);
#2263=FACE_BOUND('',#2125,.T.);
#2264=FACE_BOUND('',#2126,.T.);
#2265=FACE_BOUND('',#2127,.T.);
#2266=FACE_BOUND('',#2128,.T.);
#2267=FACE_BOUND('',#2129,.T.);
#2268=FACE_BOUND('',#2130,.T.);
#2269=FACE_BOUND('',#2131,.T.);
#2270=FACE_BOUND('',#2132,.T.);
#2271=FACE_BOUND('',#2133,.T.);
#2272=FACE_BOUND('',#2134,.T.);
#2273=FACE_BOUND('',#2135,.T.);
#2274=FACE_BOUND('',#2136,.T.);
#2275=FACE_BOUND('',#2137,.T.);
#2276=FACE_BOUND('',#2138,.T.);
#2277=FACE_BOUND('',#2139,.T.);
#2278=FACE_BOUND('',#2140,.T.);
#2279=FACE_BOUND('',#2141,.T.);
#2280=FACE_BOUND('',#2142,.T.);
#2281=FACE_BOUND('',#2143,.T.);
#2282=FACE_BOUND('',#2144,.T.);
#2283=FACE_BOUND('',#2145,.T.);
#2284=FACE_BOUND('',#2146,.T.);
#2285=FACE_BOUND('',#2147,.T.);
#2286=FACE_BOUND('',#2148,.T.);
#2287=FACE_BOUND('',#2149,.T.);
#2288=FACE_BOUND('',#2150,.T.);
#2289=FACE_BOUND('',#2151,.T.);
#2290=FACE_BOUND('',#2152,.T.);
#2291=FACE_BOUND('',#2153,.T.);
#2292=FACE_BOUND('',#2154,.T.);
#2293=FACE_BOUND('',#2155,.T.);
#2294=FACE_BOUND('',#2156,.T.);
#2295=FACE_BOUND('',#2157,.T.);
#2296=FACE_BOUND('',#2158,.T.);
#2297=FACE_BOUND('',#2159,.T.);
#2298=FACE_BOUND('',#2160,.T.);
#2299=FACE_BOUND('',#2161,.T.);
#2300=FACE_BOUND('',#2162,.T.);
#2301=FACE_BOUND('',#2163,.T.);
#2302=FACE_BOUND('',#2164,.T.);
#2303=FACE_BOUND('',#2165,.T.);
#2304=FACE_BOUND('',#2166,.T.);
#2305=FACE_BOUND('',#2167,.T.);
#2306=FACE_BOUND('',#2168,.T.);
#2307=FACE_BOUND('',#2169,.T.);
#2308=FACE_BOUND('',#2170,.T.);
#2309=FACE_BOUND('',#2171,.T.);
#2310=FACE_BOUND('',#2172,.T.);
#2311=FACE_BOUND('',#2173,.T.);
#2312=FACE_BOUND('',#2174,.T.);
#2313=FACE_BOUND('',#2175,.T.);
#2314=FACE_BOUND('',#2176,.T.);
#2315=FACE_BOUND('',#2177,.T.);
#2316=FACE_BOUND('',#2178,.T.);
#2317=FACE_BOUND('',#2179,.T.);
#2318=FACE_BOUND('',#2180,.T.);
#2319=FACE_BOUND('',#2181,.T.);
#2320=FACE_BOUND('',#2182,.T.);
#2321=FACE_BOUND('',#2183,.T.);
#2322=FACE_BOUND('',#2184,.T.);
#2323=FACE_BOUND('',#2185,.T.);
#2324=FACE_BOUND('',#2186,.T.);
#2325=FACE_BOUND('',#2187,.T.);
#2326=FACE_BOUND('',#2188,.T.);
#2327=FACE_BOUND('',#2189,.T.);
#2328=PLANE('',#2585);
#2329=PLANE('',#2586);
#2330=PLANE('',#2587);
#2331=PLANE('',#2588);
#2332=PLANE('',#2589);
#2333=PLANE('',#2590);
#2334=PLANE('',#2591);
#2335=PLANE('',#2592);
#2336=PLANE('',#2593);
#2337=PLANE('',#2594);
#2338=PLANE('',#2595);
#2339=PLANE('',#2596);
#2340=PLANE('',#2597);
#2341=PLANE('',#2598);
#2342=PLANE('',#2599);
#2343=PLANE('',#2600);
#2344=PLANE('',#2601);
#2345=PLANE('',#2602);
#2346=PLANE('',#2603);
#2347=PLANE('',#2604);
#2348=PLANE('',#2605);
#2349=PLANE('',#2606);
#2350=PLANE('',#2607);
#2351=PLANE('',#2608);
#2352=PLANE('',#2609);
#2353=PLANE('',#2610);
#2354=PLANE('',#2611);
#2355=PLANE('',#2612);
#2356=PLANE('',#2613);
#2357=PLANE('',#2614);
#2358=PLANE('',#2615);
#2359=PLANE('',#2616);
#2360=PLANE('',#2617);
#2361=PLANE('',#2618);
#2362=PLANE('',#2619);
#2363=PLANE('',#2620);
#2364=PLANE('',#2621);
#2365=PLANE('',#2622);
#2366=PLANE('',#2623);
#2367=PLANE('',#2624);
#2368=PLANE('',#2625);
#2369=PLANE('',#2626);
#2370=PLANE('',#2627);
#2371=PLANE('',#2628);
#2372=PLANE('',#2629);
#2373=PLANE('',#2630);
#2374=PLANE('',#2631);
#2375=PLANE('',#2632);
#2376=PLANE('',#2633);
#2377=PLANE('',#2634);
#2378=PLANE('',#2635);
#2379=PLANE('',#2636);
#2380=PLANE('',#2637);
#2381=PLANE('',#2638);
#2382=PLANE('',#2639);
#2383=PLANE('',#2640);
#2384=PLANE('',#2641);
#2385=PLANE('',#2642);
#2386=PLANE('',#2643);
#2387=PLANE('',#2644);
#2388=PLANE('',#2645);
#2389=PLANE('',#2646);
#2390=PLANE('',#2647);
#2391=PLANE('',#2648);
#2392=PLANE('',#2649);
#2393=PLANE('',#2650);
#2394=PLANE('',#2651);
#2395=PLANE('',#2652);
#2396=PLANE('',#2653);
#2397=PLANE('',#2654);
#2398=PLANE('',#2655);
#2399=PLANE('',#2656);
#2400=PLANE('',#2657);
#2401=PLANE('',#2658);
#2402=PLANE('',#2659);
#2403=PLANE('',#2660);
#2404=PLANE('',#2661);
#2405=PLANE('',#2662);
#2406=PLANE('',#2663);
#2407=PLANE('',#2664);
#2408=PLANE('',#2665);
#2409=PLANE('',#2666);
#2410=PLANE('',#2667);
#2411=PLANE('',#2668);
#2412=PLANE('',#2669);
#2413=PLANE('',#2670);
#2414=PLANE('',#2671);
#2415=PLANE('',#2672);
#2416=PLANE('',#2673);
#2417=PLANE('',#2674);
#2418=PLANE('',#2675);
#2419=PLANE('',#2676);
#2420=PLANE('',#2677);
#2421=PLANE('',#2678);
#2422=PLANE('',#2679);
#2423=PLANE('',#2680);
#2424=PLANE('',#2681);
#2425=PLANE('',#2682);
#2426=PLANE('',#2683);
#2427=PLANE('',#2684);
#2428=PLANE('',#2685);
#2429=PLANE('',#2686);
#2430=PLANE('',#2687);
#2431=PLANE('',#2688);
#2432=PLANE('',#2689);
#2433=PLANE('',#2690);
#2434=PLANE('',#2691);
#2435=PLANE('',#2692);
#2436=PLANE('',#2693);
#2437=PLANE('',#2694);
#2438=PLANE('',#2695);
#2439=PLANE('',#2696);
#2440=PLANE('',#2697);
#2441=PLANE('',#2698);
#2442=PLANE('',#2699);
#2443=PLANE('',#2700);
#2444=PLANE('',#2701);
#2445=PLANE('',#2702);
#2446=PLANE('',#2703);
#2447=PLANE('',#2704);
#2448=PLANE('',#2705);
#2449=PLANE('',#2706);
#2450=ADVANCED_FACE('',(#2190,#2191,#2192,#2193,#2194,#2195,#2196,#2197,
#2198),#2328,.T.);
#2451=ADVANCED_FACE('',(#2199,#2200,#2201,#2202,#2203,#2204,#2205,#2206,
#2207),#2329,.F.);
#2452=ADVANCED_FACE('',(#2208),#2330,.T.);
#2453=ADVANCED_FACE('',(#2209),#2331,.T.);
#2454=ADVANCED_FACE('',(#2210),#2332,.T.);
#2455=ADVANCED_FACE('',(#2211),#2333,.T.);
#2456=ADVANCED_FACE('',(#2212),#2334,.T.);
#2457=ADVANCED_FACE('',(#2213),#2335,.T.);
#2458=ADVANCED_FACE('',(#2214),#2336,.T.);
#2459=ADVANCED_FACE('',(#2215),#2337,.T.);
#2460=ADVANCED_FACE('',(#2216),#2338,.T.);
#2461=ADVANCED_FACE('',(#2217),#2339,.F.);
#2462=ADVANCED_FACE('',(#2218),#2340,.T.);
#2463=ADVANCED_FACE('',(#2219),#2341,.F.);
#2464=ADVANCED_FACE('',(#2220),#2342,.T.);
#2465=ADVANCED_FACE('',(#2221),#2343,.F.);
#2466=ADVANCED_FACE('',(#2222),#2344,.F.);
#2467=ADVANCED_FACE('',(#2223),#2345,.F.);
#2468=ADVANCED_FACE('',(#2224),#2346,.F.);
#2469=ADVANCED_FACE('',(#2225),#2347,.F.);
#2470=ADVANCED_FACE('',(#2226),#2348,.F.);
#2471=ADVANCED_FACE('',(#2227),#2349,.F.);
#2472=ADVANCED_FACE('',(#2228),#2350,.F.);
#2473=ADVANCED_FACE('',(#2229),#2351,.F.);
#2474=ADVANCED_FACE('',(#2230),#2352,.T.);
#2475=ADVANCED_FACE('',(#2231),#2353,.T.);
#2476=ADVANCED_FACE('',(#2232),#2354,.F.);
#2477=ADVANCED_FACE('',(#2233),#2355,.F.);
#2478=ADVANCED_FACE('',(#2234),#2356,.T.);
#2479=ADVANCED_FACE('',(#2235),#2357,.T.);
#2480=ADVANCED_FACE('',(#2236),#2358,.F.);
#2481=ADVANCED_FACE('',(#2237),#2359,.F.);
#2482=ADVANCED_FACE('',(#2238),#2360,.T.);
#2483=ADVANCED_FACE('',(#2239),#2361,.T.);
#2484=ADVANCED_FACE('',(#2240),#2362,.F.);
#2485=ADVANCED_FACE('',(#2241),#2363,.T.);
#2486=ADVANCED_FACE('',(#2242),#2364,.T.);
#2487=ADVANCED_FACE('',(#2243),#2365,.F.);
#2488=ADVANCED_FACE('',(#2244),#2366,.T.);
#2489=ADVANCED_FACE('',(#2245),#2367,.T.);
#2490=ADVANCED_FACE('',(#2246),#2368,.F.);
#2491=ADVANCED_FACE('',(#2247),#2369,.T.);
#2492=ADVANCED_FACE('',(#2248),#2370,.T.);
#2493=ADVANCED_FACE('',(#2249),#2371,.F.);
#2494=ADVANCED_FACE('',(#2250),#2372,.T.);
#2495=ADVANCED_FACE('',(#2251),#2373,.T.);
#2496=ADVANCED_FACE('',(#2252),#2374,.T.);
#2497=ADVANCED_FACE('',(#2253),#2375,.F.);
#2498=ADVANCED_FACE('',(#2254),#2376,.T.);
#2499=ADVANCED_FACE('',(#2255),#2377,.T.);
#2500=ADVANCED_FACE('',(#2256),#2378,.T.);
#2501=ADVANCED_FACE('',(#2257),#2379,.F.);
#2502=ADVANCED_FACE('',(#2258),#2380,.T.);
#2503=ADVANCED_FACE('',(#2259),#2381,.T.);
#2504=ADVANCED_FACE('',(#2260),#2382,.F.);
#2505=ADVANCED_FACE('',(#2261),#2383,.T.);
#2506=ADVANCED_FACE('',(#2262),#2384,.T.);
#2507=ADVANCED_FACE('',(#2263),#2385,.F.);
#2508=ADVANCED_FACE('',(#2264),#2386,.T.);
#2509=ADVANCED_FACE('',(#2265),#2387,.T.);
#2510=ADVANCED_FACE('',(#2266),#2388,.T.);
#2511=ADVANCED_FACE('',(#2267),#2389,.F.);
#2512=ADVANCED_FACE('',(#2268),#2390,.T.);
#2513=ADVANCED_FACE('',(#2269),#2391,.T.);
#2514=ADVANCED_FACE('',(#2270),#2392,.F.);
#2515=ADVANCED_FACE('',(#2271),#2393,.T.);
#2516=ADVANCED_FACE('',(#2272),#2394,.T.);
#2517=ADVANCED_FACE('',(#2273),#2395,.F.);
#2518=ADVANCED_FACE('',(#2274),#2396,.T.);
#2519=ADVANCED_FACE('',(#2275),#2397,.T.);
#2520=ADVANCED_FACE('',(#2276),#2398,.T.);
#2521=ADVANCED_FACE('',(#2277),#2399,.F.);
#2522=ADVANCED_FACE('',(#2278),#2400,.T.);
#2523=ADVANCED_FACE('',(#2279),#2401,.T.);
#2524=ADVANCED_FACE('',(#2280),#2402,.T.);
#2525=ADVANCED_FACE('',(#2281),#2403,.F.);
#2526=ADVANCED_FACE('',(#2282),#2404,.T.);
#2527=ADVANCED_FACE('',(#2283),#2405,.T.);
#2528=ADVANCED_FACE('',(#2284),#2406,.F.);
#2529=ADVANCED_FACE('',(#2285),#2407,.T.);
#2530=ADVANCED_FACE('',(#2286),#2408,.T.);
#2531=ADVANCED_FACE('',(#2287),#2409,.F.);
#2532=ADVANCED_FACE('',(#2288),#2410,.T.);
#2533=ADVANCED_FACE('',(#2289),#2411,.T.);
#2534=ADVANCED_FACE('',(#2290),#2412,.F.);
#2535=ADVANCED_FACE('',(#2291),#2413,.F.);
#2536=ADVANCED_FACE('',(#2292),#2414,.F.);
#2537=ADVANCED_FACE('',(#2293),#2415,.T.);
#2538=ADVANCED_FACE('',(#2294),#2416,.F.);
#2539=ADVANCED_FACE('',(#2295),#2417,.T.);
#2540=ADVANCED_FACE('',(#2296),#2418,.F.);
#2541=ADVANCED_FACE('',(#2297),#2419,.T.);
#2542=ADVANCED_FACE('',(#2298),#2420,.T.);
#2543=ADVANCED_FACE('',(#2299),#2421,.F.);
#2544=ADVANCED_FACE('',(#2300),#2422,.F.);
#2545=ADVANCED_FACE('',(#2301),#2423,.T.);
#2546=ADVANCED_FACE('',(#2302),#2424,.T.);
#2547=ADVANCED_FACE('',(#2303),#2425,.F.);
#2548=ADVANCED_FACE('',(#2304),#2426,.F.);
#2549=ADVANCED_FACE('',(#2305),#2427,.T.);
#2550=ADVANCED_FACE('',(#2306),#2428,.T.);
#2551=ADVANCED_FACE('',(#2307),#2429,.F.);
#2552=ADVANCED_FACE('',(#2308),#2430,.F.);
#2553=ADVANCED_FACE('',(#2309),#2431,.T.);
#2554=ADVANCED_FACE('',(#2310),#2432,.T.);
#2555=ADVANCED_FACE('',(#2311),#2433,.F.);
#2556=ADVANCED_FACE('',(#2312),#2434,.F.);
#2557=ADVANCED_FACE('',(#2313),#2435,.T.);
#2558=ADVANCED_FACE('',(#2314),#2436,.T.);
#2559=ADVANCED_FACE('',(#2315),#2437,.F.);
#2560=ADVANCED_FACE('',(#2316),#2438,.F.);
#2561=ADVANCED_FACE('',(#2317),#2439,.T.);
#2562=ADVANCED_FACE('',(#2318),#2440,.T.);
#2563=ADVANCED_FACE('',(#2319),#2441,.F.);
#2564=ADVANCED_FACE('',(#2320),#2442,.F.);
#2565=ADVANCED_FACE('',(#2321),#2443,.T.);
#2566=ADVANCED_FACE('',(#2322),#2444,.T.);
#2567=ADVANCED_FACE('',(#2323),#2445,.F.);
#2568=ADVANCED_FACE('',(#2324),#2446,.F.);
#2569=ADVANCED_FACE('',(#2325),#2447,.T.);
#2570=ADVANCED_FACE('',(#2326),#2448,.T.);
#2571=ADVANCED_FACE('',(#2327),#2449,.F.);
#2572=CLOSED_SHELL('',(#2450,#2451,#2452,#2453,#2454,#2455,#2456,#2457,
#2458,#2459,#2460,#2461,#2462,#2463,#2464,#2465,#2466,#2467,#2468,#2469,
#2470,#2471,#2472,#2473,#2474,#2475,#2476,#2477,#2478,#2479,#2480,#2481,
#2482,#2483,#2484,#2485,#2486,#2487,#2488,#2489,#2490,#2491,#2492,#2493,
#2494,#2495,#2496,#2497,#2498,#2499,#2500,#2501,#2502,#2503,#2504,#2505,
#2506,#2507,#2508,#2509,#2510,#2511,#2512,#2513,#2514,#2515,#2516,#2517,
#2518,#2519,#2520,#2521,#2522,#2523,#2524,#2525,#2526,#2527,#2528,#2529,
#2530,#2531,#2532,#2533,#2534,#2535,#2536,#2537,#2538,#2539,#2540,#2541,
#2542,#2543,#2544,#2545,#2546,#2547,#2548,#2549,#2550,#2551,#2552,#2553,
#2554,#2555,#2556,#2557,#2558,#2559,#2560,#2561,#2562,#2563,#2564,#2565,
#2566,#2567,#2568,#2569,#2570,#2571));
#2573=STYLED_ITEM('',(#2574),#2581);
#2574=PRESENTATION_STYLE_ASSIGNMENT((#2575));
#2575=SURFACE_STYLE_USAGE(.BOTH.,#2576);
#2576=SURFACE_SIDE_STYLE('',(#2577));
#2577=SURFACE_STYLE_FILL_AREA(#2578);
#2578=FILL_AREA_STYLE('',(#2579));
#2579=FILL_AREA_STYLE_COLOUR('',#2580);
#2580=COLOUR_RGB('',0.917647058823529,0.725490196078431,0.490196078431373);
#2581=MANIFOLD_SOLID_BREP('Mast 2',#2572);
#2582=SHAPE_DEFINITION_REPRESENTATION(#4042,#2583);
#2583=SHAPE_REPRESENTATION('Mast 2',(#2584),#4037);
#2584=AXIS2_PLACEMENT_3D('',#3313,#2707,#2708);
#2585=AXIS2_PLACEMENT_3D('',#3314,#2709,#2710);
#2586=AXIS2_PLACEMENT_3D('',#3555,#2831,#2832);
#2587=AXIS2_PLACEMENT_3D('',#3796,#2953,#2954);
#2588=AXIS2_PLACEMENT_3D('',#3799,#2957,#2958);
#2589=AXIS2_PLACEMENT_3D('',#3802,#2961,#2962);
#2590=AXIS2_PLACEMENT_3D('',#3805,#2965,#2966);
#2591=AXIS2_PLACEMENT_3D('',#3808,#2969,#2970);
#2592=AXIS2_PLACEMENT_3D('',#3811,#2973,#2974);
#2593=AXIS2_PLACEMENT_3D('',#3814,#2977,#2978);
#2594=AXIS2_PLACEMENT_3D('',#3817,#2981,#2982);
#2595=AXIS2_PLACEMENT_3D('',#3820,#2985,#2986);
#2596=AXIS2_PLACEMENT_3D('',#3823,#2989,#2990);
#2597=AXIS2_PLACEMENT_3D('',#3826,#2993,#2994);
#2598=AXIS2_PLACEMENT_3D('',#3829,#2997,#2998);
#2599=AXIS2_PLACEMENT_3D('',#3832,#3001,#3002);
#2600=AXIS2_PLACEMENT_3D('',#3835,#3005,#3006);
#2601=AXIS2_PLACEMENT_3D('',#3838,#3009,#3010);
#2602=AXIS2_PLACEMENT_3D('',#3841,#3013,#3014);
#2603=AXIS2_PLACEMENT_3D('',#3844,#3017,#3018);
#2604=AXIS2_PLACEMENT_3D('',#3847,#3021,#3022);
#2605=AXIS2_PLACEMENT_3D('',#3850,#3025,#3026);
#2606=AXIS2_PLACEMENT_3D('',#3853,#3029,#3030);
#2607=AXIS2_PLACEMENT_3D('',#3856,#3033,#3034);
#2608=AXIS2_PLACEMENT_3D('',#3859,#3037,#3038);
#2609=AXIS2_PLACEMENT_3D('',#3862,#3041,#3042);
#2610=AXIS2_PLACEMENT_3D('',#3865,#3045,#3046);
#2611=AXIS2_PLACEMENT_3D('',#3867,#3048,#3049);
#2612=AXIS2_PLACEMENT_3D('',#3869,#3051,#3052);
#2613=AXIS2_PLACEMENT_3D('',#3870,#3053,#3054);
#2614=AXIS2_PLACEMENT_3D('',#3873,#3057,#3058);
#2615=AXIS2_PLACEMENT_3D('',#3875,#3060,#3061);
#2616=AXIS2_PLACEMENT_3D('',#3877,#3063,#3064);
#2617=AXIS2_PLACEMENT_3D('',#3878,#3065,#3066);
#2618=AXIS2_PLACEMENT_3D('',#3880,#3068,#3069);
#2619=AXIS2_PLACEMENT_3D('',#3881,#3070,#3071);
#2620=AXIS2_PLACEMENT_3D('',#3883,#3073,#3074);
#2621=AXIS2_PLACEMENT_3D('',#3885,#3076,#3077);
#2622=AXIS2_PLACEMENT_3D('',#3886,#3078,#3079);
#2623=AXIS2_PLACEMENT_3D('',#3888,#3081,#3082);
#2624=AXIS2_PLACEMENT_3D('',#3890,#3084,#3085);
#2625=AXIS2_PLACEMENT_3D('',#3891,#3086,#3087);
#2626=AXIS2_PLACEMENT_3D('',#3893,#3089,#3090);
#2627=AXIS2_PLACEMENT_3D('',#3895,#3092,#3093);
#2628=AXIS2_PLACEMENT_3D('',#3896,#3094,#3095);
#2629=AXIS2_PLACEMENT_3D('',#3898,#3097,#3098);
#2630=AXIS2_PLACEMENT_3D('',#3899,#3099,#3100);
#2631=AXIS2_PLACEMENT_3D('',#3901,#3102,#3103);
#2632=AXIS2_PLACEMENT_3D('',#3902,#3104,#3105);
#2633=AXIS2_PLACEMENT_3D('',#3904,#3107,#3108);
#2634=AXIS2_PLACEMENT_3D('',#3905,#3109,#3110);
#2635=AXIS2_PLACEMENT_3D('',#3907,#3112,#3113);
#2636=AXIS2_PLACEMENT_3D('',#3909,#3115,#3116);
#2637=AXIS2_PLACEMENT_3D('',#3911,#3118,#3119);
#2638=AXIS2_PLACEMENT_3D('',#3913,#3121,#3122);
#2639=AXIS2_PLACEMENT_3D('',#3914,#3123,#3124);
#2640=AXIS2_PLACEMENT_3D('',#3916,#3126,#3127);
#2641=AXIS2_PLACEMENT_3D('',#3918,#3129,#3130);
#2642=AXIS2_PLACEMENT_3D('',#3919,#3131,#3132);
#2643=AXIS2_PLACEMENT_3D('',#3921,#3134,#3135);
#2644=AXIS2_PLACEMENT_3D('',#3922,#3136,#3137);
#2645=AXIS2_PLACEMENT_3D('',#3924,#3139,#3140);
#2646=AXIS2_PLACEMENT_3D('',#3925,#3141,#3142);
#2647=AXIS2_PLACEMENT_3D('',#3927,#3144,#3145);
#2648=AXIS2_PLACEMENT_3D('',#3929,#3147,#3148);
#2649=AXIS2_PLACEMENT_3D('',#3930,#3149,#3150);
#2650=AXIS2_PLACEMENT_3D('',#3932,#3152,#3153);
#2651=AXIS2_PLACEMENT_3D('',#3934,#3155,#3156);
#2652=AXIS2_PLACEMENT_3D('',#3935,#3157,#3158);
#2653=AXIS2_PLACEMENT_3D('',#3937,#3160,#3161);
#2654=AXIS2_PLACEMENT_3D('',#3938,#3162,#3163);
#2655=AXIS2_PLACEMENT_3D('',#3940,#3165,#3166);
#2656=AXIS2_PLACEMENT_3D('',#3941,#3167,#3168);
#2657=AXIS2_PLACEMENT_3D('',#3943,#3170,#3171);
#2658=AXIS2_PLACEMENT_3D('',#3944,#3172,#3173);
#2659=AXIS2_PLACEMENT_3D('',#3946,#3175,#3176);
#2660=AXIS2_PLACEMENT_3D('',#3947,#3177,#3178);
#2661=AXIS2_PLACEMENT_3D('',#3949,#3180,#3181);
#2662=AXIS2_PLACEMENT_3D('',#3951,#3183,#3184);
#2663=AXIS2_PLACEMENT_3D('',#3952,#3185,#3186);
#2664=AXIS2_PLACEMENT_3D('',#3954,#3188,#3189);
#2665=AXIS2_PLACEMENT_3D('',#3956,#3191,#3192);
#2666=AXIS2_PLACEMENT_3D('',#3957,#3193,#3194);
#2667=AXIS2_PLACEMENT_3D('',#3959,#3196,#3197);
#2668=AXIS2_PLACEMENT_3D('',#3961,#3199,#3200);
#2669=AXIS2_PLACEMENT_3D('',#3962,#3201,#3202);
#2670=AXIS2_PLACEMENT_3D('',#3963,#3203,#3204);
#2671=AXIS2_PLACEMENT_3D('',#3966,#3207,#3208);
#2672=AXIS2_PLACEMENT_3D('',#3967,#3209,#3210);
#2673=AXIS2_PLACEMENT_3D('',#3970,#3213,#3214);
#2674=AXIS2_PLACEMENT_3D('',#3971,#3215,#3216);
#2675=AXIS2_PLACEMENT_3D('',#3972,#3217,#3218);
#2676=AXIS2_PLACEMENT_3D('',#3975,#3221,#3222);
#2677=AXIS2_PLACEMENT_3D('',#3977,#3224,#3225);
#2678=AXIS2_PLACEMENT_3D('',#3979,#3227,#3228);
#2679=AXIS2_PLACEMENT_3D('',#3980,#3229,#3230);
#2680=AXIS2_PLACEMENT_3D('',#3983,#3233,#3234);
#2681=AXIS2_PLACEMENT_3D('',#3985,#3236,#3237);
#2682=AXIS2_PLACEMENT_3D('',#3987,#3239,#3240);
#2683=AXIS2_PLACEMENT_3D('',#3988,#3241,#3242);
#2684=AXIS2_PLACEMENT_3D('',#3991,#3245,#3246);
#2685=AXIS2_PLACEMENT_3D('',#3993,#3248,#3249);
#2686=AXIS2_PLACEMENT_3D('',#3995,#3251,#3252);
#2687=AXIS2_PLACEMENT_3D('',#3996,#3253,#3254);
#2688=AXIS2_PLACEMENT_3D('',#3999,#3257,#3258);
#2689=AXIS2_PLACEMENT_3D('',#4001,#3260,#3261);
#2690=AXIS2_PLACEMENT_3D('',#4003,#3263,#3264);
#2691=AXIS2_PLACEMENT_3D('',#4004,#3265,#3266);
#2692=AXIS2_PLACEMENT_3D('',#4007,#3269,#3270);
#2693=AXIS2_PLACEMENT_3D('',#4009,#3272,#3273);
#2694=AXIS2_PLACEMENT_3D('',#4011,#3275,#3276);
#2695=AXIS2_PLACEMENT_3D('',#4012,#3277,#3278);
#2696=AXIS2_PLACEMENT_3D('',#4015,#3281,#3282);
#2697=AXIS2_PLACEMENT_3D('',#4017,#3284,#3285);
#2698=AXIS2_PLACEMENT_3D('',#4019,#3287,#3288);
#2699=AXIS2_PLACEMENT_3D('',#4020,#3289,#3290);
#2700=AXIS2_PLACEMENT_3D('',#4023,#3293,#3294);
#2701=AXIS2_PLACEMENT_3D('',#4025,#3296,#3297);
#2702=AXIS2_PLACEMENT_3D('',#4027,#3299,#3300);
#2703=AXIS2_PLACEMENT_3D('',#4028,#3301,#3302);
#2704=AXIS2_PLACEMENT_3D('',#4031,#3305,#3306);
#2705=AXIS2_PLACEMENT_3D('',#4033,#3308,#3309);
#2706=AXIS2_PLACEMENT_3D('',#4035,#3311,#3312);
#2707=DIRECTION('',(0.,0.,1.));
#2708=DIRECTION('',(1.,0.,0.));
#2709=DIRECTION('',(-0.866025403784438,-0.5,0.));
#2710=DIRECTION('',(0.5,-0.866025403784438,0.));
#2711=DIRECTION('',(0.5,-0.866025403784438,0.));
#2712=DIRECTION('',(0.,0.,-1.));
#2713=DIRECTION('',(0.5,-0.866025403784438,0.));
#2714=DIRECTION('',(0.,0.,-1.));
#2715=DIRECTION('',(0.5,-0.866025403784438,0.));
#2716=DIRECTION('',(0.,0.,-1.));
#2717=DIRECTION('',(0.5,-0.866025403784438,0.));
#2718=DIRECTION('',(0.,0.,-1.));
#2719=DIRECTION('',(0.5,-0.866025403784438,0.));
#2720=DIRECTION('',(0.,0.,-1.));
#2721=DIRECTION('',(0.5,-0.866025403784438,0.));
#2722=DIRECTION('',(0.,0.,-1.));
#2723=DIRECTION('',(0.5,-0.866025403784438,0.));
#2724=DIRECTION('',(0.,0.,-1.));
#2725=DIRECTION('',(0.5,-0.866025403784438,0.));
#2726=DIRECTION('',(0.,0.,-1.));
#2727=DIRECTION('',(0.5,-0.866025403784438,0.));
#2728=DIRECTION('',(0.,0.,-1.));
#2729=DIRECTION('',(0.5,-0.866025403784438,0.));
#2730=DIRECTION('',(0.,0.,-1.));
#2731=DIRECTION('',(0.5,-0.866025403784438,0.));
#2732=DIRECTION('',(0.,0.,-1.));
#2733=DIRECTION('',(0.5,-0.866025403784438,0.));
#2734=DIRECTION('',(0.,0.,-1.));
#2735=DIRECTION('',(0.5,-0.866025403784438,0.));
#2736=DIRECTION('',(0.,0.,-1.));
#2737=DIRECTION('',(0.5,-0.866025403784438,0.));
#2738=DIRECTION('',(0.,0.,-1.));
#2739=DIRECTION('',(0.,0.,-1.));
#2740=DIRECTION('',(-0.5,0.866025403784438,0.));
#2741=DIRECTION('',(0.,0.,-1.));
#2742=DIRECTION('',(-0.5,0.866025403784438,0.));
#2743=DIRECTION('',(0.,0.,1.));
#2744=DIRECTION('',(0.5,-0.866025403784438,0.));
#2745=DIRECTION('',(0.,0.,1.));
#2746=DIRECTION('',(0.5,-0.866025403784438,0.));
#2747=DIRECTION('',(0.,0.,1.));
#2748=DIRECTION('',(-0.5,0.866025403784438,0.));
#2749=DIRECTION('',(0.,0.,1.));
#2750=DIRECTION('',(-0.5,0.866025403784438,0.));
#2751=DIRECTION('',(0.,0.,1.));
#2752=DIRECTION('',(-0.5,0.866025403784438,0.));
#2753=DIRECTION('',(0.,0.,1.));
#2754=DIRECTION('',(-0.5,0.866025403784438,0.));
#2755=DIRECTION('',(0.,0.,1.));
#2756=DIRECTION('',(-0.5,0.866025403784438,0.));
#2757=DIRECTION('',(0.,0.,1.));
#2758=DIRECTION('',(-0.5,0.866025403784438,0.));
#2759=DIRECTION('',(0.,0.,1.));
#2760=DIRECTION('',(-0.5,0.866025403784438,0.));
#2761=DIRECTION('',(0.,0.,-1.));
#2762=DIRECTION('',(-0.5,0.866025403784438,0.));
#2763=DIRECTION('',(0.,0.,1.));
#2764=DIRECTION('',(-0.5,0.866025403784438,0.));
#2765=DIRECTION('',(0.,0.,1.));
#2766=DIRECTION('',(-0.5,0.866025403784438,0.));
#2767=DIRECTION('',(0.,0.,1.));
#2768=DIRECTION('',(-0.5,0.866025403784438,0.));
#2769=DIRECTION('',(0.,0.,1.));
#2770=DIRECTION('',(-0.5,0.866025403784438,0.));
#2771=DIRECTION('',(0.,0.,1.));
#2772=DIRECTION('',(-0.5,0.866025403784438,0.));
#2773=DIRECTION('',(0.,0.,1.));
#2774=DIRECTION('',(-0.5,0.866025403784438,0.));
#2775=DIRECTION('',(0.,0.,1.));
#2776=DIRECTION('',(-0.5,0.866025403784438,0.));
#2777=DIRECTION('',(0.,0.,1.));
#2778=DIRECTION('',(-0.5,0.866025403784438,0.));
#2779=DIRECTION('',(0.,0.,1.));
#2780=DIRECTION('',(-0.5,0.866025403784438,0.));
#2781=DIRECTION('',(0.,0.,-1.));
#2782=DIRECTION('',(-0.5,0.866025403784438,0.));
#2783=DIRECTION('',(0.,0.,1.));
#2784=DIRECTION('',(-0.5,0.866025403784438,0.));
#2785=DIRECTION('',(0.,0.,1.));
#2786=DIRECTION('',(-0.5,0.866025403784438,0.));
#2787=DIRECTION('',(0.,0.,1.));
#2788=DIRECTION('',(0.5,-0.866025403784438,0.));
#2789=DIRECTION('',(0.,0.,-1.));
#2790=DIRECTION('',(0.5,-0.866025403784438,0.));
#2791=DIRECTION('',(0.,0.,1.));
#2792=DIRECTION('',(0.5,-0.866025403784438,0.));
#2793=DIRECTION('',(0.,0.,-1.));
#2794=DIRECTION('',(-0.5,0.866025403784438,0.));
#2795=DIRECTION('',(0.,0.,-1.));
#2796=DIRECTION('',(-0.5,0.866025403784438,0.));
#2797=DIRECTION('',(0.,0.,-1.));
#2798=DIRECTION('',(0.5,-0.866025403784438,0.));
#2799=DIRECTION('',(0.,0.,1.));
#2800=DIRECTION('',(0.5,-0.866025403784438,0.));
#2801=DIRECTION('',(0.,0.,-1.));
#2802=DIRECTION('',(0.5,-0.866025403784438,0.));
#2803=DIRECTION('',(0.,0.,1.));
#2804=DIRECTION('',(0.5,-0.866025403784438,0.));
#2805=DIRECTION('',(0.,0.,-1.));
#2806=DIRECTION('',(0.5,-0.866025403784438,0.));
#2807=DIRECTION('',(0.,0.,1.));
#2808=DIRECTION('',(0.5,-0.866025403784438,0.));
#2809=DIRECTION('',(0.,0.,-1.));
#2810=DIRECTION('',(0.5,-0.866025403784438,0.));
#2811=DIRECTION('',(0.,0.,1.));
#2812=DIRECTION('',(0.5,-0.866025403784438,0.));
#2813=DIRECTION('',(0.,0.,-1.));
#2814=DIRECTION('',(-0.5,0.866025403784438,0.));
#2815=DIRECTION('',(0.,0.,-1.));
#2816=DIRECTION('',(-0.5,0.866025403784438,0.));
#2817=DIRECTION('',(0.,0.,-1.));
#2818=DIRECTION('',(0.5,-0.866025403784438,0.));
#2819=DIRECTION('',(0.,0.,1.));
#2820=DIRECTION('',(0.5,-0.866025403784438,0.));
#2821=DIRECTION('',(0.,0.,-1.));
#2822=DIRECTION('',(0.5,-0.866025403784438,0.));
#2823=DIRECTION('',(0.,0.,1.));
#2824=DIRECTION('',(0.5,-0.866025403784438,0.));
#2825=DIRECTION('',(0.,0.,-1.));
#2826=DIRECTION('',(0.5,-0.866025403784438,0.));
#2827=DIRECTION('',(0.,0.,1.));
#2828=DIRECTION('',(0.5,-0.866025403784438,0.));
#2829=DIRECTION('',(0.,0.,-1.));
#2830=DIRECTION('',(0.5,-0.866025403784438,0.));
#2831=DIRECTION('',(-0.866025403784438,-0.5,0.));
#2832=DIRECTION('',(0.5,-0.866025403784438,0.));
#2833=DIRECTION('',(0.,0.,-1.));
#2834=DIRECTION('',(0.5,-0.866025403784438,0.));
#2835=DIRECTION('',(0.,0.,-1.));
#2836=DIRECTION('',(0.5,-0.866025403784438,0.));
#2837=DIRECTION('',(0.,0.,-1.));
#2838=DIRECTION('',(0.5,-0.866025403784438,0.));
#2839=DIRECTION('',(0.,0.,-1.));
#2840=DIRECTION('',(0.5,-0.866025403784438,0.));
#2841=DIRECTION('',(0.,0.,-1.));
#2842=DIRECTION('',(0.5,-0.866025403784438,0.));
#2843=DIRECTION('',(0.,0.,-1.));
#2844=DIRECTION('',(0.5,-0.866025403784438,0.));
#2845=DIRECTION('',(0.,0.,-1.));
#2846=DIRECTION('',(0.5,-0.866025403784438,0.));
#2847=DIRECTION('',(0.,0.,-1.));
#2848=DIRECTION('',(0.5,-0.866025403784438,0.));
#2849=DIRECTION('',(0.,0.,-1.));
#2850=DIRECTION('',(0.5,-0.866025403784438,0.));
#2851=DIRECTION('',(0.,0.,-1.));
#2852=DIRECTION('',(0.5,-0.866025403784438,0.));
#2853=DIRECTION('',(0.,0.,-1.));
#2854=DIRECTION('',(0.5,-0.866025403784438,0.));
#2855=DIRECTION('',(0.,0.,-1.));
#2856=DIRECTION('',(0.5,-0.866025403784438,0.));
#2857=DIRECTION('',(0.,0.,-1.));
#2858=DIRECTION('',(0.5,-0.866025403784438,0.));
#2859=DIRECTION('',(0.,0.,-1.));
#2860=DIRECTION('',(0.5,-0.866025403784438,0.));
#2861=DIRECTION('',(-0.5,0.866025403784438,0.));
#2862=DIRECTION('',(0.,0.,-1.));
#2863=DIRECTION('',(-0.5,0.866025403784438,0.));
#2864=DIRECTION('',(0.,0.,-1.));
#2865=DIRECTION('',(0.5,-0.866025403784438,0.));
#2866=DIRECTION('',(0.,0.,-1.));
#2867=DIRECTION('',(0.5,-0.866025403784438,0.));
#2868=DIRECTION('',(0.,0.,1.));
#2869=DIRECTION('',(0.5,-0.866025403784438,0.));
#2870=DIRECTION('',(0.,0.,-1.));
#2871=DIRECTION('',(0.5,-0.866025403784438,0.));
#2872=DIRECTION('',(0.,0.,1.));
#2873=DIRECTION('',(0.5,-0.866025403784438,0.));
#2874=DIRECTION('',(0.,0.,-1.));
#2875=DIRECTION('',(0.5,-0.866025403784438,0.));
#2876=DIRECTION('',(0.,0.,1.));
#2877=DIRECTION('',(0.5,-0.866025403784438,0.));
#2878=DIRECTION('',(0.,0.,-1.));
#2879=DIRECTION('',(-0.5,0.866025403784438,0.));
#2880=DIRECTION('',(0.,0.,-1.));
#2881=DIRECTION('',(-0.5,0.866025403784438,0.));
#2882=DIRECTION('',(0.,0.,-1.));
#2883=DIRECTION('',(0.5,-0.866025403784438,0.));
#2884=DIRECTION('',(0.,0.,1.));
#2885=DIRECTION('',(0.5,-0.866025403784438,0.));
#2886=DIRECTION('',(0.,0.,-1.));
#2887=DIRECTION('',(0.5,-0.866025403784438,0.));
#2888=DIRECTION('',(0.,0.,1.));
#2889=DIRECTION('',(0.5,-0.866025403784438,0.));
#2890=DIRECTION('',(0.,0.,-1.));
#2891=DIRECTION('',(0.5,-0.866025403784438,0.));
#2892=DIRECTION('',(0.,0.,1.));
#2893=DIRECTION('',(0.5,-0.866025403784438,0.));
#2894=DIRECTION('',(0.,0.,-1.));
#2895=DIRECTION('',(0.5,-0.866025403784438,0.));
#2896=DIRECTION('',(0.,0.,1.));
#2897=DIRECTION('',(0.5,-0.866025403784438,0.));
#2898=DIRECTION('',(0.,0.,-1.));
#2899=DIRECTION('',(-0.5,0.866025403784438,0.));
#2900=DIRECTION('',(0.,0.,-1.));
#2901=DIRECTION('',(-0.5,0.866025403784438,0.));
#2902=DIRECTION('',(0.,0.,-1.));
#2903=DIRECTION('',(0.5,-0.866025403784438,0.));
#2904=DIRECTION('',(0.,0.,1.));
#2905=DIRECTION('',(0.5,-0.866025403784438,0.));
#2906=DIRECTION('',(0.,0.,-1.));
#2907=DIRECTION('',(0.5,-0.866025403784438,0.));
#2908=DIRECTION('',(0.,0.,1.));
#2909=DIRECTION('',(-0.5,0.866025403784438,0.));
#2910=DIRECTION('',(0.,0.,1.));
#2911=DIRECTION('',(-0.5,0.866025403784438,0.));
#2912=DIRECTION('',(0.,0.,1.));
#2913=DIRECTION('',(-0.5,0.866025403784438,0.));
#2914=DIRECTION('',(0.,0.,-1.));
#2915=DIRECTION('',(-0.5,0.866025403784438,0.));
#2916=DIRECTION('',(0.,0.,1.));
#2917=DIRECTION('',(-0.5,0.866025403784438,0.));
#2918=DIRECTION('',(0.,0.,1.));
#2919=DIRECTION('',(-0.5,0.866025403784438,0.));
#2920=DIRECTION('',(0.,0.,1.));
#2921=DIRECTION('',(-0.5,0.866025403784438,0.));
#2922=DIRECTION('',(0.,0.,1.));
#2923=DIRECTION('',(-0.5,0.866025403784438,0.));
#2924=DIRECTION('',(0.,0.,1.));
#2925=DIRECTION('',(-0.5,0.866025403784438,0.));
#2926=DIRECTION('',(0.,0.,1.));
#2927=DIRECTION('',(-0.5,0.866025403784438,0.));
#2928=DIRECTION('',(0.,0.,1.));
#2929=DIRECTION('',(-0.5,0.866025403784438,0.));
#2930=DIRECTION('',(0.,0.,1.));
#2931=DIRECTION('',(-0.5,0.866025403784438,0.));
#2932=DIRECTION('',(0.,0.,1.));
#2933=DIRECTION('',(-0.5,0.866025403784438,0.));
#2934=DIRECTION('',(0.,0.,-1.));
#2935=DIRECTION('',(-0.5,0.866025403784438,0.));
#2936=DIRECTION('',(0.,0.,1.));
#2937=DIRECTION('',(-0.5,0.866025403784438,0.));
#2938=DIRECTION('',(0.,0.,1.));
#2939=DIRECTION('',(-0.5,0.866025403784438,0.));
#2940=DIRECTION('',(0.,0.,1.));
#2941=DIRECTION('',(-0.5,0.866025403784438,0.));
#2942=DIRECTION('',(0.,0.,1.));
#2943=DIRECTION('',(-0.5,0.866025403784438,0.));
#2944=DIRECTION('',(0.,0.,1.));
#2945=DIRECTION('',(-0.5,0.866025403784438,0.));
#2946=DIRECTION('',(0.,0.,1.));
#2947=DIRECTION('',(-0.5,0.866025403784438,0.));
#2948=DIRECTION('',(0.,0.,1.));
#2949=DIRECTION('',(0.5,-0.866025403784438,0.));
#2950=DIRECTION('',(0.,0.,1.));
#2951=DIRECTION('',(0.5,-0.866025403784438,0.));
#2952=DIRECTION('',(0.,0.,1.));
#2953=DIRECTION('',(0.5,-0.866025403784438,0.));
#2954=DIRECTION('',(0.866025403784438,0.5,0.));
#2955=DIRECTION('',(0.866025403784438,0.5,0.));
#2956=DIRECTION('',(0.866025403784438,0.5,0.));
#2957=DIRECTION('',(0.5,-0.866025403784438,0.));
#2958=DIRECTION('',(0.,0.,1.));
#2959=DIRECTION('',(0.866025403784438,0.5,0.));
#2960=DIRECTION('',(0.866025403784438,0.5,0.));
#2961=DIRECTION('',(0.5,-0.866025403784438,0.));
#2962=DIRECTION('',(0.,0.,1.));
#2963=DIRECTION('',(0.866025403784438,0.5,0.));
#2964=DIRECTION('',(0.866025403784438,0.5,0.));
#2965=DIRECTION('',(0.5,-0.866025403784438,0.));
#2966=DIRECTION('',(0.,0.,1.));
#2967=DIRECTION('',(0.866025403784438,0.5,0.));
#2968=DIRECTION('',(0.866025403784438,0.5,0.));
#2969=DIRECTION('',(0.5,-0.866025403784438,0.));
#2970=DIRECTION('',(0.,0.,1.));
#2971=DIRECTION('',(0.866025403784438,0.5,0.));
#2972=DIRECTION('',(0.866025403784438,0.5,0.));
#2973=DIRECTION('',(0.5,-0.866025403784438,0.));
#2974=DIRECTION('',(0.,0.,1.));
#2975=DIRECTION('',(0.866025403784438,0.5,0.));
#2976=DIRECTION('',(0.866025403784438,0.5,0.));
#2977=DIRECTION('',(0.5,-0.866025403784438,0.));
#2978=DIRECTION('',(0.,0.,1.));
#2979=DIRECTION('',(0.866025403784438,0.5,0.));
#2980=DIRECTION('',(0.866025403784438,0.5,0.));
#2981=DIRECTION('',(0.5,-0.866025403784438,0.));
#2982=DIRECTION('',(0.,0.,1.));
#2983=DIRECTION('',(0.866025403784438,0.5,0.));
#2984=DIRECTION('',(0.866025403784438,0.5,0.));
#2985=DIRECTION('',(0.5,-0.866025403784438,0.));
#2986=DIRECTION('',(0.,0.,1.));
#2987=DIRECTION('',(0.866025403784438,0.5,0.));
#2988=DIRECTION('',(0.866025403784438,0.5,0.));
#2989=DIRECTION('',(0.,0.,-1.));
#2990=DIRECTION('',(0.5,-0.866025403784438,0.));
#2991=DIRECTION('',(0.866025403784438,0.5,0.));
#2992=DIRECTION('',(0.866025403784438,0.5,0.));
#2993=DIRECTION('',(0.,0.,1.));
#2994=DIRECTION('',(1.,0.,0.));
#2995=DIRECTION('',(0.866025403784438,0.5,0.));
#2996=DIRECTION('',(0.866025403784438,0.5,0.));
#2997=DIRECTION('',(0.,0.,1.));
#2998=DIRECTION('',(1.,0.,0.));
#2999=DIRECTION('',(0.866025403784438,0.5,0.));
#3000=DIRECTION('',(0.866025403784438,0.5,0.));
#3001=DIRECTION('',(0.,0.,1.));
#3002=DIRECTION('',(1.,0.,0.));
#3003=DIRECTION('',(0.866025403784438,0.5,0.));
#3004=DIRECTION('',(0.866025403784438,0.5,0.));
#3005=DIRECTION('',(0.,0.,1.));
#3006=DIRECTION('',(1.,0.,0.));
#3007=DIRECTION('',(0.866025403784438,0.5,0.));
#3008=DIRECTION('',(0.866025403784438,0.5,0.));
#3009=DIRECTION('',(0.5,-0.866025403784438,0.));
#3010=DIRECTION('',(0.,0.,1.));
#3011=DIRECTION('',(-0.866025403784438,-0.5,0.));
#3012=DIRECTION('',(-0.866025403784438,-0.5,0.));
#3013=DIRECTION('',(0.5,-0.866025403784438,0.));
#3014=DIRECTION('',(0.,0.,1.));
#3015=DIRECTION('',(-0.866025403784438,-0.5,0.));
#3016=DIRECTION('',(-0.866025403784438,-0.5,0.));
#3017=DIRECTION('',(0.5,-0.866025403784438,0.));
#3018=DIRECTION('',(0.,0.,1.));
#3019=DIRECTION('',(-0.866025403784438,-0.5,0.));
#3020=DIRECTION('',(-0.866025403784438,-0.5,0.));
#3021=DIRECTION('',(0.5,-0.866025403784438,0.));
#3022=DIRECTION('',(0.,0.,1.));
#3023=DIRECTION('',(-0.866025403784438,-0.5,0.));
#3024=DIRECTION('',(-0.866025403784438,-0.5,0.));
#3025=DIRECTION('',(0.5,-0.866025403784438,0.));
#3026=DIRECTION('',(0.,0.,1.));
#3027=DIRECTION('',(-0.866025403784438,-0.5,0.));
#3028=DIRECTION('',(-0.866025403784438,-0.5,0.));
#3029=DIRECTION('',(0.5,-0.866025403784438,0.));
#3030=DIRECTION('',(0.,0.,1.));
#3031=DIRECTION('',(-0.866025403784438,-0.5,0.));
#3032=DIRECTION('',(-0.866025403784438,-0.5,0.));
#3033=DIRECTION('',(0.5,-0.866025403784438,0.));
#3034=DIRECTION('',(0.,0.,1.));
#3035=DIRECTION('',(-0.866025403784438,-0.5,0.));
#3036=DIRECTION('',(-0.866025403784438,-0.5,0.));
#3037=DIRECTION('',(0.5,-0.866025403784438,0.));
#3038=DIRECTION('',(0.,0.,1.));
#3039=DIRECTION('',(-0.866025403784438,-0.5,0.));
#3040=DIRECTION('',(-0.866025403784438,-0.5,0.));
#3041=DIRECTION('',(0.,0.,1.));
#3042=DIRECTION('',(1.,0.,0.));
#3043=DIRECTION('',(0.866025403784438,0.5,0.));
#3044=DIRECTION('',(0.866025403784438,0.5,0.));
#3045=DIRECTION('',(-0.5,0.866025403784438,0.));
#3046=DIRECTION('',(-0.866025403784438,-0.5,0.));
#3047=DIRECTION('',(0.866025403784438,0.5,0.));
#3048=DIRECTION('',(0.,0.,1.));
#3049=DIRECTION('',(1.,0.,0.));
#3050=DIRECTION('',(0.866025403784438,0.5,0.));
#3051=DIRECTION('',(-0.5,0.866025403784438,0.));
#3052=DIRECTION('',(-0.866025403784438,-0.5,0.));
#3053=DIRECTION('',(0.,0.,1.));
#3054=DIRECTION('',(1.,0.,0.));
#3055=DIRECTION('',(0.866025403784438,0.5,0.));
#3056=DIRECTION('',(0.866025403784438,0.5,0.));
#3057=DIRECTION('',(-0.5,0.866025403784438,0.));
#3058=DIRECTION('',(-0.866025403784438,-0.5,0.));
#3059=DIRECTION('',(0.866025403784438,0.5,0.));
#3060=DIRECTION('',(0.,0.,1.));
#3061=DIRECTION('',(1.,0.,0.));
#3062=DIRECTION('',(0.866025403784438,0.5,0.));
#3063=DIRECTION('',(-0.5,0.866025403784438,0.));
#3064=DIRECTION('',(-0.866025403784438,-0.5,0.));
#3065=DIRECTION('',(0.,0.,-1.));
#3066=DIRECTION('',(-1.,0.,0.));
#3067=DIRECTION('',(0.866025403784438,0.5,0.));
#3068=DIRECTION('',(-0.5,0.866025403784438,0.));
#3069=DIRECTION('',(-0.866025403784438,-0.5,0.));
#3070=DIRECTION('',(0.,0.,-1.));
#3071=DIRECTION('',(-1.,0.,0.));
#3072=DIRECTION('',(0.866025403784438,0.5,0.));
#3073=DIRECTION('',(-0.5,0.866025403784438,0.));
#3074=DIRECTION('',(-0.866025403784438,-0.5,0.));
#3075=DIRECTION('',(0.866025403784438,0.5,0.));
#3076=DIRECTION('',(0.,0.,-1.));
#3077=DIRECTION('',(-1.,0.,0.));
#3078=DIRECTION('',(0.,0.,-1.));
#3079=DIRECTION('',(-1.,0.,0.));
#3080=DIRECTION('',(0.866025403784438,0.5,0.));
#3081=DIRECTION('',(-0.5,0.866025403784438,0.));
#3082=DIRECTION('',(-0.866025403784438,-0.5,0.));
#3083=DIRECTION('',(0.866025403784438,0.5,0.));
#3084=DIRECTION('',(0.,0.,-1.));
#3085=DIRECTION('',(-1.,0.,0.));
#3086=DIRECTION('',(0.,0.,-1.));
#3087=DIRECTION('',(-1.,0.,0.));
#3088=DIRECTION('',(0.866025403784438,0.5,0.));
#3089=DIRECTION('',(-0.5,0.866025403784438,0.));
#3090=DIRECTION('',(-0.866025403784438,-0.5,0.));
#3091=DIRECTION('',(0.866025403784438,0.5,0.));
#3092=DIRECTION('',(0.,0.,-1.));
#3093=DIRECTION('',(-1.,0.,0.));
#3094=DIRECTION('',(0.,0.,-1.));
#3095=DIRECTION('',(-1.,0.,0.));
#3096=DIRECTION('',(0.866025403784438,0.5,0.));
#3097=DIRECTION('',(-0.5,0.866025403784438,0.));
#3098=DIRECTION('',(-0.866025403784438,-0.5,0.));
#3099=DIRECTION('',(0.,0.,-1.));
#3100=DIRECTION('',(-1.,0.,0.));
#3101=DIRECTION('',(0.866025403784438,0.5,0.));
#3102=DIRECTION('',(-0.5,0.866025403784438,0.));
#3103=DIRECTION('',(-0.866025403784438,-0.5,0.));
#3104=DIRECTION('',(0.,0.,-1.));
#3105=DIRECTION('',(-1.,0.,0.));
#3106=DIRECTION('',(0.866025403784438,0.5,0.));
#3107=DIRECTION('',(-0.5,0.866025403784438,0.));
#3108=DIRECTION('',(-0.866025403784438,-0.5,0.));
#3109=DIRECTION('',(0.,0.,-1.));
#3110=DIRECTION('',(-1.,0.,0.));
#3111=DIRECTION('',(0.866025403784438,0.5,0.));
#3112=DIRECTION('',(-0.5,0.866025403784438,0.));
#3113=DIRECTION('',(-0.866025403784438,-0.5,0.));
#3114=DIRECTION('',(0.866025403784438,0.5,0.));
#3115=DIRECTION('',(0.,0.,-1.));
#3116=DIRECTION('',(-1.,0.,0.));
#3117=DIRECTION('',(0.866025403784438,0.5,0.));
#3118=DIRECTION('',(-0.5,0.866025403784438,0.));
#3119=DIRECTION('',(-0.866025403784438,-0.5,0.));
#3120=DIRECTION('',(0.866025403784438,0.5,0.));
#3121=DIRECTION('',(0.,0.,-1.));
#3122=DIRECTION('',(-1.,0.,0.));
#3123=DIRECTION('',(0.,0.,-1.));
#3124=DIRECTION('',(-1.,0.,0.));
#3125=DIRECTION('',(0.866025403784438,0.5,0.));
#3126=DIRECTION('',(-0.5,0.866025403784438,0.));
#3127=DIRECTION('',(-0.866025403784438,-0.5,0.));
#3128=DIRECTION('',(0.866025403784438,0.5,0.));
#3129=DIRECTION('',(0.,0.,-1.));
#3130=DIRECTION('',(-1.,0.,0.));
#3131=DIRECTION('',(0.,0.,-1.));
#3132=DIRECTION('',(-1.,0.,0.));
#3133=DIRECTION('',(0.866025403784438,0.5,0.));
#3134=DIRECTION('',(-0.5,0.866025403784438,0.));
#3135=DIRECTION('',(-0.866025403784438,-0.5,0.));
#3136=DIRECTION('',(0.,0.,1.));
#3137=DIRECTION('',(1.,0.,0.));
#3138=DIRECTION('',(0.866025403784438,0.5,0.));
#3139=DIRECTION('',(0.5,-0.866025403784438,0.));
#3140=DIRECTION('',(0.866025403784438,0.5,0.));
#3141=DIRECTION('',(0.,0.,1.));
#3142=DIRECTION('',(1.,0.,0.));
#3143=DIRECTION('',(0.866025403784438,0.5,0.));
#3144=DIRECTION('',(0.5,-0.866025403784438,0.));
#3145=DIRECTION('',(0.866025403784438,0.5,0.));
#3146=DIRECTION('',(0.866025403784438,0.5,0.));
#3147=DIRECTION('',(0.,0.,1.));
#3148=DIRECTION('',(1.,0.,0.));
#3149=DIRECTION('',(0.,0.,1.));
#3150=DIRECTION('',(1.,0.,0.));
#3151=DIRECTION('',(0.866025403784438,0.5,0.));
#3152=DIRECTION('',(0.5,-0.866025403784438,0.));
#3153=DIRECTION('',(0.866025403784438,0.5,0.));
#3154=DIRECTION('',(0.866025403784438,0.5,0.));
#3155=DIRECTION('',(0.,0.,1.));
#3156=DIRECTION('',(1.,0.,0.));
#3157=DIRECTION('',(0.,0.,1.));
#3158=DIRECTION('',(1.,0.,0.));
#3159=DIRECTION('',(0.866025403784438,0.5,0.));
#3160=DIRECTION('',(0.5,-0.866025403784438,0.));
#3161=DIRECTION('',(0.866025403784438,0.5,0.));
#3162=DIRECTION('',(0.,0.,1.));
#3163=DIRECTION('',(1.,0.,0.));
#3164=DIRECTION('',(0.866025403784438,0.5,0.));
#3165=DIRECTION('',(0.5,-0.866025403784438,0.));
#3166=DIRECTION('',(0.866025403784438,0.5,0.));
#3167=DIRECTION('',(0.,0.,1.));
#3168=DIRECTION('',(1.,0.,0.));
#3169=DIRECTION('',(0.866025403784438,0.5,0.));
#3170=DIRECTION('',(0.5,-0.866025403784438,0.));
#3171=DIRECTION('',(0.866025403784438,0.5,0.));
#3172=DIRECTION('',(0.,0.,1.));
#3173=DIRECTION('',(1.,0.,0.));
#3174=DIRECTION('',(0.866025403784438,0.5,0.));
#3175=DIRECTION('',(0.5,-0.866025403784438,0.));
#3176=DIRECTION('',(0.866025403784438,0.5,0.));
#3177=DIRECTION('',(0.,0.,1.));
#3178=DIRECTION('',(1.,0.,0.));
#3179=DIRECTION('',(0.866025403784438,0.5,0.));
#3180=DIRECTION('',(0.5,-0.866025403784438,0.));
#3181=DIRECTION('',(0.866025403784438,0.5,0.));
#3182=DIRECTION('',(0.866025403784438,0.5,0.));
#3183=DIRECTION('',(0.,0.,1.));
#3184=DIRECTION('',(1.,0.,0.));
#3185=DIRECTION('',(0.,0.,1.));
#3186=DIRECTION('',(1.,0.,0.));
#3187=DIRECTION('',(0.866025403784438,0.5,0.));
#3188=DIRECTION('',(0.5,-0.866025403784438,0.));
#3189=DIRECTION('',(0.866025403784438,0.5,0.));
#3190=DIRECTION('',(0.866025403784438,0.5,0.));
#3191=DIRECTION('',(0.,0.,1.));
#3192=DIRECTION('',(1.,0.,0.));
#3193=DIRECTION('',(0.,0.,1.));
#3194=DIRECTION('',(1.,0.,0.));
#3195=DIRECTION('',(0.866025403784438,0.5,0.));
#3196=DIRECTION('',(0.5,-0.866025403784438,0.));
#3197=DIRECTION('',(0.866025403784438,0.5,0.));
#3198=DIRECTION('',(0.866025403784438,0.5,0.));
#3199=DIRECTION('',(0.,0.,1.));
#3200=DIRECTION('',(1.,0.,0.));
#3201=DIRECTION('',(0.,0.,1.));
#3202=DIRECTION('',(1.,0.,0.));
#3203=DIRECTION('',(-0.5,0.866025403784438,0.));
#3204=DIRECTION('',(-0.866025403784438,-0.5,0.));
#3205=DIRECTION('',(0.866025403784438,0.5,0.));
#3206=DIRECTION('',(-0.866025403784438,-0.5,0.));
#3207=DIRECTION('',(0.,0.,1.));
#3208=DIRECTION('',(-0.866025403784438,-0.5,0.));
#3209=DIRECTION('',(-0.5,0.866025403784438,0.));
#3210=DIRECTION('',(-0.866025403784438,-0.5,0.));
#3211=DIRECTION('',(-0.866025403784438,-0.5,0.));
#3212=DIRECTION('',(0.866025403784438,0.5,0.));
#3213=DIRECTION('',(0.,0.,1.));
#3214=DIRECTION('',(-0.866025403784438,-0.5,0.));
#3215=DIRECTION('',(0.,0.,-1.));
#3216=DIRECTION('',(0.5,-0.866025403784438,0.));
#3217=DIRECTION('',(-0.5,0.866025403784438,0.));
#3218=DIRECTION('',(-0.866025403784438,-0.5,0.));
#3219=DIRECTION('',(0.866025403784438,0.5,0.));
#3220=DIRECTION('',(0.866025403784438,0.5,0.));
#3221=DIRECTION('',(0.,0.,1.));
#3222=DIRECTION('',(1.,0.,0.));
#3223=DIRECTION('',(0.866025403784438,0.5,0.));
#3224=DIRECTION('',(-0.5,0.866025403784438,0.));
#3225=DIRECTION('',(-0.866025403784438,-0.5,0.));
#3226=DIRECTION('',(0.866025403784438,0.5,0.));
#3227=DIRECTION('',(0.,0.,1.));
#3228=DIRECTION('',(1.,0.,0.));
#3229=DIRECTION('',(0.,0.,1.));
#3230=DIRECTION('',(-0.866025403784438,-0.5,0.));
#3231=DIRECTION('',(0.866025403784438,0.5,0.));
#3232=DIRECTION('',(0.866025403784438,0.5,0.));
#3233=DIRECTION('',(0.5,-0.866025403784438,0.));
#3234=DIRECTION('',(-0.866025403784438,-0.5,0.));
#3235=DIRECTION('',(0.866025403784438,0.5,0.));
#3236=DIRECTION('',(0.,0.,1.));
#3237=DIRECTION('',(-0.866025403784438,-0.5,0.));
#3238=DIRECTION('',(0.866025403784438,0.5,0.));
#3239=DIRECTION('',(0.5,-0.866025403784438,0.));
#3240=DIRECTION('',(-0.866025403784438,-0.5,0.));
#3241=DIRECTION('',(0.,0.,1.));
#3242=DIRECTION('',(-0.866025403784438,-0.5,0.));
#3243=DIRECTION('',(0.866025403784438,0.5,0.));
#3244=DIRECTION('',(0.866025403784438,0.5,0.));
#3245=DIRECTION('',(0.5,-0.866025403784438,0.));
#3246=DIRECTION('',(-0.866025403784438,-0.5,0.));
#3247=DIRECTION('',(0.866025403784438,0.5,0.));
#3248=DIRECTION('',(0.,0.,1.));
#3249=DIRECTION('',(-0.866025403784438,-0.5,0.));
#3250=DIRECTION('',(0.866025403784438,0.5,0.));
#3251=DIRECTION('',(0.5,-0.866025403784438,0.));
#3252=DIRECTION('',(-0.866025403784438,-0.5,0.));
#3253=DIRECTION('',(0.,0.,1.));
#3254=DIRECTION('',(-0.866025403784438,-0.5,0.));
#3255=DIRECTION('',(0.866025403784438,0.5,0.));
#3256=DIRECTION('',(0.866025403784438,0.5,0.));
#3257=DIRECTION('',(0.5,-0.866025403784438,0.));
#3258=DIRECTION('',(-0.866025403784438,-0.5,0.));
#3259=DIRECTION('',(0.866025403784438,0.5,0.));
#3260=DIRECTION('',(0.,0.,1.));
#3261=DIRECTION('',(-0.866025403784438,-0.5,0.));
#3262=DIRECTION('',(0.866025403784438,0.5,0.));
#3263=DIRECTION('',(0.5,-0.866025403784438,0.));
#3264=DIRECTION('',(-0.866025403784438,-0.5,0.));
#3265=DIRECTION('',(0.,0.,1.));
#3266=DIRECTION('',(-0.866025403784438,-0.5,0.));
#3267=DIRECTION('',(0.866025403784438,0.5,0.));
#3268=DIRECTION('',(0.866025403784438,0.5,0.));
#3269=DIRECTION('',(0.5,-0.866025403784438,0.));
#3270=DIRECTION('',(-0.866025403784438,-0.5,0.));
#3271=DIRECTION('',(0.866025403784438,0.5,0.));
#3272=DIRECTION('',(0.,0.,1.));
#3273=DIRECTION('',(-0.866025403784438,-0.5,0.));
#3274=DIRECTION('',(0.866025403784438,0.5,0.));
#3275=DIRECTION('',(0.5,-0.866025403784438,0.));
#3276=DIRECTION('',(-0.866025403784438,-0.5,0.));
#3277=DIRECTION('',(0.,0.,1.));
#3278=DIRECTION('',(-0.866025403784438,-0.5,0.));
#3279=DIRECTION('',(0.866025403784438,0.5,0.));
#3280=DIRECTION('',(0.866025403784438,0.5,0.));
#3281=DIRECTION('',(0.5,-0.866025403784438,0.));
#3282=DIRECTION('',(-0.866025403784438,-0.5,0.));
#3283=DIRECTION('',(0.866025403784438,0.5,0.));
#3284=DIRECTION('',(0.,0.,1.));
#3285=DIRECTION('',(-0.866025403784438,-0.5,0.));
#3286=DIRECTION('',(0.866025403784438,0.5,0.));
#3287=DIRECTION('',(0.5,-0.866025403784438,0.));
#3288=DIRECTION('',(-0.866025403784438,-0.5,0.));
#3289=DIRECTION('',(0.,0.,1.));
#3290=DIRECTION('',(-0.866025403784438,-0.5,0.));
#3291=DIRECTION('',(0.866025403784438,0.5,0.));
#3292=DIRECTION('',(0.866025403784438,0.5,0.));
#3293=DIRECTION('',(0.5,-0.866025403784438,0.));
#3294=DIRECTION('',(-0.866025403784438,-0.5,0.));
#3295=DIRECTION('',(0.866025403784438,0.5,0.));
#3296=DIRECTION('',(0.,0.,1.));
#3297=DIRECTION('',(-0.866025403784438,-0.5,0.));
#3298=DIRECTION('',(0.866025403784438,0.5,0.));
#3299=DIRECTION('',(0.5,-0.866025403784438,0.));
#3300=DIRECTION('',(-0.866025403784438,-0.5,0.));
#3301=DIRECTION('',(0.,0.,1.));
#3302=DIRECTION('',(-0.866025403784438,-0.5,0.));
#3303=DIRECTION('',(0.866025403784438,0.5,0.));
#3304=DIRECTION('',(0.866025403784438,0.5,0.));
#3305=DIRECTION('',(0.5,-0.866025403784438,0.));
#3306=DIRECTION('',(-0.866025403784438,-0.5,0.));
#3307=DIRECTION('',(0.866025403784438,0.5,0.));
#3308=DIRECTION('',(0.,0.,1.));
#3309=DIRECTION('',(-0.866025403784438,-0.5,0.));
#3310=DIRECTION('',(0.866025403784438,0.5,0.));
#3311=DIRECTION('',(0.5,-0.866025403784438,0.));
#3312=DIRECTION('',(-0.866025403784438,-0.5,0.));
#3313=CARTESIAN_POINT('',(0.,0.,0.));
#3314=CARTESIAN_POINT('',(-0.0375,-0.021650635094611,0.1200912));
#3315=CARTESIAN_POINT('',(-0.0375,-0.021650635094611,0.4565912));
#3316=CARTESIAN_POINT('',(-0.0397606,-0.0177351610390208,0.4565912));
#3317=CARTESIAN_POINT('',(-0.0352394,-0.0255661091502012,0.4565912));
#3318=CARTESIAN_POINT('',(-0.0352394,-0.0255661091502012,0.4464312));
#3319=CARTESIAN_POINT('',(-0.0352394,-0.0255661091502012,0.4362712));
#3320=CARTESIAN_POINT('',(-0.0375,-0.021650635094611,0.4362712));
#3321=CARTESIAN_POINT('',(-0.0397606,-0.0177351610390208,0.4362712));
#3322=CARTESIAN_POINT('',(-0.0397606,-0.0177351610390208,0.4464312));
#3323=CARTESIAN_POINT('',(-0.0375,-0.021650635094611,0.4159512));
#3324=CARTESIAN_POINT('',(-0.0397606,-0.0177351610390208,0.4159512));
#3325=CARTESIAN_POINT('',(-0.0352394,-0.0255661091502012,0.4159512));
#3326=CARTESIAN_POINT('',(-0.0352394,-0.0255661091502012,0.4057912));
#3327=CARTESIAN_POINT('',(-0.0352394,-0.0255661091502012,0.3956312));
#3328=CARTESIAN_POINT('',(-0.0375,-0.021650635094611,0.3956312));
#3329=CARTESIAN_POINT('',(-0.0397606,-0.0177351610390208,0.3956312));
#3330=CARTESIAN_POINT('',(-0.0397606,-0.0177351610390208,0.4057912));
#3331=CARTESIAN_POINT('',(-0.0375,-0.021650635094611,0.3753112));
#3332=CARTESIAN_POINT('',(-0.0397606,-0.0177351610390208,0.3753112));
#3333=CARTESIAN_POINT('',(-0.0352394,-0.0255661091502012,0.3753112));
#3334=CARTESIAN_POINT('',(-0.0352394,-0.0255661091502012,0.3651512));
#3335=CARTESIAN_POINT('',(-0.0352394,-0.0255661091502012,0.3549912));
#3336=CARTESIAN_POINT('',(-0.0375,-0.021650635094611,0.3549912));
#3337=CARTESIAN_POINT('',(-0.0397606,-0.0177351610390208,0.3549912));
#3338=CARTESIAN_POINT('',(-0.0397606,-0.0177351610390208,0.3651512));
#3339=CARTESIAN_POINT('',(-0.0375,-0.021650635094611,0.3346712));
#3340=CARTESIAN_POINT('',(-0.0397606,-0.0177351610390208,0.3346712));
#3341=CARTESIAN_POINT('',(-0.0352394,-0.0255661091502012,0.3346712));
#3342=CARTESIAN_POINT('',(-0.0352394,-0.0255661091502012,0.3245112));
#3343=CARTESIAN_POINT('',(-0.0352394,-0.0255661091502012,0.3143512));
#3344=CARTESIAN_POINT('',(-0.0375,-0.021650635094611,0.3143512));
#3345=CARTESIAN_POINT('',(-0.0397606,-0.0177351610390208,0.3143512));
#3346=CARTESIAN_POINT('',(-0.0397606,-0.0177351610390208,0.3245112));
#3347=CARTESIAN_POINT('',(-0.0375,-0.021650635094611,0.2940312));
#3348=CARTESIAN_POINT('',(-0.0397606,-0.0177351610390208,0.2940312));
#3349=CARTESIAN_POINT('',(-0.0352394,-0.0255661091502012,0.2940312));
#3350=CARTESIAN_POINT('',(-0.0352394,-0.0255661091502012,0.2838712));
#3351=CARTESIAN_POINT('',(-0.0352394,-0.0255661091502012,0.2737112));
#3352=CARTESIAN_POINT('',(-0.0375,-0.021650635094611,0.2737112));
#3353=CARTESIAN_POINT('',(-0.0397606,-0.0177351610390208,0.2737112));
#3354=CARTESIAN_POINT('',(-0.0397606,-0.0177351610390208,0.2838712));
#3355=CARTESIAN_POINT('',(-0.0375,-0.021650635094611,0.2533912));
#3356=CARTESIAN_POINT('',(-0.0397606,-0.0177351610390208,0.2533912));
#3357=CARTESIAN_POINT('',(-0.0352394,-0.0255661091502012,0.2533912));
#3358=CARTESIAN_POINT('',(-0.0352394,-0.0255661091502012,0.2432312));
#3359=CARTESIAN_POINT('',(-0.0352394,-0.0255661091502012,0.2330712));
#3360=CARTESIAN_POINT('',(-0.0375,-0.021650635094611,0.2330712));
#3361=CARTESIAN_POINT('',(-0.0397606,-0.0177351610390208,0.2330712));
#3362=CARTESIAN_POINT('',(-0.0397606,-0.0177351610390208,0.2432312));
#3363=CARTESIAN_POINT('',(-0.0375,-0.021650635094611,0.4972312));
#3364=CARTESIAN_POINT('',(-0.0397606,-0.0177351610390208,0.4972312));
#3365=CARTESIAN_POINT('',(-0.0352394,-0.0255661091502012,0.4972312));
#3366=CARTESIAN_POINT('',(-0.0352394,-0.0255661091502012,0.4870712));
#3367=CARTESIAN_POINT('',(-0.0352394,-0.0255661091502012,0.4769112));
#3368=CARTESIAN_POINT('',(-0.0375,-0.021650635094611,0.4769112));
#3369=CARTESIAN_POINT('',(-0.0397606,-0.0177351610390208,0.4769112));
#3370=CARTESIAN_POINT('',(-0.0397606,-0.0177351610390208,0.4870712));
#3371=CARTESIAN_POINT('',(-0.0407967625093959,-0.015940474927849,0.1200912));
#3372=CARTESIAN_POINT('',(-0.0407967625093961,-0.0159404749278492,0.1193));
#3373=CARTESIAN_POINT('',(-0.0407967625093961,-0.0159404749278492,0.1103338));
#3374=CARTESIAN_POINT('',(-0.0375,-0.021650635094611,0.1193));
#3375=CARTESIAN_POINT('',(-0.0342032374906043,-0.0273607952613735,0.1193));
#3376=CARTESIAN_POINT('',(-0.034203237490604,-0.0273607952613732,0.1200912));
#3377=CARTESIAN_POINT('',(-0.0342032374906043,-0.0273607952613735,0.1103338));
#3378=CARTESIAN_POINT('',(-0.0375,-0.021650635094611,0.1103338));
#3379=CARTESIAN_POINT('',(-0.0438759715122947,-0.0106071284877065,0.1255376));
#3380=CARTESIAN_POINT('',(-0.0438759715122947,-0.0106071284877065,0.0976757));
#3381=CARTESIAN_POINT('',(-0.0438759715122947,-0.0106071284877065,0.130984));
#3382=CARTESIAN_POINT('',(-0.0375000000000007,-0.0216506350946114,0.0976757));
#3383=CARTESIAN_POINT('',(-0.0311240284877067,-0.0326941417015164,0.0976757));
#3384=CARTESIAN_POINT('',(-0.0311240284877067,-0.0326941417015164,0.1255376));
#3385=CARTESIAN_POINT('',(-0.0311240284877067,-0.0326941417015164,0.130984));
#3386=CARTESIAN_POINT('',(-0.0300032534877066,-0.0346353809453694,0.130984));
#3387=CARTESIAN_POINT('',(-0.0288824784877066,-0.0365766201892224,0.130984));
#3388=CARTESIAN_POINT('',(-0.028882478487706,-0.036576620189222,0.1200912));
#3389=CARTESIAN_POINT('',(-0.028882478487706,-0.036576620189222,0.139926828571429));
#3390=CARTESIAN_POINT('',(-0.0375,-0.021650635094611,0.139926828571429));
#3391=CARTESIAN_POINT('',(-0.025,-0.043301270189222,0.139926828571429));
#3392=CARTESIAN_POINT('',(-0.025,-0.043301270189222,0.1200912));
#3393=CARTESIAN_POINT('',(-0.025,-0.043301270189222,0.159610057142857));
#3394=CARTESIAN_POINT('',(-0.0375,-0.021650635094611,0.159610057142857));
#3395=CARTESIAN_POINT('',(-0.028882478487706,-0.036576620189222,0.159610057142857));
#3396=CARTESIAN_POINT('',(-0.028882478487706,-0.036576620189222,0.1200912));
#3397=CARTESIAN_POINT('',(-0.028882478487706,-0.036576620189222,0.179496485714286));
#3398=CARTESIAN_POINT('',(-0.0375,-0.021650635094611,0.179496485714286));
#3399=CARTESIAN_POINT('',(-0.025,-0.043301270189222,0.179496485714286));
#3400=CARTESIAN_POINT('',(-0.025,-0.043301270189222,0.1200912));
#3401=CARTESIAN_POINT('',(-0.025,-0.043301270189222,0.199179714285714));
#3402=CARTESIAN_POINT('',(-0.0375,-0.021650635094611,0.199179714285714));
#3403=CARTESIAN_POINT('',(-0.028882478487706,-0.036576620189222,0.199179714285714));
#3404=CARTESIAN_POINT('',(-0.028882478487706,-0.036576620189222,0.1200912));
#3405=CARTESIAN_POINT('',(-0.028882478487706,-0.036576620189222,0.219066142857143));
#3406=CARTESIAN_POINT('',(-0.0375,-0.021650635094611,0.219066142857143));
#3407=CARTESIAN_POINT('',(-0.025,-0.043301270189222,0.219066142857143));
#3408=CARTESIAN_POINT('',(-0.025,-0.043301270189222,0.1200912));
#3409=CARTESIAN_POINT('',(-0.025,-0.043301270189222,0.238749371428571));
#3410=CARTESIAN_POINT('',(-0.0375,-0.021650635094611,0.238749371428571));
#3411=CARTESIAN_POINT('',(-0.028882478487706,-0.036576620189222,0.238749371428571));
#3412=CARTESIAN_POINT('',(-0.028882478487706,-0.036576620189222,0.1200912));
#3413=CARTESIAN_POINT('',(-0.0288824784877067,-0.0365766201892224,0.258585));
#3414=CARTESIAN_POINT('',(-0.0375,-0.021650635094611,0.258585));
#3415=CARTESIAN_POINT('',(-0.0333587333333331,-0.0288235193689694,0.258585));
#3416=CARTESIAN_POINT('',(-0.0333587333333331,-0.0288235193689694,0.1200912));
#3417=CARTESIAN_POINT('',(-0.0333587333333331,-0.0288235193689694,0.2675512));
#3418=CARTESIAN_POINT('',(-0.0375,-0.021650635094611,0.2675512));
#3419=CARTESIAN_POINT('',(-0.0288824784877067,-0.0365766201892224,0.2675512));
#3420=CARTESIAN_POINT('',(-0.028882478487706,-0.036576620189222,0.1200912));
#3421=CARTESIAN_POINT('',(-0.028882478487706,-0.036576620189222,0.288827977777778));
#3422=CARTESIAN_POINT('',(-0.0375,-0.021650635094611,0.288827977777778));
#3423=CARTESIAN_POINT('',(-0.025,-0.043301270189222,0.288827977777778));
#3424=CARTESIAN_POINT('',(-0.025,-0.043301270189222,0.1200912));
#3425=CARTESIAN_POINT('',(-0.025,-0.043301270189222,0.309952355555556));
#3426=CARTESIAN_POINT('',(-0.0375,-0.021650635094611,0.309952355555556));
#3427=CARTESIAN_POINT('',(-0.028882478487706,-0.036576620189222,0.309952355555556));
#3428=CARTESIAN_POINT('',(-0.028882478487706,-0.036576620189222,0.1200912));
#3429=CARTESIAN_POINT('',(-0.028882478487706,-0.036576620189222,0.331279933333334));
#3430=CARTESIAN_POINT('',(-0.0375,-0.021650635094611,0.331279933333334));
#3431=CARTESIAN_POINT('',(-0.025,-0.043301270189222,0.331279933333334));
#3432=CARTESIAN_POINT('',(-0.025,-0.043301270189222,0.1200912));
#3433=CARTESIAN_POINT('',(-0.025,-0.043301270189222,0.352404311111111));
#3434=CARTESIAN_POINT('',(-0.0375,-0.021650635094611,0.352404311111111));
#3435=CARTESIAN_POINT('',(-0.028882478487706,-0.036576620189222,0.352404311111111));
#3436=CARTESIAN_POINT('',(-0.028882478487706,-0.036576620189222,0.1200912));
#3437=CARTESIAN_POINT('',(-0.028882478487706,-0.036576620189222,0.373731888888889));
#3438=CARTESIAN_POINT('',(-0.0375,-0.021650635094611,0.373731888888889));
#3439=CARTESIAN_POINT('',(-0.025,-0.043301270189222,0.373731888888889));
#3440=CARTESIAN_POINT('',(-0.025,-0.043301270189222,0.1200912));
#3441=CARTESIAN_POINT('',(-0.025,-0.043301270189222,0.394856266666667));
#3442=CARTESIAN_POINT('',(-0.0375,-0.021650635094611,0.394856266666667));
#3443=CARTESIAN_POINT('',(-0.028882478487706,-0.036576620189222,0.394856266666667));
#3444=CARTESIAN_POINT('',(-0.028882478487706,-0.036576620189222,0.1200912));
#3445=CARTESIAN_POINT('',(-0.028882478487706,-0.036576620189222,0.416183844444445));
#3446=CARTESIAN_POINT('',(-0.0375,-0.021650635094611,0.416183844444445));
#3447=CARTESIAN_POINT('',(-0.025,-0.043301270189222,0.416183844444445));
#3448=CARTESIAN_POINT('',(-0.025,-0.043301270189222,0.1200912));
#3449=CARTESIAN_POINT('',(-0.025,-0.043301270189222,0.437308222222222));
#3450=CARTESIAN_POINT('',(-0.0375,-0.021650635094611,0.437308222222222));
#3451=CARTESIAN_POINT('',(-0.028882478487706,-0.036576620189222,0.437308222222222));
#3452=CARTESIAN_POINT('',(-0.028882478487706,-0.036576620189222,0.1200912));
#3453=CARTESIAN_POINT('',(-0.0288824784877067,-0.0365766201892224,0.458585));
#3454=CARTESIAN_POINT('',(-0.0375,-0.021650635094611,0.458585));
#3455=CARTESIAN_POINT('',(-0.0333587333333331,-0.0288235193689694,0.458585));
#3456=CARTESIAN_POINT('',(-0.0333587333333331,-0.0288235193689694,0.1200912));
#3457=CARTESIAN_POINT('',(-0.0333587333333331,-0.0288235193689694,0.4675512));
#3458=CARTESIAN_POINT('',(-0.0375,-0.021650635094611,0.4675512));
#3459=CARTESIAN_POINT('',(-0.0288824784877067,-0.0365766201892224,0.4675512));
#3460=CARTESIAN_POINT('',(-0.028882478487706,-0.036576620189222,0.1200912));
#3461=CARTESIAN_POINT('',(-0.028882478487706,-0.036576620189222,0.484268666666667));
#3462=CARTESIAN_POINT('',(-0.0375,-0.021650635094611,0.484268666666667));
#3463=CARTESIAN_POINT('',(-0.025,-0.043301270189222,0.484268666666667));
#3464=CARTESIAN_POINT('',(-0.025,-0.043301270189222,0.1200912));
#3465=CARTESIAN_POINT('',(-0.025,-0.043301270189222,0.500833733333333));
#3466=CARTESIAN_POINT('',(-0.0375,-0.021650635094611,0.500833733333333));
#3467=CARTESIAN_POINT('',(-0.028882478487706,-0.036576620189222,0.500833733333333));
#3468=CARTESIAN_POINT('',(-0.028882478487706,-0.036576620189222,0.1200912));
#3469=CARTESIAN_POINT('',(-0.0288824784877067,-0.0365766201892224,0.5175512));
#3470=CARTESIAN_POINT('',(-0.0375,-0.021650635094611,0.5175512));
#3471=CARTESIAN_POINT('',(-0.0461175215122944,-0.00672465000000067,0.5175512));
#3472=CARTESIAN_POINT('',(-0.0461175215122938,-0.00672465000000041,0.1200912));
#3473=CARTESIAN_POINT('',(-0.0461175215122938,-0.00672465000000041,0.500833733333333));
#3474=CARTESIAN_POINT('',(-0.0375,-0.021650635094611,0.500833733333333));
#3475=CARTESIAN_POINT('',(-0.05,-4.16333634234433E-17,0.500833733333333));
#3476=CARTESIAN_POINT('',(-0.05,-4.16333634234433E-17,0.1200912));
#3477=CARTESIAN_POINT('',(-0.05,-4.16333634234433E-17,0.484268666666667));
#3478=CARTESIAN_POINT('',(-0.0375,-0.021650635094611,0.484268666666667));
#3479=CARTESIAN_POINT('',(-0.0461175215122938,-0.00672465000000041,0.484268666666667));
#3480=CARTESIAN_POINT('',(-0.0461175215122938,-0.00672465000000041,0.1200912));
#3481=CARTESIAN_POINT('',(-0.0461175215122944,-0.00672465000000067,0.4675512));
#3482=CARTESIAN_POINT('',(-0.0375,-0.021650635094611,0.4675512));
#3483=CARTESIAN_POINT('',(-0.0416412666666664,-0.0144777508202533,0.4675512));
#3484=CARTESIAN_POINT('',(-0.0416412666666664,-0.0144777508202533,0.1200912));
#3485=CARTESIAN_POINT('',(-0.0416412666666664,-0.0144777508202533,0.458585));
#3486=CARTESIAN_POINT('',(-0.0375,-0.021650635094611,0.458585));
#3487=CARTESIAN_POINT('',(-0.0461175215122944,-0.00672465000000044,0.458585));
#3488=CARTESIAN_POINT('',(-0.0461175215122939,-0.00672465000000021,0.1200912));
#3489=CARTESIAN_POINT('',(-0.0461175215122939,-0.00672465000000021,0.437308222222222));
#3490=CARTESIAN_POINT('',(-0.0375,-0.021650635094611,0.437308222222222));
#3491=CARTESIAN_POINT('',(-0.05,-4.16333634234433E-17,0.437308222222222));
#3492=CARTESIAN_POINT('',(-0.05,-4.16333634234433E-17,0.1200912));
#3493=CARTESIAN_POINT('',(-0.05,-4.16333634234433E-17,0.416183844444445));
#3494=CARTESIAN_POINT('',(-0.0375,-0.021650635094611,0.416183844444445));
#3495=CARTESIAN_POINT('',(-0.0461175215122939,-0.00672465000000021,0.416183844444445));
#3496=CARTESIAN_POINT('',(-0.0461175215122939,-0.00672465000000021,0.1200912));
#3497=CARTESIAN_POINT('',(-0.0461175215122939,-0.00672465000000021,0.394856266666667));
#3498=CARTESIAN_POINT('',(-0.0375,-0.021650635094611,0.394856266666667));
#3499=CARTESIAN_POINT('',(-0.05,-4.16333634234433E-17,0.394856266666667));
#3500=CARTESIAN_POINT('',(-0.05,-4.16333634234433E-17,0.1200912));
#3501=CARTESIAN_POINT('',(-0.05,-4.16333634234433E-17,0.373731888888889));
#3502=CARTESIAN_POINT('',(-0.0375,-0.021650635094611,0.373731888888889));
#3503=CARTESIAN_POINT('',(-0.0461175215122939,-0.00672465000000021,0.373731888888889));
#3504=CARTESIAN_POINT('',(-0.0461175215122939,-0.00672465000000021,0.1200912));
#3505=CARTESIAN_POINT('',(-0.0461175215122939,-0.00672465000000021,0.352404311111111));
#3506=CARTESIAN_POINT('',(-0.0375,-0.021650635094611,0.352404311111111));
#3507=CARTESIAN_POINT('',(-0.05,-4.16333634234433E-17,0.352404311111111));
#3508=CARTESIAN_POINT('',(-0.05,-4.16333634234433E-17,0.1200912));
#3509=CARTESIAN_POINT('',(-0.05,-4.16333634234433E-17,0.331279933333334));
#3510=CARTESIAN_POINT('',(-0.0375,-0.021650635094611,0.331279933333334));
#3511=CARTESIAN_POINT('',(-0.0461175215122939,-0.00672465000000021,0.331279933333334));
#3512=CARTESIAN_POINT('',(-0.0461175215122939,-0.00672465000000021,0.1200912));
#3513=CARTESIAN_POINT('',(-0.0461175215122939,-0.00672465000000021,0.309952355555556));
#3514=CARTESIAN_POINT('',(-0.0375,-0.021650635094611,0.309952355555556));
#3515=CARTESIAN_POINT('',(-0.05,-4.16333634234433E-17,0.309952355555556));
#3516=CARTESIAN_POINT('',(-0.05,-4.16333634234433E-17,0.1200912));
#3517=CARTESIAN_POINT('',(-0.05,-4.16333634234433E-17,0.288827977777778));
#3518=CARTESIAN_POINT('',(-0.0375,-0.021650635094611,0.288827977777778));
#3519=CARTESIAN_POINT('',(-0.0461175215122939,-0.00672465000000021,0.288827977777778));
#3520=CARTESIAN_POINT('',(-0.0461175215122939,-0.00672465000000021,0.1200912));
#3521=CARTESIAN_POINT('',(-0.0461175215122944,-0.00672465000000044,0.2675512));
#3522=CARTESIAN_POINT('',(-0.0375,-0.021650635094611,0.2675512));
#3523=CARTESIAN_POINT('',(-0.0416412666666664,-0.0144777508202533,0.2675512));
#3524=CARTESIAN_POINT('',(-0.0416412666666664,-0.0144777508202533,0.1200912));
#3525=CARTESIAN_POINT('',(-0.0416412666666664,-0.0144777508202533,0.258585));
#3526=CARTESIAN_POINT('',(-0.0375,-0.021650635094611,0.258585));
#3527=CARTESIAN_POINT('',(-0.0461175215122944,-0.00672465000000044,0.258585));
#3528=CARTESIAN_POINT('',(-0.0461175215122939,-0.00672465000000021,0.1200912));
#3529=CARTESIAN_POINT('',(-0.0461175215122939,-0.00672465000000021,0.238749371428571));
#3530=CARTESIAN_POINT('',(-0.0375,-0.021650635094611,0.238749371428571));
#3531=CARTESIAN_POINT('',(-0.05,-4.16333634234433E-17,0.238749371428571));
#3532=CARTESIAN_POINT('',(-0.05,-4.16333634234433E-17,0.1200912));
#3533=CARTESIAN_POINT('',(-0.05,-4.16333634234433E-17,0.219066142857143));
#3534=CARTESIAN_POINT('',(-0.0375,-0.021650635094611,0.219066142857143));
#3535=CARTESIAN_POINT('',(-0.0461175215122939,-0.00672465000000021,0.219066142857143));
#3536=CARTESIAN_POINT('',(-0.0461175215122939,-0.00672465000000021,0.1200912));
#3537=CARTESIAN_POINT('',(-0.0461175215122939,-0.00672465000000021,0.199179714285714));
#3538=CARTESIAN_POINT('',(-0.0375,-0.021650635094611,0.199179714285714));
#3539=CARTESIAN_POINT('',(-0.05,-4.16333634234433E-17,0.199179714285714));
#3540=CARTESIAN_POINT('',(-0.05,-4.16333634234433E-17,0.1200912));
#3541=CARTESIAN_POINT('',(-0.05,-4.16333634234433E-17,0.179496485714286));
#3542=CARTESIAN_POINT('',(-0.0375,-0.021650635094611,0.179496485714286));
#3543=CARTESIAN_POINT('',(-0.0461175215122939,-0.00672465000000021,0.179496485714286));
#3544=CARTESIAN_POINT('',(-0.0461175215122939,-0.00672465000000021,0.1200912));
#3545=CARTESIAN_POINT('',(-0.0461175215122939,-0.00672465000000021,0.159610057142857));
#3546=CARTESIAN_POINT('',(-0.0375,-0.021650635094611,0.159610057142857));
#3547=CARTESIAN_POINT('',(-0.05,-4.16333634234433E-17,0.159610057142857));
#3548=CARTESIAN_POINT('',(-0.05,-4.16333634234433E-17,0.1200912));
#3549=CARTESIAN_POINT('',(-0.05,-4.16333634234433E-17,0.139926828571428));
#3550=CARTESIAN_POINT('',(-0.0375,-0.021650635094611,0.139926828571428));
#3551=CARTESIAN_POINT('',(-0.0461175215122939,-0.00672465000000021,0.139926828571428));
#3552=CARTESIAN_POINT('',(-0.0461175215122939,-0.00672465000000021,0.1200912));
#3553=CARTESIAN_POINT('',(-0.0461175215122939,-0.00672465000000021,0.130984));
#3554=CARTESIAN_POINT('',(-0.0449967465122946,-0.00866588924385347,0.130984));
#3555=CARTESIAN_POINT('',(-0.0297350430245879,-0.017167535094611,0.1200912));
#3556=CARTESIAN_POINT('',(-0.027474443024588,-0.0210830091502012,0.4464312));
#3557=CARTESIAN_POINT('',(-0.027474443024588,-0.0210830091502012,0.4565912));
#3558=CARTESIAN_POINT('',(-0.027474443024588,-0.0210830091502012,0.4362712));
#3559=CARTESIAN_POINT('',(-0.0297350430245879,-0.017167535094611,0.4565912));
#3560=CARTESIAN_POINT('',(-0.0319956430245879,-0.0132520610390208,0.4565912));
#3561=CARTESIAN_POINT('',(-0.0319956430245879,-0.0132520610390208,0.4464312));
#3562=CARTESIAN_POINT('',(-0.0319956430245879,-0.0132520610390208,0.4362712));
#3563=CARTESIAN_POINT('',(-0.0297350430245879,-0.017167535094611,0.4362712));
#3564=CARTESIAN_POINT('',(-0.027474443024588,-0.0210830091502012,0.4057912));
#3565=CARTESIAN_POINT('',(-0.027474443024588,-0.0210830091502012,0.4159512));
#3566=CARTESIAN_POINT('',(-0.027474443024588,-0.0210830091502012,0.3956312));
#3567=CARTESIAN_POINT('',(-0.0297350430245879,-0.017167535094611,0.4159512));
#3568=CARTESIAN_POINT('',(-0.0319956430245879,-0.0132520610390208,0.4159512));
#3569=CARTESIAN_POINT('',(-0.0319956430245879,-0.0132520610390208,0.4057912));
#3570=CARTESIAN_POINT('',(-0.0319956430245879,-0.0132520610390208,0.3956312));
#3571=CARTESIAN_POINT('',(-0.0297350430245879,-0.017167535094611,0.3956312));
#3572=CARTESIAN_POINT('',(-0.027474443024588,-0.0210830091502012,0.3651512));
#3573=CARTESIAN_POINT('',(-0.027474443024588,-0.0210830091502012,0.3753112));
#3574=CARTESIAN_POINT('',(-0.027474443024588,-0.0210830091502012,0.3549912));
#3575=CARTESIAN_POINT('',(-0.0297350430245879,-0.017167535094611,0.3753112));
#3576=CARTESIAN_POINT('',(-0.0319956430245879,-0.0132520610390208,0.3753112));
#3577=CARTESIAN_POINT('',(-0.0319956430245879,-0.0132520610390208,0.3651512));
#3578=CARTESIAN_POINT('',(-0.0319956430245879,-0.0132520610390208,0.3549912));
#3579=CARTESIAN_POINT('',(-0.0297350430245879,-0.017167535094611,0.3549912));
#3580=CARTESIAN_POINT('',(-0.027474443024588,-0.0210830091502012,0.3245112));
#3581=CARTESIAN_POINT('',(-0.027474443024588,-0.0210830091502012,0.3346712));
#3582=CARTESIAN_POINT('',(-0.027474443024588,-0.0210830091502012,0.3143512));
#3583=CARTESIAN_POINT('',(-0.0297350430245879,-0.017167535094611,0.3346712));
#3584=CARTESIAN_POINT('',(-0.0319956430245879,-0.0132520610390208,0.3346712));
#3585=CARTESIAN_POINT('',(-0.0319956430245879,-0.0132520610390208,0.3245112));
#3586=CARTESIAN_POINT('',(-0.0319956430245879,-0.0132520610390208,0.3143512));
#3587=CARTESIAN_POINT('',(-0.0297350430245879,-0.017167535094611,0.3143512));
#3588=CARTESIAN_POINT('',(-0.027474443024588,-0.0210830091502012,0.2838712));
#3589=CARTESIAN_POINT('',(-0.027474443024588,-0.0210830091502012,0.2940312));
#3590=CARTESIAN_POINT('',(-0.027474443024588,-0.0210830091502012,0.2737112));
#3591=CARTESIAN_POINT('',(-0.0297350430245879,-0.017167535094611,0.2940312));
#3592=CARTESIAN_POINT('',(-0.0319956430245879,-0.0132520610390208,0.2940312));
#3593=CARTESIAN_POINT('',(-0.0319956430245879,-0.0132520610390208,0.2838712));
#3594=CARTESIAN_POINT('',(-0.0319956430245879,-0.0132520610390208,0.2737112));
#3595=CARTESIAN_POINT('',(-0.0297350430245879,-0.017167535094611,0.2737112));
#3596=CARTESIAN_POINT('',(-0.027474443024588,-0.0210830091502012,0.2432312));
#3597=CARTESIAN_POINT('',(-0.027474443024588,-0.0210830091502012,0.2533912));
#3598=CARTESIAN_POINT('',(-0.027474443024588,-0.0210830091502012,0.2330712));
#3599=CARTESIAN_POINT('',(-0.0297350430245879,-0.017167535094611,0.2533912));
#3600=CARTESIAN_POINT('',(-0.0319956430245879,-0.0132520610390208,0.2533912));
#3601=CARTESIAN_POINT('',(-0.0319956430245879,-0.0132520610390208,0.2432312));
#3602=CARTESIAN_POINT('',(-0.0319956430245879,-0.0132520610390208,0.2330712));
#3603=CARTESIAN_POINT('',(-0.0297350430245879,-0.017167535094611,0.2330712));
#3604=CARTESIAN_POINT('',(-0.027474443024588,-0.0210830091502012,0.4870712));
#3605=CARTESIAN_POINT('',(-0.027474443024588,-0.0210830091502012,0.4972312));
#3606=CARTESIAN_POINT('',(-0.027474443024588,-0.0210830091502012,0.4769112));
#3607=CARTESIAN_POINT('',(-0.0297350430245879,-0.017167535094611,0.4972312));
#3608=CARTESIAN_POINT('',(-0.0319956430245879,-0.0132520610390208,0.4972312));
#3609=CARTESIAN_POINT('',(-0.0319956430245879,-0.0132520610390208,0.4870712));
#3610=CARTESIAN_POINT('',(-0.0319956430245879,-0.0132520610390208,0.4769112));
#3611=CARTESIAN_POINT('',(-0.0297350430245879,-0.017167535094611,0.4769112));
#3612=CARTESIAN_POINT('',(-0.0297350430245879,-0.017167535094611,0.1193));
#3613=CARTESIAN_POINT('',(-0.0264382805151923,-0.0228776952613734,0.1193));
#3614=CARTESIAN_POINT('',(-0.0330318055339843,-0.0114573749278492,0.1193));
#3615=CARTESIAN_POINT('',(-0.0330318055339838,-0.011457374927849,0.1200912));
#3616=CARTESIAN_POINT('',(-0.0330318055339843,-0.0114573749278492,0.1103338));
#3617=CARTESIAN_POINT('',(-0.0297350430245879,-0.017167535094611,0.1103338));
#3618=CARTESIAN_POINT('',(-0.0264382805151926,-0.0228776952613736,0.1103338));
#3619=CARTESIAN_POINT('',(-0.0264382805151919,-0.0228776952613732,0.1200912));
#3620=CARTESIAN_POINT('',(-0.0372317895368827,-0.00418278924385356,0.130984));
#3621=CARTESIAN_POINT('',(-0.0383525645368827,-0.00224155000000056,0.130984));
#3622=CARTESIAN_POINT('',(-0.0361110145368827,-0.00612402848770657,0.130984));
#3623=CARTESIAN_POINT('',(-0.0383525645368819,-0.00224155000000021,0.1200912));
#3624=CARTESIAN_POINT('',(-0.0383525645368819,-0.00224155000000021,0.139926828571428));
#3625=CARTESIAN_POINT('',(-0.0297350430245879,-0.017167535094611,0.139926828571428));
#3626=CARTESIAN_POINT('',(-0.0422350430245879,0.0044831,0.139926828571428));
#3627=CARTESIAN_POINT('',(-0.0422350430245879,0.0044831,0.1200912));
#3628=CARTESIAN_POINT('',(-0.0422350430245879,0.0044831,0.159610057142857));
#3629=CARTESIAN_POINT('',(-0.0297350430245879,-0.017167535094611,0.159610057142857));
#3630=CARTESIAN_POINT('',(-0.0383525645368819,-0.00224155000000021,0.159610057142857));
#3631=CARTESIAN_POINT('',(-0.0383525645368819,-0.00224155000000021,0.1200912));
#3632=CARTESIAN_POINT('',(-0.0383525645368819,-0.00224155000000021,0.179496485714286));
#3633=CARTESIAN_POINT('',(-0.0297350430245879,-0.017167535094611,0.179496485714286));
#3634=CARTESIAN_POINT('',(-0.0422350430245879,0.0044831,0.179496485714286));
#3635=CARTESIAN_POINT('',(-0.0422350430245879,0.0044831,0.1200912));
#3636=CARTESIAN_POINT('',(-0.0422350430245879,0.0044831,0.199179714285714));
#3637=CARTESIAN_POINT('',(-0.0297350430245879,-0.017167535094611,0.199179714285714));
#3638=CARTESIAN_POINT('',(-0.0383525645368819,-0.00224155000000021,0.199179714285714));
#3639=CARTESIAN_POINT('',(-0.0383525645368819,-0.00224155000000021,0.1200912));
#3640=CARTESIAN_POINT('',(-0.0383525645368819,-0.00224155000000021,0.219066142857143));
#3641=CARTESIAN_POINT('',(-0.0297350430245879,-0.017167535094611,0.219066142857143));
#3642=CARTESIAN_POINT('',(-0.0422350430245879,0.0044831,0.219066142857143));
#3643=CARTESIAN_POINT('',(-0.0422350430245879,0.0044831,0.1200912));
#3644=CARTESIAN_POINT('',(-0.0422350430245879,0.0044831,0.238749371428571));
#3645=CARTESIAN_POINT('',(-0.0297350430245879,-0.017167535094611,0.238749371428571));
#3646=CARTESIAN_POINT('',(-0.0383525645368819,-0.00224155000000021,0.238749371428571));
#3647=CARTESIAN_POINT('',(-0.0383525645368819,-0.00224155000000021,0.1200912));
#3648=CARTESIAN_POINT('',(-0.0383525645368816,-0.00224155000000007,0.258585));
#3649=CARTESIAN_POINT('',(-0.0297350430245879,-0.017167535094611,0.258585));
#3650=CARTESIAN_POINT('',(-0.0338763096912544,-0.00999465082025327,0.258585));
#3651=CARTESIAN_POINT('',(-0.0338763096912544,-0.00999465082025327,0.1200912));
#3652=CARTESIAN_POINT('',(-0.0338763096912544,-0.00999465082025327,0.2675512));
#3653=CARTESIAN_POINT('',(-0.0297350430245879,-0.017167535094611,0.2675512));
#3654=CARTESIAN_POINT('',(-0.0383525645368832,-0.00224155000000082,0.2675512));
#3655=CARTESIAN_POINT('',(-0.0383525645368819,-0.00224155000000021,0.1200912));
#3656=CARTESIAN_POINT('',(-0.0383525645368819,-0.00224155000000021,0.288827977777778));
#3657=CARTESIAN_POINT('',(-0.0297350430245879,-0.017167535094611,0.288827977777778));
#3658=CARTESIAN_POINT('',(-0.0422350430245879,0.0044831,0.288827977777778));
#3659=CARTESIAN_POINT('',(-0.0422350430245879,0.0044831,0.1200912));
#3660=CARTESIAN_POINT('',(-0.0422350430245879,0.0044831,0.309952355555556));
#3661=CARTESIAN_POINT('',(-0.0297350430245879,-0.017167535094611,0.309952355555556));
#3662=CARTESIAN_POINT('',(-0.0383525645368819,-0.00224155000000021,0.309952355555556));
#3663=CARTESIAN_POINT('',(-0.0383525645368819,-0.00224155000000021,0.1200912));
#3664=CARTESIAN_POINT('',(-0.0383525645368819,-0.00224155000000021,0.331279933333334));
#3665=CARTESIAN_POINT('',(-0.0297350430245879,-0.017167535094611,0.331279933333334));
#3666=CARTESIAN_POINT('',(-0.0422350430245879,0.0044831,0.331279933333334));
#3667=CARTESIAN_POINT('',(-0.0422350430245879,0.0044831,0.1200912));
#3668=CARTESIAN_POINT('',(-0.0422350430245879,0.0044831,0.352404311111111));
#3669=CARTESIAN_POINT('',(-0.0297350430245879,-0.017167535094611,0.352404311111111));
#3670=CARTESIAN_POINT('',(-0.0383525645368819,-0.00224155000000021,0.352404311111111));
#3671=CARTESIAN_POINT('',(-0.0383525645368819,-0.00224155000000021,0.1200912));
#3672=CARTESIAN_POINT('',(-0.0383525645368819,-0.00224155000000021,0.373731888888889));
#3673=CARTESIAN_POINT('',(-0.0297350430245879,-0.017167535094611,0.373731888888889));
#3674=CARTESIAN_POINT('',(-0.0422350430245879,0.0044831,0.373731888888889));
#3675=CARTESIAN_POINT('',(-0.0422350430245879,0.0044831,0.1200912));
#3676=CARTESIAN_POINT('',(-0.0422350430245879,0.0044831,0.394856266666667));
#3677=CARTESIAN_POINT('',(-0.0297350430245879,-0.017167535094611,0.394856266666667));
#3678=CARTESIAN_POINT('',(-0.0383525645368819,-0.00224155000000021,0.394856266666667));
#3679=CARTESIAN_POINT('',(-0.0383525645368819,-0.00224155000000021,0.1200912));
#3680=CARTESIAN_POINT('',(-0.0383525645368819,-0.00224155000000021,0.416183844444445));
#3681=CARTESIAN_POINT('',(-0.0297350430245879,-0.017167535094611,0.416183844444445));
#3682=CARTESIAN_POINT('',(-0.0422350430245879,0.0044831,0.416183844444445));
#3683=CARTESIAN_POINT('',(-0.0422350430245879,0.0044831,0.1200912));
#3684=CARTESIAN_POINT('',(-0.0422350430245879,0.0044831,0.437308222222222));
#3685=CARTESIAN_POINT('',(-0.0297350430245879,-0.017167535094611,0.437308222222222));
#3686=CARTESIAN_POINT('',(-0.0383525645368819,-0.00224155000000021,0.437308222222222));
#3687=CARTESIAN_POINT('',(-0.0383525645368819,-0.00224155000000021,0.1200912));
#3688=CARTESIAN_POINT('',(-0.0383525645368816,-0.00224155000000007,0.458585));
#3689=CARTESIAN_POINT('',(-0.0297350430245879,-0.017167535094611,0.458585));
#3690=CARTESIAN_POINT('',(-0.0338763096912544,-0.00999465082025327,0.458585));
#3691=CARTESIAN_POINT('',(-0.0338763096912544,-0.00999465082025327,0.1200912));
#3692=CARTESIAN_POINT('',(-0.0338763096912544,-0.00999465082025327,0.4675512));
#3693=CARTESIAN_POINT('',(-0.0297350430245879,-0.017167535094611,0.4675512));
#3694=CARTESIAN_POINT('',(-0.0383525645368832,-0.00224155000000104,0.4675512));
#3695=CARTESIAN_POINT('',(-0.0383525645368817,-0.0022415500000004,0.1200912));
#3696=CARTESIAN_POINT('',(-0.0383525645368817,-0.0022415500000004,0.484268666666667));
#3697=CARTESIAN_POINT('',(-0.0297350430245879,-0.017167535094611,0.484268666666667));
#3698=CARTESIAN_POINT('',(-0.0422350430245879,0.0044831,0.484268666666667));
#3699=CARTESIAN_POINT('',(-0.0422350430245879,0.0044831,0.1200912));
#3700=CARTESIAN_POINT('',(-0.0422350430245879,0.0044831,0.500833733333333));
#3701=CARTESIAN_POINT('',(-0.0297350430245879,-0.017167535094611,0.500833733333333));
#3702=CARTESIAN_POINT('',(-0.0383525645368817,-0.0022415500000004,0.500833733333333));
#3703=CARTESIAN_POINT('',(-0.0383525645368817,-0.0022415500000004,0.1200912));
#3704=CARTESIAN_POINT('',(-0.0383525645368817,-0.0022415500000004,0.5175512));
#3705=CARTESIAN_POINT('',(-0.0297350430245879,-0.017167535094611,0.5175512));
#3706=CARTESIAN_POINT('',(-0.0211175215122954,-0.0320935201892227,0.5175512));
#3707=CARTESIAN_POINT('',(-0.0211175215122939,-0.032093520189222,0.1200912));
#3708=CARTESIAN_POINT('',(-0.0211175215122939,-0.032093520189222,0.500833733333333));
#3709=CARTESIAN_POINT('',(-0.0297350430245879,-0.017167535094611,0.500833733333333));
#3710=CARTESIAN_POINT('',(-0.0172350430245879,-0.0388181701892219,0.500833733333333));
#3711=CARTESIAN_POINT('',(-0.0172350430245879,-0.0388181701892219,0.1200912));
#3712=CARTESIAN_POINT('',(-0.0172350430245879,-0.0388181701892219,0.484268666666667));
#3713=CARTESIAN_POINT('',(-0.0297350430245879,-0.017167535094611,0.484268666666667));
#3714=CARTESIAN_POINT('',(-0.0211175215122939,-0.032093520189222,0.484268666666667));
#3715=CARTESIAN_POINT('',(-0.0211175215122939,-0.032093520189222,0.1200912));
#3716=CARTESIAN_POINT('',(-0.0211175215122938,-0.032093520189222,0.4675512));
#3717=CARTESIAN_POINT('',(-0.0297350430245879,-0.017167535094611,0.4675512));
#3718=CARTESIAN_POINT('',(-0.0255937763579211,-0.0243404193689694,0.4675512));
#3719=CARTESIAN_POINT('',(-0.0255937763579211,-0.0243404193689694,0.1200912));
#3720=CARTESIAN_POINT('',(-0.0255937763579211,-0.0243404193689694,0.458585));
#3721=CARTESIAN_POINT('',(-0.0297350430245879,-0.017167535094611,0.458585));
#3722=CARTESIAN_POINT('',(-0.0211175215122941,-0.0320935201892221,0.458585));
#3723=CARTESIAN_POINT('',(-0.0211175215122939,-0.032093520189222,0.1200912));
#3724=CARTESIAN_POINT('',(-0.0211175215122939,-0.032093520189222,0.437308222222222));
#3725=CARTESIAN_POINT('',(-0.0297350430245879,-0.017167535094611,0.437308222222222));
#3726=CARTESIAN_POINT('',(-0.0172350430245879,-0.0388181701892219,0.437308222222222));
#3727=CARTESIAN_POINT('',(-0.0172350430245879,-0.0388181701892219,0.1200912));
#3728=CARTESIAN_POINT('',(-0.0172350430245879,-0.0388181701892219,0.416183844444445));
#3729=CARTESIAN_POINT('',(-0.0297350430245879,-0.017167535094611,0.416183844444445));
#3730=CARTESIAN_POINT('',(-0.0211175215122939,-0.032093520189222,0.416183844444445));
#3731=CARTESIAN_POINT('',(-0.0211175215122939,-0.032093520189222,0.1200912));
#3732=CARTESIAN_POINT('',(-0.0211175215122939,-0.032093520189222,0.394856266666667));
#3733=CARTESIAN_POINT('',(-0.0297350430245879,-0.017167535094611,0.394856266666667));
#3734=CARTESIAN_POINT('',(-0.0172350430245879,-0.0388181701892219,0.394856266666667));
#3735=CARTESIAN_POINT('',(-0.0172350430245879,-0.0388181701892219,0.1200912));
#3736=CARTESIAN_POINT('',(-0.0172350430245879,-0.0388181701892219,0.373731888888889));
#3737=CARTESIAN_POINT('',(-0.0297350430245879,-0.017167535094611,0.373731888888889));
#3738=CARTESIAN_POINT('',(-0.0211175215122939,-0.032093520189222,0.373731888888889));
#3739=CARTESIAN_POINT('',(-0.0211175215122939,-0.032093520189222,0.1200912));
#3740=CARTESIAN_POINT('',(-0.0211175215122939,-0.032093520189222,0.352404311111111));
#3741=CARTESIAN_POINT('',(-0.0297350430245879,-0.017167535094611,0.352404311111111));
#3742=CARTESIAN_POINT('',(-0.0172350430245879,-0.0388181701892219,0.352404311111111));
#3743=CARTESIAN_POINT('',(-0.0172350430245879,-0.0388181701892219,0.1200912));
#3744=CARTESIAN_POINT('',(-0.0172350430245879,-0.0388181701892219,0.331279933333334));
#3745=CARTESIAN_POINT('',(-0.0297350430245879,-0.017167535094611,0.331279933333334));
#3746=CARTESIAN_POINT('',(-0.0211175215122939,-0.032093520189222,0.331279933333334));
#3747=CARTESIAN_POINT('',(-0.0211175215122939,-0.032093520189222,0.1200912));
#3748=CARTESIAN_POINT('',(-0.0211175215122939,-0.032093520189222,0.309952355555556));
#3749=CARTESIAN_POINT('',(-0.0297350430245879,-0.017167535094611,0.309952355555556));
#3750=CARTESIAN_POINT('',(-0.0172350430245879,-0.0388181701892219,0.309952355555556));
#3751=CARTESIAN_POINT('',(-0.0172350430245879,-0.0388181701892219,0.1200912));
#3752=CARTESIAN_POINT('',(-0.0172350430245879,-0.0388181701892219,0.288827977777778));
#3753=CARTESIAN_POINT('',(-0.0297350430245879,-0.017167535094611,0.288827977777778));
#3754=CARTESIAN_POINT('',(-0.0211175215122939,-0.032093520189222,0.288827977777778));
#3755=CARTESIAN_POINT('',(-0.0211175215122939,-0.032093520189222,0.1200912));
#3756=CARTESIAN_POINT('',(-0.0211175215122938,-0.032093520189222,0.2675512));
#3757=CARTESIAN_POINT('',(-0.0297350430245879,-0.017167535094611,0.2675512));
#3758=CARTESIAN_POINT('',(-0.0255937763579211,-0.0243404193689694,0.2675512));
#3759=CARTESIAN_POINT('',(-0.0255937763579211,-0.0243404193689694,0.1200912));
#3760=CARTESIAN_POINT('',(-0.0255937763579211,-0.0243404193689694,0.258585));
#3761=CARTESIAN_POINT('',(-0.0297350430245879,-0.017167535094611,0.258585));
#3762=CARTESIAN_POINT('',(-0.0211175215122941,-0.0320935201892221,0.258585));
#3763=CARTESIAN_POINT('',(-0.0211175215122939,-0.032093520189222,0.1200912));
#3764=CARTESIAN_POINT('',(-0.0211175215122939,-0.032093520189222,0.238749371428571));
#3765=CARTESIAN_POINT('',(-0.0297350430245879,-0.017167535094611,0.238749371428571));
#3766=CARTESIAN_POINT('',(-0.0172350430245879,-0.0388181701892219,0.238749371428571));
#3767=CARTESIAN_POINT('',(-0.0172350430245879,-0.0388181701892219,0.1200912));
#3768=CARTESIAN_POINT('',(-0.0172350430245879,-0.0388181701892219,0.219066142857143));
#3769=CARTESIAN_POINT('',(-0.0297350430245879,-0.017167535094611,0.219066142857143));
#3770=CARTESIAN_POINT('',(-0.0211175215122939,-0.032093520189222,0.219066142857143));
#3771=CARTESIAN_POINT('',(-0.0211175215122939,-0.032093520189222,0.1200912));
#3772=CARTESIAN_POINT('',(-0.0211175215122939,-0.032093520189222,0.199179714285714));
#3773=CARTESIAN_POINT('',(-0.0297350430245879,-0.017167535094611,0.199179714285714));
#3774=CARTESIAN_POINT('',(-0.0172350430245879,-0.0388181701892219,0.199179714285714));
#3775=CARTESIAN_POINT('',(-0.0172350430245879,-0.0388181701892219,0.1200912));
#3776=CARTESIAN_POINT('',(-0.0172350430245879,-0.0388181701892219,0.179496485714286));
#3777=CARTESIAN_POINT('',(-0.0297350430245879,-0.017167535094611,0.179496485714286));
#3778=CARTESIAN_POINT('',(-0.0211175215122939,-0.032093520189222,0.179496485714286));
#3779=CARTESIAN_POINT('',(-0.0211175215122939,-0.032093520189222,0.1200912));
#3780=CARTESIAN_POINT('',(-0.0211175215122939,-0.032093520189222,0.159610057142857));
#3781=CARTESIAN_POINT('',(-0.0297350430245879,-0.017167535094611,0.159610057142857));
#3782=CARTESIAN_POINT('',(-0.0172350430245879,-0.0388181701892219,0.159610057142857));
#3783=CARTESIAN_POINT('',(-0.0172350430245879,-0.0388181701892219,0.1200912));
#3784=CARTESIAN_POINT('',(-0.0172350430245879,-0.0388181701892219,0.139926828571429));
#3785=CARTESIAN_POINT('',(-0.0297350430245879,-0.017167535094611,0.139926828571429));
#3786=CARTESIAN_POINT('',(-0.0211175215122939,-0.032093520189222,0.139926828571429));
#3787=CARTESIAN_POINT('',(-0.0211175215122939,-0.032093520189222,0.1200912));
#3788=CARTESIAN_POINT('',(-0.0211175215122939,-0.032093520189222,0.130984));
#3789=CARTESIAN_POINT('',(-0.0222382965122947,-0.0301522809453695,0.130984));
#3790=CARTESIAN_POINT('',(-0.0233590715122947,-0.0282110417015165,0.130984));
#3791=CARTESIAN_POINT('',(-0.0233590715122947,-0.0282110417015165,0.1255376));
#3792=CARTESIAN_POINT('',(-0.0233590715122947,-0.0282110417015165,0.0976757));
#3793=CARTESIAN_POINT('',(-0.0297350430245888,-0.0171675350946115,0.0976757));
#3794=CARTESIAN_POINT('',(-0.0361110145368827,-0.00612402848770657,0.0976757));
#3795=CARTESIAN_POINT('',(-0.0361110145368827,-0.00612402848770657,0.1255376));
#3796=CARTESIAN_POINT('',(-2.13025174438233,-1.24980273152029,0.129983614285714));
#3797=CARTESIAN_POINT('',(-0.0288824784877066,-0.0365766201892224,0.130984));
#3798=CARTESIAN_POINT('',(-2.13025174438233,-1.24980273152029,0.139926828571429));
#3799=CARTESIAN_POINT('',(-0.025,-0.043301270189222,0.1200912));
#3800=CARTESIAN_POINT('',(-2.12636926589462,-1.25652738152029,0.500833733333333));
#3801=CARTESIAN_POINT('',(-2.12636926589462,-1.25652738152029,0.484268666666667));
#3802=CARTESIAN_POINT('',(-0.025,-0.043301270189222,0.1200912));
#3803=CARTESIAN_POINT('',(-2.12636926589462,-1.25652738152029,0.416183844444445));
#3804=CARTESIAN_POINT('',(-2.12636926589462,-1.25652738152029,0.437308222222222));
#3805=CARTESIAN_POINT('',(-0.025,-0.043301270189222,0.1200912));
#3806=CARTESIAN_POINT('',(-2.12636926589462,-1.25652738152029,0.288827977777778));
#3807=CARTESIAN_POINT('',(-2.12636926589462,-1.25652738152029,0.309952355555556));
#3808=CARTESIAN_POINT('',(-0.025,-0.043301270189222,0.1200912));
#3809=CARTESIAN_POINT('',(-2.12636926589462,-1.25652738152029,0.394856266666667));
#3810=CARTESIAN_POINT('',(-2.12636926589462,-1.25652738152029,0.373731888888889));
#3811=CARTESIAN_POINT('',(-0.025,-0.043301270189222,0.1200912));
#3812=CARTESIAN_POINT('',(-2.12636926589462,-1.25652738152029,0.352404311111111));
#3813=CARTESIAN_POINT('',(-2.12636926589462,-1.25652738152029,0.331279933333334));
#3814=CARTESIAN_POINT('',(-0.025,-0.043301270189222,0.1200912));
#3815=CARTESIAN_POINT('',(-2.12636926589462,-1.25652738152029,0.139926828571429));
#3816=CARTESIAN_POINT('',(-2.12636926589462,-1.25652738152029,0.159610057142857));
#3817=CARTESIAN_POINT('',(-0.025,-0.043301270189222,0.1200912));
#3818=CARTESIAN_POINT('',(-2.12636926589462,-1.25652738152029,0.219066142857143));
#3819=CARTESIAN_POINT('',(-2.12636926589462,-1.25652738152029,0.238749371428571));
#3820=CARTESIAN_POINT('',(-0.025,-0.043301270189222,0.1200912));
#3821=CARTESIAN_POINT('',(-2.12636926589462,-1.25652738152029,0.199179714285714));
#3822=CARTESIAN_POINT('',(-2.12636926589462,-1.25652738152029,0.179496485714286));
#3823=CARTESIAN_POINT('',(-0.0375,-0.021650635094611,0.5175512));
#3824=CARTESIAN_POINT('',(-2.13025174438233,-1.24980273152029,0.5175512));
#3825=CARTESIAN_POINT('',(-2.14748678740691,-1.21995076133107,0.5175512));
#3826=CARTESIAN_POINT('',(-2.13053593256128,-1.24931050315542,0.258585));
#3827=CARTESIAN_POINT('',(-2.13025174438233,-1.24980273152029,0.258585));
#3828=CARTESIAN_POINT('',(-2.13472799922795,-1.24204963070003,0.258585));
#3829=CARTESIAN_POINT('',(-2.13053593256128,-1.24931050315542,0.2675512));
#3830=CARTESIAN_POINT('',(-2.13025174438233,-1.24980273152029,0.2675512));
#3831=CARTESIAN_POINT('',(-2.13472799922795,-1.24204963070003,0.2675512));
#3832=CARTESIAN_POINT('',(-2.13053593256128,-1.24931050315542,0.458585));
#3833=CARTESIAN_POINT('',(-2.13025174438233,-1.24980273152029,0.458585));
#3834=CARTESIAN_POINT('',(-2.13472799922795,-1.24204963070003,0.458585));
#3835=CARTESIAN_POINT('',(-2.13053593256128,-1.24931050315542,0.4675512));
#3836=CARTESIAN_POINT('',(-2.13025174438233,-1.24980273152029,0.4675512));
#3837=CARTESIAN_POINT('',(-2.13472799922795,-1.24204963070003,0.4675512));
#3838=CARTESIAN_POINT('',(-0.05,-4.16333634234433E-17,0.1200912));
#3839=CARTESIAN_POINT('',(-2.15136926589462,-1.21322611133107,0.394856266666667));
#3840=CARTESIAN_POINT('',(-2.15136926589462,-1.21322611133107,0.373731888888889));
#3841=CARTESIAN_POINT('',(-0.05,-4.16333634234433E-17,0.1200912));
#3842=CARTESIAN_POINT('',(-2.15136926589462,-1.21322611133107,0.352404311111111));
#3843=CARTESIAN_POINT('',(-2.15136926589462,-1.21322611133107,0.331279933333334));
#3844=CARTESIAN_POINT('',(-0.05,-4.16333634234433E-17,0.1200912));
#3845=CARTESIAN_POINT('',(-2.15136926589462,-1.21322611133107,0.416183844444445));
#3846=CARTESIAN_POINT('',(-2.15136926589462,-1.21322611133107,0.437308222222222));
#3847=CARTESIAN_POINT('',(-0.05,-4.16333634234433E-17,0.1200912));
#3848=CARTESIAN_POINT('',(-2.15136926589462,-1.21322611133107,0.288827977777778));
#3849=CARTESIAN_POINT('',(-2.15136926589462,-1.21322611133107,0.309952355555556));
#3850=CARTESIAN_POINT('',(-0.05,-4.16333634234433E-17,0.1200912));
#3851=CARTESIAN_POINT('',(-2.15136926589462,-1.21322611133107,0.238749371428571));
#3852=CARTESIAN_POINT('',(-2.15136926589462,-1.21322611133107,0.219066142857143));
#3853=CARTESIAN_POINT('',(-0.05,-4.16333634234433E-17,0.1200912));
#3854=CARTESIAN_POINT('',(-2.15136926589462,-1.21322611133107,0.199179714285714));
#3855=CARTESIAN_POINT('',(-2.15136926589462,-1.21322611133107,0.179496485714286));
#3856=CARTESIAN_POINT('',(-0.05,-4.16333634234433E-17,0.1200912));
#3857=CARTESIAN_POINT('',(-2.15136926589462,-1.21322611133107,0.139926828571428));
#3858=CARTESIAN_POINT('',(-2.15136926589462,-1.21322611133107,0.159610057142857));
#3859=CARTESIAN_POINT('',(-0.05,-4.16333634234433E-17,0.1200912));
#3860=CARTESIAN_POINT('',(-2.15136926589462,-1.21322611133107,0.500833733333333));
#3861=CARTESIAN_POINT('',(-2.15136926589462,-1.21322611133107,0.484268666666667));
#3862=CARTESIAN_POINT('',(-2.14720259922795,-1.22044298969594,0.258585));
#3863=CARTESIAN_POINT('',(-2.14748678740691,-1.21995076133107,0.258585));
#3864=CARTESIAN_POINT('',(-2.14301053256128,-1.22770386215132,0.258585));
#3865=CARTESIAN_POINT('',(-2.14301053256128,-1.22770386215132,0.2630681));
#3866=CARTESIAN_POINT('',(-2.14301053256128,-1.22770386215132,0.2675512));
#3867=CARTESIAN_POINT('',(-2.14720259922795,-1.22044298969594,0.2675512));
#3868=CARTESIAN_POINT('',(-2.14748678740691,-1.21995076133107,0.2675512));
#3869=CARTESIAN_POINT('',(-2.13472799922795,-1.24204963070003,0.2630681));
#3870=CARTESIAN_POINT('',(-2.14720259922795,-1.22044298969594,0.458585));
#3871=CARTESIAN_POINT('',(-2.14748678740691,-1.21995076133107,0.458585));
#3872=CARTESIAN_POINT('',(-2.14301053256128,-1.22770386215132,0.458585));
#3873=CARTESIAN_POINT('',(-2.14301053256128,-1.22770386215132,0.4630681));
#3874=CARTESIAN_POINT('',(-2.14301053256128,-1.22770386215132,0.4675512));
#3875=CARTESIAN_POINT('',(-2.14720259922795,-1.22044298969594,0.4675512));
#3876=CARTESIAN_POINT('',(-2.14748678740691,-1.21995076133107,0.4675512));
#3877=CARTESIAN_POINT('',(-2.13472799922795,-1.24204963070003,0.4630681));
#3878=CARTESIAN_POINT('',(-2.14942802665077,-1.21658843633107,0.484268666666667));
#3879=CARTESIAN_POINT('',(-2.14748678740691,-1.21995076133107,0.484268666666667));
#3880=CARTESIAN_POINT('',(-2.14748678740691,-1.21995076133107,0.475884533333333));
#3881=CARTESIAN_POINT('',(-2.14942802665077,-1.21658843633107,0.159610057142857));
#3882=CARTESIAN_POINT('',(-2.14748678740691,-1.21995076133107,0.159610057142857));
#3883=CARTESIAN_POINT('',(-2.14748678740691,-1.21995076133107,0.169553271428572));
#3884=CARTESIAN_POINT('',(-2.14748678740691,-1.21995076133107,0.179496485714286));
#3885=CARTESIAN_POINT('',(-2.14942802665077,-1.21658843633107,0.179496485714286));
#3886=CARTESIAN_POINT('',(-2.14942802665077,-1.21658843633107,0.199179714285714));
#3887=CARTESIAN_POINT('',(-2.14748678740691,-1.21995076133107,0.199179714285714));
#3888=CARTESIAN_POINT('',(-2.14748678740691,-1.21995076133107,0.209122928571429));
#3889=CARTESIAN_POINT('',(-2.14748678740691,-1.21995076133107,0.219066142857143));
#3890=CARTESIAN_POINT('',(-2.14942802665077,-1.21658843633107,0.219066142857143));
#3891=CARTESIAN_POINT('',(-2.14942802665077,-1.21658843633107,0.309952355555556));
#3892=CARTESIAN_POINT('',(-2.14748678740691,-1.21995076133107,0.309952355555556));
#3893=CARTESIAN_POINT('',(-2.14748678740691,-1.21995076133107,0.320616144444444));
#3894=CARTESIAN_POINT('',(-2.14748678740691,-1.21995076133107,0.331279933333334));
#3895=CARTESIAN_POINT('',(-2.14942802665077,-1.21658843633107,0.331279933333334));
#3896=CARTESIAN_POINT('',(-2.14942802665077,-1.21658843633107,0.437308222222222));
#3897=CARTESIAN_POINT('',(-2.14748678740691,-1.21995076133107,0.437308222222222));
#3898=CARTESIAN_POINT('',(-2.14748678740691,-1.21995076133107,0.447972011111111));
#3899=CARTESIAN_POINT('',(-2.14942802665077,-1.21658843633107,0.288827977777778));
#3900=CARTESIAN_POINT('',(-2.14748678740691,-1.21995076133107,0.288827977777778));
#3901=CARTESIAN_POINT('',(-2.14748678740691,-1.21995076133107,0.278164188888889));
#3902=CARTESIAN_POINT('',(-2.14942802665077,-1.21658843633107,0.238749371428571));
#3903=CARTESIAN_POINT('',(-2.14748678740691,-1.21995076133107,0.238749371428571));
#3904=CARTESIAN_POINT('',(-2.14748678740691,-1.21995076133107,0.248692585714285));
#3905=CARTESIAN_POINT('',(-2.14942802665077,-1.21658843633107,0.139926828571428));
#3906=CARTESIAN_POINT('',(-2.14748678740691,-1.21995076133107,0.139926828571428));
#3907=CARTESIAN_POINT('',(-2.14748678740691,-1.21995076133107,0.129983614285714));
#3908=CARTESIAN_POINT('',(-0.0461175215122946,-0.00672465000000046,0.130984));
#3909=CARTESIAN_POINT('',(-2.14942802665077,-1.21658843633107,0.352404311111111));
#3910=CARTESIAN_POINT('',(-2.14748678740691,-1.21995076133107,0.352404311111111));
#3911=CARTESIAN_POINT('',(-2.14748678740691,-1.21995076133107,0.3630681));
#3912=CARTESIAN_POINT('',(-2.14748678740691,-1.21995076133107,0.373731888888889));
#3913=CARTESIAN_POINT('',(-2.14942802665077,-1.21658843633107,0.373731888888889));
#3914=CARTESIAN_POINT('',(-2.14942802665077,-1.21658843633107,0.394856266666667));
#3915=CARTESIAN_POINT('',(-2.14748678740691,-1.21995076133107,0.394856266666667));
#3916=CARTESIAN_POINT('',(-2.14748678740691,-1.21995076133107,0.405520055555555));
#3917=CARTESIAN_POINT('',(-2.14748678740691,-1.21995076133107,0.416183844444445));
#3918=CARTESIAN_POINT('',(-2.14942802665077,-1.21658843633107,0.416183844444445));
#3919=CARTESIAN_POINT('',(-2.14942802665077,-1.21658843633107,0.500833733333333));
#3920=CARTESIAN_POINT('',(-2.14748678740691,-1.21995076133107,0.500833733333333));
#3921=CARTESIAN_POINT('',(-2.14748678740691,-1.21995076133107,0.509217866666667));
#3922=CARTESIAN_POINT('',(-2.12831050513847,-1.25316505652029,0.238749371428571));
#3923=CARTESIAN_POINT('',(-2.13025174438233,-1.24980273152029,0.238749371428571));
#3924=CARTESIAN_POINT('',(-2.13025174438233,-1.24980273152029,0.248692585714285));
#3925=CARTESIAN_POINT('',(-2.12831050513847,-1.25316505652029,0.331279933333334));
#3926=CARTESIAN_POINT('',(-2.13025174438233,-1.24980273152029,0.331279933333334));
#3927=CARTESIAN_POINT('',(-2.13025174438233,-1.24980273152029,0.320616144444444));
#3928=CARTESIAN_POINT('',(-2.13025174438233,-1.24980273152029,0.309952355555556));
#3929=CARTESIAN_POINT('',(-2.12831050513847,-1.25316505652029,0.309952355555556));
#3930=CARTESIAN_POINT('',(-2.12831050513847,-1.25316505652029,0.373731888888889));
#3931=CARTESIAN_POINT('',(-2.13025174438233,-1.24980273152029,0.373731888888889));
#3932=CARTESIAN_POINT('',(-2.13025174438233,-1.24980273152029,0.3630681));
#3933=CARTESIAN_POINT('',(-2.13025174438233,-1.24980273152029,0.352404311111111));
#3934=CARTESIAN_POINT('',(-2.12831050513847,-1.25316505652029,0.352404311111111));
#3935=CARTESIAN_POINT('',(-2.12831050513847,-1.25316505652029,0.288827977777778));
#3936=CARTESIAN_POINT('',(-2.13025174438233,-1.24980273152029,0.288827977777778));
#3937=CARTESIAN_POINT('',(-2.13025174438233,-1.24980273152029,0.278164188888889));
#3938=CARTESIAN_POINT('',(-2.12831050513847,-1.25316505652029,0.437308222222222));
#3939=CARTESIAN_POINT('',(-2.13025174438233,-1.24980273152029,0.437308222222222));
#3940=CARTESIAN_POINT('',(-2.13025174438233,-1.24980273152029,0.447972011111111));
#3941=CARTESIAN_POINT('',(-2.12831050513847,-1.25316505652029,0.484268666666667));
#3942=CARTESIAN_POINT('',(-2.13025174438233,-1.24980273152029,0.484268666666667));
#3943=CARTESIAN_POINT('',(-2.13025174438233,-1.24980273152029,0.475884533333333));
#3944=CARTESIAN_POINT('',(-2.12831050513847,-1.25316505652029,0.500833733333333));
#3945=CARTESIAN_POINT('',(-2.13025174438233,-1.24980273152029,0.500833733333333));
#3946=CARTESIAN_POINT('',(-2.13025174438233,-1.24980273152029,0.509217866666667));
#3947=CARTESIAN_POINT('',(-2.12831050513847,-1.25316505652029,0.416183844444445));
#3948=CARTESIAN_POINT('',(-2.13025174438233,-1.24980273152029,0.416183844444445));
#3949=CARTESIAN_POINT('',(-2.13025174438233,-1.24980273152029,0.405520055555555));
#3950=CARTESIAN_POINT('',(-2.13025174438233,-1.24980273152029,0.394856266666667));
#3951=CARTESIAN_POINT('',(-2.12831050513847,-1.25316505652029,0.394856266666667));
#3952=CARTESIAN_POINT('',(-2.12831050513847,-1.25316505652029,0.179496485714286));
#3953=CARTESIAN_POINT('',(-2.13025174438233,-1.24980273152029,0.179496485714286));
#3954=CARTESIAN_POINT('',(-2.13025174438233,-1.24980273152029,0.169553271428572));
#3955=CARTESIAN_POINT('',(-2.13025174438233,-1.24980273152029,0.159610057142857));
#3956=CARTESIAN_POINT('',(-2.12831050513847,-1.25316505652029,0.159610057142857));
#3957=CARTESIAN_POINT('',(-2.12831050513847,-1.25316505652029,0.219066142857143));
#3958=CARTESIAN_POINT('',(-2.13025174438233,-1.24980273152029,0.219066142857143));
#3959=CARTESIAN_POINT('',(-2.13025174438233,-1.24980273152029,0.209122928571429));
#3960=CARTESIAN_POINT('',(-2.13025174438233,-1.24980273152029,0.199179714285714));
#3961=CARTESIAN_POINT('',(-2.12831050513847,-1.25316505652029,0.199179714285714));
#3962=CARTESIAN_POINT('',(-2.12831050513847,-1.25316505652029,0.139926828571429));
#3963=CARTESIAN_POINT('',(-0.0311240284877067,-0.0326941417015164,0.1255376));
#3964=CARTESIAN_POINT('',(-0.0311240284877067,-0.0326941417015164,0.130984));
#3965=CARTESIAN_POINT('',(-0.031124028487706,-0.032694141701516,0.0976757));
#3966=CARTESIAN_POINT('',(-0.0300032534877066,-0.0346353809453694,0.130984));
#3967=CARTESIAN_POINT('',(-0.0438759715122947,-0.0106071284877065,0.1255376));
#3968=CARTESIAN_POINT('',(-0.043875971512294,-0.0106071284877061,0.0976757));
#3969=CARTESIAN_POINT('',(-0.0438759715122947,-0.0106071284877065,0.130984));
#3970=CARTESIAN_POINT('',(-0.0449967465122946,-0.00866588924385347,0.130984));
#3971=CARTESIAN_POINT('',(-0.0375,-0.021650635094611,0.0976757));
#3972=CARTESIAN_POINT('',(-2.14216602840402,-1.22916658625891,0.1148169));
#3973=CARTESIAN_POINT('',(-2.14216602840402,-1.22916658625891,0.1103338));
#3974=CARTESIAN_POINT('',(-2.14216602840402,-1.22916658625891,0.1193));
#3975=CARTESIAN_POINT('',(-2.13886926589462,-1.23487674642568,0.1103338));
#3976=CARTESIAN_POINT('',(-2.13557250338522,-1.24058690659244,0.1103338));
#3977=CARTESIAN_POINT('',(-2.13557250338522,-1.24058690659244,0.1148169));
#3978=CARTESIAN_POINT('',(-2.13557250338522,-1.24058690659244,0.1193));
#3979=CARTESIAN_POINT('',(-2.13886926589462,-1.23487674642568,0.1193));
#3980=CARTESIAN_POINT('',(-0.0375,-0.021650635094611,0.4972312));
#3981=CARTESIAN_POINT('',(-0.0352394,-0.0255661091502012,0.4972312));
#3982=CARTESIAN_POINT('',(-0.0397606,-0.0177351610390208,0.4972312));
#3983=CARTESIAN_POINT('',(-0.0397606,-0.0177351610390208,0.4870712));
#3984=CARTESIAN_POINT('',(-0.0397606,-0.0177351610390208,0.4769112));
#3985=CARTESIAN_POINT('',(-0.0375,-0.021650635094611,0.4769112));
#3986=CARTESIAN_POINT('',(-0.0352394,-0.0255661091502012,0.4769112));
#3987=CARTESIAN_POINT('',(-0.0352394,-0.0255661091502012,0.4870712));
#3988=CARTESIAN_POINT('',(-0.0375,-0.021650635094611,0.2533912));
#3989=CARTESIAN_POINT('',(-0.0352394,-0.0255661091502012,0.2533912));
#3990=CARTESIAN_POINT('',(-0.0397606,-0.0177351610390208,0.2533912));
#3991=CARTESIAN_POINT('',(-0.0397606,-0.0177351610390208,0.2432312));
#3992=CARTESIAN_POINT('',(-0.0397606,-0.0177351610390208,0.2330712));
#3993=CARTESIAN_POINT('',(-0.0375,-0.021650635094611,0.2330712));
#3994=CARTESIAN_POINT('',(-0.0352394,-0.0255661091502012,0.2330712));
#3995=CARTESIAN_POINT('',(-0.0352394,-0.0255661091502012,0.2432312));
#3996=CARTESIAN_POINT('',(-0.0375,-0.021650635094611,0.2940312));
#3997=CARTESIAN_POINT('',(-0.0352394,-0.0255661091502012,0.2940312));
#3998=CARTESIAN_POINT('',(-0.0397606,-0.0177351610390208,0.2940312));
#3999=CARTESIAN_POINT('',(-0.0397606,-0.0177351610390208,0.2838712));
#4000=CARTESIAN_POINT('',(-0.0397606,-0.0177351610390208,0.2737112));
#4001=CARTESIAN_POINT('',(-0.0375,-0.021650635094611,0.2737112));
#4002=CARTESIAN_POINT('',(-0.0352394,-0.0255661091502012,0.2737112));
#4003=CARTESIAN_POINT('',(-0.0352394,-0.0255661091502012,0.2838712));
#4004=CARTESIAN_POINT('',(-0.0375,-0.021650635094611,0.3346712));
#4005=CARTESIAN_POINT('',(-0.0352394,-0.0255661091502012,0.3346712));
#4006=CARTESIAN_POINT('',(-0.0397606,-0.0177351610390208,0.3346712));
#4007=CARTESIAN_POINT('',(-0.0397606,-0.0177351610390208,0.3245112));
#4008=CARTESIAN_POINT('',(-0.0397606,-0.0177351610390208,0.3143512));
#4009=CARTESIAN_POINT('',(-0.0375,-0.021650635094611,0.3143512));
#4010=CARTESIAN_POINT('',(-0.0352394,-0.0255661091502012,0.3143512));
#4011=CARTESIAN_POINT('',(-0.0352394,-0.0255661091502012,0.3245112));
#4012=CARTESIAN_POINT('',(-0.0375,-0.021650635094611,0.3753112));
#4013=CARTESIAN_POINT('',(-0.0352394,-0.0255661091502012,0.3753112));
#4014=CARTESIAN_POINT('',(-0.0397606,-0.0177351610390208,0.3753112));
#4015=CARTESIAN_POINT('',(-0.0397606,-0.0177351610390208,0.3651512));
#4016=CARTESIAN_POINT('',(-0.0397606,-0.0177351610390208,0.3549912));
#4017=CARTESIAN_POINT('',(-0.0375,-0.021650635094611,0.3549912));
#4018=CARTESIAN_POINT('',(-0.0352394,-0.0255661091502012,0.3549912));
#4019=CARTESIAN_POINT('',(-0.0352394,-0.0255661091502012,0.3651512));
#4020=CARTESIAN_POINT('',(-0.0375,-0.021650635094611,0.4159512));
#4021=CARTESIAN_POINT('',(-0.0352394,-0.0255661091502012,0.4159512));
#4022=CARTESIAN_POINT('',(-0.0397606,-0.0177351610390208,0.4159512));
#4023=CARTESIAN_POINT('',(-0.0397606,-0.0177351610390208,0.4057912));
#4024=CARTESIAN_POINT('',(-0.0397606,-0.0177351610390208,0.3956312));
#4025=CARTESIAN_POINT('',(-0.0375,-0.021650635094611,0.3956312));
#4026=CARTESIAN_POINT('',(-0.0352394,-0.0255661091502012,0.3956312));
#4027=CARTESIAN_POINT('',(-0.0352394,-0.0255661091502012,0.4057912));
#4028=CARTESIAN_POINT('',(-0.0375,-0.021650635094611,0.4565912));
#4029=CARTESIAN_POINT('',(-0.0352394,-0.0255661091502012,0.4565912));
#4030=CARTESIAN_POINT('',(-0.0397606,-0.0177351610390208,0.4565912));
#4031=CARTESIAN_POINT('',(-0.0397606,-0.0177351610390208,0.4464312));
#4032=CARTESIAN_POINT('',(-0.0397606,-0.0177351610390208,0.4362712));
#4033=CARTESIAN_POINT('',(-0.0375,-0.021650635094611,0.4362712));
#4034=CARTESIAN_POINT('',(-0.0352394,-0.0255661091502012,0.4362712));
#4035=CARTESIAN_POINT('',(-0.0352394,-0.0255661091502012,0.4464312));
#4036=MECHANICAL_DESIGN_GEOMETRIC_PRESENTATION_REPRESENTATION('',(#2573),
#4037);
#4037=(
GEOMETRIC_REPRESENTATION_CONTEXT(3)
GLOBAL_UNCERTAINTY_ASSIGNED_CONTEXT((#4038))
GLOBAL_UNIT_ASSIGNED_CONTEXT((#4041,#4040,#4039))
REPRESENTATION_CONTEXT('Mast 2','TOP_LEVEL_ASSEMBLY_PART')
);
#4038=UNCERTAINTY_MEASURE_WITH_UNIT(LENGTH_MEASURE(1.E-8),#4041,
'DISTANCE_ACCURACY_VALUE','Maximum Tolerance applied to model');
#4039=(
NAMED_UNIT(*)
SI_UNIT($,.STERADIAN.)
SOLID_ANGLE_UNIT()
);
#4040=(
NAMED_UNIT(*)
PLANE_ANGLE_UNIT()
SI_UNIT($,.RADIAN.)
);
#4041=(
LENGTH_UNIT()
NAMED_UNIT(*)
SI_UNIT($,.METRE.)
);
#4042=PRODUCT_DEFINITION_SHAPE('','',#4043);
#4043=PRODUCT_DEFINITION('','',#4045,#4044);
#4044=PRODUCT_DEFINITION_CONTEXT('',#4051,'design');
#4045=PRODUCT_DEFINITION_FORMATION_WITH_SPECIFIED_SOURCE('','',#4047,
 .NOT_KNOWN.);
#4046=PRODUCT_RELATED_PRODUCT_CATEGORY('','',(#4047));
#4047=PRODUCT('Mast 2','Mast 2','Mast 2',(#4049));
#4048=PRODUCT_CATEGORY('','');
#4049=PRODUCT_CONTEXT('',#4051,'mechanical');
#4050=APPLICATION_PROTOCOL_DEFINITION('international standard',
'ap242_managed_model_based_3d_engineering',2011,#4051);
#4051=APPLICATION_CONTEXT('managed model based 3d engineering');
ENDSEC;
END-ISO-10303-21;
