ISO-10303-21;
HEADER;
/* Generated by software containing ST-Developer
 * from STEP Tools, Inc. (www.steptools.com) 
 */
/* OPTION: using custom renumber hook */

FILE_DESCRIPTION(
/* description */ ('STEP AP242',
'CAx-IF Rec.Pracs.---Representation and Presentation of Product Manufa
cturing Information (PMI)---4.0---2014-10-13',
'CAx-IF Rec.Pracs.---3D Tessellated Geometry---0.4---2014-09-14','2;1'),

/* implementation_level */ '2;1');

FILE_NAME(
/* name */ '68fb26a334e6012dc82c9a26',
/* time_stamp */ '2025-10-24T07:11:31Z',
/* author */ (''),
/* organization */ (''),
/* preprocessor_version */ 'ST-DEVELOPER v20',
/* originating_system */ 'ONSHAPE BY PTC INC, 1.205',
/* authorisation */ '  ');

FILE_SCHEMA (('AP242_MANAGED_MODEL_BASED_3D_ENGINEERING_MIM_LF { 1 0 10303 442 1 1 4 }'));
ENDSEC;

DATA;
#10=SHAPE_REPRESENTATION_RELATIONSHIP('','',#2224,#11);
#11=ADVANCED_BREP_SHAPE_REPRESENTATION('',(#2222),#3554);
#12=CYLINDRICAL_SURFACE('',#2283,0.000254);
#13=CYLINDRICAL_SURFACE('',#2284,0.000254);
#14=CYLINDRICAL_SURFACE('',#2285,0.000254);
#15=CYLINDRICAL_SURFACE('',#2286,0.000254);
#16=CYLINDRICAL_SURFACE('',#2287,0.000254);
#17=CYLINDRICAL_SURFACE('',#2291,0.000254);
#18=CYLINDRICAL_SURFACE('',#2292,0.000254);
#19=CYLINDRICAL_SURFACE('',#2293,0.000254);
#20=CYLINDRICAL_SURFACE('',#2297,0.000254);
#21=CYLINDRICAL_SURFACE('',#2298,0.000254);
#22=CYLINDRICAL_SURFACE('',#2299,0.000254);
#23=CYLINDRICAL_SURFACE('',#2303,0.000254);
#24=CYLINDRICAL_SURFACE('',#2304,0.000254);
#25=CYLINDRICAL_SURFACE('',#2305,0.000254);
#26=CIRCLE('',#2238,0.000254);
#27=CIRCLE('',#2239,0.000254);
#28=CIRCLE('',#2240,0.000254);
#29=CIRCLE('',#2241,0.000254);
#30=CIRCLE('',#2242,0.000254);
#31=CIRCLE('',#2243,0.000254);
#32=CIRCLE('',#2244,0.000254);
#33=CIRCLE('',#2245,0.000254);
#34=CIRCLE('',#2246,0.000254);
#35=CIRCLE('',#2247,0.000254);
#36=CIRCLE('',#2248,0.000254);
#37=CIRCLE('',#2249,0.000254);
#38=CIRCLE('',#2250,0.000254);
#39=CIRCLE('',#2251,0.000254);
#40=CIRCLE('',#2253,0.000254);
#41=CIRCLE('',#2254,0.000254);
#42=CIRCLE('',#2255,0.000254);
#43=CIRCLE('',#2256,0.000254);
#44=CIRCLE('',#2257,0.000254);
#45=CIRCLE('',#2258,0.000254);
#46=CIRCLE('',#2259,0.000254);
#47=CIRCLE('',#2260,0.000254);
#48=CIRCLE('',#2261,0.000254);
#49=CIRCLE('',#2262,0.000254);
#50=CIRCLE('',#2263,0.000254);
#51=CIRCLE('',#2264,0.000254);
#52=CIRCLE('',#2265,0.000254);
#53=CIRCLE('',#2266,0.000254);
#54=ORIENTED_EDGE('',*,*,#684,.T.);
#55=ORIENTED_EDGE('',*,*,#685,.T.);
#56=ORIENTED_EDGE('',*,*,#686,.F.);
#57=ORIENTED_EDGE('',*,*,#687,.F.);
#58=ORIENTED_EDGE('',*,*,#688,.T.);
#59=ORIENTED_EDGE('',*,*,#689,.T.);
#60=ORIENTED_EDGE('',*,*,#690,.F.);
#61=ORIENTED_EDGE('',*,*,#691,.F.);
#62=ORIENTED_EDGE('',*,*,#692,.T.);
#63=ORIENTED_EDGE('',*,*,#693,.T.);
#64=ORIENTED_EDGE('',*,*,#694,.F.);
#65=ORIENTED_EDGE('',*,*,#695,.F.);
#66=ORIENTED_EDGE('',*,*,#696,.T.);
#67=ORIENTED_EDGE('',*,*,#697,.T.);
#68=ORIENTED_EDGE('',*,*,#698,.F.);
#69=ORIENTED_EDGE('',*,*,#699,.F.);
#70=ORIENTED_EDGE('',*,*,#700,.T.);
#71=ORIENTED_EDGE('',*,*,#701,.T.);
#72=ORIENTED_EDGE('',*,*,#702,.F.);
#73=ORIENTED_EDGE('',*,*,#703,.F.);
#74=ORIENTED_EDGE('',*,*,#704,.T.);
#75=ORIENTED_EDGE('',*,*,#705,.T.);
#76=ORIENTED_EDGE('',*,*,#706,.F.);
#77=ORIENTED_EDGE('',*,*,#707,.F.);
#78=ORIENTED_EDGE('',*,*,#708,.T.);
#79=ORIENTED_EDGE('',*,*,#709,.T.);
#80=ORIENTED_EDGE('',*,*,#710,.F.);
#81=ORIENTED_EDGE('',*,*,#711,.F.);
#82=ORIENTED_EDGE('',*,*,#712,.T.);
#83=ORIENTED_EDGE('',*,*,#713,.T.);
#84=ORIENTED_EDGE('',*,*,#714,.F.);
#85=ORIENTED_EDGE('',*,*,#715,.F.);
#86=ORIENTED_EDGE('',*,*,#716,.T.);
#87=ORIENTED_EDGE('',*,*,#717,.T.);
#88=ORIENTED_EDGE('',*,*,#718,.F.);
#89=ORIENTED_EDGE('',*,*,#719,.F.);
#90=ORIENTED_EDGE('',*,*,#720,.T.);
#91=ORIENTED_EDGE('',*,*,#721,.T.);
#92=ORIENTED_EDGE('',*,*,#722,.F.);
#93=ORIENTED_EDGE('',*,*,#723,.F.);
#94=ORIENTED_EDGE('',*,*,#724,.F.);
#95=ORIENTED_EDGE('',*,*,#725,.T.);
#96=ORIENTED_EDGE('',*,*,#726,.T.);
#97=ORIENTED_EDGE('',*,*,#727,.F.);
#98=ORIENTED_EDGE('',*,*,#728,.F.);
#99=ORIENTED_EDGE('',*,*,#729,.T.);
#100=ORIENTED_EDGE('',*,*,#730,.F.);
#101=ORIENTED_EDGE('',*,*,#731,.T.);
#102=ORIENTED_EDGE('',*,*,#732,.F.);
#103=ORIENTED_EDGE('',*,*,#733,.T.);
#104=ORIENTED_EDGE('',*,*,#734,.T.);
#105=ORIENTED_EDGE('',*,*,#735,.T.);
#106=ORIENTED_EDGE('',*,*,#736,.T.);
#107=ORIENTED_EDGE('',*,*,#737,.T.);
#108=ORIENTED_EDGE('',*,*,#738,.T.);
#109=ORIENTED_EDGE('',*,*,#739,.F.);
#110=ORIENTED_EDGE('',*,*,#740,.T.);
#111=ORIENTED_EDGE('',*,*,#741,.T.);
#112=ORIENTED_EDGE('',*,*,#742,.T.);
#113=ORIENTED_EDGE('',*,*,#743,.F.);
#114=ORIENTED_EDGE('',*,*,#744,.T.);
#115=ORIENTED_EDGE('',*,*,#745,.T.);
#116=ORIENTED_EDGE('',*,*,#746,.T.);
#117=ORIENTED_EDGE('',*,*,#747,.T.);
#118=ORIENTED_EDGE('',*,*,#748,.T.);
#119=ORIENTED_EDGE('',*,*,#749,.T.);
#120=ORIENTED_EDGE('',*,*,#750,.F.);
#121=ORIENTED_EDGE('',*,*,#751,.T.);
#122=ORIENTED_EDGE('',*,*,#752,.T.);
#123=ORIENTED_EDGE('',*,*,#753,.T.);
#124=ORIENTED_EDGE('',*,*,#754,.F.);
#125=ORIENTED_EDGE('',*,*,#755,.T.);
#126=ORIENTED_EDGE('',*,*,#756,.F.);
#127=ORIENTED_EDGE('',*,*,#727,.T.);
#128=ORIENTED_EDGE('',*,*,#757,.T.);
#129=ORIENTED_EDGE('',*,*,#758,.F.);
#130=ORIENTED_EDGE('',*,*,#759,.F.);
#131=ORIENTED_EDGE('',*,*,#760,.T.);
#132=ORIENTED_EDGE('',*,*,#761,.F.);
#133=ORIENTED_EDGE('',*,*,#762,.T.);
#134=ORIENTED_EDGE('',*,*,#763,.F.);
#135=ORIENTED_EDGE('',*,*,#764,.T.);
#136=ORIENTED_EDGE('',*,*,#765,.T.);
#137=ORIENTED_EDGE('',*,*,#766,.T.);
#138=ORIENTED_EDGE('',*,*,#767,.F.);
#139=ORIENTED_EDGE('',*,*,#768,.T.);
#140=ORIENTED_EDGE('',*,*,#769,.T.);
#141=ORIENTED_EDGE('',*,*,#770,.T.);
#142=ORIENTED_EDGE('',*,*,#771,.F.);
#143=ORIENTED_EDGE('',*,*,#772,.T.);
#144=ORIENTED_EDGE('',*,*,#773,.T.);
#145=ORIENTED_EDGE('',*,*,#774,.T.);
#146=ORIENTED_EDGE('',*,*,#775,.F.);
#147=ORIENTED_EDGE('',*,*,#776,.T.);
#148=ORIENTED_EDGE('',*,*,#777,.T.);
#149=ORIENTED_EDGE('',*,*,#778,.T.);
#150=ORIENTED_EDGE('',*,*,#779,.F.);
#151=ORIENTED_EDGE('',*,*,#780,.T.);
#152=ORIENTED_EDGE('',*,*,#781,.T.);
#153=ORIENTED_EDGE('',*,*,#782,.T.);
#154=ORIENTED_EDGE('',*,*,#783,.F.);
#155=ORIENTED_EDGE('',*,*,#784,.T.);
#156=ORIENTED_EDGE('',*,*,#785,.T.);
#157=ORIENTED_EDGE('',*,*,#786,.T.);
#158=ORIENTED_EDGE('',*,*,#787,.F.);
#159=ORIENTED_EDGE('',*,*,#788,.T.);
#160=ORIENTED_EDGE('',*,*,#789,.T.);
#161=ORIENTED_EDGE('',*,*,#790,.T.);
#162=ORIENTED_EDGE('',*,*,#791,.F.);
#163=ORIENTED_EDGE('',*,*,#792,.T.);
#164=ORIENTED_EDGE('',*,*,#722,.T.);
#165=ORIENTED_EDGE('',*,*,#793,.T.);
#166=ORIENTED_EDGE('',*,*,#794,.F.);
#167=ORIENTED_EDGE('',*,*,#795,.F.);
#168=ORIENTED_EDGE('',*,*,#718,.T.);
#169=ORIENTED_EDGE('',*,*,#796,.T.);
#170=ORIENTED_EDGE('',*,*,#797,.F.);
#171=ORIENTED_EDGE('',*,*,#798,.F.);
#172=ORIENTED_EDGE('',*,*,#714,.T.);
#173=ORIENTED_EDGE('',*,*,#799,.T.);
#174=ORIENTED_EDGE('',*,*,#800,.F.);
#175=ORIENTED_EDGE('',*,*,#801,.F.);
#176=ORIENTED_EDGE('',*,*,#710,.T.);
#177=ORIENTED_EDGE('',*,*,#802,.T.);
#178=ORIENTED_EDGE('',*,*,#803,.F.);
#179=ORIENTED_EDGE('',*,*,#804,.F.);
#180=ORIENTED_EDGE('',*,*,#706,.T.);
#181=ORIENTED_EDGE('',*,*,#805,.T.);
#182=ORIENTED_EDGE('',*,*,#806,.F.);
#183=ORIENTED_EDGE('',*,*,#807,.F.);
#184=ORIENTED_EDGE('',*,*,#702,.T.);
#185=ORIENTED_EDGE('',*,*,#808,.T.);
#186=ORIENTED_EDGE('',*,*,#809,.F.);
#187=ORIENTED_EDGE('',*,*,#810,.F.);
#188=ORIENTED_EDGE('',*,*,#698,.T.);
#189=ORIENTED_EDGE('',*,*,#811,.T.);
#190=ORIENTED_EDGE('',*,*,#812,.F.);
#191=ORIENTED_EDGE('',*,*,#813,.F.);
#192=ORIENTED_EDGE('',*,*,#694,.T.);
#193=ORIENTED_EDGE('',*,*,#814,.T.);
#194=ORIENTED_EDGE('',*,*,#815,.F.);
#195=ORIENTED_EDGE('',*,*,#816,.F.);
#196=ORIENTED_EDGE('',*,*,#690,.T.);
#197=ORIENTED_EDGE('',*,*,#817,.T.);
#198=ORIENTED_EDGE('',*,*,#818,.F.);
#199=ORIENTED_EDGE('',*,*,#819,.F.);
#200=ORIENTED_EDGE('',*,*,#686,.T.);
#201=ORIENTED_EDGE('',*,*,#820,.T.);
#202=ORIENTED_EDGE('',*,*,#821,.F.);
#203=ORIENTED_EDGE('',*,*,#822,.F.);
#204=ORIENTED_EDGE('',*,*,#823,.F.);
#205=ORIENTED_EDGE('',*,*,#824,.F.);
#206=ORIENTED_EDGE('',*,*,#825,.F.);
#207=ORIENTED_EDGE('',*,*,#826,.F.);
#208=ORIENTED_EDGE('',*,*,#827,.F.);
#209=ORIENTED_EDGE('',*,*,#828,.F.);
#210=ORIENTED_EDGE('',*,*,#829,.T.);
#211=ORIENTED_EDGE('',*,*,#830,.F.);
#212=ORIENTED_EDGE('',*,*,#831,.T.);
#213=ORIENTED_EDGE('',*,*,#832,.F.);
#214=ORIENTED_EDGE('',*,*,#833,.T.);
#215=ORIENTED_EDGE('',*,*,#834,.F.);
#216=ORIENTED_EDGE('',*,*,#835,.T.);
#217=ORIENTED_EDGE('',*,*,#836,.F.);
#218=ORIENTED_EDGE('',*,*,#837,.F.);
#219=ORIENTED_EDGE('',*,*,#838,.F.);
#220=ORIENTED_EDGE('',*,*,#839,.T.);
#221=ORIENTED_EDGE('',*,*,#840,.F.);
#222=ORIENTED_EDGE('',*,*,#841,.F.);
#223=ORIENTED_EDGE('',*,*,#842,.F.);
#224=ORIENTED_EDGE('',*,*,#843,.F.);
#225=ORIENTED_EDGE('',*,*,#844,.F.);
#226=ORIENTED_EDGE('',*,*,#845,.T.);
#227=ORIENTED_EDGE('',*,*,#846,.F.);
#228=ORIENTED_EDGE('',*,*,#847,.T.);
#229=ORIENTED_EDGE('',*,*,#848,.F.);
#230=ORIENTED_EDGE('',*,*,#849,.F.);
#231=ORIENTED_EDGE('',*,*,#725,.F.);
#232=ORIENTED_EDGE('',*,*,#850,.T.);
#233=ORIENTED_EDGE('',*,*,#851,.T.);
#234=ORIENTED_EDGE('',*,*,#852,.F.);
#235=ORIENTED_EDGE('',*,*,#684,.F.);
#236=ORIENTED_EDGE('',*,*,#853,.T.);
#237=ORIENTED_EDGE('',*,*,#854,.T.);
#238=ORIENTED_EDGE('',*,*,#855,.F.);
#239=ORIENTED_EDGE('',*,*,#688,.F.);
#240=ORIENTED_EDGE('',*,*,#856,.T.);
#241=ORIENTED_EDGE('',*,*,#857,.T.);
#242=ORIENTED_EDGE('',*,*,#858,.F.);
#243=ORIENTED_EDGE('',*,*,#692,.F.);
#244=ORIENTED_EDGE('',*,*,#859,.T.);
#245=ORIENTED_EDGE('',*,*,#860,.T.);
#246=ORIENTED_EDGE('',*,*,#861,.F.);
#247=ORIENTED_EDGE('',*,*,#696,.F.);
#248=ORIENTED_EDGE('',*,*,#862,.T.);
#249=ORIENTED_EDGE('',*,*,#863,.T.);
#250=ORIENTED_EDGE('',*,*,#864,.F.);
#251=ORIENTED_EDGE('',*,*,#700,.F.);
#252=ORIENTED_EDGE('',*,*,#865,.T.);
#253=ORIENTED_EDGE('',*,*,#866,.T.);
#254=ORIENTED_EDGE('',*,*,#867,.F.);
#255=ORIENTED_EDGE('',*,*,#704,.F.);
#256=ORIENTED_EDGE('',*,*,#868,.T.);
#257=ORIENTED_EDGE('',*,*,#869,.T.);
#258=ORIENTED_EDGE('',*,*,#870,.F.);
#259=ORIENTED_EDGE('',*,*,#708,.F.);
#260=ORIENTED_EDGE('',*,*,#871,.T.);
#261=ORIENTED_EDGE('',*,*,#872,.T.);
#262=ORIENTED_EDGE('',*,*,#873,.F.);
#263=ORIENTED_EDGE('',*,*,#712,.F.);
#264=ORIENTED_EDGE('',*,*,#874,.T.);
#265=ORIENTED_EDGE('',*,*,#875,.T.);
#266=ORIENTED_EDGE('',*,*,#876,.F.);
#267=ORIENTED_EDGE('',*,*,#716,.F.);
#268=ORIENTED_EDGE('',*,*,#877,.T.);
#269=ORIENTED_EDGE('',*,*,#878,.T.);
#270=ORIENTED_EDGE('',*,*,#879,.F.);
#271=ORIENTED_EDGE('',*,*,#720,.F.);
#272=ORIENTED_EDGE('',*,*,#880,.F.);
#273=ORIENTED_EDGE('',*,*,#881,.T.);
#274=ORIENTED_EDGE('',*,*,#882,.F.);
#275=ORIENTED_EDGE('',*,*,#883,.F.);
#276=ORIENTED_EDGE('',*,*,#884,.F.);
#277=ORIENTED_EDGE('',*,*,#885,.T.);
#278=ORIENTED_EDGE('',*,*,#886,.F.);
#279=ORIENTED_EDGE('',*,*,#887,.F.);
#280=ORIENTED_EDGE('',*,*,#888,.F.);
#281=ORIENTED_EDGE('',*,*,#889,.T.);
#282=ORIENTED_EDGE('',*,*,#890,.F.);
#283=ORIENTED_EDGE('',*,*,#891,.F.);
#284=ORIENTED_EDGE('',*,*,#892,.F.);
#285=ORIENTED_EDGE('',*,*,#893,.T.);
#286=ORIENTED_EDGE('',*,*,#894,.F.);
#287=ORIENTED_EDGE('',*,*,#895,.F.);
#288=ORIENTED_EDGE('',*,*,#896,.F.);
#289=ORIENTED_EDGE('',*,*,#897,.T.);
#290=ORIENTED_EDGE('',*,*,#898,.F.);
#291=ORIENTED_EDGE('',*,*,#899,.F.);
#292=ORIENTED_EDGE('',*,*,#900,.F.);
#293=ORIENTED_EDGE('',*,*,#901,.T.);
#294=ORIENTED_EDGE('',*,*,#902,.F.);
#295=ORIENTED_EDGE('',*,*,#903,.F.);
#296=ORIENTED_EDGE('',*,*,#904,.F.);
#297=ORIENTED_EDGE('',*,*,#905,.T.);
#298=ORIENTED_EDGE('',*,*,#906,.F.);
#299=ORIENTED_EDGE('',*,*,#907,.F.);
#300=ORIENTED_EDGE('',*,*,#908,.F.);
#301=ORIENTED_EDGE('',*,*,#909,.T.);
#302=ORIENTED_EDGE('',*,*,#910,.T.);
#303=ORIENTED_EDGE('',*,*,#911,.T.);
#304=ORIENTED_EDGE('',*,*,#912,.F.);
#305=ORIENTED_EDGE('',*,*,#913,.T.);
#306=ORIENTED_EDGE('',*,*,#914,.T.);
#307=ORIENTED_EDGE('',*,*,#915,.F.);
#308=ORIENTED_EDGE('',*,*,#916,.F.);
#309=ORIENTED_EDGE('',*,*,#902,.T.);
#310=ORIENTED_EDGE('',*,*,#917,.T.);
#311=ORIENTED_EDGE('',*,*,#770,.F.);
#312=ORIENTED_EDGE('',*,*,#918,.F.);
#313=ORIENTED_EDGE('',*,*,#898,.T.);
#314=ORIENTED_EDGE('',*,*,#919,.T.);
#315=ORIENTED_EDGE('',*,*,#774,.F.);
#316=ORIENTED_EDGE('',*,*,#920,.F.);
#317=ORIENTED_EDGE('',*,*,#894,.T.);
#318=ORIENTED_EDGE('',*,*,#921,.T.);
#319=ORIENTED_EDGE('',*,*,#778,.F.);
#320=ORIENTED_EDGE('',*,*,#906,.T.);
#321=ORIENTED_EDGE('',*,*,#922,.T.);
#322=ORIENTED_EDGE('',*,*,#766,.F.);
#323=ORIENTED_EDGE('',*,*,#923,.F.);
#324=ORIENTED_EDGE('',*,*,#882,.T.);
#325=ORIENTED_EDGE('',*,*,#924,.T.);
#326=ORIENTED_EDGE('',*,*,#790,.F.);
#327=ORIENTED_EDGE('',*,*,#925,.F.);
#328=ORIENTED_EDGE('',*,*,#886,.T.);
#329=ORIENTED_EDGE('',*,*,#926,.T.);
#330=ORIENTED_EDGE('',*,*,#786,.F.);
#331=ORIENTED_EDGE('',*,*,#927,.F.);
#332=ORIENTED_EDGE('',*,*,#890,.T.);
#333=ORIENTED_EDGE('',*,*,#928,.T.);
#334=ORIENTED_EDGE('',*,*,#782,.F.);
#335=ORIENTED_EDGE('',*,*,#929,.F.);
#336=ORIENTED_EDGE('',*,*,#911,.F.);
#337=ORIENTED_EDGE('',*,*,#930,.T.);
#338=ORIENTED_EDGE('',*,*,#761,.T.);
#339=ORIENTED_EDGE('',*,*,#931,.T.);
#340=ORIENTED_EDGE('',*,*,#909,.F.);
#341=ORIENTED_EDGE('',*,*,#932,.T.);
#342=ORIENTED_EDGE('',*,*,#763,.T.);
#343=ORIENTED_EDGE('',*,*,#933,.T.);
#344=ORIENTED_EDGE('',*,*,#934,.F.);
#345=ORIENTED_EDGE('',*,*,#912,.T.);
#346=ORIENTED_EDGE('',*,*,#931,.F.);
#347=ORIENTED_EDGE('',*,*,#760,.F.);
#348=ORIENTED_EDGE('',*,*,#762,.F.);
#349=ORIENTED_EDGE('',*,*,#930,.F.);
#350=ORIENTED_EDGE('',*,*,#910,.F.);
#351=ORIENTED_EDGE('',*,*,#933,.F.);
#352=ORIENTED_EDGE('',*,*,#935,.F.);
#353=ORIENTED_EDGE('',*,*,#841,.T.);
#354=ORIENTED_EDGE('',*,*,#936,.F.);
#355=ORIENTED_EDGE('',*,*,#737,.F.);
#356=ORIENTED_EDGE('',*,*,#743,.T.);
#357=ORIENTED_EDGE('',*,*,#937,.F.);
#358=ORIENTED_EDGE('',*,*,#835,.F.);
#359=ORIENTED_EDGE('',*,*,#938,.F.);
#360=ORIENTED_EDGE('',*,*,#939,.F.);
#361=ORIENTED_EDGE('',*,*,#843,.T.);
#362=ORIENTED_EDGE('',*,*,#940,.F.);
#363=ORIENTED_EDGE('',*,*,#735,.F.);
#364=ORIENTED_EDGE('',*,*,#941,.F.);
#365=ORIENTED_EDGE('',*,*,#837,.T.);
#366=ORIENTED_EDGE('',*,*,#942,.F.);
#367=ORIENTED_EDGE('',*,*,#741,.F.);
#368=ORIENTED_EDGE('',*,*,#739,.T.);
#369=ORIENTED_EDGE('',*,*,#943,.F.);
#370=ORIENTED_EDGE('',*,*,#839,.F.);
#371=ORIENTED_EDGE('',*,*,#944,.F.);
#372=ORIENTED_EDGE('',*,*,#940,.T.);
#373=ORIENTED_EDGE('',*,*,#842,.T.);
#374=ORIENTED_EDGE('',*,*,#935,.T.);
#375=ORIENTED_EDGE('',*,*,#736,.F.);
#376=ORIENTED_EDGE('',*,*,#938,.T.);
#377=ORIENTED_EDGE('',*,*,#834,.T.);
#378=ORIENTED_EDGE('',*,*,#939,.T.);
#379=ORIENTED_EDGE('',*,*,#734,.F.);
#380=ORIENTED_EDGE('',*,*,#942,.T.);
#381=ORIENTED_EDGE('',*,*,#836,.T.);
#382=ORIENTED_EDGE('',*,*,#937,.T.);
#383=ORIENTED_EDGE('',*,*,#742,.F.);
#384=ORIENTED_EDGE('',*,*,#936,.T.);
#385=ORIENTED_EDGE('',*,*,#840,.T.);
#386=ORIENTED_EDGE('',*,*,#943,.T.);
#387=ORIENTED_EDGE('',*,*,#738,.F.);
#388=ORIENTED_EDGE('',*,*,#944,.T.);
#389=ORIENTED_EDGE('',*,*,#838,.T.);
#390=ORIENTED_EDGE('',*,*,#941,.T.);
#391=ORIENTED_EDGE('',*,*,#740,.F.);
#392=ORIENTED_EDGE('',*,*,#730,.T.);
#393=ORIENTED_EDGE('',*,*,#945,.F.);
#394=ORIENTED_EDGE('',*,*,#833,.F.);
#395=ORIENTED_EDGE('',*,*,#946,.F.);
#396=ORIENTED_EDGE('',*,*,#732,.T.);
#397=ORIENTED_EDGE('',*,*,#947,.F.);
#398=ORIENTED_EDGE('',*,*,#831,.F.);
#399=ORIENTED_EDGE('',*,*,#948,.F.);
#400=ORIENTED_EDGE('',*,*,#728,.T.);
#401=ORIENTED_EDGE('',*,*,#949,.F.);
#402=ORIENTED_EDGE('',*,*,#829,.F.);
#403=ORIENTED_EDGE('',*,*,#950,.F.);
#404=ORIENTED_EDGE('',*,*,#950,.T.);
#405=ORIENTED_EDGE('',*,*,#828,.T.);
#406=ORIENTED_EDGE('',*,*,#945,.T.);
#407=ORIENTED_EDGE('',*,*,#729,.F.);
#408=ORIENTED_EDGE('',*,*,#948,.T.);
#409=ORIENTED_EDGE('',*,*,#830,.T.);
#410=ORIENTED_EDGE('',*,*,#949,.T.);
#411=ORIENTED_EDGE('',*,*,#733,.F.);
#412=ORIENTED_EDGE('',*,*,#946,.T.);
#413=ORIENTED_EDGE('',*,*,#832,.T.);
#414=ORIENTED_EDGE('',*,*,#947,.T.);
#415=ORIENTED_EDGE('',*,*,#731,.F.);
#416=ORIENTED_EDGE('',*,*,#951,.F.);
#417=ORIENTED_EDGE('',*,*,#825,.T.);
#418=ORIENTED_EDGE('',*,*,#952,.F.);
#419=ORIENTED_EDGE('',*,*,#749,.F.);
#420=ORIENTED_EDGE('',*,*,#953,.F.);
#421=ORIENTED_EDGE('',*,*,#827,.T.);
#422=ORIENTED_EDGE('',*,*,#954,.F.);
#423=ORIENTED_EDGE('',*,*,#747,.F.);
#424=ORIENTED_EDGE('',*,*,#955,.F.);
#425=ORIENTED_EDGE('',*,*,#823,.T.);
#426=ORIENTED_EDGE('',*,*,#956,.F.);
#427=ORIENTED_EDGE('',*,*,#745,.F.);
#428=ORIENTED_EDGE('',*,*,#956,.T.);
#429=ORIENTED_EDGE('',*,*,#822,.T.);
#430=ORIENTED_EDGE('',*,*,#953,.T.);
#431=ORIENTED_EDGE('',*,*,#746,.F.);
#432=ORIENTED_EDGE('',*,*,#952,.T.);
#433=ORIENTED_EDGE('',*,*,#824,.T.);
#434=ORIENTED_EDGE('',*,*,#955,.T.);
#435=ORIENTED_EDGE('',*,*,#744,.F.);
#436=ORIENTED_EDGE('',*,*,#954,.T.);
#437=ORIENTED_EDGE('',*,*,#826,.T.);
#438=ORIENTED_EDGE('',*,*,#951,.T.);
#439=ORIENTED_EDGE('',*,*,#748,.F.);
#440=ORIENTED_EDGE('',*,*,#750,.T.);
#441=ORIENTED_EDGE('',*,*,#957,.F.);
#442=ORIENTED_EDGE('',*,*,#845,.F.);
#443=ORIENTED_EDGE('',*,*,#958,.F.);
#444=ORIENTED_EDGE('',*,*,#754,.T.);
#445=ORIENTED_EDGE('',*,*,#959,.F.);
#446=ORIENTED_EDGE('',*,*,#847,.F.);
#447=ORIENTED_EDGE('',*,*,#960,.F.);
#448=ORIENTED_EDGE('',*,*,#961,.F.);
#449=ORIENTED_EDGE('',*,*,#849,.T.);
#450=ORIENTED_EDGE('',*,*,#962,.F.);
#451=ORIENTED_EDGE('',*,*,#752,.F.);
#452=ORIENTED_EDGE('',*,*,#960,.T.);
#453=ORIENTED_EDGE('',*,*,#846,.T.);
#454=ORIENTED_EDGE('',*,*,#957,.T.);
#455=ORIENTED_EDGE('',*,*,#755,.F.);
#456=ORIENTED_EDGE('',*,*,#958,.T.);
#457=ORIENTED_EDGE('',*,*,#844,.T.);
#458=ORIENTED_EDGE('',*,*,#961,.T.);
#459=ORIENTED_EDGE('',*,*,#751,.F.);
#460=ORIENTED_EDGE('',*,*,#962,.T.);
#461=ORIENTED_EDGE('',*,*,#848,.T.);
#462=ORIENTED_EDGE('',*,*,#959,.T.);
#463=ORIENTED_EDGE('',*,*,#753,.F.);
#464=ORIENTED_EDGE('',*,*,#963,.F.);
#465=ORIENTED_EDGE('',*,*,#891,.T.);
#466=ORIENTED_EDGE('',*,*,#929,.T.);
#467=ORIENTED_EDGE('',*,*,#781,.F.);
#468=ORIENTED_EDGE('',*,*,#779,.T.);
#469=ORIENTED_EDGE('',*,*,#921,.F.);
#470=ORIENTED_EDGE('',*,*,#893,.F.);
#471=ORIENTED_EDGE('',*,*,#964,.T.);
#472=ORIENTED_EDGE('',*,*,#964,.F.);
#473=ORIENTED_EDGE('',*,*,#892,.T.);
#474=ORIENTED_EDGE('',*,*,#963,.T.);
#475=ORIENTED_EDGE('',*,*,#780,.F.);
#476=ORIENTED_EDGE('',*,*,#965,.F.);
#477=ORIENTED_EDGE('',*,*,#887,.T.);
#478=ORIENTED_EDGE('',*,*,#927,.T.);
#479=ORIENTED_EDGE('',*,*,#785,.F.);
#480=ORIENTED_EDGE('',*,*,#783,.T.);
#481=ORIENTED_EDGE('',*,*,#928,.F.);
#482=ORIENTED_EDGE('',*,*,#889,.F.);
#483=ORIENTED_EDGE('',*,*,#966,.T.);
#484=ORIENTED_EDGE('',*,*,#966,.F.);
#485=ORIENTED_EDGE('',*,*,#888,.T.);
#486=ORIENTED_EDGE('',*,*,#965,.T.);
#487=ORIENTED_EDGE('',*,*,#784,.F.);
#488=ORIENTED_EDGE('',*,*,#967,.F.);
#489=ORIENTED_EDGE('',*,*,#883,.T.);
#490=ORIENTED_EDGE('',*,*,#925,.T.);
#491=ORIENTED_EDGE('',*,*,#789,.F.);
#492=ORIENTED_EDGE('',*,*,#787,.T.);
#493=ORIENTED_EDGE('',*,*,#926,.F.);
#494=ORIENTED_EDGE('',*,*,#885,.F.);
#495=ORIENTED_EDGE('',*,*,#968,.T.);
#496=ORIENTED_EDGE('',*,*,#968,.F.);
#497=ORIENTED_EDGE('',*,*,#884,.T.);
#498=ORIENTED_EDGE('',*,*,#967,.T.);
#499=ORIENTED_EDGE('',*,*,#788,.F.);
#500=ORIENTED_EDGE('',*,*,#969,.F.);
#501=ORIENTED_EDGE('',*,*,#907,.T.);
#502=ORIENTED_EDGE('',*,*,#923,.T.);
#503=ORIENTED_EDGE('',*,*,#765,.F.);
#504=ORIENTED_EDGE('',*,*,#932,.F.);
#505=ORIENTED_EDGE('',*,*,#908,.T.);
#506=ORIENTED_EDGE('',*,*,#969,.T.);
#507=ORIENTED_EDGE('',*,*,#764,.F.);
#508=ORIENTED_EDGE('',*,*,#970,.F.);
#509=ORIENTED_EDGE('',*,*,#895,.T.);
#510=ORIENTED_EDGE('',*,*,#920,.T.);
#511=ORIENTED_EDGE('',*,*,#777,.F.);
#512=ORIENTED_EDGE('',*,*,#775,.T.);
#513=ORIENTED_EDGE('',*,*,#919,.F.);
#514=ORIENTED_EDGE('',*,*,#897,.F.);
#515=ORIENTED_EDGE('',*,*,#971,.T.);
#516=ORIENTED_EDGE('',*,*,#971,.F.);
#517=ORIENTED_EDGE('',*,*,#896,.T.);
#518=ORIENTED_EDGE('',*,*,#970,.T.);
#519=ORIENTED_EDGE('',*,*,#776,.F.);
#520=ORIENTED_EDGE('',*,*,#972,.F.);
#521=ORIENTED_EDGE('',*,*,#899,.T.);
#522=ORIENTED_EDGE('',*,*,#918,.T.);
#523=ORIENTED_EDGE('',*,*,#773,.F.);
#524=ORIENTED_EDGE('',*,*,#771,.T.);
#525=ORIENTED_EDGE('',*,*,#917,.F.);
#526=ORIENTED_EDGE('',*,*,#901,.F.);
#527=ORIENTED_EDGE('',*,*,#973,.T.);
#528=ORIENTED_EDGE('',*,*,#973,.F.);
#529=ORIENTED_EDGE('',*,*,#900,.T.);
#530=ORIENTED_EDGE('',*,*,#972,.T.);
#531=ORIENTED_EDGE('',*,*,#772,.F.);
#532=ORIENTED_EDGE('',*,*,#974,.F.);
#533=ORIENTED_EDGE('',*,*,#903,.T.);
#534=ORIENTED_EDGE('',*,*,#916,.T.);
#535=ORIENTED_EDGE('',*,*,#769,.F.);
#536=ORIENTED_EDGE('',*,*,#767,.T.);
#537=ORIENTED_EDGE('',*,*,#922,.F.);
#538=ORIENTED_EDGE('',*,*,#905,.F.);
#539=ORIENTED_EDGE('',*,*,#975,.T.);
#540=ORIENTED_EDGE('',*,*,#975,.F.);
#541=ORIENTED_EDGE('',*,*,#904,.T.);
#542=ORIENTED_EDGE('',*,*,#974,.T.);
#543=ORIENTED_EDGE('',*,*,#768,.F.);
#544=ORIENTED_EDGE('',*,*,#791,.T.);
#545=ORIENTED_EDGE('',*,*,#924,.F.);
#546=ORIENTED_EDGE('',*,*,#881,.F.);
#547=ORIENTED_EDGE('',*,*,#976,.T.);
#548=ORIENTED_EDGE('',*,*,#976,.F.);
#549=ORIENTED_EDGE('',*,*,#880,.T.);
#550=ORIENTED_EDGE('',*,*,#723,.T.);
#551=ORIENTED_EDGE('',*,*,#792,.F.);
#552=ORIENTED_EDGE('',*,*,#759,.T.);
#553=ORIENTED_EDGE('',*,*,#977,.F.);
#554=ORIENTED_EDGE('',*,*,#913,.F.);
#555=ORIENTED_EDGE('',*,*,#934,.T.);
#556=ORIENTED_EDGE('',*,*,#757,.F.);
#557=ORIENTED_EDGE('',*,*,#726,.F.);
#558=ORIENTED_EDGE('',*,*,#915,.T.);
#559=ORIENTED_EDGE('',*,*,#978,.T.);
#560=ORIENTED_EDGE('',*,*,#758,.T.);
#561=ORIENTED_EDGE('',*,*,#978,.F.);
#562=ORIENTED_EDGE('',*,*,#914,.F.);
#563=ORIENTED_EDGE('',*,*,#977,.T.);
#564=ORIENTED_EDGE('',*,*,#795,.T.);
#565=ORIENTED_EDGE('',*,*,#979,.F.);
#566=ORIENTED_EDGE('',*,*,#877,.F.);
#567=ORIENTED_EDGE('',*,*,#719,.T.);
#568=ORIENTED_EDGE('',*,*,#793,.F.);
#569=ORIENTED_EDGE('',*,*,#721,.F.);
#570=ORIENTED_EDGE('',*,*,#879,.T.);
#571=ORIENTED_EDGE('',*,*,#980,.T.);
#572=ORIENTED_EDGE('',*,*,#794,.T.);
#573=ORIENTED_EDGE('',*,*,#980,.F.);
#574=ORIENTED_EDGE('',*,*,#878,.F.);
#575=ORIENTED_EDGE('',*,*,#979,.T.);
#576=ORIENTED_EDGE('',*,*,#798,.T.);
#577=ORIENTED_EDGE('',*,*,#981,.F.);
#578=ORIENTED_EDGE('',*,*,#874,.F.);
#579=ORIENTED_EDGE('',*,*,#715,.T.);
#580=ORIENTED_EDGE('',*,*,#796,.F.);
#581=ORIENTED_EDGE('',*,*,#717,.F.);
#582=ORIENTED_EDGE('',*,*,#876,.T.);
#583=ORIENTED_EDGE('',*,*,#982,.T.);
#584=ORIENTED_EDGE('',*,*,#797,.T.);
#585=ORIENTED_EDGE('',*,*,#982,.F.);
#586=ORIENTED_EDGE('',*,*,#875,.F.);
#587=ORIENTED_EDGE('',*,*,#981,.T.);
#588=ORIENTED_EDGE('',*,*,#801,.T.);
#589=ORIENTED_EDGE('',*,*,#983,.F.);
#590=ORIENTED_EDGE('',*,*,#871,.F.);
#591=ORIENTED_EDGE('',*,*,#711,.T.);
#592=ORIENTED_EDGE('',*,*,#799,.F.);
#593=ORIENTED_EDGE('',*,*,#713,.F.);
#594=ORIENTED_EDGE('',*,*,#873,.T.);
#595=ORIENTED_EDGE('',*,*,#984,.T.);
#596=ORIENTED_EDGE('',*,*,#800,.T.);
#597=ORIENTED_EDGE('',*,*,#984,.F.);
#598=ORIENTED_EDGE('',*,*,#872,.F.);
#599=ORIENTED_EDGE('',*,*,#983,.T.);
#600=ORIENTED_EDGE('',*,*,#804,.T.);
#601=ORIENTED_EDGE('',*,*,#985,.F.);
#602=ORIENTED_EDGE('',*,*,#868,.F.);
#603=ORIENTED_EDGE('',*,*,#707,.T.);
#604=ORIENTED_EDGE('',*,*,#802,.F.);
#605=ORIENTED_EDGE('',*,*,#709,.F.);
#606=ORIENTED_EDGE('',*,*,#870,.T.);
#607=ORIENTED_EDGE('',*,*,#986,.T.);
#608=ORIENTED_EDGE('',*,*,#803,.T.);
#609=ORIENTED_EDGE('',*,*,#986,.F.);
#610=ORIENTED_EDGE('',*,*,#869,.F.);
#611=ORIENTED_EDGE('',*,*,#985,.T.);
#612=ORIENTED_EDGE('',*,*,#807,.T.);
#613=ORIENTED_EDGE('',*,*,#987,.F.);
#614=ORIENTED_EDGE('',*,*,#865,.F.);
#615=ORIENTED_EDGE('',*,*,#703,.T.);
#616=ORIENTED_EDGE('',*,*,#805,.F.);
#617=ORIENTED_EDGE('',*,*,#705,.F.);
#618=ORIENTED_EDGE('',*,*,#867,.T.);
#619=ORIENTED_EDGE('',*,*,#988,.T.);
#620=ORIENTED_EDGE('',*,*,#806,.T.);
#621=ORIENTED_EDGE('',*,*,#988,.F.);
#622=ORIENTED_EDGE('',*,*,#866,.F.);
#623=ORIENTED_EDGE('',*,*,#987,.T.);
#624=ORIENTED_EDGE('',*,*,#810,.T.);
#625=ORIENTED_EDGE('',*,*,#989,.F.);
#626=ORIENTED_EDGE('',*,*,#862,.F.);
#627=ORIENTED_EDGE('',*,*,#699,.T.);
#628=ORIENTED_EDGE('',*,*,#808,.F.);
#629=ORIENTED_EDGE('',*,*,#701,.F.);
#630=ORIENTED_EDGE('',*,*,#864,.T.);
#631=ORIENTED_EDGE('',*,*,#990,.T.);
#632=ORIENTED_EDGE('',*,*,#809,.T.);
#633=ORIENTED_EDGE('',*,*,#990,.F.);
#634=ORIENTED_EDGE('',*,*,#863,.F.);
#635=ORIENTED_EDGE('',*,*,#989,.T.);
#636=ORIENTED_EDGE('',*,*,#813,.T.);
#637=ORIENTED_EDGE('',*,*,#991,.F.);
#638=ORIENTED_EDGE('',*,*,#859,.F.);
#639=ORIENTED_EDGE('',*,*,#695,.T.);
#640=ORIENTED_EDGE('',*,*,#811,.F.);
#641=ORIENTED_EDGE('',*,*,#697,.F.);
#642=ORIENTED_EDGE('',*,*,#861,.T.);
#643=ORIENTED_EDGE('',*,*,#992,.T.);
#644=ORIENTED_EDGE('',*,*,#812,.T.);
#645=ORIENTED_EDGE('',*,*,#992,.F.);
#646=ORIENTED_EDGE('',*,*,#860,.F.);
#647=ORIENTED_EDGE('',*,*,#991,.T.);
#648=ORIENTED_EDGE('',*,*,#816,.T.);
#649=ORIENTED_EDGE('',*,*,#993,.F.);
#650=ORIENTED_EDGE('',*,*,#856,.F.);
#651=ORIENTED_EDGE('',*,*,#691,.T.);
#652=ORIENTED_EDGE('',*,*,#814,.F.);
#653=ORIENTED_EDGE('',*,*,#693,.F.);
#654=ORIENTED_EDGE('',*,*,#858,.T.);
#655=ORIENTED_EDGE('',*,*,#994,.T.);
#656=ORIENTED_EDGE('',*,*,#815,.T.);
#657=ORIENTED_EDGE('',*,*,#994,.F.);
#658=ORIENTED_EDGE('',*,*,#857,.F.);
#659=ORIENTED_EDGE('',*,*,#993,.T.);
#660=ORIENTED_EDGE('',*,*,#819,.T.);
#661=ORIENTED_EDGE('',*,*,#995,.F.);
#662=ORIENTED_EDGE('',*,*,#853,.F.);
#663=ORIENTED_EDGE('',*,*,#687,.T.);
#664=ORIENTED_EDGE('',*,*,#817,.F.);
#665=ORIENTED_EDGE('',*,*,#689,.F.);
#666=ORIENTED_EDGE('',*,*,#855,.T.);
#667=ORIENTED_EDGE('',*,*,#996,.T.);
#668=ORIENTED_EDGE('',*,*,#818,.T.);
#669=ORIENTED_EDGE('',*,*,#996,.F.);
#670=ORIENTED_EDGE('',*,*,#854,.F.);
#671=ORIENTED_EDGE('',*,*,#995,.T.);
#672=ORIENTED_EDGE('',*,*,#756,.T.);
#673=ORIENTED_EDGE('',*,*,#997,.F.);
#674=ORIENTED_EDGE('',*,*,#850,.F.);
#675=ORIENTED_EDGE('',*,*,#724,.T.);
#676=ORIENTED_EDGE('',*,*,#820,.F.);
#677=ORIENTED_EDGE('',*,*,#685,.F.);
#678=ORIENTED_EDGE('',*,*,#852,.T.);
#679=ORIENTED_EDGE('',*,*,#998,.T.);
#680=ORIENTED_EDGE('',*,*,#821,.T.);
#681=ORIENTED_EDGE('',*,*,#998,.F.);
#682=ORIENTED_EDGE('',*,*,#851,.F.);
#683=ORIENTED_EDGE('',*,*,#997,.T.);
#684=EDGE_CURVE('',#999,#1000,#1209,.T.);
#685=EDGE_CURVE('',#1000,#1001,#1210,.T.);
#686=EDGE_CURVE('',#1002,#1001,#1211,.T.);
#687=EDGE_CURVE('',#999,#1002,#1212,.T.);
#688=EDGE_CURVE('',#1003,#1004,#1213,.T.);
#689=EDGE_CURVE('',#1004,#1005,#1214,.T.);
#690=EDGE_CURVE('',#1006,#1005,#1215,.T.);
#691=EDGE_CURVE('',#1003,#1006,#1216,.T.);
#692=EDGE_CURVE('',#1007,#1008,#1217,.T.);
#693=EDGE_CURVE('',#1008,#1009,#1218,.T.);
#694=EDGE_CURVE('',#1010,#1009,#1219,.T.);
#695=EDGE_CURVE('',#1007,#1010,#1220,.T.);
#696=EDGE_CURVE('',#1011,#1012,#1221,.T.);
#697=EDGE_CURVE('',#1012,#1013,#1222,.T.);
#698=EDGE_CURVE('',#1014,#1013,#1223,.T.);
#699=EDGE_CURVE('',#1011,#1014,#1224,.T.);
#700=EDGE_CURVE('',#1015,#1016,#1225,.T.);
#701=EDGE_CURVE('',#1016,#1017,#1226,.T.);
#702=EDGE_CURVE('',#1018,#1017,#1227,.T.);
#703=EDGE_CURVE('',#1015,#1018,#1228,.T.);
#704=EDGE_CURVE('',#1019,#1020,#1229,.T.);
#705=EDGE_CURVE('',#1020,#1021,#1230,.T.);
#706=EDGE_CURVE('',#1022,#1021,#1231,.T.);
#707=EDGE_CURVE('',#1019,#1022,#1232,.T.);
#708=EDGE_CURVE('',#1023,#1024,#1233,.T.);
#709=EDGE_CURVE('',#1024,#1025,#1234,.T.);
#710=EDGE_CURVE('',#1026,#1025,#1235,.T.);
#711=EDGE_CURVE('',#1023,#1026,#1236,.T.);
#712=EDGE_CURVE('',#1027,#1028,#1237,.T.);
#713=EDGE_CURVE('',#1028,#1029,#1238,.T.);
#714=EDGE_CURVE('',#1030,#1029,#1239,.T.);
#715=EDGE_CURVE('',#1027,#1030,#1240,.T.);
#716=EDGE_CURVE('',#1031,#1032,#1241,.T.);
#717=EDGE_CURVE('',#1032,#1033,#1242,.T.);
#718=EDGE_CURVE('',#1034,#1033,#1243,.T.);
#719=EDGE_CURVE('',#1031,#1034,#1244,.T.);
#720=EDGE_CURVE('',#1035,#1036,#1245,.T.);
#721=EDGE_CURVE('',#1036,#1037,#1246,.T.);
#722=EDGE_CURVE('',#1038,#1037,#1247,.T.);
#723=EDGE_CURVE('',#1035,#1038,#1248,.T.);
#724=EDGE_CURVE('',#1039,#1040,#1249,.T.);
#725=EDGE_CURVE('',#1039,#1041,#1250,.T.);
#726=EDGE_CURVE('',#1041,#1042,#1251,.T.);
#727=EDGE_CURVE('',#1040,#1042,#1252,.T.);
#728=EDGE_CURVE('',#1043,#1044,#1253,.T.);
#729=EDGE_CURVE('',#1043,#1045,#26,.T.);
#730=EDGE_CURVE('',#1046,#1045,#1254,.T.);
#731=EDGE_CURVE('',#1046,#1047,#27,.T.);
#732=EDGE_CURVE('',#1048,#1047,#1255,.T.);
#733=EDGE_CURVE('',#1048,#1044,#28,.T.);
#734=EDGE_CURVE('',#1049,#1050,#29,.T.);
#735=EDGE_CURVE('',#1050,#1051,#1256,.T.);
#736=EDGE_CURVE('',#1051,#1052,#30,.T.);
#737=EDGE_CURVE('',#1052,#1053,#1257,.T.);
#738=EDGE_CURVE('',#1053,#1054,#31,.T.);
#739=EDGE_CURVE('',#1055,#1054,#1258,.T.);
#740=EDGE_CURVE('',#1055,#1056,#32,.T.);
#741=EDGE_CURVE('',#1056,#1057,#1259,.T.);
#742=EDGE_CURVE('',#1057,#1058,#33,.T.);
#743=EDGE_CURVE('',#1049,#1058,#1260,.T.);
#744=EDGE_CURVE('',#1059,#1060,#34,.T.);
#745=EDGE_CURVE('',#1060,#1061,#1261,.T.);
#746=EDGE_CURVE('',#1061,#1062,#35,.T.);
#747=EDGE_CURVE('',#1062,#1063,#1262,.T.);
#748=EDGE_CURVE('',#1063,#1064,#36,.T.);
#749=EDGE_CURVE('',#1064,#1059,#1263,.T.);
#750=EDGE_CURVE('',#1065,#1066,#1264,.T.);
#751=EDGE_CURVE('',#1065,#1067,#37,.T.);
#752=EDGE_CURVE('',#1067,#1068,#1265,.T.);
#753=EDGE_CURVE('',#1068,#1069,#38,.T.);
#754=EDGE_CURVE('',#1070,#1069,#1266,.T.);
#755=EDGE_CURVE('',#1070,#1066,#39,.T.);
#756=EDGE_CURVE('',#1040,#1071,#1267,.T.);
#757=EDGE_CURVE('',#1042,#1072,#1268,.T.);
#758=EDGE_CURVE('',#1073,#1072,#1269,.T.);
#759=EDGE_CURVE('',#1074,#1073,#1270,.T.);
#760=EDGE_CURVE('',#1074,#1075,#1271,.T.);
#761=EDGE_CURVE('',#1076,#1075,#1272,.T.);
#762=EDGE_CURVE('',#1076,#1077,#1273,.F.);
#763=EDGE_CURVE('',#1078,#1077,#1274,.T.);
#764=EDGE_CURVE('',#1078,#1079,#1275,.T.);
#765=EDGE_CURVE('',#1079,#1080,#1276,.T.);
#766=EDGE_CURVE('',#1080,#1081,#1277,.T.);
#767=EDGE_CURVE('',#1082,#1081,#1278,.T.);
#768=EDGE_CURVE('',#1082,#1083,#1279,.T.);
#769=EDGE_CURVE('',#1083,#1084,#1280,.T.);
#770=EDGE_CURVE('',#1084,#1085,#1281,.T.);
#771=EDGE_CURVE('',#1086,#1085,#1282,.T.);
#772=EDGE_CURVE('',#1086,#1087,#1283,.T.);
#773=EDGE_CURVE('',#1087,#1088,#1284,.T.);
#774=EDGE_CURVE('',#1088,#1089,#1285,.T.);
#775=EDGE_CURVE('',#1090,#1089,#1286,.T.);
#776=EDGE_CURVE('',#1090,#1091,#1287,.T.);
#777=EDGE_CURVE('',#1091,#1092,#1288,.T.);
#778=EDGE_CURVE('',#1092,#1093,#1289,.T.);
#779=EDGE_CURVE('',#1094,#1093,#1290,.T.);
#780=EDGE_CURVE('',#1094,#1095,#1291,.T.);
#781=EDGE_CURVE('',#1095,#1096,#1292,.T.);
#782=EDGE_CURVE('',#1096,#1097,#1293,.T.);
#783=EDGE_CURVE('',#1098,#1097,#1294,.T.);
#784=EDGE_CURVE('',#1098,#1099,#1295,.T.);
#785=EDGE_CURVE('',#1099,#1100,#1296,.T.);
#786=EDGE_CURVE('',#1100,#1101,#1297,.T.);
#787=EDGE_CURVE('',#1102,#1101,#1298,.T.);
#788=EDGE_CURVE('',#1102,#1103,#1299,.T.);
#789=EDGE_CURVE('',#1103,#1104,#1300,.T.);
#790=EDGE_CURVE('',#1104,#1105,#1301,.T.);
#791=EDGE_CURVE('',#1106,#1105,#1302,.T.);
#792=EDGE_CURVE('',#1106,#1038,#1303,.T.);
#793=EDGE_CURVE('',#1037,#1107,#1304,.T.);
#794=EDGE_CURVE('',#1108,#1107,#1305,.T.);
#795=EDGE_CURVE('',#1034,#1108,#1306,.T.);
#796=EDGE_CURVE('',#1033,#1109,#1307,.T.);
#797=EDGE_CURVE('',#1110,#1109,#1308,.T.);
#798=EDGE_CURVE('',#1030,#1110,#1309,.T.);
#799=EDGE_CURVE('',#1029,#1111,#1310,.T.);
#800=EDGE_CURVE('',#1112,#1111,#1311,.T.);
#801=EDGE_CURVE('',#1026,#1112,#1312,.T.);
#802=EDGE_CURVE('',#1025,#1113,#1313,.T.);
#803=EDGE_CURVE('',#1114,#1113,#1314,.T.);
#804=EDGE_CURVE('',#1022,#1114,#1315,.T.);
#805=EDGE_CURVE('',#1021,#1115,#1316,.T.);
#806=EDGE_CURVE('',#1116,#1115,#1317,.T.);
#807=EDGE_CURVE('',#1018,#1116,#1318,.T.);
#808=EDGE_CURVE('',#1017,#1117,#1319,.T.);
#809=EDGE_CURVE('',#1118,#1117,#1320,.T.);
#810=EDGE_CURVE('',#1014,#1118,#1321,.T.);
#811=EDGE_CURVE('',#1013,#1119,#1322,.T.);
#812=EDGE_CURVE('',#1120,#1119,#1323,.T.);
#813=EDGE_CURVE('',#1010,#1120,#1324,.T.);
#814=EDGE_CURVE('',#1009,#1121,#1325,.T.);
#815=EDGE_CURVE('',#1122,#1121,#1326,.T.);
#816=EDGE_CURVE('',#1006,#1122,#1327,.T.);
#817=EDGE_CURVE('',#1005,#1123,#1328,.T.);
#818=EDGE_CURVE('',#1124,#1123,#1329,.T.);
#819=EDGE_CURVE('',#1002,#1124,#1330,.T.);
#820=EDGE_CURVE('',#1001,#1125,#1331,.T.);
#821=EDGE_CURVE('',#1071,#1125,#1332,.T.);
#822=EDGE_CURVE('',#1126,#1127,#40,.T.);
#823=EDGE_CURVE('',#1128,#1126,#1333,.T.);
#824=EDGE_CURVE('',#1129,#1128,#41,.T.);
#825=EDGE_CURVE('',#1130,#1129,#1334,.T.);
#826=EDGE_CURVE('',#1131,#1130,#42,.T.);
#827=EDGE_CURVE('',#1127,#1131,#1335,.T.);
#828=EDGE_CURVE('',#1132,#1133,#43,.T.);
#829=EDGE_CURVE('',#1132,#1134,#1336,.T.);
#830=EDGE_CURVE('',#1135,#1134,#44,.T.);
#831=EDGE_CURVE('',#1135,#1136,#1337,.T.);
#832=EDGE_CURVE('',#1137,#1136,#45,.T.);
#833=EDGE_CURVE('',#1137,#1133,#1338,.T.);
#834=EDGE_CURVE('',#1138,#1139,#46,.T.);
#835=EDGE_CURVE('',#1138,#1140,#1339,.T.);
#836=EDGE_CURVE('',#1141,#1140,#47,.T.);
#837=EDGE_CURVE('',#1142,#1141,#1340,.T.);
#838=EDGE_CURVE('',#1143,#1142,#48,.T.);
#839=EDGE_CURVE('',#1143,#1144,#1341,.T.);
#840=EDGE_CURVE('',#1145,#1144,#49,.T.);
#841=EDGE_CURVE('',#1146,#1145,#1342,.T.);
#842=EDGE_CURVE('',#1147,#1146,#50,.T.);
#843=EDGE_CURVE('',#1139,#1147,#1343,.T.);
#844=EDGE_CURVE('',#1148,#1149,#51,.T.);
#845=EDGE_CURVE('',#1148,#1150,#1344,.T.);
#846=EDGE_CURVE('',#1151,#1150,#52,.T.);
#847=EDGE_CURVE('',#1151,#1152,#1345,.T.);
#848=EDGE_CURVE('',#1153,#1152,#53,.T.);
#849=EDGE_CURVE('',#1149,#1153,#1346,.T.);
#850=EDGE_CURVE('',#1039,#1154,#1347,.T.);
#851=EDGE_CURVE('',#1154,#1155,#1348,.T.);
#852=EDGE_CURVE('',#1000,#1155,#1349,.T.);
#853=EDGE_CURVE('',#999,#1156,#1350,.T.);
#854=EDGE_CURVE('',#1156,#1157,#1351,.T.);
#855=EDGE_CURVE('',#1004,#1157,#1352,.T.);
#856=EDGE_CURVE('',#1003,#1158,#1353,.T.);
#857=EDGE_CURVE('',#1158,#1159,#1354,.T.);
#858=EDGE_CURVE('',#1008,#1159,#1355,.T.);
#859=EDGE_CURVE('',#1007,#1160,#1356,.T.);
#860=EDGE_CURVE('',#1160,#1161,#1357,.T.);
#861=EDGE_CURVE('',#1012,#1161,#1358,.T.);
#862=EDGE_CURVE('',#1011,#1162,#1359,.T.);
#863=EDGE_CURVE('',#1162,#1163,#1360,.T.);
#864=EDGE_CURVE('',#1016,#1163,#1361,.T.);
#865=EDGE_CURVE('',#1015,#1164,#1362,.T.);
#866=EDGE_CURVE('',#1164,#1165,#1363,.T.);
#867=EDGE_CURVE('',#1020,#1165,#1364,.T.);
#868=EDGE_CURVE('',#1019,#1166,#1365,.T.);
#869=EDGE_CURVE('',#1166,#1167,#1366,.T.);
#870=EDGE_CURVE('',#1024,#1167,#1367,.T.);
#871=EDGE_CURVE('',#1023,#1168,#1368,.T.);
#872=EDGE_CURVE('',#1168,#1169,#1369,.T.);
#873=EDGE_CURVE('',#1028,#1169,#1370,.T.);
#874=EDGE_CURVE('',#1027,#1170,#1371,.T.);
#875=EDGE_CURVE('',#1170,#1171,#1372,.T.);
#876=EDGE_CURVE('',#1032,#1171,#1373,.T.);
#877=EDGE_CURVE('',#1031,#1172,#1374,.T.);
#878=EDGE_CURVE('',#1172,#1173,#1375,.T.);
#879=EDGE_CURVE('',#1036,#1173,#1376,.T.);
#880=EDGE_CURVE('',#1174,#1035,#1377,.T.);
#881=EDGE_CURVE('',#1174,#1175,#1378,.T.);
#882=EDGE_CURVE('',#1176,#1175,#1379,.T.);
#883=EDGE_CURVE('',#1177,#1176,#1380,.T.);
#884=EDGE_CURVE('',#1178,#1177,#1381,.T.);
#885=EDGE_CURVE('',#1178,#1179,#1382,.T.);
#886=EDGE_CURVE('',#1180,#1179,#1383,.T.);
#887=EDGE_CURVE('',#1181,#1180,#1384,.T.);
#888=EDGE_CURVE('',#1182,#1181,#1385,.T.);
#889=EDGE_CURVE('',#1182,#1183,#1386,.T.);
#890=EDGE_CURVE('',#1184,#1183,#1387,.T.);
#891=EDGE_CURVE('',#1185,#1184,#1388,.T.);
#892=EDGE_CURVE('',#1186,#1185,#1389,.T.);
#893=EDGE_CURVE('',#1186,#1187,#1390,.T.);
#894=EDGE_CURVE('',#1188,#1187,#1391,.T.);
#895=EDGE_CURVE('',#1189,#1188,#1392,.T.);
#896=EDGE_CURVE('',#1190,#1189,#1393,.T.);
#897=EDGE_CURVE('',#1190,#1191,#1394,.T.);
#898=EDGE_CURVE('',#1192,#1191,#1395,.T.);
#899=EDGE_CURVE('',#1193,#1192,#1396,.T.);
#900=EDGE_CURVE('',#1194,#1193,#1397,.T.);
#901=EDGE_CURVE('',#1194,#1195,#1398,.T.);
#902=EDGE_CURVE('',#1196,#1195,#1399,.T.);
#903=EDGE_CURVE('',#1197,#1196,#1400,.T.);
#904=EDGE_CURVE('',#1198,#1197,#1401,.T.);
#905=EDGE_CURVE('',#1198,#1199,#1402,.T.);
#906=EDGE_CURVE('',#1200,#1199,#1403,.T.);
#907=EDGE_CURVE('',#1201,#1200,#1404,.T.);
#908=EDGE_CURVE('',#1202,#1201,#1405,.T.);
#909=EDGE_CURVE('',#1202,#1203,#1406,.T.);
#910=EDGE_CURVE('',#1203,#1204,#1407,.F.);
#911=EDGE_CURVE('',#1204,#1205,#1408,.T.);
#912=EDGE_CURVE('',#1206,#1205,#1409,.T.);
#913=EDGE_CURVE('',#1206,#1207,#1410,.T.);
#914=EDGE_CURVE('',#1207,#1208,#1411,.T.);
#915=EDGE_CURVE('',#1041,#1208,#1412,.T.);
#916=EDGE_CURVE('',#1196,#1084,#1413,.T.);
#917=EDGE_CURVE('',#1195,#1085,#1414,.T.);
#918=EDGE_CURVE('',#1192,#1088,#1415,.T.);
#919=EDGE_CURVE('',#1191,#1089,#1416,.T.);
#920=EDGE_CURVE('',#1188,#1092,#1417,.T.);
#921=EDGE_CURVE('',#1187,#1093,#1418,.T.);
#922=EDGE_CURVE('',#1199,#1081,#1419,.T.);
#923=EDGE_CURVE('',#1200,#1080,#1420,.T.);
#924=EDGE_CURVE('',#1175,#1105,#1421,.T.);
#925=EDGE_CURVE('',#1176,#1104,#1422,.T.);
#926=EDGE_CURVE('',#1179,#1101,#1423,.T.);
#927=EDGE_CURVE('',#1180,#1100,#1424,.T.);
#928=EDGE_CURVE('',#1183,#1097,#1425,.T.);
#929=EDGE_CURVE('',#1184,#1096,#1426,.T.);
#930=EDGE_CURVE('',#1204,#1076,#1427,.T.);
#931=EDGE_CURVE('',#1075,#1205,#1428,.T.);
#932=EDGE_CURVE('',#1202,#1078,#1429,.T.);
#933=EDGE_CURVE('',#1077,#1203,#1430,.T.);
#934=EDGE_CURVE('',#1206,#1074,#1431,.T.);
#935=EDGE_CURVE('',#1146,#1052,#1432,.T.);
#936=EDGE_CURVE('',#1053,#1145,#1433,.F.);
#937=EDGE_CURVE('',#1140,#1058,#1434,.F.);
#938=EDGE_CURVE('',#1049,#1138,#1435,.F.);
#939=EDGE_CURVE('',#1139,#1050,#1436,.T.);
#940=EDGE_CURVE('',#1051,#1147,#1437,.F.);
#941=EDGE_CURVE('',#1142,#1056,#1438,.T.);
#942=EDGE_CURVE('',#1057,#1141,#1439,.T.);
#943=EDGE_CURVE('',#1144,#1054,#1440,.T.);
#944=EDGE_CURVE('',#1055,#1143,#1441,.F.);
#945=EDGE_CURVE('',#1133,#1045,#1442,.F.);
#946=EDGE_CURVE('',#1046,#1137,#1443,.F.);
#947=EDGE_CURVE('',#1136,#1047,#1444,.T.);
#948=EDGE_CURVE('',#1048,#1135,#1445,.F.);
#949=EDGE_CURVE('',#1134,#1044,#1446,.T.);
#950=EDGE_CURVE('',#1043,#1132,#1447,.T.);
#951=EDGE_CURVE('',#1130,#1064,#1448,.T.);
#952=EDGE_CURVE('',#1059,#1129,#1449,.F.);
#953=EDGE_CURVE('',#1127,#1062,#1450,.F.);
#954=EDGE_CURVE('',#1063,#1131,#1451,.F.);
#955=EDGE_CURVE('',#1128,#1060,#1452,.T.);
#956=EDGE_CURVE('',#1061,#1126,#1453,.T.);
#957=EDGE_CURVE('',#1150,#1066,#1454,.T.);
#958=EDGE_CURVE('',#1065,#1148,#1455,.F.);
#959=EDGE_CURVE('',#1152,#1069,#1456,.T.);
#960=EDGE_CURVE('',#1070,#1151,#1457,.F.);
#961=EDGE_CURVE('',#1149,#1067,#1458,.T.);
#962=EDGE_CURVE('',#1068,#1153,#1459,.F.);
#963=EDGE_CURVE('',#1185,#1095,#1460,.T.);
#964=EDGE_CURVE('',#1186,#1094,#1461,.T.);
#965=EDGE_CURVE('',#1181,#1099,#1462,.T.);
#966=EDGE_CURVE('',#1182,#1098,#1463,.T.);
#967=EDGE_CURVE('',#1177,#1103,#1464,.T.);
#968=EDGE_CURVE('',#1178,#1102,#1465,.T.);
#969=EDGE_CURVE('',#1201,#1079,#1466,.T.);
#970=EDGE_CURVE('',#1189,#1091,#1467,.T.);
#971=EDGE_CURVE('',#1190,#1090,#1468,.T.);
#972=EDGE_CURVE('',#1193,#1087,#1469,.T.);
#973=EDGE_CURVE('',#1194,#1086,#1470,.T.);
#974=EDGE_CURVE('',#1197,#1083,#1471,.T.);
#975=EDGE_CURVE('',#1198,#1082,#1472,.T.);
#976=EDGE_CURVE('',#1174,#1106,#1473,.T.);
#977=EDGE_CURVE('',#1207,#1073,#1474,.T.);
#978=EDGE_CURVE('',#1208,#1072,#1475,.T.);
#979=EDGE_CURVE('',#1172,#1108,#1476,.T.);
#980=EDGE_CURVE('',#1173,#1107,#1477,.T.);
#981=EDGE_CURVE('',#1170,#1110,#1478,.T.);
#982=EDGE_CURVE('',#1171,#1109,#1479,.T.);
#983=EDGE_CURVE('',#1168,#1112,#1480,.T.);
#984=EDGE_CURVE('',#1169,#1111,#1481,.T.);
#985=EDGE_CURVE('',#1166,#1114,#1482,.T.);
#986=EDGE_CURVE('',#1167,#1113,#1483,.T.);
#987=EDGE_CURVE('',#1164,#1116,#1484,.T.);
#988=EDGE_CURVE('',#1165,#1115,#1485,.T.);
#989=EDGE_CURVE('',#1162,#1118,#1486,.T.);
#990=EDGE_CURVE('',#1163,#1117,#1487,.T.);
#991=EDGE_CURVE('',#1160,#1120,#1488,.T.);
#992=EDGE_CURVE('',#1161,#1119,#1489,.T.);
#993=EDGE_CURVE('',#1158,#1122,#1490,.T.);
#994=EDGE_CURVE('',#1159,#1121,#1491,.T.);
#995=EDGE_CURVE('',#1156,#1124,#1492,.T.);
#996=EDGE_CURVE('',#1157,#1123,#1493,.T.);
#997=EDGE_CURVE('',#1154,#1071,#1494,.T.);
#998=EDGE_CURVE('',#1155,#1125,#1495,.T.);
#999=VERTEX_POINT('',#2923);
#1000=VERTEX_POINT('',#2924);
#1001=VERTEX_POINT('',#2926);
#1002=VERTEX_POINT('',#2928);
#1003=VERTEX_POINT('',#2932);
#1004=VERTEX_POINT('',#2933);
#1005=VERTEX_POINT('',#2935);
#1006=VERTEX_POINT('',#2937);
#1007=VERTEX_POINT('',#2941);
#1008=VERTEX_POINT('',#2942);
#1009=VERTEX_POINT('',#2944);
#1010=VERTEX_POINT('',#2946);
#1011=VERTEX_POINT('',#2950);
#1012=VERTEX_POINT('',#2951);
#1013=VERTEX_POINT('',#2953);
#1014=VERTEX_POINT('',#2955);
#1015=VERTEX_POINT('',#2959);
#1016=VERTEX_POINT('',#2960);
#1017=VERTEX_POINT('',#2962);
#1018=VERTEX_POINT('',#2964);
#1019=VERTEX_POINT('',#2968);
#1020=VERTEX_POINT('',#2969);
#1021=VERTEX_POINT('',#2971);
#1022=VERTEX_POINT('',#2973);
#1023=VERTEX_POINT('',#2977);
#1024=VERTEX_POINT('',#2978);
#1025=VERTEX_POINT('',#2980);
#1026=VERTEX_POINT('',#2982);
#1027=VERTEX_POINT('',#2986);
#1028=VERTEX_POINT('',#2987);
#1029=VERTEX_POINT('',#2989);
#1030=VERTEX_POINT('',#2991);
#1031=VERTEX_POINT('',#2995);
#1032=VERTEX_POINT('',#2996);
#1033=VERTEX_POINT('',#2998);
#1034=VERTEX_POINT('',#3000);
#1035=VERTEX_POINT('',#3004);
#1036=VERTEX_POINT('',#3005);
#1037=VERTEX_POINT('',#3007);
#1038=VERTEX_POINT('',#3009);
#1039=VERTEX_POINT('',#3013);
#1040=VERTEX_POINT('',#3014);
#1041=VERTEX_POINT('',#3016);
#1042=VERTEX_POINT('',#3018);
#1043=VERTEX_POINT('',#3022);
#1044=VERTEX_POINT('',#3023);
#1045=VERTEX_POINT('',#3025);
#1046=VERTEX_POINT('',#3027);
#1047=VERTEX_POINT('',#3029);
#1048=VERTEX_POINT('',#3031);
#1049=VERTEX_POINT('',#3034);
#1050=VERTEX_POINT('',#3035);
#1051=VERTEX_POINT('',#3037);
#1052=VERTEX_POINT('',#3039);
#1053=VERTEX_POINT('',#3041);
#1054=VERTEX_POINT('',#3043);
#1055=VERTEX_POINT('',#3045);
#1056=VERTEX_POINT('',#3047);
#1057=VERTEX_POINT('',#3049);
#1058=VERTEX_POINT('',#3051);
#1059=VERTEX_POINT('',#3054);
#1060=VERTEX_POINT('',#3055);
#1061=VERTEX_POINT('',#3057);
#1062=VERTEX_POINT('',#3059);
#1063=VERTEX_POINT('',#3061);
#1064=VERTEX_POINT('',#3063);
#1065=VERTEX_POINT('',#3066);
#1066=VERTEX_POINT('',#3067);
#1067=VERTEX_POINT('',#3069);
#1068=VERTEX_POINT('',#3071);
#1069=VERTEX_POINT('',#3073);
#1070=VERTEX_POINT('',#3075);
#1071=VERTEX_POINT('',#3078);
#1072=VERTEX_POINT('',#3080);
#1073=VERTEX_POINT('',#3082);
#1074=VERTEX_POINT('',#3084);
#1075=VERTEX_POINT('',#3086);
#1076=VERTEX_POINT('',#3088);
#1077=VERTEX_POINT('',#3090);
#1078=VERTEX_POINT('',#3092);
#1079=VERTEX_POINT('',#3094);
#1080=VERTEX_POINT('',#3096);
#1081=VERTEX_POINT('',#3098);
#1082=VERTEX_POINT('',#3100);
#1083=VERTEX_POINT('',#3102);
#1084=VERTEX_POINT('',#3104);
#1085=VERTEX_POINT('',#3106);
#1086=VERTEX_POINT('',#3108);
#1087=VERTEX_POINT('',#3110);
#1088=VERTEX_POINT('',#3112);
#1089=VERTEX_POINT('',#3114);
#1090=VERTEX_POINT('',#3116);
#1091=VERTEX_POINT('',#3118);
#1092=VERTEX_POINT('',#3120);
#1093=VERTEX_POINT('',#3122);
#1094=VERTEX_POINT('',#3124);
#1095=VERTEX_POINT('',#3126);
#1096=VERTEX_POINT('',#3128);
#1097=VERTEX_POINT('',#3130);
#1098=VERTEX_POINT('',#3132);
#1099=VERTEX_POINT('',#3134);
#1100=VERTEX_POINT('',#3136);
#1101=VERTEX_POINT('',#3138);
#1102=VERTEX_POINT('',#3140);
#1103=VERTEX_POINT('',#3142);
#1104=VERTEX_POINT('',#3144);
#1105=VERTEX_POINT('',#3146);
#1106=VERTEX_POINT('',#3148);
#1107=VERTEX_POINT('',#3151);
#1108=VERTEX_POINT('',#3153);
#1109=VERTEX_POINT('',#3156);
#1110=VERTEX_POINT('',#3158);
#1111=VERTEX_POINT('',#3161);
#1112=VERTEX_POINT('',#3163);
#1113=VERTEX_POINT('',#3166);
#1114=VERTEX_POINT('',#3168);
#1115=VERTEX_POINT('',#3171);
#1116=VERTEX_POINT('',#3173);
#1117=VERTEX_POINT('',#3176);
#1118=VERTEX_POINT('',#3178);
#1119=VERTEX_POINT('',#3181);
#1120=VERTEX_POINT('',#3183);
#1121=VERTEX_POINT('',#3186);
#1122=VERTEX_POINT('',#3188);
#1123=VERTEX_POINT('',#3191);
#1124=VERTEX_POINT('',#3193);
#1125=VERTEX_POINT('',#3196);
#1126=VERTEX_POINT('',#3200);
#1127=VERTEX_POINT('',#3201);
#1128=VERTEX_POINT('',#3203);
#1129=VERTEX_POINT('',#3205);
#1130=VERTEX_POINT('',#3207);
#1131=VERTEX_POINT('',#3209);
#1132=VERTEX_POINT('',#3212);
#1133=VERTEX_POINT('',#3213);
#1134=VERTEX_POINT('',#3215);
#1135=VERTEX_POINT('',#3217);
#1136=VERTEX_POINT('',#3219);
#1137=VERTEX_POINT('',#3221);
#1138=VERTEX_POINT('',#3224);
#1139=VERTEX_POINT('',#3225);
#1140=VERTEX_POINT('',#3227);
#1141=VERTEX_POINT('',#3229);
#1142=VERTEX_POINT('',#3231);
#1143=VERTEX_POINT('',#3233);
#1144=VERTEX_POINT('',#3235);
#1145=VERTEX_POINT('',#3237);
#1146=VERTEX_POINT('',#3239);
#1147=VERTEX_POINT('',#3241);
#1148=VERTEX_POINT('',#3244);
#1149=VERTEX_POINT('',#3245);
#1150=VERTEX_POINT('',#3247);
#1151=VERTEX_POINT('',#3249);
#1152=VERTEX_POINT('',#3251);
#1153=VERTEX_POINT('',#3253);
#1154=VERTEX_POINT('',#3256);
#1155=VERTEX_POINT('',#3258);
#1156=VERTEX_POINT('',#3261);
#1157=VERTEX_POINT('',#3263);
#1158=VERTEX_POINT('',#3266);
#1159=VERTEX_POINT('',#3268);
#1160=VERTEX_POINT('',#3271);
#1161=VERTEX_POINT('',#3273);
#1162=VERTEX_POINT('',#3276);
#1163=VERTEX_POINT('',#3278);
#1164=VERTEX_POINT('',#3281);
#1165=VERTEX_POINT('',#3283);
#1166=VERTEX_POINT('',#3286);
#1167=VERTEX_POINT('',#3288);
#1168=VERTEX_POINT('',#3291);
#1169=VERTEX_POINT('',#3293);
#1170=VERTEX_POINT('',#3296);
#1171=VERTEX_POINT('',#3298);
#1172=VERTEX_POINT('',#3301);
#1173=VERTEX_POINT('',#3303);
#1174=VERTEX_POINT('',#3306);
#1175=VERTEX_POINT('',#3308);
#1176=VERTEX_POINT('',#3310);
#1177=VERTEX_POINT('',#3312);
#1178=VERTEX_POINT('',#3314);
#1179=VERTEX_POINT('',#3316);
#1180=VERTEX_POINT('',#3318);
#1181=VERTEX_POINT('',#3320);
#1182=VERTEX_POINT('',#3322);
#1183=VERTEX_POINT('',#3324);
#1184=VERTEX_POINT('',#3326);
#1185=VERTEX_POINT('',#3328);
#1186=VERTEX_POINT('',#3330);
#1187=VERTEX_POINT('',#3332);
#1188=VERTEX_POINT('',#3334);
#1189=VERTEX_POINT('',#3336);
#1190=VERTEX_POINT('',#3338);
#1191=VERTEX_POINT('',#3340);
#1192=VERTEX_POINT('',#3342);
#1193=VERTEX_POINT('',#3344);
#1194=VERTEX_POINT('',#3346);
#1195=VERTEX_POINT('',#3348);
#1196=VERTEX_POINT('',#3350);
#1197=VERTEX_POINT('',#3352);
#1198=VERTEX_POINT('',#3354);
#1199=VERTEX_POINT('',#3356);
#1200=VERTEX_POINT('',#3358);
#1201=VERTEX_POINT('',#3360);
#1202=VERTEX_POINT('',#3362);
#1203=VERTEX_POINT('',#3364);
#1204=VERTEX_POINT('',#3366);
#1205=VERTEX_POINT('',#3368);
#1206=VERTEX_POINT('',#3370);
#1207=VERTEX_POINT('',#3372);
#1208=VERTEX_POINT('',#3374);
#1209=LINE('',#2922,#1496);
#1210=LINE('',#2925,#1497);
#1211=LINE('',#2927,#1498);
#1212=LINE('',#2929,#1499);
#1213=LINE('',#2931,#1500);
#1214=LINE('',#2934,#1501);
#1215=LINE('',#2936,#1502);
#1216=LINE('',#2938,#1503);
#1217=LINE('',#2940,#1504);
#1218=LINE('',#2943,#1505);
#1219=LINE('',#2945,#1506);
#1220=LINE('',#2947,#1507);
#1221=LINE('',#2949,#1508);
#1222=LINE('',#2952,#1509);
#1223=LINE('',#2954,#1510);
#1224=LINE('',#2956,#1511);
#1225=LINE('',#2958,#1512);
#1226=LINE('',#2961,#1513);
#1227=LINE('',#2963,#1514);
#1228=LINE('',#2965,#1515);
#1229=LINE('',#2967,#1516);
#1230=LINE('',#2970,#1517);
#1231=LINE('',#2972,#1518);
#1232=LINE('',#2974,#1519);
#1233=LINE('',#2976,#1520);
#1234=LINE('',#2979,#1521);
#1235=LINE('',#2981,#1522);
#1236=LINE('',#2983,#1523);
#1237=LINE('',#2985,#1524);
#1238=LINE('',#2988,#1525);
#1239=LINE('',#2990,#1526);
#1240=LINE('',#2992,#1527);
#1241=LINE('',#2994,#1528);
#1242=LINE('',#2997,#1529);
#1243=LINE('',#2999,#1530);
#1244=LINE('',#3001,#1531);
#1245=LINE('',#3003,#1532);
#1246=LINE('',#3006,#1533);
#1247=LINE('',#3008,#1534);
#1248=LINE('',#3010,#1535);
#1249=LINE('',#3012,#1536);
#1250=LINE('',#3015,#1537);
#1251=LINE('',#3017,#1538);
#1252=LINE('',#3019,#1539);
#1253=LINE('',#3021,#1540);
#1254=LINE('',#3026,#1541);
#1255=LINE('',#3030,#1542);
#1256=LINE('',#3036,#1543);
#1257=LINE('',#3040,#1544);
#1258=LINE('',#3044,#1545);
#1259=LINE('',#3048,#1546);
#1260=LINE('',#3052,#1547);
#1261=LINE('',#3056,#1548);
#1262=LINE('',#3060,#1549);
#1263=LINE('',#3064,#1550);
#1264=LINE('',#3065,#1551);
#1265=LINE('',#3070,#1552);
#1266=LINE('',#3074,#1553);
#1267=LINE('',#3077,#1554);
#1268=LINE('',#3079,#1555);
#1269=LINE('',#3081,#1556);
#1270=LINE('',#3083,#1557);
#1271=LINE('',#3085,#1558);
#1272=LINE('',#3087,#1559);
#1273=LINE('',#3089,#1560);
#1274=LINE('',#3091,#1561);
#1275=LINE('',#3093,#1562);
#1276=LINE('',#3095,#1563);
#1277=LINE('',#3097,#1564);
#1278=LINE('',#3099,#1565);
#1279=LINE('',#3101,#1566);
#1280=LINE('',#3103,#1567);
#1281=LINE('',#3105,#1568);
#1282=LINE('',#3107,#1569);
#1283=LINE('',#3109,#1570);
#1284=LINE('',#3111,#1571);
#1285=LINE('',#3113,#1572);
#1286=LINE('',#3115,#1573);
#1287=LINE('',#3117,#1574);
#1288=LINE('',#3119,#1575);
#1289=LINE('',#3121,#1576);
#1290=LINE('',#3123,#1577);
#1291=LINE('',#3125,#1578);
#1292=LINE('',#3127,#1579);
#1293=LINE('',#3129,#1580);
#1294=LINE('',#3131,#1581);
#1295=LINE('',#3133,#1582);
#1296=LINE('',#3135,#1583);
#1297=LINE('',#3137,#1584);
#1298=LINE('',#3139,#1585);
#1299=LINE('',#3141,#1586);
#1300=LINE('',#3143,#1587);
#1301=LINE('',#3145,#1588);
#1302=LINE('',#3147,#1589);
#1303=LINE('',#3149,#1590);
#1304=LINE('',#3150,#1591);
#1305=LINE('',#3152,#1592);
#1306=LINE('',#3154,#1593);
#1307=LINE('',#3155,#1594);
#1308=LINE('',#3157,#1595);
#1309=LINE('',#3159,#1596);
#1310=LINE('',#3160,#1597);
#1311=LINE('',#3162,#1598);
#1312=LINE('',#3164,#1599);
#1313=LINE('',#3165,#1600);
#1314=LINE('',#3167,#1601);
#1315=LINE('',#3169,#1602);
#1316=LINE('',#3170,#1603);
#1317=LINE('',#3172,#1604);
#1318=LINE('',#3174,#1605);
#1319=LINE('',#3175,#1606);
#1320=LINE('',#3177,#1607);
#1321=LINE('',#3179,#1608);
#1322=LINE('',#3180,#1609);
#1323=LINE('',#3182,#1610);
#1324=LINE('',#3184,#1611);
#1325=LINE('',#3185,#1612);
#1326=LINE('',#3187,#1613);
#1327=LINE('',#3189,#1614);
#1328=LINE('',#3190,#1615);
#1329=LINE('',#3192,#1616);
#1330=LINE('',#3194,#1617);
#1331=LINE('',#3195,#1618);
#1332=LINE('',#3197,#1619);
#1333=LINE('',#3202,#1620);
#1334=LINE('',#3206,#1621);
#1335=LINE('',#3210,#1622);
#1336=LINE('',#3214,#1623);
#1337=LINE('',#3218,#1624);
#1338=LINE('',#3222,#1625);
#1339=LINE('',#3226,#1626);
#1340=LINE('',#3230,#1627);
#1341=LINE('',#3234,#1628);
#1342=LINE('',#3238,#1629);
#1343=LINE('',#3242,#1630);
#1344=LINE('',#3246,#1631);
#1345=LINE('',#3250,#1632);
#1346=LINE('',#3254,#1633);
#1347=LINE('',#3255,#1634);
#1348=LINE('',#3257,#1635);
#1349=LINE('',#3259,#1636);
#1350=LINE('',#3260,#1637);
#1351=LINE('',#3262,#1638);
#1352=LINE('',#3264,#1639);
#1353=LINE('',#3265,#1640);
#1354=LINE('',#3267,#1641);
#1355=LINE('',#3269,#1642);
#1356=LINE('',#3270,#1643);
#1357=LINE('',#3272,#1644);
#1358=LINE('',#3274,#1645);
#1359=LINE('',#3275,#1646);
#1360=LINE('',#3277,#1647);
#1361=LINE('',#3279,#1648);
#1362=LINE('',#3280,#1649);
#1363=LINE('',#3282,#1650);
#1364=LINE('',#3284,#1651);
#1365=LINE('',#3285,#1652);
#1366=LINE('',#3287,#1653);
#1367=LINE('',#3289,#1654);
#1368=LINE('',#3290,#1655);
#1369=LINE('',#3292,#1656);
#1370=LINE('',#3294,#1657);
#1371=LINE('',#3295,#1658);
#1372=LINE('',#3297,#1659);
#1373=LINE('',#3299,#1660);
#1374=LINE('',#3300,#1661);
#1375=LINE('',#3302,#1662);
#1376=LINE('',#3304,#1663);
#1377=LINE('',#3305,#1664);
#1378=LINE('',#3307,#1665);
#1379=LINE('',#3309,#1666);
#1380=LINE('',#3311,#1667);
#1381=LINE('',#3313,#1668);
#1382=LINE('',#3315,#1669);
#1383=LINE('',#3317,#1670);
#1384=LINE('',#3319,#1671);
#1385=LINE('',#3321,#1672);
#1386=LINE('',#3323,#1673);
#1387=LINE('',#3325,#1674);
#1388=LINE('',#3327,#1675);
#1389=LINE('',#3329,#1676);
#1390=LINE('',#3331,#1677);
#1391=LINE('',#3333,#1678);
#1392=LINE('',#3335,#1679);
#1393=LINE('',#3337,#1680);
#1394=LINE('',#3339,#1681);
#1395=LINE('',#3341,#1682);
#1396=LINE('',#3343,#1683);
#1397=LINE('',#3345,#1684);
#1398=LINE('',#3347,#1685);
#1399=LINE('',#3349,#1686);
#1400=LINE('',#3351,#1687);
#1401=LINE('',#3353,#1688);
#1402=LINE('',#3355,#1689);
#1403=LINE('',#3357,#1690);
#1404=LINE('',#3359,#1691);
#1405=LINE('',#3361,#1692);
#1406=LINE('',#3363,#1693);
#1407=LINE('',#3365,#1694);
#1408=LINE('',#3367,#1695);
#1409=LINE('',#3369,#1696);
#1410=LINE('',#3371,#1697);
#1411=LINE('',#3373,#1698);
#1412=LINE('',#3375,#1699);
#1413=LINE('',#3377,#1700);
#1414=LINE('',#3378,#1701);
#1415=LINE('',#3380,#1702);
#1416=LINE('',#3381,#1703);
#1417=LINE('',#3383,#1704);
#1418=LINE('',#3384,#1705);
#1419=LINE('',#3386,#1706);
#1420=LINE('',#3387,#1707);
#1421=LINE('',#3389,#1708);
#1422=LINE('',#3390,#1709);
#1423=LINE('',#3392,#1710);
#1424=LINE('',#3393,#1711);
#1425=LINE('',#3395,#1712);
#1426=LINE('',#3396,#1713);
#1427=LINE('',#3398,#1714);
#1428=LINE('',#3399,#1715);
#1429=LINE('',#3401,#1716);
#1430=LINE('',#3402,#1717);
#1431=LINE('',#3404,#1718);
#1432=LINE('',#3407,#1719);
#1433=LINE('',#3408,#1720);
#1434=LINE('',#3410,#1721);
#1435=LINE('',#3411,#1722);
#1436=LINE('',#3413,#1723);
#1437=LINE('',#3414,#1724);
#1438=LINE('',#3416,#1725);
#1439=LINE('',#3417,#1726);
#1440=LINE('',#3419,#1727);
#1441=LINE('',#3420,#1728);
#1442=LINE('',#3427,#1729);
#1443=LINE('',#3428,#1730);
#1444=LINE('',#3430,#1731);
#1445=LINE('',#3431,#1732);
#1446=LINE('',#3433,#1733);
#1447=LINE('',#3434,#1734);
#1448=LINE('',#3439,#1735);
#1449=LINE('',#3440,#1736);
#1450=LINE('',#3442,#1737);
#1451=LINE('',#3443,#1738);
#1452=LINE('',#3445,#1739);
#1453=LINE('',#3446,#1740);
#1454=LINE('',#3451,#1741);
#1455=LINE('',#3452,#1742);
#1456=LINE('',#3454,#1743);
#1457=LINE('',#3455,#1744);
#1458=LINE('',#3457,#1745);
#1459=LINE('',#3458,#1746);
#1460=LINE('',#3463,#1747);
#1461=LINE('',#3465,#1748);
#1462=LINE('',#3468,#1749);
#1463=LINE('',#3470,#1750);
#1464=LINE('',#3473,#1751);
#1465=LINE('',#3475,#1752);
#1466=LINE('',#3478,#1753);
#1467=LINE('',#3481,#1754);
#1468=LINE('',#3483,#1755);
#1469=LINE('',#3486,#1756);
#1470=LINE('',#3488,#1757);
#1471=LINE('',#3491,#1758);
#1472=LINE('',#3493,#1759);
#1473=LINE('',#3496,#1760);
#1474=LINE('',#3499,#1761);
#1475=LINE('',#3501,#1762);
#1476=LINE('',#3504,#1763);
#1477=LINE('',#3506,#1764);
#1478=LINE('',#3509,#1765);
#1479=LINE('',#3511,#1766);
#1480=LINE('',#3514,#1767);
#1481=LINE('',#3516,#1768);
#1482=LINE('',#3519,#1769);
#1483=LINE('',#3521,#1770);
#1484=LINE('',#3524,#1771);
#1485=LINE('',#3526,#1772);
#1486=LINE('',#3529,#1773);
#1487=LINE('',#3531,#1774);
#1488=LINE('',#3534,#1775);
#1489=LINE('',#3536,#1776);
#1490=LINE('',#3539,#1777);
#1491=LINE('',#3541,#1778);
#1492=LINE('',#3544,#1779);
#1493=LINE('',#3546,#1780);
#1494=LINE('',#3549,#1781);
#1495=LINE('',#3551,#1782);
#1496=VECTOR('',#2365,1.);
#1497=VECTOR('',#2366,1.);
#1498=VECTOR('',#2367,1.);
#1499=VECTOR('',#2368,1.);
#1500=VECTOR('',#2371,1.);
#1501=VECTOR('',#2372,1.);
#1502=VECTOR('',#2373,1.);
#1503=VECTOR('',#2374,1.);
#1504=VECTOR('',#2377,1.);
#1505=VECTOR('',#2378,1.);
#1506=VECTOR('',#2379,1.);
#1507=VECTOR('',#2380,1.);
#1508=VECTOR('',#2383,1.);
#1509=VECTOR('',#2384,1.);
#1510=VECTOR('',#2385,1.);
#1511=VECTOR('',#2386,1.);
#1512=VECTOR('',#2389,1.);
#1513=VECTOR('',#2390,1.);
#1514=VECTOR('',#2391,1.);
#1515=VECTOR('',#2392,1.);
#1516=VECTOR('',#2395,1.);
#1517=VECTOR('',#2396,1.);
#1518=VECTOR('',#2397,1.);
#1519=VECTOR('',#2398,1.);
#1520=VECTOR('',#2401,1.);
#1521=VECTOR('',#2402,1.);
#1522=VECTOR('',#2403,1.);
#1523=VECTOR('',#2404,1.);
#1524=VECTOR('',#2407,1.);
#1525=VECTOR('',#2408,1.);
#1526=VECTOR('',#2409,1.);
#1527=VECTOR('',#2410,1.);
#1528=VECTOR('',#2413,1.);
#1529=VECTOR('',#2414,1.);
#1530=VECTOR('',#2415,1.);
#1531=VECTOR('',#2416,1.);
#1532=VECTOR('',#2419,1.);
#1533=VECTOR('',#2420,1.);
#1534=VECTOR('',#2421,1.);
#1535=VECTOR('',#2422,1.);
#1536=VECTOR('',#2425,1.);
#1537=VECTOR('',#2426,1.);
#1538=VECTOR('',#2427,1.);
#1539=VECTOR('',#2428,1.);
#1540=VECTOR('',#2431,1.);
#1541=VECTOR('',#2434,1.);
#1542=VECTOR('',#2437,1.);
#1543=VECTOR('',#2442,1.);
#1544=VECTOR('',#2445,1.);
#1545=VECTOR('',#2448,1.);
#1546=VECTOR('',#2451,1.);
#1547=VECTOR('',#2454,1.);
#1548=VECTOR('',#2457,1.);
#1549=VECTOR('',#2460,1.);
#1550=VECTOR('',#2463,1.);
#1551=VECTOR('',#2464,1.);
#1552=VECTOR('',#2467,1.);
#1553=VECTOR('',#2470,1.);
#1554=VECTOR('',#2473,1.);
#1555=VECTOR('',#2474,1.);
#1556=VECTOR('',#2475,1.);
#1557=VECTOR('',#2476,1.);
#1558=VECTOR('',#2477,1.);
#1559=VECTOR('',#2478,1.);
#1560=VECTOR('',#2479,1.);
#1561=VECTOR('',#2480,1.);
#1562=VECTOR('',#2481,1.);
#1563=VECTOR('',#2482,1.);
#1564=VECTOR('',#2483,1.);
#1565=VECTOR('',#2484,1.);
#1566=VECTOR('',#2485,1.);
#1567=VECTOR('',#2486,1.);
#1568=VECTOR('',#2487,1.);
#1569=VECTOR('',#2488,1.);
#1570=VECTOR('',#2489,1.);
#1571=VECTOR('',#2490,1.);
#1572=VECTOR('',#2491,1.);
#1573=VECTOR('',#2492,1.);
#1574=VECTOR('',#2493,1.);
#1575=VECTOR('',#2494,1.);
#1576=VECTOR('',#2495,1.);
#1577=VECTOR('',#2496,1.);
#1578=VECTOR('',#2497,1.);
#1579=VECTOR('',#2498,1.);
#1580=VECTOR('',#2499,1.);
#1581=VECTOR('',#2500,1.);
#1582=VECTOR('',#2501,1.);
#1583=VECTOR('',#2502,1.);
#1584=VECTOR('',#2503,1.);
#1585=VECTOR('',#2504,1.);
#1586=VECTOR('',#2505,1.);
#1587=VECTOR('',#2506,1.);
#1588=VECTOR('',#2507,1.);
#1589=VECTOR('',#2508,1.);
#1590=VECTOR('',#2509,1.);
#1591=VECTOR('',#2510,1.);
#1592=VECTOR('',#2511,1.);
#1593=VECTOR('',#2512,1.);
#1594=VECTOR('',#2513,1.);
#1595=VECTOR('',#2514,1.);
#1596=VECTOR('',#2515,1.);
#1597=VECTOR('',#2516,1.);
#1598=VECTOR('',#2517,1.);
#1599=VECTOR('',#2518,1.);
#1600=VECTOR('',#2519,1.);
#1601=VECTOR('',#2520,1.);
#1602=VECTOR('',#2521,1.);
#1603=VECTOR('',#2522,1.);
#1604=VECTOR('',#2523,1.);
#1605=VECTOR('',#2524,1.);
#1606=VECTOR('',#2525,1.);
#1607=VECTOR('',#2526,1.);
#1608=VECTOR('',#2527,1.);
#1609=VECTOR('',#2528,1.);
#1610=VECTOR('',#2529,1.);
#1611=VECTOR('',#2530,1.);
#1612=VECTOR('',#2531,1.);
#1613=VECTOR('',#2532,1.);
#1614=VECTOR('',#2533,1.);
#1615=VECTOR('',#2534,1.);
#1616=VECTOR('',#2535,1.);
#1617=VECTOR('',#2536,1.);
#1618=VECTOR('',#2537,1.);
#1619=VECTOR('',#2538,1.);
#1620=VECTOR('',#2543,1.);
#1621=VECTOR('',#2546,1.);
#1622=VECTOR('',#2549,1.);
#1623=VECTOR('',#2552,1.);
#1624=VECTOR('',#2555,1.);
#1625=VECTOR('',#2558,1.);
#1626=VECTOR('',#2561,1.);
#1627=VECTOR('',#2564,1.);
#1628=VECTOR('',#2567,1.);
#1629=VECTOR('',#2570,1.);
#1630=VECTOR('',#2573,1.);
#1631=VECTOR('',#2576,1.);
#1632=VECTOR('',#2579,1.);
#1633=VECTOR('',#2582,1.);
#1634=VECTOR('',#2583,1.);
#1635=VECTOR('',#2584,1.);
#1636=VECTOR('',#2585,1.);
#1637=VECTOR('',#2586,1.);
#1638=VECTOR('',#2587,1.);
#1639=VECTOR('',#2588,1.);
#1640=VECTOR('',#2589,1.);
#1641=VECTOR('',#2590,1.);
#1642=VECTOR('',#2591,1.);
#1643=VECTOR('',#2592,1.);
#1644=VECTOR('',#2593,1.);
#1645=VECTOR('',#2594,1.);
#1646=VECTOR('',#2595,1.);
#1647=VECTOR('',#2596,1.);
#1648=VECTOR('',#2597,1.);
#1649=VECTOR('',#2598,1.);
#1650=VECTOR('',#2599,1.);
#1651=VECTOR('',#2600,1.);
#1652=VECTOR('',#2601,1.);
#1653=VECTOR('',#2602,1.);
#1654=VECTOR('',#2603,1.);
#1655=VECTOR('',#2604,1.);
#1656=VECTOR('',#2605,1.);
#1657=VECTOR('',#2606,1.);
#1658=VECTOR('',#2607,1.);
#1659=VECTOR('',#2608,1.);
#1660=VECTOR('',#2609,1.);
#1661=VECTOR('',#2610,1.);
#1662=VECTOR('',#2611,1.);
#1663=VECTOR('',#2612,1.);
#1664=VECTOR('',#2613,1.);
#1665=VECTOR('',#2614,1.);
#1666=VECTOR('',#2615,1.);
#1667=VECTOR('',#2616,1.);
#1668=VECTOR('',#2617,1.);
#1669=VECTOR('',#2618,1.);
#1670=VECTOR('',#2619,1.);
#1671=VECTOR('',#2620,1.);
#1672=VECTOR('',#2621,1.);
#1673=VECTOR('',#2622,1.);
#1674=VECTOR('',#2623,1.);
#1675=VECTOR('',#2624,1.);
#1676=VECTOR('',#2625,1.);
#1677=VECTOR('',#2626,1.);
#1678=VECTOR('',#2627,1.);
#1679=VECTOR('',#2628,1.);
#1680=VECTOR('',#2629,1.);
#1681=VECTOR('',#2630,1.);
#1682=VECTOR('',#2631,1.);
#1683=VECTOR('',#2632,1.);
#1684=VECTOR('',#2633,1.);
#1685=VECTOR('',#2634,1.);
#1686=VECTOR('',#2635,1.);
#1687=VECTOR('',#2636,1.);
#1688=VECTOR('',#2637,1.);
#1689=VECTOR('',#2638,1.);
#1690=VECTOR('',#2639,1.);
#1691=VECTOR('',#2640,1.);
#1692=VECTOR('',#2641,1.);
#1693=VECTOR('',#2642,1.);
#1694=VECTOR('',#2643,1.);
#1695=VECTOR('',#2644,1.);
#1696=VECTOR('',#2645,1.);
#1697=VECTOR('',#2646,1.);
#1698=VECTOR('',#2647,1.);
#1699=VECTOR('',#2648,1.);
#1700=VECTOR('',#2651,1.);
#1701=VECTOR('',#2652,1.);
#1702=VECTOR('',#2655,1.);
#1703=VECTOR('',#2656,1.);
#1704=VECTOR('',#2659,1.);
#1705=VECTOR('',#2660,1.);
#1706=VECTOR('',#2663,1.);
#1707=VECTOR('',#2664,1.);
#1708=VECTOR('',#2667,1.);
#1709=VECTOR('',#2668,1.);
#1710=VECTOR('',#2671,1.);
#1711=VECTOR('',#2672,1.);
#1712=VECTOR('',#2675,1.);
#1713=VECTOR('',#2676,1.);
#1714=VECTOR('',#2679,1.);
#1715=VECTOR('',#2680,1.);
#1716=VECTOR('',#2683,1.);
#1717=VECTOR('',#2684,1.);
#1718=VECTOR('',#2687,1.);
#1719=VECTOR('',#2692,1.);
#1720=VECTOR('',#2693,1.);
#1721=VECTOR('',#2696,1.);
#1722=VECTOR('',#2697,1.);
#1723=VECTOR('',#2700,1.);
#1724=VECTOR('',#2701,1.);
#1725=VECTOR('',#2704,1.);
#1726=VECTOR('',#2705,1.);
#1727=VECTOR('',#2708,1.);
#1728=VECTOR('',#2709,1.);
#1729=VECTOR('',#2722,1.);
#1730=VECTOR('',#2723,1.);
#1731=VECTOR('',#2726,1.);
#1732=VECTOR('',#2727,1.);
#1733=VECTOR('',#2730,1.);
#1734=VECTOR('',#2731,1.);
#1735=VECTOR('',#2740,1.);
#1736=VECTOR('',#2741,1.);
#1737=VECTOR('',#2744,1.);
#1738=VECTOR('',#2745,1.);
#1739=VECTOR('',#2748,1.);
#1740=VECTOR('',#2749,1.);
#1741=VECTOR('',#2758,1.);
#1742=VECTOR('',#2759,1.);
#1743=VECTOR('',#2762,1.);
#1744=VECTOR('',#2763,1.);
#1745=VECTOR('',#2766,1.);
#1746=VECTOR('',#2767,1.);
#1747=VECTOR('',#2776,1.);
#1748=VECTOR('',#2779,1.);
#1749=VECTOR('',#2784,1.);
#1750=VECTOR('',#2787,1.);
#1751=VECTOR('',#2792,1.);
#1752=VECTOR('',#2795,1.);
#1753=VECTOR('',#2800,1.);
#1754=VECTOR('',#2805,1.);
#1755=VECTOR('',#2808,1.);
#1756=VECTOR('',#2813,1.);
#1757=VECTOR('',#2816,1.);
#1758=VECTOR('',#2821,1.);
#1759=VECTOR('',#2824,1.);
#1760=VECTOR('',#2829,1.);
#1761=VECTOR('',#2834,1.);
#1762=VECTOR('',#2837,1.);
#1763=VECTOR('',#2842,1.);
#1764=VECTOR('',#2845,1.);
#1765=VECTOR('',#2850,1.);
#1766=VECTOR('',#2853,1.);
#1767=VECTOR('',#2858,1.);
#1768=VECTOR('',#2861,1.);
#1769=VECTOR('',#2866,1.);
#1770=VECTOR('',#2869,1.);
#1771=VECTOR('',#2874,1.);
#1772=VECTOR('',#2877,1.);
#1773=VECTOR('',#2882,1.);
#1774=VECTOR('',#2885,1.);
#1775=VECTOR('',#2890,1.);
#1776=VECTOR('',#2893,1.);
#1777=VECTOR('',#2898,1.);
#1778=VECTOR('',#2901,1.);
#1779=VECTOR('',#2906,1.);
#1780=VECTOR('',#2909,1.);
#1781=VECTOR('',#2914,1.);
#1782=VECTOR('',#2917,1.);
#1783=EDGE_LOOP('',(#54,#55,#56,#57));
#1784=EDGE_LOOP('',(#58,#59,#60,#61));
#1785=EDGE_LOOP('',(#62,#63,#64,#65));
#1786=EDGE_LOOP('',(#66,#67,#68,#69));
#1787=EDGE_LOOP('',(#70,#71,#72,#73));
#1788=EDGE_LOOP('',(#74,#75,#76,#77));
#1789=EDGE_LOOP('',(#78,#79,#80,#81));
#1790=EDGE_LOOP('',(#82,#83,#84,#85));
#1791=EDGE_LOOP('',(#86,#87,#88,#89));
#1792=EDGE_LOOP('',(#90,#91,#92,#93));
#1793=EDGE_LOOP('',(#94,#95,#96,#97));
#1794=EDGE_LOOP('',(#98,#99,#100,#101,#102,#103));
#1795=EDGE_LOOP('',(#104,#105,#106,#107,#108,#109,#110,#111,#112,#113));
#1796=EDGE_LOOP('',(#114,#115,#116,#117,#118,#119));
#1797=EDGE_LOOP('',(#120,#121,#122,#123,#124,#125));
#1798=EDGE_LOOP('',(#126,#127,#128,#129,#130,#131,#132,#133,#134,#135,#136,
#137,#138,#139,#140,#141,#142,#143,#144,#145,#146,#147,#148,#149,#150,#151,
#152,#153,#154,#155,#156,#157,#158,#159,#160,#161,#162,#163,#164,#165,#166,
#167,#168,#169,#170,#171,#172,#173,#174,#175,#176,#177,#178,#179,#180,#181,
#182,#183,#184,#185,#186,#187,#188,#189,#190,#191,#192,#193,#194,#195,#196,
#197,#198,#199,#200,#201,#202));
#1799=EDGE_LOOP('',(#203,#204,#205,#206,#207,#208));
#1800=EDGE_LOOP('',(#209,#210,#211,#212,#213,#214));
#1801=EDGE_LOOP('',(#215,#216,#217,#218,#219,#220,#221,#222,#223,#224));
#1802=EDGE_LOOP('',(#225,#226,#227,#228,#229,#230));
#1803=EDGE_LOOP('',(#231,#232,#233,#234,#235,#236,#237,#238,#239,#240,#241,
#242,#243,#244,#245,#246,#247,#248,#249,#250,#251,#252,#253,#254,#255,#256,
#257,#258,#259,#260,#261,#262,#263,#264,#265,#266,#267,#268,#269,#270,#271,
#272,#273,#274,#275,#276,#277,#278,#279,#280,#281,#282,#283,#284,#285,#286,
#287,#288,#289,#290,#291,#292,#293,#294,#295,#296,#297,#298,#299,#300,#301,
#302,#303,#304,#305,#306,#307));
#1804=EDGE_LOOP('',(#308,#309,#310,#311));
#1805=EDGE_LOOP('',(#312,#313,#314,#315));
#1806=EDGE_LOOP('',(#316,#317,#318,#319));
#1807=EDGE_LOOP('',(#320,#321,#322,#323));
#1808=EDGE_LOOP('',(#324,#325,#326,#327));
#1809=EDGE_LOOP('',(#328,#329,#330,#331));
#1810=EDGE_LOOP('',(#332,#333,#334,#335));
#1811=EDGE_LOOP('',(#336,#337,#338,#339));
#1812=EDGE_LOOP('',(#340,#341,#342,#343));
#1813=EDGE_LOOP('',(#344,#345,#346,#347));
#1814=EDGE_LOOP('',(#348,#349,#350,#351));
#1815=EDGE_LOOP('',(#352,#353,#354,#355));
#1816=EDGE_LOOP('',(#356,#357,#358,#359));
#1817=EDGE_LOOP('',(#360,#361,#362,#363));
#1818=EDGE_LOOP('',(#364,#365,#366,#367));
#1819=EDGE_LOOP('',(#368,#369,#370,#371));
#1820=EDGE_LOOP('',(#372,#373,#374,#375));
#1821=EDGE_LOOP('',(#376,#377,#378,#379));
#1822=EDGE_LOOP('',(#380,#381,#382,#383));
#1823=EDGE_LOOP('',(#384,#385,#386,#387));
#1824=EDGE_LOOP('',(#388,#389,#390,#391));
#1825=EDGE_LOOP('',(#392,#393,#394,#395));
#1826=EDGE_LOOP('',(#396,#397,#398,#399));
#1827=EDGE_LOOP('',(#400,#401,#402,#403));
#1828=EDGE_LOOP('',(#404,#405,#406,#407));
#1829=EDGE_LOOP('',(#408,#409,#410,#411));
#1830=EDGE_LOOP('',(#412,#413,#414,#415));
#1831=EDGE_LOOP('',(#416,#417,#418,#419));
#1832=EDGE_LOOP('',(#420,#421,#422,#423));
#1833=EDGE_LOOP('',(#424,#425,#426,#427));
#1834=EDGE_LOOP('',(#428,#429,#430,#431));
#1835=EDGE_LOOP('',(#432,#433,#434,#435));
#1836=EDGE_LOOP('',(#436,#437,#438,#439));
#1837=EDGE_LOOP('',(#440,#441,#442,#443));
#1838=EDGE_LOOP('',(#444,#445,#446,#447));
#1839=EDGE_LOOP('',(#448,#449,#450,#451));
#1840=EDGE_LOOP('',(#452,#453,#454,#455));
#1841=EDGE_LOOP('',(#456,#457,#458,#459));
#1842=EDGE_LOOP('',(#460,#461,#462,#463));
#1843=EDGE_LOOP('',(#464,#465,#466,#467));
#1844=EDGE_LOOP('',(#468,#469,#470,#471));
#1845=EDGE_LOOP('',(#472,#473,#474,#475));
#1846=EDGE_LOOP('',(#476,#477,#478,#479));
#1847=EDGE_LOOP('',(#480,#481,#482,#483));
#1848=EDGE_LOOP('',(#484,#485,#486,#487));
#1849=EDGE_LOOP('',(#488,#489,#490,#491));
#1850=EDGE_LOOP('',(#492,#493,#494,#495));
#1851=EDGE_LOOP('',(#496,#497,#498,#499));
#1852=EDGE_LOOP('',(#500,#501,#502,#503));
#1853=EDGE_LOOP('',(#504,#505,#506,#507));
#1854=EDGE_LOOP('',(#508,#509,#510,#511));
#1855=EDGE_LOOP('',(#512,#513,#514,#515));
#1856=EDGE_LOOP('',(#516,#517,#518,#519));
#1857=EDGE_LOOP('',(#520,#521,#522,#523));
#1858=EDGE_LOOP('',(#524,#525,#526,#527));
#1859=EDGE_LOOP('',(#528,#529,#530,#531));
#1860=EDGE_LOOP('',(#532,#533,#534,#535));
#1861=EDGE_LOOP('',(#536,#537,#538,#539));
#1862=EDGE_LOOP('',(#540,#541,#542,#543));
#1863=EDGE_LOOP('',(#544,#545,#546,#547));
#1864=EDGE_LOOP('',(#548,#549,#550,#551));
#1865=EDGE_LOOP('',(#552,#553,#554,#555));
#1866=EDGE_LOOP('',(#556,#557,#558,#559));
#1867=EDGE_LOOP('',(#560,#561,#562,#563));
#1868=EDGE_LOOP('',(#564,#565,#566,#567));
#1869=EDGE_LOOP('',(#568,#569,#570,#571));
#1870=EDGE_LOOP('',(#572,#573,#574,#575));
#1871=EDGE_LOOP('',(#576,#577,#578,#579));
#1872=EDGE_LOOP('',(#580,#581,#582,#583));
#1873=EDGE_LOOP('',(#584,#585,#586,#587));
#1874=EDGE_LOOP('',(#588,#589,#590,#591));
#1875=EDGE_LOOP('',(#592,#593,#594,#595));
#1876=EDGE_LOOP('',(#596,#597,#598,#599));
#1877=EDGE_LOOP('',(#600,#601,#602,#603));
#1878=EDGE_LOOP('',(#604,#605,#606,#607));
#1879=EDGE_LOOP('',(#608,#609,#610,#611));
#1880=EDGE_LOOP('',(#612,#613,#614,#615));
#1881=EDGE_LOOP('',(#616,#617,#618,#619));
#1882=EDGE_LOOP('',(#620,#621,#622,#623));
#1883=EDGE_LOOP('',(#624,#625,#626,#627));
#1884=EDGE_LOOP('',(#628,#629,#630,#631));
#1885=EDGE_LOOP('',(#632,#633,#634,#635));
#1886=EDGE_LOOP('',(#636,#637,#638,#639));
#1887=EDGE_LOOP('',(#640,#641,#642,#643));
#1888=EDGE_LOOP('',(#644,#645,#646,#647));
#1889=EDGE_LOOP('',(#648,#649,#650,#651));
#1890=EDGE_LOOP('',(#652,#653,#654,#655));
#1891=EDGE_LOOP('',(#656,#657,#658,#659));
#1892=EDGE_LOOP('',(#660,#661,#662,#663));
#1893=EDGE_LOOP('',(#664,#665,#666,#667));
#1894=EDGE_LOOP('',(#668,#669,#670,#671));
#1895=EDGE_LOOP('',(#672,#673,#674,#675));
#1896=EDGE_LOOP('',(#676,#677,#678,#679));
#1897=EDGE_LOOP('',(#680,#681,#682,#683));
#1898=FACE_BOUND('',#1783,.T.);
#1899=FACE_BOUND('',#1784,.T.);
#1900=FACE_BOUND('',#1785,.T.);
#1901=FACE_BOUND('',#1786,.T.);
#1902=FACE_BOUND('',#1787,.T.);
#1903=FACE_BOUND('',#1788,.T.);
#1904=FACE_BOUND('',#1789,.T.);
#1905=FACE_BOUND('',#1790,.T.);
#1906=FACE_BOUND('',#1791,.T.);
#1907=FACE_BOUND('',#1792,.T.);
#1908=FACE_BOUND('',#1793,.T.);
#1909=FACE_BOUND('',#1794,.T.);
#1910=FACE_BOUND('',#1795,.T.);
#1911=FACE_BOUND('',#1796,.T.);
#1912=FACE_BOUND('',#1797,.T.);
#1913=FACE_BOUND('',#1798,.T.);
#1914=FACE_BOUND('',#1799,.T.);
#1915=FACE_BOUND('',#1800,.T.);
#1916=FACE_BOUND('',#1801,.T.);
#1917=FACE_BOUND('',#1802,.T.);
#1918=FACE_BOUND('',#1803,.T.);
#1919=FACE_BOUND('',#1804,.T.);
#1920=FACE_BOUND('',#1805,.T.);
#1921=FACE_BOUND('',#1806,.T.);
#1922=FACE_BOUND('',#1807,.T.);
#1923=FACE_BOUND('',#1808,.T.);
#1924=FACE_BOUND('',#1809,.T.);
#1925=FACE_BOUND('',#1810,.T.);
#1926=FACE_BOUND('',#1811,.T.);
#1927=FACE_BOUND('',#1812,.T.);
#1928=FACE_BOUND('',#1813,.T.);
#1929=FACE_BOUND('',#1814,.T.);
#1930=FACE_BOUND('',#1815,.T.);
#1931=FACE_BOUND('',#1816,.T.);
#1932=FACE_BOUND('',#1817,.T.);
#1933=FACE_BOUND('',#1818,.T.);
#1934=FACE_BOUND('',#1819,.T.);
#1935=FACE_BOUND('',#1820,.T.);
#1936=FACE_BOUND('',#1821,.T.);
#1937=FACE_BOUND('',#1822,.T.);
#1938=FACE_BOUND('',#1823,.T.);
#1939=FACE_BOUND('',#1824,.T.);
#1940=FACE_BOUND('',#1825,.T.);
#1941=FACE_BOUND('',#1826,.T.);
#1942=FACE_BOUND('',#1827,.T.);
#1943=FACE_BOUND('',#1828,.T.);
#1944=FACE_BOUND('',#1829,.T.);
#1945=FACE_BOUND('',#1830,.T.);
#1946=FACE_BOUND('',#1831,.T.);
#1947=FACE_BOUND('',#1832,.T.);
#1948=FACE_BOUND('',#1833,.T.);
#1949=FACE_BOUND('',#1834,.T.);
#1950=FACE_BOUND('',#1835,.T.);
#1951=FACE_BOUND('',#1836,.T.);
#1952=FACE_BOUND('',#1837,.T.);
#1953=FACE_BOUND('',#1838,.T.);
#1954=FACE_BOUND('',#1839,.T.);
#1955=FACE_BOUND('',#1840,.T.);
#1956=FACE_BOUND('',#1841,.T.);
#1957=FACE_BOUND('',#1842,.T.);
#1958=FACE_BOUND('',#1843,.T.);
#1959=FACE_BOUND('',#1844,.T.);
#1960=FACE_BOUND('',#1845,.T.);
#1961=FACE_BOUND('',#1846,.T.);
#1962=FACE_BOUND('',#1847,.T.);
#1963=FACE_BOUND('',#1848,.T.);
#1964=FACE_BOUND('',#1849,.T.);
#1965=FACE_BOUND('',#1850,.T.);
#1966=FACE_BOUND('',#1851,.T.);
#1967=FACE_BOUND('',#1852,.T.);
#1968=FACE_BOUND('',#1853,.T.);
#1969=FACE_BOUND('',#1854,.T.);
#1970=FACE_BOUND('',#1855,.T.);
#1971=FACE_BOUND('',#1856,.T.);
#1972=FACE_BOUND('',#1857,.T.);
#1973=FACE_BOUND('',#1858,.T.);
#1974=FACE_BOUND('',#1859,.T.);
#1975=FACE_BOUND('',#1860,.T.);
#1976=FACE_BOUND('',#1861,.T.);
#1977=FACE_BOUND('',#1862,.T.);
#1978=FACE_BOUND('',#1863,.T.);
#1979=FACE_BOUND('',#1864,.T.);
#1980=FACE_BOUND('',#1865,.T.);
#1981=FACE_BOUND('',#1866,.T.);
#1982=FACE_BOUND('',#1867,.T.);
#1983=FACE_BOUND('',#1868,.T.);
#1984=FACE_BOUND('',#1869,.T.);
#1985=FACE_BOUND('',#1870,.T.);
#1986=FACE_BOUND('',#1871,.T.);
#1987=FACE_BOUND('',#1872,.T.);
#1988=FACE_BOUND('',#1873,.T.);
#1989=FACE_BOUND('',#1874,.T.);
#1990=FACE_BOUND('',#1875,.T.);
#1991=FACE_BOUND('',#1876,.T.);
#1992=FACE_BOUND('',#1877,.T.);
#1993=FACE_BOUND('',#1878,.T.);
#1994=FACE_BOUND('',#1879,.T.);
#1995=FACE_BOUND('',#1880,.T.);
#1996=FACE_BOUND('',#1881,.T.);
#1997=FACE_BOUND('',#1882,.T.);
#1998=FACE_BOUND('',#1883,.T.);
#1999=FACE_BOUND('',#1884,.T.);
#2000=FACE_BOUND('',#1885,.T.);
#2001=FACE_BOUND('',#1886,.T.);
#2002=FACE_BOUND('',#1887,.T.);
#2003=FACE_BOUND('',#1888,.T.);
#2004=FACE_BOUND('',#1889,.T.);
#2005=FACE_BOUND('',#1890,.T.);
#2006=FACE_BOUND('',#1891,.T.);
#2007=FACE_BOUND('',#1892,.T.);
#2008=FACE_BOUND('',#1893,.T.);
#2009=FACE_BOUND('',#1894,.T.);
#2010=FACE_BOUND('',#1895,.T.);
#2011=FACE_BOUND('',#1896,.T.);
#2012=FACE_BOUND('',#1897,.T.);
#2013=PLANE('',#2226);
#2014=PLANE('',#2227);
#2015=PLANE('',#2228);
#2016=PLANE('',#2229);
#2017=PLANE('',#2230);
#2018=PLANE('',#2231);
#2019=PLANE('',#2232);
#2020=PLANE('',#2233);
#2021=PLANE('',#2234);
#2022=PLANE('',#2235);
#2023=PLANE('',#2236);
#2024=PLANE('',#2237);
#2025=PLANE('',#2252);
#2026=PLANE('',#2267);
#2027=PLANE('',#2268);
#2028=PLANE('',#2269);
#2029=PLANE('',#2270);
#2030=PLANE('',#2271);
#2031=PLANE('',#2272);
#2032=PLANE('',#2273);
#2033=PLANE('',#2274);
#2034=PLANE('',#2275);
#2035=PLANE('',#2276);
#2036=PLANE('',#2277);
#2037=PLANE('',#2278);
#2038=PLANE('',#2279);
#2039=PLANE('',#2280);
#2040=PLANE('',#2281);
#2041=PLANE('',#2282);
#2042=PLANE('',#2288);
#2043=PLANE('',#2289);
#2044=PLANE('',#2290);
#2045=PLANE('',#2294);
#2046=PLANE('',#2295);
#2047=PLANE('',#2296);
#2048=PLANE('',#2300);
#2049=PLANE('',#2301);
#2050=PLANE('',#2302);
#2051=PLANE('',#2306);
#2052=PLANE('',#2307);
#2053=PLANE('',#2308);
#2054=PLANE('',#2309);
#2055=PLANE('',#2310);
#2056=PLANE('',#2311);
#2057=PLANE('',#2312);
#2058=PLANE('',#2313);
#2059=PLANE('',#2314);
#2060=PLANE('',#2315);
#2061=PLANE('',#2316);
#2062=PLANE('',#2317);
#2063=PLANE('',#2318);
#2064=PLANE('',#2319);
#2065=PLANE('',#2320);
#2066=PLANE('',#2321);
#2067=PLANE('',#2322);
#2068=PLANE('',#2323);
#2069=PLANE('',#2324);
#2070=PLANE('',#2325);
#2071=PLANE('',#2326);
#2072=PLANE('',#2327);
#2073=PLANE('',#2328);
#2074=PLANE('',#2329);
#2075=PLANE('',#2330);
#2076=PLANE('',#2331);
#2077=PLANE('',#2332);
#2078=PLANE('',#2333);
#2079=PLANE('',#2334);
#2080=PLANE('',#2335);
#2081=PLANE('',#2336);
#2082=PLANE('',#2337);
#2083=PLANE('',#2338);
#2084=PLANE('',#2339);
#2085=PLANE('',#2340);
#2086=PLANE('',#2341);
#2087=PLANE('',#2342);
#2088=PLANE('',#2343);
#2089=PLANE('',#2344);
#2090=PLANE('',#2345);
#2091=PLANE('',#2346);
#2092=PLANE('',#2347);
#2093=PLANE('',#2348);
#2094=PLANE('',#2349);
#2095=PLANE('',#2350);
#2096=PLANE('',#2351);
#2097=PLANE('',#2352);
#2098=PLANE('',#2353);
#2099=PLANE('',#2354);
#2100=PLANE('',#2355);
#2101=PLANE('',#2356);
#2102=PLANE('',#2357);
#2103=PLANE('',#2358);
#2104=PLANE('',#2359);
#2105=PLANE('',#2360);
#2106=ADVANCED_FACE('',(#1898),#2013,.T.);
#2107=ADVANCED_FACE('',(#1899),#2014,.T.);
#2108=ADVANCED_FACE('',(#1900),#2015,.T.);
#2109=ADVANCED_FACE('',(#1901),#2016,.T.);
#2110=ADVANCED_FACE('',(#1902),#2017,.T.);
#2111=ADVANCED_FACE('',(#1903),#2018,.T.);
#2112=ADVANCED_FACE('',(#1904),#2019,.T.);
#2113=ADVANCED_FACE('',(#1905),#2020,.T.);
#2114=ADVANCED_FACE('',(#1906),#2021,.T.);
#2115=ADVANCED_FACE('',(#1907),#2022,.T.);
#2116=ADVANCED_FACE('',(#1908),#2023,.T.);
#2117=ADVANCED_FACE('',(#1909,#1910,#1911,#1912,#1913),#2024,.F.);
#2118=ADVANCED_FACE('',(#1914,#1915,#1916,#1917,#1918),#2025,.T.);
#2119=ADVANCED_FACE('',(#1919),#2026,.F.);
#2120=ADVANCED_FACE('',(#1920),#2027,.F.);
#2121=ADVANCED_FACE('',(#1921),#2028,.F.);
#2122=ADVANCED_FACE('',(#1922),#2029,.F.);
#2123=ADVANCED_FACE('',(#1923),#2030,.F.);
#2124=ADVANCED_FACE('',(#1924),#2031,.F.);
#2125=ADVANCED_FACE('',(#1925),#2032,.F.);
#2126=ADVANCED_FACE('',(#1926),#2033,.F.);
#2127=ADVANCED_FACE('',(#1927),#2034,.F.);
#2128=ADVANCED_FACE('',(#1928),#2035,.T.);
#2129=ADVANCED_FACE('',(#1929),#2036,.F.);
#2130=ADVANCED_FACE('',(#1930),#2037,.F.);
#2131=ADVANCED_FACE('',(#1931),#2038,.T.);
#2132=ADVANCED_FACE('',(#1932),#2039,.F.);
#2133=ADVANCED_FACE('',(#1933),#2040,.F.);
#2134=ADVANCED_FACE('',(#1934),#2041,.T.);
#2135=ADVANCED_FACE('',(#1935),#12,.F.);
#2136=ADVANCED_FACE('',(#1936),#13,.F.);
#2137=ADVANCED_FACE('',(#1937),#14,.F.);
#2138=ADVANCED_FACE('',(#1938),#15,.F.);
#2139=ADVANCED_FACE('',(#1939),#16,.F.);
#2140=ADVANCED_FACE('',(#1940),#2042,.T.);
#2141=ADVANCED_FACE('',(#1941),#2043,.T.);
#2142=ADVANCED_FACE('',(#1942),#2044,.T.);
#2143=ADVANCED_FACE('',(#1943),#17,.F.);
#2144=ADVANCED_FACE('',(#1944),#18,.F.);
#2145=ADVANCED_FACE('',(#1945),#19,.F.);
#2146=ADVANCED_FACE('',(#1946),#2045,.F.);
#2147=ADVANCED_FACE('',(#1947),#2046,.F.);
#2148=ADVANCED_FACE('',(#1948),#2047,.F.);
#2149=ADVANCED_FACE('',(#1949),#20,.F.);
#2150=ADVANCED_FACE('',(#1950),#21,.F.);
#2151=ADVANCED_FACE('',(#1951),#22,.F.);
#2152=ADVANCED_FACE('',(#1952),#2048,.T.);
#2153=ADVANCED_FACE('',(#1953),#2049,.T.);
#2154=ADVANCED_FACE('',(#1954),#2050,.F.);
#2155=ADVANCED_FACE('',(#1955),#23,.F.);
#2156=ADVANCED_FACE('',(#1956),#24,.F.);
#2157=ADVANCED_FACE('',(#1957),#25,.F.);
#2158=ADVANCED_FACE('',(#1958),#2051,.F.);
#2159=ADVANCED_FACE('',(#1959),#2052,.T.);
#2160=ADVANCED_FACE('',(#1960),#2053,.F.);
#2161=ADVANCED_FACE('',(#1961),#2054,.F.);
#2162=ADVANCED_FACE('',(#1962),#2055,.T.);
#2163=ADVANCED_FACE('',(#1963),#2056,.F.);
#2164=ADVANCED_FACE('',(#1964),#2057,.F.);
#2165=ADVANCED_FACE('',(#1965),#2058,.T.);
#2166=ADVANCED_FACE('',(#1966),#2059,.F.);
#2167=ADVANCED_FACE('',(#1967),#2060,.F.);
#2168=ADVANCED_FACE('',(#1968),#2061,.F.);
#2169=ADVANCED_FACE('',(#1969),#2062,.F.);
#2170=ADVANCED_FACE('',(#1970),#2063,.T.);
#2171=ADVANCED_FACE('',(#1971),#2064,.F.);
#2172=ADVANCED_FACE('',(#1972),#2065,.F.);
#2173=ADVANCED_FACE('',(#1973),#2066,.T.);
#2174=ADVANCED_FACE('',(#1974),#2067,.F.);
#2175=ADVANCED_FACE('',(#1975),#2068,.F.);
#2176=ADVANCED_FACE('',(#1976),#2069,.T.);
#2177=ADVANCED_FACE('',(#1977),#2070,.F.);
#2178=ADVANCED_FACE('',(#1978),#2071,.T.);
#2179=ADVANCED_FACE('',(#1979),#2072,.F.);
#2180=ADVANCED_FACE('',(#1980),#2073,.F.);
#2181=ADVANCED_FACE('',(#1981),#2074,.T.);
#2182=ADVANCED_FACE('',(#1982),#2075,.F.);
#2183=ADVANCED_FACE('',(#1983),#2076,.F.);
#2184=ADVANCED_FACE('',(#1984),#2077,.T.);
#2185=ADVANCED_FACE('',(#1985),#2078,.F.);
#2186=ADVANCED_FACE('',(#1986),#2079,.F.);
#2187=ADVANCED_FACE('',(#1987),#2080,.T.);
#2188=ADVANCED_FACE('',(#1988),#2081,.F.);
#2189=ADVANCED_FACE('',(#1989),#2082,.F.);
#2190=ADVANCED_FACE('',(#1990),#2083,.T.);
#2191=ADVANCED_FACE('',(#1991),#2084,.F.);
#2192=ADVANCED_FACE('',(#1992),#2085,.F.);
#2193=ADVANCED_FACE('',(#1993),#2086,.T.);
#2194=ADVANCED_FACE('',(#1994),#2087,.F.);
#2195=ADVANCED_FACE('',(#1995),#2088,.F.);
#2196=ADVANCED_FACE('',(#1996),#2089,.T.);
#2197=ADVANCED_FACE('',(#1997),#2090,.F.);
#2198=ADVANCED_FACE('',(#1998),#2091,.F.);
#2199=ADVANCED_FACE('',(#1999),#2092,.T.);
#2200=ADVANCED_FACE('',(#2000),#2093,.F.);
#2201=ADVANCED_FACE('',(#2001),#2094,.F.);
#2202=ADVANCED_FACE('',(#2002),#2095,.T.);
#2203=ADVANCED_FACE('',(#2003),#2096,.F.);
#2204=ADVANCED_FACE('',(#2004),#2097,.F.);
#2205=ADVANCED_FACE('',(#2005),#2098,.T.);
#2206=ADVANCED_FACE('',(#2006),#2099,.F.);
#2207=ADVANCED_FACE('',(#2007),#2100,.F.);
#2208=ADVANCED_FACE('',(#2008),#2101,.T.);
#2209=ADVANCED_FACE('',(#2009),#2102,.F.);
#2210=ADVANCED_FACE('',(#2010),#2103,.F.);
#2211=ADVANCED_FACE('',(#2011),#2104,.T.);
#2212=ADVANCED_FACE('',(#2012),#2105,.F.);
#2213=CLOSED_SHELL('',(#2106,#2107,#2108,#2109,#2110,#2111,#2112,#2113,
#2114,#2115,#2116,#2117,#2118,#2119,#2120,#2121,#2122,#2123,#2124,#2125,
#2126,#2127,#2128,#2129,#2130,#2131,#2132,#2133,#2134,#2135,#2136,#2137,
#2138,#2139,#2140,#2141,#2142,#2143,#2144,#2145,#2146,#2147,#2148,#2149,
#2150,#2151,#2152,#2153,#2154,#2155,#2156,#2157,#2158,#2159,#2160,#2161,
#2162,#2163,#2164,#2165,#2166,#2167,#2168,#2169,#2170,#2171,#2172,#2173,
#2174,#2175,#2176,#2177,#2178,#2179,#2180,#2181,#2182,#2183,#2184,#2185,
#2186,#2187,#2188,#2189,#2190,#2191,#2192,#2193,#2194,#2195,#2196,#2197,
#2198,#2199,#2200,#2201,#2202,#2203,#2204,#2205,#2206,#2207,#2208,#2209,
#2210,#2211,#2212));
#2214=STYLED_ITEM('',(#2215),#2222);
#2215=PRESENTATION_STYLE_ASSIGNMENT((#2216));
#2216=SURFACE_STYLE_USAGE(.BOTH.,#2217);
#2217=SURFACE_SIDE_STYLE('',(#2218));
#2218=SURFACE_STYLE_FILL_AREA(#2219);
#2219=FILL_AREA_STYLE('',(#2220));
#2220=FILL_AREA_STYLE_COLOUR('',#2221);
#2221=COLOUR_RGB('',0.917647058823529,0.725490196078431,0.490196078431373);
#2222=MANIFOLD_SOLID_BREP('PW14',#2213);
#2223=SHAPE_DEFINITION_REPRESENTATION(#3559,#2224);
#2224=SHAPE_REPRESENTATION('PW14',(#2225),#3554);
#2225=AXIS2_PLACEMENT_3D('',#2920,#2361,#2362);
#2226=AXIS2_PLACEMENT_3D('',#2921,#2363,#2364);
#2227=AXIS2_PLACEMENT_3D('',#2930,#2369,#2370);
#2228=AXIS2_PLACEMENT_3D('',#2939,#2375,#2376);
#2229=AXIS2_PLACEMENT_3D('',#2948,#2381,#2382);
#2230=AXIS2_PLACEMENT_3D('',#2957,#2387,#2388);
#2231=AXIS2_PLACEMENT_3D('',#2966,#2393,#2394);
#2232=AXIS2_PLACEMENT_3D('',#2975,#2399,#2400);
#2233=AXIS2_PLACEMENT_3D('',#2984,#2405,#2406);
#2234=AXIS2_PLACEMENT_3D('',#2993,#2411,#2412);
#2235=AXIS2_PLACEMENT_3D('',#3002,#2417,#2418);
#2236=AXIS2_PLACEMENT_3D('',#3011,#2423,#2424);
#2237=AXIS2_PLACEMENT_3D('',#3020,#2429,#2430);
#2238=AXIS2_PLACEMENT_3D('',#3024,#2432,#2433);
#2239=AXIS2_PLACEMENT_3D('',#3028,#2435,#2436);
#2240=AXIS2_PLACEMENT_3D('',#3032,#2438,#2439);
#2241=AXIS2_PLACEMENT_3D('',#3033,#2440,#2441);
#2242=AXIS2_PLACEMENT_3D('',#3038,#2443,#2444);
#2243=AXIS2_PLACEMENT_3D('',#3042,#2446,#2447);
#2244=AXIS2_PLACEMENT_3D('',#3046,#2449,#2450);
#2245=AXIS2_PLACEMENT_3D('',#3050,#2452,#2453);
#2246=AXIS2_PLACEMENT_3D('',#3053,#2455,#2456);
#2247=AXIS2_PLACEMENT_3D('',#3058,#2458,#2459);
#2248=AXIS2_PLACEMENT_3D('',#3062,#2461,#2462);
#2249=AXIS2_PLACEMENT_3D('',#3068,#2465,#2466);
#2250=AXIS2_PLACEMENT_3D('',#3072,#2468,#2469);
#2251=AXIS2_PLACEMENT_3D('',#3076,#2471,#2472);
#2252=AXIS2_PLACEMENT_3D('',#3198,#2539,#2540);
#2253=AXIS2_PLACEMENT_3D('',#3199,#2541,#2542);
#2254=AXIS2_PLACEMENT_3D('',#3204,#2544,#2545);
#2255=AXIS2_PLACEMENT_3D('',#3208,#2547,#2548);
#2256=AXIS2_PLACEMENT_3D('',#3211,#2550,#2551);
#2257=AXIS2_PLACEMENT_3D('',#3216,#2553,#2554);
#2258=AXIS2_PLACEMENT_3D('',#3220,#2556,#2557);
#2259=AXIS2_PLACEMENT_3D('',#3223,#2559,#2560);
#2260=AXIS2_PLACEMENT_3D('',#3228,#2562,#2563);
#2261=AXIS2_PLACEMENT_3D('',#3232,#2565,#2566);
#2262=AXIS2_PLACEMENT_3D('',#3236,#2568,#2569);
#2263=AXIS2_PLACEMENT_3D('',#3240,#2571,#2572);
#2264=AXIS2_PLACEMENT_3D('',#3243,#2574,#2575);
#2265=AXIS2_PLACEMENT_3D('',#3248,#2577,#2578);
#2266=AXIS2_PLACEMENT_3D('',#3252,#2580,#2581);
#2267=AXIS2_PLACEMENT_3D('',#3376,#2649,#2650);
#2268=AXIS2_PLACEMENT_3D('',#3379,#2653,#2654);
#2269=AXIS2_PLACEMENT_3D('',#3382,#2657,#2658);
#2270=AXIS2_PLACEMENT_3D('',#3385,#2661,#2662);
#2271=AXIS2_PLACEMENT_3D('',#3388,#2665,#2666);
#2272=AXIS2_PLACEMENT_3D('',#3391,#2669,#2670);
#2273=AXIS2_PLACEMENT_3D('',#3394,#2673,#2674);
#2274=AXIS2_PLACEMENT_3D('',#3397,#2677,#2678);
#2275=AXIS2_PLACEMENT_3D('',#3400,#2681,#2682);
#2276=AXIS2_PLACEMENT_3D('',#3403,#2685,#2686);
#2277=AXIS2_PLACEMENT_3D('',#3405,#2688,#2689);
#2278=AXIS2_PLACEMENT_3D('',#3406,#2690,#2691);
#2279=AXIS2_PLACEMENT_3D('',#3409,#2694,#2695);
#2280=AXIS2_PLACEMENT_3D('',#3412,#2698,#2699);
#2281=AXIS2_PLACEMENT_3D('',#3415,#2702,#2703);
#2282=AXIS2_PLACEMENT_3D('',#3418,#2706,#2707);
#2283=AXIS2_PLACEMENT_3D('',#3421,#2710,#2711);
#2284=AXIS2_PLACEMENT_3D('',#3422,#2712,#2713);
#2285=AXIS2_PLACEMENT_3D('',#3423,#2714,#2715);
#2286=AXIS2_PLACEMENT_3D('',#3424,#2716,#2717);
#2287=AXIS2_PLACEMENT_3D('',#3425,#2718,#2719);
#2288=AXIS2_PLACEMENT_3D('',#3426,#2720,#2721);
#2289=AXIS2_PLACEMENT_3D('',#3429,#2724,#2725);
#2290=AXIS2_PLACEMENT_3D('',#3432,#2728,#2729);
#2291=AXIS2_PLACEMENT_3D('',#3435,#2732,#2733);
#2292=AXIS2_PLACEMENT_3D('',#3436,#2734,#2735);
#2293=AXIS2_PLACEMENT_3D('',#3437,#2736,#2737);
#2294=AXIS2_PLACEMENT_3D('',#3438,#2738,#2739);
#2295=AXIS2_PLACEMENT_3D('',#3441,#2742,#2743);
#2296=AXIS2_PLACEMENT_3D('',#3444,#2746,#2747);
#2297=AXIS2_PLACEMENT_3D('',#3447,#2750,#2751);
#2298=AXIS2_PLACEMENT_3D('',#3448,#2752,#2753);
#2299=AXIS2_PLACEMENT_3D('',#3449,#2754,#2755);
#2300=AXIS2_PLACEMENT_3D('',#3450,#2756,#2757);
#2301=AXIS2_PLACEMENT_3D('',#3453,#2760,#2761);
#2302=AXIS2_PLACEMENT_3D('',#3456,#2764,#2765);
#2303=AXIS2_PLACEMENT_3D('',#3459,#2768,#2769);
#2304=AXIS2_PLACEMENT_3D('',#3460,#2770,#2771);
#2305=AXIS2_PLACEMENT_3D('',#3461,#2772,#2773);
#2306=AXIS2_PLACEMENT_3D('',#3462,#2774,#2775);
#2307=AXIS2_PLACEMENT_3D('',#3464,#2777,#2778);
#2308=AXIS2_PLACEMENT_3D('',#3466,#2780,#2781);
#2309=AXIS2_PLACEMENT_3D('',#3467,#2782,#2783);
#2310=AXIS2_PLACEMENT_3D('',#3469,#2785,#2786);
#2311=AXIS2_PLACEMENT_3D('',#3471,#2788,#2789);
#2312=AXIS2_PLACEMENT_3D('',#3472,#2790,#2791);
#2313=AXIS2_PLACEMENT_3D('',#3474,#2793,#2794);
#2314=AXIS2_PLACEMENT_3D('',#3476,#2796,#2797);
#2315=AXIS2_PLACEMENT_3D('',#3477,#2798,#2799);
#2316=AXIS2_PLACEMENT_3D('',#3479,#2801,#2802);
#2317=AXIS2_PLACEMENT_3D('',#3480,#2803,#2804);
#2318=AXIS2_PLACEMENT_3D('',#3482,#2806,#2807);
#2319=AXIS2_PLACEMENT_3D('',#3484,#2809,#2810);
#2320=AXIS2_PLACEMENT_3D('',#3485,#2811,#2812);
#2321=AXIS2_PLACEMENT_3D('',#3487,#2814,#2815);
#2322=AXIS2_PLACEMENT_3D('',#3489,#2817,#2818);
#2323=AXIS2_PLACEMENT_3D('',#3490,#2819,#2820);
#2324=AXIS2_PLACEMENT_3D('',#3492,#2822,#2823);
#2325=AXIS2_PLACEMENT_3D('',#3494,#2825,#2826);
#2326=AXIS2_PLACEMENT_3D('',#3495,#2827,#2828);
#2327=AXIS2_PLACEMENT_3D('',#3497,#2830,#2831);
#2328=AXIS2_PLACEMENT_3D('',#3498,#2832,#2833);
#2329=AXIS2_PLACEMENT_3D('',#3500,#2835,#2836);
#2330=AXIS2_PLACEMENT_3D('',#3502,#2838,#2839);
#2331=AXIS2_PLACEMENT_3D('',#3503,#2840,#2841);
#2332=AXIS2_PLACEMENT_3D('',#3505,#2843,#2844);
#2333=AXIS2_PLACEMENT_3D('',#3507,#2846,#2847);
#2334=AXIS2_PLACEMENT_3D('',#3508,#2848,#2849);
#2335=AXIS2_PLACEMENT_3D('',#3510,#2851,#2852);
#2336=AXIS2_PLACEMENT_3D('',#3512,#2854,#2855);
#2337=AXIS2_PLACEMENT_3D('',#3513,#2856,#2857);
#2338=AXIS2_PLACEMENT_3D('',#3515,#2859,#2860);
#2339=AXIS2_PLACEMENT_3D('',#3517,#2862,#2863);
#2340=AXIS2_PLACEMENT_3D('',#3518,#2864,#2865);
#2341=AXIS2_PLACEMENT_3D('',#3520,#2867,#2868);
#2342=AXIS2_PLACEMENT_3D('',#3522,#2870,#2871);
#2343=AXIS2_PLACEMENT_3D('',#3523,#2872,#2873);
#2344=AXIS2_PLACEMENT_3D('',#3525,#2875,#2876);
#2345=AXIS2_PLACEMENT_3D('',#3527,#2878,#2879);
#2346=AXIS2_PLACEMENT_3D('',#3528,#2880,#2881);
#2347=AXIS2_PLACEMENT_3D('',#3530,#2883,#2884);
#2348=AXIS2_PLACEMENT_3D('',#3532,#2886,#2887);
#2349=AXIS2_PLACEMENT_3D('',#3533,#2888,#2889);
#2350=AXIS2_PLACEMENT_3D('',#3535,#2891,#2892);
#2351=AXIS2_PLACEMENT_3D('',#3537,#2894,#2895);
#2352=AXIS2_PLACEMENT_3D('',#3538,#2896,#2897);
#2353=AXIS2_PLACEMENT_3D('',#3540,#2899,#2900);
#2354=AXIS2_PLACEMENT_3D('',#3542,#2902,#2903);
#2355=AXIS2_PLACEMENT_3D('',#3543,#2904,#2905);
#2356=AXIS2_PLACEMENT_3D('',#3545,#2907,#2908);
#2357=AXIS2_PLACEMENT_3D('',#3547,#2910,#2911);
#2358=AXIS2_PLACEMENT_3D('',#3548,#2912,#2913);
#2359=AXIS2_PLACEMENT_3D('',#3550,#2915,#2916);
#2360=AXIS2_PLACEMENT_3D('',#3552,#2918,#2919);
#2361=DIRECTION('',(0.,0.,1.));
#2362=DIRECTION('',(1.,0.,0.));
#2363=DIRECTION('',(0.,0.,1.));
#2364=DIRECTION('',(-1.,1.22464679914735E-16,0.));
#2365=DIRECTION('',(-0.866025403784439,0.5,0.));
#2366=DIRECTION('',(-0.5,-0.866025403784439,0.));
#2367=DIRECTION('',(-0.866025403784438,0.5,0.));
#2368=DIRECTION('',(-0.5,-0.866025403784439,0.));
#2369=DIRECTION('',(0.,0.,1.));
#2370=DIRECTION('',(-1.,1.22464679914735E-16,0.));
#2371=DIRECTION('',(-0.866025403784439,0.5,0.));
#2372=DIRECTION('',(-0.5,-0.866025403784439,0.));
#2373=DIRECTION('',(-0.866025403784438,0.5,0.));
#2374=DIRECTION('',(-0.5,-0.866025403784439,0.));
#2375=DIRECTION('',(0.,0.,1.));
#2376=DIRECTION('',(-1.,1.22464679914735E-16,0.));
#2377=DIRECTION('',(-0.866025403784439,0.5,0.));
#2378=DIRECTION('',(-0.5,-0.866025403784439,0.));
#2379=DIRECTION('',(-0.866025403784438,0.5,0.));
#2380=DIRECTION('',(-0.5,-0.866025403784439,0.));
#2381=DIRECTION('',(0.,0.,1.));
#2382=DIRECTION('',(-1.,1.22464679914735E-16,0.));
#2383=DIRECTION('',(-0.866025403784439,0.5,0.));
#2384=DIRECTION('',(-0.5,-0.866025403784439,0.));
#2385=DIRECTION('',(-0.866025403784438,0.5,0.));
#2386=DIRECTION('',(-0.5,-0.866025403784439,0.));
#2387=DIRECTION('',(0.,0.,1.));
#2388=DIRECTION('',(-1.,1.22464679914735E-16,0.));
#2389=DIRECTION('',(-0.866025403784439,0.5,0.));
#2390=DIRECTION('',(-0.5,-0.866025403784439,0.));
#2391=DIRECTION('',(-0.866025403784438,0.5,0.));
#2392=DIRECTION('',(-0.5,-0.866025403784439,0.));
#2393=DIRECTION('',(0.,0.,1.));
#2394=DIRECTION('',(-1.,1.22464679914735E-16,0.));
#2395=DIRECTION('',(-0.866025403784439,0.5,0.));
#2396=DIRECTION('',(-0.5,-0.866025403784439,0.));
#2397=DIRECTION('',(-0.866025403784438,0.5,0.));
#2398=DIRECTION('',(-0.5,-0.866025403784439,0.));
#2399=DIRECTION('',(0.,0.,1.));
#2400=DIRECTION('',(-1.,1.22464679914735E-16,0.));
#2401=DIRECTION('',(-0.866025403784439,0.5,0.));
#2402=DIRECTION('',(-0.5,-0.866025403784439,0.));
#2403=DIRECTION('',(-0.866025403784438,0.5,0.));
#2404=DIRECTION('',(-0.5,-0.866025403784439,0.));
#2405=DIRECTION('',(0.,0.,1.));
#2406=DIRECTION('',(-1.,1.22464679914735E-16,0.));
#2407=DIRECTION('',(-0.866025403784439,0.5,0.));
#2408=DIRECTION('',(-0.5,-0.866025403784439,0.));
#2409=DIRECTION('',(-0.866025403784438,0.5,0.));
#2410=DIRECTION('',(-0.5,-0.866025403784439,0.));
#2411=DIRECTION('',(0.,0.,1.));
#2412=DIRECTION('',(-1.,1.22464679914735E-16,0.));
#2413=DIRECTION('',(-0.866025403784439,0.5,0.));
#2414=DIRECTION('',(-0.5,-0.866025403784439,0.));
#2415=DIRECTION('',(-0.866025403784438,0.5,0.));
#2416=DIRECTION('',(-0.5,-0.866025403784439,0.));
#2417=DIRECTION('',(0.,0.,1.));
#2418=DIRECTION('',(-1.,1.22464679914735E-16,0.));
#2419=DIRECTION('',(-0.866025403784439,0.5,0.));
#2420=DIRECTION('',(-0.5,-0.866025403784439,0.));
#2421=DIRECTION('',(-0.866025403784438,0.5,0.));
#2422=DIRECTION('',(-0.5,-0.866025403784439,0.));
#2423=DIRECTION('',(0.,0.,1.));
#2424=DIRECTION('',(-1.,1.22464679914735E-16,0.));
#2425=DIRECTION('',(-0.5,-0.866025403784439,0.));
#2426=DIRECTION('',(-0.866025403784439,0.5,0.));
#2427=DIRECTION('',(-0.5,-0.866025403784439,0.));
#2428=DIRECTION('',(-0.866025403784438,0.5,0.));
#2429=DIRECTION('',(0.5,0.866025403784438,0.));
#2430=DIRECTION('',(-0.866025403784438,0.5,0.));
#2431=DIRECTION('',(0.,0.,1.));
#2432=DIRECTION('',(0.5,0.866025403784438,0.));
#2433=DIRECTION('',(-0.866025403784438,0.5,0.));
#2434=DIRECTION('',(0.836037610411932,-0.482686539423982,-0.260873184968495));
#2435=DIRECTION('',(0.5,0.866025403784438,0.));
#2436=DIRECTION('',(-0.866025403784438,0.5,0.));
#2437=DIRECTION('',(-0.742966800211125,0.42895208210085,-0.513809736230629));
#2438=DIRECTION('',(0.5,0.866025403784438,0.));
#2439=DIRECTION('',(-0.866025403784438,0.5,0.));
#2440=DIRECTION('',(0.5,0.866025403784438,0.));
#2441=DIRECTION('',(-0.866025403784438,0.5,0.));
#2442=DIRECTION('',(-0.866025403784438,0.5,0.));
#2443=DIRECTION('',(0.5,0.866025403784438,0.));
#2444=DIRECTION('',(-0.866025403784438,0.5,0.));
#2445=DIRECTION('',(-0.749481148329459,0.432713142740564,0.501036270541705));
#2446=DIRECTION('',(0.5,0.866025403784438,0.));
#2447=DIRECTION('',(-0.866025403784438,0.5,0.));
#2448=DIRECTION('',(-0.742966800211125,0.42895208210085,-0.513809736230629));
#2449=DIRECTION('',(0.5,0.866025403784438,0.));
#2450=DIRECTION('',(-0.866025403784438,0.5,0.));
#2451=DIRECTION('',(0.836037610411932,-0.482686539423982,-0.260873184968495));
#2452=DIRECTION('',(0.5,0.866025403784438,0.));
#2453=DIRECTION('',(-0.866025403784438,0.5,0.));
#2454=DIRECTION('',(0.,0.,1.));
#2455=DIRECTION('',(0.5,0.866025403784438,0.));
#2456=DIRECTION('',(-0.866025403784438,0.5,0.));
#2457=DIRECTION('',(-0.749481148329459,0.432713142740564,0.501036270541705));
#2458=DIRECTION('',(0.5,0.866025403784438,0.));
#2459=DIRECTION('',(-0.866025403784438,0.5,0.));
#2460=DIRECTION('',(0.836037610411932,-0.482686539423982,-0.260873184968495));
#2461=DIRECTION('',(0.5,0.866025403784438,0.));
#2462=DIRECTION('',(-0.866025403784438,0.5,0.));
#2463=DIRECTION('',(-0.742966800211125,0.42895208210085,-0.513809736230629));
#2464=DIRECTION('',(-0.866025403784438,0.5,0.));
#2465=DIRECTION('',(0.5,0.866025403784438,0.));
#2466=DIRECTION('',(-0.866025403784438,0.5,0.));
#2467=DIRECTION('',(-0.742966800211125,0.42895208210085,-0.513809736230629));
#2468=DIRECTION('',(0.5,0.866025403784438,0.));
#2469=DIRECTION('',(-0.866025403784438,0.5,0.));
#2470=DIRECTION('',(0.836037610411932,-0.482686539423982,-0.260873184968495));
#2471=DIRECTION('',(0.5,0.866025403784438,0.));
#2472=DIRECTION('',(-0.866025403784438,0.5,0.));
#2473=DIRECTION('',(0.,0.,-1.));
#2474=DIRECTION('',(0.,0.,-1.));
#2475=DIRECTION('',(0.866025403784438,-0.5,0.));
#2476=DIRECTION('',(0.,0.,-1.));
#2477=DIRECTION('',(-0.866025403784438,0.5,0.));
#2478=DIRECTION('',(0.,0.,1.));
#2479=DIRECTION('',(-0.749481148329459,0.432713142740564,0.501036270541705));
#2480=DIRECTION('',(-0.866025403784438,0.5,0.));
#2481=DIRECTION('',(0.,0.,1.));
#2482=DIRECTION('',(0.866025403784438,-0.5,0.));
#2483=DIRECTION('',(0.,0.,1.));
#2484=DIRECTION('',(0.866025403784438,-0.5,0.));
#2485=DIRECTION('',(0.,0.,1.));
#2486=DIRECTION('',(0.866025403784438,-0.5,0.));
#2487=DIRECTION('',(0.,0.,1.));
#2488=DIRECTION('',(0.866025403784438,-0.5,0.));
#2489=DIRECTION('',(0.,0.,1.));
#2490=DIRECTION('',(0.866025403784438,-0.5,0.));
#2491=DIRECTION('',(0.,0.,1.));
#2492=DIRECTION('',(0.866025403784438,-0.5,0.));
#2493=DIRECTION('',(0.,0.,1.));
#2494=DIRECTION('',(0.866025403784438,-0.5,0.));
#2495=DIRECTION('',(0.,0.,1.));
#2496=DIRECTION('',(0.866025403784438,-0.5,0.));
#2497=DIRECTION('',(0.,0.,1.));
#2498=DIRECTION('',(0.866025403784438,-0.5,0.));
#2499=DIRECTION('',(0.,0.,1.));
#2500=DIRECTION('',(0.866025403784438,-0.5,0.));
#2501=DIRECTION('',(0.,0.,1.));
#2502=DIRECTION('',(0.866025403784438,-0.5,0.));
#2503=DIRECTION('',(0.,0.,1.));
#2504=DIRECTION('',(0.866025403784438,-0.5,0.));
#2505=DIRECTION('',(0.,0.,1.));
#2506=DIRECTION('',(0.866025403784438,-0.5,0.));
#2507=DIRECTION('',(0.,0.,1.));
#2508=DIRECTION('',(0.866025403784438,-0.5,0.));
#2509=DIRECTION('',(0.,0.,1.));
#2510=DIRECTION('',(0.,0.,-1.));
#2511=DIRECTION('',(0.866025403784438,-0.5,0.));
#2512=DIRECTION('',(0.,0.,-1.));
#2513=DIRECTION('',(0.,0.,-1.));
#2514=DIRECTION('',(0.866025403784438,-0.5,0.));
#2515=DIRECTION('',(0.,0.,-1.));
#2516=DIRECTION('',(0.,0.,-1.));
#2517=DIRECTION('',(0.866025403784438,-0.5,0.));
#2518=DIRECTION('',(0.,0.,-1.));
#2519=DIRECTION('',(0.,0.,-1.));
#2520=DIRECTION('',(0.866025403784438,-0.5,0.));
#2521=DIRECTION('',(0.,0.,-1.));
#2522=DIRECTION('',(0.,0.,-1.));
#2523=DIRECTION('',(0.866025403784438,-0.5,0.));
#2524=DIRECTION('',(0.,0.,-1.));
#2525=DIRECTION('',(0.,0.,-1.));
#2526=DIRECTION('',(0.866025403784438,-0.5,0.));
#2527=DIRECTION('',(0.,0.,-1.));
#2528=DIRECTION('',(0.,0.,-1.));
#2529=DIRECTION('',(0.866025403784438,-0.5,0.));
#2530=DIRECTION('',(0.,0.,-1.));
#2531=DIRECTION('',(0.,0.,-1.));
#2532=DIRECTION('',(0.866025403784438,-0.5,0.));
#2533=DIRECTION('',(0.,0.,-1.));
#2534=DIRECTION('',(0.,0.,-1.));
#2535=DIRECTION('',(0.866025403784438,-0.5,0.));
#2536=DIRECTION('',(0.,0.,-1.));
#2537=DIRECTION('',(0.,0.,-1.));
#2538=DIRECTION('',(0.866025403784438,-0.5,0.));
#2539=DIRECTION('',(0.5,0.866025403784439,0.));
#2540=DIRECTION('',(-0.866025403784439,0.5,0.));
#2541=DIRECTION('',(0.5,0.866025403784439,0.));
#2542=DIRECTION('',(-0.866025403784439,0.5,0.));
#2543=DIRECTION('',(-0.749481148329459,0.432713142740563,0.501036270541705));
#2544=DIRECTION('',(0.5,0.866025403784439,0.));
#2545=DIRECTION('',(-0.866025403784439,0.5,0.));
#2546=DIRECTION('',(-0.742966800211126,0.428952082100848,-0.513809736230629));
#2547=DIRECTION('',(0.5,0.866025403784439,0.));
#2548=DIRECTION('',(-0.866025403784439,0.5,0.));
#2549=DIRECTION('',(0.836037610411933,-0.482686539423981,-0.260873184968495));
#2550=DIRECTION('',(0.5,0.866025403784439,0.));
#2551=DIRECTION('',(-0.866025403784439,0.5,0.));
#2552=DIRECTION('',(0.,0.,1.));
#2553=DIRECTION('',(0.5,0.866025403784439,0.));
#2554=DIRECTION('',(-0.866025403784439,0.5,0.));
#2555=DIRECTION('',(-0.742966800211126,0.428952082100848,-0.513809736230629));
#2556=DIRECTION('',(0.5,0.866025403784439,0.));
#2557=DIRECTION('',(-0.866025403784439,0.5,0.));
#2558=DIRECTION('',(0.836037610411933,-0.482686539423981,-0.260873184968495));
#2559=DIRECTION('',(0.5,0.866025403784439,0.));
#2560=DIRECTION('',(-0.866025403784439,0.5,0.));
#2561=DIRECTION('',(0.,0.,1.));
#2562=DIRECTION('',(0.5,0.866025403784439,0.));
#2563=DIRECTION('',(-0.866025403784439,0.5,0.));
#2564=DIRECTION('',(0.836037610411933,-0.482686539423981,-0.260873184968495));
#2565=DIRECTION('',(0.5,0.866025403784439,0.));
#2566=DIRECTION('',(-0.866025403784439,0.5,0.));
#2567=DIRECTION('',(-0.742966800211126,0.428952082100848,-0.513809736230629));
#2568=DIRECTION('',(0.5,0.866025403784439,0.));
#2569=DIRECTION('',(-0.866025403784439,0.5,0.));
#2570=DIRECTION('',(-0.749481148329459,0.432713142740563,0.501036270541705));
#2571=DIRECTION('',(0.5,0.866025403784439,0.));
#2572=DIRECTION('',(-0.866025403784439,0.5,0.));
#2573=DIRECTION('',(-0.866025403784439,0.5,0.));
#2574=DIRECTION('',(0.5,0.866025403784439,0.));
#2575=DIRECTION('',(-0.866025403784439,0.5,0.));
#2576=DIRECTION('',(-0.866025403784439,0.5,0.));
#2577=DIRECTION('',(0.5,0.866025403784439,0.));
#2578=DIRECTION('',(-0.866025403784439,0.5,0.));
#2579=DIRECTION('',(0.836037610411933,-0.482686539423981,-0.260873184968495));
#2580=DIRECTION('',(0.5,0.866025403784439,0.));
#2581=DIRECTION('',(-0.866025403784439,0.5,0.));
#2582=DIRECTION('',(-0.742966800211126,0.428952082100848,-0.513809736230629));
#2583=DIRECTION('',(0.,0.,-1.));
#2584=DIRECTION('',(0.866025403784439,-0.5,0.));
#2585=DIRECTION('',(0.,0.,-1.));
#2586=DIRECTION('',(0.,0.,-1.));
#2587=DIRECTION('',(0.866025403784439,-0.5,0.));
#2588=DIRECTION('',(0.,0.,-1.));
#2589=DIRECTION('',(0.,0.,-1.));
#2590=DIRECTION('',(0.866025403784439,-0.5,0.));
#2591=DIRECTION('',(0.,0.,-1.));
#2592=DIRECTION('',(0.,0.,-1.));
#2593=DIRECTION('',(0.866025403784439,-0.5,0.));
#2594=DIRECTION('',(0.,0.,-1.));
#2595=DIRECTION('',(0.,0.,-1.));
#2596=DIRECTION('',(0.866025403784439,-0.5,0.));
#2597=DIRECTION('',(0.,0.,-1.));
#2598=DIRECTION('',(0.,0.,-1.));
#2599=DIRECTION('',(0.866025403784439,-0.5,0.));
#2600=DIRECTION('',(0.,0.,-1.));
#2601=DIRECTION('',(0.,0.,-1.));
#2602=DIRECTION('',(0.866025403784439,-0.5,0.));
#2603=DIRECTION('',(0.,0.,-1.));
#2604=DIRECTION('',(0.,0.,-1.));
#2605=DIRECTION('',(0.866025403784439,-0.5,0.));
#2606=DIRECTION('',(0.,0.,-1.));
#2607=DIRECTION('',(0.,0.,-1.));
#2608=DIRECTION('',(0.866025403784439,-0.5,0.));
#2609=DIRECTION('',(0.,0.,-1.));
#2610=DIRECTION('',(0.,0.,-1.));
#2611=DIRECTION('',(0.866025403784439,-0.5,0.));
#2612=DIRECTION('',(0.,0.,-1.));
#2613=DIRECTION('',(0.,0.,1.));
#2614=DIRECTION('',(0.866025403784439,-0.5,0.));
#2615=DIRECTION('',(0.,0.,1.));
#2616=DIRECTION('',(0.866025403784439,-0.5,0.));
#2617=DIRECTION('',(0.,0.,1.));
#2618=DIRECTION('',(0.866025403784439,-0.5,0.));
#2619=DIRECTION('',(0.,0.,1.));
#2620=DIRECTION('',(0.866025403784439,-0.5,0.));
#2621=DIRECTION('',(0.,0.,1.));
#2622=DIRECTION('',(0.866025403784439,-0.5,0.));
#2623=DIRECTION('',(0.,0.,1.));
#2624=DIRECTION('',(0.866025403784439,-0.5,0.));
#2625=DIRECTION('',(0.,0.,1.));
#2626=DIRECTION('',(0.866025403784439,-0.5,0.));
#2627=DIRECTION('',(0.,0.,1.));
#2628=DIRECTION('',(0.866025403784439,-0.5,0.));
#2629=DIRECTION('',(0.,0.,1.));
#2630=DIRECTION('',(0.866025403784439,-0.5,0.));
#2631=DIRECTION('',(0.,0.,1.));
#2632=DIRECTION('',(0.866025403784439,-0.5,0.));
#2633=DIRECTION('',(0.,0.,1.));
#2634=DIRECTION('',(0.866025403784439,-0.5,0.));
#2635=DIRECTION('',(0.,0.,1.));
#2636=DIRECTION('',(0.866025403784439,-0.5,0.));
#2637=DIRECTION('',(0.,0.,1.));
#2638=DIRECTION('',(0.866025403784439,-0.5,0.));
#2639=DIRECTION('',(0.,0.,1.));
#2640=DIRECTION('',(0.866025403784439,-0.5,0.));
#2641=DIRECTION('',(0.,0.,1.));
#2642=DIRECTION('',(-0.866025403784439,0.5,0.));
#2643=DIRECTION('',(0.74948114832946,-0.432713142740563,-0.501036270541705));
#2644=DIRECTION('',(0.,0.,1.));
#2645=DIRECTION('',(-0.866025403784439,0.5,0.));
#2646=DIRECTION('',(0.,0.,-1.));
#2647=DIRECTION('',(0.866025403784439,-0.5,0.));
#2648=DIRECTION('',(0.,0.,-1.));
#2649=DIRECTION('',(-0.866025403784439,0.5,0.));
#2650=DIRECTION('',(-0.5,-0.866025403784439,0.));
#2651=DIRECTION('',(-0.5,-0.866025403784439,0.));
#2652=DIRECTION('',(-0.5,-0.866025403784439,0.));
#2653=DIRECTION('',(-0.866025403784439,0.5,0.));
#2654=DIRECTION('',(-0.5,-0.866025403784439,0.));
#2655=DIRECTION('',(-0.5,-0.866025403784439,0.));
#2656=DIRECTION('',(-0.5,-0.866025403784439,0.));
#2657=DIRECTION('',(-0.866025403784439,0.5,0.));
#2658=DIRECTION('',(-0.5,-0.866025403784439,0.));
#2659=DIRECTION('',(-0.5,-0.866025403784439,0.));
#2660=DIRECTION('',(-0.5,-0.866025403784439,0.));
#2661=DIRECTION('',(-0.866025403784439,0.5,0.));
#2662=DIRECTION('',(-0.5,-0.866025403784439,0.));
#2663=DIRECTION('',(-0.5,-0.866025403784439,0.));
#2664=DIRECTION('',(-0.5,-0.866025403784439,0.));
#2665=DIRECTION('',(-0.866025403784439,0.5,0.));
#2666=DIRECTION('',(-0.5,-0.866025403784439,0.));
#2667=DIRECTION('',(-0.5,-0.866025403784439,0.));
#2668=DIRECTION('',(-0.5,-0.866025403784439,0.));
#2669=DIRECTION('',(-0.866025403784439,0.5,0.));
#2670=DIRECTION('',(-0.5,-0.866025403784439,0.));
#2671=DIRECTION('',(-0.5,-0.866025403784439,0.));
#2672=DIRECTION('',(-0.5,-0.866025403784439,0.));
#2673=DIRECTION('',(-0.866025403784439,0.5,0.));
#2674=DIRECTION('',(-0.5,-0.866025403784439,0.));
#2675=DIRECTION('',(-0.5,-0.866025403784439,0.));
#2676=DIRECTION('',(-0.5,-0.866025403784439,0.));
#2677=DIRECTION('',(0.866025403784442,-0.5,0.));
#2678=DIRECTION('',(0.5,0.866025403784442,0.));
#2679=DIRECTION('',(-0.5,-0.866025403784442,0.));
#2680=DIRECTION('',(0.5,0.866025403784442,0.));
#2681=DIRECTION('',(0.,0.,1.));
#2682=DIRECTION('',(-1.,1.22464679914735E-16,0.));
#2683=DIRECTION('',(-0.5,-0.866025403784439,0.));
#2684=DIRECTION('',(0.5,0.866025403784442,0.));
#2685=DIRECTION('',(0.,0.,1.));
#2686=DIRECTION('',(-1.,1.22464679914735E-16,0.));
#2687=DIRECTION('',(-0.5,-0.866025403784439,0.));
#2688=DIRECTION('',(0.43391013850653,-0.25051813527085,0.865426285481126));
#2689=DIRECTION('',(0.5,0.866025403784442,0.));
#2690=DIRECTION('',(-0.433910138506529,0.250518135270852,-0.865426285481126));
#2691=DIRECTION('',(0.893932074886139,-1.09475105416446E-16,-0.44820246037897));
#2692=DIRECTION('',(-0.5,-0.866025403784439,-2.32089227036101E-17));
#2693=DIRECTION('',(-0.5,-0.866025403784439,2.92389413124842E-17));
#2694=DIRECTION('',(-0.866025403784439,0.5,0.));
#2695=DIRECTION('',(-0.5,-0.866025403784439,0.));
#2696=DIRECTION('',(0.5,0.866025403784439,4.45683437528658E-17));
#2697=DIRECTION('',(-0.5,-0.866025403784439,0.));
#2698=DIRECTION('',(0.,0.,-1.));
#2699=DIRECTION('',(1.,-1.22464679914735E-16,0.));
#2700=DIRECTION('',(-0.5,-0.866025403784439,0.));
#2701=DIRECTION('',(-0.5,-0.866025403784439,0.));
#2702=DIRECTION('',(0.225922805348874,-0.130436592484248,0.965373078847962));
#2703=DIRECTION('',(-0.973691664330825,1.1924283800792E-16,0.227869574126667));
#2704=DIRECTION('',(-0.5,-0.866025403784439,8.80175936247581E-19));
#2705=DIRECTION('',(0.5,0.866025403784439,4.38177831045803E-17));
#2706=DIRECTION('',(0.444972284287507,-0.256904868115314,-0.857904164201697));
#2707=DIRECTION('',(0.887698249793696,-1.08711682021856E-16,0.460425691413075));
#2708=DIRECTION('',(-0.5,-0.866025403784439,0.));
#2709=DIRECTION('',(-0.5,-0.866025403784439,0.));
#2710=DIRECTION('',(-0.5,-0.866025403784439,-6.15022921930975E-33));
#2711=DIRECTION('',(0.866025403784439,-0.5,0.));
#2712=DIRECTION('',(0.5,0.866025403784439,0.));
#2713=DIRECTION('',(-0.866025403784439,0.5,0.));
#2714=DIRECTION('',(-0.5,-0.866025403784439,-4.45683437528658E-17));
#2715=DIRECTION('',(0.866025403784439,-0.5,0.));
#2716=DIRECTION('',(0.5,0.866025403784439,-1.05172128086609E-18));
#2717=DIRECTION('',(-0.866025403784439,0.5,0.));
#2718=DIRECTION('',(0.5,0.866025403784439,-4.74035118604276E-18));
#2719=DIRECTION('',(-0.866025403784439,0.5,0.));
#2720=DIRECTION('',(0.225922805348874,-0.130436592484248,0.965373078847962));
#2721=DIRECTION('',(-0.973691664330825,1.1924283800792E-16,0.227869574126667));
#2722=DIRECTION('',(0.5,0.866025403784439,4.20928902686962E-17));
#2723=DIRECTION('',(-0.5,-0.866025403784439,-2.67313435094826E-17));
#2724=DIRECTION('',(0.444972284287507,-0.256904868115314,-0.857904164201697));
#2725=DIRECTION('',(0.887698249793696,-1.08711682021856E-16,0.460425691413075));
#2726=DIRECTION('',(-0.5,-0.866025403784439,-2.29183697882769E-17));
#2727=DIRECTION('',(-0.5,-0.866025403784439,1.09968253785037E-17));
#2728=DIRECTION('',(-0.866025403784439,0.5,0.));
#2729=DIRECTION('',(-0.5,-0.866025403784439,0.));
#2730=DIRECTION('',(-0.5,-0.866025403784439,2.77555756156289E-17));
#2731=DIRECTION('',(0.5,0.866025403784439,4.45683437528658E-17));
#2732=DIRECTION('',(0.5,0.866025403784439,4.45683437528658E-17));
#2733=DIRECTION('',(-0.866025403784439,0.5,0.));
#2734=DIRECTION('',(-0.5,-0.866025403784439,2.77555756156289E-17));
#2735=DIRECTION('',(0.866025403784439,-0.5,0.));
#2736=DIRECTION('',(-0.5,-0.866025403784439,-2.13826966831977E-17));
#2737=DIRECTION('',(0.866025403784439,-0.5,0.));
#2738=DIRECTION('',(0.444972284287507,-0.256904868115314,-0.857904164201697));
#2739=DIRECTION('',(0.887698249793696,-1.08711682021856E-16,0.460425691413075));
#2740=DIRECTION('',(-0.5,-0.866025403784439,0.));
#2741=DIRECTION('',(-0.5,-0.866025403784439,0.));
#2742=DIRECTION('',(0.225922805348874,-0.130436592484248,0.965373078847962));
#2743=DIRECTION('',(-0.973691664330825,1.1924283800792E-16,0.227869574126667));
#2744=DIRECTION('',(0.5,0.866025403784439,2.67313435094826E-17));
#2745=DIRECTION('',(-0.5,-0.866025403784439,2.87605094071992E-18));
#2746=DIRECTION('',(-0.433910138506529,0.250518135270852,-0.865426285481126));
#2747=DIRECTION('',(0.893932074886139,-1.09475105416446E-16,-0.44820246037897));
#2748=DIRECTION('',(-0.5,-0.866025403784439,2.32089227036101E-17));
#2749=DIRECTION('',(0.5,0.866025403784439,2.32089227036101E-17));
#2750=DIRECTION('',(0.5,0.866025403784439,2.80157876471377E-17));
#2751=DIRECTION('',(-0.866025403784439,0.5,0.));
#2752=DIRECTION('',(-0.5,-0.866025403784439,1.05172128086609E-18));
#2753=DIRECTION('',(0.866025403784439,-0.5,0.));
#2754=DIRECTION('',(-0.5,-0.866025403784439,-1.73192269416987E-19));
#2755=DIRECTION('',(0.866025403784439,-0.5,0.));
#2756=DIRECTION('',(0.,0.,-1.));
#2757=DIRECTION('',(1.,-1.22464679914735E-16,0.));
#2758=DIRECTION('',(-0.5,-0.866025403784439,0.));
#2759=DIRECTION('',(-0.5,-0.866025403784439,0.));
#2760=DIRECTION('',(0.225922805348874,-0.130436592484248,0.965373078847962));
#2761=DIRECTION('',(-0.973691664330825,1.1924283800792E-16,0.227869574126667));
#2762=DIRECTION('',(-0.5,-0.866025403784439,-2.85548373597522E-17));
#2763=DIRECTION('',(-0.5,-0.866025403784439,1.99587500447234E-18));
#2764=DIRECTION('',(0.444972284287507,-0.256904868115314,-0.857904164201697));
#2765=DIRECTION('',(0.887698249793696,-1.08711682021856E-16,0.460425691413075));
#2766=DIRECTION('',(-0.5,-0.866025403784439,7.52986556626587E-18));
#2767=DIRECTION('',(-0.5,-0.866025403784439,-2.92046490952525E-17));
#2768=DIRECTION('',(-0.5,-0.866025403784439,0.));
#2769=DIRECTION('',(0.866025403784439,-0.5,0.));
#2770=DIRECTION('',(0.5,0.866025403784439,0.));
#2771=DIRECTION('',(-0.866025403784439,0.5,0.));
#2772=DIRECTION('',(0.5,0.866025403784439,4.34265288531082E-17));
#2773=DIRECTION('',(-0.866025403784439,0.5,0.));
#2774=DIRECTION('',(0.,0.,1.));
#2775=DIRECTION('',(1.,0.,0.));
#2776=DIRECTION('',(-0.5,-0.866025403784439,0.));
#2777=DIRECTION('',(0.,0.,1.));
#2778=DIRECTION('',(1.,0.,0.));
#2779=DIRECTION('',(-0.5,-0.866025403784439,0.));
#2780=DIRECTION('',(-0.866025403784439,0.5,0.));
#2781=DIRECTION('',(-0.5,-0.866025403784439,0.));
#2782=DIRECTION('',(0.,0.,1.));
#2783=DIRECTION('',(1.,0.,0.));
#2784=DIRECTION('',(-0.5,-0.866025403784439,0.));
#2785=DIRECTION('',(0.,0.,1.));
#2786=DIRECTION('',(1.,0.,0.));
#2787=DIRECTION('',(-0.5,-0.866025403784439,0.));
#2788=DIRECTION('',(-0.866025403784439,0.5,0.));
#2789=DIRECTION('',(-0.5,-0.866025403784439,0.));
#2790=DIRECTION('',(0.,0.,1.));
#2791=DIRECTION('',(1.,0.,0.));
#2792=DIRECTION('',(-0.5,-0.866025403784439,0.));
#2793=DIRECTION('',(0.,0.,1.));
#2794=DIRECTION('',(1.,0.,0.));
#2795=DIRECTION('',(-0.5,-0.866025403784439,0.));
#2796=DIRECTION('',(-0.866025403784439,0.5,0.));
#2797=DIRECTION('',(-0.5,-0.866025403784439,0.));
#2798=DIRECTION('',(0.,0.,1.));
#2799=DIRECTION('',(1.,0.,0.));
#2800=DIRECTION('',(-0.5,-0.866025403784439,0.));
#2801=DIRECTION('',(-0.866025403784439,0.5,0.));
#2802=DIRECTION('',(-0.5,-0.866025403784439,0.));
#2803=DIRECTION('',(0.,0.,1.));
#2804=DIRECTION('',(1.,0.,0.));
#2805=DIRECTION('',(-0.5,-0.866025403784439,0.));
#2806=DIRECTION('',(0.,0.,1.));
#2807=DIRECTION('',(1.,0.,0.));
#2808=DIRECTION('',(-0.5,-0.866025403784439,0.));
#2809=DIRECTION('',(-0.866025403784439,0.5,0.));
#2810=DIRECTION('',(-0.5,-0.866025403784439,0.));
#2811=DIRECTION('',(0.,0.,1.));
#2812=DIRECTION('',(1.,0.,0.));
#2813=DIRECTION('',(-0.5,-0.866025403784439,0.));
#2814=DIRECTION('',(0.,0.,1.));
#2815=DIRECTION('',(1.,0.,0.));
#2816=DIRECTION('',(-0.5,-0.866025403784439,0.));
#2817=DIRECTION('',(-0.866025403784439,0.5,0.));
#2818=DIRECTION('',(-0.5,-0.866025403784439,0.));
#2819=DIRECTION('',(0.,0.,1.));
#2820=DIRECTION('',(1.,0.,0.));
#2821=DIRECTION('',(-0.5,-0.866025403784439,0.));
#2822=DIRECTION('',(0.,0.,1.));
#2823=DIRECTION('',(1.,0.,0.));
#2824=DIRECTION('',(-0.5,-0.866025403784439,0.));
#2825=DIRECTION('',(-0.866025403784439,0.5,0.));
#2826=DIRECTION('',(-0.5,-0.866025403784439,0.));
#2827=DIRECTION('',(0.,0.,1.));
#2828=DIRECTION('',(1.,0.,0.));
#2829=DIRECTION('',(-0.5,-0.866025403784439,0.));
#2830=DIRECTION('',(-0.866025403784439,0.5,0.));
#2831=DIRECTION('',(-0.5,-0.866025403784439,0.));
#2832=DIRECTION('',(-0.866025403784439,0.5,0.));
#2833=DIRECTION('',(0.5,0.866025403784439,0.));
#2834=DIRECTION('',(-0.5,-0.866025403784439,0.));
#2835=DIRECTION('',(-0.866025403784439,0.5,0.));
#2836=DIRECTION('',(0.5,0.866025403784439,0.));
#2837=DIRECTION('',(-0.5,-0.866025403784439,0.));
#2838=DIRECTION('',(0.,0.,-1.));
#2839=DIRECTION('',(0.5,0.866025403784439,0.));
#2840=DIRECTION('',(-0.866025403784439,0.5,0.));
#2841=DIRECTION('',(0.5,0.866025403784439,0.));
#2842=DIRECTION('',(-0.5,-0.866025403784439,0.));
#2843=DIRECTION('',(-0.866025403784439,0.5,0.));
#2844=DIRECTION('',(0.5,0.866025403784439,0.));
#2845=DIRECTION('',(-0.5,-0.866025403784439,0.));
#2846=DIRECTION('',(0.,0.,-1.));
#2847=DIRECTION('',(0.5,0.866025403784439,0.));
#2848=DIRECTION('',(-0.866025403784439,0.5,0.));
#2849=DIRECTION('',(0.5,0.866025403784439,0.));
#2850=DIRECTION('',(-0.5,-0.866025403784439,0.));
#2851=DIRECTION('',(-0.866025403784439,0.5,0.));
#2852=DIRECTION('',(0.5,0.866025403784439,0.));
#2853=DIRECTION('',(-0.5,-0.866025403784439,0.));
#2854=DIRECTION('',(0.,0.,-1.));
#2855=DIRECTION('',(0.5,0.866025403784439,0.));
#2856=DIRECTION('',(-0.866025403784439,0.5,0.));
#2857=DIRECTION('',(0.5,0.866025403784439,0.));
#2858=DIRECTION('',(-0.5,-0.866025403784439,0.));
#2859=DIRECTION('',(-0.866025403784439,0.5,0.));
#2860=DIRECTION('',(0.5,0.866025403784439,0.));
#2861=DIRECTION('',(-0.5,-0.866025403784439,0.));
#2862=DIRECTION('',(0.,0.,-1.));
#2863=DIRECTION('',(0.5,0.866025403784439,0.));
#2864=DIRECTION('',(-0.866025403784439,0.5,0.));
#2865=DIRECTION('',(0.5,0.866025403784439,0.));
#2866=DIRECTION('',(-0.5,-0.866025403784439,0.));
#2867=DIRECTION('',(-0.866025403784439,0.5,0.));
#2868=DIRECTION('',(0.5,0.866025403784439,0.));
#2869=DIRECTION('',(-0.5,-0.866025403784439,0.));
#2870=DIRECTION('',(0.,0.,-1.));
#2871=DIRECTION('',(0.5,0.866025403784439,0.));
#2872=DIRECTION('',(-0.866025403784439,0.5,0.));
#2873=DIRECTION('',(0.5,0.866025403784439,0.));
#2874=DIRECTION('',(-0.5,-0.866025403784439,0.));
#2875=DIRECTION('',(-0.866025403784439,0.5,0.));
#2876=DIRECTION('',(0.5,0.866025403784439,0.));
#2877=DIRECTION('',(-0.5,-0.866025403784439,0.));
#2878=DIRECTION('',(0.,0.,-1.));
#2879=DIRECTION('',(0.5,0.866025403784439,0.));
#2880=DIRECTION('',(-0.866025403784439,0.5,0.));
#2881=DIRECTION('',(0.5,0.866025403784439,0.));
#2882=DIRECTION('',(-0.5,-0.866025403784439,0.));
#2883=DIRECTION('',(-0.866025403784439,0.5,0.));
#2884=DIRECTION('',(0.5,0.866025403784439,0.));
#2885=DIRECTION('',(-0.5,-0.866025403784439,0.));
#2886=DIRECTION('',(0.,0.,-1.));
#2887=DIRECTION('',(0.5,0.866025403784439,0.));
#2888=DIRECTION('',(-0.866025403784439,0.5,0.));
#2889=DIRECTION('',(0.5,0.866025403784439,0.));
#2890=DIRECTION('',(-0.5,-0.866025403784439,0.));
#2891=DIRECTION('',(-0.866025403784439,0.5,0.));
#2892=DIRECTION('',(0.5,0.866025403784439,0.));
#2893=DIRECTION('',(-0.5,-0.866025403784439,0.));
#2894=DIRECTION('',(0.,0.,-1.));
#2895=DIRECTION('',(0.5,0.866025403784439,0.));
#2896=DIRECTION('',(-0.866025403784439,0.5,0.));
#2897=DIRECTION('',(0.5,0.866025403784439,0.));
#2898=DIRECTION('',(-0.5,-0.866025403784439,0.));
#2899=DIRECTION('',(-0.866025403784439,0.5,0.));
#2900=DIRECTION('',(0.5,0.866025403784439,0.));
#2901=DIRECTION('',(-0.5,-0.866025403784439,0.));
#2902=DIRECTION('',(0.,0.,-1.));
#2903=DIRECTION('',(0.5,0.866025403784439,0.));
#2904=DIRECTION('',(-0.866025403784439,0.5,0.));
#2905=DIRECTION('',(0.5,0.866025403784439,0.));
#2906=DIRECTION('',(-0.5,-0.866025403784439,0.));
#2907=DIRECTION('',(-0.866025403784439,0.5,0.));
#2908=DIRECTION('',(0.5,0.866025403784439,0.));
#2909=DIRECTION('',(-0.5,-0.866025403784439,0.));
#2910=DIRECTION('',(0.,0.,-1.));
#2911=DIRECTION('',(0.5,0.866025403784439,0.));
#2912=DIRECTION('',(-0.866025403784439,0.5,0.));
#2913=DIRECTION('',(0.5,0.866025403784439,0.));
#2914=DIRECTION('',(-0.5,-0.866025403784439,0.));
#2915=DIRECTION('',(-0.866025403784439,0.5,0.));
#2916=DIRECTION('',(0.5,0.866025403784439,0.));
#2917=DIRECTION('',(-0.5,-0.866025403784439,0.));
#2918=DIRECTION('',(0.,0.,-1.));
#2919=DIRECTION('',(0.5,0.866025403784439,0.));
#2920=CARTESIAN_POINT('',(0.,0.,0.));
#2921=CARTESIAN_POINT('',(-0.0889968151033209,-1.00123335987457E-16,0.5175512));
#2922=CARTESIAN_POINT('',(-0.030005196512294,0.0225001462670685,0.5175512));
#2923=CARTESIAN_POINT('',(-0.380783259131328,0.225021955145983,0.5175512));
#2924=CARTESIAN_POINT('',(-0.399666478329561,0.23592418683325,0.5175512));
#2925=CARTESIAN_POINT('',(-0.399666478329561,0.23592418683325,0.5175512));
#2926=CARTESIAN_POINT('',(-0.404149578329561,0.228159229857837,0.5175512));
#2927=CARTESIAN_POINT('',(-0.034488296512294,0.0147351892916565,0.5175512));
#2928=CARTESIAN_POINT('',(-0.385266359131328,0.217256998170571,0.5175512));
#2929=CARTESIAN_POINT('',(-0.380783259131328,0.225021955145983,0.5175512));
#2930=CARTESIAN_POINT('',(-0.0889968151033209,-1.00123335987457E-16,0.5175512));
#2931=CARTESIAN_POINT('',(-0.030005196512294,0.0225001462670685,0.5175512));
#2932=CARTESIAN_POINT('',(-0.343016820734861,0.20321749177145,0.5175512));
#2933=CARTESIAN_POINT('',(-0.361900039933094,0.214119723458716,0.5175512));
#2934=CARTESIAN_POINT('',(-0.361900039933094,0.214119723458716,0.5175512));
#2935=CARTESIAN_POINT('',(-0.366383139933095,0.206354766483304,0.5175512));
#2936=CARTESIAN_POINT('',(-0.034488296512294,0.0147351892916565,0.5175512));
#2937=CARTESIAN_POINT('',(-0.347499920734861,0.195452534796037,0.5175512));
#2938=CARTESIAN_POINT('',(-0.343016820734861,0.20321749177145,0.5175512));
#2939=CARTESIAN_POINT('',(-0.0889968151033209,-1.00123335987457E-16,0.5175512));
#2940=CARTESIAN_POINT('',(-0.030005196512294,0.0225001462670685,0.5175512));
#2941=CARTESIAN_POINT('',(-0.305250382338394,0.181413028396916,0.5175512));
#2942=CARTESIAN_POINT('',(-0.324133601536628,0.192315260084182,0.5175512));
#2943=CARTESIAN_POINT('',(-0.324133601536628,0.192315260084182,0.5175512));
#2944=CARTESIAN_POINT('',(-0.328616701536628,0.184550303108771,0.5175512));
#2945=CARTESIAN_POINT('',(-0.034488296512294,0.0147351892916565,0.5175512));
#2946=CARTESIAN_POINT('',(-0.309733482338394,0.173648071421503,0.5175512));
#2947=CARTESIAN_POINT('',(-0.305250382338394,0.181413028396916,0.5175512));
#2948=CARTESIAN_POINT('',(-0.0889968151033209,-1.00123335987457E-16,0.5175512));
#2949=CARTESIAN_POINT('',(-0.030005196512294,0.0225001462670685,0.5175512));
#2950=CARTESIAN_POINT('',(-0.267483943941927,0.159608565022383,0.5175512));
#2951=CARTESIAN_POINT('',(-0.286367163140161,0.170510796709649,0.5175512));
#2952=CARTESIAN_POINT('',(-0.286367163140161,0.170510796709649,0.5175512));
#2953=CARTESIAN_POINT('',(-0.290850263140161,0.162745839734237,0.5175512));
#2954=CARTESIAN_POINT('',(-0.034488296512294,0.0147351892916565,0.5175512));
#2955=CARTESIAN_POINT('',(-0.271967043941927,0.15184360804697,0.5175512));
#2956=CARTESIAN_POINT('',(-0.267483943941927,0.159608565022383,0.5175512));
#2957=CARTESIAN_POINT('',(-0.0889968151033209,-1.00123335987457E-16,0.5175512));
#2958=CARTESIAN_POINT('',(-0.030005196512294,0.0225001462670685,0.5175512));
#2959=CARTESIAN_POINT('',(-0.22971750554546,0.137804101647849,0.5175512));
#2960=CARTESIAN_POINT('',(-0.248600724743694,0.148706333335116,0.5175512));
#2961=CARTESIAN_POINT('',(-0.248600724743694,0.148706333335116,0.5175512));
#2962=CARTESIAN_POINT('',(-0.253083824743694,0.140941376359703,0.5175512));
#2963=CARTESIAN_POINT('',(-0.034488296512294,0.0147351892916565,0.5175512));
#2964=CARTESIAN_POINT('',(-0.234200605545461,0.130039144672436,0.5175512));
#2965=CARTESIAN_POINT('',(-0.22971750554546,0.137804101647849,0.5175512));
#2966=CARTESIAN_POINT('',(-0.0889968151033209,-1.00123335987457E-16,0.5175512));
#2967=CARTESIAN_POINT('',(-0.030005196512294,0.0225001462670685,0.5175512));
#2968=CARTESIAN_POINT('',(-0.191951067148994,0.115999638273315,0.5175512));
#2969=CARTESIAN_POINT('',(-0.210834286347227,0.126901869960582,0.5175512));
#2970=CARTESIAN_POINT('',(-0.210834286347227,0.126901869960582,0.5175512));
#2971=CARTESIAN_POINT('',(-0.215317386347227,0.11913691298517,0.5175512));
#2972=CARTESIAN_POINT('',(-0.034488296512294,0.0147351892916565,0.5175512));
#2973=CARTESIAN_POINT('',(-0.196434167148994,0.108234681297903,0.5175512));
#2974=CARTESIAN_POINT('',(-0.191951067148994,0.115999638273315,0.5175512));
#2975=CARTESIAN_POINT('',(-0.0889968151033209,-1.00123335987457E-16,0.5175512));
#2976=CARTESIAN_POINT('',(-0.030005196512294,0.0225001462670685,0.5175512));
#2977=CARTESIAN_POINT('',(-0.154184628752527,0.0941951748987818,0.5175512));
#2978=CARTESIAN_POINT('',(-0.17306784795076,0.105097406586048,0.5175512));
#2979=CARTESIAN_POINT('',(-0.17306784795076,0.105097406586048,0.5175512));
#2980=CARTESIAN_POINT('',(-0.177550947950761,0.0973324496106362,0.5175512));
#2981=CARTESIAN_POINT('',(-0.034488296512294,0.0147351892916565,0.5175512));
#2982=CARTESIAN_POINT('',(-0.158667728752527,0.0864302179233694,0.5175512));
#2983=CARTESIAN_POINT('',(-0.154184628752527,0.0941951748987818,0.5175512));
#2984=CARTESIAN_POINT('',(-0.0889968151033209,-1.00123335987457E-16,0.5175512));
#2985=CARTESIAN_POINT('',(-0.030005196512294,0.0225001462670685,0.5175512));
#2986=CARTESIAN_POINT('',(-0.11641819035606,0.0723907115242483,0.5175512));
#2987=CARTESIAN_POINT('',(-0.135301409554293,0.083292943211515,0.5175512));
#2988=CARTESIAN_POINT('',(-0.135301409554293,0.083292943211515,0.5175512));
#2989=CARTESIAN_POINT('',(-0.139784509554294,0.0755279862361026,0.5175512));
#2990=CARTESIAN_POINT('',(-0.034488296512294,0.0147351892916565,0.5175512));
#2991=CARTESIAN_POINT('',(-0.12090129035606,0.0646257545488359,0.5175512));
#2992=CARTESIAN_POINT('',(-0.11641819035606,0.0723907115242483,0.5175512));
#2993=CARTESIAN_POINT('',(-0.0889968151033209,-1.00123335987457E-16,0.5175512));
#2994=CARTESIAN_POINT('',(-0.030005196512294,0.0225001462670685,0.5175512));
#2995=CARTESIAN_POINT('',(-0.0786517519595931,0.0505862481497147,0.5175512));
#2996=CARTESIAN_POINT('',(-0.0975349711578266,0.0614884798369815,0.5175512));
#2997=CARTESIAN_POINT('',(-0.0975349711578266,0.0614884798369815,0.5175512));
#2998=CARTESIAN_POINT('',(-0.102018071157827,0.0537235228615691,0.5175512));
#2999=CARTESIAN_POINT('',(-0.034488296512294,0.0147351892916565,0.5175512));
#3000=CARTESIAN_POINT('',(-0.0831348519595934,0.0428212911743023,0.5175512));
#3001=CARTESIAN_POINT('',(-0.0786517519595931,0.0505862481497147,0.5175512));
#3002=CARTESIAN_POINT('',(-0.0889968151033209,-1.00123335987457E-16,0.5175512));
#3003=CARTESIAN_POINT('',(-0.030005196512294,0.0225001462670685,0.5175512));
#3004=CARTESIAN_POINT('',(-0.035291445567884,0.0255521635823168,0.5175512));
#3005=CARTESIAN_POINT('',(-0.0597685327613597,0.039684016462448,0.5175512));
#3006=CARTESIAN_POINT('',(-0.0597685327613597,0.039684016462448,0.5175512));
#3007=CARTESIAN_POINT('',(-0.0642516327613599,0.0319190594870356,0.5175512));
#3008=CARTESIAN_POINT('',(-0.034488296512294,0.0147351892916565,0.5175512));
#3009=CARTESIAN_POINT('',(-0.039774545567884,0.0177872066069048,0.5175512));
#3010=CARTESIAN_POINT('',(-0.0597821993437142,-0.0168670662730805,0.5175512));
#3011=CARTESIAN_POINT('',(-0.0889968151033209,-1.00123335987457E-16,0.5175512));
#3012=CARTESIAN_POINT('',(-0.418549697527794,0.246826418520516,0.5175512));
#3013=CARTESIAN_POINT('',(-0.418549697527794,0.246826418520516,0.5175512));
#3014=CARTESIAN_POINT('',(-0.423032797527795,0.239061461545104,0.5175512));
#3015=CARTESIAN_POINT('',(-0.030005196512294,0.0225001462670685,0.5175512));
#3016=CARTESIAN_POINT('',(-0.437432916726028,0.257728650207784,0.5175512));
#3017=CARTESIAN_POINT('',(-0.437432916726028,0.257728650207784,0.5175512));
#3018=CARTESIAN_POINT('',(-0.441916016726029,0.249963693232371,0.5175512));
#3019=CARTESIAN_POINT('',(-0.034488296512294,0.0147351892916565,0.5175512));
#3020=CARTESIAN_POINT('',(-0.034488296512294,0.0147351892916565,0.2127512));
#3021=CARTESIAN_POINT('',(-0.0539736382807127,0.0259850566069049,0.2127512));
#3022=CARTESIAN_POINT('',(-0.0539736382807127,0.0259850566069049,0.38550233793584));
#3023=CARTESIAN_POINT('',(-0.0539736382807127,0.0259850566069049,0.487087103817905));
#3024=CARTESIAN_POINT('',(-0.054193608733274,0.0261120566069049,0.38550233793584));
#3025=CARTESIAN_POINT('',(-0.0542509931258326,0.0261451875013959,0.385257133173813));
#3026=CARTESIAN_POINT('',(0.00179026527423649,-0.00621024812160941,0.367770286426254));
#3027=CARTESIAN_POINT('',(-0.155471356275149,0.0845847914131256,0.416841452096282));
#3028=CARTESIAN_POINT('',(-0.15541397188259,0.0845516605186346,0.41708665685831));
#3029=CARTESIAN_POINT('',(-0.155526994842799,0.0846169143551358,0.417304564516017));
#3030=CARTESIAN_POINT('',(-0.144529499519738,0.0782675074699548,0.42491004590433));
#3031=CARTESIAN_POINT('',(-0.054306631693483,0.0261773104434063,0.487305011475612));
#3032=CARTESIAN_POINT('',(-0.054193608733274,0.0261120566069049,0.487087103817905));
#3033=CARTESIAN_POINT('',(-0.054193608733274,0.0261120566069049,0.2384052));
#3034=CARTESIAN_POINT('',(-0.0539736382807127,0.0259850566069049,0.2384052));
#3035=CARTESIAN_POINT('',(-0.054193608733274,0.0261120566069049,0.2381512));
#3036=CARTESIAN_POINT('',(-0.034488296512294,0.0147351892916565,0.2381512));
#3037=CARTESIAN_POINT('',(-0.0557713100410054,0.0270229428816246,0.2381512));
#3038=CARTESIAN_POINT('',(-0.0557713100410054,0.0270229428816246,0.2384052));
#3039=CARTESIAN_POINT('',(-0.0558815232161861,0.0270865744879834,0.238185381723488));
#3040=CARTESIAN_POINT('',(-0.0303078216249409,0.0123215909901027,0.221089085041731));
#3041=CARTESIAN_POINT('',(-0.237923464077487,0.132188538048058,0.359882392161469));
#3042=CARTESIAN_POINT('',(-0.237813250902307,0.132124906441699,0.36010221043798));
#3043=CARTESIAN_POINT('',(-0.237926273862515,0.1321901602782,0.360320118095688));
#3044=CARTESIAN_POINT('',(-0.144529499519738,0.0782675074699548,0.42491004590433));
#3045=CARTESIAN_POINT('',(-0.182268017493692,0.100055850981034,0.398811412748148));
#3046=CARTESIAN_POINT('',(-0.182154994533482,0.0999905971445331,0.398593505090441));
#3047=CARTESIAN_POINT('',(-0.182097610140924,0.0999574662500421,0.398838709852468));
#3048=CARTESIAN_POINT('',(-0.00394817398162492,-0.00289715867250951,0.343249810223516));
#3049=CARTESIAN_POINT('',(-0.0541362243407154,0.0260789257124139,0.358910249875369));
#3050=CARTESIAN_POINT('',(-0.054193608733274,0.0261120566069049,0.358665045113342));
#3051=CARTESIAN_POINT('',(-0.0539736382807127,0.0259850566069049,0.358665045113342));
#3052=CARTESIAN_POINT('',(-0.0539736382807127,0.0259850566069049,0.2127512));
#3053=CARTESIAN_POINT('',(-0.260017292367314,0.144944415758618,0.37494585280494));
#3054=CARTESIAN_POINT('',(-0.259904269407105,0.144879161922117,0.374727945147233));
#3055=CARTESIAN_POINT('',(-0.260127505542494,0.145008047364977,0.374726034528428));
#3056=CARTESIAN_POINT('',(-0.0303078216249409,0.0123215909901027,0.221089085041731));
#3057=CARTESIAN_POINT('',(-0.39462038650726,0.222657548394074,0.464635983088434));
#3058=CARTESIAN_POINT('',(-0.394510173332079,0.222593916787715,0.464855801364946));
#3059=CARTESIAN_POINT('',(-0.394452788939521,0.222560785893224,0.465101006126973));
#3060=CARTESIAN_POINT('',(-0.00394817398162493,-0.0028971586725095,0.343249810223516));
#3061=CARTESIAN_POINT('',(-0.212188457633262,0.117330425149887,0.408228114259597));
#3062=CARTESIAN_POINT('',(-0.212245842025821,0.117363556044378,0.40798290949757));
#3063=CARTESIAN_POINT('',(-0.212132819065611,0.117298302207877,0.407765001839863));
#3064=CARTESIAN_POINT('',(-0.155831795540641,0.0847928911200838,0.446700811675052));
#3065=CARTESIAN_POINT('',(-0.034488296512294,0.0147351892916565,0.4921512));
#3066=CARTESIAN_POINT('',(-0.0909061173955489,0.0473080333656959,0.4921512));
#3067=CARTESIAN_POINT('',(-0.395164284776383,0.222971568206164,0.4921512));
#3068=CARTESIAN_POINT('',(-0.0909061173955489,0.0473080333656959,0.4918972));
#3069=CARTESIAN_POINT('',(-0.0907930944353398,0.0472427795291946,0.491679292342293));
#3070=CARTESIAN_POINT('',(-0.15583179554064,0.0847928911200838,0.446700811675052));
#3071=CARTESIAN_POINT('',(-0.185391796414719,0.101859365581979,0.426258153607732));
#3072=CARTESIAN_POINT('',(-0.185504819374928,0.10192461941848,0.426476061265439));
#3073=CARTESIAN_POINT('',(-0.185562203767487,0.101957750312971,0.426230856503412));
#3074=CARTESIAN_POINT('',(0.00179026527423647,-0.00621024812160941,0.367770286426254));
#3075=CARTESIAN_POINT('',(-0.395221669168943,0.223004699100655,0.491651995237973));
#3076=CARTESIAN_POINT('',(-0.395164284776383,0.222971568206164,0.4918972));
#3077=CARTESIAN_POINT('',(-0.423032797527795,0.239061461545104,0.5130681));
#3078=CARTESIAN_POINT('',(-0.423032797527795,0.239061461545104,0.5085469));
#3079=CARTESIAN_POINT('',(-0.441916016726029,0.249963693232371,0.5130681));
#3080=CARTESIAN_POINT('',(-0.441916016726029,0.249963693232371,0.5085469));
#3081=CARTESIAN_POINT('',(-0.451357626325144,0.255414809076006,0.5085469));
#3082=CARTESIAN_POINT('',(-0.460799235924262,0.260865924919638,0.5085469));
#3083=CARTESIAN_POINT('',(-0.460799235924262,0.260865924919638,0.5130681));
#3084=CARTESIAN_POINT('',(-0.460799235924262,0.260865924919638,0.5175512));
#3085=CARTESIAN_POINT('',(-0.034488296512294,0.0147351892916565,0.5175512));
#3086=CARTESIAN_POINT('',(-0.479682455122495,0.271768156606905,0.5175512));
#3087=CARTESIAN_POINT('',(-0.479682455122495,0.271768156606905,0.2127512));
#3088=CARTESIAN_POINT('',(-0.479682455122495,0.271768156606905,0.4921512));
#3089=CARTESIAN_POINT('',(-0.0617385952561245,0.0304681566069049,0.2127512));
#3090=CARTESIAN_POINT('',(-0.0617385952561247,0.0304681566069049,0.2127512));
#3091=CARTESIAN_POINT('',(-0.034488296512294,0.0147351892916565,0.2127512));
#3092=CARTESIAN_POINT('',(-0.039774545567884,0.0177872066069048,0.2127512));
#3093=CARTESIAN_POINT('',(-0.039774545567884,0.0177872066069048,0.2127512));
#3094=CARTESIAN_POINT('',(-0.039774545567884,0.0177872066069048,0.2331474));
#3095=CARTESIAN_POINT('',(-0.034488296512294,0.0147351892916565,0.2331474));
#3096=CARTESIAN_POINT('',(-0.031976593024588,0.0132850566069049,0.2331474));
#3097=CARTESIAN_POINT('',(-0.031976593024588,0.0132850566069049,0.2127512));
#3098=CARTESIAN_POINT('',(-0.031976593024588,0.0132850566069049,0.253315));
#3099=CARTESIAN_POINT('',(-0.034488296512294,0.0147351892916565,0.253315));
#3100=CARTESIAN_POINT('',(-0.039774545567884,0.0177872066069048,0.253315));
#3101=CARTESIAN_POINT('',(-0.039774545567884,0.0177872066069048,0.2127512));
#3102=CARTESIAN_POINT('',(-0.039774545567884,0.0177872066069048,0.2737874));
#3103=CARTESIAN_POINT('',(-0.034488296512294,0.0147351892916565,0.2737874));
#3104=CARTESIAN_POINT('',(-0.031976593024588,0.0132850566069049,0.2737874));
#3105=CARTESIAN_POINT('',(-0.031976593024588,0.0132850566069049,0.2127512));
#3106=CARTESIAN_POINT('',(-0.031976593024588,0.0132850566069049,0.293955));
#3107=CARTESIAN_POINT('',(-0.034488296512294,0.0147351892916565,0.293955));
#3108=CARTESIAN_POINT('',(-0.039774545567884,0.0177872066069048,0.293955));
#3109=CARTESIAN_POINT('',(-0.039774545567884,0.0177872066069048,0.2127512));
#3110=CARTESIAN_POINT('',(-0.039774545567884,0.0177872066069048,0.3144274));
#3111=CARTESIAN_POINT('',(-0.034488296512294,0.0147351892916565,0.3144274));
#3112=CARTESIAN_POINT('',(-0.031976593024588,0.0132850566069049,0.3144274));
#3113=CARTESIAN_POINT('',(-0.031976593024588,0.0132850566069049,0.2127512));
#3114=CARTESIAN_POINT('',(-0.031976593024588,0.0132850566069049,0.334595));
#3115=CARTESIAN_POINT('',(-0.034488296512294,0.0147351892916565,0.334595));
#3116=CARTESIAN_POINT('',(-0.039774545567884,0.0177872066069048,0.334595));
#3117=CARTESIAN_POINT('',(-0.039774545567884,0.0177872066069048,0.2127512));
#3118=CARTESIAN_POINT('',(-0.039774545567884,0.0177872066069048,0.3550674));
#3119=CARTESIAN_POINT('',(-0.034488296512294,0.0147351892916565,0.3550674));
#3120=CARTESIAN_POINT('',(-0.031976593024588,0.0132850566069049,0.3550674));
#3121=CARTESIAN_POINT('',(-0.031976593024588,0.0132850566069049,0.2127512));
#3122=CARTESIAN_POINT('',(-0.031976593024588,0.0132850566069049,0.375235));
#3123=CARTESIAN_POINT('',(-0.034488296512294,0.0147351892916565,0.375235));
#3124=CARTESIAN_POINT('',(-0.039774545567884,0.0177872066069048,0.375235));
#3125=CARTESIAN_POINT('',(-0.039774545567884,0.0177872066069048,0.2127512));
#3126=CARTESIAN_POINT('',(-0.039774545567884,0.0177872066069048,0.3957074));
#3127=CARTESIAN_POINT('',(-0.034488296512294,0.0147351892916565,0.3957074));
#3128=CARTESIAN_POINT('',(-0.031976593024588,0.0132850566069049,0.3957074));
#3129=CARTESIAN_POINT('',(-0.031976593024588,0.0132850566069049,0.2127512));
#3130=CARTESIAN_POINT('',(-0.031976593024588,0.0132850566069049,0.415875));
#3131=CARTESIAN_POINT('',(-0.034488296512294,0.0147351892916565,0.415875));
#3132=CARTESIAN_POINT('',(-0.039774545567884,0.0177872066069048,0.415875));
#3133=CARTESIAN_POINT('',(-0.039774545567884,0.0177872066069048,0.2127512));
#3134=CARTESIAN_POINT('',(-0.039774545567884,0.0177872066069048,0.4363474));
#3135=CARTESIAN_POINT('',(-0.034488296512294,0.0147351892916565,0.4363474));
#3136=CARTESIAN_POINT('',(-0.031976593024588,0.0132850566069049,0.4363474));
#3137=CARTESIAN_POINT('',(-0.031976593024588,0.0132850566069049,0.2127512));
#3138=CARTESIAN_POINT('',(-0.031976593024588,0.0132850566069049,0.456515));
#3139=CARTESIAN_POINT('',(-0.034488296512294,0.0147351892916565,0.456515));
#3140=CARTESIAN_POINT('',(-0.039774545567884,0.0177872066069048,0.456515));
#3141=CARTESIAN_POINT('',(-0.039774545567884,0.0177872066069048,0.2127512));
#3142=CARTESIAN_POINT('',(-0.039774545567884,0.0177872066069048,0.4769874));
#3143=CARTESIAN_POINT('',(-0.034488296512294,0.0147351892916565,0.4769874));
#3144=CARTESIAN_POINT('',(-0.031976593024588,0.0132850566069049,0.4769874));
#3145=CARTESIAN_POINT('',(-0.031976593024588,0.0132850566069049,0.2127512));
#3146=CARTESIAN_POINT('',(-0.031976593024588,0.0132850566069049,0.497155));
#3147=CARTESIAN_POINT('',(-0.034488296512294,0.0147351892916565,0.497155));
#3148=CARTESIAN_POINT('',(-0.039774545567884,0.0177872066069048,0.497155));
#3149=CARTESIAN_POINT('',(-0.039774545567884,0.0177872066069048,0.2127512));
#3150=CARTESIAN_POINT('',(-0.0642516327613599,0.0319190594870356,0.5130681));
#3151=CARTESIAN_POINT('',(-0.0642516327613599,0.0319190594870356,0.5085469));
#3152=CARTESIAN_POINT('',(-0.0736932423604764,0.0373701753306694,0.5085469));
#3153=CARTESIAN_POINT('',(-0.0831348519595934,0.0428212911743023,0.5085469));
#3154=CARTESIAN_POINT('',(-0.0831348519595934,0.0428212911743023,0.5130681));
#3155=CARTESIAN_POINT('',(-0.102018071157827,0.0537235228615691,0.5130681));
#3156=CARTESIAN_POINT('',(-0.102018071157827,0.0537235228615691,0.5085469));
#3157=CARTESIAN_POINT('',(-0.111459680756943,0.059174638705203,0.5085469));
#3158=CARTESIAN_POINT('',(-0.12090129035606,0.0646257545488359,0.5085469));
#3159=CARTESIAN_POINT('',(-0.12090129035606,0.0646257545488359,0.5130681));
#3160=CARTESIAN_POINT('',(-0.139784509554294,0.0755279862361026,0.5130681));
#3161=CARTESIAN_POINT('',(-0.139784509554294,0.0755279862361026,0.5085469));
#3162=CARTESIAN_POINT('',(-0.14922611915341,0.0809791020797365,0.5085469));
#3163=CARTESIAN_POINT('',(-0.158667728752527,0.0864302179233694,0.5085469));
#3164=CARTESIAN_POINT('',(-0.158667728752527,0.0864302179233694,0.5130681));
#3165=CARTESIAN_POINT('',(-0.177550947950761,0.0973324496106362,0.5130681));
#3166=CARTESIAN_POINT('',(-0.177550947950761,0.0973324496106362,0.5085469));
#3167=CARTESIAN_POINT('',(-0.186992557549877,0.10278356545427,0.5085469));
#3168=CARTESIAN_POINT('',(-0.196434167148994,0.108234681297903,0.5085469));
#3169=CARTESIAN_POINT('',(-0.196434167148994,0.108234681297903,0.5130681));
#3170=CARTESIAN_POINT('',(-0.215317386347227,0.11913691298517,0.5130681));
#3171=CARTESIAN_POINT('',(-0.215317386347227,0.11913691298517,0.5085469));
#3172=CARTESIAN_POINT('',(-0.224758995946343,0.124588028828804,0.5085469));
#3173=CARTESIAN_POINT('',(-0.234200605545461,0.130039144672436,0.5085469));
#3174=CARTESIAN_POINT('',(-0.234200605545461,0.130039144672436,0.5130681));
#3175=CARTESIAN_POINT('',(-0.253083824743694,0.140941376359703,0.5130681));
#3176=CARTESIAN_POINT('',(-0.253083824743694,0.140941376359703,0.5085469));
#3177=CARTESIAN_POINT('',(-0.262525434342811,0.146392492203337,0.5085469));
#3178=CARTESIAN_POINT('',(-0.271967043941927,0.15184360804697,0.5085469));
#3179=CARTESIAN_POINT('',(-0.271967043941927,0.15184360804697,0.5130681));
#3180=CARTESIAN_POINT('',(-0.290850263140161,0.162745839734237,0.5130681));
#3181=CARTESIAN_POINT('',(-0.290850263140161,0.162745839734237,0.5085469));
#3182=CARTESIAN_POINT('',(-0.300291872739277,0.168196955577871,0.5085469));
#3183=CARTESIAN_POINT('',(-0.309733482338394,0.173648071421503,0.5085469));
#3184=CARTESIAN_POINT('',(-0.309733482338394,0.173648071421503,0.5130681));
#3185=CARTESIAN_POINT('',(-0.328616701536628,0.184550303108771,0.5130681));
#3186=CARTESIAN_POINT('',(-0.328616701536628,0.184550303108771,0.5085469));
#3187=CARTESIAN_POINT('',(-0.338058311135744,0.190001418952404,0.5085469));
#3188=CARTESIAN_POINT('',(-0.347499920734861,0.195452534796037,0.5085469));
#3189=CARTESIAN_POINT('',(-0.347499920734861,0.195452534796037,0.5130681));
#3190=CARTESIAN_POINT('',(-0.366383139933095,0.206354766483304,0.5130681));
#3191=CARTESIAN_POINT('',(-0.366383139933095,0.206354766483304,0.5085469));
#3192=CARTESIAN_POINT('',(-0.375824749532211,0.211805882326938,0.5085469));
#3193=CARTESIAN_POINT('',(-0.385266359131328,0.217256998170571,0.5085469));
#3194=CARTESIAN_POINT('',(-0.385266359131328,0.217256998170571,0.5130681));
#3195=CARTESIAN_POINT('',(-0.404149578329561,0.228159229857837,0.5130681));
#3196=CARTESIAN_POINT('',(-0.404149578329561,0.228159229857837,0.5085469));
#3197=CARTESIAN_POINT('',(-0.413591187928678,0.233610345701471,0.5085469));
#3198=CARTESIAN_POINT('',(-0.030005196512294,0.0225001462670685,0.2127512));
#3199=CARTESIAN_POINT('',(-0.390027073332079,0.230358873763126,0.464855801364946));
#3200=CARTESIAN_POINT('',(-0.390137286507261,0.230422505369484,0.464635983088434));
#3201=CARTESIAN_POINT('',(-0.389969688939521,0.230325742868635,0.465101006126973));
#3202=CARTESIAN_POINT('',(-0.248829862497951,0.148838626079217,0.370170438647071));
#3203=CARTESIAN_POINT('',(-0.255644405542495,0.152773004340389,0.374726034528428));
#3204=CARTESIAN_POINT('',(-0.255534192367314,0.15270937273403,0.37494585280494));
#3205=CARTESIAN_POINT('',(-0.255421169407105,0.152644118897529,0.374727945147233));
#3206=CARTESIAN_POINT('',(-0.256078019590591,0.153023351527781,0.374273690637577));
#3207=CARTESIAN_POINT('',(-0.207649719065611,0.125063259183289,0.407765001839863));
#3208=CARTESIAN_POINT('',(-0.207762742025821,0.12512851301979,0.40798290949757));
#3209=CARTESIAN_POINT('',(-0.207705357633262,0.125095382125299,0.408228114259597));
#3210=CARTESIAN_POINT('',(-0.238981373077887,0.143152598061432,0.417987332816934));
#3211=CARTESIAN_POINT('',(-0.049710508733274,0.0338770135823169,0.38550233793584));
#3212=CARTESIAN_POINT('',(-0.0494905382807128,0.0337500135823169,0.38550233793584));
#3213=CARTESIAN_POINT('',(-0.0497678931258326,0.0339101444768079,0.385257133173813));
#3214=CARTESIAN_POINT('',(-0.0494905382807128,0.0337500135823169,0.3651512));
#3215=CARTESIAN_POINT('',(-0.0494905382807128,0.0337500135823169,0.487087103817905));
#3216=CARTESIAN_POINT('',(-0.049710508733274,0.0338770135823169,0.487087103817905));
#3217=CARTESIAN_POINT('',(-0.0498235316934831,0.0339422674188182,0.487305011475612));
#3218=CARTESIAN_POINT('',(-0.244775723569688,0.146497967877653,0.352482924866854));
#3219=CARTESIAN_POINT('',(-0.151043894842799,0.0923818713305476,0.417304564516017));
#3220=CARTESIAN_POINT('',(-0.15093087188259,0.0923166174940463,0.41708665685831));
#3221=CARTESIAN_POINT('',(-0.150988256275149,0.0923497483885373,0.416841452096282));
#3222=CARTESIAN_POINT('',(-0.233242933822026,0.139839508612332,0.442507809019672));
#3223=CARTESIAN_POINT('',(-0.049710508733274,0.0338770135823169,0.2384052));
#3224=CARTESIAN_POINT('',(-0.0494905382807128,0.0337500135823169,0.2384052));
#3225=CARTESIAN_POINT('',(-0.049710508733274,0.0338770135823169,0.2381512));
#3226=CARTESIAN_POINT('',(-0.0494905382807128,0.0337500135823169,0.3651512));
#3227=CARTESIAN_POINT('',(-0.0494905382807128,0.0337500135823169,0.358665045113342));
#3228=CARTESIAN_POINT('',(-0.049710508733274,0.0338770135823169,0.358665045113342));
#3229=CARTESIAN_POINT('',(-0.0496531243407153,0.0338438826878259,0.358910249875369));
#3230=CARTESIAN_POINT('',(-0.238981373077887,0.143152598061432,0.417987332816934));
#3231=CARTESIAN_POINT('',(-0.177614510140924,0.107722423225454,0.398838709852468));
#3232=CARTESIAN_POINT('',(-0.177671894533483,0.107755554119945,0.398593505090441));
#3233=CARTESIAN_POINT('',(-0.177784917493692,0.107820807956446,0.398811412748148));
#3234=CARTESIAN_POINT('',(-0.244775723569688,0.146497967877653,0.352482924866854));
#3235=CARTESIAN_POINT('',(-0.233443173862516,0.139955117253612,0.360320118095688));
#3236=CARTESIAN_POINT('',(-0.233330150902307,0.139889863417111,0.36010221043798));
#3237=CARTESIAN_POINT('',(-0.233440364077487,0.139953495023469,0.359882392161469));
#3238=CARTESIAN_POINT('',(-0.248829862497951,0.148838626079217,0.370170438647071));
#3239=CARTESIAN_POINT('',(-0.0513984232161862,0.0348515314633954,0.238185381723488));
#3240=CARTESIAN_POINT('',(-0.0512882100410055,0.0347878998570365,0.2384052));
#3241=CARTESIAN_POINT('',(-0.0512882100410055,0.0347878998570365,0.2381512));
#3242=CARTESIAN_POINT('',(-0.251346424073542,0.150291563582317,0.2381512));
#3243=CARTESIAN_POINT('',(-0.086423017395549,0.0550729903411078,0.4918972));
#3244=CARTESIAN_POINT('',(-0.0864230173955489,0.0550729903411078,0.4921512));
#3245=CARTESIAN_POINT('',(-0.0863099944353399,0.0550077365046065,0.491679292342293));
#3246=CARTESIAN_POINT('',(-0.251346424073542,0.150291563582317,0.4921512));
#3247=CARTESIAN_POINT('',(-0.390681184776384,0.230736525181575,0.4921512));
#3248=CARTESIAN_POINT('',(-0.390681184776384,0.230736525181575,0.4918972));
#3249=CARTESIAN_POINT('',(-0.390738569168943,0.230769656076066,0.491651995237973));
#3250=CARTESIAN_POINT('',(-0.233242933822026,0.139839508612332,0.442507809019672));
#3251=CARTESIAN_POINT('',(-0.181079103767487,0.109722707288383,0.426230856503412));
#3252=CARTESIAN_POINT('',(-0.181021719374929,0.109689576393892,0.426476061265439));
#3253=CARTESIAN_POINT('',(-0.18090869641472,0.10962432255739,0.426258153607732));
#3254=CARTESIAN_POINT('',(-0.256078019590591,0.153023351527781,0.374273690637577));
#3255=CARTESIAN_POINT('',(-0.418549697527794,0.246826418520516,0.5130681));
#3256=CARTESIAN_POINT('',(-0.418549697527794,0.246826418520516,0.5085469));
#3257=CARTESIAN_POINT('',(-0.409108087928678,0.241375302676883,0.5085469));
#3258=CARTESIAN_POINT('',(-0.399666478329561,0.23592418683325,0.5085469));
#3259=CARTESIAN_POINT('',(-0.399666478329561,0.23592418683325,0.5130681));
#3260=CARTESIAN_POINT('',(-0.380783259131328,0.225021955145983,0.5130681));
#3261=CARTESIAN_POINT('',(-0.380783259131328,0.225021955145983,0.5085469));
#3262=CARTESIAN_POINT('',(-0.371341649532211,0.219570839302349,0.5085469));
#3263=CARTESIAN_POINT('',(-0.361900039933094,0.214119723458716,0.5085469));
#3264=CARTESIAN_POINT('',(-0.361900039933094,0.214119723458716,0.5130681));
#3265=CARTESIAN_POINT('',(-0.343016820734861,0.20321749177145,0.5130681));
#3266=CARTESIAN_POINT('',(-0.343016820734861,0.20321749177145,0.5085469));
#3267=CARTESIAN_POINT('',(-0.333575211135745,0.197766375927816,0.5085469));
#3268=CARTESIAN_POINT('',(-0.324133601536628,0.192315260084182,0.5085469));
#3269=CARTESIAN_POINT('',(-0.324133601536628,0.192315260084182,0.5130681));
#3270=CARTESIAN_POINT('',(-0.305250382338394,0.181413028396916,0.5130681));
#3271=CARTESIAN_POINT('',(-0.305250382338394,0.181413028396916,0.5085469));
#3272=CARTESIAN_POINT('',(-0.295808772739277,0.175961912553283,0.5085469));
#3273=CARTESIAN_POINT('',(-0.286367163140161,0.170510796709649,0.5085469));
#3274=CARTESIAN_POINT('',(-0.286367163140161,0.170510796709649,0.5130681));
#3275=CARTESIAN_POINT('',(-0.267483943941927,0.159608565022383,0.5130681));
#3276=CARTESIAN_POINT('',(-0.267483943941927,0.159608565022383,0.5085469));
#3277=CARTESIAN_POINT('',(-0.25804233434281,0.154157449178749,0.5085469));
#3278=CARTESIAN_POINT('',(-0.248600724743694,0.148706333335116,0.5085469));
#3279=CARTESIAN_POINT('',(-0.248600724743694,0.148706333335116,0.5130681));
#3280=CARTESIAN_POINT('',(-0.22971750554546,0.137804101647849,0.5130681));
#3281=CARTESIAN_POINT('',(-0.22971750554546,0.137804101647849,0.5085469));
#3282=CARTESIAN_POINT('',(-0.220275895946344,0.132352985804215,0.5085469));
#3283=CARTESIAN_POINT('',(-0.210834286347227,0.126901869960582,0.5085469));
#3284=CARTESIAN_POINT('',(-0.210834286347227,0.126901869960582,0.5130681));
#3285=CARTESIAN_POINT('',(-0.191951067148994,0.115999638273315,0.5130681));
#3286=CARTESIAN_POINT('',(-0.191951067148994,0.115999638273315,0.5085469));
#3287=CARTESIAN_POINT('',(-0.182509457549877,0.110548522429682,0.5085469));
#3288=CARTESIAN_POINT('',(-0.17306784795076,0.105097406586048,0.5085469));
#3289=CARTESIAN_POINT('',(-0.17306784795076,0.105097406586048,0.5130681));
#3290=CARTESIAN_POINT('',(-0.154184628752527,0.0941951748987818,0.5130681));
#3291=CARTESIAN_POINT('',(-0.154184628752527,0.0941951748987818,0.5085469));
#3292=CARTESIAN_POINT('',(-0.14474301915341,0.0887440590551484,0.5085469));
#3293=CARTESIAN_POINT('',(-0.135301409554293,0.083292943211515,0.5085469));
#3294=CARTESIAN_POINT('',(-0.135301409554293,0.083292943211515,0.5130681));
#3295=CARTESIAN_POINT('',(-0.11641819035606,0.0723907115242483,0.5130681));
#3296=CARTESIAN_POINT('',(-0.11641819035606,0.0723907115242483,0.5085469));
#3297=CARTESIAN_POINT('',(-0.106976580756943,0.0669395956806149,0.5085469));
#3298=CARTESIAN_POINT('',(-0.0975349711578266,0.0614884798369815,0.5085469));
#3299=CARTESIAN_POINT('',(-0.0975349711578266,0.0614884798369815,0.5130681));
#3300=CARTESIAN_POINT('',(-0.0786517519595931,0.0505862481497147,0.5130681));
#3301=CARTESIAN_POINT('',(-0.0786517519595931,0.0505862481497147,0.5085469));
#3302=CARTESIAN_POINT('',(-0.0692101423604764,0.0451351323060814,0.5085469));
#3303=CARTESIAN_POINT('',(-0.0597685327613597,0.039684016462448,0.5085469));
#3304=CARTESIAN_POINT('',(-0.0597685327613597,0.039684016462448,0.5130681));
#3305=CARTESIAN_POINT('',(-0.035291445567884,0.0255521635823168,0.2127512));
#3306=CARTESIAN_POINT('',(-0.035291445567884,0.0255521635823168,0.497155));
#3307=CARTESIAN_POINT('',(-0.030005196512294,0.0225001462670685,0.497155));
#3308=CARTESIAN_POINT('',(-0.027493493024588,0.0210500135823169,0.497155));
#3309=CARTESIAN_POINT('',(-0.027493493024588,0.0210500135823169,0.2127512));
#3310=CARTESIAN_POINT('',(-0.027493493024588,0.0210500135823169,0.4769874));
#3311=CARTESIAN_POINT('',(-0.030005196512294,0.0225001462670685,0.4769874));
#3312=CARTESIAN_POINT('',(-0.035291445567884,0.0255521635823168,0.4769874));
#3313=CARTESIAN_POINT('',(-0.035291445567884,0.0255521635823168,0.2127512));
#3314=CARTESIAN_POINT('',(-0.035291445567884,0.0255521635823168,0.456515));
#3315=CARTESIAN_POINT('',(-0.030005196512294,0.0225001462670685,0.456515));
#3316=CARTESIAN_POINT('',(-0.027493493024588,0.0210500135823169,0.456515));
#3317=CARTESIAN_POINT('',(-0.027493493024588,0.0210500135823169,0.2127512));
#3318=CARTESIAN_POINT('',(-0.027493493024588,0.0210500135823169,0.4363474));
#3319=CARTESIAN_POINT('',(-0.030005196512294,0.0225001462670685,0.4363474));
#3320=CARTESIAN_POINT('',(-0.035291445567884,0.0255521635823168,0.4363474));
#3321=CARTESIAN_POINT('',(-0.035291445567884,0.0255521635823168,0.2127512));
#3322=CARTESIAN_POINT('',(-0.035291445567884,0.0255521635823168,0.415875));
#3323=CARTESIAN_POINT('',(-0.030005196512294,0.0225001462670685,0.415875));
#3324=CARTESIAN_POINT('',(-0.027493493024588,0.0210500135823169,0.415875));
#3325=CARTESIAN_POINT('',(-0.027493493024588,0.0210500135823169,0.2127512));
#3326=CARTESIAN_POINT('',(-0.027493493024588,0.0210500135823169,0.3957074));
#3327=CARTESIAN_POINT('',(-0.030005196512294,0.0225001462670685,0.3957074));
#3328=CARTESIAN_POINT('',(-0.035291445567884,0.0255521635823168,0.3957074));
#3329=CARTESIAN_POINT('',(-0.035291445567884,0.0255521635823168,0.2127512));
#3330=CARTESIAN_POINT('',(-0.035291445567884,0.0255521635823168,0.375235));
#3331=CARTESIAN_POINT('',(-0.030005196512294,0.0225001462670685,0.375235));
#3332=CARTESIAN_POINT('',(-0.027493493024588,0.0210500135823169,0.375235));
#3333=CARTESIAN_POINT('',(-0.027493493024588,0.0210500135823169,0.2127512));
#3334=CARTESIAN_POINT('',(-0.027493493024588,0.0210500135823169,0.3550674));
#3335=CARTESIAN_POINT('',(-0.030005196512294,0.0225001462670685,0.3550674));
#3336=CARTESIAN_POINT('',(-0.035291445567884,0.0255521635823168,0.3550674));
#3337=CARTESIAN_POINT('',(-0.035291445567884,0.0255521635823168,0.2127512));
#3338=CARTESIAN_POINT('',(-0.035291445567884,0.0255521635823168,0.334595));
#3339=CARTESIAN_POINT('',(-0.030005196512294,0.0225001462670685,0.334595));
#3340=CARTESIAN_POINT('',(-0.027493493024588,0.0210500135823169,0.334595));
#3341=CARTESIAN_POINT('',(-0.027493493024588,0.0210500135823169,0.2127512));
#3342=CARTESIAN_POINT('',(-0.027493493024588,0.0210500135823169,0.3144274));
#3343=CARTESIAN_POINT('',(-0.030005196512294,0.0225001462670685,0.3144274));
#3344=CARTESIAN_POINT('',(-0.035291445567884,0.0255521635823168,0.3144274));
#3345=CARTESIAN_POINT('',(-0.035291445567884,0.0255521635823168,0.2127512));
#3346=CARTESIAN_POINT('',(-0.035291445567884,0.0255521635823168,0.293955));
#3347=CARTESIAN_POINT('',(-0.030005196512294,0.0225001462670685,0.293955));
#3348=CARTESIAN_POINT('',(-0.027493493024588,0.0210500135823169,0.293955));
#3349=CARTESIAN_POINT('',(-0.027493493024588,0.0210500135823169,0.2127512));
#3350=CARTESIAN_POINT('',(-0.027493493024588,0.0210500135823169,0.2737874));
#3351=CARTESIAN_POINT('',(-0.030005196512294,0.0225001462670685,0.2737874));
#3352=CARTESIAN_POINT('',(-0.035291445567884,0.0255521635823168,0.2737874));
#3353=CARTESIAN_POINT('',(-0.035291445567884,0.0255521635823168,0.2127512));
#3354=CARTESIAN_POINT('',(-0.035291445567884,0.0255521635823168,0.253315));
#3355=CARTESIAN_POINT('',(-0.030005196512294,0.0225001462670685,0.253315));
#3356=CARTESIAN_POINT('',(-0.027493493024588,0.0210500135823169,0.253315));
#3357=CARTESIAN_POINT('',(-0.027493493024588,0.0210500135823169,0.2127512));
#3358=CARTESIAN_POINT('',(-0.027493493024588,0.0210500135823169,0.2331474));
#3359=CARTESIAN_POINT('',(-0.030005196512294,0.0225001462670685,0.2331474));
#3360=CARTESIAN_POINT('',(-0.035291445567884,0.0255521635823168,0.2331474));
#3361=CARTESIAN_POINT('',(-0.035291445567884,0.0255521635823168,0.2127512));
#3362=CARTESIAN_POINT('',(-0.035291445567884,0.0255521635823168,0.2127512));
#3363=CARTESIAN_POINT('',(-0.030005196512294,0.0225001462670685,0.2127512));
#3364=CARTESIAN_POINT('',(-0.0572554952561248,0.0382331135823169,0.2127512));
#3365=CARTESIAN_POINT('',(-0.0368460391430067,0.0264497086013943,0.19910725739051));
#3366=CARTESIAN_POINT('',(-0.475199355122495,0.279533113582316,0.4921512));
#3367=CARTESIAN_POINT('',(-0.475199355122495,0.279533113582316,0.2127512));
#3368=CARTESIAN_POINT('',(-0.475199355122495,0.279533113582316,0.5175512));
#3369=CARTESIAN_POINT('',(-0.030005196512294,0.0225001462670685,0.5175512));
#3370=CARTESIAN_POINT('',(-0.456316135924262,0.26863088189505,0.5175512));
#3371=CARTESIAN_POINT('',(-0.456316135924262,0.26863088189505,0.5130681));
#3372=CARTESIAN_POINT('',(-0.456316135924262,0.26863088189505,0.5085469));
#3373=CARTESIAN_POINT('',(-0.446874526325145,0.263179766051416,0.5085469));
#3374=CARTESIAN_POINT('',(-0.437432916726028,0.257728650207784,0.5085469));
#3375=CARTESIAN_POINT('',(-0.437432916726028,0.257728650207784,0.5130681));
#3376=CARTESIAN_POINT('',(-0.029735043024588,0.017167535094611,0.2127512));
#3377=CARTESIAN_POINT('',(1.18573261830647,2.12241927947693,0.2737874));
#3378=CARTESIAN_POINT('',(1.18573261830647,2.12241927947693,0.293955));
#3379=CARTESIAN_POINT('',(-0.029735043024588,0.017167535094611,0.2127512));
#3380=CARTESIAN_POINT('',(1.18573261830647,2.12241927947693,0.3144274));
#3381=CARTESIAN_POINT('',(1.18573261830647,2.12241927947693,0.334595));
#3382=CARTESIAN_POINT('',(-0.029735043024588,0.017167535094611,0.2127512));
#3383=CARTESIAN_POINT('',(1.18573261830647,2.12241927947693,0.3550674));
#3384=CARTESIAN_POINT('',(1.18573261830647,2.12241927947693,0.375235));
#3385=CARTESIAN_POINT('',(-0.029735043024588,0.017167535094611,0.2127512));
#3386=CARTESIAN_POINT('',(1.18573261830647,2.12241927947693,0.253315));
#3387=CARTESIAN_POINT('',(1.18573261830647,2.12241927947693,0.2331474));
#3388=CARTESIAN_POINT('',(-0.029735043024588,0.017167535094611,0.2127512));
#3389=CARTESIAN_POINT('',(1.18573261830647,2.12241927947693,0.497155));
#3390=CARTESIAN_POINT('',(1.18573261830647,2.12241927947693,0.4769874));
#3391=CARTESIAN_POINT('',(-0.029735043024588,0.017167535094611,0.2127512));
#3392=CARTESIAN_POINT('',(1.18573261830647,2.12241927947693,0.456515));
#3393=CARTESIAN_POINT('',(1.18573261830647,2.12241927947693,0.4363474));
#3394=CARTESIAN_POINT('',(-0.029735043024588,0.017167535094611,0.2127512));
#3395=CARTESIAN_POINT('',(1.18573261830647,2.12241927947693,0.415875));
#3396=CARTESIAN_POINT('',(1.18573261830647,2.12241927947693,0.3957074));
#3397=CARTESIAN_POINT('',(-0.477440905122495,0.27565063509461,0.2127512));
#3398=CARTESIAN_POINT('',(-0.477440905122495,0.27565063509461,0.4921512));
#3399=CARTESIAN_POINT('',(-0.477440905122495,0.27565063509461,0.5175512));
#3400=CARTESIAN_POINT('',(-0.0889968151033209,-1.00123335987457E-16,0.2127512));
#3401=CARTESIAN_POINT('',(-0.0597821993437142,-0.0168670662730805,0.2127512));
#3402=CARTESIAN_POINT('',(-0.0817462490319548,-0.00418611627308046,0.2127512));
#3403=CARTESIAN_POINT('',(-0.0889968151033209,-1.00123335987457E-16,0.5175512));
#3404=CARTESIAN_POINT('',(-0.456316135924262,0.26863088189505,0.5175512));
#3405=CARTESIAN_POINT('',(-0.0817462490319548,-0.00418611627308046,0.2127512));
#3406=CARTESIAN_POINT('',(-0.0513517216249409,-0.024127512999296,0.221089085041731));
#3407=CARTESIAN_POINT('',(-0.0769254232161861,-0.00936252950141542,0.238185381723488));
#3408=CARTESIAN_POINT('',(-0.252617364077488,0.106737956686721,0.359882392161469));
#3409=CARTESIAN_POINT('',(-0.0750175382807127,-0.0104640473824938,0.2127512));
#3410=CARTESIAN_POINT('',(-0.0686675382807127,0.000534475245568536,0.358665045113342));
#3411=CARTESIAN_POINT('',(-0.0750175382807127,-0.0104640473824938,0.2384052));
#3412=CARTESIAN_POINT('',(-0.055532196512294,-0.0217139146977422,0.2381512));
#3413=CARTESIAN_POINT('',(-0.075237508733274,-0.0103370473824938,0.2381512));
#3414=CARTESIAN_POINT('',(-0.0768152100410055,-0.00942616110777422,0.2381512));
#3415=CARTESIAN_POINT('',(-0.125466369617327,0.0333272958074191,0.376582753487601));
#3416=CARTESIAN_POINT('',(-0.196791510140924,0.0745068848887055,0.398838709852468));
#3417=CARTESIAN_POINT('',(-0.0688301243407154,0.000628344351077538,0.358910249875369));
#3418=CARTESIAN_POINT('',(-0.236312968061306,0.0973246092578048,0.371597608703609));
#3419=CARTESIAN_POINT('',(-0.252620173862516,0.106739578916864,0.360320118095688));
#3420=CARTESIAN_POINT('',(-0.196961917493692,0.0746052696196978,0.398811412748148));
#3421=CARTESIAN_POINT('',(-0.0768152100410055,-0.00942616110777422,0.2384052));
#3422=CARTESIAN_POINT('',(-0.075237508733274,-0.0103370473824938,0.2384052));
#3423=CARTESIAN_POINT('',(-0.068887508733274,0.000661475245568534,0.358665045113342));
#3424=CARTESIAN_POINT('',(-0.252507150902307,0.106674325080362,0.36010221043798));
#3425=CARTESIAN_POINT('',(-0.196848894533483,0.0745400157831965,0.398593505090441));
#3426=CARTESIAN_POINT('',(-0.119727930361466,0.0300142063583192,0.401103229690339));
#3427=CARTESIAN_POINT('',(-0.0689448931258326,0.000694606140059535,0.385257133173813));
#3428=CARTESIAN_POINT('',(-0.170165256275149,0.059134210051789,0.416841452096282));
#3429=CARTESIAN_POINT('',(-0.116946001978945,0.0284080592578047,0.454147608703609));
#3430=CARTESIAN_POINT('',(-0.170220894842799,0.0591663329937993,0.417304564516017));
#3431=CARTESIAN_POINT('',(-0.069000531693483,0.000726729082069834,0.487305011475612));
#3432=CARTESIAN_POINT('',(-0.0750175382807127,-0.0104640473824938,0.2127512));
#3433=CARTESIAN_POINT('',(-0.0750175382807127,-0.0104640473824938,0.487087103817905));
#3434=CARTESIAN_POINT('',(-0.0750175382807127,-0.0104640473824938,0.38550233793584));
#3435=CARTESIAN_POINT('',(-0.075237508733274,-0.0103370473824938,0.38550233793584));
#3436=CARTESIAN_POINT('',(-0.075237508733274,-0.0103370473824938,0.487087103817905));
#3437=CARTESIAN_POINT('',(-0.17010787188259,0.059101079157298,0.41708665685831));
#3438=CARTESIAN_POINT('',(-0.247615264082209,0.103849992907934,0.393388374474332));
#3439=CARTESIAN_POINT('',(-0.226826719065611,0.0918477208465405,0.407765001839863));
#3440=CARTESIAN_POINT('',(-0.274598169407105,0.11942858056078,0.374727945147233));
#3441=CARTESIAN_POINT('',(-0.349319300666281,0.162568845807419,0.446432753487601));
#3442=CARTESIAN_POINT('',(-0.409146688939521,0.197110204531886,0.465101006126973));
#3443=CARTESIAN_POINT('',(-0.226882357633262,0.0918798437885508,0.408228114259597));
#3444=CARTESIAN_POINT('',(-0.0513517216249409,-0.024127512999296,0.221089085041731));
#3445=CARTESIAN_POINT('',(-0.281171405542494,0.108558943375578,0.374726034528428));
#3446=CARTESIAN_POINT('',(-0.415664286507261,0.186208444404674,0.464635983088434));
#3447=CARTESIAN_POINT('',(-0.415554073332079,0.186144812798315,0.464855801364946));
#3448=CARTESIAN_POINT('',(-0.281061192367314,0.108495311769219,0.37494585280494));
#3449=CARTESIAN_POINT('',(-0.226939742025821,0.0919129746830418,0.40798290949757));
#3450=CARTESIAN_POINT('',(-0.055532196512294,-0.0217139146977422,0.4921512));
#3451=CARTESIAN_POINT('',(-0.416208184776384,0.186522464216764,0.4921512));
#3452=CARTESIAN_POINT('',(-0.105600017395549,0.0218574520043594,0.4921512));
#3453=CARTESIAN_POINT('',(-0.343580861410419,0.159255756358319,0.470953229690339));
#3454=CARTESIAN_POINT('',(-0.200256103767487,0.0765071689516343,0.426230856503412));
#3455=CARTESIAN_POINT('',(-0.409915569168943,0.197554117739317,0.491651995237973));
#3456=CARTESIAN_POINT('',(-0.128248297999848,0.0349334429079338,0.475938374474332));
#3457=CARTESIAN_POINT('',(-0.10548699443534,0.0217921981678581,0.491679292342293));
#3458=CARTESIAN_POINT('',(-0.20008569641472,0.076408784220642,0.426258153607732));
#3459=CARTESIAN_POINT('',(-0.416208184776384,0.186522464216764,0.4918972));
#3460=CARTESIAN_POINT('',(-0.105600017395549,0.0218574520043594,0.4918972));
#3461=CARTESIAN_POINT('',(-0.200198719374929,0.0764740380571433,0.426476061265439));
#3462=CARTESIAN_POINT('',(1.18185013981877,2.12466082947694,0.3957074));
#3463=CARTESIAN_POINT('',(1.17793466576318,2.12692142947693,0.3957074));
#3464=CARTESIAN_POINT('',(1.18185013981877,2.12466082947694,0.375235));
#3465=CARTESIAN_POINT('',(1.17793466576318,2.12692142947693,0.375235));
#3466=CARTESIAN_POINT('',(1.17793466576318,2.12692142947693,0.3854712));
#3467=CARTESIAN_POINT('',(1.18185013981877,2.12466082947694,0.4363474));
#3468=CARTESIAN_POINT('',(1.17793466576318,2.12692142947693,0.4363474));
#3469=CARTESIAN_POINT('',(1.18185013981877,2.12466082947694,0.415875));
#3470=CARTESIAN_POINT('',(1.17793466576318,2.12692142947693,0.415875));
#3471=CARTESIAN_POINT('',(1.17793466576318,2.12692142947693,0.4261112));
#3472=CARTESIAN_POINT('',(1.18185013981877,2.12466082947694,0.4769874));
#3473=CARTESIAN_POINT('',(1.17793466576318,2.12692142947693,0.4769874));
#3474=CARTESIAN_POINT('',(1.18185013981877,2.12466082947694,0.456515));
#3475=CARTESIAN_POINT('',(1.17793466576318,2.12692142947693,0.456515));
#3476=CARTESIAN_POINT('',(1.17793466576318,2.12692142947693,0.4667512));
#3477=CARTESIAN_POINT('',(1.18185013981877,2.12466082947694,0.2331474));
#3478=CARTESIAN_POINT('',(1.17793466576318,2.12692142947693,0.2331474));
#3479=CARTESIAN_POINT('',(1.17793466576318,2.12692142947693,0.2229112));
#3480=CARTESIAN_POINT('',(1.18185013981877,2.12466082947694,0.3550674));
#3481=CARTESIAN_POINT('',(1.17793466576318,2.12692142947693,0.3550674));
#3482=CARTESIAN_POINT('',(1.18185013981877,2.12466082947694,0.334595));
#3483=CARTESIAN_POINT('',(1.17793466576318,2.12692142947693,0.334595));
#3484=CARTESIAN_POINT('',(1.17793466576318,2.12692142947693,0.3448312));
#3485=CARTESIAN_POINT('',(1.18185013981877,2.12466082947694,0.3144274));
#3486=CARTESIAN_POINT('',(1.17793466576318,2.12692142947693,0.3144274));
#3487=CARTESIAN_POINT('',(1.18185013981877,2.12466082947694,0.293955));
#3488=CARTESIAN_POINT('',(1.17793466576318,2.12692142947693,0.293955));
#3489=CARTESIAN_POINT('',(1.17793466576318,2.12692142947693,0.3041912));
#3490=CARTESIAN_POINT('',(1.18185013981877,2.12466082947694,0.2737874));
#3491=CARTESIAN_POINT('',(1.17793466576318,2.12692142947693,0.2737874));
#3492=CARTESIAN_POINT('',(1.18185013981877,2.12466082947694,0.253315));
#3493=CARTESIAN_POINT('',(1.17793466576318,2.12692142947693,0.253315));
#3494=CARTESIAN_POINT('',(1.17793466576318,2.12692142947693,0.2635512));
#3495=CARTESIAN_POINT('',(1.18185013981877,2.12466082947694,0.497155));
#3496=CARTESIAN_POINT('',(1.17793466576318,2.12692142947693,0.497155));
#3497=CARTESIAN_POINT('',(1.17793466576318,2.12692142947693,0.5073912));
#3498=CARTESIAN_POINT('',(-0.456316135924262,0.26863088189505,0.5130681));
#3499=CARTESIAN_POINT('',(-0.456316135924262,0.26863088189505,0.5085469));
#3500=CARTESIAN_POINT('',(-0.437432916726028,0.257728650207784,0.5130681));
#3501=CARTESIAN_POINT('',(-0.437432916726028,0.257728650207784,0.5085469));
#3502=CARTESIAN_POINT('',(-0.446874526325145,0.263179766051416,0.5085469));
#3503=CARTESIAN_POINT('',(-0.0786517519595931,0.0505862481497147,0.5130681));
#3504=CARTESIAN_POINT('',(-0.0786517519595931,0.0505862481497147,0.5085469));
#3505=CARTESIAN_POINT('',(-0.0597685327613597,0.039684016462448,0.5130681));
#3506=CARTESIAN_POINT('',(-0.0597685327613597,0.039684016462448,0.5085469));
#3507=CARTESIAN_POINT('',(-0.0692101423604764,0.0451351323060814,0.5085469));
#3508=CARTESIAN_POINT('',(-0.11641819035606,0.0723907115242483,0.5130681));
#3509=CARTESIAN_POINT('',(-0.11641819035606,0.0723907115242483,0.5085469));
#3510=CARTESIAN_POINT('',(-0.0975349711578266,0.0614884798369815,0.5130681));
#3511=CARTESIAN_POINT('',(-0.0975349711578266,0.0614884798369815,0.5085469));
#3512=CARTESIAN_POINT('',(-0.106976580756943,0.0669395956806149,0.5085469));
#3513=CARTESIAN_POINT('',(-0.154184628752527,0.0941951748987818,0.5130681));
#3514=CARTESIAN_POINT('',(-0.154184628752527,0.0941951748987818,0.5085469));
#3515=CARTESIAN_POINT('',(-0.135301409554293,0.083292943211515,0.5130681));
#3516=CARTESIAN_POINT('',(-0.135301409554293,0.083292943211515,0.5085469));
#3517=CARTESIAN_POINT('',(-0.14474301915341,0.0887440590551484,0.5085469));
#3518=CARTESIAN_POINT('',(-0.191951067148994,0.115999638273315,0.5130681));
#3519=CARTESIAN_POINT('',(-0.191951067148994,0.115999638273315,0.5085469));
#3520=CARTESIAN_POINT('',(-0.17306784795076,0.105097406586048,0.5130681));
#3521=CARTESIAN_POINT('',(-0.17306784795076,0.105097406586048,0.5085469));
#3522=CARTESIAN_POINT('',(-0.182509457549877,0.110548522429682,0.5085469));
#3523=CARTESIAN_POINT('',(-0.22971750554546,0.137804101647849,0.5130681));
#3524=CARTESIAN_POINT('',(-0.22971750554546,0.137804101647849,0.5085469));
#3525=CARTESIAN_POINT('',(-0.210834286347227,0.126901869960582,0.5130681));
#3526=CARTESIAN_POINT('',(-0.210834286347227,0.126901869960582,0.5085469));
#3527=CARTESIAN_POINT('',(-0.220275895946344,0.132352985804215,0.5085469));
#3528=CARTESIAN_POINT('',(-0.267483943941927,0.159608565022383,0.5130681));
#3529=CARTESIAN_POINT('',(-0.267483943941927,0.159608565022383,0.5085469));
#3530=CARTESIAN_POINT('',(-0.248600724743694,0.148706333335116,0.5130681));
#3531=CARTESIAN_POINT('',(-0.248600724743694,0.148706333335116,0.5085469));
#3532=CARTESIAN_POINT('',(-0.25804233434281,0.154157449178749,0.5085469));
#3533=CARTESIAN_POINT('',(-0.305250382338394,0.181413028396916,0.5130681));
#3534=CARTESIAN_POINT('',(-0.305250382338394,0.181413028396916,0.5085469));
#3535=CARTESIAN_POINT('',(-0.286367163140161,0.170510796709649,0.5130681));
#3536=CARTESIAN_POINT('',(-0.286367163140161,0.170510796709649,0.5085469));
#3537=CARTESIAN_POINT('',(-0.295808772739277,0.175961912553283,0.5085469));
#3538=CARTESIAN_POINT('',(-0.343016820734861,0.20321749177145,0.5130681));
#3539=CARTESIAN_POINT('',(-0.343016820734861,0.20321749177145,0.5085469));
#3540=CARTESIAN_POINT('',(-0.324133601536628,0.192315260084182,0.5130681));
#3541=CARTESIAN_POINT('',(-0.324133601536628,0.192315260084182,0.5085469));
#3542=CARTESIAN_POINT('',(-0.333575211135745,0.197766375927816,0.5085469));
#3543=CARTESIAN_POINT('',(-0.380783259131328,0.225021955145983,0.5130681));
#3544=CARTESIAN_POINT('',(-0.380783259131328,0.225021955145983,0.5085469));
#3545=CARTESIAN_POINT('',(-0.361900039933094,0.214119723458716,0.5130681));
#3546=CARTESIAN_POINT('',(-0.361900039933094,0.214119723458716,0.5085469));
#3547=CARTESIAN_POINT('',(-0.371341649532211,0.219570839302349,0.5085469));
#3548=CARTESIAN_POINT('',(-0.418549697527794,0.246826418520516,0.5130681));
#3549=CARTESIAN_POINT('',(-0.418549697527794,0.246826418520516,0.5085469));
#3550=CARTESIAN_POINT('',(-0.399666478329561,0.23592418683325,0.5130681));
#3551=CARTESIAN_POINT('',(-0.399666478329561,0.23592418683325,0.5085469));
#3552=CARTESIAN_POINT('',(-0.409108087928678,0.241375302676883,0.5085469));
#3553=MECHANICAL_DESIGN_GEOMETRIC_PRESENTATION_REPRESENTATION('',(#2214),
#3554);
#3554=(
GEOMETRIC_REPRESENTATION_CONTEXT(3)
GLOBAL_UNCERTAINTY_ASSIGNED_CONTEXT((#3555))
GLOBAL_UNIT_ASSIGNED_CONTEXT((#3558,#3557,#3556))
REPRESENTATION_CONTEXT('PW14','TOP_LEVEL_ASSEMBLY_PART')
);
#3555=UNCERTAINTY_MEASURE_WITH_UNIT(LENGTH_MEASURE(1.E-8),#3558,
'DISTANCE_ACCURACY_VALUE','Maximum Tolerance applied to model');
#3556=(
NAMED_UNIT(*)
SI_UNIT($,.STERADIAN.)
SOLID_ANGLE_UNIT()
);
#3557=(
NAMED_UNIT(*)
PLANE_ANGLE_UNIT()
SI_UNIT($,.RADIAN.)
);
#3558=(
LENGTH_UNIT()
NAMED_UNIT(*)
SI_UNIT($,.METRE.)
);
#3559=PRODUCT_DEFINITION_SHAPE('','',#3560);
#3560=PRODUCT_DEFINITION('','',#3562,#3561);
#3561=PRODUCT_DEFINITION_CONTEXT('',#3568,'design');
#3562=PRODUCT_DEFINITION_FORMATION_WITH_SPECIFIED_SOURCE('','',#3564,
 .NOT_KNOWN.);
#3563=PRODUCT_RELATED_PRODUCT_CATEGORY('','',(#3564));
#3564=PRODUCT('PW14','PW14','PW14',(#3566));
#3565=PRODUCT_CATEGORY('','');
#3566=PRODUCT_CONTEXT('',#3568,'mechanical');
#3567=APPLICATION_PROTOCOL_DEFINITION('international standard',
'ap242_managed_model_based_3d_engineering',2011,#3568);
#3568=APPLICATION_CONTEXT('managed model based 3d engineering');
ENDSEC;
END-ISO-10303-21;
