ISO-10303-21;
HEADER;
/* Generated by software containing ST-Developer
 * from STEP Tools, Inc. (www.steptools.com) 
 */
/* OPTION: using custom renumber hook */

FILE_DESCRIPTION(
/* description */ ('STEP AP242',
'CAx-IF Rec.Pracs.---Representation and Presentation of Product Manufa
cturing Information (PMI)---4.0---2014-10-13',
'CAx-IF Rec.Pracs.---3D Tessellated Geometry---0.4---2014-09-14','2;1'),

/* implementation_level */ '2;1');

FILE_NAME(
/* name */ '68fbdbb0e6e04d504fed0e7b',
/* time_stamp */ '2025-10-24T20:04:01Z',
/* author */ (''),
/* organization */ (''),
/* preprocessor_version */ 'ST-DEVELOPER v20',
/* originating_system */ 'ONSHAPE BY PTC INC, 1.205',
/* authorisation */ '  ');

FILE_SCHEMA (('AP242_MANAGED_MODEL_BASED_3D_ENGINEERING_MIM_LF { 1 0 10303 442 1 1 4 }'));
ENDSEC;

DATA;
#10=SHAPE_REPRESENTATION_RELATIONSHIP('','',#4891,#11);
#11=ADVANCED_BREP_SHAPE_REPRESENTATION('',(#4889),#8133);
#12=CYLINDRICAL_SURFACE('',#5182,0.002);
#13=CYLINDRICAL_SURFACE('',#5183,0.002);
#14=CYLINDRICAL_SURFACE('',#5184,0.002);
#15=CYLINDRICAL_SURFACE('',#5185,0.002);
#16=CYLINDRICAL_SURFACE('',#5186,0.002);
#17=CYLINDRICAL_SURFACE('',#5187,0.0025527);
#18=CYLINDRICAL_SURFACE('',#5188,0.0025527);
#19=CYLINDRICAL_SURFACE('',#5189,0.0025527);
#20=CYLINDRICAL_SURFACE('',#5190,0.0025527);
#21=CYLINDRICAL_SURFACE('',#5191,0.0025527);
#22=CYLINDRICAL_SURFACE('',#5192,0.0025527);
#23=CYLINDRICAL_SURFACE('',#5193,0.0025527);
#24=CYLINDRICAL_SURFACE('',#5194,0.0025527);
#25=CYLINDRICAL_SURFACE('',#5195,0.0025527);
#26=CYLINDRICAL_SURFACE('',#5196,0.0025527);
#27=CYLINDRICAL_SURFACE('',#5197,0.0025527);
#28=CYLINDRICAL_SURFACE('',#5198,0.0025527);
#29=CYLINDRICAL_SURFACE('',#5199,0.0025527);
#30=CYLINDRICAL_SURFACE('',#5200,0.0025527);
#31=CYLINDRICAL_SURFACE('',#5201,0.0025527);
#32=CYLINDRICAL_SURFACE('',#5202,0.0025527);
#33=CYLINDRICAL_SURFACE('',#5203,0.0025527);
#34=CYLINDRICAL_SURFACE('',#5204,0.0025527);
#35=CYLINDRICAL_SURFACE('',#5205,0.0025527);
#36=CYLINDRICAL_SURFACE('',#5206,0.0025527);
#37=CYLINDRICAL_SURFACE('',#5207,0.0025527);
#38=CYLINDRICAL_SURFACE('',#5208,0.0025527);
#39=CYLINDRICAL_SURFACE('',#5209,0.0025527);
#40=CYLINDRICAL_SURFACE('',#5210,0.0025527);
#41=CYLINDRICAL_SURFACE('',#5211,0.0025527);
#42=CYLINDRICAL_SURFACE('',#5212,0.0025527);
#43=CYLINDRICAL_SURFACE('',#5213,0.0025527);
#44=CYLINDRICAL_SURFACE('',#5214,0.0025527);
#45=CYLINDRICAL_SURFACE('',#5215,0.0025527);
#46=CYLINDRICAL_SURFACE('',#5216,0.0025527);
#47=CYLINDRICAL_SURFACE('',#5217,0.0025527);
#48=CYLINDRICAL_SURFACE('',#5218,0.0025527);
#49=CYLINDRICAL_SURFACE('',#5219,0.0025527);
#50=CYLINDRICAL_SURFACE('',#5220,0.0025527);
#51=CYLINDRICAL_SURFACE('',#5221,0.0025527);
#52=CYLINDRICAL_SURFACE('',#5222,0.0025527);
#53=CYLINDRICAL_SURFACE('',#5223,0.0025527);
#54=CYLINDRICAL_SURFACE('',#5224,0.0025527);
#55=CYLINDRICAL_SURFACE('',#5225,0.0025527);
#56=CYLINDRICAL_SURFACE('',#5226,0.0025527);
#57=CYLINDRICAL_SURFACE('',#5227,0.0025525);
#58=CYLINDRICAL_SURFACE('',#5228,0.0025525);
#59=CYLINDRICAL_SURFACE('',#5229,0.0025525);
#60=CYLINDRICAL_SURFACE('',#5230,0.0025525);
#61=LINE('',#6644,#605);
#62=LINE('',#6646,#606);
#63=LINE('',#6648,#607);
#64=LINE('',#6650,#608);
#65=LINE('',#6652,#609);
#66=LINE('',#6654,#610);
#67=LINE('',#6656,#611);
#68=LINE('',#6658,#612);
#69=LINE('',#6660,#613);
#70=LINE('',#6662,#614);
#71=LINE('',#6664,#615);
#72=LINE('',#6666,#616);
#73=LINE('',#6668,#617);
#74=LINE('',#6670,#618);
#75=LINE('',#6672,#619);
#76=LINE('',#6674,#620);
#77=LINE('',#6676,#621);
#78=LINE('',#6678,#622);
#79=LINE('',#6680,#623);
#80=LINE('',#6682,#624);
#81=LINE('',#6684,#625);
#82=LINE('',#6686,#626);
#83=LINE('',#6688,#627);
#84=LINE('',#6690,#628);
#85=LINE('',#6692,#629);
#86=LINE('',#6694,#630);
#87=LINE('',#6696,#631);
#88=LINE('',#6698,#632);
#89=LINE('',#6700,#633);
#90=LINE('',#6702,#634);
#91=LINE('',#6704,#635);
#92=LINE('',#6706,#636);
#93=LINE('',#6708,#637);
#94=LINE('',#6710,#638);
#95=LINE('',#6712,#639);
#96=LINE('',#6714,#640);
#97=LINE('',#6716,#641);
#98=LINE('',#6718,#642);
#99=LINE('',#6720,#643);
#100=LINE('',#6722,#644);
#101=LINE('',#6724,#645);
#102=LINE('',#6726,#646);
#103=LINE('',#6728,#647);
#104=LINE('',#6730,#648);
#105=LINE('',#6732,#649);
#106=LINE('',#6734,#650);
#107=LINE('',#6736,#651);
#108=LINE('',#6738,#652);
#109=LINE('',#6740,#653);
#110=LINE('',#6742,#654);
#111=LINE('',#6744,#655);
#112=LINE('',#6746,#656);
#113=LINE('',#6748,#657);
#114=LINE('',#6750,#658);
#115=LINE('',#6752,#659);
#116=LINE('',#6754,#660);
#117=LINE('',#6756,#661);
#118=LINE('',#6758,#662);
#119=LINE('',#6760,#663);
#120=LINE('',#6762,#664);
#121=LINE('',#6764,#665);
#122=LINE('',#6766,#666);
#123=LINE('',#6768,#667);
#124=LINE('',#6770,#668);
#125=LINE('',#6772,#669);
#126=LINE('',#6774,#670);
#127=LINE('',#6776,#671);
#128=LINE('',#6778,#672);
#129=LINE('',#6780,#673);
#130=LINE('',#6782,#674);
#131=LINE('',#6784,#675);
#132=LINE('',#6786,#676);
#133=LINE('',#6788,#677);
#134=LINE('',#6790,#678);
#135=LINE('',#6792,#679);
#136=LINE('',#6794,#680);
#137=LINE('',#6796,#681);
#138=LINE('',#6798,#682);
#139=LINE('',#6800,#683);
#140=LINE('',#6802,#684);
#141=LINE('',#6804,#685);
#142=LINE('',#6806,#686);
#143=LINE('',#6808,#687);
#144=LINE('',#6810,#688);
#145=LINE('',#6812,#689);
#146=LINE('',#6814,#690);
#147=LINE('',#6816,#691);
#148=LINE('',#6818,#692);
#149=LINE('',#6820,#693);
#150=LINE('',#6822,#694);
#151=LINE('',#6824,#695);
#152=LINE('',#6826,#696);
#153=LINE('',#6828,#697);
#154=LINE('',#6830,#698);
#155=LINE('',#6832,#699);
#156=LINE('',#6834,#700);
#157=LINE('',#6836,#701);
#158=LINE('',#6838,#702);
#159=LINE('',#6840,#703);
#160=LINE('',#6842,#704);
#161=LINE('',#6844,#705);
#162=LINE('',#6846,#706);
#163=LINE('',#6848,#707);
#164=LINE('',#6850,#708);
#165=LINE('',#6852,#709);
#166=LINE('',#6854,#710);
#167=LINE('',#6856,#711);
#168=LINE('',#6858,#712);
#169=LINE('',#6860,#713);
#170=LINE('',#6862,#714);
#171=LINE('',#6864,#715);
#172=LINE('',#6866,#716);
#173=LINE('',#6868,#717);
#174=LINE('',#6870,#718);
#175=LINE('',#6872,#719);
#176=LINE('',#6874,#720);
#177=LINE('',#6876,#721);
#178=LINE('',#6878,#722);
#179=LINE('',#6880,#723);
#180=LINE('',#6882,#724);
#181=LINE('',#6884,#725);
#182=LINE('',#6886,#726);
#183=LINE('',#6888,#727);
#184=LINE('',#6890,#728);
#185=LINE('',#6892,#729);
#186=LINE('',#6894,#730);
#187=LINE('',#6896,#731);
#188=LINE('',#6898,#732);
#189=LINE('',#6900,#733);
#190=LINE('',#6902,#734);
#191=LINE('',#6904,#735);
#192=LINE('',#6906,#736);
#193=LINE('',#6908,#737);
#194=LINE('',#6910,#738);
#195=LINE('',#6912,#739);
#196=LINE('',#6914,#740);
#197=LINE('',#6916,#741);
#198=LINE('',#6918,#742);
#199=LINE('',#6920,#743);
#200=LINE('',#6922,#744);
#201=LINE('',#6924,#745);
#202=LINE('',#6926,#746);
#203=LINE('',#6928,#747);
#204=LINE('',#6930,#748);
#205=LINE('',#6932,#749);
#206=LINE('',#6934,#750);
#207=LINE('',#6936,#751);
#208=LINE('',#6938,#752);
#209=LINE('',#6940,#753);
#210=LINE('',#6942,#754);
#211=LINE('',#6944,#755);
#212=LINE('',#6946,#756);
#213=LINE('',#6948,#757);
#214=LINE('',#6950,#758);
#215=LINE('',#6952,#759);
#216=LINE('',#6954,#760);
#217=LINE('',#6956,#761);
#218=LINE('',#6958,#762);
#219=LINE('',#6960,#763);
#220=LINE('',#6962,#764);
#221=LINE('',#6964,#765);
#222=LINE('',#6966,#766);
#223=LINE('',#6968,#767);
#224=LINE('',#6970,#768);
#225=LINE('',#6972,#769);
#226=LINE('',#6974,#770);
#227=LINE('',#6976,#771);
#228=LINE('',#6978,#772);
#229=LINE('',#6980,#773);
#230=LINE('',#6982,#774);
#231=LINE('',#6984,#775);
#232=LINE('',#6986,#776);
#233=LINE('',#6988,#777);
#234=LINE('',#6990,#778);
#235=LINE('',#6992,#779);
#236=LINE('',#6994,#780);
#237=LINE('',#6996,#781);
#238=LINE('',#6998,#782);
#239=LINE('',#7000,#783);
#240=LINE('',#7002,#784);
#241=LINE('',#7004,#785);
#242=LINE('',#7108,#786);
#243=LINE('',#7113,#787);
#244=LINE('',#7115,#788);
#245=LINE('',#7117,#789);
#246=LINE('',#7119,#790);
#247=LINE('',#7121,#791);
#248=LINE('',#7123,#792);
#249=LINE('',#7125,#793);
#250=LINE('',#7127,#794);
#251=LINE('',#7129,#795);
#252=LINE('',#7131,#796);
#253=LINE('',#7133,#797);
#254=LINE('',#7135,#798);
#255=LINE('',#7137,#799);
#256=LINE('',#7139,#800);
#257=LINE('',#7141,#801);
#258=LINE('',#7143,#802);
#259=LINE('',#7145,#803);
#260=LINE('',#7147,#804);
#261=LINE('',#7149,#805);
#262=LINE('',#7151,#806);
#263=LINE('',#7153,#807);
#264=LINE('',#7155,#808);
#265=LINE('',#7157,#809);
#266=LINE('',#7159,#810);
#267=LINE('',#7161,#811);
#268=LINE('',#7163,#812);
#269=LINE('',#7165,#813);
#270=LINE('',#7167,#814);
#271=LINE('',#7169,#815);
#272=LINE('',#7171,#816);
#273=LINE('',#7173,#817);
#274=LINE('',#7175,#818);
#275=LINE('',#7177,#819);
#276=LINE('',#7179,#820);
#277=LINE('',#7181,#821);
#278=LINE('',#7183,#822);
#279=LINE('',#7185,#823);
#280=LINE('',#7187,#824);
#281=LINE('',#7189,#825);
#282=LINE('',#7191,#826);
#283=LINE('',#7193,#827);
#284=LINE('',#7195,#828);
#285=LINE('',#7197,#829);
#286=LINE('',#7199,#830);
#287=LINE('',#7201,#831);
#288=LINE('',#7203,#832);
#289=LINE('',#7205,#833);
#290=LINE('',#7207,#834);
#291=LINE('',#7209,#835);
#292=LINE('',#7211,#836);
#293=LINE('',#7213,#837);
#294=LINE('',#7215,#838);
#295=LINE('',#7217,#839);
#296=LINE('',#7219,#840);
#297=LINE('',#7221,#841);
#298=LINE('',#7223,#842);
#299=LINE('',#7225,#843);
#300=LINE('',#7227,#844);
#301=LINE('',#7229,#845);
#302=LINE('',#7231,#846);
#303=LINE('',#7233,#847);
#304=LINE('',#7235,#848);
#305=LINE('',#7237,#849);
#306=LINE('',#7239,#850);
#307=LINE('',#7241,#851);
#308=LINE('',#7243,#852);
#309=LINE('',#7245,#853);
#310=LINE('',#7247,#854);
#311=LINE('',#7249,#855);
#312=LINE('',#7251,#856);
#313=LINE('',#7253,#857);
#314=LINE('',#7255,#858);
#315=LINE('',#7257,#859);
#316=LINE('',#7259,#860);
#317=LINE('',#7261,#861);
#318=LINE('',#7263,#862);
#319=LINE('',#7265,#863);
#320=LINE('',#7267,#864);
#321=LINE('',#7269,#865);
#322=LINE('',#7271,#866);
#323=LINE('',#7273,#867);
#324=LINE('',#7275,#868);
#325=LINE('',#7277,#869);
#326=LINE('',#7279,#870);
#327=LINE('',#7281,#871);
#328=LINE('',#7283,#872);
#329=LINE('',#7285,#873);
#330=LINE('',#7287,#874);
#331=LINE('',#7289,#875);
#332=LINE('',#7291,#876);
#333=LINE('',#7293,#877);
#334=LINE('',#7295,#878);
#335=LINE('',#7297,#879);
#336=LINE('',#7299,#880);
#337=LINE('',#7301,#881);
#338=LINE('',#7303,#882);
#339=LINE('',#7305,#883);
#340=LINE('',#7307,#884);
#341=LINE('',#7309,#885);
#342=LINE('',#7311,#886);
#343=LINE('',#7313,#887);
#344=LINE('',#7315,#888);
#345=LINE('',#7317,#889);
#346=LINE('',#7319,#890);
#347=LINE('',#7321,#891);
#348=LINE('',#7323,#892);
#349=LINE('',#7325,#893);
#350=LINE('',#7327,#894);
#351=LINE('',#7329,#895);
#352=LINE('',#7331,#896);
#353=LINE('',#7333,#897);
#354=LINE('',#7335,#898);
#355=LINE('',#7337,#899);
#356=LINE('',#7339,#900);
#357=LINE('',#7341,#901);
#358=LINE('',#7343,#902);
#359=LINE('',#7345,#903);
#360=LINE('',#7347,#904);
#361=LINE('',#7349,#905);
#362=LINE('',#7351,#906);
#363=LINE('',#7353,#907);
#364=LINE('',#7355,#908);
#365=LINE('',#7357,#909);
#366=LINE('',#7359,#910);
#367=LINE('',#7361,#911);
#368=LINE('',#7363,#912);
#369=LINE('',#7365,#913);
#370=LINE('',#7367,#914);
#371=LINE('',#7369,#915);
#372=LINE('',#7371,#916);
#373=LINE('',#7373,#917);
#374=LINE('',#7375,#918);
#375=LINE('',#7377,#919);
#376=LINE('',#7379,#920);
#377=LINE('',#7381,#921);
#378=LINE('',#7383,#922);
#379=LINE('',#7385,#923);
#380=LINE('',#7387,#924);
#381=LINE('',#7389,#925);
#382=LINE('',#7391,#926);
#383=LINE('',#7393,#927);
#384=LINE('',#7395,#928);
#385=LINE('',#7397,#929);
#386=LINE('',#7399,#930);
#387=LINE('',#7401,#931);
#388=LINE('',#7403,#932);
#389=LINE('',#7405,#933);
#390=LINE('',#7407,#934);
#391=LINE('',#7409,#935);
#392=LINE('',#7411,#936);
#393=LINE('',#7413,#937);
#394=LINE('',#7415,#938);
#395=LINE('',#7417,#939);
#396=LINE('',#7419,#940);
#397=LINE('',#7421,#941);
#398=LINE('',#7423,#942);
#399=LINE('',#7425,#943);
#400=LINE('',#7427,#944);
#401=LINE('',#7429,#945);
#402=LINE('',#7431,#946);
#403=LINE('',#7433,#947);
#404=LINE('',#7435,#948);
#405=LINE('',#7437,#949);
#406=LINE('',#7439,#950);
#407=LINE('',#7441,#951);
#408=LINE('',#7443,#952);
#409=LINE('',#7445,#953);
#410=LINE('',#7447,#954);
#411=LINE('',#7449,#955);
#412=LINE('',#7451,#956);
#413=LINE('',#7453,#957);
#414=LINE('',#7455,#958);
#415=LINE('',#7457,#959);
#416=LINE('',#7459,#960);
#417=LINE('',#7461,#961);
#418=LINE('',#7463,#962);
#419=LINE('',#7465,#963);
#420=LINE('',#7467,#964);
#421=LINE('',#7469,#965);
#422=LINE('',#7471,#966);
#423=LINE('',#7487,#967);
#424=LINE('',#7488,#968);
#425=LINE('',#7490,#969);
#426=LINE('',#7491,#970);
#427=LINE('',#7531,#971);
#428=LINE('',#7533,#972);
#429=LINE('',#7535,#973);
#430=LINE('',#7537,#974);
#431=LINE('',#7539,#975);
#432=LINE('',#7541,#976);
#433=LINE('',#7543,#977);
#434=LINE('',#7545,#978);
#435=LINE('',#7547,#979);
#436=LINE('',#7549,#980);
#437=LINE('',#7551,#981);
#438=LINE('',#7553,#982);
#439=LINE('',#7555,#983);
#440=LINE('',#7557,#984);
#441=LINE('',#7559,#985);
#442=LINE('',#7561,#986);
#443=LINE('',#7563,#987);
#444=LINE('',#7565,#988);
#445=LINE('',#7567,#989);
#446=LINE('',#7569,#990);
#447=LINE('',#7571,#991);
#448=LINE('',#7573,#992);
#449=LINE('',#7575,#993);
#450=LINE('',#7577,#994);
#451=LINE('',#7579,#995);
#452=LINE('',#7581,#996);
#453=LINE('',#7583,#997);
#454=LINE('',#7585,#998);
#455=LINE('',#7587,#999);
#456=LINE('',#7589,#1000);
#457=LINE('',#7591,#1001);
#458=LINE('',#7593,#1002);
#459=LINE('',#7595,#1003);
#460=LINE('',#7597,#1004);
#461=LINE('',#7599,#1005);
#462=LINE('',#7601,#1006);
#463=LINE('',#7603,#1007);
#464=LINE('',#7605,#1008);
#465=LINE('',#7607,#1009);
#466=LINE('',#7609,#1010);
#467=LINE('',#7611,#1011);
#468=LINE('',#7613,#1012);
#469=LINE('',#7615,#1013);
#470=LINE('',#7617,#1014);
#471=LINE('',#7619,#1015);
#472=LINE('',#7621,#1016);
#473=LINE('',#7623,#1017);
#474=LINE('',#7625,#1018);
#475=LINE('',#7627,#1019);
#476=LINE('',#7629,#1020);
#477=LINE('',#7631,#1021);
#478=LINE('',#7633,#1022);
#479=LINE('',#7635,#1023);
#480=LINE('',#7637,#1024);
#481=LINE('',#7639,#1025);
#482=LINE('',#7641,#1026);
#483=LINE('',#7643,#1027);
#484=LINE('',#7645,#1028);
#485=LINE('',#7647,#1029);
#486=LINE('',#7649,#1030);
#487=LINE('',#7651,#1031);
#488=LINE('',#7653,#1032);
#489=LINE('',#7655,#1033);
#490=LINE('',#7657,#1034);
#491=LINE('',#7659,#1035);
#492=LINE('',#7661,#1036);
#493=LINE('',#7663,#1037);
#494=LINE('',#7665,#1038);
#495=LINE('',#7667,#1039);
#496=LINE('',#7669,#1040);
#497=LINE('',#7671,#1041);
#498=LINE('',#7673,#1042);
#499=LINE('',#7675,#1043);
#500=LINE('',#7677,#1044);
#501=LINE('',#7679,#1045);
#502=LINE('',#7681,#1046);
#503=LINE('',#7683,#1047);
#504=LINE('',#7685,#1048);
#505=LINE('',#7687,#1049);
#506=LINE('',#7689,#1050);
#507=LINE('',#7691,#1051);
#508=LINE('',#7693,#1052);
#509=LINE('',#7695,#1053);
#510=LINE('',#7697,#1054);
#511=LINE('',#7699,#1055);
#512=LINE('',#7701,#1056);
#513=LINE('',#7703,#1057);
#514=LINE('',#7705,#1058);
#515=LINE('',#7707,#1059);
#516=LINE('',#7709,#1060);
#517=LINE('',#7711,#1061);
#518=LINE('',#7713,#1062);
#519=LINE('',#7715,#1063);
#520=LINE('',#7717,#1064);
#521=LINE('',#7719,#1065);
#522=LINE('',#7721,#1066);
#523=LINE('',#7723,#1067);
#524=LINE('',#7725,#1068);
#525=LINE('',#7727,#1069);
#526=LINE('',#7729,#1070);
#527=LINE('',#7731,#1071);
#528=LINE('',#7733,#1072);
#529=LINE('',#7735,#1073);
#530=LINE('',#7737,#1074);
#531=LINE('',#7739,#1075);
#532=LINE('',#7741,#1076);
#533=LINE('',#7743,#1077);
#534=LINE('',#7745,#1078);
#535=LINE('',#7747,#1079);
#536=LINE('',#7749,#1080);
#537=LINE('',#7751,#1081);
#538=LINE('',#7753,#1082);
#539=LINE('',#7755,#1083);
#540=LINE('',#7757,#1084);
#541=LINE('',#7759,#1085);
#542=LINE('',#7761,#1086);
#543=LINE('',#7763,#1087);
#544=LINE('',#7765,#1088);
#545=LINE('',#7767,#1089);
#546=LINE('',#7769,#1090);
#547=LINE('',#7771,#1091);
#548=LINE('',#7773,#1092);
#549=LINE('',#7775,#1093);
#550=LINE('',#7777,#1094);
#551=LINE('',#7779,#1095);
#552=LINE('',#7781,#1096);
#553=LINE('',#7783,#1097);
#554=LINE('',#7785,#1098);
#555=LINE('',#7787,#1099);
#556=LINE('',#7789,#1100);
#557=LINE('',#7791,#1101);
#558=LINE('',#7793,#1102);
#559=LINE('',#7795,#1103);
#560=LINE('',#7797,#1104);
#561=LINE('',#7799,#1105);
#562=LINE('',#7801,#1106);
#563=LINE('',#7803,#1107);
#564=LINE('',#7805,#1108);
#565=LINE('',#7807,#1109);
#566=LINE('',#7809,#1110);
#567=LINE('',#7811,#1111);
#568=LINE('',#7813,#1112);
#569=LINE('',#7815,#1113);
#570=LINE('',#7817,#1114);
#571=LINE('',#7819,#1115);
#572=LINE('',#7821,#1116);
#573=LINE('',#7823,#1117);
#574=LINE('',#7825,#1118);
#575=LINE('',#7827,#1119);
#576=LINE('',#7829,#1120);
#577=LINE('',#7831,#1121);
#578=LINE('',#7833,#1122);
#579=LINE('',#7835,#1123);
#580=LINE('',#7837,#1124);
#581=LINE('',#7839,#1125);
#582=LINE('',#7841,#1126);
#583=LINE('',#7843,#1127);
#584=LINE('',#7845,#1128);
#585=LINE('',#7847,#1129);
#586=LINE('',#7849,#1130);
#587=LINE('',#7851,#1131);
#588=LINE('',#7853,#1132);
#589=LINE('',#7855,#1133);
#590=LINE('',#7857,#1134);
#591=LINE('',#7859,#1135);
#592=LINE('',#7861,#1136);
#593=LINE('',#7863,#1137);
#594=LINE('',#7865,#1138);
#595=LINE('',#7867,#1139);
#596=LINE('',#7869,#1140);
#597=LINE('',#7871,#1141);
#598=LINE('',#7873,#1142);
#599=LINE('',#7875,#1143);
#600=LINE('',#7877,#1144);
#601=LINE('',#7879,#1145);
#602=LINE('',#7881,#1146);
#603=LINE('',#7883,#1147);
#604=LINE('',#7885,#1148);
#605=VECTOR('',#5329,1.);
#606=VECTOR('',#5330,1.);
#607=VECTOR('',#5331,1.);
#608=VECTOR('',#5332,1.);
#609=VECTOR('',#5333,1.);
#610=VECTOR('',#5334,1.);
#611=VECTOR('',#5335,1.);
#612=VECTOR('',#5336,1.);
#613=VECTOR('',#5337,1.);
#614=VECTOR('',#5338,1.);
#615=VECTOR('',#5339,1.);
#616=VECTOR('',#5340,1.);
#617=VECTOR('',#5341,1.);
#618=VECTOR('',#5342,1.);
#619=VECTOR('',#5343,1.);
#620=VECTOR('',#5344,1.);
#621=VECTOR('',#5345,1.);
#622=VECTOR('',#5346,1.);
#623=VECTOR('',#5347,1.);
#624=VECTOR('',#5348,1.);
#625=VECTOR('',#5349,1.);
#626=VECTOR('',#5350,1.);
#627=VECTOR('',#5351,1.);
#628=VECTOR('',#5352,1.);
#629=VECTOR('',#5353,1.);
#630=VECTOR('',#5354,1.);
#631=VECTOR('',#5355,1.);
#632=VECTOR('',#5356,1.);
#633=VECTOR('',#5357,1.);
#634=VECTOR('',#5358,1.);
#635=VECTOR('',#5359,1.);
#636=VECTOR('',#5360,1.);
#637=VECTOR('',#5361,1.);
#638=VECTOR('',#5362,1.);
#639=VECTOR('',#5363,1.);
#640=VECTOR('',#5364,1.);
#641=VECTOR('',#5365,1.);
#642=VECTOR('',#5366,1.);
#643=VECTOR('',#5367,1.);
#644=VECTOR('',#5368,1.);
#645=VECTOR('',#5369,1.);
#646=VECTOR('',#5370,1.);
#647=VECTOR('',#5371,1.);
#648=VECTOR('',#5372,1.);
#649=VECTOR('',#5373,1.);
#650=VECTOR('',#5374,1.);
#651=VECTOR('',#5375,1.);
#652=VECTOR('',#5376,1.);
#653=VECTOR('',#5377,1.);
#654=VECTOR('',#5378,1.);
#655=VECTOR('',#5379,1.);
#656=VECTOR('',#5380,1.);
#657=VECTOR('',#5381,1.);
#658=VECTOR('',#5382,1.);
#659=VECTOR('',#5383,1.);
#660=VECTOR('',#5384,1.);
#661=VECTOR('',#5385,1.);
#662=VECTOR('',#5386,1.);
#663=VECTOR('',#5387,1.);
#664=VECTOR('',#5388,1.);
#665=VECTOR('',#5389,1.);
#666=VECTOR('',#5390,1.);
#667=VECTOR('',#5391,1.);
#668=VECTOR('',#5392,1.);
#669=VECTOR('',#5393,1.);
#670=VECTOR('',#5394,1.);
#671=VECTOR('',#5395,1.);
#672=VECTOR('',#5396,1.);
#673=VECTOR('',#5397,1.);
#674=VECTOR('',#5398,1.);
#675=VECTOR('',#5399,1.);
#676=VECTOR('',#5400,1.);
#677=VECTOR('',#5401,1.);
#678=VECTOR('',#5402,1.);
#679=VECTOR('',#5403,1.);
#680=VECTOR('',#5404,1.);
#681=VECTOR('',#5405,1.);
#682=VECTOR('',#5406,1.);
#683=VECTOR('',#5407,1.);
#684=VECTOR('',#5408,1.);
#685=VECTOR('',#5409,1.);
#686=VECTOR('',#5410,1.);
#687=VECTOR('',#5411,1.);
#688=VECTOR('',#5412,1.);
#689=VECTOR('',#5413,1.);
#690=VECTOR('',#5414,1.);
#691=VECTOR('',#5415,1.);
#692=VECTOR('',#5416,1.);
#693=VECTOR('',#5417,1.);
#694=VECTOR('',#5418,1.);
#695=VECTOR('',#5419,1.);
#696=VECTOR('',#5420,1.);
#697=VECTOR('',#5421,1.);
#698=VECTOR('',#5422,1.);
#699=VECTOR('',#5423,1.);
#700=VECTOR('',#5424,1.);
#701=VECTOR('',#5425,1.);
#702=VECTOR('',#5426,1.);
#703=VECTOR('',#5427,1.);
#704=VECTOR('',#5428,1.);
#705=VECTOR('',#5429,1.);
#706=VECTOR('',#5430,1.);
#707=VECTOR('',#5431,1.);
#708=VECTOR('',#5432,1.);
#709=VECTOR('',#5433,1.);
#710=VECTOR('',#5434,1.);
#711=VECTOR('',#5435,1.);
#712=VECTOR('',#5436,1.);
#713=VECTOR('',#5437,1.);
#714=VECTOR('',#5438,1.);
#715=VECTOR('',#5439,1.);
#716=VECTOR('',#5440,1.);
#717=VECTOR('',#5441,1.);
#718=VECTOR('',#5442,1.);
#719=VECTOR('',#5443,1.);
#720=VECTOR('',#5444,1.);
#721=VECTOR('',#5445,1.);
#722=VECTOR('',#5446,1.);
#723=VECTOR('',#5447,1.);
#724=VECTOR('',#5448,1.);
#725=VECTOR('',#5449,1.);
#726=VECTOR('',#5450,1.);
#727=VECTOR('',#5451,1.);
#728=VECTOR('',#5452,1.);
#729=VECTOR('',#5453,1.);
#730=VECTOR('',#5454,1.);
#731=VECTOR('',#5455,1.);
#732=VECTOR('',#5456,1.);
#733=VECTOR('',#5457,1.);
#734=VECTOR('',#5458,1.);
#735=VECTOR('',#5459,1.);
#736=VECTOR('',#5460,1.);
#737=VECTOR('',#5461,1.);
#738=VECTOR('',#5462,1.);
#739=VECTOR('',#5463,1.);
#740=VECTOR('',#5464,1.);
#741=VECTOR('',#5465,1.);
#742=VECTOR('',#5466,1.);
#743=VECTOR('',#5467,1.);
#744=VECTOR('',#5468,1.);
#745=VECTOR('',#5469,1.);
#746=VECTOR('',#5470,1.);
#747=VECTOR('',#5471,1.);
#748=VECTOR('',#5472,1.);
#749=VECTOR('',#5473,1.);
#750=VECTOR('',#5474,1.);
#751=VECTOR('',#5475,1.);
#752=VECTOR('',#5476,1.);
#753=VECTOR('',#5477,1.);
#754=VECTOR('',#5478,1.);
#755=VECTOR('',#5479,1.);
#756=VECTOR('',#5480,1.);
#757=VECTOR('',#5481,1.);
#758=VECTOR('',#5482,1.);
#759=VECTOR('',#5483,1.);
#760=VECTOR('',#5484,1.);
#761=VECTOR('',#5485,1.);
#762=VECTOR('',#5486,1.);
#763=VECTOR('',#5487,1.);
#764=VECTOR('',#5488,1.);
#765=VECTOR('',#5489,1.);
#766=VECTOR('',#5490,1.);
#767=VECTOR('',#5491,1.);
#768=VECTOR('',#5492,1.);
#769=VECTOR('',#5493,1.);
#770=VECTOR('',#5494,1.);
#771=VECTOR('',#5495,1.);
#772=VECTOR('',#5496,1.);
#773=VECTOR('',#5497,1.);
#774=VECTOR('',#5498,1.);
#775=VECTOR('',#5499,1.);
#776=VECTOR('',#5500,1.);
#777=VECTOR('',#5501,1.);
#778=VECTOR('',#5502,1.);
#779=VECTOR('',#5503,1.);
#780=VECTOR('',#5504,1.);
#781=VECTOR('',#5505,1.);
#782=VECTOR('',#5506,1.);
#783=VECTOR('',#5507,1.);
#784=VECTOR('',#5508,1.);
#785=VECTOR('',#5509,1.);
#786=VECTOR('',#5614,1.);
#787=VECTOR('',#5617,1.);
#788=VECTOR('',#5618,1.);
#789=VECTOR('',#5619,1.);
#790=VECTOR('',#5620,1.);
#791=VECTOR('',#5621,1.);
#792=VECTOR('',#5622,1.);
#793=VECTOR('',#5623,1.);
#794=VECTOR('',#5624,1.);
#795=VECTOR('',#5625,1.);
#796=VECTOR('',#5626,1.);
#797=VECTOR('',#5627,1.);
#798=VECTOR('',#5628,1.);
#799=VECTOR('',#5629,1.);
#800=VECTOR('',#5630,1.);
#801=VECTOR('',#5631,1.);
#802=VECTOR('',#5632,1.);
#803=VECTOR('',#5633,1.);
#804=VECTOR('',#5634,1.);
#805=VECTOR('',#5635,1.);
#806=VECTOR('',#5636,1.);
#807=VECTOR('',#5637,1.);
#808=VECTOR('',#5638,1.);
#809=VECTOR('',#5639,1.);
#810=VECTOR('',#5640,1.);
#811=VECTOR('',#5641,1.);
#812=VECTOR('',#5642,1.);
#813=VECTOR('',#5643,1.);
#814=VECTOR('',#5644,1.);
#815=VECTOR('',#5645,1.);
#816=VECTOR('',#5646,1.);
#817=VECTOR('',#5647,1.);
#818=VECTOR('',#5648,1.);
#819=VECTOR('',#5649,1.);
#820=VECTOR('',#5650,1.);
#821=VECTOR('',#5651,1.);
#822=VECTOR('',#5652,1.);
#823=VECTOR('',#5653,1.);
#824=VECTOR('',#5654,1.);
#825=VECTOR('',#5655,1.);
#826=VECTOR('',#5656,1.);
#827=VECTOR('',#5657,1.);
#828=VECTOR('',#5658,1.);
#829=VECTOR('',#5659,1.);
#830=VECTOR('',#5660,1.);
#831=VECTOR('',#5661,1.);
#832=VECTOR('',#5662,1.);
#833=VECTOR('',#5663,1.);
#834=VECTOR('',#5664,1.);
#835=VECTOR('',#5665,1.);
#836=VECTOR('',#5666,1.);
#837=VECTOR('',#5667,1.);
#838=VECTOR('',#5668,1.);
#839=VECTOR('',#5669,1.);
#840=VECTOR('',#5670,1.);
#841=VECTOR('',#5671,1.);
#842=VECTOR('',#5672,1.);
#843=VECTOR('',#5673,1.);
#844=VECTOR('',#5674,1.);
#845=VECTOR('',#5675,1.);
#846=VECTOR('',#5676,1.);
#847=VECTOR('',#5677,1.);
#848=VECTOR('',#5678,1.);
#849=VECTOR('',#5679,1.);
#850=VECTOR('',#5680,1.);
#851=VECTOR('',#5681,1.);
#852=VECTOR('',#5682,1.);
#853=VECTOR('',#5683,1.);
#854=VECTOR('',#5684,1.);
#855=VECTOR('',#5685,1.);
#856=VECTOR('',#5686,1.);
#857=VECTOR('',#5687,1.);
#858=VECTOR('',#5688,1.);
#859=VECTOR('',#5689,1.);
#860=VECTOR('',#5690,1.);
#861=VECTOR('',#5691,1.);
#862=VECTOR('',#5692,1.);
#863=VECTOR('',#5693,1.);
#864=VECTOR('',#5694,1.);
#865=VECTOR('',#5695,1.);
#866=VECTOR('',#5696,1.);
#867=VECTOR('',#5697,1.);
#868=VECTOR('',#5698,1.);
#869=VECTOR('',#5699,1.);
#870=VECTOR('',#5700,1.);
#871=VECTOR('',#5701,1.);
#872=VECTOR('',#5702,1.);
#873=VECTOR('',#5703,1.);
#874=VECTOR('',#5704,1.);
#875=VECTOR('',#5705,1.);
#876=VECTOR('',#5706,1.);
#877=VECTOR('',#5707,1.);
#878=VECTOR('',#5708,1.);
#879=VECTOR('',#5709,1.);
#880=VECTOR('',#5710,1.);
#881=VECTOR('',#5711,1.);
#882=VECTOR('',#5712,1.);
#883=VECTOR('',#5713,1.);
#884=VECTOR('',#5714,1.);
#885=VECTOR('',#5715,1.);
#886=VECTOR('',#5716,1.);
#887=VECTOR('',#5717,1.);
#888=VECTOR('',#5718,1.);
#889=VECTOR('',#5719,1.);
#890=VECTOR('',#5720,1.);
#891=VECTOR('',#5721,1.);
#892=VECTOR('',#5722,1.);
#893=VECTOR('',#5723,1.);
#894=VECTOR('',#5724,1.);
#895=VECTOR('',#5725,1.);
#896=VECTOR('',#5726,1.);
#897=VECTOR('',#5727,1.);
#898=VECTOR('',#5728,1.);
#899=VECTOR('',#5729,1.);
#900=VECTOR('',#5730,1.);
#901=VECTOR('',#5731,1.);
#902=VECTOR('',#5732,1.);
#903=VECTOR('',#5733,1.);
#904=VECTOR('',#5734,1.);
#905=VECTOR('',#5735,1.);
#906=VECTOR('',#5736,1.);
#907=VECTOR('',#5737,1.);
#908=VECTOR('',#5738,1.);
#909=VECTOR('',#5739,1.);
#910=VECTOR('',#5740,1.);
#911=VECTOR('',#5741,1.);
#912=VECTOR('',#5742,1.);
#913=VECTOR('',#5743,1.);
#914=VECTOR('',#5744,1.);
#915=VECTOR('',#5745,1.);
#916=VECTOR('',#5746,1.);
#917=VECTOR('',#5747,1.);
#918=VECTOR('',#5748,1.);
#919=VECTOR('',#5749,1.);
#920=VECTOR('',#5750,1.);
#921=VECTOR('',#5751,1.);
#922=VECTOR('',#5752,1.);
#923=VECTOR('',#5753,1.);
#924=VECTOR('',#5754,1.);
#925=VECTOR('',#5755,1.);
#926=VECTOR('',#5756,1.);
#927=VECTOR('',#5757,1.);
#928=VECTOR('',#5758,1.);
#929=VECTOR('',#5759,1.);
#930=VECTOR('',#5760,1.);
#931=VECTOR('',#5761,1.);
#932=VECTOR('',#5762,1.);
#933=VECTOR('',#5763,1.);
#934=VECTOR('',#5764,1.);
#935=VECTOR('',#5765,1.);
#936=VECTOR('',#5766,1.);
#937=VECTOR('',#5767,1.);
#938=VECTOR('',#5768,1.);
#939=VECTOR('',#5769,1.);
#940=VECTOR('',#5770,1.);
#941=VECTOR('',#5771,1.);
#942=VECTOR('',#5772,1.);
#943=VECTOR('',#5773,1.);
#944=VECTOR('',#5774,1.);
#945=VECTOR('',#5775,1.);
#946=VECTOR('',#5776,1.);
#947=VECTOR('',#5777,1.);
#948=VECTOR('',#5778,1.);
#949=VECTOR('',#5779,1.);
#950=VECTOR('',#5780,1.);
#951=VECTOR('',#5781,1.);
#952=VECTOR('',#5782,1.);
#953=VECTOR('',#5783,1.);
#954=VECTOR('',#5784,1.);
#955=VECTOR('',#5785,1.);
#956=VECTOR('',#5786,1.);
#957=VECTOR('',#5787,1.);
#958=VECTOR('',#5788,1.);
#959=VECTOR('',#5789,1.);
#960=VECTOR('',#5790,1.);
#961=VECTOR('',#5791,1.);
#962=VECTOR('',#5792,1.);
#963=VECTOR('',#5793,1.);
#964=VECTOR('',#5794,1.);
#965=VECTOR('',#5795,1.);
#966=VECTOR('',#5796,1.);
#967=VECTOR('',#5813,1.);
#968=VECTOR('',#5814,1.);
#969=VECTOR('',#5817,1.);
#970=VECTOR('',#5818,1.);
#971=VECTOR('',#5821,1.);
#972=VECTOR('',#5824,1.);
#973=VECTOR('',#5827,1.);
#974=VECTOR('',#5830,1.);
#975=VECTOR('',#5833,1.);
#976=VECTOR('',#5836,1.);
#977=VECTOR('',#5839,1.);
#978=VECTOR('',#5842,1.);
#979=VECTOR('',#5845,1.);
#980=VECTOR('',#5848,1.);
#981=VECTOR('',#5851,1.);
#982=VECTOR('',#5854,1.);
#983=VECTOR('',#5857,1.);
#984=VECTOR('',#5860,1.);
#985=VECTOR('',#5863,1.);
#986=VECTOR('',#5866,1.);
#987=VECTOR('',#5869,1.);
#988=VECTOR('',#5872,1.);
#989=VECTOR('',#5875,1.);
#990=VECTOR('',#5878,1.);
#991=VECTOR('',#5881,1.);
#992=VECTOR('',#5884,1.);
#993=VECTOR('',#5887,1.);
#994=VECTOR('',#5890,1.);
#995=VECTOR('',#5893,1.);
#996=VECTOR('',#5896,1.);
#997=VECTOR('',#5899,1.);
#998=VECTOR('',#5902,1.);
#999=VECTOR('',#5905,1.);
#1000=VECTOR('',#5908,1.);
#1001=VECTOR('',#5911,1.);
#1002=VECTOR('',#5914,1.);
#1003=VECTOR('',#5917,1.);
#1004=VECTOR('',#5920,1.);
#1005=VECTOR('',#5923,1.);
#1006=VECTOR('',#5926,1.);
#1007=VECTOR('',#5929,1.);
#1008=VECTOR('',#5932,1.);
#1009=VECTOR('',#5935,1.);
#1010=VECTOR('',#5938,1.);
#1011=VECTOR('',#5941,1.);
#1012=VECTOR('',#5944,1.);
#1013=VECTOR('',#5947,1.);
#1014=VECTOR('',#5950,1.);
#1015=VECTOR('',#5953,1.);
#1016=VECTOR('',#5956,1.);
#1017=VECTOR('',#5959,1.);
#1018=VECTOR('',#5962,1.);
#1019=VECTOR('',#5965,1.);
#1020=VECTOR('',#5968,1.);
#1021=VECTOR('',#5971,1.);
#1022=VECTOR('',#5974,1.);
#1023=VECTOR('',#5977,1.);
#1024=VECTOR('',#5980,1.);
#1025=VECTOR('',#5983,1.);
#1026=VECTOR('',#5986,1.);
#1027=VECTOR('',#5989,1.);
#1028=VECTOR('',#5992,1.);
#1029=VECTOR('',#5995,1.);
#1030=VECTOR('',#5998,1.);
#1031=VECTOR('',#6001,1.);
#1032=VECTOR('',#6004,1.);
#1033=VECTOR('',#6007,1.);
#1034=VECTOR('',#6010,1.);
#1035=VECTOR('',#6013,1.);
#1036=VECTOR('',#6016,1.);
#1037=VECTOR('',#6019,1.);
#1038=VECTOR('',#6022,1.);
#1039=VECTOR('',#6025,1.);
#1040=VECTOR('',#6028,1.);
#1041=VECTOR('',#6031,1.);
#1042=VECTOR('',#6034,1.);
#1043=VECTOR('',#6037,1.);
#1044=VECTOR('',#6040,1.);
#1045=VECTOR('',#6043,1.);
#1046=VECTOR('',#6046,1.);
#1047=VECTOR('',#6049,1.);
#1048=VECTOR('',#6052,1.);
#1049=VECTOR('',#6055,1.);
#1050=VECTOR('',#6058,1.);
#1051=VECTOR('',#6061,1.);
#1052=VECTOR('',#6064,1.);
#1053=VECTOR('',#6067,1.);
#1054=VECTOR('',#6070,1.);
#1055=VECTOR('',#6073,1.);
#1056=VECTOR('',#6076,1.);
#1057=VECTOR('',#6079,1.);
#1058=VECTOR('',#6082,1.);
#1059=VECTOR('',#6085,1.);
#1060=VECTOR('',#6088,1.);
#1061=VECTOR('',#6091,1.);
#1062=VECTOR('',#6094,1.);
#1063=VECTOR('',#6097,1.);
#1064=VECTOR('',#6100,1.);
#1065=VECTOR('',#6103,1.);
#1066=VECTOR('',#6106,1.);
#1067=VECTOR('',#6109,1.);
#1068=VECTOR('',#6112,1.);
#1069=VECTOR('',#6115,1.);
#1070=VECTOR('',#6118,1.);
#1071=VECTOR('',#6121,1.);
#1072=VECTOR('',#6124,1.);
#1073=VECTOR('',#6127,1.);
#1074=VECTOR('',#6130,1.);
#1075=VECTOR('',#6133,1.);
#1076=VECTOR('',#6136,1.);
#1077=VECTOR('',#6139,1.);
#1078=VECTOR('',#6142,1.);
#1079=VECTOR('',#6145,1.);
#1080=VECTOR('',#6148,1.);
#1081=VECTOR('',#6151,1.);
#1082=VECTOR('',#6154,1.);
#1083=VECTOR('',#6157,1.);
#1084=VECTOR('',#6160,1.);
#1085=VECTOR('',#6163,1.);
#1086=VECTOR('',#6166,1.);
#1087=VECTOR('',#6169,1.);
#1088=VECTOR('',#6172,1.);
#1089=VECTOR('',#6175,1.);
#1090=VECTOR('',#6178,1.);
#1091=VECTOR('',#6181,1.);
#1092=VECTOR('',#6184,1.);
#1093=VECTOR('',#6187,1.);
#1094=VECTOR('',#6190,1.);
#1095=VECTOR('',#6193,1.);
#1096=VECTOR('',#6196,1.);
#1097=VECTOR('',#6199,1.);
#1098=VECTOR('',#6202,1.);
#1099=VECTOR('',#6205,1.);
#1100=VECTOR('',#6208,1.);
#1101=VECTOR('',#6211,1.);
#1102=VECTOR('',#6214,1.);
#1103=VECTOR('',#6217,1.);
#1104=VECTOR('',#6220,1.);
#1105=VECTOR('',#6223,1.);
#1106=VECTOR('',#6226,1.);
#1107=VECTOR('',#6229,1.);
#1108=VECTOR('',#6232,1.);
#1109=VECTOR('',#6235,1.);
#1110=VECTOR('',#6238,1.);
#1111=VECTOR('',#6241,1.);
#1112=VECTOR('',#6244,1.);
#1113=VECTOR('',#6247,1.);
#1114=VECTOR('',#6250,1.);
#1115=VECTOR('',#6253,1.);
#1116=VECTOR('',#6256,1.);
#1117=VECTOR('',#6259,1.);
#1118=VECTOR('',#6262,1.);
#1119=VECTOR('',#6265,1.);
#1120=VECTOR('',#6268,1.);
#1121=VECTOR('',#6271,1.);
#1122=VECTOR('',#6274,1.);
#1123=VECTOR('',#6277,1.);
#1124=VECTOR('',#6280,1.);
#1125=VECTOR('',#6283,1.);
#1126=VECTOR('',#6286,1.);
#1127=VECTOR('',#6289,1.);
#1128=VECTOR('',#6292,1.);
#1129=VECTOR('',#6295,1.);
#1130=VECTOR('',#6298,1.);
#1131=VECTOR('',#6301,1.);
#1132=VECTOR('',#6304,1.);
#1133=VECTOR('',#6307,1.);
#1134=VECTOR('',#6310,1.);
#1135=VECTOR('',#6313,1.);
#1136=VECTOR('',#6316,1.);
#1137=VECTOR('',#6319,1.);
#1138=VECTOR('',#6322,1.);
#1139=VECTOR('',#6325,1.);
#1140=VECTOR('',#6328,1.);
#1141=VECTOR('',#6331,1.);
#1142=VECTOR('',#6334,1.);
#1143=VECTOR('',#6337,1.);
#1144=VECTOR('',#6340,1.);
#1145=VECTOR('',#6343,1.);
#1146=VECTOR('',#6346,1.);
#1147=VECTOR('',#6349,1.);
#1148=VECTOR('',#6352,1.);
#1149=CIRCLE('',#4896,0.0025525);
#1150=CIRCLE('',#4897,0.0025525);
#1151=CIRCLE('',#4898,0.0025525);
#1152=CIRCLE('',#4899,0.0025525);
#1153=CIRCLE('',#4900,0.0025527);
#1154=CIRCLE('',#4901,0.0025527);
#1155=CIRCLE('',#4902,0.0025527);
#1156=CIRCLE('',#4903,0.0025527);
#1157=CIRCLE('',#4904,0.0025527);
#1158=CIRCLE('',#4905,0.0025527);
#1159=CIRCLE('',#4906,0.0025527);
#1160=CIRCLE('',#4907,0.0025527);
#1161=CIRCLE('',#4908,0.0025527);
#1162=CIRCLE('',#4909,0.0025527);
#1163=CIRCLE('',#4910,0.0025527);
#1164=CIRCLE('',#4911,0.0025527);
#1165=CIRCLE('',#4912,0.0025527);
#1166=CIRCLE('',#4913,0.0025527);
#1167=CIRCLE('',#4914,0.0025527);
#1168=CIRCLE('',#4915,0.0025527);
#1169=CIRCLE('',#4916,0.0025527);
#1170=CIRCLE('',#4917,0.0025527);
#1171=CIRCLE('',#4918,0.0025527);
#1172=CIRCLE('',#4919,0.0025527);
#1173=CIRCLE('',#4920,0.0025527);
#1174=CIRCLE('',#4921,0.0025527);
#1175=CIRCLE('',#4922,0.0025527);
#1176=CIRCLE('',#4923,0.0025527);
#1177=CIRCLE('',#4924,0.0025527);
#1178=CIRCLE('',#4925,0.0025527);
#1179=CIRCLE('',#4926,0.0025527);
#1180=CIRCLE('',#4927,0.0025527);
#1181=CIRCLE('',#4928,0.0025527);
#1182=CIRCLE('',#4929,0.0025527);
#1183=CIRCLE('',#4930,0.0025527);
#1184=CIRCLE('',#4931,0.0025527);
#1185=CIRCLE('',#4932,0.0025527);
#1186=CIRCLE('',#4933,0.0025527);
#1187=CIRCLE('',#4934,0.0025527);
#1188=CIRCLE('',#4935,0.0025527);
#1189=CIRCLE('',#4936,0.0025527);
#1190=CIRCLE('',#4937,0.0025527);
#1191=CIRCLE('',#4938,0.0025527);
#1192=CIRCLE('',#4939,0.0025527);
#1193=CIRCLE('',#4941,0.002);
#1194=CIRCLE('',#4942,0.002);
#1195=CIRCLE('',#4943,0.002);
#1196=CIRCLE('',#4944,0.002);
#1197=CIRCLE('',#4945,0.002);
#1198=CIRCLE('',#4949,0.0025525);
#1199=CIRCLE('',#4950,0.0025525);
#1200=CIRCLE('',#4951,0.0025525);
#1201=CIRCLE('',#4952,0.0025525);
#1202=CIRCLE('',#4953,0.0025527);
#1203=CIRCLE('',#4954,0.0025527);
#1204=CIRCLE('',#4955,0.0025527);
#1205=CIRCLE('',#4956,0.0025527);
#1206=CIRCLE('',#4957,0.0025527);
#1207=CIRCLE('',#4958,0.0025527);
#1208=CIRCLE('',#4959,0.0025527);
#1209=CIRCLE('',#4960,0.0025527);
#1210=CIRCLE('',#4961,0.0025527);
#1211=CIRCLE('',#4962,0.0025527);
#1212=CIRCLE('',#4963,0.0025527);
#1213=CIRCLE('',#4964,0.0025527);
#1214=CIRCLE('',#4965,0.0025527);
#1215=CIRCLE('',#4966,0.0025527);
#1216=CIRCLE('',#4967,0.0025527);
#1217=CIRCLE('',#4968,0.0025527);
#1218=CIRCLE('',#4969,0.0025527);
#1219=CIRCLE('',#4970,0.0025527);
#1220=CIRCLE('',#4971,0.0025527);
#1221=CIRCLE('',#4972,0.0025527);
#1222=CIRCLE('',#4973,0.0025527);
#1223=CIRCLE('',#4974,0.0025527);
#1224=CIRCLE('',#4975,0.0025527);
#1225=CIRCLE('',#4976,0.0025527);
#1226=CIRCLE('',#4977,0.0025527);
#1227=CIRCLE('',#4978,0.0025527);
#1228=CIRCLE('',#4979,0.0025527);
#1229=CIRCLE('',#4980,0.0025527);
#1230=CIRCLE('',#4981,0.0025527);
#1231=CIRCLE('',#4982,0.0025527);
#1232=CIRCLE('',#4983,0.0025527);
#1233=CIRCLE('',#4984,0.0025527);
#1234=CIRCLE('',#4985,0.0025527);
#1235=CIRCLE('',#4986,0.0025527);
#1236=CIRCLE('',#4987,0.0025527);
#1237=CIRCLE('',#4988,0.0025527);
#1238=CIRCLE('',#4989,0.0025527);
#1239=CIRCLE('',#4990,0.0025527);
#1240=CIRCLE('',#4991,0.0025527);
#1241=CIRCLE('',#4992,0.0025527);
#1242=CIRCLE('',#4996,0.002);
#1243=CIRCLE('',#4997,0.002);
#1244=CIRCLE('',#4998,0.002);
#1245=CIRCLE('',#4999,0.002);
#1246=CIRCLE('',#5000,0.002);
#1247=PLANE('',#4895);
#1248=PLANE('',#4948);
#1249=PLANE('',#5001);
#1250=PLANE('',#5002);
#1251=PLANE('',#5003);
#1252=PLANE('',#5004);
#1253=PLANE('',#5005);
#1254=PLANE('',#5006);
#1255=PLANE('',#5007);
#1256=PLANE('',#5008);
#1257=PLANE('',#5009);
#1258=PLANE('',#5010);
#1259=PLANE('',#5011);
#1260=PLANE('',#5012);
#1261=PLANE('',#5013);
#1262=PLANE('',#5014);
#1263=PLANE('',#5015);
#1264=PLANE('',#5016);
#1265=PLANE('',#5017);
#1266=PLANE('',#5018);
#1267=PLANE('',#5019);
#1268=PLANE('',#5020);
#1269=PLANE('',#5021);
#1270=PLANE('',#5022);
#1271=PLANE('',#5023);
#1272=PLANE('',#5024);
#1273=PLANE('',#5025);
#1274=PLANE('',#5026);
#1275=PLANE('',#5027);
#1276=PLANE('',#5028);
#1277=PLANE('',#5029);
#1278=PLANE('',#5030);
#1279=PLANE('',#5031);
#1280=PLANE('',#5032);
#1281=PLANE('',#5033);
#1282=PLANE('',#5034);
#1283=PLANE('',#5035);
#1284=PLANE('',#5036);
#1285=PLANE('',#5037);
#1286=PLANE('',#5038);
#1287=PLANE('',#5039);
#1288=PLANE('',#5040);
#1289=PLANE('',#5041);
#1290=PLANE('',#5042);
#1291=PLANE('',#5043);
#1292=PLANE('',#5044);
#1293=PLANE('',#5045);
#1294=PLANE('',#5046);
#1295=PLANE('',#5047);
#1296=PLANE('',#5048);
#1297=PLANE('',#5049);
#1298=PLANE('',#5050);
#1299=PLANE('',#5051);
#1300=PLANE('',#5052);
#1301=PLANE('',#5053);
#1302=PLANE('',#5054);
#1303=PLANE('',#5055);
#1304=PLANE('',#5056);
#1305=PLANE('',#5057);
#1306=PLANE('',#5058);
#1307=PLANE('',#5059);
#1308=PLANE('',#5060);
#1309=PLANE('',#5061);
#1310=PLANE('',#5062);
#1311=PLANE('',#5063);
#1312=PLANE('',#5064);
#1313=PLANE('',#5065);
#1314=PLANE('',#5066);
#1315=PLANE('',#5067);
#1316=PLANE('',#5068);
#1317=PLANE('',#5069);
#1318=PLANE('',#5070);
#1319=PLANE('',#5071);
#1320=PLANE('',#5072);
#1321=PLANE('',#5073);
#1322=PLANE('',#5074);
#1323=PLANE('',#5075);
#1324=PLANE('',#5076);
#1325=PLANE('',#5077);
#1326=PLANE('',#5078);
#1327=PLANE('',#5079);
#1328=PLANE('',#5080);
#1329=PLANE('',#5081);
#1330=PLANE('',#5082);
#1331=PLANE('',#5083);
#1332=PLANE('',#5084);
#1333=PLANE('',#5085);
#1334=PLANE('',#5086);
#1335=PLANE('',#5087);
#1336=PLANE('',#5088);
#1337=PLANE('',#5089);
#1338=PLANE('',#5090);
#1339=PLANE('',#5091);
#1340=PLANE('',#5092);
#1341=PLANE('',#5093);
#1342=PLANE('',#5094);
#1343=PLANE('',#5095);
#1344=PLANE('',#5096);
#1345=PLANE('',#5097);
#1346=PLANE('',#5098);
#1347=PLANE('',#5099);
#1348=PLANE('',#5100);
#1349=PLANE('',#5101);
#1350=PLANE('',#5102);
#1351=PLANE('',#5103);
#1352=PLANE('',#5104);
#1353=PLANE('',#5105);
#1354=PLANE('',#5106);
#1355=PLANE('',#5107);
#1356=PLANE('',#5108);
#1357=PLANE('',#5109);
#1358=PLANE('',#5110);
#1359=PLANE('',#5111);
#1360=PLANE('',#5112);
#1361=PLANE('',#5113);
#1362=PLANE('',#5114);
#1363=PLANE('',#5115);
#1364=PLANE('',#5116);
#1365=PLANE('',#5117);
#1366=PLANE('',#5118);
#1367=PLANE('',#5119);
#1368=PLANE('',#5120);
#1369=PLANE('',#5121);
#1370=PLANE('',#5122);
#1371=PLANE('',#5123);
#1372=PLANE('',#5124);
#1373=PLANE('',#5125);
#1374=PLANE('',#5126);
#1375=PLANE('',#5127);
#1376=PLANE('',#5128);
#1377=PLANE('',#5129);
#1378=PLANE('',#5130);
#1379=PLANE('',#5131);
#1380=PLANE('',#5132);
#1381=PLANE('',#5133);
#1382=PLANE('',#5134);
#1383=PLANE('',#5135);
#1384=PLANE('',#5136);
#1385=PLANE('',#5137);
#1386=PLANE('',#5138);
#1387=PLANE('',#5139);
#1388=PLANE('',#5140);
#1389=PLANE('',#5141);
#1390=PLANE('',#5142);
#1391=PLANE('',#5143);
#1392=PLANE('',#5144);
#1393=PLANE('',#5145);
#1394=PLANE('',#5146);
#1395=PLANE('',#5147);
#1396=PLANE('',#5148);
#1397=PLANE('',#5149);
#1398=PLANE('',#5150);
#1399=PLANE('',#5151);
#1400=PLANE('',#5152);
#1401=PLANE('',#5153);
#1402=PLANE('',#5154);
#1403=PLANE('',#5155);
#1404=PLANE('',#5156);
#1405=PLANE('',#5157);
#1406=PLANE('',#5158);
#1407=PLANE('',#5159);
#1408=PLANE('',#5160);
#1409=PLANE('',#5161);
#1410=PLANE('',#5162);
#1411=PLANE('',#5163);
#1412=PLANE('',#5164);
#1413=PLANE('',#5165);
#1414=PLANE('',#5166);
#1415=PLANE('',#5167);
#1416=PLANE('',#5168);
#1417=PLANE('',#5169);
#1418=PLANE('',#5170);
#1419=PLANE('',#5171);
#1420=PLANE('',#5172);
#1421=PLANE('',#5173);
#1422=PLANE('',#5174);
#1423=PLANE('',#5175);
#1424=PLANE('',#5176);
#1425=PLANE('',#5177);
#1426=PLANE('',#5178);
#1427=PLANE('',#5179);
#1428=PLANE('',#5180);
#1429=PLANE('',#5181);
#1430=ORIENTED_EDGE('',*,*,#2730,.T.);
#1431=ORIENTED_EDGE('',*,*,#2731,.F.);
#1432=ORIENTED_EDGE('',*,*,#2732,.F.);
#1433=ORIENTED_EDGE('',*,*,#2733,.F.);
#1434=ORIENTED_EDGE('',*,*,#2734,.F.);
#1435=ORIENTED_EDGE('',*,*,#2735,.F.);
#1436=ORIENTED_EDGE('',*,*,#2736,.T.);
#1437=ORIENTED_EDGE('',*,*,#2737,.T.);
#1438=ORIENTED_EDGE('',*,*,#2738,.T.);
#1439=ORIENTED_EDGE('',*,*,#2739,.T.);
#1440=ORIENTED_EDGE('',*,*,#2740,.T.);
#1441=ORIENTED_EDGE('',*,*,#2741,.T.);
#1442=ORIENTED_EDGE('',*,*,#2742,.T.);
#1443=ORIENTED_EDGE('',*,*,#2743,.T.);
#1444=ORIENTED_EDGE('',*,*,#2744,.T.);
#1445=ORIENTED_EDGE('',*,*,#2745,.T.);
#1446=ORIENTED_EDGE('',*,*,#2746,.T.);
#1447=ORIENTED_EDGE('',*,*,#2747,.T.);
#1448=ORIENTED_EDGE('',*,*,#2748,.T.);
#1449=ORIENTED_EDGE('',*,*,#2749,.T.);
#1450=ORIENTED_EDGE('',*,*,#2750,.T.);
#1451=ORIENTED_EDGE('',*,*,#2751,.T.);
#1452=ORIENTED_EDGE('',*,*,#2752,.T.);
#1453=ORIENTED_EDGE('',*,*,#2753,.T.);
#1454=ORIENTED_EDGE('',*,*,#2754,.T.);
#1455=ORIENTED_EDGE('',*,*,#2755,.T.);
#1456=ORIENTED_EDGE('',*,*,#2756,.T.);
#1457=ORIENTED_EDGE('',*,*,#2757,.T.);
#1458=ORIENTED_EDGE('',*,*,#2758,.T.);
#1459=ORIENTED_EDGE('',*,*,#2759,.T.);
#1460=ORIENTED_EDGE('',*,*,#2760,.T.);
#1461=ORIENTED_EDGE('',*,*,#2761,.T.);
#1462=ORIENTED_EDGE('',*,*,#2762,.T.);
#1463=ORIENTED_EDGE('',*,*,#2763,.T.);
#1464=ORIENTED_EDGE('',*,*,#2764,.T.);
#1465=ORIENTED_EDGE('',*,*,#2765,.T.);
#1466=ORIENTED_EDGE('',*,*,#2766,.T.);
#1467=ORIENTED_EDGE('',*,*,#2767,.T.);
#1468=ORIENTED_EDGE('',*,*,#2768,.T.);
#1469=ORIENTED_EDGE('',*,*,#2769,.T.);
#1470=ORIENTED_EDGE('',*,*,#2770,.T.);
#1471=ORIENTED_EDGE('',*,*,#2771,.T.);
#1472=ORIENTED_EDGE('',*,*,#2772,.T.);
#1473=ORIENTED_EDGE('',*,*,#2773,.T.);
#1474=ORIENTED_EDGE('',*,*,#2774,.T.);
#1475=ORIENTED_EDGE('',*,*,#2775,.T.);
#1476=ORIENTED_EDGE('',*,*,#2776,.F.);
#1477=ORIENTED_EDGE('',*,*,#2777,.T.);
#1478=ORIENTED_EDGE('',*,*,#2778,.F.);
#1479=ORIENTED_EDGE('',*,*,#2779,.F.);
#1480=ORIENTED_EDGE('',*,*,#2780,.F.);
#1481=ORIENTED_EDGE('',*,*,#2781,.F.);
#1482=ORIENTED_EDGE('',*,*,#2782,.F.);
#1483=ORIENTED_EDGE('',*,*,#2783,.F.);
#1484=ORIENTED_EDGE('',*,*,#2784,.F.);
#1485=ORIENTED_EDGE('',*,*,#2785,.F.);
#1486=ORIENTED_EDGE('',*,*,#2786,.F.);
#1487=ORIENTED_EDGE('',*,*,#2787,.F.);
#1488=ORIENTED_EDGE('',*,*,#2788,.F.);
#1489=ORIENTED_EDGE('',*,*,#2789,.F.);
#1490=ORIENTED_EDGE('',*,*,#2790,.F.);
#1491=ORIENTED_EDGE('',*,*,#2791,.F.);
#1492=ORIENTED_EDGE('',*,*,#2792,.F.);
#1493=ORIENTED_EDGE('',*,*,#2793,.F.);
#1494=ORIENTED_EDGE('',*,*,#2794,.F.);
#1495=ORIENTED_EDGE('',*,*,#2795,.F.);
#1496=ORIENTED_EDGE('',*,*,#2796,.F.);
#1497=ORIENTED_EDGE('',*,*,#2797,.F.);
#1498=ORIENTED_EDGE('',*,*,#2798,.F.);
#1499=ORIENTED_EDGE('',*,*,#2799,.F.);
#1500=ORIENTED_EDGE('',*,*,#2800,.F.);
#1501=ORIENTED_EDGE('',*,*,#2801,.F.);
#1502=ORIENTED_EDGE('',*,*,#2802,.F.);
#1503=ORIENTED_EDGE('',*,*,#2803,.F.);
#1504=ORIENTED_EDGE('',*,*,#2804,.F.);
#1505=ORIENTED_EDGE('',*,*,#2805,.F.);
#1506=ORIENTED_EDGE('',*,*,#2806,.F.);
#1507=ORIENTED_EDGE('',*,*,#2807,.F.);
#1508=ORIENTED_EDGE('',*,*,#2808,.F.);
#1509=ORIENTED_EDGE('',*,*,#2809,.F.);
#1510=ORIENTED_EDGE('',*,*,#2810,.F.);
#1511=ORIENTED_EDGE('',*,*,#2811,.F.);
#1512=ORIENTED_EDGE('',*,*,#2812,.F.);
#1513=ORIENTED_EDGE('',*,*,#2813,.F.);
#1514=ORIENTED_EDGE('',*,*,#2814,.F.);
#1515=ORIENTED_EDGE('',*,*,#2815,.F.);
#1516=ORIENTED_EDGE('',*,*,#2816,.F.);
#1517=ORIENTED_EDGE('',*,*,#2817,.F.);
#1518=ORIENTED_EDGE('',*,*,#2818,.F.);
#1519=ORIENTED_EDGE('',*,*,#2819,.F.);
#1520=ORIENTED_EDGE('',*,*,#2820,.F.);
#1521=ORIENTED_EDGE('',*,*,#2821,.F.);
#1522=ORIENTED_EDGE('',*,*,#2822,.F.);
#1523=ORIENTED_EDGE('',*,*,#2823,.F.);
#1524=ORIENTED_EDGE('',*,*,#2824,.F.);
#1525=ORIENTED_EDGE('',*,*,#2825,.F.);
#1526=ORIENTED_EDGE('',*,*,#2826,.F.);
#1527=ORIENTED_EDGE('',*,*,#2827,.F.);
#1528=ORIENTED_EDGE('',*,*,#2828,.F.);
#1529=ORIENTED_EDGE('',*,*,#2829,.F.);
#1530=ORIENTED_EDGE('',*,*,#2830,.F.);
#1531=ORIENTED_EDGE('',*,*,#2831,.F.);
#1532=ORIENTED_EDGE('',*,*,#2832,.F.);
#1533=ORIENTED_EDGE('',*,*,#2833,.F.);
#1534=ORIENTED_EDGE('',*,*,#2834,.F.);
#1535=ORIENTED_EDGE('',*,*,#2835,.F.);
#1536=ORIENTED_EDGE('',*,*,#2836,.F.);
#1537=ORIENTED_EDGE('',*,*,#2837,.F.);
#1538=ORIENTED_EDGE('',*,*,#2838,.F.);
#1539=ORIENTED_EDGE('',*,*,#2839,.F.);
#1540=ORIENTED_EDGE('',*,*,#2840,.F.);
#1541=ORIENTED_EDGE('',*,*,#2841,.F.);
#1542=ORIENTED_EDGE('',*,*,#2842,.F.);
#1543=ORIENTED_EDGE('',*,*,#2843,.F.);
#1544=ORIENTED_EDGE('',*,*,#2844,.F.);
#1545=ORIENTED_EDGE('',*,*,#2845,.F.);
#1546=ORIENTED_EDGE('',*,*,#2846,.F.);
#1547=ORIENTED_EDGE('',*,*,#2847,.F.);
#1548=ORIENTED_EDGE('',*,*,#2848,.F.);
#1549=ORIENTED_EDGE('',*,*,#2849,.F.);
#1550=ORIENTED_EDGE('',*,*,#2850,.F.);
#1551=ORIENTED_EDGE('',*,*,#2851,.F.);
#1552=ORIENTED_EDGE('',*,*,#2852,.F.);
#1553=ORIENTED_EDGE('',*,*,#2853,.F.);
#1554=ORIENTED_EDGE('',*,*,#2854,.F.);
#1555=ORIENTED_EDGE('',*,*,#2855,.F.);
#1556=ORIENTED_EDGE('',*,*,#2856,.F.);
#1557=ORIENTED_EDGE('',*,*,#2857,.F.);
#1558=ORIENTED_EDGE('',*,*,#2858,.F.);
#1559=ORIENTED_EDGE('',*,*,#2859,.F.);
#1560=ORIENTED_EDGE('',*,*,#2860,.F.);
#1561=ORIENTED_EDGE('',*,*,#2861,.F.);
#1562=ORIENTED_EDGE('',*,*,#2862,.F.);
#1563=ORIENTED_EDGE('',*,*,#2863,.F.);
#1564=ORIENTED_EDGE('',*,*,#2864,.F.);
#1565=ORIENTED_EDGE('',*,*,#2865,.F.);
#1566=ORIENTED_EDGE('',*,*,#2866,.F.);
#1567=ORIENTED_EDGE('',*,*,#2867,.F.);
#1568=ORIENTED_EDGE('',*,*,#2868,.T.);
#1569=ORIENTED_EDGE('',*,*,#2869,.T.);
#1570=ORIENTED_EDGE('',*,*,#2870,.T.);
#1571=ORIENTED_EDGE('',*,*,#2871,.T.);
#1572=ORIENTED_EDGE('',*,*,#2872,.T.);
#1573=ORIENTED_EDGE('',*,*,#2873,.T.);
#1574=ORIENTED_EDGE('',*,*,#2874,.T.);
#1575=ORIENTED_EDGE('',*,*,#2875,.T.);
#1576=ORIENTED_EDGE('',*,*,#2876,.T.);
#1577=ORIENTED_EDGE('',*,*,#2877,.T.);
#1578=ORIENTED_EDGE('',*,*,#2878,.T.);
#1579=ORIENTED_EDGE('',*,*,#2879,.T.);
#1580=ORIENTED_EDGE('',*,*,#2880,.T.);
#1581=ORIENTED_EDGE('',*,*,#2881,.T.);
#1582=ORIENTED_EDGE('',*,*,#2882,.T.);
#1583=ORIENTED_EDGE('',*,*,#2883,.T.);
#1584=ORIENTED_EDGE('',*,*,#2884,.T.);
#1585=ORIENTED_EDGE('',*,*,#2885,.T.);
#1586=ORIENTED_EDGE('',*,*,#2886,.T.);
#1587=ORIENTED_EDGE('',*,*,#2887,.T.);
#1588=ORIENTED_EDGE('',*,*,#2888,.T.);
#1589=ORIENTED_EDGE('',*,*,#2889,.T.);
#1590=ORIENTED_EDGE('',*,*,#2890,.T.);
#1591=ORIENTED_EDGE('',*,*,#2891,.T.);
#1592=ORIENTED_EDGE('',*,*,#2892,.T.);
#1593=ORIENTED_EDGE('',*,*,#2893,.T.);
#1594=ORIENTED_EDGE('',*,*,#2894,.T.);
#1595=ORIENTED_EDGE('',*,*,#2895,.T.);
#1596=ORIENTED_EDGE('',*,*,#2896,.T.);
#1597=ORIENTED_EDGE('',*,*,#2897,.T.);
#1598=ORIENTED_EDGE('',*,*,#2898,.T.);
#1599=ORIENTED_EDGE('',*,*,#2899,.T.);
#1600=ORIENTED_EDGE('',*,*,#2900,.T.);
#1601=ORIENTED_EDGE('',*,*,#2901,.T.);
#1602=ORIENTED_EDGE('',*,*,#2902,.T.);
#1603=ORIENTED_EDGE('',*,*,#2903,.T.);
#1604=ORIENTED_EDGE('',*,*,#2904,.T.);
#1605=ORIENTED_EDGE('',*,*,#2905,.T.);
#1606=ORIENTED_EDGE('',*,*,#2906,.T.);
#1607=ORIENTED_EDGE('',*,*,#2907,.T.);
#1608=ORIENTED_EDGE('',*,*,#2908,.T.);
#1609=ORIENTED_EDGE('',*,*,#2909,.T.);
#1610=ORIENTED_EDGE('',*,*,#2910,.T.);
#1611=ORIENTED_EDGE('',*,*,#2911,.T.);
#1612=ORIENTED_EDGE('',*,*,#2912,.T.);
#1613=ORIENTED_EDGE('',*,*,#2913,.T.);
#1614=ORIENTED_EDGE('',*,*,#2914,.T.);
#1615=ORIENTED_EDGE('',*,*,#2915,.T.);
#1616=ORIENTED_EDGE('',*,*,#2916,.T.);
#1617=ORIENTED_EDGE('',*,*,#2917,.T.);
#1618=ORIENTED_EDGE('',*,*,#2918,.T.);
#1619=ORIENTED_EDGE('',*,*,#2919,.T.);
#1620=ORIENTED_EDGE('',*,*,#2920,.T.);
#1621=ORIENTED_EDGE('',*,*,#2921,.T.);
#1622=ORIENTED_EDGE('',*,*,#2922,.T.);
#1623=ORIENTED_EDGE('',*,*,#2923,.T.);
#1624=ORIENTED_EDGE('',*,*,#2924,.T.);
#1625=ORIENTED_EDGE('',*,*,#2925,.T.);
#1626=ORIENTED_EDGE('',*,*,#2926,.T.);
#1627=ORIENTED_EDGE('',*,*,#2927,.T.);
#1628=ORIENTED_EDGE('',*,*,#2928,.T.);
#1629=ORIENTED_EDGE('',*,*,#2929,.T.);
#1630=ORIENTED_EDGE('',*,*,#2930,.T.);
#1631=ORIENTED_EDGE('',*,*,#2931,.T.);
#1632=ORIENTED_EDGE('',*,*,#2932,.T.);
#1633=ORIENTED_EDGE('',*,*,#2933,.T.);
#1634=ORIENTED_EDGE('',*,*,#2934,.T.);
#1635=ORIENTED_EDGE('',*,*,#2935,.T.);
#1636=ORIENTED_EDGE('',*,*,#2936,.T.);
#1637=ORIENTED_EDGE('',*,*,#2937,.T.);
#1638=ORIENTED_EDGE('',*,*,#2938,.T.);
#1639=ORIENTED_EDGE('',*,*,#2939,.T.);
#1640=ORIENTED_EDGE('',*,*,#2940,.T.);
#1641=ORIENTED_EDGE('',*,*,#2941,.T.);
#1642=ORIENTED_EDGE('',*,*,#2942,.T.);
#1643=ORIENTED_EDGE('',*,*,#2943,.T.);
#1644=ORIENTED_EDGE('',*,*,#2944,.T.);
#1645=ORIENTED_EDGE('',*,*,#2945,.T.);
#1646=ORIENTED_EDGE('',*,*,#2946,.T.);
#1647=ORIENTED_EDGE('',*,*,#2947,.T.);
#1648=ORIENTED_EDGE('',*,*,#2948,.T.);
#1649=ORIENTED_EDGE('',*,*,#2949,.T.);
#1650=ORIENTED_EDGE('',*,*,#2950,.T.);
#1651=ORIENTED_EDGE('',*,*,#2951,.T.);
#1652=ORIENTED_EDGE('',*,*,#2952,.T.);
#1653=ORIENTED_EDGE('',*,*,#2953,.T.);
#1654=ORIENTED_EDGE('',*,*,#2954,.T.);
#1655=ORIENTED_EDGE('',*,*,#2955,.T.);
#1656=ORIENTED_EDGE('',*,*,#2956,.T.);
#1657=ORIENTED_EDGE('',*,*,#2957,.F.);
#1658=ORIENTED_EDGE('',*,*,#2730,.F.);
#1659=ORIENTED_EDGE('',*,*,#2958,.F.);
#1660=ORIENTED_EDGE('',*,*,#2959,.F.);
#1661=ORIENTED_EDGE('',*,*,#2960,.F.);
#1662=ORIENTED_EDGE('',*,*,#2961,.F.);
#1663=ORIENTED_EDGE('',*,*,#2962,.F.);
#1664=ORIENTED_EDGE('',*,*,#2963,.T.);
#1665=ORIENTED_EDGE('',*,*,#2964,.T.);
#1666=ORIENTED_EDGE('',*,*,#2965,.F.);
#1667=ORIENTED_EDGE('',*,*,#2966,.F.);
#1668=ORIENTED_EDGE('',*,*,#2967,.F.);
#1669=ORIENTED_EDGE('',*,*,#2968,.F.);
#1670=ORIENTED_EDGE('',*,*,#2969,.F.);
#1671=ORIENTED_EDGE('',*,*,#2970,.F.);
#1672=ORIENTED_EDGE('',*,*,#2971,.F.);
#1673=ORIENTED_EDGE('',*,*,#2972,.F.);
#1674=ORIENTED_EDGE('',*,*,#2973,.F.);
#1675=ORIENTED_EDGE('',*,*,#2974,.F.);
#1676=ORIENTED_EDGE('',*,*,#2975,.F.);
#1677=ORIENTED_EDGE('',*,*,#2976,.F.);
#1678=ORIENTED_EDGE('',*,*,#2977,.F.);
#1679=ORIENTED_EDGE('',*,*,#2978,.F.);
#1680=ORIENTED_EDGE('',*,*,#2979,.F.);
#1681=ORIENTED_EDGE('',*,*,#2980,.F.);
#1682=ORIENTED_EDGE('',*,*,#2981,.F.);
#1683=ORIENTED_EDGE('',*,*,#2982,.F.);
#1684=ORIENTED_EDGE('',*,*,#2983,.F.);
#1685=ORIENTED_EDGE('',*,*,#2984,.F.);
#1686=ORIENTED_EDGE('',*,*,#2985,.F.);
#1687=ORIENTED_EDGE('',*,*,#2986,.F.);
#1688=ORIENTED_EDGE('',*,*,#2987,.F.);
#1689=ORIENTED_EDGE('',*,*,#2988,.F.);
#1690=ORIENTED_EDGE('',*,*,#2989,.F.);
#1691=ORIENTED_EDGE('',*,*,#2990,.F.);
#1692=ORIENTED_EDGE('',*,*,#2991,.F.);
#1693=ORIENTED_EDGE('',*,*,#2992,.F.);
#1694=ORIENTED_EDGE('',*,*,#2993,.F.);
#1695=ORIENTED_EDGE('',*,*,#2994,.F.);
#1696=ORIENTED_EDGE('',*,*,#2995,.F.);
#1697=ORIENTED_EDGE('',*,*,#2996,.F.);
#1698=ORIENTED_EDGE('',*,*,#2997,.F.);
#1699=ORIENTED_EDGE('',*,*,#2998,.F.);
#1700=ORIENTED_EDGE('',*,*,#2999,.F.);
#1701=ORIENTED_EDGE('',*,*,#3000,.F.);
#1702=ORIENTED_EDGE('',*,*,#3001,.F.);
#1703=ORIENTED_EDGE('',*,*,#3002,.F.);
#1704=ORIENTED_EDGE('',*,*,#3003,.F.);
#1705=ORIENTED_EDGE('',*,*,#3004,.F.);
#1706=ORIENTED_EDGE('',*,*,#3005,.F.);
#1707=ORIENTED_EDGE('',*,*,#3006,.F.);
#1708=ORIENTED_EDGE('',*,*,#3007,.F.);
#1709=ORIENTED_EDGE('',*,*,#3008,.F.);
#1710=ORIENTED_EDGE('',*,*,#3009,.T.);
#1711=ORIENTED_EDGE('',*,*,#3010,.T.);
#1712=ORIENTED_EDGE('',*,*,#3011,.T.);
#1713=ORIENTED_EDGE('',*,*,#3012,.F.);
#1714=ORIENTED_EDGE('',*,*,#3013,.F.);
#1715=ORIENTED_EDGE('',*,*,#3014,.F.);
#1716=ORIENTED_EDGE('',*,*,#3015,.F.);
#1717=ORIENTED_EDGE('',*,*,#3016,.F.);
#1718=ORIENTED_EDGE('',*,*,#3017,.F.);
#1719=ORIENTED_EDGE('',*,*,#3018,.F.);
#1720=ORIENTED_EDGE('',*,*,#3019,.F.);
#1721=ORIENTED_EDGE('',*,*,#3020,.F.);
#1722=ORIENTED_EDGE('',*,*,#3021,.F.);
#1723=ORIENTED_EDGE('',*,*,#3022,.F.);
#1724=ORIENTED_EDGE('',*,*,#3023,.F.);
#1725=ORIENTED_EDGE('',*,*,#3024,.F.);
#1726=ORIENTED_EDGE('',*,*,#3025,.F.);
#1727=ORIENTED_EDGE('',*,*,#3026,.F.);
#1728=ORIENTED_EDGE('',*,*,#3027,.F.);
#1729=ORIENTED_EDGE('',*,*,#3028,.F.);
#1730=ORIENTED_EDGE('',*,*,#3029,.F.);
#1731=ORIENTED_EDGE('',*,*,#3030,.F.);
#1732=ORIENTED_EDGE('',*,*,#3031,.F.);
#1733=ORIENTED_EDGE('',*,*,#3032,.F.);
#1734=ORIENTED_EDGE('',*,*,#3033,.F.);
#1735=ORIENTED_EDGE('',*,*,#3034,.F.);
#1736=ORIENTED_EDGE('',*,*,#3035,.F.);
#1737=ORIENTED_EDGE('',*,*,#3036,.F.);
#1738=ORIENTED_EDGE('',*,*,#3037,.F.);
#1739=ORIENTED_EDGE('',*,*,#3038,.F.);
#1740=ORIENTED_EDGE('',*,*,#3039,.F.);
#1741=ORIENTED_EDGE('',*,*,#3040,.F.);
#1742=ORIENTED_EDGE('',*,*,#3041,.F.);
#1743=ORIENTED_EDGE('',*,*,#3042,.F.);
#1744=ORIENTED_EDGE('',*,*,#3043,.F.);
#1745=ORIENTED_EDGE('',*,*,#3044,.F.);
#1746=ORIENTED_EDGE('',*,*,#3045,.F.);
#1747=ORIENTED_EDGE('',*,*,#3046,.F.);
#1748=ORIENTED_EDGE('',*,*,#3047,.F.);
#1749=ORIENTED_EDGE('',*,*,#3048,.F.);
#1750=ORIENTED_EDGE('',*,*,#3049,.F.);
#1751=ORIENTED_EDGE('',*,*,#3050,.F.);
#1752=ORIENTED_EDGE('',*,*,#3051,.F.);
#1753=ORIENTED_EDGE('',*,*,#3052,.F.);
#1754=ORIENTED_EDGE('',*,*,#3053,.F.);
#1755=ORIENTED_EDGE('',*,*,#3054,.F.);
#1756=ORIENTED_EDGE('',*,*,#3055,.F.);
#1757=ORIENTED_EDGE('',*,*,#3056,.F.);
#1758=ORIENTED_EDGE('',*,*,#3057,.F.);
#1759=ORIENTED_EDGE('',*,*,#3058,.F.);
#1760=ORIENTED_EDGE('',*,*,#3059,.F.);
#1761=ORIENTED_EDGE('',*,*,#3060,.F.);
#1762=ORIENTED_EDGE('',*,*,#3061,.F.);
#1763=ORIENTED_EDGE('',*,*,#3062,.F.);
#1764=ORIENTED_EDGE('',*,*,#3063,.F.);
#1765=ORIENTED_EDGE('',*,*,#3064,.F.);
#1766=ORIENTED_EDGE('',*,*,#3065,.F.);
#1767=ORIENTED_EDGE('',*,*,#3066,.F.);
#1768=ORIENTED_EDGE('',*,*,#3067,.F.);
#1769=ORIENTED_EDGE('',*,*,#3068,.F.);
#1770=ORIENTED_EDGE('',*,*,#3069,.F.);
#1771=ORIENTED_EDGE('',*,*,#3070,.F.);
#1772=ORIENTED_EDGE('',*,*,#3071,.F.);
#1773=ORIENTED_EDGE('',*,*,#3072,.F.);
#1774=ORIENTED_EDGE('',*,*,#3073,.F.);
#1775=ORIENTED_EDGE('',*,*,#3074,.F.);
#1776=ORIENTED_EDGE('',*,*,#3075,.F.);
#1777=ORIENTED_EDGE('',*,*,#3076,.F.);
#1778=ORIENTED_EDGE('',*,*,#3077,.F.);
#1779=ORIENTED_EDGE('',*,*,#3078,.F.);
#1780=ORIENTED_EDGE('',*,*,#3079,.F.);
#1781=ORIENTED_EDGE('',*,*,#3080,.F.);
#1782=ORIENTED_EDGE('',*,*,#3081,.F.);
#1783=ORIENTED_EDGE('',*,*,#3082,.F.);
#1784=ORIENTED_EDGE('',*,*,#3083,.F.);
#1785=ORIENTED_EDGE('',*,*,#3084,.F.);
#1786=ORIENTED_EDGE('',*,*,#3085,.F.);
#1787=ORIENTED_EDGE('',*,*,#3086,.F.);
#1788=ORIENTED_EDGE('',*,*,#3087,.F.);
#1789=ORIENTED_EDGE('',*,*,#3088,.F.);
#1790=ORIENTED_EDGE('',*,*,#3089,.F.);
#1791=ORIENTED_EDGE('',*,*,#3090,.F.);
#1792=ORIENTED_EDGE('',*,*,#3091,.F.);
#1793=ORIENTED_EDGE('',*,*,#3092,.F.);
#1794=ORIENTED_EDGE('',*,*,#3093,.F.);
#1795=ORIENTED_EDGE('',*,*,#3094,.F.);
#1796=ORIENTED_EDGE('',*,*,#3095,.F.);
#1797=ORIENTED_EDGE('',*,*,#3096,.F.);
#1798=ORIENTED_EDGE('',*,*,#3097,.F.);
#1799=ORIENTED_EDGE('',*,*,#3098,.F.);
#1800=ORIENTED_EDGE('',*,*,#3099,.F.);
#1801=ORIENTED_EDGE('',*,*,#3100,.F.);
#1802=ORIENTED_EDGE('',*,*,#3101,.F.);
#1803=ORIENTED_EDGE('',*,*,#3102,.T.);
#1804=ORIENTED_EDGE('',*,*,#3103,.T.);
#1805=ORIENTED_EDGE('',*,*,#3104,.T.);
#1806=ORIENTED_EDGE('',*,*,#3105,.T.);
#1807=ORIENTED_EDGE('',*,*,#3106,.T.);
#1808=ORIENTED_EDGE('',*,*,#3107,.T.);
#1809=ORIENTED_EDGE('',*,*,#3108,.T.);
#1810=ORIENTED_EDGE('',*,*,#3109,.T.);
#1811=ORIENTED_EDGE('',*,*,#3110,.T.);
#1812=ORIENTED_EDGE('',*,*,#3111,.T.);
#1813=ORIENTED_EDGE('',*,*,#3112,.T.);
#1814=ORIENTED_EDGE('',*,*,#3113,.T.);
#1815=ORIENTED_EDGE('',*,*,#3114,.T.);
#1816=ORIENTED_EDGE('',*,*,#3115,.T.);
#1817=ORIENTED_EDGE('',*,*,#3116,.T.);
#1818=ORIENTED_EDGE('',*,*,#3117,.T.);
#1819=ORIENTED_EDGE('',*,*,#3118,.T.);
#1820=ORIENTED_EDGE('',*,*,#3119,.T.);
#1821=ORIENTED_EDGE('',*,*,#3120,.T.);
#1822=ORIENTED_EDGE('',*,*,#3121,.T.);
#1823=ORIENTED_EDGE('',*,*,#3122,.T.);
#1824=ORIENTED_EDGE('',*,*,#3123,.T.);
#1825=ORIENTED_EDGE('',*,*,#3124,.T.);
#1826=ORIENTED_EDGE('',*,*,#3125,.T.);
#1827=ORIENTED_EDGE('',*,*,#3126,.T.);
#1828=ORIENTED_EDGE('',*,*,#3127,.T.);
#1829=ORIENTED_EDGE('',*,*,#3128,.T.);
#1830=ORIENTED_EDGE('',*,*,#3129,.T.);
#1831=ORIENTED_EDGE('',*,*,#3130,.T.);
#1832=ORIENTED_EDGE('',*,*,#3131,.T.);
#1833=ORIENTED_EDGE('',*,*,#3132,.T.);
#1834=ORIENTED_EDGE('',*,*,#3133,.T.);
#1835=ORIENTED_EDGE('',*,*,#3134,.T.);
#1836=ORIENTED_EDGE('',*,*,#3135,.T.);
#1837=ORIENTED_EDGE('',*,*,#3136,.T.);
#1838=ORIENTED_EDGE('',*,*,#3137,.T.);
#1839=ORIENTED_EDGE('',*,*,#3138,.T.);
#1840=ORIENTED_EDGE('',*,*,#3139,.T.);
#1841=ORIENTED_EDGE('',*,*,#3140,.T.);
#1842=ORIENTED_EDGE('',*,*,#3141,.T.);
#1843=ORIENTED_EDGE('',*,*,#3142,.T.);
#1844=ORIENTED_EDGE('',*,*,#3143,.T.);
#1845=ORIENTED_EDGE('',*,*,#3144,.T.);
#1846=ORIENTED_EDGE('',*,*,#3145,.T.);
#1847=ORIENTED_EDGE('',*,*,#3146,.T.);
#1848=ORIENTED_EDGE('',*,*,#3147,.T.);
#1849=ORIENTED_EDGE('',*,*,#3148,.T.);
#1850=ORIENTED_EDGE('',*,*,#3149,.T.);
#1851=ORIENTED_EDGE('',*,*,#3150,.T.);
#1852=ORIENTED_EDGE('',*,*,#3151,.T.);
#1853=ORIENTED_EDGE('',*,*,#3152,.T.);
#1854=ORIENTED_EDGE('',*,*,#3153,.T.);
#1855=ORIENTED_EDGE('',*,*,#3154,.T.);
#1856=ORIENTED_EDGE('',*,*,#3155,.T.);
#1857=ORIENTED_EDGE('',*,*,#3156,.T.);
#1858=ORIENTED_EDGE('',*,*,#3157,.T.);
#1859=ORIENTED_EDGE('',*,*,#3158,.T.);
#1860=ORIENTED_EDGE('',*,*,#3159,.T.);
#1861=ORIENTED_EDGE('',*,*,#3160,.T.);
#1862=ORIENTED_EDGE('',*,*,#3161,.T.);
#1863=ORIENTED_EDGE('',*,*,#3162,.T.);
#1864=ORIENTED_EDGE('',*,*,#3163,.T.);
#1865=ORIENTED_EDGE('',*,*,#3164,.T.);
#1866=ORIENTED_EDGE('',*,*,#3165,.T.);
#1867=ORIENTED_EDGE('',*,*,#3166,.T.);
#1868=ORIENTED_EDGE('',*,*,#3167,.T.);
#1869=ORIENTED_EDGE('',*,*,#3168,.T.);
#1870=ORIENTED_EDGE('',*,*,#3169,.T.);
#1871=ORIENTED_EDGE('',*,*,#3170,.T.);
#1872=ORIENTED_EDGE('',*,*,#3171,.T.);
#1873=ORIENTED_EDGE('',*,*,#3172,.T.);
#1874=ORIENTED_EDGE('',*,*,#3173,.T.);
#1875=ORIENTED_EDGE('',*,*,#3174,.T.);
#1876=ORIENTED_EDGE('',*,*,#3175,.T.);
#1877=ORIENTED_EDGE('',*,*,#3176,.T.);
#1878=ORIENTED_EDGE('',*,*,#3177,.T.);
#1879=ORIENTED_EDGE('',*,*,#3178,.T.);
#1880=ORIENTED_EDGE('',*,*,#3179,.T.);
#1881=ORIENTED_EDGE('',*,*,#3180,.T.);
#1882=ORIENTED_EDGE('',*,*,#3181,.T.);
#1883=ORIENTED_EDGE('',*,*,#3182,.T.);
#1884=ORIENTED_EDGE('',*,*,#3183,.T.);
#1885=ORIENTED_EDGE('',*,*,#3184,.T.);
#1886=ORIENTED_EDGE('',*,*,#3185,.T.);
#1887=ORIENTED_EDGE('',*,*,#3186,.T.);
#1888=ORIENTED_EDGE('',*,*,#3187,.T.);
#1889=ORIENTED_EDGE('',*,*,#3188,.T.);
#1890=ORIENTED_EDGE('',*,*,#3189,.T.);
#1891=ORIENTED_EDGE('',*,*,#3190,.T.);
#1892=ORIENTED_EDGE('',*,*,#3191,.F.);
#1893=ORIENTED_EDGE('',*,*,#3192,.F.);
#1894=ORIENTED_EDGE('',*,*,#3193,.T.);
#1895=ORIENTED_EDGE('',*,*,#3194,.T.);
#1896=ORIENTED_EDGE('',*,*,#3195,.T.);
#1897=ORIENTED_EDGE('',*,*,#3196,.T.);
#1898=ORIENTED_EDGE('',*,*,#3197,.T.);
#1899=ORIENTED_EDGE('',*,*,#2731,.T.);
#1900=ORIENTED_EDGE('',*,*,#3198,.T.);
#1901=ORIENTED_EDGE('',*,*,#3011,.F.);
#1902=ORIENTED_EDGE('',*,*,#3199,.T.);
#1903=ORIENTED_EDGE('',*,*,#2957,.T.);
#1904=ORIENTED_EDGE('',*,*,#2777,.F.);
#1905=ORIENTED_EDGE('',*,*,#3200,.F.);
#1906=ORIENTED_EDGE('',*,*,#3009,.F.);
#1907=ORIENTED_EDGE('',*,*,#3201,.F.);
#1908=ORIENTED_EDGE('',*,*,#3010,.F.);
#1909=ORIENTED_EDGE('',*,*,#3200,.T.);
#1910=ORIENTED_EDGE('',*,*,#2776,.T.);
#1911=ORIENTED_EDGE('',*,*,#3199,.F.);
#1912=ORIENTED_EDGE('',*,*,#2778,.T.);
#1913=ORIENTED_EDGE('',*,*,#3201,.T.);
#1914=ORIENTED_EDGE('',*,*,#3190,.F.);
#1915=ORIENTED_EDGE('',*,*,#3202,.T.);
#1916=ORIENTED_EDGE('',*,*,#3202,.F.);
#1917=ORIENTED_EDGE('',*,*,#3189,.F.);
#1918=ORIENTED_EDGE('',*,*,#3203,.T.);
#1919=ORIENTED_EDGE('',*,*,#2779,.T.);
#1920=ORIENTED_EDGE('',*,*,#3203,.F.);
#1921=ORIENTED_EDGE('',*,*,#3188,.F.);
#1922=ORIENTED_EDGE('',*,*,#3204,.T.);
#1923=ORIENTED_EDGE('',*,*,#2780,.T.);
#1924=ORIENTED_EDGE('',*,*,#3204,.F.);
#1925=ORIENTED_EDGE('',*,*,#3187,.F.);
#1926=ORIENTED_EDGE('',*,*,#3205,.T.);
#1927=ORIENTED_EDGE('',*,*,#2781,.T.);
#1928=ORIENTED_EDGE('',*,*,#3205,.F.);
#1929=ORIENTED_EDGE('',*,*,#3186,.F.);
#1930=ORIENTED_EDGE('',*,*,#3206,.T.);
#1931=ORIENTED_EDGE('',*,*,#2782,.T.);
#1932=ORIENTED_EDGE('',*,*,#3206,.F.);
#1933=ORIENTED_EDGE('',*,*,#3185,.F.);
#1934=ORIENTED_EDGE('',*,*,#3207,.T.);
#1935=ORIENTED_EDGE('',*,*,#2783,.T.);
#1936=ORIENTED_EDGE('',*,*,#3207,.F.);
#1937=ORIENTED_EDGE('',*,*,#3184,.F.);
#1938=ORIENTED_EDGE('',*,*,#3208,.T.);
#1939=ORIENTED_EDGE('',*,*,#2784,.T.);
#1940=ORIENTED_EDGE('',*,*,#3208,.F.);
#1941=ORIENTED_EDGE('',*,*,#3183,.F.);
#1942=ORIENTED_EDGE('',*,*,#3209,.T.);
#1943=ORIENTED_EDGE('',*,*,#2785,.T.);
#1944=ORIENTED_EDGE('',*,*,#3209,.F.);
#1945=ORIENTED_EDGE('',*,*,#3182,.F.);
#1946=ORIENTED_EDGE('',*,*,#3210,.T.);
#1947=ORIENTED_EDGE('',*,*,#2786,.T.);
#1948=ORIENTED_EDGE('',*,*,#3210,.F.);
#1949=ORIENTED_EDGE('',*,*,#3181,.F.);
#1950=ORIENTED_EDGE('',*,*,#3211,.T.);
#1951=ORIENTED_EDGE('',*,*,#2787,.T.);
#1952=ORIENTED_EDGE('',*,*,#3211,.F.);
#1953=ORIENTED_EDGE('',*,*,#3180,.F.);
#1954=ORIENTED_EDGE('',*,*,#3212,.T.);
#1955=ORIENTED_EDGE('',*,*,#2788,.T.);
#1956=ORIENTED_EDGE('',*,*,#3212,.F.);
#1957=ORIENTED_EDGE('',*,*,#3179,.F.);
#1958=ORIENTED_EDGE('',*,*,#3213,.T.);
#1959=ORIENTED_EDGE('',*,*,#2789,.T.);
#1960=ORIENTED_EDGE('',*,*,#3213,.F.);
#1961=ORIENTED_EDGE('',*,*,#3178,.F.);
#1962=ORIENTED_EDGE('',*,*,#3214,.T.);
#1963=ORIENTED_EDGE('',*,*,#2790,.T.);
#1964=ORIENTED_EDGE('',*,*,#3214,.F.);
#1965=ORIENTED_EDGE('',*,*,#3177,.F.);
#1966=ORIENTED_EDGE('',*,*,#3215,.T.);
#1967=ORIENTED_EDGE('',*,*,#2791,.T.);
#1968=ORIENTED_EDGE('',*,*,#3215,.F.);
#1969=ORIENTED_EDGE('',*,*,#3176,.F.);
#1970=ORIENTED_EDGE('',*,*,#3216,.T.);
#1971=ORIENTED_EDGE('',*,*,#2792,.T.);
#1972=ORIENTED_EDGE('',*,*,#3216,.F.);
#1973=ORIENTED_EDGE('',*,*,#3175,.F.);
#1974=ORIENTED_EDGE('',*,*,#3217,.T.);
#1975=ORIENTED_EDGE('',*,*,#2793,.T.);
#1976=ORIENTED_EDGE('',*,*,#3217,.F.);
#1977=ORIENTED_EDGE('',*,*,#3174,.F.);
#1978=ORIENTED_EDGE('',*,*,#3218,.T.);
#1979=ORIENTED_EDGE('',*,*,#2794,.T.);
#1980=ORIENTED_EDGE('',*,*,#3218,.F.);
#1981=ORIENTED_EDGE('',*,*,#3173,.F.);
#1982=ORIENTED_EDGE('',*,*,#3219,.T.);
#1983=ORIENTED_EDGE('',*,*,#2795,.T.);
#1984=ORIENTED_EDGE('',*,*,#3219,.F.);
#1985=ORIENTED_EDGE('',*,*,#3172,.F.);
#1986=ORIENTED_EDGE('',*,*,#3220,.T.);
#1987=ORIENTED_EDGE('',*,*,#2796,.T.);
#1988=ORIENTED_EDGE('',*,*,#3220,.F.);
#1989=ORIENTED_EDGE('',*,*,#3171,.F.);
#1990=ORIENTED_EDGE('',*,*,#3221,.T.);
#1991=ORIENTED_EDGE('',*,*,#2797,.T.);
#1992=ORIENTED_EDGE('',*,*,#3221,.F.);
#1993=ORIENTED_EDGE('',*,*,#3170,.F.);
#1994=ORIENTED_EDGE('',*,*,#3222,.T.);
#1995=ORIENTED_EDGE('',*,*,#2798,.T.);
#1996=ORIENTED_EDGE('',*,*,#3222,.F.);
#1997=ORIENTED_EDGE('',*,*,#3169,.F.);
#1998=ORIENTED_EDGE('',*,*,#3223,.T.);
#1999=ORIENTED_EDGE('',*,*,#2799,.T.);
#2000=ORIENTED_EDGE('',*,*,#3223,.F.);
#2001=ORIENTED_EDGE('',*,*,#3168,.F.);
#2002=ORIENTED_EDGE('',*,*,#3224,.T.);
#2003=ORIENTED_EDGE('',*,*,#2800,.T.);
#2004=ORIENTED_EDGE('',*,*,#3224,.F.);
#2005=ORIENTED_EDGE('',*,*,#3167,.F.);
#2006=ORIENTED_EDGE('',*,*,#3225,.T.);
#2007=ORIENTED_EDGE('',*,*,#2801,.T.);
#2008=ORIENTED_EDGE('',*,*,#3225,.F.);
#2009=ORIENTED_EDGE('',*,*,#3166,.F.);
#2010=ORIENTED_EDGE('',*,*,#3226,.T.);
#2011=ORIENTED_EDGE('',*,*,#2802,.T.);
#2012=ORIENTED_EDGE('',*,*,#3226,.F.);
#2013=ORIENTED_EDGE('',*,*,#3165,.F.);
#2014=ORIENTED_EDGE('',*,*,#3227,.T.);
#2015=ORIENTED_EDGE('',*,*,#2803,.T.);
#2016=ORIENTED_EDGE('',*,*,#3227,.F.);
#2017=ORIENTED_EDGE('',*,*,#3164,.F.);
#2018=ORIENTED_EDGE('',*,*,#3228,.T.);
#2019=ORIENTED_EDGE('',*,*,#2804,.T.);
#2020=ORIENTED_EDGE('',*,*,#3228,.F.);
#2021=ORIENTED_EDGE('',*,*,#3163,.F.);
#2022=ORIENTED_EDGE('',*,*,#3229,.T.);
#2023=ORIENTED_EDGE('',*,*,#2805,.T.);
#2024=ORIENTED_EDGE('',*,*,#3229,.F.);
#2025=ORIENTED_EDGE('',*,*,#3162,.F.);
#2026=ORIENTED_EDGE('',*,*,#3230,.T.);
#2027=ORIENTED_EDGE('',*,*,#2806,.T.);
#2028=ORIENTED_EDGE('',*,*,#3230,.F.);
#2029=ORIENTED_EDGE('',*,*,#3161,.F.);
#2030=ORIENTED_EDGE('',*,*,#3231,.T.);
#2031=ORIENTED_EDGE('',*,*,#2807,.T.);
#2032=ORIENTED_EDGE('',*,*,#3231,.F.);
#2033=ORIENTED_EDGE('',*,*,#3160,.F.);
#2034=ORIENTED_EDGE('',*,*,#3232,.T.);
#2035=ORIENTED_EDGE('',*,*,#2808,.T.);
#2036=ORIENTED_EDGE('',*,*,#3232,.F.);
#2037=ORIENTED_EDGE('',*,*,#3159,.F.);
#2038=ORIENTED_EDGE('',*,*,#3233,.T.);
#2039=ORIENTED_EDGE('',*,*,#2809,.T.);
#2040=ORIENTED_EDGE('',*,*,#3233,.F.);
#2041=ORIENTED_EDGE('',*,*,#3158,.F.);
#2042=ORIENTED_EDGE('',*,*,#3234,.T.);
#2043=ORIENTED_EDGE('',*,*,#2810,.T.);
#2044=ORIENTED_EDGE('',*,*,#3234,.F.);
#2045=ORIENTED_EDGE('',*,*,#3157,.F.);
#2046=ORIENTED_EDGE('',*,*,#3235,.T.);
#2047=ORIENTED_EDGE('',*,*,#2811,.T.);
#2048=ORIENTED_EDGE('',*,*,#3235,.F.);
#2049=ORIENTED_EDGE('',*,*,#3156,.F.);
#2050=ORIENTED_EDGE('',*,*,#3236,.T.);
#2051=ORIENTED_EDGE('',*,*,#2812,.T.);
#2052=ORIENTED_EDGE('',*,*,#3236,.F.);
#2053=ORIENTED_EDGE('',*,*,#3155,.F.);
#2054=ORIENTED_EDGE('',*,*,#3237,.T.);
#2055=ORIENTED_EDGE('',*,*,#2813,.T.);
#2056=ORIENTED_EDGE('',*,*,#3237,.F.);
#2057=ORIENTED_EDGE('',*,*,#3154,.F.);
#2058=ORIENTED_EDGE('',*,*,#3238,.T.);
#2059=ORIENTED_EDGE('',*,*,#2814,.T.);
#2060=ORIENTED_EDGE('',*,*,#3238,.F.);
#2061=ORIENTED_EDGE('',*,*,#3153,.F.);
#2062=ORIENTED_EDGE('',*,*,#3239,.T.);
#2063=ORIENTED_EDGE('',*,*,#2815,.T.);
#2064=ORIENTED_EDGE('',*,*,#3239,.F.);
#2065=ORIENTED_EDGE('',*,*,#3152,.F.);
#2066=ORIENTED_EDGE('',*,*,#3240,.T.);
#2067=ORIENTED_EDGE('',*,*,#2816,.T.);
#2068=ORIENTED_EDGE('',*,*,#3240,.F.);
#2069=ORIENTED_EDGE('',*,*,#3151,.F.);
#2070=ORIENTED_EDGE('',*,*,#3241,.T.);
#2071=ORIENTED_EDGE('',*,*,#2817,.T.);
#2072=ORIENTED_EDGE('',*,*,#3241,.F.);
#2073=ORIENTED_EDGE('',*,*,#3150,.F.);
#2074=ORIENTED_EDGE('',*,*,#3242,.T.);
#2075=ORIENTED_EDGE('',*,*,#2818,.T.);
#2076=ORIENTED_EDGE('',*,*,#3242,.F.);
#2077=ORIENTED_EDGE('',*,*,#3149,.F.);
#2078=ORIENTED_EDGE('',*,*,#3243,.T.);
#2079=ORIENTED_EDGE('',*,*,#2819,.T.);
#2080=ORIENTED_EDGE('',*,*,#3243,.F.);
#2081=ORIENTED_EDGE('',*,*,#3148,.F.);
#2082=ORIENTED_EDGE('',*,*,#3244,.T.);
#2083=ORIENTED_EDGE('',*,*,#2820,.T.);
#2084=ORIENTED_EDGE('',*,*,#3244,.F.);
#2085=ORIENTED_EDGE('',*,*,#3147,.F.);
#2086=ORIENTED_EDGE('',*,*,#3245,.T.);
#2087=ORIENTED_EDGE('',*,*,#2821,.T.);
#2088=ORIENTED_EDGE('',*,*,#3245,.F.);
#2089=ORIENTED_EDGE('',*,*,#3146,.F.);
#2090=ORIENTED_EDGE('',*,*,#3246,.T.);
#2091=ORIENTED_EDGE('',*,*,#2822,.T.);
#2092=ORIENTED_EDGE('',*,*,#3246,.F.);
#2093=ORIENTED_EDGE('',*,*,#3145,.F.);
#2094=ORIENTED_EDGE('',*,*,#3247,.T.);
#2095=ORIENTED_EDGE('',*,*,#2823,.T.);
#2096=ORIENTED_EDGE('',*,*,#3247,.F.);
#2097=ORIENTED_EDGE('',*,*,#3144,.F.);
#2098=ORIENTED_EDGE('',*,*,#3248,.T.);
#2099=ORIENTED_EDGE('',*,*,#2824,.T.);
#2100=ORIENTED_EDGE('',*,*,#3248,.F.);
#2101=ORIENTED_EDGE('',*,*,#3143,.F.);
#2102=ORIENTED_EDGE('',*,*,#3249,.T.);
#2103=ORIENTED_EDGE('',*,*,#2825,.T.);
#2104=ORIENTED_EDGE('',*,*,#3249,.F.);
#2105=ORIENTED_EDGE('',*,*,#3142,.F.);
#2106=ORIENTED_EDGE('',*,*,#3250,.T.);
#2107=ORIENTED_EDGE('',*,*,#2826,.T.);
#2108=ORIENTED_EDGE('',*,*,#3250,.F.);
#2109=ORIENTED_EDGE('',*,*,#3141,.F.);
#2110=ORIENTED_EDGE('',*,*,#3251,.T.);
#2111=ORIENTED_EDGE('',*,*,#2827,.T.);
#2112=ORIENTED_EDGE('',*,*,#3251,.F.);
#2113=ORIENTED_EDGE('',*,*,#3140,.F.);
#2114=ORIENTED_EDGE('',*,*,#3252,.T.);
#2115=ORIENTED_EDGE('',*,*,#2828,.T.);
#2116=ORIENTED_EDGE('',*,*,#3252,.F.);
#2117=ORIENTED_EDGE('',*,*,#3139,.F.);
#2118=ORIENTED_EDGE('',*,*,#3253,.T.);
#2119=ORIENTED_EDGE('',*,*,#2829,.T.);
#2120=ORIENTED_EDGE('',*,*,#3253,.F.);
#2121=ORIENTED_EDGE('',*,*,#3138,.F.);
#2122=ORIENTED_EDGE('',*,*,#3254,.T.);
#2123=ORIENTED_EDGE('',*,*,#2830,.T.);
#2124=ORIENTED_EDGE('',*,*,#3254,.F.);
#2125=ORIENTED_EDGE('',*,*,#3137,.F.);
#2126=ORIENTED_EDGE('',*,*,#3255,.T.);
#2127=ORIENTED_EDGE('',*,*,#2831,.T.);
#2128=ORIENTED_EDGE('',*,*,#3255,.F.);
#2129=ORIENTED_EDGE('',*,*,#3136,.F.);
#2130=ORIENTED_EDGE('',*,*,#3256,.T.);
#2131=ORIENTED_EDGE('',*,*,#2832,.T.);
#2132=ORIENTED_EDGE('',*,*,#3256,.F.);
#2133=ORIENTED_EDGE('',*,*,#3135,.F.);
#2134=ORIENTED_EDGE('',*,*,#3257,.T.);
#2135=ORIENTED_EDGE('',*,*,#2833,.T.);
#2136=ORIENTED_EDGE('',*,*,#3257,.F.);
#2137=ORIENTED_EDGE('',*,*,#3134,.F.);
#2138=ORIENTED_EDGE('',*,*,#3258,.T.);
#2139=ORIENTED_EDGE('',*,*,#2834,.T.);
#2140=ORIENTED_EDGE('',*,*,#3258,.F.);
#2141=ORIENTED_EDGE('',*,*,#3133,.F.);
#2142=ORIENTED_EDGE('',*,*,#3259,.T.);
#2143=ORIENTED_EDGE('',*,*,#2835,.T.);
#2144=ORIENTED_EDGE('',*,*,#3259,.F.);
#2145=ORIENTED_EDGE('',*,*,#3132,.F.);
#2146=ORIENTED_EDGE('',*,*,#3260,.T.);
#2147=ORIENTED_EDGE('',*,*,#2836,.T.);
#2148=ORIENTED_EDGE('',*,*,#3260,.F.);
#2149=ORIENTED_EDGE('',*,*,#3131,.F.);
#2150=ORIENTED_EDGE('',*,*,#3261,.T.);
#2151=ORIENTED_EDGE('',*,*,#2837,.T.);
#2152=ORIENTED_EDGE('',*,*,#3261,.F.);
#2153=ORIENTED_EDGE('',*,*,#3130,.F.);
#2154=ORIENTED_EDGE('',*,*,#3262,.T.);
#2155=ORIENTED_EDGE('',*,*,#2838,.T.);
#2156=ORIENTED_EDGE('',*,*,#3262,.F.);
#2157=ORIENTED_EDGE('',*,*,#3129,.F.);
#2158=ORIENTED_EDGE('',*,*,#3263,.T.);
#2159=ORIENTED_EDGE('',*,*,#2839,.T.);
#2160=ORIENTED_EDGE('',*,*,#3263,.F.);
#2161=ORIENTED_EDGE('',*,*,#3128,.F.);
#2162=ORIENTED_EDGE('',*,*,#3264,.T.);
#2163=ORIENTED_EDGE('',*,*,#2840,.T.);
#2164=ORIENTED_EDGE('',*,*,#3264,.F.);
#2165=ORIENTED_EDGE('',*,*,#3127,.F.);
#2166=ORIENTED_EDGE('',*,*,#3265,.T.);
#2167=ORIENTED_EDGE('',*,*,#2841,.T.);
#2168=ORIENTED_EDGE('',*,*,#3265,.F.);
#2169=ORIENTED_EDGE('',*,*,#3126,.F.);
#2170=ORIENTED_EDGE('',*,*,#3266,.T.);
#2171=ORIENTED_EDGE('',*,*,#2842,.T.);
#2172=ORIENTED_EDGE('',*,*,#3266,.F.);
#2173=ORIENTED_EDGE('',*,*,#3125,.F.);
#2174=ORIENTED_EDGE('',*,*,#3267,.T.);
#2175=ORIENTED_EDGE('',*,*,#2843,.T.);
#2176=ORIENTED_EDGE('',*,*,#3267,.F.);
#2177=ORIENTED_EDGE('',*,*,#3124,.F.);
#2178=ORIENTED_EDGE('',*,*,#3268,.T.);
#2179=ORIENTED_EDGE('',*,*,#2844,.T.);
#2180=ORIENTED_EDGE('',*,*,#3268,.F.);
#2181=ORIENTED_EDGE('',*,*,#3123,.F.);
#2182=ORIENTED_EDGE('',*,*,#3269,.T.);
#2183=ORIENTED_EDGE('',*,*,#2845,.T.);
#2184=ORIENTED_EDGE('',*,*,#3269,.F.);
#2185=ORIENTED_EDGE('',*,*,#3122,.F.);
#2186=ORIENTED_EDGE('',*,*,#3270,.T.);
#2187=ORIENTED_EDGE('',*,*,#2846,.T.);
#2188=ORIENTED_EDGE('',*,*,#3270,.F.);
#2189=ORIENTED_EDGE('',*,*,#3121,.F.);
#2190=ORIENTED_EDGE('',*,*,#3271,.T.);
#2191=ORIENTED_EDGE('',*,*,#2847,.T.);
#2192=ORIENTED_EDGE('',*,*,#3271,.F.);
#2193=ORIENTED_EDGE('',*,*,#3120,.F.);
#2194=ORIENTED_EDGE('',*,*,#3272,.T.);
#2195=ORIENTED_EDGE('',*,*,#2848,.T.);
#2196=ORIENTED_EDGE('',*,*,#3272,.F.);
#2197=ORIENTED_EDGE('',*,*,#3119,.F.);
#2198=ORIENTED_EDGE('',*,*,#3273,.T.);
#2199=ORIENTED_EDGE('',*,*,#2849,.T.);
#2200=ORIENTED_EDGE('',*,*,#3273,.F.);
#2201=ORIENTED_EDGE('',*,*,#3118,.F.);
#2202=ORIENTED_EDGE('',*,*,#3274,.T.);
#2203=ORIENTED_EDGE('',*,*,#2850,.T.);
#2204=ORIENTED_EDGE('',*,*,#3274,.F.);
#2205=ORIENTED_EDGE('',*,*,#3117,.F.);
#2206=ORIENTED_EDGE('',*,*,#3275,.T.);
#2207=ORIENTED_EDGE('',*,*,#2851,.T.);
#2208=ORIENTED_EDGE('',*,*,#3275,.F.);
#2209=ORIENTED_EDGE('',*,*,#3116,.F.);
#2210=ORIENTED_EDGE('',*,*,#3276,.T.);
#2211=ORIENTED_EDGE('',*,*,#2852,.T.);
#2212=ORIENTED_EDGE('',*,*,#3276,.F.);
#2213=ORIENTED_EDGE('',*,*,#3115,.F.);
#2214=ORIENTED_EDGE('',*,*,#3277,.T.);
#2215=ORIENTED_EDGE('',*,*,#2853,.T.);
#2216=ORIENTED_EDGE('',*,*,#3277,.F.);
#2217=ORIENTED_EDGE('',*,*,#3114,.F.);
#2218=ORIENTED_EDGE('',*,*,#3278,.T.);
#2219=ORIENTED_EDGE('',*,*,#2854,.T.);
#2220=ORIENTED_EDGE('',*,*,#3278,.F.);
#2221=ORIENTED_EDGE('',*,*,#3113,.F.);
#2222=ORIENTED_EDGE('',*,*,#3279,.T.);
#2223=ORIENTED_EDGE('',*,*,#2855,.T.);
#2224=ORIENTED_EDGE('',*,*,#3279,.F.);
#2225=ORIENTED_EDGE('',*,*,#3112,.F.);
#2226=ORIENTED_EDGE('',*,*,#3280,.T.);
#2227=ORIENTED_EDGE('',*,*,#2856,.T.);
#2228=ORIENTED_EDGE('',*,*,#3280,.F.);
#2229=ORIENTED_EDGE('',*,*,#3111,.F.);
#2230=ORIENTED_EDGE('',*,*,#3281,.T.);
#2231=ORIENTED_EDGE('',*,*,#2857,.T.);
#2232=ORIENTED_EDGE('',*,*,#3281,.F.);
#2233=ORIENTED_EDGE('',*,*,#3110,.F.);
#2234=ORIENTED_EDGE('',*,*,#3282,.T.);
#2235=ORIENTED_EDGE('',*,*,#2858,.T.);
#2236=ORIENTED_EDGE('',*,*,#3282,.F.);
#2237=ORIENTED_EDGE('',*,*,#3109,.F.);
#2238=ORIENTED_EDGE('',*,*,#3283,.T.);
#2239=ORIENTED_EDGE('',*,*,#2859,.T.);
#2240=ORIENTED_EDGE('',*,*,#3283,.F.);
#2241=ORIENTED_EDGE('',*,*,#3108,.F.);
#2242=ORIENTED_EDGE('',*,*,#3284,.T.);
#2243=ORIENTED_EDGE('',*,*,#2860,.T.);
#2244=ORIENTED_EDGE('',*,*,#3284,.F.);
#2245=ORIENTED_EDGE('',*,*,#3107,.F.);
#2246=ORIENTED_EDGE('',*,*,#3285,.T.);
#2247=ORIENTED_EDGE('',*,*,#2861,.T.);
#2248=ORIENTED_EDGE('',*,*,#3285,.F.);
#2249=ORIENTED_EDGE('',*,*,#3106,.F.);
#2250=ORIENTED_EDGE('',*,*,#3286,.T.);
#2251=ORIENTED_EDGE('',*,*,#2862,.T.);
#2252=ORIENTED_EDGE('',*,*,#3286,.F.);
#2253=ORIENTED_EDGE('',*,*,#3105,.F.);
#2254=ORIENTED_EDGE('',*,*,#3287,.T.);
#2255=ORIENTED_EDGE('',*,*,#2863,.T.);
#2256=ORIENTED_EDGE('',*,*,#3287,.F.);
#2257=ORIENTED_EDGE('',*,*,#3104,.F.);
#2258=ORIENTED_EDGE('',*,*,#3288,.T.);
#2259=ORIENTED_EDGE('',*,*,#2864,.T.);
#2260=ORIENTED_EDGE('',*,*,#3288,.F.);
#2261=ORIENTED_EDGE('',*,*,#3103,.F.);
#2262=ORIENTED_EDGE('',*,*,#3289,.T.);
#2263=ORIENTED_EDGE('',*,*,#2865,.T.);
#2264=ORIENTED_EDGE('',*,*,#3289,.F.);
#2265=ORIENTED_EDGE('',*,*,#3102,.F.);
#2266=ORIENTED_EDGE('',*,*,#3290,.T.);
#2267=ORIENTED_EDGE('',*,*,#2866,.T.);
#2268=ORIENTED_EDGE('',*,*,#3290,.F.);
#2269=ORIENTED_EDGE('',*,*,#3101,.T.);
#2270=ORIENTED_EDGE('',*,*,#3291,.T.);
#2271=ORIENTED_EDGE('',*,*,#2867,.T.);
#2272=ORIENTED_EDGE('',*,*,#3291,.F.);
#2273=ORIENTED_EDGE('',*,*,#3100,.T.);
#2274=ORIENTED_EDGE('',*,*,#3292,.T.);
#2275=ORIENTED_EDGE('',*,*,#2868,.F.);
#2276=ORIENTED_EDGE('',*,*,#3292,.F.);
#2277=ORIENTED_EDGE('',*,*,#3099,.T.);
#2278=ORIENTED_EDGE('',*,*,#3293,.T.);
#2279=ORIENTED_EDGE('',*,*,#2869,.F.);
#2280=ORIENTED_EDGE('',*,*,#3293,.F.);
#2281=ORIENTED_EDGE('',*,*,#3098,.T.);
#2282=ORIENTED_EDGE('',*,*,#3294,.T.);
#2283=ORIENTED_EDGE('',*,*,#2870,.F.);
#2284=ORIENTED_EDGE('',*,*,#3294,.F.);
#2285=ORIENTED_EDGE('',*,*,#3097,.T.);
#2286=ORIENTED_EDGE('',*,*,#3295,.T.);
#2287=ORIENTED_EDGE('',*,*,#2871,.F.);
#2288=ORIENTED_EDGE('',*,*,#3295,.F.);
#2289=ORIENTED_EDGE('',*,*,#3096,.T.);
#2290=ORIENTED_EDGE('',*,*,#3296,.T.);
#2291=ORIENTED_EDGE('',*,*,#2872,.F.);
#2292=ORIENTED_EDGE('',*,*,#3296,.F.);
#2293=ORIENTED_EDGE('',*,*,#3095,.T.);
#2294=ORIENTED_EDGE('',*,*,#3297,.T.);
#2295=ORIENTED_EDGE('',*,*,#2873,.F.);
#2296=ORIENTED_EDGE('',*,*,#3297,.F.);
#2297=ORIENTED_EDGE('',*,*,#3094,.T.);
#2298=ORIENTED_EDGE('',*,*,#3298,.T.);
#2299=ORIENTED_EDGE('',*,*,#2874,.F.);
#2300=ORIENTED_EDGE('',*,*,#3298,.F.);
#2301=ORIENTED_EDGE('',*,*,#3093,.T.);
#2302=ORIENTED_EDGE('',*,*,#3299,.T.);
#2303=ORIENTED_EDGE('',*,*,#2875,.F.);
#2304=ORIENTED_EDGE('',*,*,#3299,.F.);
#2305=ORIENTED_EDGE('',*,*,#3092,.T.);
#2306=ORIENTED_EDGE('',*,*,#3300,.T.);
#2307=ORIENTED_EDGE('',*,*,#2876,.F.);
#2308=ORIENTED_EDGE('',*,*,#3300,.F.);
#2309=ORIENTED_EDGE('',*,*,#3091,.T.);
#2310=ORIENTED_EDGE('',*,*,#3301,.T.);
#2311=ORIENTED_EDGE('',*,*,#2877,.F.);
#2312=ORIENTED_EDGE('',*,*,#3301,.F.);
#2313=ORIENTED_EDGE('',*,*,#3090,.T.);
#2314=ORIENTED_EDGE('',*,*,#3302,.T.);
#2315=ORIENTED_EDGE('',*,*,#2878,.F.);
#2316=ORIENTED_EDGE('',*,*,#3302,.F.);
#2317=ORIENTED_EDGE('',*,*,#3089,.T.);
#2318=ORIENTED_EDGE('',*,*,#3303,.T.);
#2319=ORIENTED_EDGE('',*,*,#2879,.F.);
#2320=ORIENTED_EDGE('',*,*,#3303,.F.);
#2321=ORIENTED_EDGE('',*,*,#3088,.T.);
#2322=ORIENTED_EDGE('',*,*,#3304,.T.);
#2323=ORIENTED_EDGE('',*,*,#2880,.F.);
#2324=ORIENTED_EDGE('',*,*,#3304,.F.);
#2325=ORIENTED_EDGE('',*,*,#3087,.T.);
#2326=ORIENTED_EDGE('',*,*,#3305,.T.);
#2327=ORIENTED_EDGE('',*,*,#2881,.F.);
#2328=ORIENTED_EDGE('',*,*,#3305,.F.);
#2329=ORIENTED_EDGE('',*,*,#3086,.T.);
#2330=ORIENTED_EDGE('',*,*,#3306,.T.);
#2331=ORIENTED_EDGE('',*,*,#2882,.F.);
#2332=ORIENTED_EDGE('',*,*,#3306,.F.);
#2333=ORIENTED_EDGE('',*,*,#3085,.T.);
#2334=ORIENTED_EDGE('',*,*,#3307,.T.);
#2335=ORIENTED_EDGE('',*,*,#2883,.F.);
#2336=ORIENTED_EDGE('',*,*,#3307,.F.);
#2337=ORIENTED_EDGE('',*,*,#3084,.T.);
#2338=ORIENTED_EDGE('',*,*,#3308,.T.);
#2339=ORIENTED_EDGE('',*,*,#2884,.F.);
#2340=ORIENTED_EDGE('',*,*,#3308,.F.);
#2341=ORIENTED_EDGE('',*,*,#3083,.T.);
#2342=ORIENTED_EDGE('',*,*,#3309,.T.);
#2343=ORIENTED_EDGE('',*,*,#2885,.F.);
#2344=ORIENTED_EDGE('',*,*,#3309,.F.);
#2345=ORIENTED_EDGE('',*,*,#3082,.T.);
#2346=ORIENTED_EDGE('',*,*,#3310,.T.);
#2347=ORIENTED_EDGE('',*,*,#2886,.F.);
#2348=ORIENTED_EDGE('',*,*,#3310,.F.);
#2349=ORIENTED_EDGE('',*,*,#3081,.T.);
#2350=ORIENTED_EDGE('',*,*,#3311,.T.);
#2351=ORIENTED_EDGE('',*,*,#2887,.F.);
#2352=ORIENTED_EDGE('',*,*,#3311,.F.);
#2353=ORIENTED_EDGE('',*,*,#3080,.T.);
#2354=ORIENTED_EDGE('',*,*,#3312,.T.);
#2355=ORIENTED_EDGE('',*,*,#2888,.F.);
#2356=ORIENTED_EDGE('',*,*,#3312,.F.);
#2357=ORIENTED_EDGE('',*,*,#3079,.T.);
#2358=ORIENTED_EDGE('',*,*,#3313,.T.);
#2359=ORIENTED_EDGE('',*,*,#2889,.F.);
#2360=ORIENTED_EDGE('',*,*,#3313,.F.);
#2361=ORIENTED_EDGE('',*,*,#3078,.T.);
#2362=ORIENTED_EDGE('',*,*,#3314,.T.);
#2363=ORIENTED_EDGE('',*,*,#2890,.F.);
#2364=ORIENTED_EDGE('',*,*,#3314,.F.);
#2365=ORIENTED_EDGE('',*,*,#3077,.T.);
#2366=ORIENTED_EDGE('',*,*,#3315,.T.);
#2367=ORIENTED_EDGE('',*,*,#2891,.F.);
#2368=ORIENTED_EDGE('',*,*,#3315,.F.);
#2369=ORIENTED_EDGE('',*,*,#3076,.T.);
#2370=ORIENTED_EDGE('',*,*,#3316,.T.);
#2371=ORIENTED_EDGE('',*,*,#2892,.F.);
#2372=ORIENTED_EDGE('',*,*,#3316,.F.);
#2373=ORIENTED_EDGE('',*,*,#3075,.T.);
#2374=ORIENTED_EDGE('',*,*,#3317,.T.);
#2375=ORIENTED_EDGE('',*,*,#2893,.F.);
#2376=ORIENTED_EDGE('',*,*,#3317,.F.);
#2377=ORIENTED_EDGE('',*,*,#3074,.T.);
#2378=ORIENTED_EDGE('',*,*,#3318,.T.);
#2379=ORIENTED_EDGE('',*,*,#2894,.F.);
#2380=ORIENTED_EDGE('',*,*,#3318,.F.);
#2381=ORIENTED_EDGE('',*,*,#3073,.T.);
#2382=ORIENTED_EDGE('',*,*,#3319,.T.);
#2383=ORIENTED_EDGE('',*,*,#2895,.F.);
#2384=ORIENTED_EDGE('',*,*,#3319,.F.);
#2385=ORIENTED_EDGE('',*,*,#3072,.T.);
#2386=ORIENTED_EDGE('',*,*,#3320,.T.);
#2387=ORIENTED_EDGE('',*,*,#2896,.F.);
#2388=ORIENTED_EDGE('',*,*,#3320,.F.);
#2389=ORIENTED_EDGE('',*,*,#3071,.T.);
#2390=ORIENTED_EDGE('',*,*,#3321,.T.);
#2391=ORIENTED_EDGE('',*,*,#2897,.F.);
#2392=ORIENTED_EDGE('',*,*,#3321,.F.);
#2393=ORIENTED_EDGE('',*,*,#3070,.T.);
#2394=ORIENTED_EDGE('',*,*,#3322,.T.);
#2395=ORIENTED_EDGE('',*,*,#2898,.F.);
#2396=ORIENTED_EDGE('',*,*,#3322,.F.);
#2397=ORIENTED_EDGE('',*,*,#3069,.T.);
#2398=ORIENTED_EDGE('',*,*,#3323,.T.);
#2399=ORIENTED_EDGE('',*,*,#2899,.F.);
#2400=ORIENTED_EDGE('',*,*,#3323,.F.);
#2401=ORIENTED_EDGE('',*,*,#3068,.T.);
#2402=ORIENTED_EDGE('',*,*,#3324,.T.);
#2403=ORIENTED_EDGE('',*,*,#2900,.F.);
#2404=ORIENTED_EDGE('',*,*,#3324,.F.);
#2405=ORIENTED_EDGE('',*,*,#3067,.T.);
#2406=ORIENTED_EDGE('',*,*,#3325,.T.);
#2407=ORIENTED_EDGE('',*,*,#2901,.F.);
#2408=ORIENTED_EDGE('',*,*,#3325,.F.);
#2409=ORIENTED_EDGE('',*,*,#3066,.T.);
#2410=ORIENTED_EDGE('',*,*,#3326,.T.);
#2411=ORIENTED_EDGE('',*,*,#2902,.F.);
#2412=ORIENTED_EDGE('',*,*,#3326,.F.);
#2413=ORIENTED_EDGE('',*,*,#3065,.T.);
#2414=ORIENTED_EDGE('',*,*,#3327,.T.);
#2415=ORIENTED_EDGE('',*,*,#2903,.F.);
#2416=ORIENTED_EDGE('',*,*,#3327,.F.);
#2417=ORIENTED_EDGE('',*,*,#3064,.T.);
#2418=ORIENTED_EDGE('',*,*,#3328,.T.);
#2419=ORIENTED_EDGE('',*,*,#2904,.F.);
#2420=ORIENTED_EDGE('',*,*,#3328,.F.);
#2421=ORIENTED_EDGE('',*,*,#3063,.T.);
#2422=ORIENTED_EDGE('',*,*,#3329,.T.);
#2423=ORIENTED_EDGE('',*,*,#2905,.F.);
#2424=ORIENTED_EDGE('',*,*,#3329,.F.);
#2425=ORIENTED_EDGE('',*,*,#3062,.T.);
#2426=ORIENTED_EDGE('',*,*,#3330,.T.);
#2427=ORIENTED_EDGE('',*,*,#2906,.F.);
#2428=ORIENTED_EDGE('',*,*,#3330,.F.);
#2429=ORIENTED_EDGE('',*,*,#3061,.T.);
#2430=ORIENTED_EDGE('',*,*,#3331,.T.);
#2431=ORIENTED_EDGE('',*,*,#2907,.F.);
#2432=ORIENTED_EDGE('',*,*,#3331,.F.);
#2433=ORIENTED_EDGE('',*,*,#3060,.T.);
#2434=ORIENTED_EDGE('',*,*,#3332,.T.);
#2435=ORIENTED_EDGE('',*,*,#2908,.F.);
#2436=ORIENTED_EDGE('',*,*,#3332,.F.);
#2437=ORIENTED_EDGE('',*,*,#3059,.T.);
#2438=ORIENTED_EDGE('',*,*,#3333,.T.);
#2439=ORIENTED_EDGE('',*,*,#2909,.F.);
#2440=ORIENTED_EDGE('',*,*,#3333,.F.);
#2441=ORIENTED_EDGE('',*,*,#3058,.T.);
#2442=ORIENTED_EDGE('',*,*,#3334,.T.);
#2443=ORIENTED_EDGE('',*,*,#2910,.F.);
#2444=ORIENTED_EDGE('',*,*,#3334,.F.);
#2445=ORIENTED_EDGE('',*,*,#3057,.T.);
#2446=ORIENTED_EDGE('',*,*,#3335,.T.);
#2447=ORIENTED_EDGE('',*,*,#2911,.F.);
#2448=ORIENTED_EDGE('',*,*,#3335,.F.);
#2449=ORIENTED_EDGE('',*,*,#3056,.T.);
#2450=ORIENTED_EDGE('',*,*,#3336,.T.);
#2451=ORIENTED_EDGE('',*,*,#2912,.F.);
#2452=ORIENTED_EDGE('',*,*,#3336,.F.);
#2453=ORIENTED_EDGE('',*,*,#3055,.T.);
#2454=ORIENTED_EDGE('',*,*,#3337,.T.);
#2455=ORIENTED_EDGE('',*,*,#2913,.F.);
#2456=ORIENTED_EDGE('',*,*,#3337,.F.);
#2457=ORIENTED_EDGE('',*,*,#3054,.T.);
#2458=ORIENTED_EDGE('',*,*,#3338,.T.);
#2459=ORIENTED_EDGE('',*,*,#2914,.F.);
#2460=ORIENTED_EDGE('',*,*,#3338,.F.);
#2461=ORIENTED_EDGE('',*,*,#3053,.T.);
#2462=ORIENTED_EDGE('',*,*,#3339,.T.);
#2463=ORIENTED_EDGE('',*,*,#2915,.F.);
#2464=ORIENTED_EDGE('',*,*,#3339,.F.);
#2465=ORIENTED_EDGE('',*,*,#3052,.T.);
#2466=ORIENTED_EDGE('',*,*,#3340,.T.);
#2467=ORIENTED_EDGE('',*,*,#2916,.F.);
#2468=ORIENTED_EDGE('',*,*,#3340,.F.);
#2469=ORIENTED_EDGE('',*,*,#3051,.T.);
#2470=ORIENTED_EDGE('',*,*,#3341,.T.);
#2471=ORIENTED_EDGE('',*,*,#2917,.F.);
#2472=ORIENTED_EDGE('',*,*,#3341,.F.);
#2473=ORIENTED_EDGE('',*,*,#3050,.T.);
#2474=ORIENTED_EDGE('',*,*,#3342,.T.);
#2475=ORIENTED_EDGE('',*,*,#2918,.F.);
#2476=ORIENTED_EDGE('',*,*,#3342,.F.);
#2477=ORIENTED_EDGE('',*,*,#3049,.T.);
#2478=ORIENTED_EDGE('',*,*,#3343,.T.);
#2479=ORIENTED_EDGE('',*,*,#2919,.F.);
#2480=ORIENTED_EDGE('',*,*,#3343,.F.);
#2481=ORIENTED_EDGE('',*,*,#3048,.T.);
#2482=ORIENTED_EDGE('',*,*,#3344,.T.);
#2483=ORIENTED_EDGE('',*,*,#2920,.F.);
#2484=ORIENTED_EDGE('',*,*,#3344,.F.);
#2485=ORIENTED_EDGE('',*,*,#3047,.T.);
#2486=ORIENTED_EDGE('',*,*,#3345,.T.);
#2487=ORIENTED_EDGE('',*,*,#2921,.F.);
#2488=ORIENTED_EDGE('',*,*,#3345,.F.);
#2489=ORIENTED_EDGE('',*,*,#3046,.T.);
#2490=ORIENTED_EDGE('',*,*,#3346,.T.);
#2491=ORIENTED_EDGE('',*,*,#2922,.F.);
#2492=ORIENTED_EDGE('',*,*,#3346,.F.);
#2493=ORIENTED_EDGE('',*,*,#3045,.T.);
#2494=ORIENTED_EDGE('',*,*,#3347,.T.);
#2495=ORIENTED_EDGE('',*,*,#2923,.F.);
#2496=ORIENTED_EDGE('',*,*,#3347,.F.);
#2497=ORIENTED_EDGE('',*,*,#3044,.T.);
#2498=ORIENTED_EDGE('',*,*,#3348,.T.);
#2499=ORIENTED_EDGE('',*,*,#2924,.F.);
#2500=ORIENTED_EDGE('',*,*,#3348,.F.);
#2501=ORIENTED_EDGE('',*,*,#3043,.T.);
#2502=ORIENTED_EDGE('',*,*,#3349,.T.);
#2503=ORIENTED_EDGE('',*,*,#2925,.F.);
#2504=ORIENTED_EDGE('',*,*,#3349,.F.);
#2505=ORIENTED_EDGE('',*,*,#3042,.T.);
#2506=ORIENTED_EDGE('',*,*,#3350,.T.);
#2507=ORIENTED_EDGE('',*,*,#2926,.F.);
#2508=ORIENTED_EDGE('',*,*,#3350,.F.);
#2509=ORIENTED_EDGE('',*,*,#3041,.T.);
#2510=ORIENTED_EDGE('',*,*,#3351,.T.);
#2511=ORIENTED_EDGE('',*,*,#2927,.F.);
#2512=ORIENTED_EDGE('',*,*,#3351,.F.);
#2513=ORIENTED_EDGE('',*,*,#3040,.T.);
#2514=ORIENTED_EDGE('',*,*,#3352,.T.);
#2515=ORIENTED_EDGE('',*,*,#2928,.F.);
#2516=ORIENTED_EDGE('',*,*,#3352,.F.);
#2517=ORIENTED_EDGE('',*,*,#3039,.T.);
#2518=ORIENTED_EDGE('',*,*,#3353,.T.);
#2519=ORIENTED_EDGE('',*,*,#2929,.F.);
#2520=ORIENTED_EDGE('',*,*,#3353,.F.);
#2521=ORIENTED_EDGE('',*,*,#3038,.T.);
#2522=ORIENTED_EDGE('',*,*,#3354,.T.);
#2523=ORIENTED_EDGE('',*,*,#2930,.F.);
#2524=ORIENTED_EDGE('',*,*,#3354,.F.);
#2525=ORIENTED_EDGE('',*,*,#3037,.T.);
#2526=ORIENTED_EDGE('',*,*,#3355,.T.);
#2527=ORIENTED_EDGE('',*,*,#2931,.F.);
#2528=ORIENTED_EDGE('',*,*,#3355,.F.);
#2529=ORIENTED_EDGE('',*,*,#3036,.T.);
#2530=ORIENTED_EDGE('',*,*,#3356,.T.);
#2531=ORIENTED_EDGE('',*,*,#2932,.F.);
#2532=ORIENTED_EDGE('',*,*,#3356,.F.);
#2533=ORIENTED_EDGE('',*,*,#3035,.T.);
#2534=ORIENTED_EDGE('',*,*,#3357,.T.);
#2535=ORIENTED_EDGE('',*,*,#2933,.F.);
#2536=ORIENTED_EDGE('',*,*,#3357,.F.);
#2537=ORIENTED_EDGE('',*,*,#3034,.T.);
#2538=ORIENTED_EDGE('',*,*,#3358,.T.);
#2539=ORIENTED_EDGE('',*,*,#2934,.F.);
#2540=ORIENTED_EDGE('',*,*,#3358,.F.);
#2541=ORIENTED_EDGE('',*,*,#3033,.T.);
#2542=ORIENTED_EDGE('',*,*,#3359,.T.);
#2543=ORIENTED_EDGE('',*,*,#2935,.F.);
#2544=ORIENTED_EDGE('',*,*,#3359,.F.);
#2545=ORIENTED_EDGE('',*,*,#3032,.T.);
#2546=ORIENTED_EDGE('',*,*,#3360,.T.);
#2547=ORIENTED_EDGE('',*,*,#2936,.F.);
#2548=ORIENTED_EDGE('',*,*,#3360,.F.);
#2549=ORIENTED_EDGE('',*,*,#3031,.T.);
#2550=ORIENTED_EDGE('',*,*,#3361,.T.);
#2551=ORIENTED_EDGE('',*,*,#2937,.F.);
#2552=ORIENTED_EDGE('',*,*,#3361,.F.);
#2553=ORIENTED_EDGE('',*,*,#3030,.T.);
#2554=ORIENTED_EDGE('',*,*,#3362,.T.);
#2555=ORIENTED_EDGE('',*,*,#2938,.F.);
#2556=ORIENTED_EDGE('',*,*,#3362,.F.);
#2557=ORIENTED_EDGE('',*,*,#3029,.T.);
#2558=ORIENTED_EDGE('',*,*,#3363,.T.);
#2559=ORIENTED_EDGE('',*,*,#2939,.F.);
#2560=ORIENTED_EDGE('',*,*,#3363,.F.);
#2561=ORIENTED_EDGE('',*,*,#3028,.T.);
#2562=ORIENTED_EDGE('',*,*,#3364,.T.);
#2563=ORIENTED_EDGE('',*,*,#2940,.F.);
#2564=ORIENTED_EDGE('',*,*,#3364,.F.);
#2565=ORIENTED_EDGE('',*,*,#3027,.T.);
#2566=ORIENTED_EDGE('',*,*,#3365,.T.);
#2567=ORIENTED_EDGE('',*,*,#2941,.F.);
#2568=ORIENTED_EDGE('',*,*,#3365,.F.);
#2569=ORIENTED_EDGE('',*,*,#3026,.T.);
#2570=ORIENTED_EDGE('',*,*,#3366,.T.);
#2571=ORIENTED_EDGE('',*,*,#2942,.F.);
#2572=ORIENTED_EDGE('',*,*,#3366,.F.);
#2573=ORIENTED_EDGE('',*,*,#3025,.T.);
#2574=ORIENTED_EDGE('',*,*,#3367,.T.);
#2575=ORIENTED_EDGE('',*,*,#2943,.F.);
#2576=ORIENTED_EDGE('',*,*,#3367,.F.);
#2577=ORIENTED_EDGE('',*,*,#3024,.T.);
#2578=ORIENTED_EDGE('',*,*,#3368,.T.);
#2579=ORIENTED_EDGE('',*,*,#2944,.F.);
#2580=ORIENTED_EDGE('',*,*,#3368,.F.);
#2581=ORIENTED_EDGE('',*,*,#3023,.T.);
#2582=ORIENTED_EDGE('',*,*,#3369,.T.);
#2583=ORIENTED_EDGE('',*,*,#2945,.F.);
#2584=ORIENTED_EDGE('',*,*,#3369,.F.);
#2585=ORIENTED_EDGE('',*,*,#3022,.T.);
#2586=ORIENTED_EDGE('',*,*,#3370,.T.);
#2587=ORIENTED_EDGE('',*,*,#2946,.F.);
#2588=ORIENTED_EDGE('',*,*,#3370,.F.);
#2589=ORIENTED_EDGE('',*,*,#3021,.T.);
#2590=ORIENTED_EDGE('',*,*,#3371,.T.);
#2591=ORIENTED_EDGE('',*,*,#2947,.F.);
#2592=ORIENTED_EDGE('',*,*,#3371,.F.);
#2593=ORIENTED_EDGE('',*,*,#3020,.T.);
#2594=ORIENTED_EDGE('',*,*,#3372,.T.);
#2595=ORIENTED_EDGE('',*,*,#2948,.F.);
#2596=ORIENTED_EDGE('',*,*,#3372,.F.);
#2597=ORIENTED_EDGE('',*,*,#3019,.T.);
#2598=ORIENTED_EDGE('',*,*,#3373,.T.);
#2599=ORIENTED_EDGE('',*,*,#2949,.F.);
#2600=ORIENTED_EDGE('',*,*,#3373,.F.);
#2601=ORIENTED_EDGE('',*,*,#3018,.T.);
#2602=ORIENTED_EDGE('',*,*,#3374,.T.);
#2603=ORIENTED_EDGE('',*,*,#2950,.F.);
#2604=ORIENTED_EDGE('',*,*,#3374,.F.);
#2605=ORIENTED_EDGE('',*,*,#3017,.T.);
#2606=ORIENTED_EDGE('',*,*,#3375,.T.);
#2607=ORIENTED_EDGE('',*,*,#2951,.F.);
#2608=ORIENTED_EDGE('',*,*,#3375,.F.);
#2609=ORIENTED_EDGE('',*,*,#3016,.T.);
#2610=ORIENTED_EDGE('',*,*,#3376,.T.);
#2611=ORIENTED_EDGE('',*,*,#2952,.F.);
#2612=ORIENTED_EDGE('',*,*,#3376,.F.);
#2613=ORIENTED_EDGE('',*,*,#3015,.T.);
#2614=ORIENTED_EDGE('',*,*,#3377,.T.);
#2615=ORIENTED_EDGE('',*,*,#2953,.F.);
#2616=ORIENTED_EDGE('',*,*,#3377,.F.);
#2617=ORIENTED_EDGE('',*,*,#3014,.T.);
#2618=ORIENTED_EDGE('',*,*,#3378,.T.);
#2619=ORIENTED_EDGE('',*,*,#2954,.F.);
#2620=ORIENTED_EDGE('',*,*,#3378,.F.);
#2621=ORIENTED_EDGE('',*,*,#3013,.T.);
#2622=ORIENTED_EDGE('',*,*,#3379,.T.);
#2623=ORIENTED_EDGE('',*,*,#2955,.F.);
#2624=ORIENTED_EDGE('',*,*,#3198,.F.);
#2625=ORIENTED_EDGE('',*,*,#2956,.F.);
#2626=ORIENTED_EDGE('',*,*,#3379,.F.);
#2627=ORIENTED_EDGE('',*,*,#3012,.T.);
#2628=ORIENTED_EDGE('',*,*,#2958,.T.);
#2629=ORIENTED_EDGE('',*,*,#3197,.F.);
#2630=ORIENTED_EDGE('',*,*,#2959,.T.);
#2631=ORIENTED_EDGE('',*,*,#3196,.F.);
#2632=ORIENTED_EDGE('',*,*,#2960,.T.);
#2633=ORIENTED_EDGE('',*,*,#3195,.F.);
#2634=ORIENTED_EDGE('',*,*,#2961,.T.);
#2635=ORIENTED_EDGE('',*,*,#3194,.F.);
#2636=ORIENTED_EDGE('',*,*,#2962,.T.);
#2637=ORIENTED_EDGE('',*,*,#3193,.F.);
#2638=ORIENTED_EDGE('',*,*,#2963,.F.);
#2639=ORIENTED_EDGE('',*,*,#3192,.T.);
#2640=ORIENTED_EDGE('',*,*,#2964,.F.);
#2641=ORIENTED_EDGE('',*,*,#3191,.T.);
#2642=ORIENTED_EDGE('',*,*,#3008,.T.);
#2643=ORIENTED_EDGE('',*,*,#2775,.F.);
#2644=ORIENTED_EDGE('',*,*,#3007,.T.);
#2645=ORIENTED_EDGE('',*,*,#2774,.F.);
#2646=ORIENTED_EDGE('',*,*,#3006,.T.);
#2647=ORIENTED_EDGE('',*,*,#2773,.F.);
#2648=ORIENTED_EDGE('',*,*,#3005,.T.);
#2649=ORIENTED_EDGE('',*,*,#2772,.F.);
#2650=ORIENTED_EDGE('',*,*,#3004,.T.);
#2651=ORIENTED_EDGE('',*,*,#2771,.F.);
#2652=ORIENTED_EDGE('',*,*,#3003,.T.);
#2653=ORIENTED_EDGE('',*,*,#2770,.F.);
#2654=ORIENTED_EDGE('',*,*,#3002,.T.);
#2655=ORIENTED_EDGE('',*,*,#2769,.F.);
#2656=ORIENTED_EDGE('',*,*,#3001,.T.);
#2657=ORIENTED_EDGE('',*,*,#2768,.F.);
#2658=ORIENTED_EDGE('',*,*,#3000,.T.);
#2659=ORIENTED_EDGE('',*,*,#2767,.F.);
#2660=ORIENTED_EDGE('',*,*,#2999,.T.);
#2661=ORIENTED_EDGE('',*,*,#2766,.F.);
#2662=ORIENTED_EDGE('',*,*,#2998,.T.);
#2663=ORIENTED_EDGE('',*,*,#2765,.F.);
#2664=ORIENTED_EDGE('',*,*,#2997,.T.);
#2665=ORIENTED_EDGE('',*,*,#2764,.F.);
#2666=ORIENTED_EDGE('',*,*,#2996,.T.);
#2667=ORIENTED_EDGE('',*,*,#2763,.F.);
#2668=ORIENTED_EDGE('',*,*,#2995,.T.);
#2669=ORIENTED_EDGE('',*,*,#2762,.F.);
#2670=ORIENTED_EDGE('',*,*,#2994,.T.);
#2671=ORIENTED_EDGE('',*,*,#2761,.F.);
#2672=ORIENTED_EDGE('',*,*,#2993,.T.);
#2673=ORIENTED_EDGE('',*,*,#2760,.F.);
#2674=ORIENTED_EDGE('',*,*,#2992,.T.);
#2675=ORIENTED_EDGE('',*,*,#2759,.F.);
#2676=ORIENTED_EDGE('',*,*,#2991,.T.);
#2677=ORIENTED_EDGE('',*,*,#2758,.F.);
#2678=ORIENTED_EDGE('',*,*,#2990,.T.);
#2679=ORIENTED_EDGE('',*,*,#2757,.F.);
#2680=ORIENTED_EDGE('',*,*,#2989,.T.);
#2681=ORIENTED_EDGE('',*,*,#2756,.F.);
#2682=ORIENTED_EDGE('',*,*,#2988,.T.);
#2683=ORIENTED_EDGE('',*,*,#2755,.F.);
#2684=ORIENTED_EDGE('',*,*,#2987,.T.);
#2685=ORIENTED_EDGE('',*,*,#2754,.F.);
#2686=ORIENTED_EDGE('',*,*,#2986,.T.);
#2687=ORIENTED_EDGE('',*,*,#2753,.F.);
#2688=ORIENTED_EDGE('',*,*,#2985,.T.);
#2689=ORIENTED_EDGE('',*,*,#2752,.F.);
#2690=ORIENTED_EDGE('',*,*,#2984,.T.);
#2691=ORIENTED_EDGE('',*,*,#2751,.F.);
#2692=ORIENTED_EDGE('',*,*,#2983,.T.);
#2693=ORIENTED_EDGE('',*,*,#2750,.F.);
#2694=ORIENTED_EDGE('',*,*,#2982,.T.);
#2695=ORIENTED_EDGE('',*,*,#2749,.F.);
#2696=ORIENTED_EDGE('',*,*,#2981,.T.);
#2697=ORIENTED_EDGE('',*,*,#2748,.F.);
#2698=ORIENTED_EDGE('',*,*,#2980,.T.);
#2699=ORIENTED_EDGE('',*,*,#2747,.F.);
#2700=ORIENTED_EDGE('',*,*,#2979,.T.);
#2701=ORIENTED_EDGE('',*,*,#2746,.F.);
#2702=ORIENTED_EDGE('',*,*,#2978,.T.);
#2703=ORIENTED_EDGE('',*,*,#2745,.F.);
#2704=ORIENTED_EDGE('',*,*,#2977,.T.);
#2705=ORIENTED_EDGE('',*,*,#2744,.F.);
#2706=ORIENTED_EDGE('',*,*,#2976,.T.);
#2707=ORIENTED_EDGE('',*,*,#2743,.F.);
#2708=ORIENTED_EDGE('',*,*,#2975,.T.);
#2709=ORIENTED_EDGE('',*,*,#2742,.F.);
#2710=ORIENTED_EDGE('',*,*,#2974,.T.);
#2711=ORIENTED_EDGE('',*,*,#2741,.F.);
#2712=ORIENTED_EDGE('',*,*,#2973,.T.);
#2713=ORIENTED_EDGE('',*,*,#2740,.F.);
#2714=ORIENTED_EDGE('',*,*,#2972,.T.);
#2715=ORIENTED_EDGE('',*,*,#2739,.F.);
#2716=ORIENTED_EDGE('',*,*,#2971,.T.);
#2717=ORIENTED_EDGE('',*,*,#2738,.F.);
#2718=ORIENTED_EDGE('',*,*,#2970,.T.);
#2719=ORIENTED_EDGE('',*,*,#2737,.F.);
#2720=ORIENTED_EDGE('',*,*,#2969,.T.);
#2721=ORIENTED_EDGE('',*,*,#2736,.F.);
#2722=ORIENTED_EDGE('',*,*,#2735,.T.);
#2723=ORIENTED_EDGE('',*,*,#2968,.T.);
#2724=ORIENTED_EDGE('',*,*,#2734,.T.);
#2725=ORIENTED_EDGE('',*,*,#2967,.T.);
#2726=ORIENTED_EDGE('',*,*,#2733,.T.);
#2727=ORIENTED_EDGE('',*,*,#2966,.T.);
#2728=ORIENTED_EDGE('',*,*,#2732,.T.);
#2729=ORIENTED_EDGE('',*,*,#2965,.T.);
#2730=EDGE_CURVE('',#3380,#3380,#3848,.T.);
#2731=EDGE_CURVE('',#3381,#3381,#3849,.T.);
#2732=EDGE_CURVE('',#3382,#3382,#1149,.T.);
#2733=EDGE_CURVE('',#3383,#3383,#1150,.T.);
#2734=EDGE_CURVE('',#3384,#3384,#1151,.T.);
#2735=EDGE_CURVE('',#3385,#3385,#1152,.T.);
#2736=EDGE_CURVE('',#3386,#3386,#1153,.F.);
#2737=EDGE_CURVE('',#3387,#3387,#1154,.F.);
#2738=EDGE_CURVE('',#3388,#3388,#1155,.F.);
#2739=EDGE_CURVE('',#3389,#3389,#1156,.F.);
#2740=EDGE_CURVE('',#3390,#3390,#1157,.F.);
#2741=EDGE_CURVE('',#3391,#3391,#1158,.F.);
#2742=EDGE_CURVE('',#3392,#3392,#1159,.F.);
#2743=EDGE_CURVE('',#3393,#3393,#1160,.F.);
#2744=EDGE_CURVE('',#3394,#3394,#1161,.F.);
#2745=EDGE_CURVE('',#3395,#3395,#1162,.F.);
#2746=EDGE_CURVE('',#3396,#3396,#1163,.F.);
#2747=EDGE_CURVE('',#3397,#3397,#1164,.F.);
#2748=EDGE_CURVE('',#3398,#3398,#1165,.F.);
#2749=EDGE_CURVE('',#3399,#3399,#1166,.F.);
#2750=EDGE_CURVE('',#3400,#3400,#1167,.F.);
#2751=EDGE_CURVE('',#3401,#3401,#1168,.F.);
#2752=EDGE_CURVE('',#3402,#3402,#1169,.F.);
#2753=EDGE_CURVE('',#3403,#3403,#1170,.F.);
#2754=EDGE_CURVE('',#3404,#3404,#1171,.F.);
#2755=EDGE_CURVE('',#3405,#3405,#1172,.F.);
#2756=EDGE_CURVE('',#3406,#3406,#1173,.F.);
#2757=EDGE_CURVE('',#3407,#3407,#1174,.F.);
#2758=EDGE_CURVE('',#3408,#3408,#1175,.F.);
#2759=EDGE_CURVE('',#3409,#3409,#1176,.F.);
#2760=EDGE_CURVE('',#3410,#3410,#1177,.F.);
#2761=EDGE_CURVE('',#3411,#3411,#1178,.F.);
#2762=EDGE_CURVE('',#3412,#3412,#1179,.F.);
#2763=EDGE_CURVE('',#3413,#3413,#1180,.F.);
#2764=EDGE_CURVE('',#3414,#3414,#1181,.F.);
#2765=EDGE_CURVE('',#3415,#3415,#1182,.F.);
#2766=EDGE_CURVE('',#3416,#3416,#1183,.F.);
#2767=EDGE_CURVE('',#3417,#3417,#1184,.F.);
#2768=EDGE_CURVE('',#3418,#3418,#1185,.F.);
#2769=EDGE_CURVE('',#3419,#3419,#1186,.F.);
#2770=EDGE_CURVE('',#3420,#3420,#1187,.F.);
#2771=EDGE_CURVE('',#3421,#3421,#1188,.F.);
#2772=EDGE_CURVE('',#3422,#3422,#1189,.F.);
#2773=EDGE_CURVE('',#3423,#3423,#1190,.F.);
#2774=EDGE_CURVE('',#3424,#3424,#1191,.F.);
#2775=EDGE_CURVE('',#3425,#3425,#1192,.F.);
#2776=EDGE_CURVE('',#3426,#3427,#3850,.T.);
#2777=EDGE_CURVE('',#3426,#3428,#61,.T.);
#2778=EDGE_CURVE('',#3429,#3428,#62,.T.);
#2779=EDGE_CURVE('',#3430,#3429,#63,.T.);
#2780=EDGE_CURVE('',#3431,#3430,#64,.T.);
#2781=EDGE_CURVE('',#3432,#3431,#65,.T.);
#2782=EDGE_CURVE('',#3433,#3432,#66,.T.);
#2783=EDGE_CURVE('',#3434,#3433,#67,.T.);
#2784=EDGE_CURVE('',#3435,#3434,#68,.T.);
#2785=EDGE_CURVE('',#3436,#3435,#69,.T.);
#2786=EDGE_CURVE('',#3437,#3436,#70,.T.);
#2787=EDGE_CURVE('',#3438,#3437,#71,.T.);
#2788=EDGE_CURVE('',#3439,#3438,#72,.T.);
#2789=EDGE_CURVE('',#3440,#3439,#73,.T.);
#2790=EDGE_CURVE('',#3441,#3440,#74,.T.);
#2791=EDGE_CURVE('',#3442,#3441,#75,.T.);
#2792=EDGE_CURVE('',#3443,#3442,#76,.T.);
#2793=EDGE_CURVE('',#3444,#3443,#77,.T.);
#2794=EDGE_CURVE('',#3445,#3444,#78,.T.);
#2795=EDGE_CURVE('',#3446,#3445,#79,.T.);
#2796=EDGE_CURVE('',#3447,#3446,#80,.T.);
#2797=EDGE_CURVE('',#3448,#3447,#81,.T.);
#2798=EDGE_CURVE('',#3449,#3448,#82,.T.);
#2799=EDGE_CURVE('',#3450,#3449,#83,.T.);
#2800=EDGE_CURVE('',#3451,#3450,#84,.T.);
#2801=EDGE_CURVE('',#3452,#3451,#85,.T.);
#2802=EDGE_CURVE('',#3453,#3452,#86,.T.);
#2803=EDGE_CURVE('',#3454,#3453,#87,.T.);
#2804=EDGE_CURVE('',#3455,#3454,#88,.T.);
#2805=EDGE_CURVE('',#3456,#3455,#89,.T.);
#2806=EDGE_CURVE('',#3457,#3456,#90,.T.);
#2807=EDGE_CURVE('',#3458,#3457,#91,.T.);
#2808=EDGE_CURVE('',#3459,#3458,#92,.T.);
#2809=EDGE_CURVE('',#3460,#3459,#93,.T.);
#2810=EDGE_CURVE('',#3461,#3460,#94,.T.);
#2811=EDGE_CURVE('',#3462,#3461,#95,.T.);
#2812=EDGE_CURVE('',#3463,#3462,#96,.T.);
#2813=EDGE_CURVE('',#3464,#3463,#97,.T.);
#2814=EDGE_CURVE('',#3465,#3464,#98,.T.);
#2815=EDGE_CURVE('',#3466,#3465,#99,.T.);
#2816=EDGE_CURVE('',#3467,#3466,#100,.T.);
#2817=EDGE_CURVE('',#3468,#3467,#101,.T.);
#2818=EDGE_CURVE('',#3469,#3468,#102,.T.);
#2819=EDGE_CURVE('',#3470,#3469,#103,.T.);
#2820=EDGE_CURVE('',#3471,#3470,#104,.T.);
#2821=EDGE_CURVE('',#3472,#3471,#105,.T.);
#2822=EDGE_CURVE('',#3473,#3472,#106,.T.);
#2823=EDGE_CURVE('',#3474,#3473,#107,.T.);
#2824=EDGE_CURVE('',#3475,#3474,#108,.T.);
#2825=EDGE_CURVE('',#3476,#3475,#109,.T.);
#2826=EDGE_CURVE('',#3477,#3476,#110,.T.);
#2827=EDGE_CURVE('',#3478,#3477,#111,.T.);
#2828=EDGE_CURVE('',#3479,#3478,#112,.T.);
#2829=EDGE_CURVE('',#3480,#3479,#113,.T.);
#2830=EDGE_CURVE('',#3481,#3480,#114,.T.);
#2831=EDGE_CURVE('',#3482,#3481,#115,.T.);
#2832=EDGE_CURVE('',#3483,#3482,#116,.T.);
#2833=EDGE_CURVE('',#3484,#3483,#117,.T.);
#2834=EDGE_CURVE('',#3485,#3484,#118,.T.);
#2835=EDGE_CURVE('',#3486,#3485,#119,.T.);
#2836=EDGE_CURVE('',#3487,#3486,#120,.T.);
#2837=EDGE_CURVE('',#3488,#3487,#121,.T.);
#2838=EDGE_CURVE('',#3489,#3488,#122,.T.);
#2839=EDGE_CURVE('',#3490,#3489,#123,.T.);
#2840=EDGE_CURVE('',#3491,#3490,#124,.T.);
#2841=EDGE_CURVE('',#3492,#3491,#125,.T.);
#2842=EDGE_CURVE('',#3493,#3492,#126,.T.);
#2843=EDGE_CURVE('',#3494,#3493,#127,.T.);
#2844=EDGE_CURVE('',#3495,#3494,#128,.T.);
#2845=EDGE_CURVE('',#3496,#3495,#129,.T.);
#2846=EDGE_CURVE('',#3497,#3496,#130,.T.);
#2847=EDGE_CURVE('',#3498,#3497,#131,.T.);
#2848=EDGE_CURVE('',#3499,#3498,#132,.T.);
#2849=EDGE_CURVE('',#3500,#3499,#133,.T.);
#2850=EDGE_CURVE('',#3501,#3500,#134,.T.);
#2851=EDGE_CURVE('',#3502,#3501,#135,.T.);
#2852=EDGE_CURVE('',#3503,#3502,#136,.T.);
#2853=EDGE_CURVE('',#3504,#3503,#137,.T.);
#2854=EDGE_CURVE('',#3505,#3504,#138,.T.);
#2855=EDGE_CURVE('',#3506,#3505,#139,.T.);
#2856=EDGE_CURVE('',#3507,#3506,#140,.T.);
#2857=EDGE_CURVE('',#3508,#3507,#141,.T.);
#2858=EDGE_CURVE('',#3509,#3508,#142,.T.);
#2859=EDGE_CURVE('',#3510,#3509,#143,.T.);
#2860=EDGE_CURVE('',#3511,#3510,#144,.T.);
#2861=EDGE_CURVE('',#3512,#3511,#145,.T.);
#2862=EDGE_CURVE('',#3513,#3512,#146,.T.);
#2863=EDGE_CURVE('',#3514,#3513,#147,.T.);
#2864=EDGE_CURVE('',#3515,#3514,#148,.T.);
#2865=EDGE_CURVE('',#3516,#3515,#149,.T.);
#2866=EDGE_CURVE('',#3517,#3516,#150,.T.);
#2867=EDGE_CURVE('',#3518,#3517,#151,.T.);
#2868=EDGE_CURVE('',#3518,#3519,#152,.T.);
#2869=EDGE_CURVE('',#3519,#3520,#153,.T.);
#2870=EDGE_CURVE('',#3520,#3521,#154,.T.);
#2871=EDGE_CURVE('',#3521,#3522,#155,.T.);
#2872=EDGE_CURVE('',#3522,#3523,#156,.T.);
#2873=EDGE_CURVE('',#3523,#3524,#157,.T.);
#2874=EDGE_CURVE('',#3524,#3525,#158,.T.);
#2875=EDGE_CURVE('',#3525,#3526,#159,.T.);
#2876=EDGE_CURVE('',#3526,#3527,#160,.T.);
#2877=EDGE_CURVE('',#3527,#3528,#161,.T.);
#2878=EDGE_CURVE('',#3528,#3529,#162,.T.);
#2879=EDGE_CURVE('',#3529,#3530,#163,.T.);
#2880=EDGE_CURVE('',#3530,#3531,#164,.T.);
#2881=EDGE_CURVE('',#3531,#3532,#165,.T.);
#2882=EDGE_CURVE('',#3532,#3533,#166,.T.);
#2883=EDGE_CURVE('',#3533,#3534,#167,.T.);
#2884=EDGE_CURVE('',#3534,#3535,#168,.T.);
#2885=EDGE_CURVE('',#3535,#3536,#169,.T.);
#2886=EDGE_CURVE('',#3536,#3537,#170,.T.);
#2887=EDGE_CURVE('',#3537,#3538,#171,.T.);
#2888=EDGE_CURVE('',#3538,#3539,#172,.T.);
#2889=EDGE_CURVE('',#3539,#3540,#173,.T.);
#2890=EDGE_CURVE('',#3540,#3541,#174,.T.);
#2891=EDGE_CURVE('',#3541,#3542,#175,.T.);
#2892=EDGE_CURVE('',#3542,#3543,#176,.T.);
#2893=EDGE_CURVE('',#3543,#3544,#177,.T.);
#2894=EDGE_CURVE('',#3544,#3545,#178,.T.);
#2895=EDGE_CURVE('',#3545,#3546,#179,.T.);
#2896=EDGE_CURVE('',#3546,#3547,#180,.T.);
#2897=EDGE_CURVE('',#3547,#3548,#181,.T.);
#2898=EDGE_CURVE('',#3548,#3549,#182,.T.);
#2899=EDGE_CURVE('',#3549,#3550,#183,.T.);
#2900=EDGE_CURVE('',#3550,#3551,#184,.T.);
#2901=EDGE_CURVE('',#3551,#3552,#185,.T.);
#2902=EDGE_CURVE('',#3552,#3553,#186,.T.);
#2903=EDGE_CURVE('',#3553,#3554,#187,.T.);
#2904=EDGE_CURVE('',#3554,#3555,#188,.T.);
#2905=EDGE_CURVE('',#3555,#3556,#189,.T.);
#2906=EDGE_CURVE('',#3556,#3557,#190,.T.);
#2907=EDGE_CURVE('',#3557,#3558,#191,.T.);
#2908=EDGE_CURVE('',#3558,#3559,#192,.T.);
#2909=EDGE_CURVE('',#3559,#3560,#193,.T.);
#2910=EDGE_CURVE('',#3560,#3561,#194,.T.);
#2911=EDGE_CURVE('',#3561,#3562,#195,.T.);
#2912=EDGE_CURVE('',#3562,#3563,#196,.T.);
#2913=EDGE_CURVE('',#3563,#3564,#197,.T.);
#2914=EDGE_CURVE('',#3564,#3565,#198,.T.);
#2915=EDGE_CURVE('',#3565,#3566,#199,.T.);
#2916=EDGE_CURVE('',#3566,#3567,#200,.T.);
#2917=EDGE_CURVE('',#3567,#3568,#201,.T.);
#2918=EDGE_CURVE('',#3568,#3569,#202,.T.);
#2919=EDGE_CURVE('',#3569,#3570,#203,.T.);
#2920=EDGE_CURVE('',#3570,#3571,#204,.T.);
#2921=EDGE_CURVE('',#3571,#3572,#205,.T.);
#2922=EDGE_CURVE('',#3572,#3573,#206,.T.);
#2923=EDGE_CURVE('',#3573,#3574,#207,.T.);
#2924=EDGE_CURVE('',#3574,#3575,#208,.T.);
#2925=EDGE_CURVE('',#3575,#3576,#209,.T.);
#2926=EDGE_CURVE('',#3576,#3577,#210,.T.);
#2927=EDGE_CURVE('',#3577,#3578,#211,.T.);
#2928=EDGE_CURVE('',#3578,#3579,#212,.T.);
#2929=EDGE_CURVE('',#3579,#3580,#213,.T.);
#2930=EDGE_CURVE('',#3580,#3581,#214,.T.);
#2931=EDGE_CURVE('',#3581,#3582,#215,.T.);
#2932=EDGE_CURVE('',#3582,#3583,#216,.T.);
#2933=EDGE_CURVE('',#3583,#3584,#217,.T.);
#2934=EDGE_CURVE('',#3584,#3585,#218,.T.);
#2935=EDGE_CURVE('',#3585,#3586,#219,.T.);
#2936=EDGE_CURVE('',#3586,#3587,#220,.T.);
#2937=EDGE_CURVE('',#3587,#3588,#221,.T.);
#2938=EDGE_CURVE('',#3588,#3589,#222,.T.);
#2939=EDGE_CURVE('',#3589,#3590,#223,.T.);
#2940=EDGE_CURVE('',#3590,#3591,#224,.T.);
#2941=EDGE_CURVE('',#3591,#3592,#225,.T.);
#2942=EDGE_CURVE('',#3592,#3593,#226,.T.);
#2943=EDGE_CURVE('',#3593,#3594,#227,.T.);
#2944=EDGE_CURVE('',#3594,#3595,#228,.T.);
#2945=EDGE_CURVE('',#3595,#3596,#229,.T.);
#2946=EDGE_CURVE('',#3596,#3597,#230,.T.);
#2947=EDGE_CURVE('',#3597,#3598,#231,.T.);
#2948=EDGE_CURVE('',#3598,#3599,#232,.T.);
#2949=EDGE_CURVE('',#3599,#3600,#233,.T.);
#2950=EDGE_CURVE('',#3600,#3601,#234,.T.);
#2951=EDGE_CURVE('',#3601,#3602,#235,.T.);
#2952=EDGE_CURVE('',#3602,#3603,#236,.T.);
#2953=EDGE_CURVE('',#3603,#3604,#237,.T.);
#2954=EDGE_CURVE('',#3604,#3605,#238,.T.);
#2955=EDGE_CURVE('',#3605,#3606,#239,.T.);
#2956=EDGE_CURVE('',#3606,#3607,#240,.T.);
#2957=EDGE_CURVE('',#3427,#3607,#241,.T.);
#2958=EDGE_CURVE('',#3608,#3608,#1193,.T.);
#2959=EDGE_CURVE('',#3609,#3609,#1194,.T.);
#2960=EDGE_CURVE('',#3610,#3610,#1195,.T.);
#2961=EDGE_CURVE('',#3611,#3611,#1196,.T.);
#2962=EDGE_CURVE('',#3612,#3612,#1197,.T.);
#2963=EDGE_CURVE('',#3613,#3613,#3851,.T.);
#2964=EDGE_CURVE('',#3614,#3614,#3852,.T.);
#2965=EDGE_CURVE('',#3615,#3615,#1198,.F.);
#2966=EDGE_CURVE('',#3616,#3616,#1199,.F.);
#2967=EDGE_CURVE('',#3617,#3617,#1200,.F.);
#2968=EDGE_CURVE('',#3618,#3618,#1201,.F.);
#2969=EDGE_CURVE('',#3619,#3619,#1202,.T.);
#2970=EDGE_CURVE('',#3620,#3620,#1203,.T.);
#2971=EDGE_CURVE('',#3621,#3621,#1204,.T.);
#2972=EDGE_CURVE('',#3622,#3622,#1205,.T.);
#2973=EDGE_CURVE('',#3623,#3623,#1206,.T.);
#2974=EDGE_CURVE('',#3624,#3624,#1207,.T.);
#2975=EDGE_CURVE('',#3625,#3625,#1208,.T.);
#2976=EDGE_CURVE('',#3626,#3626,#1209,.T.);
#2977=EDGE_CURVE('',#3627,#3627,#1210,.T.);
#2978=EDGE_CURVE('',#3628,#3628,#1211,.T.);
#2979=EDGE_CURVE('',#3629,#3629,#1212,.T.);
#2980=EDGE_CURVE('',#3630,#3630,#1213,.T.);
#2981=EDGE_CURVE('',#3631,#3631,#1214,.T.);
#2982=EDGE_CURVE('',#3632,#3632,#1215,.T.);
#2983=EDGE_CURVE('',#3633,#3633,#1216,.T.);
#2984=EDGE_CURVE('',#3634,#3634,#1217,.T.);
#2985=EDGE_CURVE('',#3635,#3635,#1218,.T.);
#2986=EDGE_CURVE('',#3636,#3636,#1219,.T.);
#2987=EDGE_CURVE('',#3637,#3637,#1220,.T.);
#2988=EDGE_CURVE('',#3638,#3638,#1221,.T.);
#2989=EDGE_CURVE('',#3639,#3639,#1222,.T.);
#2990=EDGE_CURVE('',#3640,#3640,#1223,.T.);
#2991=EDGE_CURVE('',#3641,#3641,#1224,.T.);
#2992=EDGE_CURVE('',#3642,#3642,#1225,.T.);
#2993=EDGE_CURVE('',#3643,#3643,#1226,.T.);
#2994=EDGE_CURVE('',#3644,#3644,#1227,.T.);
#2995=EDGE_CURVE('',#3645,#3645,#1228,.T.);
#2996=EDGE_CURVE('',#3646,#3646,#1229,.T.);
#2997=EDGE_CURVE('',#3647,#3647,#1230,.T.);
#2998=EDGE_CURVE('',#3648,#3648,#1231,.T.);
#2999=EDGE_CURVE('',#3649,#3649,#1232,.T.);
#3000=EDGE_CURVE('',#3650,#3650,#1233,.T.);
#3001=EDGE_CURVE('',#3651,#3651,#1234,.T.);
#3002=EDGE_CURVE('',#3652,#3652,#1235,.T.);
#3003=EDGE_CURVE('',#3653,#3653,#1236,.T.);
#3004=EDGE_CURVE('',#3654,#3654,#1237,.T.);
#3005=EDGE_CURVE('',#3655,#3655,#1238,.T.);
#3006=EDGE_CURVE('',#3656,#3656,#1239,.T.);
#3007=EDGE_CURVE('',#3657,#3657,#1240,.T.);
#3008=EDGE_CURVE('',#3658,#3658,#1241,.T.);
#3009=EDGE_CURVE('',#3659,#3660,#242,.T.);
#3010=EDGE_CURVE('',#3660,#3661,#3853,.T.);
#3011=EDGE_CURVE('',#3661,#3662,#243,.T.);
#3012=EDGE_CURVE('',#3663,#3662,#244,.T.);
#3013=EDGE_CURVE('',#3664,#3663,#245,.T.);
#3014=EDGE_CURVE('',#3665,#3664,#246,.T.);
#3015=EDGE_CURVE('',#3666,#3665,#247,.T.);
#3016=EDGE_CURVE('',#3667,#3666,#248,.T.);
#3017=EDGE_CURVE('',#3668,#3667,#249,.T.);
#3018=EDGE_CURVE('',#3669,#3668,#250,.T.);
#3019=EDGE_CURVE('',#3670,#3669,#251,.T.);
#3020=EDGE_CURVE('',#3671,#3670,#252,.T.);
#3021=EDGE_CURVE('',#3672,#3671,#253,.T.);
#3022=EDGE_CURVE('',#3673,#3672,#254,.T.);
#3023=EDGE_CURVE('',#3674,#3673,#255,.T.);
#3024=EDGE_CURVE('',#3675,#3674,#256,.T.);
#3025=EDGE_CURVE('',#3676,#3675,#257,.T.);
#3026=EDGE_CURVE('',#3677,#3676,#258,.T.);
#3027=EDGE_CURVE('',#3678,#3677,#259,.T.);
#3028=EDGE_CURVE('',#3679,#3678,#260,.T.);
#3029=EDGE_CURVE('',#3680,#3679,#261,.T.);
#3030=EDGE_CURVE('',#3681,#3680,#262,.T.);
#3031=EDGE_CURVE('',#3682,#3681,#263,.T.);
#3032=EDGE_CURVE('',#3683,#3682,#264,.T.);
#3033=EDGE_CURVE('',#3684,#3683,#265,.T.);
#3034=EDGE_CURVE('',#3685,#3684,#266,.T.);
#3035=EDGE_CURVE('',#3686,#3685,#267,.T.);
#3036=EDGE_CURVE('',#3687,#3686,#268,.T.);
#3037=EDGE_CURVE('',#3688,#3687,#269,.T.);
#3038=EDGE_CURVE('',#3689,#3688,#270,.T.);
#3039=EDGE_CURVE('',#3690,#3689,#271,.T.);
#3040=EDGE_CURVE('',#3691,#3690,#272,.T.);
#3041=EDGE_CURVE('',#3692,#3691,#273,.T.);
#3042=EDGE_CURVE('',#3693,#3692,#274,.T.);
#3043=EDGE_CURVE('',#3694,#3693,#275,.T.);
#3044=EDGE_CURVE('',#3695,#3694,#276,.T.);
#3045=EDGE_CURVE('',#3696,#3695,#277,.T.);
#3046=EDGE_CURVE('',#3697,#3696,#278,.T.);
#3047=EDGE_CURVE('',#3698,#3697,#279,.T.);
#3048=EDGE_CURVE('',#3699,#3698,#280,.T.);
#3049=EDGE_CURVE('',#3700,#3699,#281,.T.);
#3050=EDGE_CURVE('',#3701,#3700,#282,.T.);
#3051=EDGE_CURVE('',#3702,#3701,#283,.T.);
#3052=EDGE_CURVE('',#3703,#3702,#284,.T.);
#3053=EDGE_CURVE('',#3704,#3703,#285,.T.);
#3054=EDGE_CURVE('',#3705,#3704,#286,.T.);
#3055=EDGE_CURVE('',#3706,#3705,#287,.T.);
#3056=EDGE_CURVE('',#3707,#3706,#288,.T.);
#3057=EDGE_CURVE('',#3708,#3707,#289,.T.);
#3058=EDGE_CURVE('',#3709,#3708,#290,.T.);
#3059=EDGE_CURVE('',#3710,#3709,#291,.T.);
#3060=EDGE_CURVE('',#3711,#3710,#292,.T.);
#3061=EDGE_CURVE('',#3712,#3711,#293,.T.);
#3062=EDGE_CURVE('',#3713,#3712,#294,.T.);
#3063=EDGE_CURVE('',#3714,#3713,#295,.T.);
#3064=EDGE_CURVE('',#3715,#3714,#296,.T.);
#3065=EDGE_CURVE('',#3716,#3715,#297,.T.);
#3066=EDGE_CURVE('',#3717,#3716,#298,.T.);
#3067=EDGE_CURVE('',#3718,#3717,#299,.T.);
#3068=EDGE_CURVE('',#3719,#3718,#300,.T.);
#3069=EDGE_CURVE('',#3720,#3719,#301,.T.);
#3070=EDGE_CURVE('',#3721,#3720,#302,.T.);
#3071=EDGE_CURVE('',#3722,#3721,#303,.T.);
#3072=EDGE_CURVE('',#3723,#3722,#304,.T.);
#3073=EDGE_CURVE('',#3724,#3723,#305,.T.);
#3074=EDGE_CURVE('',#3725,#3724,#306,.T.);
#3075=EDGE_CURVE('',#3726,#3725,#307,.T.);
#3076=EDGE_CURVE('',#3727,#3726,#308,.T.);
#3077=EDGE_CURVE('',#3728,#3727,#309,.T.);
#3078=EDGE_CURVE('',#3729,#3728,#310,.T.);
#3079=EDGE_CURVE('',#3730,#3729,#311,.T.);
#3080=EDGE_CURVE('',#3731,#3730,#312,.T.);
#3081=EDGE_CURVE('',#3732,#3731,#313,.T.);
#3082=EDGE_CURVE('',#3733,#3732,#314,.T.);
#3083=EDGE_CURVE('',#3734,#3733,#315,.T.);
#3084=EDGE_CURVE('',#3735,#3734,#316,.T.);
#3085=EDGE_CURVE('',#3736,#3735,#317,.T.);
#3086=EDGE_CURVE('',#3737,#3736,#318,.T.);
#3087=EDGE_CURVE('',#3738,#3737,#319,.T.);
#3088=EDGE_CURVE('',#3739,#3738,#320,.T.);
#3089=EDGE_CURVE('',#3740,#3739,#321,.T.);
#3090=EDGE_CURVE('',#3741,#3740,#322,.T.);
#3091=EDGE_CURVE('',#3742,#3741,#323,.T.);
#3092=EDGE_CURVE('',#3743,#3742,#324,.T.);
#3093=EDGE_CURVE('',#3744,#3743,#325,.T.);
#3094=EDGE_CURVE('',#3745,#3744,#326,.T.);
#3095=EDGE_CURVE('',#3746,#3745,#327,.T.);
#3096=EDGE_CURVE('',#3747,#3746,#328,.T.);
#3097=EDGE_CURVE('',#3748,#3747,#329,.T.);
#3098=EDGE_CURVE('',#3749,#3748,#330,.T.);
#3099=EDGE_CURVE('',#3750,#3749,#331,.T.);
#3100=EDGE_CURVE('',#3751,#3750,#332,.T.);
#3101=EDGE_CURVE('',#3752,#3751,#333,.T.);
#3102=EDGE_CURVE('',#3752,#3753,#334,.T.);
#3103=EDGE_CURVE('',#3753,#3754,#335,.T.);
#3104=EDGE_CURVE('',#3754,#3755,#336,.T.);
#3105=EDGE_CURVE('',#3755,#3756,#337,.T.);
#3106=EDGE_CURVE('',#3756,#3757,#338,.T.);
#3107=EDGE_CURVE('',#3757,#3758,#339,.T.);
#3108=EDGE_CURVE('',#3758,#3759,#340,.T.);
#3109=EDGE_CURVE('',#3759,#3760,#341,.T.);
#3110=EDGE_CURVE('',#3760,#3761,#342,.T.);
#3111=EDGE_CURVE('',#3761,#3762,#343,.T.);
#3112=EDGE_CURVE('',#3762,#3763,#344,.T.);
#3113=EDGE_CURVE('',#3763,#3764,#345,.T.);
#3114=EDGE_CURVE('',#3764,#3765,#346,.T.);
#3115=EDGE_CURVE('',#3765,#3766,#347,.T.);
#3116=EDGE_CURVE('',#3766,#3767,#348,.T.);
#3117=EDGE_CURVE('',#3767,#3768,#349,.T.);
#3118=EDGE_CURVE('',#3768,#3769,#350,.T.);
#3119=EDGE_CURVE('',#3769,#3770,#351,.T.);
#3120=EDGE_CURVE('',#3770,#3771,#352,.T.);
#3121=EDGE_CURVE('',#3771,#3772,#353,.T.);
#3122=EDGE_CURVE('',#3772,#3773,#354,.T.);
#3123=EDGE_CURVE('',#3773,#3774,#355,.T.);
#3124=EDGE_CURVE('',#3774,#3775,#356,.T.);
#3125=EDGE_CURVE('',#3775,#3776,#357,.T.);
#3126=EDGE_CURVE('',#3776,#3777,#358,.T.);
#3127=EDGE_CURVE('',#3777,#3778,#359,.T.);
#3128=EDGE_CURVE('',#3778,#3779,#360,.T.);
#3129=EDGE_CURVE('',#3779,#3780,#361,.T.);
#3130=EDGE_CURVE('',#3780,#3781,#362,.T.);
#3131=EDGE_CURVE('',#3781,#3782,#363,.T.);
#3132=EDGE_CURVE('',#3782,#3783,#364,.T.);
#3133=EDGE_CURVE('',#3783,#3784,#365,.T.);
#3134=EDGE_CURVE('',#3784,#3785,#366,.T.);
#3135=EDGE_CURVE('',#3785,#3786,#367,.T.);
#3136=EDGE_CURVE('',#3786,#3787,#368,.T.);
#3137=EDGE_CURVE('',#3787,#3788,#369,.T.);
#3138=EDGE_CURVE('',#3788,#3789,#370,.T.);
#3139=EDGE_CURVE('',#3789,#3790,#371,.T.);
#3140=EDGE_CURVE('',#3790,#3791,#372,.T.);
#3141=EDGE_CURVE('',#3791,#3792,#373,.T.);
#3142=EDGE_CURVE('',#3792,#3793,#374,.T.);
#3143=EDGE_CURVE('',#3793,#3794,#375,.T.);
#3144=EDGE_CURVE('',#3794,#3795,#376,.T.);
#3145=EDGE_CURVE('',#3795,#3796,#377,.T.);
#3146=EDGE_CURVE('',#3796,#3797,#378,.T.);
#3147=EDGE_CURVE('',#3797,#3798,#379,.T.);
#3148=EDGE_CURVE('',#3798,#3799,#380,.T.);
#3149=EDGE_CURVE('',#3799,#3800,#381,.T.);
#3150=EDGE_CURVE('',#3800,#3801,#382,.T.);
#3151=EDGE_CURVE('',#3801,#3802,#383,.T.);
#3152=EDGE_CURVE('',#3802,#3803,#384,.T.);
#3153=EDGE_CURVE('',#3803,#3804,#385,.T.);
#3154=EDGE_CURVE('',#3804,#3805,#386,.T.);
#3155=EDGE_CURVE('',#3805,#3806,#387,.T.);
#3156=EDGE_CURVE('',#3806,#3807,#388,.T.);
#3157=EDGE_CURVE('',#3807,#3808,#389,.T.);
#3158=EDGE_CURVE('',#3808,#3809,#390,.T.);
#3159=EDGE_CURVE('',#3809,#3810,#391,.T.);
#3160=EDGE_CURVE('',#3810,#3811,#392,.T.);
#3161=EDGE_CURVE('',#3811,#3812,#393,.T.);
#3162=EDGE_CURVE('',#3812,#3813,#394,.T.);
#3163=EDGE_CURVE('',#3813,#3814,#395,.T.);
#3164=EDGE_CURVE('',#3814,#3815,#396,.T.);
#3165=EDGE_CURVE('',#3815,#3816,#397,.T.);
#3166=EDGE_CURVE('',#3816,#3817,#398,.T.);
#3167=EDGE_CURVE('',#3817,#3818,#399,.T.);
#3168=EDGE_CURVE('',#3818,#3819,#400,.T.);
#3169=EDGE_CURVE('',#3819,#3820,#401,.T.);
#3170=EDGE_CURVE('',#3820,#3821,#402,.T.);
#3171=EDGE_CURVE('',#3821,#3822,#403,.T.);
#3172=EDGE_CURVE('',#3822,#3823,#404,.T.);
#3173=EDGE_CURVE('',#3823,#3824,#405,.T.);
#3174=EDGE_CURVE('',#3824,#3825,#406,.T.);
#3175=EDGE_CURVE('',#3825,#3826,#407,.T.);
#3176=EDGE_CURVE('',#3826,#3827,#408,.T.);
#3177=EDGE_CURVE('',#3827,#3828,#409,.T.);
#3178=EDGE_CURVE('',#3828,#3829,#410,.T.);
#3179=EDGE_CURVE('',#3829,#3830,#411,.T.);
#3180=EDGE_CURVE('',#3830,#3831,#412,.T.);
#3181=EDGE_CURVE('',#3831,#3832,#413,.T.);
#3182=EDGE_CURVE('',#3832,#3833,#414,.T.);
#3183=EDGE_CURVE('',#3833,#3834,#415,.T.);
#3184=EDGE_CURVE('',#3834,#3835,#416,.T.);
#3185=EDGE_CURVE('',#3835,#3836,#417,.T.);
#3186=EDGE_CURVE('',#3836,#3837,#418,.T.);
#3187=EDGE_CURVE('',#3837,#3838,#419,.T.);
#3188=EDGE_CURVE('',#3838,#3839,#420,.T.);
#3189=EDGE_CURVE('',#3839,#3840,#421,.T.);
#3190=EDGE_CURVE('',#3840,#3659,#422,.T.);
#3191=EDGE_CURVE('',#3841,#3841,#3854,.T.);
#3192=EDGE_CURVE('',#3842,#3842,#3855,.T.);
#3193=EDGE_CURVE('',#3843,#3843,#1242,.T.);
#3194=EDGE_CURVE('',#3844,#3844,#1243,.T.);
#3195=EDGE_CURVE('',#3845,#3845,#1244,.T.);
#3196=EDGE_CURVE('',#3846,#3846,#1245,.T.);
#3197=EDGE_CURVE('',#3847,#3847,#1246,.T.);
#3198=EDGE_CURVE('',#3607,#3662,#423,.T.);
#3199=EDGE_CURVE('',#3661,#3427,#424,.T.);
#3200=EDGE_CURVE('',#3660,#3426,#425,.T.);
#3201=EDGE_CURVE('',#3428,#3659,#426,.T.);
#3202=EDGE_CURVE('',#3840,#3429,#427,.T.);
#3203=EDGE_CURVE('',#3839,#3430,#428,.T.);
#3204=EDGE_CURVE('',#3838,#3431,#429,.T.);
#3205=EDGE_CURVE('',#3837,#3432,#430,.T.);
#3206=EDGE_CURVE('',#3836,#3433,#431,.T.);
#3207=EDGE_CURVE('',#3835,#3434,#432,.T.);
#3208=EDGE_CURVE('',#3834,#3435,#433,.T.);
#3209=EDGE_CURVE('',#3833,#3436,#434,.T.);
#3210=EDGE_CURVE('',#3832,#3437,#435,.T.);
#3211=EDGE_CURVE('',#3831,#3438,#436,.T.);
#3212=EDGE_CURVE('',#3830,#3439,#437,.T.);
#3213=EDGE_CURVE('',#3829,#3440,#438,.T.);
#3214=EDGE_CURVE('',#3828,#3441,#439,.T.);
#3215=EDGE_CURVE('',#3827,#3442,#440,.T.);
#3216=EDGE_CURVE('',#3826,#3443,#441,.T.);
#3217=EDGE_CURVE('',#3825,#3444,#442,.T.);
#3218=EDGE_CURVE('',#3824,#3445,#443,.T.);
#3219=EDGE_CURVE('',#3823,#3446,#444,.T.);
#3220=EDGE_CURVE('',#3822,#3447,#445,.T.);
#3221=EDGE_CURVE('',#3821,#3448,#446,.T.);
#3222=EDGE_CURVE('',#3820,#3449,#447,.T.);
#3223=EDGE_CURVE('',#3819,#3450,#448,.T.);
#3224=EDGE_CURVE('',#3818,#3451,#449,.T.);
#3225=EDGE_CURVE('',#3817,#3452,#450,.T.);
#3226=EDGE_CURVE('',#3816,#3453,#451,.T.);
#3227=EDGE_CURVE('',#3815,#3454,#452,.T.);
#3228=EDGE_CURVE('',#3814,#3455,#453,.T.);
#3229=EDGE_CURVE('',#3813,#3456,#454,.T.);
#3230=EDGE_CURVE('',#3812,#3457,#455,.T.);
#3231=EDGE_CURVE('',#3811,#3458,#456,.T.);
#3232=EDGE_CURVE('',#3810,#3459,#457,.T.);
#3233=EDGE_CURVE('',#3809,#3460,#458,.T.);
#3234=EDGE_CURVE('',#3808,#3461,#459,.T.);
#3235=EDGE_CURVE('',#3807,#3462,#460,.T.);
#3236=EDGE_CURVE('',#3806,#3463,#461,.T.);
#3237=EDGE_CURVE('',#3805,#3464,#462,.T.);
#3238=EDGE_CURVE('',#3804,#3465,#463,.T.);
#3239=EDGE_CURVE('',#3803,#3466,#464,.T.);
#3240=EDGE_CURVE('',#3802,#3467,#465,.T.);
#3241=EDGE_CURVE('',#3801,#3468,#466,.T.);
#3242=EDGE_CURVE('',#3800,#3469,#467,.T.);
#3243=EDGE_CURVE('',#3799,#3470,#468,.T.);
#3244=EDGE_CURVE('',#3798,#3471,#469,.T.);
#3245=EDGE_CURVE('',#3797,#3472,#470,.T.);
#3246=EDGE_CURVE('',#3796,#3473,#471,.T.);
#3247=EDGE_CURVE('',#3795,#3474,#472,.T.);
#3248=EDGE_CURVE('',#3794,#3475,#473,.T.);
#3249=EDGE_CURVE('',#3793,#3476,#474,.T.);
#3250=EDGE_CURVE('',#3792,#3477,#475,.T.);
#3251=EDGE_CURVE('',#3791,#3478,#476,.T.);
#3252=EDGE_CURVE('',#3790,#3479,#477,.T.);
#3253=EDGE_CURVE('',#3789,#3480,#478,.T.);
#3254=EDGE_CURVE('',#3788,#3481,#479,.T.);
#3255=EDGE_CURVE('',#3787,#3482,#480,.T.);
#3256=EDGE_CURVE('',#3786,#3483,#481,.T.);
#3257=EDGE_CURVE('',#3785,#3484,#482,.T.);
#3258=EDGE_CURVE('',#3784,#3485,#483,.T.);
#3259=EDGE_CURVE('',#3783,#3486,#484,.T.);
#3260=EDGE_CURVE('',#3782,#3487,#485,.T.);
#3261=EDGE_CURVE('',#3781,#3488,#486,.T.);
#3262=EDGE_CURVE('',#3780,#3489,#487,.T.);
#3263=EDGE_CURVE('',#3779,#3490,#488,.T.);
#3264=EDGE_CURVE('',#3778,#3491,#489,.T.);
#3265=EDGE_CURVE('',#3777,#3492,#490,.T.);
#3266=EDGE_CURVE('',#3776,#3493,#491,.T.);
#3267=EDGE_CURVE('',#3775,#3494,#492,.T.);
#3268=EDGE_CURVE('',#3774,#3495,#493,.T.);
#3269=EDGE_CURVE('',#3773,#3496,#494,.T.);
#3270=EDGE_CURVE('',#3772,#3497,#495,.T.);
#3271=EDGE_CURVE('',#3771,#3498,#496,.T.);
#3272=EDGE_CURVE('',#3770,#3499,#497,.T.);
#3273=EDGE_CURVE('',#3769,#3500,#498,.T.);
#3274=EDGE_CURVE('',#3768,#3501,#499,.T.);
#3275=EDGE_CURVE('',#3767,#3502,#500,.T.);
#3276=EDGE_CURVE('',#3766,#3503,#501,.T.);
#3277=EDGE_CURVE('',#3765,#3504,#502,.T.);
#3278=EDGE_CURVE('',#3764,#3505,#503,.T.);
#3279=EDGE_CURVE('',#3763,#3506,#504,.T.);
#3280=EDGE_CURVE('',#3762,#3507,#505,.T.);
#3281=EDGE_CURVE('',#3761,#3508,#506,.T.);
#3282=EDGE_CURVE('',#3760,#3509,#507,.T.);
#3283=EDGE_CURVE('',#3759,#3510,#508,.T.);
#3284=EDGE_CURVE('',#3758,#3511,#509,.T.);
#3285=EDGE_CURVE('',#3757,#3512,#510,.T.);
#3286=EDGE_CURVE('',#3756,#3513,#511,.T.);
#3287=EDGE_CURVE('',#3755,#3514,#512,.T.);
#3288=EDGE_CURVE('',#3754,#3515,#513,.T.);
#3289=EDGE_CURVE('',#3753,#3516,#514,.T.);
#3290=EDGE_CURVE('',#3752,#3517,#515,.T.);
#3291=EDGE_CURVE('',#3751,#3518,#516,.T.);
#3292=EDGE_CURVE('',#3750,#3519,#517,.T.);
#3293=EDGE_CURVE('',#3749,#3520,#518,.T.);
#3294=EDGE_CURVE('',#3748,#3521,#519,.T.);
#3295=EDGE_CURVE('',#3747,#3522,#520,.T.);
#3296=EDGE_CURVE('',#3746,#3523,#521,.T.);
#3297=EDGE_CURVE('',#3745,#3524,#522,.T.);
#3298=EDGE_CURVE('',#3744,#3525,#523,.T.);
#3299=EDGE_CURVE('',#3743,#3526,#524,.T.);
#3300=EDGE_CURVE('',#3742,#3527,#525,.T.);
#3301=EDGE_CURVE('',#3741,#3528,#526,.T.);
#3302=EDGE_CURVE('',#3740,#3529,#527,.T.);
#3303=EDGE_CURVE('',#3739,#3530,#528,.T.);
#3304=EDGE_CURVE('',#3738,#3531,#529,.T.);
#3305=EDGE_CURVE('',#3737,#3532,#530,.T.);
#3306=EDGE_CURVE('',#3736,#3533,#531,.T.);
#3307=EDGE_CURVE('',#3735,#3534,#532,.T.);
#3308=EDGE_CURVE('',#3734,#3535,#533,.T.);
#3309=EDGE_CURVE('',#3733,#3536,#534,.T.);
#3310=EDGE_CURVE('',#3732,#3537,#535,.T.);
#3311=EDGE_CURVE('',#3731,#3538,#536,.T.);
#3312=EDGE_CURVE('',#3730,#3539,#537,.T.);
#3313=EDGE_CURVE('',#3729,#3540,#538,.T.);
#3314=EDGE_CURVE('',#3728,#3541,#539,.T.);
#3315=EDGE_CURVE('',#3727,#3542,#540,.T.);
#3316=EDGE_CURVE('',#3726,#3543,#541,.T.);
#3317=EDGE_CURVE('',#3725,#3544,#542,.T.);
#3318=EDGE_CURVE('',#3724,#3545,#543,.T.);
#3319=EDGE_CURVE('',#3723,#3546,#544,.T.);
#3320=EDGE_CURVE('',#3722,#3547,#545,.T.);
#3321=EDGE_CURVE('',#3721,#3548,#546,.T.);
#3322=EDGE_CURVE('',#3720,#3549,#547,.T.);
#3323=EDGE_CURVE('',#3719,#3550,#548,.T.);
#3324=EDGE_CURVE('',#3718,#3551,#549,.T.);
#3325=EDGE_CURVE('',#3717,#3552,#550,.T.);
#3326=EDGE_CURVE('',#3716,#3553,#551,.T.);
#3327=EDGE_CURVE('',#3715,#3554,#552,.T.);
#3328=EDGE_CURVE('',#3714,#3555,#553,.T.);
#3329=EDGE_CURVE('',#3713,#3556,#554,.T.);
#3330=EDGE_CURVE('',#3712,#3557,#555,.T.);
#3331=EDGE_CURVE('',#3711,#3558,#556,.T.);
#3332=EDGE_CURVE('',#3710,#3559,#557,.T.);
#3333=EDGE_CURVE('',#3709,#3560,#558,.T.);
#3334=EDGE_CURVE('',#3708,#3561,#559,.T.);
#3335=EDGE_CURVE('',#3707,#3562,#560,.T.);
#3336=EDGE_CURVE('',#3706,#3563,#561,.T.);
#3337=EDGE_CURVE('',#3705,#3564,#562,.T.);
#3338=EDGE_CURVE('',#3704,#3565,#563,.T.);
#3339=EDGE_CURVE('',#3703,#3566,#564,.T.);
#3340=EDGE_CURVE('',#3702,#3567,#565,.T.);
#3341=EDGE_CURVE('',#3701,#3568,#566,.T.);
#3342=EDGE_CURVE('',#3700,#3569,#567,.T.);
#3343=EDGE_CURVE('',#3699,#3570,#568,.T.);
#3344=EDGE_CURVE('',#3698,#3571,#569,.T.);
#3345=EDGE_CURVE('',#3697,#3572,#570,.T.);
#3346=EDGE_CURVE('',#3696,#3573,#571,.T.);
#3347=EDGE_CURVE('',#3695,#3574,#572,.T.);
#3348=EDGE_CURVE('',#3694,#3575,#573,.T.);
#3349=EDGE_CURVE('',#3693,#3576,#574,.T.);
#3350=EDGE_CURVE('',#3692,#3577,#575,.T.);
#3351=EDGE_CURVE('',#3691,#3578,#576,.T.);
#3352=EDGE_CURVE('',#3690,#3579,#577,.T.);
#3353=EDGE_CURVE('',#3689,#3580,#578,.T.);
#3354=EDGE_CURVE('',#3688,#3581,#579,.T.);
#3355=EDGE_CURVE('',#3687,#3582,#580,.T.);
#3356=EDGE_CURVE('',#3686,#3583,#581,.T.);
#3357=EDGE_CURVE('',#3685,#3584,#582,.T.);
#3358=EDGE_CURVE('',#3684,#3585,#583,.T.);
#3359=EDGE_CURVE('',#3683,#3586,#584,.T.);
#3360=EDGE_CURVE('',#3682,#3587,#585,.T.);
#3361=EDGE_CURVE('',#3681,#3588,#586,.T.);
#3362=EDGE_CURVE('',#3680,#3589,#587,.T.);
#3363=EDGE_CURVE('',#3679,#3590,#588,.T.);
#3364=EDGE_CURVE('',#3678,#3591,#589,.T.);
#3365=EDGE_CURVE('',#3677,#3592,#590,.T.);
#3366=EDGE_CURVE('',#3676,#3593,#591,.T.);
#3367=EDGE_CURVE('',#3675,#3594,#592,.T.);
#3368=EDGE_CURVE('',#3674,#3595,#593,.T.);
#3369=EDGE_CURVE('',#3673,#3596,#594,.T.);
#3370=EDGE_CURVE('',#3672,#3597,#595,.T.);
#3371=EDGE_CURVE('',#3671,#3598,#596,.T.);
#3372=EDGE_CURVE('',#3670,#3599,#597,.T.);
#3373=EDGE_CURVE('',#3669,#3600,#598,.T.);
#3374=EDGE_CURVE('',#3668,#3601,#599,.T.);
#3375=EDGE_CURVE('',#3667,#3602,#600,.T.);
#3376=EDGE_CURVE('',#3666,#3603,#601,.T.);
#3377=EDGE_CURVE('',#3665,#3604,#602,.T.);
#3378=EDGE_CURVE('',#3664,#3605,#603,.T.);
#3379=EDGE_CURVE('',#3663,#3606,#604,.T.);
#3380=VERTEX_POINT('',#6549);
#3381=VERTEX_POINT('',#6551);
#3382=VERTEX_POINT('',#6554);
#3383=VERTEX_POINT('',#6556);
#3384=VERTEX_POINT('',#6558);
#3385=VERTEX_POINT('',#6560);
#3386=VERTEX_POINT('',#6562);
#3387=VERTEX_POINT('',#6564);
#3388=VERTEX_POINT('',#6566);
#3389=VERTEX_POINT('',#6568);
#3390=VERTEX_POINT('',#6570);
#3391=VERTEX_POINT('',#6572);
#3392=VERTEX_POINT('',#6574);
#3393=VERTEX_POINT('',#6576);
#3394=VERTEX_POINT('',#6578);
#3395=VERTEX_POINT('',#6580);
#3396=VERTEX_POINT('',#6582);
#3397=VERTEX_POINT('',#6584);
#3398=VERTEX_POINT('',#6586);
#3399=VERTEX_POINT('',#6588);
#3400=VERTEX_POINT('',#6590);
#3401=VERTEX_POINT('',#6592);
#3402=VERTEX_POINT('',#6594);
#3403=VERTEX_POINT('',#6596);
#3404=VERTEX_POINT('',#6598);
#3405=VERTEX_POINT('',#6600);
#3406=VERTEX_POINT('',#6602);
#3407=VERTEX_POINT('',#6604);
#3408=VERTEX_POINT('',#6606);
#3409=VERTEX_POINT('',#6608);
#3410=VERTEX_POINT('',#6610);
#3411=VERTEX_POINT('',#6612);
#3412=VERTEX_POINT('',#6614);
#3413=VERTEX_POINT('',#6616);
#3414=VERTEX_POINT('',#6618);
#3415=VERTEX_POINT('',#6620);
#3416=VERTEX_POINT('',#6622);
#3417=VERTEX_POINT('',#6624);
#3418=VERTEX_POINT('',#6626);
#3419=VERTEX_POINT('',#6628);
#3420=VERTEX_POINT('',#6630);
#3421=VERTEX_POINT('',#6632);
#3422=VERTEX_POINT('',#6634);
#3423=VERTEX_POINT('',#6636);
#3424=VERTEX_POINT('',#6638);
#3425=VERTEX_POINT('',#6640);
#3426=VERTEX_POINT('',#6642);
#3427=VERTEX_POINT('',#6643);
#3428=VERTEX_POINT('',#6645);
#3429=VERTEX_POINT('',#6647);
#3430=VERTEX_POINT('',#6649);
#3431=VERTEX_POINT('',#6651);
#3432=VERTEX_POINT('',#6653);
#3433=VERTEX_POINT('',#6655);
#3434=VERTEX_POINT('',#6657);
#3435=VERTEX_POINT('',#6659);
#3436=VERTEX_POINT('',#6661);
#3437=VERTEX_POINT('',#6663);
#3438=VERTEX_POINT('',#6665);
#3439=VERTEX_POINT('',#6667);
#3440=VERTEX_POINT('',#6669);
#3441=VERTEX_POINT('',#6671);
#3442=VERTEX_POINT('',#6673);
#3443=VERTEX_POINT('',#6675);
#3444=VERTEX_POINT('',#6677);
#3445=VERTEX_POINT('',#6679);
#3446=VERTEX_POINT('',#6681);
#3447=VERTEX_POINT('',#6683);
#3448=VERTEX_POINT('',#6685);
#3449=VERTEX_POINT('',#6687);
#3450=VERTEX_POINT('',#6689);
#3451=VERTEX_POINT('',#6691);
#3452=VERTEX_POINT('',#6693);
#3453=VERTEX_POINT('',#6695);
#3454=VERTEX_POINT('',#6697);
#3455=VERTEX_POINT('',#6699);
#3456=VERTEX_POINT('',#6701);
#3457=VERTEX_POINT('',#6703);
#3458=VERTEX_POINT('',#6705);
#3459=VERTEX_POINT('',#6707);
#3460=VERTEX_POINT('',#6709);
#3461=VERTEX_POINT('',#6711);
#3462=VERTEX_POINT('',#6713);
#3463=VERTEX_POINT('',#6715);
#3464=VERTEX_POINT('',#6717);
#3465=VERTEX_POINT('',#6719);
#3466=VERTEX_POINT('',#6721);
#3467=VERTEX_POINT('',#6723);
#3468=VERTEX_POINT('',#6725);
#3469=VERTEX_POINT('',#6727);
#3470=VERTEX_POINT('',#6729);
#3471=VERTEX_POINT('',#6731);
#3472=VERTEX_POINT('',#6733);
#3473=VERTEX_POINT('',#6735);
#3474=VERTEX_POINT('',#6737);
#3475=VERTEX_POINT('',#6739);
#3476=VERTEX_POINT('',#6741);
#3477=VERTEX_POINT('',#6743);
#3478=VERTEX_POINT('',#6745);
#3479=VERTEX_POINT('',#6747);
#3480=VERTEX_POINT('',#6749);
#3481=VERTEX_POINT('',#6751);
#3482=VERTEX_POINT('',#6753);
#3483=VERTEX_POINT('',#6755);
#3484=VERTEX_POINT('',#6757);
#3485=VERTEX_POINT('',#6759);
#3486=VERTEX_POINT('',#6761);
#3487=VERTEX_POINT('',#6763);
#3488=VERTEX_POINT('',#6765);
#3489=VERTEX_POINT('',#6767);
#3490=VERTEX_POINT('',#6769);
#3491=VERTEX_POINT('',#6771);
#3492=VERTEX_POINT('',#6773);
#3493=VERTEX_POINT('',#6775);
#3494=VERTEX_POINT('',#6777);
#3495=VERTEX_POINT('',#6779);
#3496=VERTEX_POINT('',#6781);
#3497=VERTEX_POINT('',#6783);
#3498=VERTEX_POINT('',#6785);
#3499=VERTEX_POINT('',#6787);
#3500=VERTEX_POINT('',#6789);
#3501=VERTEX_POINT('',#6791);
#3502=VERTEX_POINT('',#6793);
#3503=VERTEX_POINT('',#6795);
#3504=VERTEX_POINT('',#6797);
#3505=VERTEX_POINT('',#6799);
#3506=VERTEX_POINT('',#6801);
#3507=VERTEX_POINT('',#6803);
#3508=VERTEX_POINT('',#6805);
#3509=VERTEX_POINT('',#6807);
#3510=VERTEX_POINT('',#6809);
#3511=VERTEX_POINT('',#6811);
#3512=VERTEX_POINT('',#6813);
#3513=VERTEX_POINT('',#6815);
#3514=VERTEX_POINT('',#6817);
#3515=VERTEX_POINT('',#6819);
#3516=VERTEX_POINT('',#6821);
#3517=VERTEX_POINT('',#6823);
#3518=VERTEX_POINT('',#6825);
#3519=VERTEX_POINT('',#6827);
#3520=VERTEX_POINT('',#6829);
#3521=VERTEX_POINT('',#6831);
#3522=VERTEX_POINT('',#6833);
#3523=VERTEX_POINT('',#6835);
#3524=VERTEX_POINT('',#6837);
#3525=VERTEX_POINT('',#6839);
#3526=VERTEX_POINT('',#6841);
#3527=VERTEX_POINT('',#6843);
#3528=VERTEX_POINT('',#6845);
#3529=VERTEX_POINT('',#6847);
#3530=VERTEX_POINT('',#6849);
#3531=VERTEX_POINT('',#6851);
#3532=VERTEX_POINT('',#6853);
#3533=VERTEX_POINT('',#6855);
#3534=VERTEX_POINT('',#6857);
#3535=VERTEX_POINT('',#6859);
#3536=VERTEX_POINT('',#6861);
#3537=VERTEX_POINT('',#6863);
#3538=VERTEX_POINT('',#6865);
#3539=VERTEX_POINT('',#6867);
#3540=VERTEX_POINT('',#6869);
#3541=VERTEX_POINT('',#6871);
#3542=VERTEX_POINT('',#6873);
#3543=VERTEX_POINT('',#6875);
#3544=VERTEX_POINT('',#6877);
#3545=VERTEX_POINT('',#6879);
#3546=VERTEX_POINT('',#6881);
#3547=VERTEX_POINT('',#6883);
#3548=VERTEX_POINT('',#6885);
#3549=VERTEX_POINT('',#6887);
#3550=VERTEX_POINT('',#6889);
#3551=VERTEX_POINT('',#6891);
#3552=VERTEX_POINT('',#6893);
#3553=VERTEX_POINT('',#6895);
#3554=VERTEX_POINT('',#6897);
#3555=VERTEX_POINT('',#6899);
#3556=VERTEX_POINT('',#6901);
#3557=VERTEX_POINT('',#6903);
#3558=VERTEX_POINT('',#6905);
#3559=VERTEX_POINT('',#6907);
#3560=VERTEX_POINT('',#6909);
#3561=VERTEX_POINT('',#6911);
#3562=VERTEX_POINT('',#6913);
#3563=VERTEX_POINT('',#6915);
#3564=VERTEX_POINT('',#6917);
#3565=VERTEX_POINT('',#6919);
#3566=VERTEX_POINT('',#6921);
#3567=VERTEX_POINT('',#6923);
#3568=VERTEX_POINT('',#6925);
#3569=VERTEX_POINT('',#6927);
#3570=VERTEX_POINT('',#6929);
#3571=VERTEX_POINT('',#6931);
#3572=VERTEX_POINT('',#6933);
#3573=VERTEX_POINT('',#6935);
#3574=VERTEX_POINT('',#6937);
#3575=VERTEX_POINT('',#6939);
#3576=VERTEX_POINT('',#6941);
#3577=VERTEX_POINT('',#6943);
#3578=VERTEX_POINT('',#6945);
#3579=VERTEX_POINT('',#6947);
#3580=VERTEX_POINT('',#6949);
#3581=VERTEX_POINT('',#6951);
#3582=VERTEX_POINT('',#6953);
#3583=VERTEX_POINT('',#6955);
#3584=VERTEX_POINT('',#6957);
#3585=VERTEX_POINT('',#6959);
#3586=VERTEX_POINT('',#6961);
#3587=VERTEX_POINT('',#6963);
#3588=VERTEX_POINT('',#6965);
#3589=VERTEX_POINT('',#6967);
#3590=VERTEX_POINT('',#6969);
#3591=VERTEX_POINT('',#6971);
#3592=VERTEX_POINT('',#6973);
#3593=VERTEX_POINT('',#6975);
#3594=VERTEX_POINT('',#6977);
#3595=VERTEX_POINT('',#6979);
#3596=VERTEX_POINT('',#6981);
#3597=VERTEX_POINT('',#6983);
#3598=VERTEX_POINT('',#6985);
#3599=VERTEX_POINT('',#6987);
#3600=VERTEX_POINT('',#6989);
#3601=VERTEX_POINT('',#6991);
#3602=VERTEX_POINT('',#6993);
#3603=VERTEX_POINT('',#6995);
#3604=VERTEX_POINT('',#6997);
#3605=VERTEX_POINT('',#6999);
#3606=VERTEX_POINT('',#7001);
#3607=VERTEX_POINT('',#7003);
#3608=VERTEX_POINT('',#7006);
#3609=VERTEX_POINT('',#7008);
#3610=VERTEX_POINT('',#7010);
#3611=VERTEX_POINT('',#7012);
#3612=VERTEX_POINT('',#7014);
#3613=VERTEX_POINT('',#7016);
#3614=VERTEX_POINT('',#7018);
#3615=VERTEX_POINT('',#7021);
#3616=VERTEX_POINT('',#7023);
#3617=VERTEX_POINT('',#7025);
#3618=VERTEX_POINT('',#7027);
#3619=VERTEX_POINT('',#7029);
#3620=VERTEX_POINT('',#7031);
#3621=VERTEX_POINT('',#7033);
#3622=VERTEX_POINT('',#7035);
#3623=VERTEX_POINT('',#7037);
#3624=VERTEX_POINT('',#7039);
#3625=VERTEX_POINT('',#7041);
#3626=VERTEX_POINT('',#7043);
#3627=VERTEX_POINT('',#7045);
#3628=VERTEX_POINT('',#7047);
#3629=VERTEX_POINT('',#7049);
#3630=VERTEX_POINT('',#7051);
#3631=VERTEX_POINT('',#7053);
#3632=VERTEX_POINT('',#7055);
#3633=VERTEX_POINT('',#7057);
#3634=VERTEX_POINT('',#7059);
#3635=VERTEX_POINT('',#7061);
#3636=VERTEX_POINT('',#7063);
#3637=VERTEX_POINT('',#7065);
#3638=VERTEX_POINT('',#7067);
#3639=VERTEX_POINT('',#7069);
#3640=VERTEX_POINT('',#7071);
#3641=VERTEX_POINT('',#7073);
#3642=VERTEX_POINT('',#7075);
#3643=VERTEX_POINT('',#7077);
#3644=VERTEX_POINT('',#7079);
#3645=VERTEX_POINT('',#7081);
#3646=VERTEX_POINT('',#7083);
#3647=VERTEX_POINT('',#7085);
#3648=VERTEX_POINT('',#7087);
#3649=VERTEX_POINT('',#7089);
#3650=VERTEX_POINT('',#7091);
#3651=VERTEX_POINT('',#7093);
#3652=VERTEX_POINT('',#7095);
#3653=VERTEX_POINT('',#7097);
#3654=VERTEX_POINT('',#7099);
#3655=VERTEX_POINT('',#7101);
#3656=VERTEX_POINT('',#7103);
#3657=VERTEX_POINT('',#7105);
#3658=VERTEX_POINT('',#7107);
#3659=VERTEX_POINT('',#7109);
#3660=VERTEX_POINT('',#7110);
#3661=VERTEX_POINT('',#7112);
#3662=VERTEX_POINT('',#7114);
#3663=VERTEX_POINT('',#7116);
#3664=VERTEX_POINT('',#7118);
#3665=VERTEX_POINT('',#7120);
#3666=VERTEX_POINT('',#7122);
#3667=VERTEX_POINT('',#7124);
#3668=VERTEX_POINT('',#7126);
#3669=VERTEX_POINT('',#7128);
#3670=VERTEX_POINT('',#7130);
#3671=VERTEX_POINT('',#7132);
#3672=VERTEX_POINT('',#7134);
#3673=VERTEX_POINT('',#7136);
#3674=VERTEX_POINT('',#7138);
#3675=VERTEX_POINT('',#7140);
#3676=VERTEX_POINT('',#7142);
#3677=VERTEX_POINT('',#7144);
#3678=VERTEX_POINT('',#7146);
#3679=VERTEX_POINT('',#7148);
#3680=VERTEX_POINT('',#7150);
#3681=VERTEX_POINT('',#7152);
#3682=VERTEX_POINT('',#7154);
#3683=VERTEX_POINT('',#7156);
#3684=VERTEX_POINT('',#7158);
#3685=VERTEX_POINT('',#7160);
#3686=VERTEX_POINT('',#7162);
#3687=VERTEX_POINT('',#7164);
#3688=VERTEX_POINT('',#7166);
#3689=VERTEX_POINT('',#7168);
#3690=VERTEX_POINT('',#7170);
#3691=VERTEX_POINT('',#7172);
#3692=VERTEX_POINT('',#7174);
#3693=VERTEX_POINT('',#7176);
#3694=VERTEX_POINT('',#7178);
#3695=VERTEX_POINT('',#7180);
#3696=VERTEX_POINT('',#7182);
#3697=VERTEX_POINT('',#7184);
#3698=VERTEX_POINT('',#7186);
#3699=VERTEX_POINT('',#7188);
#3700=VERTEX_POINT('',#7190);
#3701=VERTEX_POINT('',#7192);
#3702=VERTEX_POINT('',#7194);
#3703=VERTEX_POINT('',#7196);
#3704=VERTEX_POINT('',#7198);
#3705=VERTEX_POINT('',#7200);
#3706=VERTEX_POINT('',#7202);
#3707=VERTEX_POINT('',#7204);
#3708=VERTEX_POINT('',#7206);
#3709=VERTEX_POINT('',#7208);
#3710=VERTEX_POINT('',#7210);
#3711=VERTEX_POINT('',#7212);
#3712=VERTEX_POINT('',#7214);
#3713=VERTEX_POINT('',#7216);
#3714=VERTEX_POINT('',#7218);
#3715=VERTEX_POINT('',#7220);
#3716=VERTEX_POINT('',#7222);
#3717=VERTEX_POINT('',#7224);
#3718=VERTEX_POINT('',#7226);
#3719=VERTEX_POINT('',#7228);
#3720=VERTEX_POINT('',#7230);
#3721=VERTEX_POINT('',#7232);
#3722=VERTEX_POINT('',#7234);
#3723=VERTEX_POINT('',#7236);
#3724=VERTEX_POINT('',#7238);
#3725=VERTEX_POINT('',#7240);
#3726=VERTEX_POINT('',#7242);
#3727=VERTEX_POINT('',#7244);
#3728=VERTEX_POINT('',#7246);
#3729=VERTEX_POINT('',#7248);
#3730=VERTEX_POINT('',#7250);
#3731=VERTEX_POINT('',#7252);
#3732=VERTEX_POINT('',#7254);
#3733=VERTEX_POINT('',#7256);
#3734=VERTEX_POINT('',#7258);
#3735=VERTEX_POINT('',#7260);
#3736=VERTEX_POINT('',#7262);
#3737=VERTEX_POINT('',#7264);
#3738=VERTEX_POINT('',#7266);
#3739=VERTEX_POINT('',#7268);
#3740=VERTEX_POINT('',#7270);
#3741=VERTEX_POINT('',#7272);
#3742=VERTEX_POINT('',#7274);
#3743=VERTEX_POINT('',#7276);
#3744=VERTEX_POINT('',#7278);
#3745=VERTEX_POINT('',#7280);
#3746=VERTEX_POINT('',#7282);
#3747=VERTEX_POINT('',#7284);
#3748=VERTEX_POINT('',#7286);
#3749=VERTEX_POINT('',#7288);
#3750=VERTEX_POINT('',#7290);
#3751=VERTEX_POINT('',#7292);
#3752=VERTEX_POINT('',#7294);
#3753=VERTEX_POINT('',#7296);
#3754=VERTEX_POINT('',#7298);
#3755=VERTEX_POINT('',#7300);
#3756=VERTEX_POINT('',#7302);
#3757=VERTEX_POINT('',#7304);
#3758=VERTEX_POINT('',#7306);
#3759=VERTEX_POINT('',#7308);
#3760=VERTEX_POINT('',#7310);
#3761=VERTEX_POINT('',#7312);
#3762=VERTEX_POINT('',#7314);
#3763=VERTEX_POINT('',#7316);
#3764=VERTEX_POINT('',#7318);
#3765=VERTEX_POINT('',#7320);
#3766=VERTEX_POINT('',#7322);
#3767=VERTEX_POINT('',#7324);
#3768=VERTEX_POINT('',#7326);
#3769=VERTEX_POINT('',#7328);
#3770=VERTEX_POINT('',#7330);
#3771=VERTEX_POINT('',#7332);
#3772=VERTEX_POINT('',#7334);
#3773=VERTEX_POINT('',#7336);
#3774=VERTEX_POINT('',#7338);
#3775=VERTEX_POINT('',#7340);
#3776=VERTEX_POINT('',#7342);
#3777=VERTEX_POINT('',#7344);
#3778=VERTEX_POINT('',#7346);
#3779=VERTEX_POINT('',#7348);
#3780=VERTEX_POINT('',#7350);
#3781=VERTEX_POINT('',#7352);
#3782=VERTEX_POINT('',#7354);
#3783=VERTEX_POINT('',#7356);
#3784=VERTEX_POINT('',#7358);
#3785=VERTEX_POINT('',#7360);
#3786=VERTEX_POINT('',#7362);
#3787=VERTEX_POINT('',#7364);
#3788=VERTEX_POINT('',#7366);
#3789=VERTEX_POINT('',#7368);
#3790=VERTEX_POINT('',#7370);
#3791=VERTEX_POINT('',#7372);
#3792=VERTEX_POINT('',#7374);
#3793=VERTEX_POINT('',#7376);
#3794=VERTEX_POINT('',#7378);
#3795=VERTEX_POINT('',#7380);
#3796=VERTEX_POINT('',#7382);
#3797=VERTEX_POINT('',#7384);
#3798=VERTEX_POINT('',#7386);
#3799=VERTEX_POINT('',#7388);
#3800=VERTEX_POINT('',#7390);
#3801=VERTEX_POINT('',#7392);
#3802=VERTEX_POINT('',#7394);
#3803=VERTEX_POINT('',#7396);
#3804=VERTEX_POINT('',#7398);
#3805=VERTEX_POINT('',#7400);
#3806=VERTEX_POINT('',#7402);
#3807=VERTEX_POINT('',#7404);
#3808=VERTEX_POINT('',#7406);
#3809=VERTEX_POINT('',#7408);
#3810=VERTEX_POINT('',#7410);
#3811=VERTEX_POINT('',#7412);
#3812=VERTEX_POINT('',#7414);
#3813=VERTEX_POINT('',#7416);
#3814=VERTEX_POINT('',#7418);
#3815=VERTEX_POINT('',#7420);
#3816=VERTEX_POINT('',#7422);
#3817=VERTEX_POINT('',#7424);
#3818=VERTEX_POINT('',#7426);
#3819=VERTEX_POINT('',#7428);
#3820=VERTEX_POINT('',#7430);
#3821=VERTEX_POINT('',#7432);
#3822=VERTEX_POINT('',#7434);
#3823=VERTEX_POINT('',#7436);
#3824=VERTEX_POINT('',#7438);
#3825=VERTEX_POINT('',#7440);
#3826=VERTEX_POINT('',#7442);
#3827=VERTEX_POINT('',#7444);
#3828=VERTEX_POINT('',#7446);
#3829=VERTEX_POINT('',#7448);
#3830=VERTEX_POINT('',#7450);
#3831=VERTEX_POINT('',#7452);
#3832=VERTEX_POINT('',#7454);
#3833=VERTEX_POINT('',#7456);
#3834=VERTEX_POINT('',#7458);
#3835=VERTEX_POINT('',#7460);
#3836=VERTEX_POINT('',#7462);
#3837=VERTEX_POINT('',#7464);
#3838=VERTEX_POINT('',#7466);
#3839=VERTEX_POINT('',#7468);
#3840=VERTEX_POINT('',#7470);
#3841=VERTEX_POINT('',#7473);
#3842=VERTEX_POINT('',#7475);
#3843=VERTEX_POINT('',#7477);
#3844=VERTEX_POINT('',#7479);
#3845=VERTEX_POINT('',#7481);
#3846=VERTEX_POINT('',#7483);
#3847=VERTEX_POINT('',#7485);
#3848=ELLIPSE('',#4893,0.165,0.066);
#3849=ELLIPSE('',#4894,0.165,0.066);
#3850=ELLIPSE('',#4940,0.564,0.131162790697674);
#3851=ELLIPSE('',#4946,0.225,0.1575);
#3852=ELLIPSE('',#4947,0.165,0.066);
#3853=ELLIPSE('',#4993,0.564,0.131162790697674);
#3854=ELLIPSE('',#4994,0.165,0.066);
#3855=ELLIPSE('',#4995,0.225,0.1575);
#3856=EDGE_LOOP('',(#1430));
#3857=EDGE_LOOP('',(#1431));
#3858=EDGE_LOOP('',(#1432));
#3859=EDGE_LOOP('',(#1433));
#3860=EDGE_LOOP('',(#1434));
#3861=EDGE_LOOP('',(#1435));
#3862=EDGE_LOOP('',(#1436));
#3863=EDGE_LOOP('',(#1437));
#3864=EDGE_LOOP('',(#1438));
#3865=EDGE_LOOP('',(#1439));
#3866=EDGE_LOOP('',(#1440));
#3867=EDGE_LOOP('',(#1441));
#3868=EDGE_LOOP('',(#1442));
#3869=EDGE_LOOP('',(#1443));
#3870=EDGE_LOOP('',(#1444));
#3871=EDGE_LOOP('',(#1445));
#3872=EDGE_LOOP('',(#1446));
#3873=EDGE_LOOP('',(#1447));
#3874=EDGE_LOOP('',(#1448));
#3875=EDGE_LOOP('',(#1449));
#3876=EDGE_LOOP('',(#1450));
#3877=EDGE_LOOP('',(#1451));
#3878=EDGE_LOOP('',(#1452));
#3879=EDGE_LOOP('',(#1453));
#3880=EDGE_LOOP('',(#1454));
#3881=EDGE_LOOP('',(#1455));
#3882=EDGE_LOOP('',(#1456));
#3883=EDGE_LOOP('',(#1457));
#3884=EDGE_LOOP('',(#1458));
#3885=EDGE_LOOP('',(#1459));
#3886=EDGE_LOOP('',(#1460));
#3887=EDGE_LOOP('',(#1461));
#3888=EDGE_LOOP('',(#1462));
#3889=EDGE_LOOP('',(#1463));
#3890=EDGE_LOOP('',(#1464));
#3891=EDGE_LOOP('',(#1465));
#3892=EDGE_LOOP('',(#1466));
#3893=EDGE_LOOP('',(#1467));
#3894=EDGE_LOOP('',(#1468));
#3895=EDGE_LOOP('',(#1469));
#3896=EDGE_LOOP('',(#1470));
#3897=EDGE_LOOP('',(#1471));
#3898=EDGE_LOOP('',(#1472));
#3899=EDGE_LOOP('',(#1473));
#3900=EDGE_LOOP('',(#1474));
#3901=EDGE_LOOP('',(#1475));
#3902=EDGE_LOOP('',(#1476,#1477,#1478,#1479,#1480,#1481,#1482,#1483,#1484,
#1485,#1486,#1487,#1488,#1489,#1490,#1491,#1492,#1493,#1494,#1495,#1496,
#1497,#1498,#1499,#1500,#1501,#1502,#1503,#1504,#1505,#1506,#1507,#1508,
#1509,#1510,#1511,#1512,#1513,#1514,#1515,#1516,#1517,#1518,#1519,#1520,
#1521,#1522,#1523,#1524,#1525,#1526,#1527,#1528,#1529,#1530,#1531,#1532,
#1533,#1534,#1535,#1536,#1537,#1538,#1539,#1540,#1541,#1542,#1543,#1544,
#1545,#1546,#1547,#1548,#1549,#1550,#1551,#1552,#1553,#1554,#1555,#1556,
#1557,#1558,#1559,#1560,#1561,#1562,#1563,#1564,#1565,#1566,#1567,#1568,
#1569,#1570,#1571,#1572,#1573,#1574,#1575,#1576,#1577,#1578,#1579,#1580,
#1581,#1582,#1583,#1584,#1585,#1586,#1587,#1588,#1589,#1590,#1591,#1592,
#1593,#1594,#1595,#1596,#1597,#1598,#1599,#1600,#1601,#1602,#1603,#1604,
#1605,#1606,#1607,#1608,#1609,#1610,#1611,#1612,#1613,#1614,#1615,#1616,
#1617,#1618,#1619,#1620,#1621,#1622,#1623,#1624,#1625,#1626,#1627,#1628,
#1629,#1630,#1631,#1632,#1633,#1634,#1635,#1636,#1637,#1638,#1639,#1640,
#1641,#1642,#1643,#1644,#1645,#1646,#1647,#1648,#1649,#1650,#1651,#1652,
#1653,#1654,#1655,#1656,#1657));
#3903=EDGE_LOOP('',(#1658));
#3904=EDGE_LOOP('',(#1659));
#3905=EDGE_LOOP('',(#1660));
#3906=EDGE_LOOP('',(#1661));
#3907=EDGE_LOOP('',(#1662));
#3908=EDGE_LOOP('',(#1663));
#3909=EDGE_LOOP('',(#1664));
#3910=EDGE_LOOP('',(#1665));
#3911=EDGE_LOOP('',(#1666));
#3912=EDGE_LOOP('',(#1667));
#3913=EDGE_LOOP('',(#1668));
#3914=EDGE_LOOP('',(#1669));
#3915=EDGE_LOOP('',(#1670));
#3916=EDGE_LOOP('',(#1671));
#3917=EDGE_LOOP('',(#1672));
#3918=EDGE_LOOP('',(#1673));
#3919=EDGE_LOOP('',(#1674));
#3920=EDGE_LOOP('',(#1675));
#3921=EDGE_LOOP('',(#1676));
#3922=EDGE_LOOP('',(#1677));
#3923=EDGE_LOOP('',(#1678));
#3924=EDGE_LOOP('',(#1679));
#3925=EDGE_LOOP('',(#1680));
#3926=EDGE_LOOP('',(#1681));
#3927=EDGE_LOOP('',(#1682));
#3928=EDGE_LOOP('',(#1683));
#3929=EDGE_LOOP('',(#1684));
#3930=EDGE_LOOP('',(#1685));
#3931=EDGE_LOOP('',(#1686));
#3932=EDGE_LOOP('',(#1687));
#3933=EDGE_LOOP('',(#1688));
#3934=EDGE_LOOP('',(#1689));
#3935=EDGE_LOOP('',(#1690));
#3936=EDGE_LOOP('',(#1691));
#3937=EDGE_LOOP('',(#1692));
#3938=EDGE_LOOP('',(#1693));
#3939=EDGE_LOOP('',(#1694));
#3940=EDGE_LOOP('',(#1695));
#3941=EDGE_LOOP('',(#1696));
#3942=EDGE_LOOP('',(#1697));
#3943=EDGE_LOOP('',(#1698));
#3944=EDGE_LOOP('',(#1699));
#3945=EDGE_LOOP('',(#1700));
#3946=EDGE_LOOP('',(#1701));
#3947=EDGE_LOOP('',(#1702));
#3948=EDGE_LOOP('',(#1703));
#3949=EDGE_LOOP('',(#1704));
#3950=EDGE_LOOP('',(#1705));
#3951=EDGE_LOOP('',(#1706));
#3952=EDGE_LOOP('',(#1707));
#3953=EDGE_LOOP('',(#1708));
#3954=EDGE_LOOP('',(#1709));
#3955=EDGE_LOOP('',(#1710,#1711,#1712,#1713,#1714,#1715,#1716,#1717,#1718,
#1719,#1720,#1721,#1722,#1723,#1724,#1725,#1726,#1727,#1728,#1729,#1730,
#1731,#1732,#1733,#1734,#1735,#1736,#1737,#1738,#1739,#1740,#1741,#1742,
#1743,#1744,#1745,#1746,#1747,#1748,#1749,#1750,#1751,#1752,#1753,#1754,
#1755,#1756,#1757,#1758,#1759,#1760,#1761,#1762,#1763,#1764,#1765,#1766,
#1767,#1768,#1769,#1770,#1771,#1772,#1773,#1774,#1775,#1776,#1777,#1778,
#1779,#1780,#1781,#1782,#1783,#1784,#1785,#1786,#1787,#1788,#1789,#1790,
#1791,#1792,#1793,#1794,#1795,#1796,#1797,#1798,#1799,#1800,#1801,#1802,
#1803,#1804,#1805,#1806,#1807,#1808,#1809,#1810,#1811,#1812,#1813,#1814,
#1815,#1816,#1817,#1818,#1819,#1820,#1821,#1822,#1823,#1824,#1825,#1826,
#1827,#1828,#1829,#1830,#1831,#1832,#1833,#1834,#1835,#1836,#1837,#1838,
#1839,#1840,#1841,#1842,#1843,#1844,#1845,#1846,#1847,#1848,#1849,#1850,
#1851,#1852,#1853,#1854,#1855,#1856,#1857,#1858,#1859,#1860,#1861,#1862,
#1863,#1864,#1865,#1866,#1867,#1868,#1869,#1870,#1871,#1872,#1873,#1874,
#1875,#1876,#1877,#1878,#1879,#1880,#1881,#1882,#1883,#1884,#1885,#1886,
#1887,#1888,#1889,#1890,#1891));
#3956=EDGE_LOOP('',(#1892));
#3957=EDGE_LOOP('',(#1893));
#3958=EDGE_LOOP('',(#1894));
#3959=EDGE_LOOP('',(#1895));
#3960=EDGE_LOOP('',(#1896));
#3961=EDGE_LOOP('',(#1897));
#3962=EDGE_LOOP('',(#1898));
#3963=EDGE_LOOP('',(#1899));
#3964=EDGE_LOOP('',(#1900,#1901,#1902,#1903));
#3965=EDGE_LOOP('',(#1904,#1905,#1906,#1907));
#3966=EDGE_LOOP('',(#1908,#1909,#1910,#1911));
#3967=EDGE_LOOP('',(#1912,#1913,#1914,#1915));
#3968=EDGE_LOOP('',(#1916,#1917,#1918,#1919));
#3969=EDGE_LOOP('',(#1920,#1921,#1922,#1923));
#3970=EDGE_LOOP('',(#1924,#1925,#1926,#1927));
#3971=EDGE_LOOP('',(#1928,#1929,#1930,#1931));
#3972=EDGE_LOOP('',(#1932,#1933,#1934,#1935));
#3973=EDGE_LOOP('',(#1936,#1937,#1938,#1939));
#3974=EDGE_LOOP('',(#1940,#1941,#1942,#1943));
#3975=EDGE_LOOP('',(#1944,#1945,#1946,#1947));
#3976=EDGE_LOOP('',(#1948,#1949,#1950,#1951));
#3977=EDGE_LOOP('',(#1952,#1953,#1954,#1955));
#3978=EDGE_LOOP('',(#1956,#1957,#1958,#1959));
#3979=EDGE_LOOP('',(#1960,#1961,#1962,#1963));
#3980=EDGE_LOOP('',(#1964,#1965,#1966,#1967));
#3981=EDGE_LOOP('',(#1968,#1969,#1970,#1971));
#3982=EDGE_LOOP('',(#1972,#1973,#1974,#1975));
#3983=EDGE_LOOP('',(#1976,#1977,#1978,#1979));
#3984=EDGE_LOOP('',(#1980,#1981,#1982,#1983));
#3985=EDGE_LOOP('',(#1984,#1985,#1986,#1987));
#3986=EDGE_LOOP('',(#1988,#1989,#1990,#1991));
#3987=EDGE_LOOP('',(#1992,#1993,#1994,#1995));
#3988=EDGE_LOOP('',(#1996,#1997,#1998,#1999));
#3989=EDGE_LOOP('',(#2000,#2001,#2002,#2003));
#3990=EDGE_LOOP('',(#2004,#2005,#2006,#2007));
#3991=EDGE_LOOP('',(#2008,#2009,#2010,#2011));
#3992=EDGE_LOOP('',(#2012,#2013,#2014,#2015));
#3993=EDGE_LOOP('',(#2016,#2017,#2018,#2019));
#3994=EDGE_LOOP('',(#2020,#2021,#2022,#2023));
#3995=EDGE_LOOP('',(#2024,#2025,#2026,#2027));
#3996=EDGE_LOOP('',(#2028,#2029,#2030,#2031));
#3997=EDGE_LOOP('',(#2032,#2033,#2034,#2035));
#3998=EDGE_LOOP('',(#2036,#2037,#2038,#2039));
#3999=EDGE_LOOP('',(#2040,#2041,#2042,#2043));
#4000=EDGE_LOOP('',(#2044,#2045,#2046,#2047));
#4001=EDGE_LOOP('',(#2048,#2049,#2050,#2051));
#4002=EDGE_LOOP('',(#2052,#2053,#2054,#2055));
#4003=EDGE_LOOP('',(#2056,#2057,#2058,#2059));
#4004=EDGE_LOOP('',(#2060,#2061,#2062,#2063));
#4005=EDGE_LOOP('',(#2064,#2065,#2066,#2067));
#4006=EDGE_LOOP('',(#2068,#2069,#2070,#2071));
#4007=EDGE_LOOP('',(#2072,#2073,#2074,#2075));
#4008=EDGE_LOOP('',(#2076,#2077,#2078,#2079));
#4009=EDGE_LOOP('',(#2080,#2081,#2082,#2083));
#4010=EDGE_LOOP('',(#2084,#2085,#2086,#2087));
#4011=EDGE_LOOP('',(#2088,#2089,#2090,#2091));
#4012=EDGE_LOOP('',(#2092,#2093,#2094,#2095));
#4013=EDGE_LOOP('',(#2096,#2097,#2098,#2099));
#4014=EDGE_LOOP('',(#2100,#2101,#2102,#2103));
#4015=EDGE_LOOP('',(#2104,#2105,#2106,#2107));
#4016=EDGE_LOOP('',(#2108,#2109,#2110,#2111));
#4017=EDGE_LOOP('',(#2112,#2113,#2114,#2115));
#4018=EDGE_LOOP('',(#2116,#2117,#2118,#2119));
#4019=EDGE_LOOP('',(#2120,#2121,#2122,#2123));
#4020=EDGE_LOOP('',(#2124,#2125,#2126,#2127));
#4021=EDGE_LOOP('',(#2128,#2129,#2130,#2131));
#4022=EDGE_LOOP('',(#2132,#2133,#2134,#2135));
#4023=EDGE_LOOP('',(#2136,#2137,#2138,#2139));
#4024=EDGE_LOOP('',(#2140,#2141,#2142,#2143));
#4025=EDGE_LOOP('',(#2144,#2145,#2146,#2147));
#4026=EDGE_LOOP('',(#2148,#2149,#2150,#2151));
#4027=EDGE_LOOP('',(#2152,#2153,#2154,#2155));
#4028=EDGE_LOOP('',(#2156,#2157,#2158,#2159));
#4029=EDGE_LOOP('',(#2160,#2161,#2162,#2163));
#4030=EDGE_LOOP('',(#2164,#2165,#2166,#2167));
#4031=EDGE_LOOP('',(#2168,#2169,#2170,#2171));
#4032=EDGE_LOOP('',(#2172,#2173,#2174,#2175));
#4033=EDGE_LOOP('',(#2176,#2177,#2178,#2179));
#4034=EDGE_LOOP('',(#2180,#2181,#2182,#2183));
#4035=EDGE_LOOP('',(#2184,#2185,#2186,#2187));
#4036=EDGE_LOOP('',(#2188,#2189,#2190,#2191));
#4037=EDGE_LOOP('',(#2192,#2193,#2194,#2195));
#4038=EDGE_LOOP('',(#2196,#2197,#2198,#2199));
#4039=EDGE_LOOP('',(#2200,#2201,#2202,#2203));
#4040=EDGE_LOOP('',(#2204,#2205,#2206,#2207));
#4041=EDGE_LOOP('',(#2208,#2209,#2210,#2211));
#4042=EDGE_LOOP('',(#2212,#2213,#2214,#2215));
#4043=EDGE_LOOP('',(#2216,#2217,#2218,#2219));
#4044=EDGE_LOOP('',(#2220,#2221,#2222,#2223));
#4045=EDGE_LOOP('',(#2224,#2225,#2226,#2227));
#4046=EDGE_LOOP('',(#2228,#2229,#2230,#2231));
#4047=EDGE_LOOP('',(#2232,#2233,#2234,#2235));
#4048=EDGE_LOOP('',(#2236,#2237,#2238,#2239));
#4049=EDGE_LOOP('',(#2240,#2241,#2242,#2243));
#4050=EDGE_LOOP('',(#2244,#2245,#2246,#2247));
#4051=EDGE_LOOP('',(#2248,#2249,#2250,#2251));
#4052=EDGE_LOOP('',(#2252,#2253,#2254,#2255));
#4053=EDGE_LOOP('',(#2256,#2257,#2258,#2259));
#4054=EDGE_LOOP('',(#2260,#2261,#2262,#2263));
#4055=EDGE_LOOP('',(#2264,#2265,#2266,#2267));
#4056=EDGE_LOOP('',(#2268,#2269,#2270,#2271));
#4057=EDGE_LOOP('',(#2272,#2273,#2274,#2275));
#4058=EDGE_LOOP('',(#2276,#2277,#2278,#2279));
#4059=EDGE_LOOP('',(#2280,#2281,#2282,#2283));
#4060=EDGE_LOOP('',(#2284,#2285,#2286,#2287));
#4061=EDGE_LOOP('',(#2288,#2289,#2290,#2291));
#4062=EDGE_LOOP('',(#2292,#2293,#2294,#2295));
#4063=EDGE_LOOP('',(#2296,#2297,#2298,#2299));
#4064=EDGE_LOOP('',(#2300,#2301,#2302,#2303));
#4065=EDGE_LOOP('',(#2304,#2305,#2306,#2307));
#4066=EDGE_LOOP('',(#2308,#2309,#2310,#2311));
#4067=EDGE_LOOP('',(#2312,#2313,#2314,#2315));
#4068=EDGE_LOOP('',(#2316,#2317,#2318,#2319));
#4069=EDGE_LOOP('',(#2320,#2321,#2322,#2323));
#4070=EDGE_LOOP('',(#2324,#2325,#2326,#2327));
#4071=EDGE_LOOP('',(#2328,#2329,#2330,#2331));
#4072=EDGE_LOOP('',(#2332,#2333,#2334,#2335));
#4073=EDGE_LOOP('',(#2336,#2337,#2338,#2339));
#4074=EDGE_LOOP('',(#2340,#2341,#2342,#2343));
#4075=EDGE_LOOP('',(#2344,#2345,#2346,#2347));
#4076=EDGE_LOOP('',(#2348,#2349,#2350,#2351));
#4077=EDGE_LOOP('',(#2352,#2353,#2354,#2355));
#4078=EDGE_LOOP('',(#2356,#2357,#2358,#2359));
#4079=EDGE_LOOP('',(#2360,#2361,#2362,#2363));
#4080=EDGE_LOOP('',(#2364,#2365,#2366,#2367));
#4081=EDGE_LOOP('',(#2368,#2369,#2370,#2371));
#4082=EDGE_LOOP('',(#2372,#2373,#2374,#2375));
#4083=EDGE_LOOP('',(#2376,#2377,#2378,#2379));
#4084=EDGE_LOOP('',(#2380,#2381,#2382,#2383));
#4085=EDGE_LOOP('',(#2384,#2385,#2386,#2387));
#4086=EDGE_LOOP('',(#2388,#2389,#2390,#2391));
#4087=EDGE_LOOP('',(#2392,#2393,#2394,#2395));
#4088=EDGE_LOOP('',(#2396,#2397,#2398,#2399));
#4089=EDGE_LOOP('',(#2400,#2401,#2402,#2403));
#4090=EDGE_LOOP('',(#2404,#2405,#2406,#2407));
#4091=EDGE_LOOP('',(#2408,#2409,#2410,#2411));
#4092=EDGE_LOOP('',(#2412,#2413,#2414,#2415));
#4093=EDGE_LOOP('',(#2416,#2417,#2418,#2419));
#4094=EDGE_LOOP('',(#2420,#2421,#2422,#2423));
#4095=EDGE_LOOP('',(#2424,#2425,#2426,#2427));
#4096=EDGE_LOOP('',(#2428,#2429,#2430,#2431));
#4097=EDGE_LOOP('',(#2432,#2433,#2434,#2435));
#4098=EDGE_LOOP('',(#2436,#2437,#2438,#2439));
#4099=EDGE_LOOP('',(#2440,#2441,#2442,#2443));
#4100=EDGE_LOOP('',(#2444,#2445,#2446,#2447));
#4101=EDGE_LOOP('',(#2448,#2449,#2450,#2451));
#4102=EDGE_LOOP('',(#2452,#2453,#2454,#2455));
#4103=EDGE_LOOP('',(#2456,#2457,#2458,#2459));
#4104=EDGE_LOOP('',(#2460,#2461,#2462,#2463));
#4105=EDGE_LOOP('',(#2464,#2465,#2466,#2467));
#4106=EDGE_LOOP('',(#2468,#2469,#2470,#2471));
#4107=EDGE_LOOP('',(#2472,#2473,#2474,#2475));
#4108=EDGE_LOOP('',(#2476,#2477,#2478,#2479));
#4109=EDGE_LOOP('',(#2480,#2481,#2482,#2483));
#4110=EDGE_LOOP('',(#2484,#2485,#2486,#2487));
#4111=EDGE_LOOP('',(#2488,#2489,#2490,#2491));
#4112=EDGE_LOOP('',(#2492,#2493,#2494,#2495));
#4113=EDGE_LOOP('',(#2496,#2497,#2498,#2499));
#4114=EDGE_LOOP('',(#2500,#2501,#2502,#2503));
#4115=EDGE_LOOP('',(#2504,#2505,#2506,#2507));
#4116=EDGE_LOOP('',(#2508,#2509,#2510,#2511));
#4117=EDGE_LOOP('',(#2512,#2513,#2514,#2515));
#4118=EDGE_LOOP('',(#2516,#2517,#2518,#2519));
#4119=EDGE_LOOP('',(#2520,#2521,#2522,#2523));
#4120=EDGE_LOOP('',(#2524,#2525,#2526,#2527));
#4121=EDGE_LOOP('',(#2528,#2529,#2530,#2531));
#4122=EDGE_LOOP('',(#2532,#2533,#2534,#2535));
#4123=EDGE_LOOP('',(#2536,#2537,#2538,#2539));
#4124=EDGE_LOOP('',(#2540,#2541,#2542,#2543));
#4125=EDGE_LOOP('',(#2544,#2545,#2546,#2547));
#4126=EDGE_LOOP('',(#2548,#2549,#2550,#2551));
#4127=EDGE_LOOP('',(#2552,#2553,#2554,#2555));
#4128=EDGE_LOOP('',(#2556,#2557,#2558,#2559));
#4129=EDGE_LOOP('',(#2560,#2561,#2562,#2563));
#4130=EDGE_LOOP('',(#2564,#2565,#2566,#2567));
#4131=EDGE_LOOP('',(#2568,#2569,#2570,#2571));
#4132=EDGE_LOOP('',(#2572,#2573,#2574,#2575));
#4133=EDGE_LOOP('',(#2576,#2577,#2578,#2579));
#4134=EDGE_LOOP('',(#2580,#2581,#2582,#2583));
#4135=EDGE_LOOP('',(#2584,#2585,#2586,#2587));
#4136=EDGE_LOOP('',(#2588,#2589,#2590,#2591));
#4137=EDGE_LOOP('',(#2592,#2593,#2594,#2595));
#4138=EDGE_LOOP('',(#2596,#2597,#2598,#2599));
#4139=EDGE_LOOP('',(#2600,#2601,#2602,#2603));
#4140=EDGE_LOOP('',(#2604,#2605,#2606,#2607));
#4141=EDGE_LOOP('',(#2608,#2609,#2610,#2611));
#4142=EDGE_LOOP('',(#2612,#2613,#2614,#2615));
#4143=EDGE_LOOP('',(#2616,#2617,#2618,#2619));
#4144=EDGE_LOOP('',(#2620,#2621,#2622,#2623));
#4145=EDGE_LOOP('',(#2624,#2625,#2626,#2627));
#4146=EDGE_LOOP('',(#2628));
#4147=EDGE_LOOP('',(#2629));
#4148=EDGE_LOOP('',(#2630));
#4149=EDGE_LOOP('',(#2631));
#4150=EDGE_LOOP('',(#2632));
#4151=EDGE_LOOP('',(#2633));
#4152=EDGE_LOOP('',(#2634));
#4153=EDGE_LOOP('',(#2635));
#4154=EDGE_LOOP('',(#2636));
#4155=EDGE_LOOP('',(#2637));
#4156=EDGE_LOOP('',(#2638));
#4157=EDGE_LOOP('',(#2639));
#4158=EDGE_LOOP('',(#2640));
#4159=EDGE_LOOP('',(#2641));
#4160=EDGE_LOOP('',(#2642));
#4161=EDGE_LOOP('',(#2643));
#4162=EDGE_LOOP('',(#2644));
#4163=EDGE_LOOP('',(#2645));
#4164=EDGE_LOOP('',(#2646));
#4165=EDGE_LOOP('',(#2647));
#4166=EDGE_LOOP('',(#2648));
#4167=EDGE_LOOP('',(#2649));
#4168=EDGE_LOOP('',(#2650));
#4169=EDGE_LOOP('',(#2651));
#4170=EDGE_LOOP('',(#2652));
#4171=EDGE_LOOP('',(#2653));
#4172=EDGE_LOOP('',(#2654));
#4173=EDGE_LOOP('',(#2655));
#4174=EDGE_LOOP('',(#2656));
#4175=EDGE_LOOP('',(#2657));
#4176=EDGE_LOOP('',(#2658));
#4177=EDGE_LOOP('',(#2659));
#4178=EDGE_LOOP('',(#2660));
#4179=EDGE_LOOP('',(#2661));
#4180=EDGE_LOOP('',(#2662));
#4181=EDGE_LOOP('',(#2663));
#4182=EDGE_LOOP('',(#2664));
#4183=EDGE_LOOP('',(#2665));
#4184=EDGE_LOOP('',(#2666));
#4185=EDGE_LOOP('',(#2667));
#4186=EDGE_LOOP('',(#2668));
#4187=EDGE_LOOP('',(#2669));
#4188=EDGE_LOOP('',(#2670));
#4189=EDGE_LOOP('',(#2671));
#4190=EDGE_LOOP('',(#2672));
#4191=EDGE_LOOP('',(#2673));
#4192=EDGE_LOOP('',(#2674));
#4193=EDGE_LOOP('',(#2675));
#4194=EDGE_LOOP('',(#2676));
#4195=EDGE_LOOP('',(#2677));
#4196=EDGE_LOOP('',(#2678));
#4197=EDGE_LOOP('',(#2679));
#4198=EDGE_LOOP('',(#2680));
#4199=EDGE_LOOP('',(#2681));
#4200=EDGE_LOOP('',(#2682));
#4201=EDGE_LOOP('',(#2683));
#4202=EDGE_LOOP('',(#2684));
#4203=EDGE_LOOP('',(#2685));
#4204=EDGE_LOOP('',(#2686));
#4205=EDGE_LOOP('',(#2687));
#4206=EDGE_LOOP('',(#2688));
#4207=EDGE_LOOP('',(#2689));
#4208=EDGE_LOOP('',(#2690));
#4209=EDGE_LOOP('',(#2691));
#4210=EDGE_LOOP('',(#2692));
#4211=EDGE_LOOP('',(#2693));
#4212=EDGE_LOOP('',(#2694));
#4213=EDGE_LOOP('',(#2695));
#4214=EDGE_LOOP('',(#2696));
#4215=EDGE_LOOP('',(#2697));
#4216=EDGE_LOOP('',(#2698));
#4217=EDGE_LOOP('',(#2699));
#4218=EDGE_LOOP('',(#2700));
#4219=EDGE_LOOP('',(#2701));
#4220=EDGE_LOOP('',(#2702));
#4221=EDGE_LOOP('',(#2703));
#4222=EDGE_LOOP('',(#2704));
#4223=EDGE_LOOP('',(#2705));
#4224=EDGE_LOOP('',(#2706));
#4225=EDGE_LOOP('',(#2707));
#4226=EDGE_LOOP('',(#2708));
#4227=EDGE_LOOP('',(#2709));
#4228=EDGE_LOOP('',(#2710));
#4229=EDGE_LOOP('',(#2711));
#4230=EDGE_LOOP('',(#2712));
#4231=EDGE_LOOP('',(#2713));
#4232=EDGE_LOOP('',(#2714));
#4233=EDGE_LOOP('',(#2715));
#4234=EDGE_LOOP('',(#2716));
#4235=EDGE_LOOP('',(#2717));
#4236=EDGE_LOOP('',(#2718));
#4237=EDGE_LOOP('',(#2719));
#4238=EDGE_LOOP('',(#2720));
#4239=EDGE_LOOP('',(#2721));
#4240=EDGE_LOOP('',(#2722));
#4241=EDGE_LOOP('',(#2723));
#4242=EDGE_LOOP('',(#2724));
#4243=EDGE_LOOP('',(#2725));
#4244=EDGE_LOOP('',(#2726));
#4245=EDGE_LOOP('',(#2727));
#4246=EDGE_LOOP('',(#2728));
#4247=EDGE_LOOP('',(#2729));
#4248=FACE_BOUND('',#3856,.T.);
#4249=FACE_BOUND('',#3857,.T.);
#4250=FACE_BOUND('',#3858,.T.);
#4251=FACE_BOUND('',#3859,.T.);
#4252=FACE_BOUND('',#3860,.T.);
#4253=FACE_BOUND('',#3861,.T.);
#4254=FACE_BOUND('',#3862,.T.);
#4255=FACE_BOUND('',#3863,.T.);
#4256=FACE_BOUND('',#3864,.T.);
#4257=FACE_BOUND('',#3865,.T.);
#4258=FACE_BOUND('',#3866,.T.);
#4259=FACE_BOUND('',#3867,.T.);
#4260=FACE_BOUND('',#3868,.T.);
#4261=FACE_BOUND('',#3869,.T.);
#4262=FACE_BOUND('',#3870,.T.);
#4263=FACE_BOUND('',#3871,.T.);
#4264=FACE_BOUND('',#3872,.T.);
#4265=FACE_BOUND('',#3873,.T.);
#4266=FACE_BOUND('',#3874,.T.);
#4267=FACE_BOUND('',#3875,.T.);
#4268=FACE_BOUND('',#3876,.T.);
#4269=FACE_BOUND('',#3877,.T.);
#4270=FACE_BOUND('',#3878,.T.);
#4271=FACE_BOUND('',#3879,.T.);
#4272=FACE_BOUND('',#3880,.T.);
#4273=FACE_BOUND('',#3881,.T.);
#4274=FACE_BOUND('',#3882,.T.);
#4275=FACE_BOUND('',#3883,.T.);
#4276=FACE_BOUND('',#3884,.T.);
#4277=FACE_BOUND('',#3885,.T.);
#4278=FACE_BOUND('',#3886,.T.);
#4279=FACE_BOUND('',#3887,.T.);
#4280=FACE_BOUND('',#3888,.T.);
#4281=FACE_BOUND('',#3889,.T.);
#4282=FACE_BOUND('',#3890,.T.);
#4283=FACE_BOUND('',#3891,.T.);
#4284=FACE_BOUND('',#3892,.T.);
#4285=FACE_BOUND('',#3893,.T.);
#4286=FACE_BOUND('',#3894,.T.);
#4287=FACE_BOUND('',#3895,.T.);
#4288=FACE_BOUND('',#3896,.T.);
#4289=FACE_BOUND('',#3897,.T.);
#4290=FACE_BOUND('',#3898,.T.);
#4291=FACE_BOUND('',#3899,.T.);
#4292=FACE_BOUND('',#3900,.T.);
#4293=FACE_BOUND('',#3901,.T.);
#4294=FACE_BOUND('',#3902,.T.);
#4295=FACE_BOUND('',#3903,.T.);
#4296=FACE_BOUND('',#3904,.T.);
#4297=FACE_BOUND('',#3905,.T.);
#4298=FACE_BOUND('',#3906,.T.);
#4299=FACE_BOUND('',#3907,.T.);
#4300=FACE_BOUND('',#3908,.T.);
#4301=FACE_BOUND('',#3909,.T.);
#4302=FACE_BOUND('',#3910,.T.);
#4303=FACE_BOUND('',#3911,.T.);
#4304=FACE_BOUND('',#3912,.T.);
#4305=FACE_BOUND('',#3913,.T.);
#4306=FACE_BOUND('',#3914,.T.);
#4307=FACE_BOUND('',#3915,.T.);
#4308=FACE_BOUND('',#3916,.T.);
#4309=FACE_BOUND('',#3917,.T.);
#4310=FACE_BOUND('',#3918,.T.);
#4311=FACE_BOUND('',#3919,.T.);
#4312=FACE_BOUND('',#3920,.T.);
#4313=FACE_BOUND('',#3921,.T.);
#4314=FACE_BOUND('',#3922,.T.);
#4315=FACE_BOUND('',#3923,.T.);
#4316=FACE_BOUND('',#3924,.T.);
#4317=FACE_BOUND('',#3925,.T.);
#4318=FACE_BOUND('',#3926,.T.);
#4319=FACE_BOUND('',#3927,.T.);
#4320=FACE_BOUND('',#3928,.T.);
#4321=FACE_BOUND('',#3929,.T.);
#4322=FACE_BOUND('',#3930,.T.);
#4323=FACE_BOUND('',#3931,.T.);
#4324=FACE_BOUND('',#3932,.T.);
#4325=FACE_BOUND('',#3933,.T.);
#4326=FACE_BOUND('',#3934,.T.);
#4327=FACE_BOUND('',#3935,.T.);
#4328=FACE_BOUND('',#3936,.T.);
#4329=FACE_BOUND('',#3937,.T.);
#4330=FACE_BOUND('',#3938,.T.);
#4331=FACE_BOUND('',#3939,.T.);
#4332=FACE_BOUND('',#3940,.T.);
#4333=FACE_BOUND('',#3941,.T.);
#4334=FACE_BOUND('',#3942,.T.);
#4335=FACE_BOUND('',#3943,.T.);
#4336=FACE_BOUND('',#3944,.T.);
#4337=FACE_BOUND('',#3945,.T.);
#4338=FACE_BOUND('',#3946,.T.);
#4339=FACE_BOUND('',#3947,.T.);
#4340=FACE_BOUND('',#3948,.T.);
#4341=FACE_BOUND('',#3949,.T.);
#4342=FACE_BOUND('',#3950,.T.);
#4343=FACE_BOUND('',#3951,.T.);
#4344=FACE_BOUND('',#3952,.T.);
#4345=FACE_BOUND('',#3953,.T.);
#4346=FACE_BOUND('',#3954,.T.);
#4347=FACE_BOUND('',#3955,.T.);
#4348=FACE_BOUND('',#3956,.T.);
#4349=FACE_BOUND('',#3957,.T.);
#4350=FACE_BOUND('',#3958,.T.);
#4351=FACE_BOUND('',#3959,.T.);
#4352=FACE_BOUND('',#3960,.T.);
#4353=FACE_BOUND('',#3961,.T.);
#4354=FACE_BOUND('',#3962,.T.);
#4355=FACE_BOUND('',#3963,.T.);
#4356=FACE_BOUND('',#3964,.T.);
#4357=FACE_BOUND('',#3965,.T.);
#4358=FACE_BOUND('',#3966,.T.);
#4359=FACE_BOUND('',#3967,.T.);
#4360=FACE_BOUND('',#3968,.T.);
#4361=FACE_BOUND('',#3969,.T.);
#4362=FACE_BOUND('',#3970,.T.);
#4363=FACE_BOUND('',#3971,.T.);
#4364=FACE_BOUND('',#3972,.T.);
#4365=FACE_BOUND('',#3973,.T.);
#4366=FACE_BOUND('',#3974,.T.);
#4367=FACE_BOUND('',#3975,.T.);
#4368=FACE_BOUND('',#3976,.T.);
#4369=FACE_BOUND('',#3977,.T.);
#4370=FACE_BOUND('',#3978,.T.);
#4371=FACE_BOUND('',#3979,.T.);
#4372=FACE_BOUND('',#3980,.T.);
#4373=FACE_BOUND('',#3981,.T.);
#4374=FACE_BOUND('',#3982,.T.);
#4375=FACE_BOUND('',#3983,.T.);
#4376=FACE_BOUND('',#3984,.T.);
#4377=FACE_BOUND('',#3985,.T.);
#4378=FACE_BOUND('',#3986,.T.);
#4379=FACE_BOUND('',#3987,.T.);
#4380=FACE_BOUND('',#3988,.T.);
#4381=FACE_BOUND('',#3989,.T.);
#4382=FACE_BOUND('',#3990,.T.);
#4383=FACE_BOUND('',#3991,.T.);
#4384=FACE_BOUND('',#3992,.T.);
#4385=FACE_BOUND('',#3993,.T.);
#4386=FACE_BOUND('',#3994,.T.);
#4387=FACE_BOUND('',#3995,.T.);
#4388=FACE_BOUND('',#3996,.T.);
#4389=FACE_BOUND('',#3997,.T.);
#4390=FACE_BOUND('',#3998,.T.);
#4391=FACE_BOUND('',#3999,.T.);
#4392=FACE_BOUND('',#4000,.T.);
#4393=FACE_BOUND('',#4001,.T.);
#4394=FACE_BOUND('',#4002,.T.);
#4395=FACE_BOUND('',#4003,.T.);
#4396=FACE_BOUND('',#4004,.T.);
#4397=FACE_BOUND('',#4005,.T.);
#4398=FACE_BOUND('',#4006,.T.);
#4399=FACE_BOUND('',#4007,.T.);
#4400=FACE_BOUND('',#4008,.T.);
#4401=FACE_BOUND('',#4009,.T.);
#4402=FACE_BOUND('',#4010,.T.);
#4403=FACE_BOUND('',#4011,.T.);
#4404=FACE_BOUND('',#4012,.T.);
#4405=FACE_BOUND('',#4013,.T.);
#4406=FACE_BOUND('',#4014,.T.);
#4407=FACE_BOUND('',#4015,.T.);
#4408=FACE_BOUND('',#4016,.T.);
#4409=FACE_BOUND('',#4017,.T.);
#4410=FACE_BOUND('',#4018,.T.);
#4411=FACE_BOUND('',#4019,.T.);
#4412=FACE_BOUND('',#4020,.T.);
#4413=FACE_BOUND('',#4021,.T.);
#4414=FACE_BOUND('',#4022,.T.);
#4415=FACE_BOUND('',#4023,.T.);
#4416=FACE_BOUND('',#4024,.T.);
#4417=FACE_BOUND('',#4025,.T.);
#4418=FACE_BOUND('',#4026,.T.);
#4419=FACE_BOUND('',#4027,.T.);
#4420=FACE_BOUND('',#4028,.T.);
#4421=FACE_BOUND('',#4029,.T.);
#4422=FACE_BOUND('',#4030,.T.);
#4423=FACE_BOUND('',#4031,.T.);
#4424=FACE_BOUND('',#4032,.T.);
#4425=FACE_BOUND('',#4033,.T.);
#4426=FACE_BOUND('',#4034,.T.);
#4427=FACE_BOUND('',#4035,.T.);
#4428=FACE_BOUND('',#4036,.T.);
#4429=FACE_BOUND('',#4037,.T.);
#4430=FACE_BOUND('',#4038,.T.);
#4431=FACE_BOUND('',#4039,.T.);
#4432=FACE_BOUND('',#4040,.T.);
#4433=FACE_BOUND('',#4041,.T.);
#4434=FACE_BOUND('',#4042,.T.);
#4435=FACE_BOUND('',#4043,.T.);
#4436=FACE_BOUND('',#4044,.T.);
#4437=FACE_BOUND('',#4045,.T.);
#4438=FACE_BOUND('',#4046,.T.);
#4439=FACE_BOUND('',#4047,.T.);
#4440=FACE_BOUND('',#4048,.T.);
#4441=FACE_BOUND('',#4049,.T.);
#4442=FACE_BOUND('',#4050,.T.);
#4443=FACE_BOUND('',#4051,.T.);
#4444=FACE_BOUND('',#4052,.T.);
#4445=FACE_BOUND('',#4053,.T.);
#4446=FACE_BOUND('',#4054,.T.);
#4447=FACE_BOUND('',#4055,.T.);
#4448=FACE_BOUND('',#4056,.T.);
#4449=FACE_BOUND('',#4057,.T.);
#4450=FACE_BOUND('',#4058,.T.);
#4451=FACE_BOUND('',#4059,.T.);
#4452=FACE_BOUND('',#4060,.T.);
#4453=FACE_BOUND('',#4061,.T.);
#4454=FACE_BOUND('',#4062,.T.);
#4455=FACE_BOUND('',#4063,.T.);
#4456=FACE_BOUND('',#4064,.T.);
#4457=FACE_BOUND('',#4065,.T.);
#4458=FACE_BOUND('',#4066,.T.);
#4459=FACE_BOUND('',#4067,.T.);
#4460=FACE_BOUND('',#4068,.T.);
#4461=FACE_BOUND('',#4069,.T.);
#4462=FACE_BOUND('',#4070,.T.);
#4463=FACE_BOUND('',#4071,.T.);
#4464=FACE_BOUND('',#4072,.T.);
#4465=FACE_BOUND('',#4073,.T.);
#4466=FACE_BOUND('',#4074,.T.);
#4467=FACE_BOUND('',#4075,.T.);
#4468=FACE_BOUND('',#4076,.T.);
#4469=FACE_BOUND('',#4077,.T.);
#4470=FACE_BOUND('',#4078,.T.);
#4471=FACE_BOUND('',#4079,.T.);
#4472=FACE_BOUND('',#4080,.T.);
#4473=FACE_BOUND('',#4081,.T.);
#4474=FACE_BOUND('',#4082,.T.);
#4475=FACE_BOUND('',#4083,.T.);
#4476=FACE_BOUND('',#4084,.T.);
#4477=FACE_BOUND('',#4085,.T.);
#4478=FACE_BOUND('',#4086,.T.);
#4479=FACE_BOUND('',#4087,.T.);
#4480=FACE_BOUND('',#4088,.T.);
#4481=FACE_BOUND('',#4089,.T.);
#4482=FACE_BOUND('',#4090,.T.);
#4483=FACE_BOUND('',#4091,.T.);
#4484=FACE_BOUND('',#4092,.T.);
#4485=FACE_BOUND('',#4093,.T.);
#4486=FACE_BOUND('',#4094,.T.);
#4487=FACE_BOUND('',#4095,.T.);
#4488=FACE_BOUND('',#4096,.T.);
#4489=FACE_BOUND('',#4097,.T.);
#4490=FACE_BOUND('',#4098,.T.);
#4491=FACE_BOUND('',#4099,.T.);
#4492=FACE_BOUND('',#4100,.T.);
#4493=FACE_BOUND('',#4101,.T.);
#4494=FACE_BOUND('',#4102,.T.);
#4495=FACE_BOUND('',#4103,.T.);
#4496=FACE_BOUND('',#4104,.T.);
#4497=FACE_BOUND('',#4105,.T.);
#4498=FACE_BOUND('',#4106,.T.);
#4499=FACE_BOUND('',#4107,.T.);
#4500=FACE_BOUND('',#4108,.T.);
#4501=FACE_BOUND('',#4109,.T.);
#4502=FACE_BOUND('',#4110,.T.);
#4503=FACE_BOUND('',#4111,.T.);
#4504=FACE_BOUND('',#4112,.T.);
#4505=FACE_BOUND('',#4113,.T.);
#4506=FACE_BOUND('',#4114,.T.);
#4507=FACE_BOUND('',#4115,.T.);
#4508=FACE_BOUND('',#4116,.T.);
#4509=FACE_BOUND('',#4117,.T.);
#4510=FACE_BOUND('',#4118,.T.);
#4511=FACE_BOUND('',#4119,.T.);
#4512=FACE_BOUND('',#4120,.T.);
#4513=FACE_BOUND('',#4121,.T.);
#4514=FACE_BOUND('',#4122,.T.);
#4515=FACE_BOUND('',#4123,.T.);
#4516=FACE_BOUND('',#4124,.T.);
#4517=FACE_BOUND('',#4125,.T.);
#4518=FACE_BOUND('',#4126,.T.);
#4519=FACE_BOUND('',#4127,.T.);
#4520=FACE_BOUND('',#4128,.T.);
#4521=FACE_BOUND('',#4129,.T.);
#4522=FACE_BOUND('',#4130,.T.);
#4523=FACE_BOUND('',#4131,.T.);
#4524=FACE_BOUND('',#4132,.T.);
#4525=FACE_BOUND('',#4133,.T.);
#4526=FACE_BOUND('',#4134,.T.);
#4527=FACE_BOUND('',#4135,.T.);
#4528=FACE_BOUND('',#4136,.T.);
#4529=FACE_BOUND('',#4137,.T.);
#4530=FACE_BOUND('',#4138,.T.);
#4531=FACE_BOUND('',#4139,.T.);
#4532=FACE_BOUND('',#4140,.T.);
#4533=FACE_BOUND('',#4141,.T.);
#4534=FACE_BOUND('',#4142,.T.);
#4535=FACE_BOUND('',#4143,.T.);
#4536=FACE_BOUND('',#4144,.T.);
#4537=FACE_BOUND('',#4145,.T.);
#4538=FACE_BOUND('',#4146,.T.);
#4539=FACE_BOUND('',#4147,.T.);
#4540=FACE_BOUND('',#4148,.T.);
#4541=FACE_BOUND('',#4149,.T.);
#4542=FACE_BOUND('',#4150,.T.);
#4543=FACE_BOUND('',#4151,.T.);
#4544=FACE_BOUND('',#4152,.T.);
#4545=FACE_BOUND('',#4153,.T.);
#4546=FACE_BOUND('',#4154,.T.);
#4547=FACE_BOUND('',#4155,.T.);
#4548=FACE_BOUND('',#4156,.T.);
#4549=FACE_BOUND('',#4157,.T.);
#4550=FACE_BOUND('',#4158,.T.);
#4551=FACE_BOUND('',#4159,.T.);
#4552=FACE_BOUND('',#4160,.T.);
#4553=FACE_BOUND('',#4161,.T.);
#4554=FACE_BOUND('',#4162,.T.);
#4555=FACE_BOUND('',#4163,.T.);
#4556=FACE_BOUND('',#4164,.T.);
#4557=FACE_BOUND('',#4165,.T.);
#4558=FACE_BOUND('',#4166,.T.);
#4559=FACE_BOUND('',#4167,.T.);
#4560=FACE_BOUND('',#4168,.T.);
#4561=FACE_BOUND('',#4169,.T.);
#4562=FACE_BOUND('',#4170,.T.);
#4563=FACE_BOUND('',#4171,.T.);
#4564=FACE_BOUND('',#4172,.T.);
#4565=FACE_BOUND('',#4173,.T.);
#4566=FACE_BOUND('',#4174,.T.);
#4567=FACE_BOUND('',#4175,.T.);
#4568=FACE_BOUND('',#4176,.T.);
#4569=FACE_BOUND('',#4177,.T.);
#4570=FACE_BOUND('',#4178,.T.);
#4571=FACE_BOUND('',#4179,.T.);
#4572=FACE_BOUND('',#4180,.T.);
#4573=FACE_BOUND('',#4181,.T.);
#4574=FACE_BOUND('',#4182,.T.);
#4575=FACE_BOUND('',#4183,.T.);
#4576=FACE_BOUND('',#4184,.T.);
#4577=FACE_BOUND('',#4185,.T.);
#4578=FACE_BOUND('',#4186,.T.);
#4579=FACE_BOUND('',#4187,.T.);
#4580=FACE_BOUND('',#4188,.T.);
#4581=FACE_BOUND('',#4189,.T.);
#4582=FACE_BOUND('',#4190,.T.);
#4583=FACE_BOUND('',#4191,.T.);
#4584=FACE_BOUND('',#4192,.T.);
#4585=FACE_BOUND('',#4193,.T.);
#4586=FACE_BOUND('',#4194,.T.);
#4587=FACE_BOUND('',#4195,.T.);
#4588=FACE_BOUND('',#4196,.T.);
#4589=FACE_BOUND('',#4197,.T.);
#4590=FACE_BOUND('',#4198,.T.);
#4591=FACE_BOUND('',#4199,.T.);
#4592=FACE_BOUND('',#4200,.T.);
#4593=FACE_BOUND('',#4201,.T.);
#4594=FACE_BOUND('',#4202,.T.);
#4595=FACE_BOUND('',#4203,.T.);
#4596=FACE_BOUND('',#4204,.T.);
#4597=FACE_BOUND('',#4205,.T.);
#4598=FACE_BOUND('',#4206,.T.);
#4599=FACE_BOUND('',#4207,.T.);
#4600=FACE_BOUND('',#4208,.T.);
#4601=FACE_BOUND('',#4209,.T.);
#4602=FACE_BOUND('',#4210,.T.);
#4603=FACE_BOUND('',#4211,.T.);
#4604=FACE_BOUND('',#4212,.T.);
#4605=FACE_BOUND('',#4213,.T.);
#4606=FACE_BOUND('',#4214,.T.);
#4607=FACE_BOUND('',#4215,.T.);
#4608=FACE_BOUND('',#4216,.T.);
#4609=FACE_BOUND('',#4217,.T.);
#4610=FACE_BOUND('',#4218,.T.);
#4611=FACE_BOUND('',#4219,.T.);
#4612=FACE_BOUND('',#4220,.T.);
#4613=FACE_BOUND('',#4221,.T.);
#4614=FACE_BOUND('',#4222,.T.);
#4615=FACE_BOUND('',#4223,.T.);
#4616=FACE_BOUND('',#4224,.T.);
#4617=FACE_BOUND('',#4225,.T.);
#4618=FACE_BOUND('',#4226,.T.);
#4619=FACE_BOUND('',#4227,.T.);
#4620=FACE_BOUND('',#4228,.T.);
#4621=FACE_BOUND('',#4229,.T.);
#4622=FACE_BOUND('',#4230,.T.);
#4623=FACE_BOUND('',#4231,.T.);
#4624=FACE_BOUND('',#4232,.T.);
#4625=FACE_BOUND('',#4233,.T.);
#4626=FACE_BOUND('',#4234,.T.);
#4627=FACE_BOUND('',#4235,.T.);
#4628=FACE_BOUND('',#4236,.T.);
#4629=FACE_BOUND('',#4237,.T.);
#4630=FACE_BOUND('',#4238,.T.);
#4631=FACE_BOUND('',#4239,.T.);
#4632=FACE_BOUND('',#4240,.T.);
#4633=FACE_BOUND('',#4241,.T.);
#4634=FACE_BOUND('',#4242,.T.);
#4635=FACE_BOUND('',#4243,.T.);
#4636=FACE_BOUND('',#4244,.T.);
#4637=FACE_BOUND('',#4245,.T.);
#4638=FACE_BOUND('',#4246,.T.);
#4639=FACE_BOUND('',#4247,.T.);
#4640=B_SPLINE_SURFACE_WITH_KNOTS('',3,1,((#6454,#6455),(#6456,#6457),(#6458,
#6459),(#6460,#6461),(#6462,#6463),(#6464,#6465),(#6466,#6467),(#6468,#6469),
(#6470,#6471),(#6472,#6473),(#6474,#6475),(#6476,#6477),(#6478,#6479),(#6480,
#6481),(#6482,#6483),(#6484,#6485),(#6486,#6487),(#6488,#6489),(#6490,#6491),
(#6492,#6493),(#6494,#6495),(#6496,#6497),(#6498,#6499),(#6500,#6501),(#6502,
#6503),(#6504,#6505),(#6506,#6507),(#6508,#6509),(#6510,#6511),(#6512,#6513),
(#6514,#6515),(#6516,#6517),(#6518,#6519),(#6520,#6521),(#6522,#6523),(#6524,
#6525),(#6526,#6527),(#6528,#6529),(#6530,#6531),(#6532,#6533),(#6534,#6535),
(#6536,#6537),(#6538,#6539),(#6540,#6541),(#6542,#6543),(#6544,#6545),(#6546,
#6547)),.SURF_OF_LINEAR_EXTRUSION.,.T.,.F.,.F.,(1,1,1,1,1,1,1,1,1,1,1,1,
1,1,1,1,1,1,1,1,1,1,1,1,1,1,1,1,1,1,1,1,1,1,1,1,1,1,1,1,1,1,1,1,1,1,1,1,
1,1,1),(2,2),(-0.03125,-0.015625,-0.0078125,0.,0.0078125,0.015625,0.03125,
0.046875,0.0625,0.09375,0.125,0.15625,0.1875,0.21875,0.25,0.28125,0.3125,
0.34375,0.375,0.40625,0.4375,0.453125,0.46875,0.484375,0.4921875,0.5,0.5078125,
0.515625,0.53125,0.546875,0.5625,0.59375,0.625,0.65625,0.6875,0.71875,0.75,
0.78125,0.8125,0.84375,0.875,0.90625,0.9375,0.953125,0.96875,0.984375,0.9921875,
1.,1.0078125,1.015625,1.03125),(0.,1.),.UNSPECIFIED.);
#4641=B_SPLINE_SURFACE_WITH_KNOTS('',3,1,((#7492,#7493),(#7494,#7495),(#7496,
#7497),(#7498,#7499),(#7500,#7501),(#7502,#7503),(#7504,#7505),(#7506,#7507),
(#7508,#7509),(#7510,#7511),(#7512,#7513),(#7514,#7515),(#7516,#7517),(#7518,
#7519),(#7520,#7521),(#7522,#7523),(#7524,#7525),(#7526,#7527),(#7528,#7529)),
 .SURF_OF_LINEAR_EXTRUSION.,.F.,.F.,.F.,(4,1,1,1,1,1,1,1,1,1,1,1,1,1,1,
1,4),(2,2),(0.532709585615675,0.559870887413715,0.587032189211756,0.614193491009796,
0.641354792807837,0.668516094605877,0.695677396403918,0.722838698201958,
0.749999999999999,0.777161301798039,0.80432260359608,0.83148390539412,0.858645207192161,
0.885806508990201,0.912967810788242,0.940129112586282,0.967290414384323),
(0.,1.),.UNSPECIFIED.);
#4642=B_SPLINE_SURFACE_WITH_KNOTS('',3,1,((#7892,#7893),(#7894,#7895),(#7896,
#7897),(#7898,#7899),(#7900,#7901),(#7902,#7903),(#7904,#7905),(#7906,#7907),
(#7908,#7909),(#7910,#7911),(#7912,#7913),(#7914,#7915),(#7916,#7917),(#7918,
#7919),(#7920,#7921),(#7922,#7923),(#7924,#7925),(#7926,#7927),(#7928,#7929),
(#7930,#7931),(#7932,#7933),(#7934,#7935),(#7936,#7937),(#7938,#7939),(#7940,
#7941),(#7942,#7943),(#7944,#7945),(#7946,#7947),(#7948,#7949),(#7950,#7951),
(#7952,#7953),(#7954,#7955),(#7956,#7957),(#7958,#7959),(#7960,#7961),(#7962,
#7963),(#7964,#7965),(#7966,#7967),(#7968,#7969),(#7970,#7971),(#7972,#7973),
(#7974,#7975),(#7976,#7977),(#7978,#7979),(#7980,#7981),(#7982,#7983),(#7984,
#7985),(#7986,#7987),(#7988,#7989),(#7990,#7991),(#7992,#7993)),
 .SURF_OF_LINEAR_EXTRUSION.,.T.,.F.,.F.,(1,1,1,1,1,1,1,1,1,1,1,1,1,1,1,
1,1,1,1,1,1,1,1,1,1,1,1,1,1,1,1,1,1,1,1,1,1,1,1,1,1,1,1,1,1,1,1,1,1,1,1,
1,1,1,1),(2,2),(-0.03125,-0.015625,-0.0078125,0.,0.0078125,0.015625,0.03125,
0.046875,0.0625,0.078125,0.09375,0.125,0.15625,0.1875,0.21875,0.25,0.28125,
0.3125,0.34375,0.375,0.40625,0.421875,0.4375,0.453125,0.46875,0.484375,
0.4921875,0.5,0.5078125,0.515625,0.53125,0.546875,0.5625,0.578125,0.59375,
0.625,0.65625,0.6875,0.71875,0.75,0.78125,0.8125,0.84375,0.875,0.90625,
0.921875,0.9375,0.953125,0.96875,0.984375,0.9921875,1.,1.0078125,1.015625,
1.03125),(0.,1.),.UNSPECIFIED.);
#4643=B_SPLINE_SURFACE_WITH_KNOTS('',3,1,((#7994,#7995),(#7996,#7997),(#7998,
#7999),(#8000,#8001),(#8002,#8003),(#8004,#8005),(#8006,#8007),(#8008,#8009),
(#8010,#8011),(#8012,#8013),(#8014,#8015),(#8016,#8017),(#8018,#8019),(#8020,
#8021),(#8022,#8023),(#8024,#8025),(#8026,#8027),(#8028,#8029),(#8030,#8031),
(#8032,#8033),(#8034,#8035),(#8036,#8037),(#8038,#8039),(#8040,#8041),(#8042,
#8043),(#8044,#8045),(#8046,#8047),(#8048,#8049),(#8050,#8051),(#8052,#8053),
(#8054,#8055),(#8056,#8057),(#8058,#8059),(#8060,#8061),(#8062,#8063),(#8064,
#8065),(#8066,#8067),(#8068,#8069),(#8070,#8071),(#8072,#8073),(#8074,#8075),
(#8076,#8077),(#8078,#8079),(#8080,#8081),(#8082,#8083),(#8084,#8085),(#8086,
#8087)),.SURF_OF_LINEAR_EXTRUSION.,.T.,.F.,.F.,(1,1,1,1,1,1,1,1,1,1,1,1,
1,1,1,1,1,1,1,1,1,1,1,1,1,1,1,1,1,1,1,1,1,1,1,1,1,1,1,1,1,1,1,1,1,1,1,1,
1,1,1),(2,2),(-0.03125,-0.015625,-0.0078125,0.,0.0078125,0.015625,0.03125,
0.046875,0.0625,0.09375,0.125,0.15625,0.1875,0.21875,0.25,0.28125,0.3125,
0.34375,0.375,0.40625,0.4375,0.453125,0.46875,0.484375,0.4921875,0.5,0.5078125,
0.515625,0.53125,0.546875,0.5625,0.59375,0.625,0.65625,0.6875,0.71875,0.75,
0.78125,0.8125,0.84375,0.875,0.90625,0.9375,0.953125,0.96875,0.984375,0.9921875,
1.,1.0078125,1.015625,1.03125),(0.,1.),.UNSPECIFIED.);
#4644=ADVANCED_FACE('',(#4248,#4249),#4640,.F.);
#4645=ADVANCED_FACE('',(#4250,#4251,#4252,#4253,#4254,#4255,#4256,#4257,
#4258,#4259,#4260,#4261,#4262,#4263,#4264,#4265,#4266,#4267,#4268,#4269,
#4270,#4271,#4272,#4273,#4274,#4275,#4276,#4277,#4278,#4279,#4280,#4281,
#4282,#4283,#4284,#4285,#4286,#4287,#4288,#4289,#4290,#4291,#4292,#4293,
#4294,#4295,#4296,#4297,#4298,#4299,#4300,#4301,#4302),#1247,.T.);
#4646=ADVANCED_FACE('',(#4303,#4304,#4305,#4306,#4307,#4308,#4309,#4310,
#4311,#4312,#4313,#4314,#4315,#4316,#4317,#4318,#4319,#4320,#4321,#4322,
#4323,#4324,#4325,#4326,#4327,#4328,#4329,#4330,#4331,#4332,#4333,#4334,
#4335,#4336,#4337,#4338,#4339,#4340,#4341,#4342,#4343,#4344,#4345,#4346,
#4347,#4348,#4349,#4350,#4351,#4352,#4353,#4354,#4355),#1248,.F.);
#4647=ADVANCED_FACE('',(#4356),#1249,.F.);
#4648=ADVANCED_FACE('',(#4357),#1250,.F.);
#4649=ADVANCED_FACE('',(#4358),#4641,.F.);
#4650=ADVANCED_FACE('',(#4359),#1251,.F.);
#4651=ADVANCED_FACE('',(#4360),#1252,.F.);
#4652=ADVANCED_FACE('',(#4361),#1253,.F.);
#4653=ADVANCED_FACE('',(#4362),#1254,.F.);
#4654=ADVANCED_FACE('',(#4363),#1255,.F.);
#4655=ADVANCED_FACE('',(#4364),#1256,.F.);
#4656=ADVANCED_FACE('',(#4365),#1257,.F.);
#4657=ADVANCED_FACE('',(#4366),#1258,.F.);
#4658=ADVANCED_FACE('',(#4367),#1259,.F.);
#4659=ADVANCED_FACE('',(#4368),#1260,.F.);
#4660=ADVANCED_FACE('',(#4369),#1261,.F.);
#4661=ADVANCED_FACE('',(#4370),#1262,.F.);
#4662=ADVANCED_FACE('',(#4371),#1263,.F.);
#4663=ADVANCED_FACE('',(#4372),#1264,.F.);
#4664=ADVANCED_FACE('',(#4373),#1265,.F.);
#4665=ADVANCED_FACE('',(#4374),#1266,.F.);
#4666=ADVANCED_FACE('',(#4375),#1267,.F.);
#4667=ADVANCED_FACE('',(#4376),#1268,.F.);
#4668=ADVANCED_FACE('',(#4377),#1269,.F.);
#4669=ADVANCED_FACE('',(#4378),#1270,.F.);
#4670=ADVANCED_FACE('',(#4379),#1271,.F.);
#4671=ADVANCED_FACE('',(#4380),#1272,.F.);
#4672=ADVANCED_FACE('',(#4381),#1273,.F.);
#4673=ADVANCED_FACE('',(#4382),#1274,.F.);
#4674=ADVANCED_FACE('',(#4383),#1275,.F.);
#4675=ADVANCED_FACE('',(#4384),#1276,.F.);
#4676=ADVANCED_FACE('',(#4385),#1277,.F.);
#4677=ADVANCED_FACE('',(#4386),#1278,.F.);
#4678=ADVANCED_FACE('',(#4387),#1279,.F.);
#4679=ADVANCED_FACE('',(#4388),#1280,.F.);
#4680=ADVANCED_FACE('',(#4389),#1281,.F.);
#4681=ADVANCED_FACE('',(#4390),#1282,.F.);
#4682=ADVANCED_FACE('',(#4391),#1283,.F.);
#4683=ADVANCED_FACE('',(#4392),#1284,.F.);
#4684=ADVANCED_FACE('',(#4393),#1285,.F.);
#4685=ADVANCED_FACE('',(#4394),#1286,.F.);
#4686=ADVANCED_FACE('',(#4395),#1287,.F.);
#4687=ADVANCED_FACE('',(#4396),#1288,.F.);
#4688=ADVANCED_FACE('',(#4397),#1289,.F.);
#4689=ADVANCED_FACE('',(#4398),#1290,.F.);
#4690=ADVANCED_FACE('',(#4399),#1291,.F.);
#4691=ADVANCED_FACE('',(#4400),#1292,.F.);
#4692=ADVANCED_FACE('',(#4401),#1293,.F.);
#4693=ADVANCED_FACE('',(#4402),#1294,.F.);
#4694=ADVANCED_FACE('',(#4403),#1295,.F.);
#4695=ADVANCED_FACE('',(#4404),#1296,.F.);
#4696=ADVANCED_FACE('',(#4405),#1297,.F.);
#4697=ADVANCED_FACE('',(#4406),#1298,.F.);
#4698=ADVANCED_FACE('',(#4407),#1299,.F.);
#4699=ADVANCED_FACE('',(#4408),#1300,.F.);
#4700=ADVANCED_FACE('',(#4409),#1301,.F.);
#4701=ADVANCED_FACE('',(#4410),#1302,.F.);
#4702=ADVANCED_FACE('',(#4411),#1303,.F.);
#4703=ADVANCED_FACE('',(#4412),#1304,.F.);
#4704=ADVANCED_FACE('',(#4413),#1305,.F.);
#4705=ADVANCED_FACE('',(#4414),#1306,.F.);
#4706=ADVANCED_FACE('',(#4415),#1307,.F.);
#4707=ADVANCED_FACE('',(#4416),#1308,.F.);
#4708=ADVANCED_FACE('',(#4417),#1309,.F.);
#4709=ADVANCED_FACE('',(#4418),#1310,.F.);
#4710=ADVANCED_FACE('',(#4419),#1311,.F.);
#4711=ADVANCED_FACE('',(#4420),#1312,.F.);
#4712=ADVANCED_FACE('',(#4421),#1313,.F.);
#4713=ADVANCED_FACE('',(#4422),#1314,.F.);
#4714=ADVANCED_FACE('',(#4423),#1315,.F.);
#4715=ADVANCED_FACE('',(#4424),#1316,.F.);
#4716=ADVANCED_FACE('',(#4425),#1317,.F.);
#4717=ADVANCED_FACE('',(#4426),#1318,.F.);
#4718=ADVANCED_FACE('',(#4427),#1319,.F.);
#4719=ADVANCED_FACE('',(#4428),#1320,.F.);
#4720=ADVANCED_FACE('',(#4429),#1321,.F.);
#4721=ADVANCED_FACE('',(#4430),#1322,.F.);
#4722=ADVANCED_FACE('',(#4431),#1323,.F.);
#4723=ADVANCED_FACE('',(#4432),#1324,.F.);
#4724=ADVANCED_FACE('',(#4433),#1325,.F.);
#4725=ADVANCED_FACE('',(#4434),#1326,.F.);
#4726=ADVANCED_FACE('',(#4435),#1327,.F.);
#4727=ADVANCED_FACE('',(#4436),#1328,.F.);
#4728=ADVANCED_FACE('',(#4437),#1329,.F.);
#4729=ADVANCED_FACE('',(#4438),#1330,.F.);
#4730=ADVANCED_FACE('',(#4439),#1331,.F.);
#4731=ADVANCED_FACE('',(#4440),#1332,.F.);
#4732=ADVANCED_FACE('',(#4441),#1333,.F.);
#4733=ADVANCED_FACE('',(#4442),#1334,.F.);
#4734=ADVANCED_FACE('',(#4443),#1335,.F.);
#4735=ADVANCED_FACE('',(#4444),#1336,.F.);
#4736=ADVANCED_FACE('',(#4445),#1337,.F.);
#4737=ADVANCED_FACE('',(#4446),#1338,.F.);
#4738=ADVANCED_FACE('',(#4447),#1339,.F.);
#4739=ADVANCED_FACE('',(#4448),#1340,.F.);
#4740=ADVANCED_FACE('',(#4449),#1341,.T.);
#4741=ADVANCED_FACE('',(#4450),#1342,.T.);
#4742=ADVANCED_FACE('',(#4451),#1343,.T.);
#4743=ADVANCED_FACE('',(#4452),#1344,.T.);
#4744=ADVANCED_FACE('',(#4453),#1345,.T.);
#4745=ADVANCED_FACE('',(#4454),#1346,.T.);
#4746=ADVANCED_FACE('',(#4455),#1347,.T.);
#4747=ADVANCED_FACE('',(#4456),#1348,.T.);
#4748=ADVANCED_FACE('',(#4457),#1349,.T.);
#4749=ADVANCED_FACE('',(#4458),#1350,.T.);
#4750=ADVANCED_FACE('',(#4459),#1351,.T.);
#4751=ADVANCED_FACE('',(#4460),#1352,.T.);
#4752=ADVANCED_FACE('',(#4461),#1353,.T.);
#4753=ADVANCED_FACE('',(#4462),#1354,.T.);
#4754=ADVANCED_FACE('',(#4463),#1355,.T.);
#4755=ADVANCED_FACE('',(#4464),#1356,.T.);
#4756=ADVANCED_FACE('',(#4465),#1357,.T.);
#4757=ADVANCED_FACE('',(#4466),#1358,.T.);
#4758=ADVANCED_FACE('',(#4467),#1359,.T.);
#4759=ADVANCED_FACE('',(#4468),#1360,.T.);
#4760=ADVANCED_FACE('',(#4469),#1361,.T.);
#4761=ADVANCED_FACE('',(#4470),#1362,.T.);
#4762=ADVANCED_FACE('',(#4471),#1363,.T.);
#4763=ADVANCED_FACE('',(#4472),#1364,.T.);
#4764=ADVANCED_FACE('',(#4473),#1365,.T.);
#4765=ADVANCED_FACE('',(#4474),#1366,.T.);
#4766=ADVANCED_FACE('',(#4475),#1367,.T.);
#4767=ADVANCED_FACE('',(#4476),#1368,.T.);
#4768=ADVANCED_FACE('',(#4477),#1369,.T.);
#4769=ADVANCED_FACE('',(#4478),#1370,.T.);
#4770=ADVANCED_FACE('',(#4479),#1371,.T.);
#4771=ADVANCED_FACE('',(#4480),#1372,.T.);
#4772=ADVANCED_FACE('',(#4481),#1373,.T.);
#4773=ADVANCED_FACE('',(#4482),#1374,.T.);
#4774=ADVANCED_FACE('',(#4483),#1375,.T.);
#4775=ADVANCED_FACE('',(#4484),#1376,.T.);
#4776=ADVANCED_FACE('',(#4485),#1377,.T.);
#4777=ADVANCED_FACE('',(#4486),#1378,.T.);
#4778=ADVANCED_FACE('',(#4487),#1379,.T.);
#4779=ADVANCED_FACE('',(#4488),#1380,.T.);
#4780=ADVANCED_FACE('',(#4489),#1381,.T.);
#4781=ADVANCED_FACE('',(#4490),#1382,.T.);
#4782=ADVANCED_FACE('',(#4491),#1383,.T.);
#4783=ADVANCED_FACE('',(#4492),#1384,.T.);
#4784=ADVANCED_FACE('',(#4493),#1385,.T.);
#4785=ADVANCED_FACE('',(#4494),#1386,.T.);
#4786=ADVANCED_FACE('',(#4495),#1387,.T.);
#4787=ADVANCED_FACE('',(#4496),#1388,.T.);
#4788=ADVANCED_FACE('',(#4497),#1389,.T.);
#4789=ADVANCED_FACE('',(#4498),#1390,.T.);
#4790=ADVANCED_FACE('',(#4499),#1391,.T.);
#4791=ADVANCED_FACE('',(#4500),#1392,.T.);
#4792=ADVANCED_FACE('',(#4501),#1393,.T.);
#4793=ADVANCED_FACE('',(#4502),#1394,.T.);
#4794=ADVANCED_FACE('',(#4503),#1395,.T.);
#4795=ADVANCED_FACE('',(#4504),#1396,.T.);
#4796=ADVANCED_FACE('',(#4505),#1397,.T.);
#4797=ADVANCED_FACE('',(#4506),#1398,.T.);
#4798=ADVANCED_FACE('',(#4507),#1399,.T.);
#4799=ADVANCED_FACE('',(#4508),#1400,.T.);
#4800=ADVANCED_FACE('',(#4509),#1401,.T.);
#4801=ADVANCED_FACE('',(#4510),#1402,.T.);
#4802=ADVANCED_FACE('',(#4511),#1403,.T.);
#4803=ADVANCED_FACE('',(#4512),#1404,.T.);
#4804=ADVANCED_FACE('',(#4513),#1405,.T.);
#4805=ADVANCED_FACE('',(#4514),#1406,.T.);
#4806=ADVANCED_FACE('',(#4515),#1407,.T.);
#4807=ADVANCED_FACE('',(#4516),#1408,.T.);
#4808=ADVANCED_FACE('',(#4517),#1409,.T.);
#4809=ADVANCED_FACE('',(#4518),#1410,.T.);
#4810=ADVANCED_FACE('',(#4519),#1411,.T.);
#4811=ADVANCED_FACE('',(#4520),#1412,.T.);
#4812=ADVANCED_FACE('',(#4521),#1413,.T.);
#4813=ADVANCED_FACE('',(#4522),#1414,.T.);
#4814=ADVANCED_FACE('',(#4523),#1415,.T.);
#4815=ADVANCED_FACE('',(#4524),#1416,.T.);
#4816=ADVANCED_FACE('',(#4525),#1417,.T.);
#4817=ADVANCED_FACE('',(#4526),#1418,.T.);
#4818=ADVANCED_FACE('',(#4527),#1419,.T.);
#4819=ADVANCED_FACE('',(#4528),#1420,.T.);
#4820=ADVANCED_FACE('',(#4529),#1421,.T.);
#4821=ADVANCED_FACE('',(#4530),#1422,.T.);
#4822=ADVANCED_FACE('',(#4531),#1423,.T.);
#4823=ADVANCED_FACE('',(#4532),#1424,.T.);
#4824=ADVANCED_FACE('',(#4533),#1425,.T.);
#4825=ADVANCED_FACE('',(#4534),#1426,.T.);
#4826=ADVANCED_FACE('',(#4535),#1427,.T.);
#4827=ADVANCED_FACE('',(#4536),#1428,.T.);
#4828=ADVANCED_FACE('',(#4537),#1429,.T.);
#4829=ADVANCED_FACE('',(#4538,#4539),#12,.F.);
#4830=ADVANCED_FACE('',(#4540,#4541),#13,.F.);
#4831=ADVANCED_FACE('',(#4542,#4543),#14,.F.);
#4832=ADVANCED_FACE('',(#4544,#4545),#15,.F.);
#4833=ADVANCED_FACE('',(#4546,#4547),#16,.F.);
#4834=ADVANCED_FACE('',(#4548,#4549),#4642,.T.);
#4835=ADVANCED_FACE('',(#4550,#4551),#4643,.T.);
#4836=ADVANCED_FACE('',(#4552,#4553),#17,.F.);
#4837=ADVANCED_FACE('',(#4554,#4555),#18,.F.);
#4838=ADVANCED_FACE('',(#4556,#4557),#19,.F.);
#4839=ADVANCED_FACE('',(#4558,#4559),#20,.F.);
#4840=ADVANCED_FACE('',(#4560,#4561),#21,.F.);
#4841=ADVANCED_FACE('',(#4562,#4563),#22,.F.);
#4842=ADVANCED_FACE('',(#4564,#4565),#23,.F.);
#4843=ADVANCED_FACE('',(#4566,#4567),#24,.F.);
#4844=ADVANCED_FACE('',(#4568,#4569),#25,.F.);
#4845=ADVANCED_FACE('',(#4570,#4571),#26,.F.);
#4846=ADVANCED_FACE('',(#4572,#4573),#27,.F.);
#4847=ADVANCED_FACE('',(#4574,#4575),#28,.F.);
#4848=ADVANCED_FACE('',(#4576,#4577),#29,.F.);
#4849=ADVANCED_FACE('',(#4578,#4579),#30,.F.);
#4850=ADVANCED_FACE('',(#4580,#4581),#31,.F.);
#4851=ADVANCED_FACE('',(#4582,#4583),#32,.F.);
#4852=ADVANCED_FACE('',(#4584,#4585),#33,.F.);
#4853=ADVANCED_FACE('',(#4586,#4587),#34,.F.);
#4854=ADVANCED_FACE('',(#4588,#4589),#35,.F.);
#4855=ADVANCED_FACE('',(#4590,#4591),#36,.F.);
#4856=ADVANCED_FACE('',(#4592,#4593),#37,.F.);
#4857=ADVANCED_FACE('',(#4594,#4595),#38,.F.);
#4858=ADVANCED_FACE('',(#4596,#4597),#39,.F.);
#4859=ADVANCED_FACE('',(#4598,#4599),#40,.F.);
#4860=ADVANCED_FACE('',(#4600,#4601),#41,.F.);
#4861=ADVANCED_FACE('',(#4602,#4603),#42,.F.);
#4862=ADVANCED_FACE('',(#4604,#4605),#43,.F.);
#4863=ADVANCED_FACE('',(#4606,#4607),#44,.F.);
#4864=ADVANCED_FACE('',(#4608,#4609),#45,.F.);
#4865=ADVANCED_FACE('',(#4610,#4611),#46,.F.);
#4866=ADVANCED_FACE('',(#4612,#4613),#47,.F.);
#4867=ADVANCED_FACE('',(#4614,#4615),#48,.F.);
#4868=ADVANCED_FACE('',(#4616,#4617),#49,.F.);
#4869=ADVANCED_FACE('',(#4618,#4619),#50,.F.);
#4870=ADVANCED_FACE('',(#4620,#4621),#51,.F.);
#4871=ADVANCED_FACE('',(#4622,#4623),#52,.F.);
#4872=ADVANCED_FACE('',(#4624,#4625),#53,.F.);
#4873=ADVANCED_FACE('',(#4626,#4627),#54,.F.);
#4874=ADVANCED_FACE('',(#4628,#4629),#55,.F.);
#4875=ADVANCED_FACE('',(#4630,#4631),#56,.F.);
#4876=ADVANCED_FACE('',(#4632,#4633),#57,.F.);
#4877=ADVANCED_FACE('',(#4634,#4635),#58,.F.);
#4878=ADVANCED_FACE('',(#4636,#4637),#59,.F.);
#4879=ADVANCED_FACE('',(#4638,#4639),#60,.F.);
#4880=CLOSED_SHELL('',(#4644,#4645,#4646,#4647,#4648,#4649,#4650,#4651,
#4652,#4653,#4654,#4655,#4656,#4657,#4658,#4659,#4660,#4661,#4662,#4663,
#4664,#4665,#4666,#4667,#4668,#4669,#4670,#4671,#4672,#4673,#4674,#4675,
#4676,#4677,#4678,#4679,#4680,#4681,#4682,#4683,#4684,#4685,#4686,#4687,
#4688,#4689,#4690,#4691,#4692,#4693,#4694,#4695,#4696,#4697,#4698,#4699,
#4700,#4701,#4702,#4703,#4704,#4705,#4706,#4707,#4708,#4709,#4710,#4711,
#4712,#4713,#4714,#4715,#4716,#4717,#4718,#4719,#4720,#4721,#4722,#4723,
#4724,#4725,#4726,#4727,#4728,#4729,#4730,#4731,#4732,#4733,#4734,#4735,
#4736,#4737,#4738,#4739,#4740,#4741,#4742,#4743,#4744,#4745,#4746,#4747,
#4748,#4749,#4750,#4751,#4752,#4753,#4754,#4755,#4756,#4757,#4758,#4759,
#4760,#4761,#4762,#4763,#4764,#4765,#4766,#4767,#4768,#4769,#4770,#4771,
#4772,#4773,#4774,#4775,#4776,#4777,#4778,#4779,#4780,#4781,#4782,#4783,
#4784,#4785,#4786,#4787,#4788,#4789,#4790,#4791,#4792,#4793,#4794,#4795,
#4796,#4797,#4798,#4799,#4800,#4801,#4802,#4803,#4804,#4805,#4806,#4807,
#4808,#4809,#4810,#4811,#4812,#4813,#4814,#4815,#4816,#4817,#4818,#4819,
#4820,#4821,#4822,#4823,#4824,#4825,#4826,#4827,#4828,#4829,#4830,#4831,
#4832,#4833,#4834,#4835,#4836,#4837,#4838,#4839,#4840,#4841,#4842,#4843,
#4844,#4845,#4846,#4847,#4848,#4849,#4850,#4851,#4852,#4853,#4854,#4855,
#4856,#4857,#4858,#4859,#4860,#4861,#4862,#4863,#4864,#4865,#4866,#4867,
#4868,#4869,#4870,#4871,#4872,#4873,#4874,#4875,#4876,#4877,#4878,#4879));
#4881=STYLED_ITEM('',(#4882),#4889);
#4882=PRESENTATION_STYLE_ASSIGNMENT((#4883));
#4883=SURFACE_STYLE_USAGE(.BOTH.,#4884);
#4884=SURFACE_SIDE_STYLE('',(#4885));
#4885=SURFACE_STYLE_FILL_AREA(#4886);
#4886=FILL_AREA_STYLE('',(#4887));
#4887=FILL_AREA_STYLE_COLOUR('',#4888);
#4888=COLOUR_RGB('',1.,1.,0.501960784313726);
#4889=MANIFOLD_SOLID_BREP('Slotted Antenna',#4880);
#4890=SHAPE_DEFINITION_REPRESENTATION(#8138,#4891);
#4891=SHAPE_REPRESENTATION('Slotted Antenna',(#4892),#8133);
#4892=AXIS2_PLACEMENT_3D('',#6453,#5231,#5232);
#4893=AXIS2_PLACEMENT_3D('',#6548,#5233,#5234);
#4894=AXIS2_PLACEMENT_3D('',#6550,#5235,#5236);
#4895=AXIS2_PLACEMENT_3D('',#6552,#5237,#5238);
#4896=AXIS2_PLACEMENT_3D('',#6553,#5239,#5240);
#4897=AXIS2_PLACEMENT_3D('',#6555,#5241,#5242);
#4898=AXIS2_PLACEMENT_3D('',#6557,#5243,#5244);
#4899=AXIS2_PLACEMENT_3D('',#6559,#5245,#5246);
#4900=AXIS2_PLACEMENT_3D('',#6561,#5247,#5248);
#4901=AXIS2_PLACEMENT_3D('',#6563,#5249,#5250);
#4902=AXIS2_PLACEMENT_3D('',#6565,#5251,#5252);
#4903=AXIS2_PLACEMENT_3D('',#6567,#5253,#5254);
#4904=AXIS2_PLACEMENT_3D('',#6569,#5255,#5256);
#4905=AXIS2_PLACEMENT_3D('',#6571,#5257,#5258);
#4906=AXIS2_PLACEMENT_3D('',#6573,#5259,#5260);
#4907=AXIS2_PLACEMENT_3D('',#6575,#5261,#5262);
#4908=AXIS2_PLACEMENT_3D('',#6577,#5263,#5264);
#4909=AXIS2_PLACEMENT_3D('',#6579,#5265,#5266);
#4910=AXIS2_PLACEMENT_3D('',#6581,#5267,#5268);
#4911=AXIS2_PLACEMENT_3D('',#6583,#5269,#5270);
#4912=AXIS2_PLACEMENT_3D('',#6585,#5271,#5272);
#4913=AXIS2_PLACEMENT_3D('',#6587,#5273,#5274);
#4914=AXIS2_PLACEMENT_3D('',#6589,#5275,#5276);
#4915=AXIS2_PLACEMENT_3D('',#6591,#5277,#5278);
#4916=AXIS2_PLACEMENT_3D('',#6593,#5279,#5280);
#4917=AXIS2_PLACEMENT_3D('',#6595,#5281,#5282);
#4918=AXIS2_PLACEMENT_3D('',#6597,#5283,#5284);
#4919=AXIS2_PLACEMENT_3D('',#6599,#5285,#5286);
#4920=AXIS2_PLACEMENT_3D('',#6601,#5287,#5288);
#4921=AXIS2_PLACEMENT_3D('',#6603,#5289,#5290);
#4922=AXIS2_PLACEMENT_3D('',#6605,#5291,#5292);
#4923=AXIS2_PLACEMENT_3D('',#6607,#5293,#5294);
#4924=AXIS2_PLACEMENT_3D('',#6609,#5295,#5296);
#4925=AXIS2_PLACEMENT_3D('',#6611,#5297,#5298);
#4926=AXIS2_PLACEMENT_3D('',#6613,#5299,#5300);
#4927=AXIS2_PLACEMENT_3D('',#6615,#5301,#5302);
#4928=AXIS2_PLACEMENT_3D('',#6617,#5303,#5304);
#4929=AXIS2_PLACEMENT_3D('',#6619,#5305,#5306);
#4930=AXIS2_PLACEMENT_3D('',#6621,#5307,#5308);
#4931=AXIS2_PLACEMENT_3D('',#6623,#5309,#5310);
#4932=AXIS2_PLACEMENT_3D('',#6625,#5311,#5312);
#4933=AXIS2_PLACEMENT_3D('',#6627,#5313,#5314);
#4934=AXIS2_PLACEMENT_3D('',#6629,#5315,#5316);
#4935=AXIS2_PLACEMENT_3D('',#6631,#5317,#5318);
#4936=AXIS2_PLACEMENT_3D('',#6633,#5319,#5320);
#4937=AXIS2_PLACEMENT_3D('',#6635,#5321,#5322);
#4938=AXIS2_PLACEMENT_3D('',#6637,#5323,#5324);
#4939=AXIS2_PLACEMENT_3D('',#6639,#5325,#5326);
#4940=AXIS2_PLACEMENT_3D('',#6641,#5327,#5328);
#4941=AXIS2_PLACEMENT_3D('',#7005,#5510,#5511);
#4942=AXIS2_PLACEMENT_3D('',#7007,#5512,#5513);
#4943=AXIS2_PLACEMENT_3D('',#7009,#5514,#5515);
#4944=AXIS2_PLACEMENT_3D('',#7011,#5516,#5517);
#4945=AXIS2_PLACEMENT_3D('',#7013,#5518,#5519);
#4946=AXIS2_PLACEMENT_3D('',#7015,#5520,#5521);
#4947=AXIS2_PLACEMENT_3D('',#7017,#5522,#5523);
#4948=AXIS2_PLACEMENT_3D('',#7019,#5524,#5525);
#4949=AXIS2_PLACEMENT_3D('',#7020,#5526,#5527);
#4950=AXIS2_PLACEMENT_3D('',#7022,#5528,#5529);
#4951=AXIS2_PLACEMENT_3D('',#7024,#5530,#5531);
#4952=AXIS2_PLACEMENT_3D('',#7026,#5532,#5533);
#4953=AXIS2_PLACEMENT_3D('',#7028,#5534,#5535);
#4954=AXIS2_PLACEMENT_3D('',#7030,#5536,#5537);
#4955=AXIS2_PLACEMENT_3D('',#7032,#5538,#5539);
#4956=AXIS2_PLACEMENT_3D('',#7034,#5540,#5541);
#4957=AXIS2_PLACEMENT_3D('',#7036,#5542,#5543);
#4958=AXIS2_PLACEMENT_3D('',#7038,#5544,#5545);
#4959=AXIS2_PLACEMENT_3D('',#7040,#5546,#5547);
#4960=AXIS2_PLACEMENT_3D('',#7042,#5548,#5549);
#4961=AXIS2_PLACEMENT_3D('',#7044,#5550,#5551);
#4962=AXIS2_PLACEMENT_3D('',#7046,#5552,#5553);
#4963=AXIS2_PLACEMENT_3D('',#7048,#5554,#5555);
#4964=AXIS2_PLACEMENT_3D('',#7050,#5556,#5557);
#4965=AXIS2_PLACEMENT_3D('',#7052,#5558,#5559);
#4966=AXIS2_PLACEMENT_3D('',#7054,#5560,#5561);
#4967=AXIS2_PLACEMENT_3D('',#7056,#5562,#5563);
#4968=AXIS2_PLACEMENT_3D('',#7058,#5564,#5565);
#4969=AXIS2_PLACEMENT_3D('',#7060,#5566,#5567);
#4970=AXIS2_PLACEMENT_3D('',#7062,#5568,#5569);
#4971=AXIS2_PLACEMENT_3D('',#7064,#5570,#5571);
#4972=AXIS2_PLACEMENT_3D('',#7066,#5572,#5573);
#4973=AXIS2_PLACEMENT_3D('',#7068,#5574,#5575);
#4974=AXIS2_PLACEMENT_3D('',#7070,#5576,#5577);
#4975=AXIS2_PLACEMENT_3D('',#7072,#5578,#5579);
#4976=AXIS2_PLACEMENT_3D('',#7074,#5580,#5581);
#4977=AXIS2_PLACEMENT_3D('',#7076,#5582,#5583);
#4978=AXIS2_PLACEMENT_3D('',#7078,#5584,#5585);
#4979=AXIS2_PLACEMENT_3D('',#7080,#5586,#5587);
#4980=AXIS2_PLACEMENT_3D('',#7082,#5588,#5589);
#4981=AXIS2_PLACEMENT_3D('',#7084,#5590,#5591);
#4982=AXIS2_PLACEMENT_3D('',#7086,#5592,#5593);
#4983=AXIS2_PLACEMENT_3D('',#7088,#5594,#5595);
#4984=AXIS2_PLACEMENT_3D('',#7090,#5596,#5597);
#4985=AXIS2_PLACEMENT_3D('',#7092,#5598,#5599);
#4986=AXIS2_PLACEMENT_3D('',#7094,#5600,#5601);
#4987=AXIS2_PLACEMENT_3D('',#7096,#5602,#5603);
#4988=AXIS2_PLACEMENT_3D('',#7098,#5604,#5605);
#4989=AXIS2_PLACEMENT_3D('',#7100,#5606,#5607);
#4990=AXIS2_PLACEMENT_3D('',#7102,#5608,#5609);
#4991=AXIS2_PLACEMENT_3D('',#7104,#5610,#5611);
#4992=AXIS2_PLACEMENT_3D('',#7106,#5612,#5613);
#4993=AXIS2_PLACEMENT_3D('',#7111,#5615,#5616);
#4994=AXIS2_PLACEMENT_3D('',#7472,#5797,#5798);
#4995=AXIS2_PLACEMENT_3D('',#7474,#5799,#5800);
#4996=AXIS2_PLACEMENT_3D('',#7476,#5801,#5802);
#4997=AXIS2_PLACEMENT_3D('',#7478,#5803,#5804);
#4998=AXIS2_PLACEMENT_3D('',#7480,#5805,#5806);
#4999=AXIS2_PLACEMENT_3D('',#7482,#5807,#5808);
#5000=AXIS2_PLACEMENT_3D('',#7484,#5809,#5810);
#5001=AXIS2_PLACEMENT_3D('',#7486,#5811,#5812);
#5002=AXIS2_PLACEMENT_3D('',#7489,#5815,#5816);
#5003=AXIS2_PLACEMENT_3D('',#7530,#5819,#5820);
#5004=AXIS2_PLACEMENT_3D('',#7532,#5822,#5823);
#5005=AXIS2_PLACEMENT_3D('',#7534,#5825,#5826);
#5006=AXIS2_PLACEMENT_3D('',#7536,#5828,#5829);
#5007=AXIS2_PLACEMENT_3D('',#7538,#5831,#5832);
#5008=AXIS2_PLACEMENT_3D('',#7540,#5834,#5835);
#5009=AXIS2_PLACEMENT_3D('',#7542,#5837,#5838);
#5010=AXIS2_PLACEMENT_3D('',#7544,#5840,#5841);
#5011=AXIS2_PLACEMENT_3D('',#7546,#5843,#5844);
#5012=AXIS2_PLACEMENT_3D('',#7548,#5846,#5847);
#5013=AXIS2_PLACEMENT_3D('',#7550,#5849,#5850);
#5014=AXIS2_PLACEMENT_3D('',#7552,#5852,#5853);
#5015=AXIS2_PLACEMENT_3D('',#7554,#5855,#5856);
#5016=AXIS2_PLACEMENT_3D('',#7556,#5858,#5859);
#5017=AXIS2_PLACEMENT_3D('',#7558,#5861,#5862);
#5018=AXIS2_PLACEMENT_3D('',#7560,#5864,#5865);
#5019=AXIS2_PLACEMENT_3D('',#7562,#5867,#5868);
#5020=AXIS2_PLACEMENT_3D('',#7564,#5870,#5871);
#5021=AXIS2_PLACEMENT_3D('',#7566,#5873,#5874);
#5022=AXIS2_PLACEMENT_3D('',#7568,#5876,#5877);
#5023=AXIS2_PLACEMENT_3D('',#7570,#5879,#5880);
#5024=AXIS2_PLACEMENT_3D('',#7572,#5882,#5883);
#5025=AXIS2_PLACEMENT_3D('',#7574,#5885,#5886);
#5026=AXIS2_PLACEMENT_3D('',#7576,#5888,#5889);
#5027=AXIS2_PLACEMENT_3D('',#7578,#5891,#5892);
#5028=AXIS2_PLACEMENT_3D('',#7580,#5894,#5895);
#5029=AXIS2_PLACEMENT_3D('',#7582,#5897,#5898);
#5030=AXIS2_PLACEMENT_3D('',#7584,#5900,#5901);
#5031=AXIS2_PLACEMENT_3D('',#7586,#5903,#5904);
#5032=AXIS2_PLACEMENT_3D('',#7588,#5906,#5907);
#5033=AXIS2_PLACEMENT_3D('',#7590,#5909,#5910);
#5034=AXIS2_PLACEMENT_3D('',#7592,#5912,#5913);
#5035=AXIS2_PLACEMENT_3D('',#7594,#5915,#5916);
#5036=AXIS2_PLACEMENT_3D('',#7596,#5918,#5919);
#5037=AXIS2_PLACEMENT_3D('',#7598,#5921,#5922);
#5038=AXIS2_PLACEMENT_3D('',#7600,#5924,#5925);
#5039=AXIS2_PLACEMENT_3D('',#7602,#5927,#5928);
#5040=AXIS2_PLACEMENT_3D('',#7604,#5930,#5931);
#5041=AXIS2_PLACEMENT_3D('',#7606,#5933,#5934);
#5042=AXIS2_PLACEMENT_3D('',#7608,#5936,#5937);
#5043=AXIS2_PLACEMENT_3D('',#7610,#5939,#5940);
#5044=AXIS2_PLACEMENT_3D('',#7612,#5942,#5943);
#5045=AXIS2_PLACEMENT_3D('',#7614,#5945,#5946);
#5046=AXIS2_PLACEMENT_3D('',#7616,#5948,#5949);
#5047=AXIS2_PLACEMENT_3D('',#7618,#5951,#5952);
#5048=AXIS2_PLACEMENT_3D('',#7620,#5954,#5955);
#5049=AXIS2_PLACEMENT_3D('',#7622,#5957,#5958);
#5050=AXIS2_PLACEMENT_3D('',#7624,#5960,#5961);
#5051=AXIS2_PLACEMENT_3D('',#7626,#5963,#5964);
#5052=AXIS2_PLACEMENT_3D('',#7628,#5966,#5967);
#5053=AXIS2_PLACEMENT_3D('',#7630,#5969,#5970);
#5054=AXIS2_PLACEMENT_3D('',#7632,#5972,#5973);
#5055=AXIS2_PLACEMENT_3D('',#7634,#5975,#5976);
#5056=AXIS2_PLACEMENT_3D('',#7636,#5978,#5979);
#5057=AXIS2_PLACEMENT_3D('',#7638,#5981,#5982);
#5058=AXIS2_PLACEMENT_3D('',#7640,#5984,#5985);
#5059=AXIS2_PLACEMENT_3D('',#7642,#5987,#5988);
#5060=AXIS2_PLACEMENT_3D('',#7644,#5990,#5991);
#5061=AXIS2_PLACEMENT_3D('',#7646,#5993,#5994);
#5062=AXIS2_PLACEMENT_3D('',#7648,#5996,#5997);
#5063=AXIS2_PLACEMENT_3D('',#7650,#5999,#6000);
#5064=AXIS2_PLACEMENT_3D('',#7652,#6002,#6003);
#5065=AXIS2_PLACEMENT_3D('',#7654,#6005,#6006);
#5066=AXIS2_PLACEMENT_3D('',#7656,#6008,#6009);
#5067=AXIS2_PLACEMENT_3D('',#7658,#6011,#6012);
#5068=AXIS2_PLACEMENT_3D('',#7660,#6014,#6015);
#5069=AXIS2_PLACEMENT_3D('',#7662,#6017,#6018);
#5070=AXIS2_PLACEMENT_3D('',#7664,#6020,#6021);
#5071=AXIS2_PLACEMENT_3D('',#7666,#6023,#6024);
#5072=AXIS2_PLACEMENT_3D('',#7668,#6026,#6027);
#5073=AXIS2_PLACEMENT_3D('',#7670,#6029,#6030);
#5074=AXIS2_PLACEMENT_3D('',#7672,#6032,#6033);
#5075=AXIS2_PLACEMENT_3D('',#7674,#6035,#6036);
#5076=AXIS2_PLACEMENT_3D('',#7676,#6038,#6039);
#5077=AXIS2_PLACEMENT_3D('',#7678,#6041,#6042);
#5078=AXIS2_PLACEMENT_3D('',#7680,#6044,#6045);
#5079=AXIS2_PLACEMENT_3D('',#7682,#6047,#6048);
#5080=AXIS2_PLACEMENT_3D('',#7684,#6050,#6051);
#5081=AXIS2_PLACEMENT_3D('',#7686,#6053,#6054);
#5082=AXIS2_PLACEMENT_3D('',#7688,#6056,#6057);
#5083=AXIS2_PLACEMENT_3D('',#7690,#6059,#6060);
#5084=AXIS2_PLACEMENT_3D('',#7692,#6062,#6063);
#5085=AXIS2_PLACEMENT_3D('',#7694,#6065,#6066);
#5086=AXIS2_PLACEMENT_3D('',#7696,#6068,#6069);
#5087=AXIS2_PLACEMENT_3D('',#7698,#6071,#6072);
#5088=AXIS2_PLACEMENT_3D('',#7700,#6074,#6075);
#5089=AXIS2_PLACEMENT_3D('',#7702,#6077,#6078);
#5090=AXIS2_PLACEMENT_3D('',#7704,#6080,#6081);
#5091=AXIS2_PLACEMENT_3D('',#7706,#6083,#6084);
#5092=AXIS2_PLACEMENT_3D('',#7708,#6086,#6087);
#5093=AXIS2_PLACEMENT_3D('',#7710,#6089,#6090);
#5094=AXIS2_PLACEMENT_3D('',#7712,#6092,#6093);
#5095=AXIS2_PLACEMENT_3D('',#7714,#6095,#6096);
#5096=AXIS2_PLACEMENT_3D('',#7716,#6098,#6099);
#5097=AXIS2_PLACEMENT_3D('',#7718,#6101,#6102);
#5098=AXIS2_PLACEMENT_3D('',#7720,#6104,#6105);
#5099=AXIS2_PLACEMENT_3D('',#7722,#6107,#6108);
#5100=AXIS2_PLACEMENT_3D('',#7724,#6110,#6111);
#5101=AXIS2_PLACEMENT_3D('',#7726,#6113,#6114);
#5102=AXIS2_PLACEMENT_3D('',#7728,#6116,#6117);
#5103=AXIS2_PLACEMENT_3D('',#7730,#6119,#6120);
#5104=AXIS2_PLACEMENT_3D('',#7732,#6122,#6123);
#5105=AXIS2_PLACEMENT_3D('',#7734,#6125,#6126);
#5106=AXIS2_PLACEMENT_3D('',#7736,#6128,#6129);
#5107=AXIS2_PLACEMENT_3D('',#7738,#6131,#6132);
#5108=AXIS2_PLACEMENT_3D('',#7740,#6134,#6135);
#5109=AXIS2_PLACEMENT_3D('',#7742,#6137,#6138);
#5110=AXIS2_PLACEMENT_3D('',#7744,#6140,#6141);
#5111=AXIS2_PLACEMENT_3D('',#7746,#6143,#6144);
#5112=AXIS2_PLACEMENT_3D('',#7748,#6146,#6147);
#5113=AXIS2_PLACEMENT_3D('',#7750,#6149,#6150);
#5114=AXIS2_PLACEMENT_3D('',#7752,#6152,#6153);
#5115=AXIS2_PLACEMENT_3D('',#7754,#6155,#6156);
#5116=AXIS2_PLACEMENT_3D('',#7756,#6158,#6159);
#5117=AXIS2_PLACEMENT_3D('',#7758,#6161,#6162);
#5118=AXIS2_PLACEMENT_3D('',#7760,#6164,#6165);
#5119=AXIS2_PLACEMENT_3D('',#7762,#6167,#6168);
#5120=AXIS2_PLACEMENT_3D('',#7764,#6170,#6171);
#5121=AXIS2_PLACEMENT_3D('',#7766,#6173,#6174);
#5122=AXIS2_PLACEMENT_3D('',#7768,#6176,#6177);
#5123=AXIS2_PLACEMENT_3D('',#7770,#6179,#6180);
#5124=AXIS2_PLACEMENT_3D('',#7772,#6182,#6183);
#5125=AXIS2_PLACEMENT_3D('',#7774,#6185,#6186);
#5126=AXIS2_PLACEMENT_3D('',#7776,#6188,#6189);
#5127=AXIS2_PLACEMENT_3D('',#7778,#6191,#6192);
#5128=AXIS2_PLACEMENT_3D('',#7780,#6194,#6195);
#5129=AXIS2_PLACEMENT_3D('',#7782,#6197,#6198);
#5130=AXIS2_PLACEMENT_3D('',#7784,#6200,#6201);
#5131=AXIS2_PLACEMENT_3D('',#7786,#6203,#6204);
#5132=AXIS2_PLACEMENT_3D('',#7788,#6206,#6207);
#5133=AXIS2_PLACEMENT_3D('',#7790,#6209,#6210);
#5134=AXIS2_PLACEMENT_3D('',#7792,#6212,#6213);
#5135=AXIS2_PLACEMENT_3D('',#7794,#6215,#6216);
#5136=AXIS2_PLACEMENT_3D('',#7796,#6218,#6219);
#5137=AXIS2_PLACEMENT_3D('',#7798,#6221,#6222);
#5138=AXIS2_PLACEMENT_3D('',#7800,#6224,#6225);
#5139=AXIS2_PLACEMENT_3D('',#7802,#6227,#6228);
#5140=AXIS2_PLACEMENT_3D('',#7804,#6230,#6231);
#5141=AXIS2_PLACEMENT_3D('',#7806,#6233,#6234);
#5142=AXIS2_PLACEMENT_3D('',#7808,#6236,#6237);
#5143=AXIS2_PLACEMENT_3D('',#7810,#6239,#6240);
#5144=AXIS2_PLACEMENT_3D('',#7812,#6242,#6243);
#5145=AXIS2_PLACEMENT_3D('',#7814,#6245,#6246);
#5146=AXIS2_PLACEMENT_3D('',#7816,#6248,#6249);
#5147=AXIS2_PLACEMENT_3D('',#7818,#6251,#6252);
#5148=AXIS2_PLACEMENT_3D('',#7820,#6254,#6255);
#5149=AXIS2_PLACEMENT_3D('',#7822,#6257,#6258);
#5150=AXIS2_PLACEMENT_3D('',#7824,#6260,#6261);
#5151=AXIS2_PLACEMENT_3D('',#7826,#6263,#6264);
#5152=AXIS2_PLACEMENT_3D('',#7828,#6266,#6267);
#5153=AXIS2_PLACEMENT_3D('',#7830,#6269,#6270);
#5154=AXIS2_PLACEMENT_3D('',#7832,#6272,#6273);
#5155=AXIS2_PLACEMENT_3D('',#7834,#6275,#6276);
#5156=AXIS2_PLACEMENT_3D('',#7836,#6278,#6279);
#5157=AXIS2_PLACEMENT_3D('',#7838,#6281,#6282);
#5158=AXIS2_PLACEMENT_3D('',#7840,#6284,#6285);
#5159=AXIS2_PLACEMENT_3D('',#7842,#6287,#6288);
#5160=AXIS2_PLACEMENT_3D('',#7844,#6290,#6291);
#5161=AXIS2_PLACEMENT_3D('',#7846,#6293,#6294);
#5162=AXIS2_PLACEMENT_3D('',#7848,#6296,#6297);
#5163=AXIS2_PLACEMENT_3D('',#7850,#6299,#6300);
#5164=AXIS2_PLACEMENT_3D('',#7852,#6302,#6303);
#5165=AXIS2_PLACEMENT_3D('',#7854,#6305,#6306);
#5166=AXIS2_PLACEMENT_3D('',#7856,#6308,#6309);
#5167=AXIS2_PLACEMENT_3D('',#7858,#6311,#6312);
#5168=AXIS2_PLACEMENT_3D('',#7860,#6314,#6315);
#5169=AXIS2_PLACEMENT_3D('',#7862,#6317,#6318);
#5170=AXIS2_PLACEMENT_3D('',#7864,#6320,#6321);
#5171=AXIS2_PLACEMENT_3D('',#7866,#6323,#6324);
#5172=AXIS2_PLACEMENT_3D('',#7868,#6326,#6327);
#5173=AXIS2_PLACEMENT_3D('',#7870,#6329,#6330);
#5174=AXIS2_PLACEMENT_3D('',#7872,#6332,#6333);
#5175=AXIS2_PLACEMENT_3D('',#7874,#6335,#6336);
#5176=AXIS2_PLACEMENT_3D('',#7876,#6338,#6339);
#5177=AXIS2_PLACEMENT_3D('',#7878,#6341,#6342);
#5178=AXIS2_PLACEMENT_3D('',#7880,#6344,#6345);
#5179=AXIS2_PLACEMENT_3D('',#7882,#6347,#6348);
#5180=AXIS2_PLACEMENT_3D('',#7884,#6350,#6351);
#5181=AXIS2_PLACEMENT_3D('',#7886,#6353,#6354);
#5182=AXIS2_PLACEMENT_3D('',#7887,#6355,#6356);
#5183=AXIS2_PLACEMENT_3D('',#7888,#6357,#6358);
#5184=AXIS2_PLACEMENT_3D('',#7889,#6359,#6360);
#5185=AXIS2_PLACEMENT_3D('',#7890,#6361,#6362);
#5186=AXIS2_PLACEMENT_3D('',#7891,#6363,#6364);
#5187=AXIS2_PLACEMENT_3D('',#8088,#6365,#6366);
#5188=AXIS2_PLACEMENT_3D('',#8089,#6367,#6368);
#5189=AXIS2_PLACEMENT_3D('',#8090,#6369,#6370);
#5190=AXIS2_PLACEMENT_3D('',#8091,#6371,#6372);
#5191=AXIS2_PLACEMENT_3D('',#8092,#6373,#6374);
#5192=AXIS2_PLACEMENT_3D('',#8093,#6375,#6376);
#5193=AXIS2_PLACEMENT_3D('',#8094,#6377,#6378);
#5194=AXIS2_PLACEMENT_3D('',#8095,#6379,#6380);
#5195=AXIS2_PLACEMENT_3D('',#8096,#6381,#6382);
#5196=AXIS2_PLACEMENT_3D('',#8097,#6383,#6384);
#5197=AXIS2_PLACEMENT_3D('',#8098,#6385,#6386);
#5198=AXIS2_PLACEMENT_3D('',#8099,#6387,#6388);
#5199=AXIS2_PLACEMENT_3D('',#8100,#6389,#6390);
#5200=AXIS2_PLACEMENT_3D('',#8101,#6391,#6392);
#5201=AXIS2_PLACEMENT_3D('',#8102,#6393,#6394);
#5202=AXIS2_PLACEMENT_3D('',#8103,#6395,#6396);
#5203=AXIS2_PLACEMENT_3D('',#8104,#6397,#6398);
#5204=AXIS2_PLACEMENT_3D('',#8105,#6399,#6400);
#5205=AXIS2_PLACEMENT_3D('',#8106,#6401,#6402);
#5206=AXIS2_PLACEMENT_3D('',#8107,#6403,#6404);
#5207=AXIS2_PLACEMENT_3D('',#8108,#6405,#6406);
#5208=AXIS2_PLACEMENT_3D('',#8109,#6407,#6408);
#5209=AXIS2_PLACEMENT_3D('',#8110,#6409,#6410);
#5210=AXIS2_PLACEMENT_3D('',#8111,#6411,#6412);
#5211=AXIS2_PLACEMENT_3D('',#8112,#6413,#6414);
#5212=AXIS2_PLACEMENT_3D('',#8113,#6415,#6416);
#5213=AXIS2_PLACEMENT_3D('',#8114,#6417,#6418);
#5214=AXIS2_PLACEMENT_3D('',#8115,#6419,#6420);
#5215=AXIS2_PLACEMENT_3D('',#8116,#6421,#6422);
#5216=AXIS2_PLACEMENT_3D('',#8117,#6423,#6424);
#5217=AXIS2_PLACEMENT_3D('',#8118,#6425,#6426);
#5218=AXIS2_PLACEMENT_3D('',#8119,#6427,#6428);
#5219=AXIS2_PLACEMENT_3D('',#8120,#6429,#6430);
#5220=AXIS2_PLACEMENT_3D('',#8121,#6431,#6432);
#5221=AXIS2_PLACEMENT_3D('',#8122,#6433,#6434);
#5222=AXIS2_PLACEMENT_3D('',#8123,#6435,#6436);
#5223=AXIS2_PLACEMENT_3D('',#8124,#6437,#6438);
#5224=AXIS2_PLACEMENT_3D('',#8125,#6439,#6440);
#5225=AXIS2_PLACEMENT_3D('',#8126,#6441,#6442);
#5226=AXIS2_PLACEMENT_3D('',#8127,#6443,#6444);
#5227=AXIS2_PLACEMENT_3D('',#8128,#6445,#6446);
#5228=AXIS2_PLACEMENT_3D('',#8129,#6447,#6448);
#5229=AXIS2_PLACEMENT_3D('',#8130,#6449,#6450);
#5230=AXIS2_PLACEMENT_3D('',#8131,#6451,#6452);
#5231=DIRECTION('',(0.,0.,1.));
#5232=DIRECTION('',(1.,0.,0.));
#5233=DIRECTION('',(0.,-1.,0.));
#5234=DIRECTION('',(-1.,0.,0.));
#5235=DIRECTION('',(0.,-1.,0.));
#5236=DIRECTION('',(-1.,0.,0.));
#5237=DIRECTION('',(0.,-1.,0.));
#5238=DIRECTION('',(1.,0.,0.));
#5239=DIRECTION('',(0.,-1.,0.));
#5240=DIRECTION('',(-1.,0.,0.));
#5241=DIRECTION('',(0.,-1.,0.));
#5242=DIRECTION('',(-1.,0.,0.));
#5243=DIRECTION('',(0.,-1.,0.));
#5244=DIRECTION('',(-1.,0.,0.));
#5245=DIRECTION('',(0.,-1.,0.));
#5246=DIRECTION('',(-1.,0.,0.));
#5247=DIRECTION('',(0.,-1.,0.));
#5248=DIRECTION('',(1.,0.,0.));
#5249=DIRECTION('',(0.,-1.,0.));
#5250=DIRECTION('',(1.,0.,0.));
#5251=DIRECTION('',(0.,-1.,0.));
#5252=DIRECTION('',(1.,0.,0.));
#5253=DIRECTION('',(0.,-1.,0.));
#5254=DIRECTION('',(1.,0.,0.));
#5255=DIRECTION('',(0.,-1.,0.));
#5256=DIRECTION('',(1.,0.,0.));
#5257=DIRECTION('',(0.,-1.,0.));
#5258=DIRECTION('',(1.,0.,0.));
#5259=DIRECTION('',(0.,-1.,0.));
#5260=DIRECTION('',(1.,0.,0.));
#5261=DIRECTION('',(0.,-1.,0.));
#5262=DIRECTION('',(1.,0.,0.));
#5263=DIRECTION('',(0.,-1.,0.));
#5264=DIRECTION('',(1.,0.,0.));
#5265=DIRECTION('',(0.,-1.,0.));
#5266=DIRECTION('',(1.,0.,0.));
#5267=DIRECTION('',(0.,-1.,0.));
#5268=DIRECTION('',(1.,0.,0.));
#5269=DIRECTION('',(0.,-1.,0.));
#5270=DIRECTION('',(1.,0.,0.));
#5271=DIRECTION('',(0.,-1.,0.));
#5272=DIRECTION('',(1.,0.,0.));
#5273=DIRECTION('',(0.,-1.,0.));
#5274=DIRECTION('',(1.,0.,0.));
#5275=DIRECTION('',(0.,-1.,0.));
#5276=DIRECTION('',(1.,0.,0.));
#5277=DIRECTION('',(0.,-1.,0.));
#5278=DIRECTION('',(1.,0.,0.));
#5279=DIRECTION('',(0.,-1.,0.));
#5280=DIRECTION('',(1.,0.,0.));
#5281=DIRECTION('',(0.,-1.,0.));
#5282=DIRECTION('',(1.,0.,0.));
#5283=DIRECTION('',(0.,-1.,0.));
#5284=DIRECTION('',(1.,0.,0.));
#5285=DIRECTION('',(0.,-1.,0.));
#5286=DIRECTION('',(1.,0.,0.));
#5287=DIRECTION('',(0.,-1.,0.));
#5288=DIRECTION('',(1.,0.,0.));
#5289=DIRECTION('',(0.,-1.,0.));
#5290=DIRECTION('',(1.,0.,0.));
#5291=DIRECTION('',(0.,-1.,0.));
#5292=DIRECTION('',(1.,0.,0.));
#5293=DIRECTION('',(0.,-1.,0.));
#5294=DIRECTION('',(1.,0.,0.));
#5295=DIRECTION('',(0.,-1.,0.));
#5296=DIRECTION('',(1.,0.,0.));
#5297=DIRECTION('',(0.,-1.,0.));
#5298=DIRECTION('',(1.,0.,0.));
#5299=DIRECTION('',(0.,-1.,0.));
#5300=DIRECTION('',(1.,0.,0.));
#5301=DIRECTION('',(0.,-1.,0.));
#5302=DIRECTION('',(1.,0.,0.));
#5303=DIRECTION('',(0.,-1.,0.));
#5304=DIRECTION('',(1.,0.,0.));
#5305=DIRECTION('',(0.,-1.,0.));
#5306=DIRECTION('',(1.,0.,0.));
#5307=DIRECTION('',(0.,-1.,0.));
#5308=DIRECTION('',(1.,0.,0.));
#5309=DIRECTION('',(0.,-1.,0.));
#5310=DIRECTION('',(1.,0.,0.));
#5311=DIRECTION('',(0.,-1.,0.));
#5312=DIRECTION('',(1.,0.,0.));
#5313=DIRECTION('',(0.,-1.,0.));
#5314=DIRECTION('',(1.,0.,0.));
#5315=DIRECTION('',(0.,-1.,0.));
#5316=DIRECTION('',(1.,0.,0.));
#5317=DIRECTION('',(0.,-1.,0.));
#5318=DIRECTION('',(1.,0.,0.));
#5319=DIRECTION('',(0.,-1.,0.));
#5320=DIRECTION('',(1.,0.,0.));
#5321=DIRECTION('',(0.,-1.,0.));
#5322=DIRECTION('',(1.,0.,0.));
#5323=DIRECTION('',(0.,-1.,0.));
#5324=DIRECTION('',(1.,0.,0.));
#5325=DIRECTION('',(0.,-1.,0.));
#5326=DIRECTION('',(1.,0.,0.));
#5327=DIRECTION('',(0.,1.,0.));
#5328=DIRECTION('',(0.,0.,1.));
#5329=DIRECTION('',(1.,0.,0.));
#5330=DIRECTION('',(-0.997131114432374,0.,-0.0756937291382371));
#5331=DIRECTION('',(-0.996827636400829,0.,-0.0795905981101764));
#5332=DIRECTION('',(-0.996492224972307,0.,-0.0836853963947164));
#5333=DIRECTION('',(-0.9961215575756,0.,-0.0879877408117845));
#5334=DIRECTION('',(-0.995711974277455,0.,-0.0925076444435389));
#5335=DIRECTION('',(-0.995259445377777,0.,-0.0972555211097018));
#5336=DIRECTION('',(-0.994759536305239,0.,-0.102242187622267));
#5337=DIRECTION('',(-0.994207369683327,0.,-0.107478863351639));
#5338=DIRECTION('',(-0.993597584454812,0.,-0.112977166567247));
#5339=DIRECTION('',(-0.992924291978549,0.,-0.11874910693937));
#5340=DIRECTION('',(-0.992181029048241,0.,-0.12480707350456));
#5341=DIRECTION('',(-0.99136070783023,0.,-0.131163817306239));
#5342=DIRECTION('',(-0.990455562779196,0.,-0.137832427823592));
#5343=DIRECTION('',(-0.989457094669706,0.,-0.14482630219606));
#5344=DIRECTION('',(-0.988356011980247,0.,-0.152159106143869));
#5345=DIRECTION('',(-0.987142169989534,0.,-0.159844725369198));
#5346=DIRECTION('',(-0.985804508093997,0.,-0.167897206115983));
#5347=DIRECTION('',(-0.984330986036976,0.,-0.176330683454338));
#5348=DIRECTION('',(-0.982708519954751,0.,-0.185159295765411));
#5349=DIRECTION('',(-0.980922919399226,0.,-0.194397083818919));
#5350=DIRECTION('',(-0.978958826791185,0.,-0.204057872790116));
#5351=DIRECTION('',(-0.976799661096477,0.,-0.214155135548528));
#5352=DIRECTION('',(-0.974427567898329,0.,-0.224701835594969));
#5353=DIRECTION('',(-0.971823378461373,0.,-0.235710248135126));
#5354=DIRECTION('',(-0.968966580840817,0.,-0.247191757980837));
#5355=DIRECTION('',(-0.965835306573958,0.,-0.259156633284176));
#5356=DIRECTION('',(-0.962406336985609,0.,-0.271613774558549));
#5357=DIRECTION('',(-0.958655133621867,0.,-0.284570439048822));
#5358=DIRECTION('',(-0.954555897766825,0.,-0.298031941305911));
#5359=DIRECTION('',(-0.950081664356681,0.,-0.312001331813246));
#5360=DIRECTION('',(-0.945204435833488,0.,-0.326479056725999));
#5361=DIRECTION('',(-0.939895361518736,0.,-0.341462603216758));
#5362=DIRECTION('',(-0.934124967867495,0.,-0.356946136562019));
#5363=DIRECTION('',(-0.927863444410063,0.,-0.37292013692947));
#5364=DIRECTION('',(-0.921080989229011,0.,-0.389371045765998));
#5365=DIRECTION('',(-0.91374821637899,0.,-0.406280933670551));
#5366=DIRECTION('',(-0.905836625683658,0.,-0.423627203529289));
#5367=DIRECTION('',(-0.89731913280534,0.,-0.441382344347249));
#5368=DIRECTION('',(-0.88817065438871,0.,-0.459513752441351));
#5369=DIRECTION('',(-0.878368739493318,0.,-0.47798363725228));
#5370=DIRECTION('',(-0.867894234575267,0.,-0.49674902877712));
#5371=DIRECTION('',(-0.856731965161142,0.,-0.515761902306798));
#5372=DIRECTION('',(-0.844871413348065,0.,-0.53496943361957));
#5373=DIRECTION('',(-0.832307366707653,0.,-0.554314393935584));
#5374=DIRECTION('',(-0.819040511452667,0.,-0.573735688796987));
#5375=DIRECTION('',(-0.805077941241778,0.,-0.593169038745197));
#5376=DIRECTION('',(-0.790433553112152,0.,-0.612547792514592));
#5377=DIRECTION('',(-0.775128304017433,0.,-0.631803855884924));
#5378=DIRECTION('',(-0.759190305445116,0.,-0.650868711890618));
#5379=DIRECTION('',(-0.742654739542763,0.,-0.669674501406968));
#5380=DIRECTION('',(-0.725563587839355,0.,-0.688155127861213));
#5381=DIRECTION('',(-0.707965172539526,0.,-0.706247346523213));
#5382=DIRECTION('',(-0.689913519852673,0.,-0.723891797939785));
#5383=DIRECTION('',(-0.671467564143662,0.,-0.741033946795271));
#5384=DIRECTION('',(-0.652690220074482,0.,-0.75762489176315));
#5385=DIRECTION('',(-0.633647356634247,0.,-0.773622018449858));
#5386=DIRECTION('',(-0.614406711471444,0.,-0.788989475784592));
#5387=DIRECTION('',(-0.595036785913893,0.,-0.80369846547649));
#5388=DIRECTION('',(-0.57560576041663,0.,-0.81772734366364));
#5389=DIRECTION('',(-0.556180467101049,0.,-0.83106154285664));
#5390=DIRECTION('',(-0.536825450943198,0.,-0.843693330078905));
#5391=DIRECTION('',(-0.51760214459927,0.,-0.855621423239412));
#5392=DIRECTION('',(-0.498568174457557,0.,-0.866850491963902));
#5393=DIRECTION('',(-0.479776807916221,0.,-0.877390571288364));
#5394=DIRECTION('',(-0.461276544671685,0.,-0.887256416903113));
#5395=DIRECTION('',(-0.443110848412183,0.,-0.89646682929121));
#5396=DIRECTION('',(-0.425318010050439,0.,-0.905043971487979));
#5397=DIRECTION('',(-0.407931129657636,0.,-0.913012701694914));
#5398=DIRECTION('',(-0.390978201601557,0.,-0.920399938001091));
#5399=DIRECTION('',(-0.374482285966723,0.,-0.927234068343661));
#5400=DIRECTION('',(-0.358461748981472,0.,-0.933544414860452));
#5401=DIRECTION('',(-0.342930555700147,0.,-0.939360758158008));
#5402=DIRECTION('',(-0.327898599365621,0.,-0.944712923873736));
#5403=DIRECTION('',(-0.313372053501797,0.,-0.949630431317398));
#5404=DIRECTION('',(-0.299353734665255,0.,-0.954142201949984));
#5405=DIRECTION('',(-0.285843465763204,0.,-0.958276323969491));
#5406=DIRECTION('',(-0.272838431797099,0.,-0.962059868269382));
#5407=DIRECTION('',(-0.260333521727991,0.,-0.965518750446982));
#5408=DIRECTION('',(-0.248321651821064,0.,-0.96867763329028));
#5409=DIRECTION('',(-0.23679406728077,0.,-0.971559864187807));
#5410=DIRECTION('',(-0.225740620220989,0.,-0.97418744211894));
#5411=DIRECTION('',(-0.215150023029368,0.,-0.97658100923091));
#5412=DIRECTION('',(-0.20501007699539,0.,-0.978759862443462));
#5413=DIRECTION('',(-0.195307876696843,0.,-0.980741981002226));
#5414=DIRECTION('',(-0.18602999110256,0.,-0.982544066396201));
#5415=DIRECTION('',(-0.177162622675622,0.,-0.984181591540248));
#5416=DIRECTION('',(-0.168691745972992,0.,-0.985668856584494));
#5417=DIRECTION('',(-0.160603227358294,0.,-0.987019049138415));
#5418=DIRECTION('',(-0.152882927492594,0.,-0.988244307082664));
#5419=DIRECTION('',(0.,0.,-1.));
#5420=DIRECTION('',(-0.152882927492594,0.,0.988244307082664));
#5421=DIRECTION('',(-0.160603227358294,0.,0.987019049138415));
#5422=DIRECTION('',(-0.168691745972992,0.,0.985668856584494));
#5423=DIRECTION('',(-0.177162622675622,0.,0.984181591540248));
#5424=DIRECTION('',(-0.18602999110256,0.,0.982544066396201));
#5425=DIRECTION('',(-0.195307876696843,0.,0.980741981002226));
#5426=DIRECTION('',(-0.20501007699539,0.,0.978759862443462));
#5427=DIRECTION('',(-0.215150023029368,0.,0.97658100923091));
#5428=DIRECTION('',(-0.225740620220989,0.,0.97418744211894));
#5429=DIRECTION('',(-0.23679406728077,0.,0.971559864187807));
#5430=DIRECTION('',(-0.248321651821064,0.,0.96867763329028));
#5431=DIRECTION('',(-0.260333521727991,0.,0.965518750446982));
#5432=DIRECTION('',(-0.272838431797099,0.,0.962059868269382));
#5433=DIRECTION('',(-0.285843465763204,0.,0.958276323969491));
#5434=DIRECTION('',(-0.299353734665255,0.,0.954142201949984));
#5435=DIRECTION('',(-0.313372053501797,0.,0.949630431317398));
#5436=DIRECTION('',(-0.327898599365621,0.,0.944712923873736));
#5437=DIRECTION('',(-0.342930555700147,0.,0.939360758158008));
#5438=DIRECTION('',(-0.358461748981472,0.,0.933544414860452));
#5439=DIRECTION('',(-0.374482285966723,0.,0.927234068343661));
#5440=DIRECTION('',(-0.390978201601557,0.,0.920399938001091));
#5441=DIRECTION('',(-0.407931129657636,0.,0.913012701694914));
#5442=DIRECTION('',(-0.425318010050439,0.,0.905043971487979));
#5443=DIRECTION('',(-0.443110848412183,0.,0.89646682929121));
#5444=DIRECTION('',(-0.461276544671685,0.,0.887256416903113));
#5445=DIRECTION('',(-0.479776807916221,0.,0.877390571288364));
#5446=DIRECTION('',(-0.498568174457557,0.,0.866850491963902));
#5447=DIRECTION('',(-0.51760214459927,0.,0.855621423239412));
#5448=DIRECTION('',(-0.536825450943198,0.,0.843693330078905));
#5449=DIRECTION('',(-0.556180467101049,0.,0.83106154285664));
#5450=DIRECTION('',(-0.57560576041663,0.,0.81772734366364));
#5451=DIRECTION('',(-0.595036785913893,0.,0.80369846547649));
#5452=DIRECTION('',(-0.614406711471444,0.,0.788989475784592));
#5453=DIRECTION('',(-0.633647356634247,0.,0.773622018449858));
#5454=DIRECTION('',(-0.652690220074482,0.,0.75762489176315));
#5455=DIRECTION('',(-0.671467564143662,0.,0.741033946795271));
#5456=DIRECTION('',(-0.689913519852673,0.,0.723891797939785));
#5457=DIRECTION('',(-0.707965172539526,0.,0.706247346523213));
#5458=DIRECTION('',(-0.725563587839355,0.,0.688155127861213));
#5459=DIRECTION('',(-0.742654739542763,0.,0.669674501406968));
#5460=DIRECTION('',(-0.759190305445116,0.,0.650868711890618));
#5461=DIRECTION('',(-0.775128304017433,0.,0.631803855884924));
#5462=DIRECTION('',(-0.790433553112152,0.,0.612547792514592));
#5463=DIRECTION('',(-0.805077941241778,0.,0.593169038745197));
#5464=DIRECTION('',(-0.819040511452667,0.,0.573735688796987));
#5465=DIRECTION('',(-0.832307366707653,0.,0.554314393935584));
#5466=DIRECTION('',(-0.844871413348065,0.,0.53496943361957));
#5467=DIRECTION('',(-0.856731965161142,0.,0.515761902306798));
#5468=DIRECTION('',(-0.867894234575267,0.,0.49674902877712));
#5469=DIRECTION('',(-0.878368739493318,0.,0.47798363725228));
#5470=DIRECTION('',(-0.88817065438871,0.,0.459513752441351));
#5471=DIRECTION('',(-0.89731913280534,0.,0.441382344347249));
#5472=DIRECTION('',(-0.905836625683658,0.,0.423627203529289));
#5473=DIRECTION('',(-0.91374821637899,0.,0.406280933670551));
#5474=DIRECTION('',(-0.921080989229011,0.,0.389371045765998));
#5475=DIRECTION('',(-0.927863444410063,0.,0.37292013692947));
#5476=DIRECTION('',(-0.934124967867495,0.,0.356946136562019));
#5477=DIRECTION('',(-0.939895361518736,0.,0.341462603216758));
#5478=DIRECTION('',(-0.945204435833488,0.,0.326479056725999));
#5479=DIRECTION('',(-0.950081664356681,0.,0.312001331813246));
#5480=DIRECTION('',(-0.954555897766825,0.,0.298031941305911));
#5481=DIRECTION('',(-0.958655133621867,0.,0.284570439048822));
#5482=DIRECTION('',(-0.962406336985609,0.,0.271613774558549));
#5483=DIRECTION('',(-0.965835306573958,0.,0.259156633284176));
#5484=DIRECTION('',(-0.968966580840817,0.,0.247191757980837));
#5485=DIRECTION('',(-0.971823378461373,0.,0.235710248135126));
#5486=DIRECTION('',(-0.974427567898329,0.,0.224701835594969));
#5487=DIRECTION('',(-0.976799661096477,0.,0.214155135548528));
#5488=DIRECTION('',(-0.978958826791185,0.,0.204057872790116));
#5489=DIRECTION('',(-0.980922919399226,0.,0.194397083818919));
#5490=DIRECTION('',(-0.982708519954751,0.,0.185159295765411));
#5491=DIRECTION('',(-0.984330986036976,0.,0.176330683454338));
#5492=DIRECTION('',(-0.985804508093997,0.,0.167897206115983));
#5493=DIRECTION('',(-0.987142169989534,0.,0.159844725369198));
#5494=DIRECTION('',(-0.988356011980247,0.,0.152159106143869));
#5495=DIRECTION('',(-0.989457094669706,0.,0.14482630219606));
#5496=DIRECTION('',(-0.990455562779196,0.,0.137832427823592));
#5497=DIRECTION('',(-0.99136070783023,0.,0.131163817306239));
#5498=DIRECTION('',(-0.992181029048241,0.,0.12480707350456));
#5499=DIRECTION('',(-0.992924291978549,0.,0.11874910693937));
#5500=DIRECTION('',(-0.993597584454812,0.,0.112977166567247));
#5501=DIRECTION('',(-0.994207369683327,0.,0.107478863351639));
#5502=DIRECTION('',(-0.994759536305239,0.,0.102242187622267));
#5503=DIRECTION('',(-0.995259445377777,0.,0.0972555211097018));
#5504=DIRECTION('',(-0.995711974277455,0.,0.0925076444435389));
#5505=DIRECTION('',(-0.9961215575756,0.,0.0879877408117845));
#5506=DIRECTION('',(-0.996492224972307,0.,0.0836853963947164));
#5507=DIRECTION('',(-0.996827636400829,0.,0.0795905981101764));
#5508=DIRECTION('',(-0.997131114432374,0.,0.0756937291382371));
#5509=DIRECTION('',(1.,0.,0.));
#5510=DIRECTION('',(0.,-1.,0.));
#5511=DIRECTION('',(1.,0.,0.));
#5512=DIRECTION('',(0.,-1.,0.));
#5513=DIRECTION('',(1.,0.,0.));
#5514=DIRECTION('',(0.,-1.,0.));
#5515=DIRECTION('',(1.,0.,0.));
#5516=DIRECTION('',(0.,-1.,0.));
#5517=DIRECTION('',(1.,0.,0.));
#5518=DIRECTION('',(0.,-1.,0.));
#5519=DIRECTION('',(1.,0.,0.));
#5520=DIRECTION('',(0.,1.,0.));
#5521=DIRECTION('',(-1.,0.,0.));
#5522=DIRECTION('',(0.,1.,0.));
#5523=DIRECTION('',(-1.,0.,0.));
#5524=DIRECTION('',(0.,-1.,0.));
#5525=DIRECTION('',(1.,0.,0.));
#5526=DIRECTION('',(0.,-1.,0.));
#5527=DIRECTION('',(-1.,0.,0.));
#5528=DIRECTION('',(0.,-1.,0.));
#5529=DIRECTION('',(-1.,0.,0.));
#5530=DIRECTION('',(0.,-1.,0.));
#5531=DIRECTION('',(-1.,0.,0.));
#5532=DIRECTION('',(0.,-1.,0.));
#5533=DIRECTION('',(-1.,0.,0.));
#5534=DIRECTION('',(0.,1.,0.));
#5535=DIRECTION('',(-1.,0.,0.));
#5536=DIRECTION('',(0.,1.,0.));
#5537=DIRECTION('',(-1.,0.,0.));
#5538=DIRECTION('',(0.,1.,0.));
#5539=DIRECTION('',(-1.,0.,0.));
#5540=DIRECTION('',(0.,1.,0.));
#5541=DIRECTION('',(-1.,0.,0.));
#5542=DIRECTION('',(0.,1.,0.));
#5543=DIRECTION('',(-1.,0.,0.));
#5544=DIRECTION('',(0.,1.,0.));
#5545=DIRECTION('',(-1.,0.,0.));
#5546=DIRECTION('',(0.,1.,0.));
#5547=DIRECTION('',(-1.,0.,0.));
#5548=DIRECTION('',(0.,1.,0.));
#5549=DIRECTION('',(-1.,0.,0.));
#5550=DIRECTION('',(0.,1.,0.));
#5551=DIRECTION('',(-1.,0.,0.));
#5552=DIRECTION('',(0.,1.,0.));
#5553=DIRECTION('',(-1.,0.,0.));
#5554=DIRECTION('',(0.,1.,0.));
#5555=DIRECTION('',(-1.,0.,0.));
#5556=DIRECTION('',(0.,1.,0.));
#5557=DIRECTION('',(-1.,0.,0.));
#5558=DIRECTION('',(0.,1.,0.));
#5559=DIRECTION('',(-1.,0.,0.));
#5560=DIRECTION('',(0.,1.,0.));
#5561=DIRECTION('',(-1.,0.,0.));
#5562=DIRECTION('',(0.,1.,0.));
#5563=DIRECTION('',(-1.,0.,0.));
#5564=DIRECTION('',(0.,1.,0.));
#5565=DIRECTION('',(-1.,0.,0.));
#5566=DIRECTION('',(0.,1.,0.));
#5567=DIRECTION('',(-1.,0.,0.));
#5568=DIRECTION('',(0.,1.,0.));
#5569=DIRECTION('',(-1.,0.,0.));
#5570=DIRECTION('',(0.,1.,0.));
#5571=DIRECTION('',(-1.,0.,0.));
#5572=DIRECTION('',(0.,1.,0.));
#5573=DIRECTION('',(-1.,0.,0.));
#5574=DIRECTION('',(0.,1.,0.));
#5575=DIRECTION('',(-1.,0.,0.));
#5576=DIRECTION('',(0.,1.,0.));
#5577=DIRECTION('',(-1.,0.,0.));
#5578=DIRECTION('',(0.,1.,0.));
#5579=DIRECTION('',(-1.,0.,0.));
#5580=DIRECTION('',(0.,1.,0.));
#5581=DIRECTION('',(-1.,0.,0.));
#5582=DIRECTION('',(0.,1.,0.));
#5583=DIRECTION('',(-1.,0.,0.));
#5584=DIRECTION('',(0.,1.,0.));
#5585=DIRECTION('',(-1.,0.,0.));
#5586=DIRECTION('',(0.,1.,0.));
#5587=DIRECTION('',(-1.,0.,0.));
#5588=DIRECTION('',(0.,1.,0.));
#5589=DIRECTION('',(-1.,0.,0.));
#5590=DIRECTION('',(0.,1.,0.));
#5591=DIRECTION('',(-1.,0.,0.));
#5592=DIRECTION('',(0.,1.,0.));
#5593=DIRECTION('',(-1.,0.,0.));
#5594=DIRECTION('',(0.,1.,0.));
#5595=DIRECTION('',(-1.,0.,0.));
#5596=DIRECTION('',(0.,1.,0.));
#5597=DIRECTION('',(-1.,0.,0.));
#5598=DIRECTION('',(0.,1.,0.));
#5599=DIRECTION('',(-1.,0.,0.));
#5600=DIRECTION('',(0.,1.,0.));
#5601=DIRECTION('',(-1.,0.,0.));
#5602=DIRECTION('',(0.,1.,0.));
#5603=DIRECTION('',(-1.,0.,0.));
#5604=DIRECTION('',(0.,1.,0.));
#5605=DIRECTION('',(-1.,0.,0.));
#5606=DIRECTION('',(0.,1.,0.));
#5607=DIRECTION('',(-1.,0.,0.));
#5608=DIRECTION('',(0.,1.,0.));
#5609=DIRECTION('',(-1.,0.,0.));
#5610=DIRECTION('',(0.,1.,0.));
#5611=DIRECTION('',(-1.,0.,0.));
#5612=DIRECTION('',(0.,1.,0.));
#5613=DIRECTION('',(-1.,0.,0.));
#5614=DIRECTION('',(-1.,0.,0.));
#5615=DIRECTION('',(0.,1.,0.));
#5616=DIRECTION('',(0.,0.,1.));
#5617=DIRECTION('',(1.,0.,0.));
#5618=DIRECTION('',(-0.997131114432374,0.,0.0756937291382371));
#5619=DIRECTION('',(-0.996827636400829,0.,0.0795905981101764));
#5620=DIRECTION('',(-0.996492224972307,0.,0.0836853963947164));
#5621=DIRECTION('',(-0.9961215575756,0.,0.0879877408117845));
#5622=DIRECTION('',(-0.995711974277455,0.,0.0925076444435389));
#5623=DIRECTION('',(-0.995259445377777,0.,0.0972555211097018));
#5624=DIRECTION('',(-0.994759536305239,0.,0.102242187622267));
#5625=DIRECTION('',(-0.994207369683327,0.,0.107478863351639));
#5626=DIRECTION('',(-0.993597584454812,0.,0.112977166567247));
#5627=DIRECTION('',(-0.992924291978549,0.,0.11874910693937));
#5628=DIRECTION('',(-0.992181029048241,0.,0.12480707350456));
#5629=DIRECTION('',(-0.99136070783023,0.,0.131163817306239));
#5630=DIRECTION('',(-0.990455562779196,0.,0.137832427823592));
#5631=DIRECTION('',(-0.989457094669706,0.,0.14482630219606));
#5632=DIRECTION('',(-0.988356011980247,0.,0.152159106143869));
#5633=DIRECTION('',(-0.987142169989534,0.,0.159844725369198));
#5634=DIRECTION('',(-0.985804508093997,0.,0.167897206115983));
#5635=DIRECTION('',(-0.984330986036976,0.,0.176330683454338));
#5636=DIRECTION('',(-0.982708519954751,0.,0.185159295765411));
#5637=DIRECTION('',(-0.980922919399226,0.,0.194397083818919));
#5638=DIRECTION('',(-0.978958826791185,0.,0.204057872790116));
#5639=DIRECTION('',(-0.976799661096477,0.,0.214155135548528));
#5640=DIRECTION('',(-0.974427567898329,0.,0.224701835594969));
#5641=DIRECTION('',(-0.971823378461373,0.,0.235710248135126));
#5642=DIRECTION('',(-0.968966580840817,0.,0.247191757980837));
#5643=DIRECTION('',(-0.965835306573958,0.,0.259156633284176));
#5644=DIRECTION('',(-0.962406336985609,0.,0.271613774558549));
#5645=DIRECTION('',(-0.958655133621867,0.,0.284570439048822));
#5646=DIRECTION('',(-0.954555897766825,0.,0.298031941305911));
#5647=DIRECTION('',(-0.950081664356681,0.,0.312001331813246));
#5648=DIRECTION('',(-0.945204435833488,0.,0.326479056725999));
#5649=DIRECTION('',(-0.939895361518736,0.,0.341462603216758));
#5650=DIRECTION('',(-0.934124967867495,0.,0.356946136562019));
#5651=DIRECTION('',(-0.927863444410063,0.,0.37292013692947));
#5652=DIRECTION('',(-0.921080989229011,0.,0.389371045765998));
#5653=DIRECTION('',(-0.91374821637899,0.,0.406280933670551));
#5654=DIRECTION('',(-0.905836625683658,0.,0.423627203529289));
#5655=DIRECTION('',(-0.89731913280534,0.,0.441382344347249));
#5656=DIRECTION('',(-0.88817065438871,0.,0.459513752441351));
#5657=DIRECTION('',(-0.878368739493318,0.,0.47798363725228));
#5658=DIRECTION('',(-0.867894234575267,0.,0.49674902877712));
#5659=DIRECTION('',(-0.856731965161142,0.,0.515761902306798));
#5660=DIRECTION('',(-0.844871413348065,0.,0.53496943361957));
#5661=DIRECTION('',(-0.832307366707653,0.,0.554314393935584));
#5662=DIRECTION('',(-0.819040511452667,0.,0.573735688796987));
#5663=DIRECTION('',(-0.805077941241778,0.,0.593169038745197));
#5664=DIRECTION('',(-0.790433553112152,0.,0.612547792514592));
#5665=DIRECTION('',(-0.775128304017433,0.,0.631803855884924));
#5666=DIRECTION('',(-0.759190305445116,0.,0.650868711890618));
#5667=DIRECTION('',(-0.742654739542763,0.,0.669674501406968));
#5668=DIRECTION('',(-0.725563587839355,0.,0.688155127861213));
#5669=DIRECTION('',(-0.707965172539526,0.,0.706247346523213));
#5670=DIRECTION('',(-0.689913519852673,0.,0.723891797939785));
#5671=DIRECTION('',(-0.671467564143662,0.,0.741033946795271));
#5672=DIRECTION('',(-0.652690220074482,0.,0.75762489176315));
#5673=DIRECTION('',(-0.633647356634247,0.,0.773622018449858));
#5674=DIRECTION('',(-0.614406711471444,0.,0.788989475784592));
#5675=DIRECTION('',(-0.595036785913893,0.,0.80369846547649));
#5676=DIRECTION('',(-0.57560576041663,0.,0.81772734366364));
#5677=DIRECTION('',(-0.556180467101049,0.,0.83106154285664));
#5678=DIRECTION('',(-0.536825450943198,0.,0.843693330078905));
#5679=DIRECTION('',(-0.51760214459927,0.,0.855621423239412));
#5680=DIRECTION('',(-0.498568174457557,0.,0.866850491963902));
#5681=DIRECTION('',(-0.479776807916221,0.,0.877390571288364));
#5682=DIRECTION('',(-0.461276544671685,0.,0.887256416903113));
#5683=DIRECTION('',(-0.443110848412183,0.,0.89646682929121));
#5684=DIRECTION('',(-0.425318010050439,0.,0.905043971487979));
#5685=DIRECTION('',(-0.407931129657636,0.,0.913012701694914));
#5686=DIRECTION('',(-0.390978201601557,0.,0.920399938001091));
#5687=DIRECTION('',(-0.374482285966723,0.,0.927234068343661));
#5688=DIRECTION('',(-0.358461748981472,0.,0.933544414860452));
#5689=DIRECTION('',(-0.342930555700147,0.,0.939360758158008));
#5690=DIRECTION('',(-0.327898599365621,0.,0.944712923873736));
#5691=DIRECTION('',(-0.313372053501797,0.,0.949630431317398));
#5692=DIRECTION('',(-0.299353734665255,0.,0.954142201949984));
#5693=DIRECTION('',(-0.285843465763204,0.,0.958276323969491));
#5694=DIRECTION('',(-0.272838431797099,0.,0.962059868269382));
#5695=DIRECTION('',(-0.260333521727991,0.,0.965518750446982));
#5696=DIRECTION('',(-0.248321651821064,0.,0.96867763329028));
#5697=DIRECTION('',(-0.23679406728077,0.,0.971559864187807));
#5698=DIRECTION('',(-0.225740620220989,0.,0.97418744211894));
#5699=DIRECTION('',(-0.215150023029368,0.,0.97658100923091));
#5700=DIRECTION('',(-0.20501007699539,0.,0.978759862443462));
#5701=DIRECTION('',(-0.195307876696843,0.,0.980741981002226));
#5702=DIRECTION('',(-0.18602999110256,0.,0.982544066396201));
#5703=DIRECTION('',(-0.177162622675622,0.,0.984181591540248));
#5704=DIRECTION('',(-0.168691745972992,0.,0.985668856584494));
#5705=DIRECTION('',(-0.160603227358294,0.,0.987019049138415));
#5706=DIRECTION('',(-0.152882927492594,0.,0.988244307082664));
#5707=DIRECTION('',(0.,0.,1.));
#5708=DIRECTION('',(-0.152882927492594,0.,-0.988244307082664));
#5709=DIRECTION('',(-0.160603227358294,0.,-0.987019049138415));
#5710=DIRECTION('',(-0.168691745972992,0.,-0.985668856584494));
#5711=DIRECTION('',(-0.177162622675622,0.,-0.984181591540248));
#5712=DIRECTION('',(-0.18602999110256,0.,-0.982544066396201));
#5713=DIRECTION('',(-0.195307876696843,0.,-0.980741981002226));
#5714=DIRECTION('',(-0.20501007699539,0.,-0.978759862443462));
#5715=DIRECTION('',(-0.215150023029368,0.,-0.97658100923091));
#5716=DIRECTION('',(-0.225740620220989,0.,-0.97418744211894));
#5717=DIRECTION('',(-0.23679406728077,0.,-0.971559864187807));
#5718=DIRECTION('',(-0.248321651821064,0.,-0.96867763329028));
#5719=DIRECTION('',(-0.260333521727991,0.,-0.965518750446982));
#5720=DIRECTION('',(-0.272838431797099,0.,-0.962059868269382));
#5721=DIRECTION('',(-0.285843465763204,0.,-0.958276323969491));
#5722=DIRECTION('',(-0.299353734665255,0.,-0.954142201949984));
#5723=DIRECTION('',(-0.313372053501797,0.,-0.949630431317398));
#5724=DIRECTION('',(-0.327898599365621,0.,-0.944712923873736));
#5725=DIRECTION('',(-0.342930555700147,0.,-0.939360758158008));
#5726=DIRECTION('',(-0.358461748981472,0.,-0.933544414860452));
#5727=DIRECTION('',(-0.374482285966723,0.,-0.927234068343661));
#5728=DIRECTION('',(-0.390978201601557,0.,-0.920399938001091));
#5729=DIRECTION('',(-0.407931129657636,0.,-0.913012701694914));
#5730=DIRECTION('',(-0.425318010050439,0.,-0.905043971487979));
#5731=DIRECTION('',(-0.443110848412183,0.,-0.89646682929121));
#5732=DIRECTION('',(-0.461276544671685,0.,-0.887256416903113));
#5733=DIRECTION('',(-0.479776807916221,0.,-0.877390571288364));
#5734=DIRECTION('',(-0.498568174457557,0.,-0.866850491963902));
#5735=DIRECTION('',(-0.51760214459927,0.,-0.855621423239412));
#5736=DIRECTION('',(-0.536825450943198,0.,-0.843693330078905));
#5737=DIRECTION('',(-0.556180467101049,0.,-0.83106154285664));
#5738=DIRECTION('',(-0.57560576041663,0.,-0.81772734366364));
#5739=DIRECTION('',(-0.595036785913893,0.,-0.80369846547649));
#5740=DIRECTION('',(-0.614406711471444,0.,-0.788989475784592));
#5741=DIRECTION('',(-0.633647356634247,0.,-0.773622018449858));
#5742=DIRECTION('',(-0.652690220074482,0.,-0.75762489176315));
#5743=DIRECTION('',(-0.671467564143662,0.,-0.741033946795271));
#5744=DIRECTION('',(-0.689913519852673,0.,-0.723891797939785));
#5745=DIRECTION('',(-0.707965172539526,0.,-0.706247346523213));
#5746=DIRECTION('',(-0.725563587839355,0.,-0.688155127861213));
#5747=DIRECTION('',(-0.742654739542763,0.,-0.669674501406968));
#5748=DIRECTION('',(-0.759190305445116,0.,-0.650868711890618));
#5749=DIRECTION('',(-0.775128304017433,0.,-0.631803855884924));
#5750=DIRECTION('',(-0.790433553112152,0.,-0.612547792514592));
#5751=DIRECTION('',(-0.805077941241778,0.,-0.593169038745197));
#5752=DIRECTION('',(-0.819040511452667,0.,-0.573735688796987));
#5753=DIRECTION('',(-0.832307366707653,0.,-0.554314393935584));
#5754=DIRECTION('',(-0.844871413348065,0.,-0.53496943361957));
#5755=DIRECTION('',(-0.856731965161142,0.,-0.515761902306798));
#5756=DIRECTION('',(-0.867894234575267,0.,-0.49674902877712));
#5757=DIRECTION('',(-0.878368739493318,0.,-0.47798363725228));
#5758=DIRECTION('',(-0.88817065438871,0.,-0.459513752441351));
#5759=DIRECTION('',(-0.89731913280534,0.,-0.441382344347249));
#5760=DIRECTION('',(-0.905836625683658,0.,-0.423627203529289));
#5761=DIRECTION('',(-0.91374821637899,0.,-0.406280933670551));
#5762=DIRECTION('',(-0.921080989229011,0.,-0.389371045765998));
#5763=DIRECTION('',(-0.927863444410063,0.,-0.37292013692947));
#5764=DIRECTION('',(-0.934124967867495,0.,-0.356946136562019));
#5765=DIRECTION('',(-0.939895361518736,0.,-0.341462603216758));
#5766=DIRECTION('',(-0.945204435833488,0.,-0.326479056725999));
#5767=DIRECTION('',(-0.950081664356681,0.,-0.312001331813246));
#5768=DIRECTION('',(-0.954555897766825,0.,-0.298031941305911));
#5769=DIRECTION('',(-0.958655133621867,0.,-0.284570439048822));
#5770=DIRECTION('',(-0.962406336985609,0.,-0.271613774558549));
#5771=DIRECTION('',(-0.965835306573958,0.,-0.259156633284176));
#5772=DIRECTION('',(-0.968966580840817,0.,-0.247191757980837));
#5773=DIRECTION('',(-0.971823378461373,0.,-0.235710248135126));
#5774=DIRECTION('',(-0.974427567898329,0.,-0.224701835594969));
#5775=DIRECTION('',(-0.976799661096477,0.,-0.214155135548528));
#5776=DIRECTION('',(-0.978958826791185,0.,-0.204057872790116));
#5777=DIRECTION('',(-0.980922919399226,0.,-0.194397083818919));
#5778=DIRECTION('',(-0.982708519954751,0.,-0.185159295765411));
#5779=DIRECTION('',(-0.984330986036976,0.,-0.176330683454338));
#5780=DIRECTION('',(-0.985804508093997,0.,-0.167897206115983));
#5781=DIRECTION('',(-0.987142169989534,0.,-0.159844725369198));
#5782=DIRECTION('',(-0.988356011980247,0.,-0.152159106143869));
#5783=DIRECTION('',(-0.989457094669706,0.,-0.14482630219606));
#5784=DIRECTION('',(-0.990455562779196,0.,-0.137832427823592));
#5785=DIRECTION('',(-0.99136070783023,0.,-0.131163817306239));
#5786=DIRECTION('',(-0.992181029048241,0.,-0.12480707350456));
#5787=DIRECTION('',(-0.992924291978549,0.,-0.11874910693937));
#5788=DIRECTION('',(-0.993597584454812,0.,-0.112977166567247));
#5789=DIRECTION('',(-0.994207369683327,0.,-0.107478863351639));
#5790=DIRECTION('',(-0.994759536305239,0.,-0.102242187622267));
#5791=DIRECTION('',(-0.995259445377777,0.,-0.0972555211097018));
#5792=DIRECTION('',(-0.995711974277455,0.,-0.0925076444435389));
#5793=DIRECTION('',(-0.9961215575756,0.,-0.0879877408117845));
#5794=DIRECTION('',(-0.996492224972307,0.,-0.0836853963947164));
#5795=DIRECTION('',(-0.996827636400829,0.,-0.0795905981101764));
#5796=DIRECTION('',(-0.997131114432374,0.,-0.0756937291382371));
#5797=DIRECTION('',(0.,1.,0.));
#5798=DIRECTION('',(-1.,0.,0.));
#5799=DIRECTION('',(0.,1.,0.));
#5800=DIRECTION('',(-1.,0.,0.));
#5801=DIRECTION('',(0.,-1.,0.));
#5802=DIRECTION('',(1.,0.,0.));
#5803=DIRECTION('',(0.,-1.,0.));
#5804=DIRECTION('',(1.,0.,0.));
#5805=DIRECTION('',(0.,-1.,0.));
#5806=DIRECTION('',(1.,0.,0.));
#5807=DIRECTION('',(0.,-1.,0.));
#5808=DIRECTION('',(1.,0.,0.));
#5809=DIRECTION('',(0.,-1.,0.));
#5810=DIRECTION('',(1.,0.,0.));
#5811=DIRECTION('',(0.,0.,-1.));
#5812=DIRECTION('',(1.,0.,0.));
#5813=DIRECTION('',(0.,1.,0.));
#5814=DIRECTION('',(0.,-1.,0.));
#5815=DIRECTION('',(0.,0.,1.));
#5816=DIRECTION('',(1.,0.,0.));
#5817=DIRECTION('',(0.,-1.,0.));
#5818=DIRECTION('',(0.,1.,0.));
#5819=DIRECTION('',(-0.0756937291382371,0.,0.997131114432374));
#5820=DIRECTION('',(-0.997131114432374,0.,-0.0756937291382371));
#5821=DIRECTION('',(0.,-1.,0.));
#5822=DIRECTION('',(-0.0795905981101764,0.,0.996827636400829));
#5823=DIRECTION('',(-0.996827636400829,0.,-0.0795905981101764));
#5824=DIRECTION('',(0.,-1.,0.));
#5825=DIRECTION('',(-0.0836853963947164,0.,0.996492224972307));
#5826=DIRECTION('',(-0.996492224972307,0.,-0.0836853963947164));
#5827=DIRECTION('',(0.,-1.,0.));
#5828=DIRECTION('',(-0.0879877408117845,0.,0.9961215575756));
#5829=DIRECTION('',(-0.9961215575756,0.,-0.0879877408117845));
#5830=DIRECTION('',(0.,-1.,0.));
#5831=DIRECTION('',(-0.0925076444435388,0.,0.995711974277455));
#5832=DIRECTION('',(-0.995711974277455,0.,-0.0925076444435388));
#5833=DIRECTION('',(0.,-1.,0.));
#5834=DIRECTION('',(-0.0972555211097018,0.,0.995259445377777));
#5835=DIRECTION('',(-0.995259445377777,0.,-0.0972555211097018));
#5836=DIRECTION('',(0.,-1.,0.));
#5837=DIRECTION('',(-0.102242187622267,0.,0.994759536305239));
#5838=DIRECTION('',(-0.994759536305239,0.,-0.102242187622267));
#5839=DIRECTION('',(0.,-1.,0.));
#5840=DIRECTION('',(-0.107478863351639,0.,0.994207369683327));
#5841=DIRECTION('',(-0.994207369683327,0.,-0.107478863351639));
#5842=DIRECTION('',(0.,-1.,0.));
#5843=DIRECTION('',(-0.112977166567247,0.,0.993597584454812));
#5844=DIRECTION('',(-0.993597584454812,0.,-0.112977166567247));
#5845=DIRECTION('',(0.,-1.,0.));
#5846=DIRECTION('',(-0.11874910693937,0.,0.992924291978549));
#5847=DIRECTION('',(-0.992924291978549,0.,-0.11874910693937));
#5848=DIRECTION('',(0.,-1.,0.));
#5849=DIRECTION('',(-0.12480707350456,0.,0.992181029048241));
#5850=DIRECTION('',(-0.992181029048241,0.,-0.12480707350456));
#5851=DIRECTION('',(0.,-1.,0.));
#5852=DIRECTION('',(-0.131163817306239,0.,0.99136070783023));
#5853=DIRECTION('',(-0.99136070783023,0.,-0.131163817306239));
#5854=DIRECTION('',(0.,-1.,0.));
#5855=DIRECTION('',(-0.137832427823592,0.,0.990455562779196));
#5856=DIRECTION('',(-0.990455562779196,0.,-0.137832427823592));
#5857=DIRECTION('',(0.,-1.,0.));
#5858=DIRECTION('',(-0.14482630219606,0.,0.989457094669706));
#5859=DIRECTION('',(-0.989457094669706,0.,-0.14482630219606));
#5860=DIRECTION('',(0.,-1.,0.));
#5861=DIRECTION('',(-0.152159106143869,0.,0.988356011980247));
#5862=DIRECTION('',(-0.988356011980247,0.,-0.152159106143869));
#5863=DIRECTION('',(0.,-1.,0.));
#5864=DIRECTION('',(-0.159844725369198,0.,0.987142169989534));
#5865=DIRECTION('',(-0.987142169989534,0.,-0.159844725369198));
#5866=DIRECTION('',(0.,-1.,0.));
#5867=DIRECTION('',(-0.167897206115983,0.,0.985804508093997));
#5868=DIRECTION('',(-0.985804508093997,0.,-0.167897206115983));
#5869=DIRECTION('',(0.,-1.,0.));
#5870=DIRECTION('',(-0.176330683454338,0.,0.984330986036976));
#5871=DIRECTION('',(-0.984330986036976,0.,-0.176330683454338));
#5872=DIRECTION('',(0.,-1.,0.));
#5873=DIRECTION('',(-0.185159295765411,0.,0.982708519954751));
#5874=DIRECTION('',(-0.982708519954751,0.,-0.185159295765411));
#5875=DIRECTION('',(0.,-1.,0.));
#5876=DIRECTION('',(-0.194397083818919,0.,0.980922919399226));
#5877=DIRECTION('',(-0.980922919399226,0.,-0.194397083818919));
#5878=DIRECTION('',(0.,-1.,0.));
#5879=DIRECTION('',(-0.204057872790116,0.,0.978958826791185));
#5880=DIRECTION('',(-0.978958826791185,0.,-0.204057872790116));
#5881=DIRECTION('',(0.,-1.,0.));
#5882=DIRECTION('',(-0.214155135548528,0.,0.976799661096477));
#5883=DIRECTION('',(-0.976799661096477,0.,-0.214155135548528));
#5884=DIRECTION('',(0.,-1.,0.));
#5885=DIRECTION('',(-0.224701835594969,0.,0.974427567898329));
#5886=DIRECTION('',(-0.974427567898329,0.,-0.224701835594969));
#5887=DIRECTION('',(0.,-1.,0.));
#5888=DIRECTION('',(-0.235710248135126,0.,0.971823378461373));
#5889=DIRECTION('',(-0.971823378461373,0.,-0.235710248135126));
#5890=DIRECTION('',(0.,-1.,0.));
#5891=DIRECTION('',(-0.247191757980837,0.,0.968966580840817));
#5892=DIRECTION('',(-0.968966580840817,0.,-0.247191757980837));
#5893=DIRECTION('',(0.,-1.,0.));
#5894=DIRECTION('',(-0.259156633284176,0.,0.965835306573958));
#5895=DIRECTION('',(-0.965835306573958,0.,-0.259156633284176));
#5896=DIRECTION('',(0.,-1.,0.));
#5897=DIRECTION('',(-0.271613774558549,0.,0.962406336985609));
#5898=DIRECTION('',(-0.962406336985609,0.,-0.271613774558549));
#5899=DIRECTION('',(0.,-1.,0.));
#5900=DIRECTION('',(-0.284570439048822,0.,0.958655133621867));
#5901=DIRECTION('',(-0.958655133621867,0.,-0.284570439048822));
#5902=DIRECTION('',(0.,-1.,0.));
#5903=DIRECTION('',(-0.298031941305911,0.,0.954555897766825));
#5904=DIRECTION('',(-0.954555897766825,0.,-0.298031941305911));
#5905=DIRECTION('',(0.,-1.,0.));
#5906=DIRECTION('',(-0.312001331813246,0.,0.950081664356681));
#5907=DIRECTION('',(-0.950081664356681,0.,-0.312001331813246));
#5908=DIRECTION('',(0.,-1.,0.));
#5909=DIRECTION('',(-0.326479056725999,0.,0.945204435833488));
#5910=DIRECTION('',(-0.945204435833488,0.,-0.326479056725999));
#5911=DIRECTION('',(0.,-1.,0.));
#5912=DIRECTION('',(-0.341462603216758,0.,0.939895361518736));
#5913=DIRECTION('',(-0.939895361518736,0.,-0.341462603216758));
#5914=DIRECTION('',(0.,-1.,0.));
#5915=DIRECTION('',(-0.356946136562019,0.,0.934124967867495));
#5916=DIRECTION('',(-0.934124967867495,0.,-0.356946136562019));
#5917=DIRECTION('',(0.,-1.,0.));
#5918=DIRECTION('',(-0.37292013692947,0.,0.927863444410063));
#5919=DIRECTION('',(-0.927863444410063,0.,-0.37292013692947));
#5920=DIRECTION('',(0.,-1.,0.));
#5921=DIRECTION('',(-0.389371045765998,0.,0.921080989229011));
#5922=DIRECTION('',(-0.921080989229011,0.,-0.389371045765998));
#5923=DIRECTION('',(0.,-1.,0.));
#5924=DIRECTION('',(-0.406280933670551,0.,0.91374821637899));
#5925=DIRECTION('',(-0.91374821637899,0.,-0.406280933670551));
#5926=DIRECTION('',(0.,-1.,0.));
#5927=DIRECTION('',(-0.423627203529289,0.,0.905836625683658));
#5928=DIRECTION('',(-0.905836625683658,0.,-0.423627203529289));
#5929=DIRECTION('',(0.,-1.,0.));
#5930=DIRECTION('',(-0.441382344347249,0.,0.89731913280534));
#5931=DIRECTION('',(-0.89731913280534,0.,-0.441382344347249));
#5932=DIRECTION('',(0.,-1.,0.));
#5933=DIRECTION('',(-0.459513752441351,0.,0.88817065438871));
#5934=DIRECTION('',(-0.88817065438871,0.,-0.459513752441351));
#5935=DIRECTION('',(0.,-1.,0.));
#5936=DIRECTION('',(-0.47798363725228,0.,0.878368739493318));
#5937=DIRECTION('',(-0.878368739493318,0.,-0.47798363725228));
#5938=DIRECTION('',(0.,-1.,0.));
#5939=DIRECTION('',(-0.49674902877712,0.,0.867894234575267));
#5940=DIRECTION('',(-0.867894234575267,0.,-0.49674902877712));
#5941=DIRECTION('',(0.,-1.,0.));
#5942=DIRECTION('',(-0.515761902306798,0.,0.856731965161142));
#5943=DIRECTION('',(-0.856731965161142,0.,-0.515761902306798));
#5944=DIRECTION('',(0.,-1.,0.));
#5945=DIRECTION('',(-0.53496943361957,0.,0.844871413348065));
#5946=DIRECTION('',(-0.844871413348065,0.,-0.53496943361957));
#5947=DIRECTION('',(0.,-1.,0.));
#5948=DIRECTION('',(-0.554314393935584,0.,0.832307366707653));
#5949=DIRECTION('',(-0.832307366707653,0.,-0.554314393935584));
#5950=DIRECTION('',(0.,-1.,0.));
#5951=DIRECTION('',(-0.573735688796987,0.,0.819040511452667));
#5952=DIRECTION('',(-0.819040511452667,0.,-0.573735688796987));
#5953=DIRECTION('',(0.,-1.,0.));
#5954=DIRECTION('',(-0.593169038745197,0.,0.805077941241778));
#5955=DIRECTION('',(-0.805077941241778,0.,-0.593169038745197));
#5956=DIRECTION('',(0.,-1.,0.));
#5957=DIRECTION('',(-0.612547792514591,0.,0.790433553112152));
#5958=DIRECTION('',(-0.790433553112152,0.,-0.612547792514591));
#5959=DIRECTION('',(0.,-1.,0.));
#5960=DIRECTION('',(-0.631803855884924,0.,0.775128304017433));
#5961=DIRECTION('',(-0.775128304017433,0.,-0.631803855884924));
#5962=DIRECTION('',(0.,-1.,0.));
#5963=DIRECTION('',(-0.650868711890617,0.,0.759190305445116));
#5964=DIRECTION('',(-0.759190305445116,0.,-0.650868711890617));
#5965=DIRECTION('',(0.,-1.,0.));
#5966=DIRECTION('',(-0.669674501406968,0.,0.742654739542763));
#5967=DIRECTION('',(-0.742654739542763,0.,-0.669674501406968));
#5968=DIRECTION('',(0.,-1.,0.));
#5969=DIRECTION('',(-0.688155127861213,0.,0.725563587839355));
#5970=DIRECTION('',(-0.725563587839355,0.,-0.688155127861213));
#5971=DIRECTION('',(0.,-1.,0.));
#5972=DIRECTION('',(-0.706247346523213,0.,0.707965172539526));
#5973=DIRECTION('',(-0.707965172539526,0.,-0.706247346523213));
#5974=DIRECTION('',(0.,-1.,0.));
#5975=DIRECTION('',(-0.723891797939785,0.,0.689913519852673));
#5976=DIRECTION('',(-0.689913519852673,0.,-0.723891797939785));
#5977=DIRECTION('',(0.,-1.,0.));
#5978=DIRECTION('',(-0.741033946795271,0.,0.671467564143662));
#5979=DIRECTION('',(-0.671467564143662,0.,-0.741033946795271));
#5980=DIRECTION('',(0.,-1.,0.));
#5981=DIRECTION('',(-0.75762489176315,0.,0.652690220074482));
#5982=DIRECTION('',(-0.652690220074482,0.,-0.75762489176315));
#5983=DIRECTION('',(0.,-1.,0.));
#5984=DIRECTION('',(-0.773622018449858,0.,0.633647356634247));
#5985=DIRECTION('',(-0.633647356634247,0.,-0.773622018449858));
#5986=DIRECTION('',(0.,-1.,0.));
#5987=DIRECTION('',(-0.788989475784592,0.,0.614406711471444));
#5988=DIRECTION('',(-0.614406711471444,0.,-0.788989475784592));
#5989=DIRECTION('',(0.,-1.,0.));
#5990=DIRECTION('',(-0.80369846547649,0.,0.595036785913893));
#5991=DIRECTION('',(-0.595036785913893,0.,-0.80369846547649));
#5992=DIRECTION('',(0.,-1.,0.));
#5993=DIRECTION('',(-0.81772734366364,0.,0.57560576041663));
#5994=DIRECTION('',(-0.57560576041663,0.,-0.81772734366364));
#5995=DIRECTION('',(0.,-1.,0.));
#5996=DIRECTION('',(-0.83106154285664,0.,0.556180467101049));
#5997=DIRECTION('',(-0.556180467101049,0.,-0.83106154285664));
#5998=DIRECTION('',(0.,-1.,0.));
#5999=DIRECTION('',(-0.843693330078905,0.,0.536825450943198));
#6000=DIRECTION('',(-0.536825450943198,0.,-0.843693330078905));
#6001=DIRECTION('',(0.,-1.,0.));
#6002=DIRECTION('',(-0.855621423239412,0.,0.51760214459927));
#6003=DIRECTION('',(-0.51760214459927,0.,-0.855621423239412));
#6004=DIRECTION('',(0.,-1.,0.));
#6005=DIRECTION('',(-0.866850491963902,0.,0.498568174457557));
#6006=DIRECTION('',(-0.498568174457557,0.,-0.866850491963902));
#6007=DIRECTION('',(0.,-1.,0.));
#6008=DIRECTION('',(-0.877390571288364,0.,0.479776807916221));
#6009=DIRECTION('',(-0.479776807916221,0.,-0.877390571288364));
#6010=DIRECTION('',(0.,-1.,0.));
#6011=DIRECTION('',(-0.887256416903113,0.,0.461276544671685));
#6012=DIRECTION('',(-0.461276544671685,0.,-0.887256416903113));
#6013=DIRECTION('',(0.,-1.,0.));
#6014=DIRECTION('',(-0.89646682929121,0.,0.443110848412183));
#6015=DIRECTION('',(-0.443110848412183,0.,-0.89646682929121));
#6016=DIRECTION('',(0.,-1.,0.));
#6017=DIRECTION('',(-0.905043971487979,0.,0.425318010050439));
#6018=DIRECTION('',(-0.425318010050439,0.,-0.905043971487979));
#6019=DIRECTION('',(0.,-1.,0.));
#6020=DIRECTION('',(-0.913012701694914,0.,0.407931129657636));
#6021=DIRECTION('',(-0.407931129657636,0.,-0.913012701694914));
#6022=DIRECTION('',(0.,-1.,0.));
#6023=DIRECTION('',(-0.920399938001091,0.,0.390978201601557));
#6024=DIRECTION('',(-0.390978201601557,0.,-0.920399938001091));
#6025=DIRECTION('',(0.,-1.,0.));
#6026=DIRECTION('',(-0.927234068343661,0.,0.374482285966723));
#6027=DIRECTION('',(-0.374482285966723,0.,-0.927234068343661));
#6028=DIRECTION('',(0.,-1.,0.));
#6029=DIRECTION('',(-0.933544414860452,0.,0.358461748981472));
#6030=DIRECTION('',(-0.358461748981472,0.,-0.933544414860452));
#6031=DIRECTION('',(0.,-1.,0.));
#6032=DIRECTION('',(-0.939360758158009,0.,0.342930555700147));
#6033=DIRECTION('',(-0.342930555700147,0.,-0.939360758158009));
#6034=DIRECTION('',(0.,-1.,0.));
#6035=DIRECTION('',(-0.944712923873736,0.,0.327898599365621));
#6036=DIRECTION('',(-0.327898599365621,0.,-0.944712923873736));
#6037=DIRECTION('',(0.,-1.,0.));
#6038=DIRECTION('',(-0.949630431317398,0.,0.313372053501797));
#6039=DIRECTION('',(-0.313372053501797,0.,-0.949630431317398));
#6040=DIRECTION('',(0.,-1.,0.));
#6041=DIRECTION('',(-0.954142201949984,0.,0.299353734665254));
#6042=DIRECTION('',(-0.299353734665255,0.,-0.954142201949984));
#6043=DIRECTION('',(0.,-1.,0.));
#6044=DIRECTION('',(-0.958276323969491,0.,0.285843465763204));
#6045=DIRECTION('',(-0.285843465763204,0.,-0.958276323969491));
#6046=DIRECTION('',(0.,-1.,0.));
#6047=DIRECTION('',(-0.962059868269382,0.,0.272838431797098));
#6048=DIRECTION('',(-0.272838431797098,0.,-0.962059868269382));
#6049=DIRECTION('',(0.,-1.,0.));
#6050=DIRECTION('',(-0.965518750446982,0.,0.260333521727991));
#6051=DIRECTION('',(-0.260333521727991,0.,-0.965518750446982));
#6052=DIRECTION('',(0.,-1.,0.));
#6053=DIRECTION('',(-0.96867763329028,0.,0.248321651821064));
#6054=DIRECTION('',(-0.248321651821064,0.,-0.96867763329028));
#6055=DIRECTION('',(0.,-1.,0.));
#6056=DIRECTION('',(-0.971559864187807,0.,0.23679406728077));
#6057=DIRECTION('',(-0.23679406728077,0.,-0.971559864187807));
#6058=DIRECTION('',(0.,-1.,0.));
#6059=DIRECTION('',(-0.97418744211894,0.,0.225740620220989));
#6060=DIRECTION('',(-0.225740620220989,0.,-0.97418744211894));
#6061=DIRECTION('',(0.,-1.,0.));
#6062=DIRECTION('',(-0.97658100923091,0.,0.215150023029368));
#6063=DIRECTION('',(-0.215150023029368,0.,-0.97658100923091));
#6064=DIRECTION('',(0.,-1.,0.));
#6065=DIRECTION('',(-0.978759862443462,0.,0.20501007699539));
#6066=DIRECTION('',(-0.20501007699539,0.,-0.978759862443462));
#6067=DIRECTION('',(0.,-1.,0.));
#6068=DIRECTION('',(-0.980741981002226,0.,0.195307876696843));
#6069=DIRECTION('',(-0.195307876696843,0.,-0.980741981002226));
#6070=DIRECTION('',(0.,-1.,0.));
#6071=DIRECTION('',(-0.982544066396201,0.,0.18602999110256));
#6072=DIRECTION('',(-0.18602999110256,0.,-0.982544066396201));
#6073=DIRECTION('',(0.,-1.,0.));
#6074=DIRECTION('',(-0.984181591540248,0.,0.177162622675622));
#6075=DIRECTION('',(-0.177162622675622,0.,-0.984181591540248));
#6076=DIRECTION('',(0.,-1.,0.));
#6077=DIRECTION('',(-0.985668856584494,0.,0.168691745972992));
#6078=DIRECTION('',(-0.168691745972992,0.,-0.985668856584494));
#6079=DIRECTION('',(0.,-1.,0.));
#6080=DIRECTION('',(-0.987019049138415,0.,0.160603227358294));
#6081=DIRECTION('',(-0.160603227358294,0.,-0.987019049138415));
#6082=DIRECTION('',(0.,-1.,0.));
#6083=DIRECTION('',(-0.988244307082664,0.,0.152882927492594));
#6084=DIRECTION('',(-0.152882927492594,0.,-0.988244307082664));
#6085=DIRECTION('',(0.,-1.,0.));
#6086=DIRECTION('',(-1.,0.,0.));
#6087=DIRECTION('',(0.,0.,-1.));
#6088=DIRECTION('',(0.,-1.,0.));
#6089=DIRECTION('',(0.988244307082664,0.,0.152882927492594));
#6090=DIRECTION('',(-0.152882927492594,0.,0.988244307082664));
#6091=DIRECTION('',(0.,-1.,0.));
#6092=DIRECTION('',(0.987019049138415,0.,0.160603227358294));
#6093=DIRECTION('',(-0.160603227358294,0.,0.987019049138415));
#6094=DIRECTION('',(0.,-1.,0.));
#6095=DIRECTION('',(0.985668856584494,0.,0.168691745972992));
#6096=DIRECTION('',(-0.168691745972992,0.,0.985668856584494));
#6097=DIRECTION('',(0.,-1.,0.));
#6098=DIRECTION('',(0.984181591540248,0.,0.177162622675622));
#6099=DIRECTION('',(-0.177162622675622,0.,0.984181591540248));
#6100=DIRECTION('',(0.,-1.,0.));
#6101=DIRECTION('',(0.982544066396201,0.,0.18602999110256));
#6102=DIRECTION('',(-0.18602999110256,0.,0.982544066396201));
#6103=DIRECTION('',(0.,-1.,0.));
#6104=DIRECTION('',(0.980741981002226,0.,0.195307876696843));
#6105=DIRECTION('',(-0.195307876696843,0.,0.980741981002226));
#6106=DIRECTION('',(0.,-1.,0.));
#6107=DIRECTION('',(0.978759862443462,0.,0.20501007699539));
#6108=DIRECTION('',(-0.20501007699539,0.,0.978759862443462));
#6109=DIRECTION('',(0.,-1.,0.));
#6110=DIRECTION('',(0.97658100923091,0.,0.215150023029368));
#6111=DIRECTION('',(-0.215150023029368,0.,0.97658100923091));
#6112=DIRECTION('',(0.,-1.,0.));
#6113=DIRECTION('',(0.97418744211894,0.,0.225740620220989));
#6114=DIRECTION('',(-0.225740620220989,0.,0.97418744211894));
#6115=DIRECTION('',(0.,-1.,0.));
#6116=DIRECTION('',(0.971559864187807,0.,0.23679406728077));
#6117=DIRECTION('',(-0.23679406728077,0.,0.971559864187807));
#6118=DIRECTION('',(0.,-1.,0.));
#6119=DIRECTION('',(0.96867763329028,0.,0.248321651821064));
#6120=DIRECTION('',(-0.248321651821064,0.,0.96867763329028));
#6121=DIRECTION('',(0.,-1.,0.));
#6122=DIRECTION('',(0.965518750446982,0.,0.260333521727991));
#6123=DIRECTION('',(-0.260333521727991,0.,0.965518750446982));
#6124=DIRECTION('',(0.,-1.,0.));
#6125=DIRECTION('',(0.962059868269382,0.,0.272838431797098));
#6126=DIRECTION('',(-0.272838431797098,0.,0.962059868269382));
#6127=DIRECTION('',(0.,-1.,0.));
#6128=DIRECTION('',(0.958276323969491,0.,0.285843465763204));
#6129=DIRECTION('',(-0.285843465763204,0.,0.958276323969491));
#6130=DIRECTION('',(0.,-1.,0.));
#6131=DIRECTION('',(0.954142201949984,0.,0.299353734665254));
#6132=DIRECTION('',(-0.299353734665255,0.,0.954142201949984));
#6133=DIRECTION('',(0.,-1.,0.));
#6134=DIRECTION('',(0.949630431317398,0.,0.313372053501797));
#6135=DIRECTION('',(-0.313372053501797,0.,0.949630431317398));
#6136=DIRECTION('',(0.,-1.,0.));
#6137=DIRECTION('',(0.944712923873736,0.,0.327898599365621));
#6138=DIRECTION('',(-0.327898599365621,0.,0.944712923873736));
#6139=DIRECTION('',(0.,-1.,0.));
#6140=DIRECTION('',(0.939360758158009,0.,0.342930555700147));
#6141=DIRECTION('',(-0.342930555700147,0.,0.939360758158009));
#6142=DIRECTION('',(0.,-1.,0.));
#6143=DIRECTION('',(0.933544414860452,0.,0.358461748981472));
#6144=DIRECTION('',(-0.358461748981472,0.,0.933544414860452));
#6145=DIRECTION('',(0.,-1.,0.));
#6146=DIRECTION('',(0.927234068343661,0.,0.374482285966723));
#6147=DIRECTION('',(-0.374482285966723,0.,0.927234068343661));
#6148=DIRECTION('',(0.,-1.,0.));
#6149=DIRECTION('',(0.920399938001091,0.,0.390978201601557));
#6150=DIRECTION('',(-0.390978201601557,0.,0.920399938001091));
#6151=DIRECTION('',(0.,-1.,0.));
#6152=DIRECTION('',(0.913012701694914,0.,0.407931129657636));
#6153=DIRECTION('',(-0.407931129657636,0.,0.913012701694914));
#6154=DIRECTION('',(0.,-1.,0.));
#6155=DIRECTION('',(0.905043971487979,0.,0.425318010050439));
#6156=DIRECTION('',(-0.425318010050439,0.,0.905043971487979));
#6157=DIRECTION('',(0.,-1.,0.));
#6158=DIRECTION('',(0.89646682929121,0.,0.443110848412183));
#6159=DIRECTION('',(-0.443110848412183,0.,0.89646682929121));
#6160=DIRECTION('',(0.,-1.,0.));
#6161=DIRECTION('',(0.887256416903113,0.,0.461276544671685));
#6162=DIRECTION('',(-0.461276544671685,0.,0.887256416903113));
#6163=DIRECTION('',(0.,-1.,0.));
#6164=DIRECTION('',(0.877390571288364,0.,0.479776807916221));
#6165=DIRECTION('',(-0.479776807916221,0.,0.877390571288364));
#6166=DIRECTION('',(0.,-1.,0.));
#6167=DIRECTION('',(0.866850491963902,0.,0.498568174457557));
#6168=DIRECTION('',(-0.498568174457557,0.,0.866850491963902));
#6169=DIRECTION('',(0.,-1.,0.));
#6170=DIRECTION('',(0.855621423239412,0.,0.51760214459927));
#6171=DIRECTION('',(-0.51760214459927,0.,0.855621423239412));
#6172=DIRECTION('',(0.,-1.,0.));
#6173=DIRECTION('',(0.843693330078905,0.,0.536825450943198));
#6174=DIRECTION('',(-0.536825450943198,0.,0.843693330078905));
#6175=DIRECTION('',(0.,-1.,0.));
#6176=DIRECTION('',(0.83106154285664,0.,0.556180467101049));
#6177=DIRECTION('',(-0.556180467101049,0.,0.83106154285664));
#6178=DIRECTION('',(0.,-1.,0.));
#6179=DIRECTION('',(0.81772734366364,0.,0.57560576041663));
#6180=DIRECTION('',(-0.57560576041663,0.,0.81772734366364));
#6181=DIRECTION('',(0.,-1.,0.));
#6182=DIRECTION('',(0.80369846547649,0.,0.595036785913893));
#6183=DIRECTION('',(-0.595036785913893,0.,0.80369846547649));
#6184=DIRECTION('',(0.,-1.,0.));
#6185=DIRECTION('',(0.788989475784592,0.,0.614406711471444));
#6186=DIRECTION('',(-0.614406711471444,0.,0.788989475784592));
#6187=DIRECTION('',(0.,-1.,0.));
#6188=DIRECTION('',(0.773622018449858,0.,0.633647356634247));
#6189=DIRECTION('',(-0.633647356634247,0.,0.773622018449858));
#6190=DIRECTION('',(0.,-1.,0.));
#6191=DIRECTION('',(0.75762489176315,0.,0.652690220074482));
#6192=DIRECTION('',(-0.652690220074482,0.,0.75762489176315));
#6193=DIRECTION('',(0.,-1.,0.));
#6194=DIRECTION('',(0.741033946795271,0.,0.671467564143662));
#6195=DIRECTION('',(-0.671467564143662,0.,0.741033946795271));
#6196=DIRECTION('',(0.,-1.,0.));
#6197=DIRECTION('',(0.723891797939785,0.,0.689913519852673));
#6198=DIRECTION('',(-0.689913519852673,0.,0.723891797939785));
#6199=DIRECTION('',(0.,-1.,0.));
#6200=DIRECTION('',(0.706247346523213,0.,0.707965172539526));
#6201=DIRECTION('',(-0.707965172539526,0.,0.706247346523213));
#6202=DIRECTION('',(0.,-1.,0.));
#6203=DIRECTION('',(0.688155127861213,0.,0.725563587839355));
#6204=DIRECTION('',(-0.725563587839355,0.,0.688155127861213));
#6205=DIRECTION('',(0.,-1.,0.));
#6206=DIRECTION('',(0.669674501406968,0.,0.742654739542763));
#6207=DIRECTION('',(-0.742654739542763,0.,0.669674501406968));
#6208=DIRECTION('',(0.,-1.,0.));
#6209=DIRECTION('',(0.650868711890617,0.,0.759190305445116));
#6210=DIRECTION('',(-0.759190305445116,0.,0.650868711890617));
#6211=DIRECTION('',(0.,-1.,0.));
#6212=DIRECTION('',(0.631803855884924,0.,0.775128304017433));
#6213=DIRECTION('',(-0.775128304017433,0.,0.631803855884924));
#6214=DIRECTION('',(0.,-1.,0.));
#6215=DIRECTION('',(0.612547792514591,0.,0.790433553112152));
#6216=DIRECTION('',(-0.790433553112152,0.,0.612547792514591));
#6217=DIRECTION('',(0.,-1.,0.));
#6218=DIRECTION('',(0.593169038745197,0.,0.805077941241778));
#6219=DIRECTION('',(-0.805077941241778,0.,0.593169038745197));
#6220=DIRECTION('',(0.,-1.,0.));
#6221=DIRECTION('',(0.573735688796987,0.,0.819040511452667));
#6222=DIRECTION('',(-0.819040511452667,0.,0.573735688796987));
#6223=DIRECTION('',(0.,-1.,0.));
#6224=DIRECTION('',(0.554314393935584,0.,0.832307366707653));
#6225=DIRECTION('',(-0.832307366707653,0.,0.554314393935584));
#6226=DIRECTION('',(0.,-1.,0.));
#6227=DIRECTION('',(0.53496943361957,0.,0.844871413348065));
#6228=DIRECTION('',(-0.844871413348065,0.,0.53496943361957));
#6229=DIRECTION('',(0.,-1.,0.));
#6230=DIRECTION('',(0.515761902306798,0.,0.856731965161142));
#6231=DIRECTION('',(-0.856731965161142,0.,0.515761902306798));
#6232=DIRECTION('',(0.,-1.,0.));
#6233=DIRECTION('',(0.49674902877712,0.,0.867894234575267));
#6234=DIRECTION('',(-0.867894234575267,0.,0.49674902877712));
#6235=DIRECTION('',(0.,-1.,0.));
#6236=DIRECTION('',(0.47798363725228,0.,0.878368739493318));
#6237=DIRECTION('',(-0.878368739493318,0.,0.47798363725228));
#6238=DIRECTION('',(0.,-1.,0.));
#6239=DIRECTION('',(0.459513752441351,0.,0.88817065438871));
#6240=DIRECTION('',(-0.88817065438871,0.,0.459513752441351));
#6241=DIRECTION('',(0.,-1.,0.));
#6242=DIRECTION('',(0.441382344347249,0.,0.89731913280534));
#6243=DIRECTION('',(-0.89731913280534,0.,0.441382344347249));
#6244=DIRECTION('',(0.,-1.,0.));
#6245=DIRECTION('',(0.423627203529289,0.,0.905836625683658));
#6246=DIRECTION('',(-0.905836625683658,0.,0.423627203529289));
#6247=DIRECTION('',(0.,-1.,0.));
#6248=DIRECTION('',(0.406280933670551,0.,0.91374821637899));
#6249=DIRECTION('',(-0.91374821637899,0.,0.406280933670551));
#6250=DIRECTION('',(0.,-1.,0.));
#6251=DIRECTION('',(0.389371045765998,0.,0.921080989229011));
#6252=DIRECTION('',(-0.921080989229011,0.,0.389371045765998));
#6253=DIRECTION('',(0.,-1.,0.));
#6254=DIRECTION('',(0.37292013692947,0.,0.927863444410063));
#6255=DIRECTION('',(-0.927863444410063,0.,0.37292013692947));
#6256=DIRECTION('',(0.,-1.,0.));
#6257=DIRECTION('',(0.356946136562019,0.,0.934124967867495));
#6258=DIRECTION('',(-0.934124967867495,0.,0.356946136562019));
#6259=DIRECTION('',(0.,-1.,0.));
#6260=DIRECTION('',(0.341462603216758,0.,0.939895361518736));
#6261=DIRECTION('',(-0.939895361518736,0.,0.341462603216758));
#6262=DIRECTION('',(0.,-1.,0.));
#6263=DIRECTION('',(0.326479056725999,0.,0.945204435833488));
#6264=DIRECTION('',(-0.945204435833488,0.,0.326479056725999));
#6265=DIRECTION('',(0.,-1.,0.));
#6266=DIRECTION('',(0.312001331813246,0.,0.950081664356681));
#6267=DIRECTION('',(-0.950081664356681,0.,0.312001331813246));
#6268=DIRECTION('',(0.,-1.,0.));
#6269=DIRECTION('',(0.298031941305911,0.,0.954555897766825));
#6270=DIRECTION('',(-0.954555897766825,0.,0.298031941305911));
#6271=DIRECTION('',(0.,-1.,0.));
#6272=DIRECTION('',(0.284570439048822,0.,0.958655133621867));
#6273=DIRECTION('',(-0.958655133621867,0.,0.284570439048822));
#6274=DIRECTION('',(0.,-1.,0.));
#6275=DIRECTION('',(0.271613774558549,0.,0.962406336985609));
#6276=DIRECTION('',(-0.962406336985609,0.,0.271613774558549));
#6277=DIRECTION('',(0.,-1.,0.));
#6278=DIRECTION('',(0.259156633284176,0.,0.965835306573958));
#6279=DIRECTION('',(-0.965835306573958,0.,0.259156633284176));
#6280=DIRECTION('',(0.,-1.,0.));
#6281=DIRECTION('',(0.247191757980837,0.,0.968966580840817));
#6282=DIRECTION('',(-0.968966580840817,0.,0.247191757980837));
#6283=DIRECTION('',(0.,-1.,0.));
#6284=DIRECTION('',(0.235710248135126,0.,0.971823378461373));
#6285=DIRECTION('',(-0.971823378461373,0.,0.235710248135126));
#6286=DIRECTION('',(0.,-1.,0.));
#6287=DIRECTION('',(0.224701835594969,0.,0.974427567898329));
#6288=DIRECTION('',(-0.974427567898329,0.,0.224701835594969));
#6289=DIRECTION('',(0.,-1.,0.));
#6290=DIRECTION('',(0.214155135548528,0.,0.976799661096477));
#6291=DIRECTION('',(-0.976799661096477,0.,0.214155135548528));
#6292=DIRECTION('',(0.,-1.,0.));
#6293=DIRECTION('',(0.204057872790116,0.,0.978958826791185));
#6294=DIRECTION('',(-0.978958826791185,0.,0.204057872790116));
#6295=DIRECTION('',(0.,-1.,0.));
#6296=DIRECTION('',(0.194397083818919,0.,0.980922919399226));
#6297=DIRECTION('',(-0.980922919399226,0.,0.194397083818919));
#6298=DIRECTION('',(0.,-1.,0.));
#6299=DIRECTION('',(0.185159295765411,0.,0.982708519954751));
#6300=DIRECTION('',(-0.982708519954751,0.,0.185159295765411));
#6301=DIRECTION('',(0.,-1.,0.));
#6302=DIRECTION('',(0.176330683454338,0.,0.984330986036976));
#6303=DIRECTION('',(-0.984330986036976,0.,0.176330683454338));
#6304=DIRECTION('',(0.,-1.,0.));
#6305=DIRECTION('',(0.167897206115983,0.,0.985804508093997));
#6306=DIRECTION('',(-0.985804508093997,0.,0.167897206115983));
#6307=DIRECTION('',(0.,-1.,0.));
#6308=DIRECTION('',(0.159844725369198,0.,0.987142169989534));
#6309=DIRECTION('',(-0.987142169989534,0.,0.159844725369198));
#6310=DIRECTION('',(0.,-1.,0.));
#6311=DIRECTION('',(0.152159106143869,0.,0.988356011980247));
#6312=DIRECTION('',(-0.988356011980247,0.,0.152159106143869));
#6313=DIRECTION('',(0.,-1.,0.));
#6314=DIRECTION('',(0.14482630219606,0.,0.989457094669706));
#6315=DIRECTION('',(-0.989457094669706,0.,0.14482630219606));
#6316=DIRECTION('',(0.,-1.,0.));
#6317=DIRECTION('',(0.137832427823592,0.,0.990455562779196));
#6318=DIRECTION('',(-0.990455562779196,0.,0.137832427823592));
#6319=DIRECTION('',(0.,-1.,0.));
#6320=DIRECTION('',(0.131163817306239,0.,0.99136070783023));
#6321=DIRECTION('',(-0.99136070783023,0.,0.131163817306239));
#6322=DIRECTION('',(0.,-1.,0.));
#6323=DIRECTION('',(0.12480707350456,0.,0.992181029048241));
#6324=DIRECTION('',(-0.992181029048241,0.,0.12480707350456));
#6325=DIRECTION('',(0.,-1.,0.));
#6326=DIRECTION('',(0.11874910693937,0.,0.992924291978549));
#6327=DIRECTION('',(-0.992924291978549,0.,0.11874910693937));
#6328=DIRECTION('',(0.,-1.,0.));
#6329=DIRECTION('',(0.112977166567247,0.,0.993597584454812));
#6330=DIRECTION('',(-0.993597584454812,0.,0.112977166567247));
#6331=DIRECTION('',(0.,-1.,0.));
#6332=DIRECTION('',(0.107478863351639,0.,0.994207369683327));
#6333=DIRECTION('',(-0.994207369683327,0.,0.107478863351639));
#6334=DIRECTION('',(0.,-1.,0.));
#6335=DIRECTION('',(0.102242187622267,0.,0.994759536305239));
#6336=DIRECTION('',(-0.994759536305239,0.,0.102242187622267));
#6337=DIRECTION('',(0.,-1.,0.));
#6338=DIRECTION('',(0.0972555211097018,0.,0.995259445377777));
#6339=DIRECTION('',(-0.995259445377777,0.,0.0972555211097018));
#6340=DIRECTION('',(0.,-1.,0.));
#6341=DIRECTION('',(0.0925076444435388,0.,0.995711974277455));
#6342=DIRECTION('',(-0.995711974277455,0.,0.0925076444435388));
#6343=DIRECTION('',(0.,-1.,0.));
#6344=DIRECTION('',(0.0879877408117845,0.,0.9961215575756));
#6345=DIRECTION('',(-0.9961215575756,0.,0.0879877408117845));
#6346=DIRECTION('',(0.,-1.,0.));
#6347=DIRECTION('',(0.0836853963947164,0.,0.996492224972307));
#6348=DIRECTION('',(-0.996492224972307,0.,0.0836853963947164));
#6349=DIRECTION('',(0.,-1.,0.));
#6350=DIRECTION('',(0.0795905981101764,0.,0.996827636400829));
#6351=DIRECTION('',(-0.996827636400829,0.,0.0795905981101764));
#6352=DIRECTION('',(0.,-1.,0.));
#6353=DIRECTION('',(0.0756937291382371,0.,0.997131114432374));
#6354=DIRECTION('',(-0.997131114432374,0.,0.0756937291382371));
#6355=DIRECTION('',(0.,-1.,0.));
#6356=DIRECTION('',(1.,0.,0.));
#6357=DIRECTION('',(0.,-1.,0.));
#6358=DIRECTION('',(1.,0.,0.));
#6359=DIRECTION('',(0.,-1.,0.));
#6360=DIRECTION('',(1.,0.,0.));
#6361=DIRECTION('',(0.,-1.,0.));
#6362=DIRECTION('',(1.,0.,0.));
#6363=DIRECTION('',(0.,-1.,0.));
#6364=DIRECTION('',(1.,0.,0.));
#6365=DIRECTION('',(0.,1.,0.));
#6366=DIRECTION('',(-1.,0.,0.));
#6367=DIRECTION('',(0.,1.,0.));
#6368=DIRECTION('',(-1.,0.,0.));
#6369=DIRECTION('',(0.,1.,0.));
#6370=DIRECTION('',(-1.,0.,0.));
#6371=DIRECTION('',(0.,1.,0.));
#6372=DIRECTION('',(-1.,0.,0.));
#6373=DIRECTION('',(0.,1.,0.));
#6374=DIRECTION('',(-1.,0.,0.));
#6375=DIRECTION('',(0.,1.,0.));
#6376=DIRECTION('',(-1.,0.,0.));
#6377=DIRECTION('',(0.,1.,0.));
#6378=DIRECTION('',(-1.,0.,0.));
#6379=DIRECTION('',(0.,1.,0.));
#6380=DIRECTION('',(-1.,0.,0.));
#6381=DIRECTION('',(0.,1.,0.));
#6382=DIRECTION('',(-1.,0.,0.));
#6383=DIRECTION('',(0.,1.,0.));
#6384=DIRECTION('',(-1.,0.,0.));
#6385=DIRECTION('',(0.,1.,0.));
#6386=DIRECTION('',(-1.,0.,0.));
#6387=DIRECTION('',(0.,1.,0.));
#6388=DIRECTION('',(-1.,0.,0.));
#6389=DIRECTION('',(0.,1.,0.));
#6390=DIRECTION('',(-1.,0.,0.));
#6391=DIRECTION('',(0.,1.,0.));
#6392=DIRECTION('',(-1.,0.,0.));
#6393=DIRECTION('',(0.,1.,0.));
#6394=DIRECTION('',(-1.,0.,0.));
#6395=DIRECTION('',(0.,1.,0.));
#6396=DIRECTION('',(-1.,0.,0.));
#6397=DIRECTION('',(0.,1.,0.));
#6398=DIRECTION('',(-1.,0.,0.));
#6399=DIRECTION('',(0.,1.,0.));
#6400=DIRECTION('',(-1.,0.,0.));
#6401=DIRECTION('',(0.,1.,0.));
#6402=DIRECTION('',(-1.,0.,0.));
#6403=DIRECTION('',(0.,1.,0.));
#6404=DIRECTION('',(-1.,0.,0.));
#6405=DIRECTION('',(0.,1.,0.));
#6406=DIRECTION('',(-1.,0.,0.));
#6407=DIRECTION('',(0.,1.,0.));
#6408=DIRECTION('',(-1.,0.,0.));
#6409=DIRECTION('',(0.,1.,0.));
#6410=DIRECTION('',(-1.,0.,0.));
#6411=DIRECTION('',(0.,1.,0.));
#6412=DIRECTION('',(-1.,0.,0.));
#6413=DIRECTION('',(0.,1.,0.));
#6414=DIRECTION('',(-1.,0.,0.));
#6415=DIRECTION('',(0.,1.,0.));
#6416=DIRECTION('',(-1.,0.,0.));
#6417=DIRECTION('',(0.,1.,0.));
#6418=DIRECTION('',(-1.,0.,0.));
#6419=DIRECTION('',(0.,1.,0.));
#6420=DIRECTION('',(-1.,0.,0.));
#6421=DIRECTION('',(0.,1.,0.));
#6422=DIRECTION('',(-1.,0.,0.));
#6423=DIRECTION('',(0.,1.,0.));
#6424=DIRECTION('',(-1.,0.,0.));
#6425=DIRECTION('',(0.,1.,0.));
#6426=DIRECTION('',(-1.,0.,0.));
#6427=DIRECTION('',(0.,1.,0.));
#6428=DIRECTION('',(-1.,0.,0.));
#6429=DIRECTION('',(0.,1.,0.));
#6430=DIRECTION('',(-1.,0.,0.));
#6431=DIRECTION('',(0.,1.,0.));
#6432=DIRECTION('',(-1.,0.,0.));
#6433=DIRECTION('',(0.,1.,0.));
#6434=DIRECTION('',(-1.,0.,0.));
#6435=DIRECTION('',(0.,1.,0.));
#6436=DIRECTION('',(-1.,0.,0.));
#6437=DIRECTION('',(0.,1.,0.));
#6438=DIRECTION('',(-1.,0.,0.));
#6439=DIRECTION('',(0.,1.,0.));
#6440=DIRECTION('',(-1.,0.,0.));
#6441=DIRECTION('',(0.,1.,0.));
#6442=DIRECTION('',(-1.,0.,0.));
#6443=DIRECTION('',(0.,1.,0.));
#6444=DIRECTION('',(-1.,0.,0.));
#6445=DIRECTION('',(0.,-1.,-6.12323399573677E-17));
#6446=DIRECTION('',(0.,6.12323399573677E-17,-1.));
#6447=DIRECTION('',(0.,-1.,-6.12323399573677E-17));
#6448=DIRECTION('',(0.,6.12323399573677E-17,-1.));
#6449=DIRECTION('',(0.,-1.,-6.12323399573677E-17));
#6450=DIRECTION('',(0.,6.12323399573677E-17,-1.));
#6451=DIRECTION('',(0.,-1.,-6.12323399573677E-17));
#6452=DIRECTION('',(0.,6.12323399573677E-17,-1.));
#6453=CARTESIAN_POINT('',(0.,0.,0.));
#6454=CARTESIAN_POINT('',(-0.564946322482543,-0.014,-0.377918817469338));
#6455=CARTESIAN_POINT('',(-0.564946322482543,-0.016,-0.377918817469338));
#6456=CARTESIAN_POINT('',(-0.565026838758729,-0.014,-0.38));
#6457=CARTESIAN_POINT('',(-0.565026838758729,-0.016,-0.38));
#6458=CARTESIAN_POINT('',(-0.564946322482542,-0.014,-0.382081182530662));
#6459=CARTESIAN_POINT('',(-0.564946322482542,-0.016,-0.382081182530662));
#6460=CARTESIAN_POINT('',(-0.564603400181746,-0.014,-0.384964314945896));
#6461=CARTESIAN_POINT('',(-0.564603400181746,-0.016,-0.384964314945896));
#6462=CARTESIAN_POINT('',(-0.563692255806038,-0.014,-0.388719826638201));
#6463=CARTESIAN_POINT('',(-0.563692255806038,-0.016,-0.388719826638201));
#6464=CARTESIAN_POINT('',(-0.561684285772057,-0.014,-0.393473852521178));
#6465=CARTESIAN_POINT('',(-0.561684285772057,-0.016,-0.393473852521178));
#6466=CARTESIAN_POINT('',(-0.557579765040487,-0.014,-0.400106439411408));
#6467=CARTESIAN_POINT('',(-0.557579765040487,-0.016,-0.400106439411408));
#6468=CARTESIAN_POINT('',(-0.549360685775332,-0.014,-0.408872782691438));
#6469=CARTESIAN_POINT('',(-0.549360685775332,-0.016,-0.408872782691438));
#6470=CARTESIAN_POINT('',(-0.533221316454593,-0.014,-0.419683788366487));
#6471=CARTESIAN_POINT('',(-0.533221316454593,-0.016,-0.419683788366487));
#6472=CARTESIAN_POINT('',(-0.509754048406295,-0.014,-0.429992063842614));
#6473=CARTESIAN_POINT('',(-0.509754048406295,-0.016,-0.429992063842614));
#6474=CARTESIAN_POINT('',(-0.478721394029815,-0.014,-0.43870412064662));
#6475=CARTESIAN_POINT('',(-0.478721394029815,-0.016,-0.43870412064662));
#6476=CARTESIAN_POINT('',(-0.441242728415623,-0.014,-0.44460321827679));
#6477=CARTESIAN_POINT('',(-0.441242728415623,-0.016,-0.44460321827679));
#6478=CARTESIAN_POINT('',(-0.4,-0.014,-0.446698390861605));
#6479=CARTESIAN_POINT('',(-0.4,-0.016,-0.446698390861605));
#6480=CARTESIAN_POINT('',(-0.358757271584377,-0.014,-0.44460321827679));
#6481=CARTESIAN_POINT('',(-0.358757271584377,-0.016,-0.44460321827679));
#6482=CARTESIAN_POINT('',(-0.321278605970185,-0.014,-0.43870412064662));
#6483=CARTESIAN_POINT('',(-0.321278605970185,-0.016,-0.43870412064662));
#6484=CARTESIAN_POINT('',(-0.290245951593705,-0.014,-0.429992063842614));
#6485=CARTESIAN_POINT('',(-0.290245951593705,-0.016,-0.429992063842614));
#6486=CARTESIAN_POINT('',(-0.266778683545407,-0.014,-0.419683788366487));
#6487=CARTESIAN_POINT('',(-0.266778683545407,-0.016,-0.419683788366487));
#6488=CARTESIAN_POINT('',(-0.250639314224668,-0.014,-0.408872782691438));
#6489=CARTESIAN_POINT('',(-0.250639314224668,-0.016,-0.408872782691438));
#6490=CARTESIAN_POINT('',(-0.242420234959513,-0.014,-0.400106439411408));
#6491=CARTESIAN_POINT('',(-0.242420234959513,-0.016,-0.400106439411408));
#6492=CARTESIAN_POINT('',(-0.238315714227942,-0.014,-0.393473852521178));
#6493=CARTESIAN_POINT('',(-0.238315714227942,-0.016,-0.393473852521178));
#6494=CARTESIAN_POINT('',(-0.236307744193962,-0.014,-0.388719826638201));
#6495=CARTESIAN_POINT('',(-0.236307744193962,-0.016,-0.388719826638201));
#6496=CARTESIAN_POINT('',(-0.235396599818253,-0.014,-0.384964314945896));
#6497=CARTESIAN_POINT('',(-0.235396599818253,-0.016,-0.384964314945896));
#6498=CARTESIAN_POINT('',(-0.235053677517458,-0.014,-0.382081182530662));
#6499=CARTESIAN_POINT('',(-0.235053677517458,-0.016,-0.382081182530662));
#6500=CARTESIAN_POINT('',(-0.234973161241271,-0.014,-0.38));
#6501=CARTESIAN_POINT('',(-0.234973161241271,-0.016,-0.38));
#6502=CARTESIAN_POINT('',(-0.235053677517458,-0.014,-0.377918817469338));
#6503=CARTESIAN_POINT('',(-0.235053677517458,-0.016,-0.377918817469338));
#6504=CARTESIAN_POINT('',(-0.235396599818253,-0.014,-0.375035685054104));
#6505=CARTESIAN_POINT('',(-0.235396599818253,-0.016,-0.375035685054104));
#6506=CARTESIAN_POINT('',(-0.236307744193962,-0.014,-0.3712801733618));
#6507=CARTESIAN_POINT('',(-0.236307744193962,-0.016,-0.3712801733618));
#6508=CARTESIAN_POINT('',(-0.238315714227942,-0.014,-0.366526147478822));
#6509=CARTESIAN_POINT('',(-0.238315714227942,-0.016,-0.366526147478822));
#6510=CARTESIAN_POINT('',(-0.242420234959513,-0.014,-0.359893560588592));
#6511=CARTESIAN_POINT('',(-0.242420234959513,-0.016,-0.359893560588592));
#6512=CARTESIAN_POINT('',(-0.250639314224668,-0.014,-0.351127217308562));
#6513=CARTESIAN_POINT('',(-0.250639314224668,-0.016,-0.351127217308562));
#6514=CARTESIAN_POINT('',(-0.266778683545407,-0.014,-0.340316211633513));
#6515=CARTESIAN_POINT('',(-0.266778683545407,-0.016,-0.340316211633513));
#6516=CARTESIAN_POINT('',(-0.290245951593705,-0.014,-0.330007936157386));
#6517=CARTESIAN_POINT('',(-0.290245951593705,-0.016,-0.330007936157386));
#6518=CARTESIAN_POINT('',(-0.321278605970185,-0.014,-0.32129587935338));
#6519=CARTESIAN_POINT('',(-0.321278605970185,-0.016,-0.32129587935338));
#6520=CARTESIAN_POINT('',(-0.358757271584377,-0.014,-0.31539678172321));
#6521=CARTESIAN_POINT('',(-0.358757271584377,-0.016,-0.31539678172321));
#6522=CARTESIAN_POINT('',(-0.4,-0.014,-0.313301609138395));
#6523=CARTESIAN_POINT('',(-0.4,-0.016,-0.313301609138395));
#6524=CARTESIAN_POINT('',(-0.441242728415623,-0.014,-0.31539678172321));
#6525=CARTESIAN_POINT('',(-0.441242728415623,-0.016,-0.31539678172321));
#6526=CARTESIAN_POINT('',(-0.478721394029815,-0.014,-0.32129587935338));
#6527=CARTESIAN_POINT('',(-0.478721394029815,-0.016,-0.32129587935338));
#6528=CARTESIAN_POINT('',(-0.509754048406295,-0.014,-0.330007936157387));
#6529=CARTESIAN_POINT('',(-0.509754048406295,-0.016,-0.330007936157387));
#6530=CARTESIAN_POINT('',(-0.533221316454593,-0.014,-0.340316211633513));
#6531=CARTESIAN_POINT('',(-0.533221316454593,-0.016,-0.340316211633513));
#6532=CARTESIAN_POINT('',(-0.549360685775332,-0.014,-0.351127217308562));
#6533=CARTESIAN_POINT('',(-0.549360685775332,-0.016,-0.351127217308562));
#6534=CARTESIAN_POINT('',(-0.557579765040487,-0.014,-0.359893560588592));
#6535=CARTESIAN_POINT('',(-0.557579765040487,-0.016,-0.359893560588592));
#6536=CARTESIAN_POINT('',(-0.561684285772057,-0.014,-0.366526147478822));
#6537=CARTESIAN_POINT('',(-0.561684285772057,-0.016,-0.366526147478822));
#6538=CARTESIAN_POINT('',(-0.563692255806038,-0.014,-0.371280173361799));
#6539=CARTESIAN_POINT('',(-0.563692255806038,-0.016,-0.371280173361799));
#6540=CARTESIAN_POINT('',(-0.564603400181746,-0.014,-0.375035685054104));
#6541=CARTESIAN_POINT('',(-0.564603400181746,-0.016,-0.375035685054104));
#6542=CARTESIAN_POINT('',(-0.564946322482543,-0.014,-0.377918817469338));
#6543=CARTESIAN_POINT('',(-0.564946322482543,-0.016,-0.377918817469338));
#6544=CARTESIAN_POINT('',(-0.565026838758729,-0.014,-0.38));
#6545=CARTESIAN_POINT('',(-0.565026838758729,-0.016,-0.38));
#6546=CARTESIAN_POINT('',(-0.564946322482542,-0.014,-0.382081182530662));
#6547=CARTESIAN_POINT('',(-0.564946322482542,-0.016,-0.382081182530662));
#6548=CARTESIAN_POINT('',(-0.4,-0.016,-0.38));
#6549=CARTESIAN_POINT('',(-0.565,-0.016,-0.38));
#6550=CARTESIAN_POINT('',(-0.4,-0.014,-0.38));
#6551=CARTESIAN_POINT('',(-0.565,-0.014,-0.38));
#6552=CARTESIAN_POINT('',(0.,-0.016,-2.56679307336964E-18));
#6553=CARTESIAN_POINT('',(-0.164830435710635,-0.016,-0.369534081730239));
#6554=CARTESIAN_POINT('',(-0.167382935710636,-0.016,-0.369534081730239));
#6555=CARTESIAN_POINT('',(-0.172913776730965,-0.016,-0.398424557634056));
#6556=CARTESIAN_POINT('',(-0.175466276730965,-0.016,-0.398424557634056));
#6557=CARTESIAN_POINT('',(-0.164830435710635,-0.016,0.369534081730239));
#6558=CARTESIAN_POINT('',(-0.167382935710636,-0.016,0.369534081730239));
#6559=CARTESIAN_POINT('',(-0.172913776730965,-0.016,0.398424557634056));
#6560=CARTESIAN_POINT('',(-0.175466276730965,-0.016,0.398424557634056));
#6561=CARTESIAN_POINT('',(-0.483854732081442,-0.016,0.262009618943233));
#6562=CARTESIAN_POINT('',(-0.481302032081442,-0.016,0.262009618943233));
#6563=CARTESIAN_POINT('',(-0.468854732081442,-0.016,0.287990381056766));
#6564=CARTESIAN_POINT('',(-0.466302032081442,-0.016,0.287990381056766));
#6565=CARTESIAN_POINT('',(-0.42555346189222,-0.016,0.262990381056766));
#6566=CARTESIAN_POINT('',(-0.42300076189222,-0.016,0.262990381056766));
#6567=CARTESIAN_POINT('',(-0.44055346189222,-0.016,0.237009618943233));
#6568=CARTESIAN_POINT('',(-0.43800076189222,-0.016,0.237009618943233));
#6569=CARTESIAN_POINT('',(-0.397252191702997,-0.016,0.212009618943233));
#6570=CARTESIAN_POINT('',(-0.394699491702997,-0.016,0.212009618943233));
#6571=CARTESIAN_POINT('',(-0.382252191702997,-0.016,0.237990381056766));
#6572=CARTESIAN_POINT('',(-0.379699491702997,-0.016,0.237990381056766));
#6573=CARTESIAN_POINT('',(-0.338950921513776,-0.016,0.212990381056767));
#6574=CARTESIAN_POINT('',(-0.336398221513776,-0.016,0.212990381056767));
#6575=CARTESIAN_POINT('',(-0.353950921513776,-0.016,0.187009618943233));
#6576=CARTESIAN_POINT('',(-0.351398221513776,-0.016,0.187009618943233));
#6577=CARTESIAN_POINT('',(-0.295649651324554,-0.016,0.187990381056767));
#6578=CARTESIAN_POINT('',(-0.293096951324554,-0.016,0.187990381056767));
#6579=CARTESIAN_POINT('',(-0.310649651324554,-0.016,0.162009618943233));
#6580=CARTESIAN_POINT('',(-0.308096951324554,-0.016,0.162009618943233));
#6581=CARTESIAN_POINT('',(-0.252348381135332,-0.016,0.162990381056766));
#6582=CARTESIAN_POINT('',(-0.249795681135332,-0.016,0.162990381056766));
#6583=CARTESIAN_POINT('',(-0.267348381135332,-0.016,0.137009618943233));
#6584=CARTESIAN_POINT('',(-0.264795681135332,-0.016,0.137009618943233));
#6585=CARTESIAN_POINT('',(-0.20904711094611,-0.016,0.137990381056766));
#6586=CARTESIAN_POINT('',(-0.20649441094611,-0.016,0.137990381056766));
#6587=CARTESIAN_POINT('',(-0.22404711094611,-0.016,0.112009618943233));
#6588=CARTESIAN_POINT('',(-0.22149441094611,-0.016,0.112009618943233));
#6589=CARTESIAN_POINT('',(-0.165745840756888,-0.016,0.112990381056766));
#6590=CARTESIAN_POINT('',(-0.163193140756888,-0.016,0.112990381056766));
#6591=CARTESIAN_POINT('',(-0.180745840756888,-0.016,0.0870096189432332));
#6592=CARTESIAN_POINT('',(-0.178193140756888,-0.016,0.0870096189432332));
#6593=CARTESIAN_POINT('',(-0.137444570567666,-0.016,0.0620096189432333));
#6594=CARTESIAN_POINT('',(-0.134891870567666,-0.016,0.0620096189432333));
#6595=CARTESIAN_POINT('',(-0.122444570567666,-0.016,0.0879903810567665));
#6596=CARTESIAN_POINT('',(-0.119891870567666,-0.016,0.0879903810567665));
#6597=CARTESIAN_POINT('',(-0.0791433003784439,-0.016,0.0629903810567665));
#6598=CARTESIAN_POINT('',(-0.0765906003784439,-0.016,0.0629903810567665));
#6599=CARTESIAN_POINT('',(-0.137444570567666,-0.016,-0.0620096189432335));
#6600=CARTESIAN_POINT('',(-0.134891870567666,-0.016,-0.0620096189432335));
#6601=CARTESIAN_POINT('',(-0.0941433003784438,-0.016,-0.0370096189432335));
#6602=CARTESIAN_POINT('',(-0.0915906003784438,-0.016,-0.0370096189432335));
#6603=CARTESIAN_POINT('',(-0.0791433003784438,-0.016,-0.0629903810567667));
#6604=CARTESIAN_POINT('',(-0.0765906003784438,-0.016,-0.0629903810567667));
#6605=CARTESIAN_POINT('',(-0.094143300378444,-0.016,0.0370096189432333));
#6606=CARTESIAN_POINT('',(-0.091590600378444,-0.016,0.0370096189432333));
#6607=CARTESIAN_POINT('',(-0.122444570567666,-0.016,-0.0879903810567667));
#6608=CARTESIAN_POINT('',(-0.119891870567666,-0.016,-0.0879903810567667));
#6609=CARTESIAN_POINT('',(-0.165745840756888,-0.016,-0.112990381056767));
#6610=CARTESIAN_POINT('',(-0.163193140756888,-0.016,-0.112990381056767));
#6611=CARTESIAN_POINT('',(-0.180745840756887,-0.016,-0.0870096189432336));
#6612=CARTESIAN_POINT('',(-0.178193140756887,-0.016,-0.0870096189432336));
#6613=CARTESIAN_POINT('',(-0.224047110946109,-0.016,-0.112009618943234));
#6614=CARTESIAN_POINT('',(-0.221494410946109,-0.016,-0.112009618943234));
#6615=CARTESIAN_POINT('',(-0.20904711094611,-0.016,-0.137990381056767));
#6616=CARTESIAN_POINT('',(-0.20649441094611,-0.016,-0.137990381056767));
#6617=CARTESIAN_POINT('',(-0.252348381135332,-0.016,-0.162990381056767));
#6618=CARTESIAN_POINT('',(-0.249795681135332,-0.016,-0.162990381056767));
#6619=CARTESIAN_POINT('',(-0.267348381135332,-0.016,-0.137009618943234));
#6620=CARTESIAN_POINT('',(-0.264795681135332,-0.016,-0.137009618943234));
#6621=CARTESIAN_POINT('',(-0.310649651324553,-0.016,-0.162009618943234));
#6622=CARTESIAN_POINT('',(-0.308096951324553,-0.016,-0.162009618943234));
#6623=CARTESIAN_POINT('',(-0.295649651324553,-0.016,-0.187990381056767));
#6624=CARTESIAN_POINT('',(-0.293096951324553,-0.016,-0.187990381056767));
#6625=CARTESIAN_POINT('',(-0.353950921513776,-0.016,-0.187009618943234));
#6626=CARTESIAN_POINT('',(-0.351398221513776,-0.016,-0.187009618943234));
#6627=CARTESIAN_POINT('',(-0.338950921513776,-0.016,-0.212990381056767));
#6628=CARTESIAN_POINT('',(-0.336398221513776,-0.016,-0.212990381056767));
#6629=CARTESIAN_POINT('',(-0.382252191702997,-0.016,-0.237990381056767));
#6630=CARTESIAN_POINT('',(-0.379699491702997,-0.016,-0.237990381056767));
#6631=CARTESIAN_POINT('',(-0.397252191702997,-0.016,-0.212009618943234));
#6632=CARTESIAN_POINT('',(-0.394699491702997,-0.016,-0.212009618943234));
#6633=CARTESIAN_POINT('',(-0.440553461892219,-0.016,-0.237009618943234));
#6634=CARTESIAN_POINT('',(-0.438000761892219,-0.016,-0.237009618943234));
#6635=CARTESIAN_POINT('',(-0.425553461892219,-0.016,-0.262990381056767));
#6636=CARTESIAN_POINT('',(-0.423000761892219,-0.016,-0.262990381056767));
#6637=CARTESIAN_POINT('',(-0.468854732081441,-0.016,-0.287990381056767));
#6638=CARTESIAN_POINT('',(-0.466302032081441,-0.016,-0.287990381056767));
#6639=CARTESIAN_POINT('',(-0.483854732081441,-0.016,-0.262009618943233));
#6640=CARTESIAN_POINT('',(-0.481302032081441,-0.016,-0.262009618943233));
#6641=CARTESIAN_POINT('',(-0.57018,-0.016,-2.56679307336964E-18));
#6642=CARTESIAN_POINT('',(-0.588452840526843,-0.016,-0.5585));
#6643=CARTESIAN_POINT('',(-0.588452840526843,-0.016,0.5585));
#6644=CARTESIAN_POINT('',(-0.75,-0.016,-0.5585));
#6645=CARTESIAN_POINT('',(-0.47734715651151,-0.016,-0.5585));
#6646=CARTESIAN_POINT('',(-0.476351972279131,-0.016,-0.558424454061619));
#6647=CARTESIAN_POINT('',(-0.476351972279131,-0.016,-0.558424454061619));
#6648=CARTESIAN_POINT('',(-0.468327850865524,-0.016,-0.557783776978344));
#6649=CARTESIAN_POINT('',(-0.468327850865524,-0.016,-0.557783776978344));
#6650=CARTESIAN_POINT('',(-0.460384373206004,-0.016,-0.557116683889175));
#6651=CARTESIAN_POINT('',(-0.460384373206004,-0.016,-0.557116683889175));
#6652=CARTESIAN_POINT('',(-0.452520728817439,-0.016,-0.556422085625504));
#6653=CARTESIAN_POINT('',(-0.452520728817439,-0.016,-0.556422085625504));
#6654=CARTESIAN_POINT('',(-0.444736115362183,-0.016,-0.555698848110788));
#6655=CARTESIAN_POINT('',(-0.444736115362183,-0.016,-0.555698848110788));
#6656=CARTESIAN_POINT('',(-0.43702973856622,-0.016,-0.554945790508934));
#6657=CARTESIAN_POINT('',(-0.43702973856622,-0.016,-0.554945790508934));
#6658=CARTESIAN_POINT('',(-0.429400812138117,-0.016,-0.554161683296335));
#6659=CARTESIAN_POINT('',(-0.429400812138117,-0.016,-0.554161683296335));
#6660=CARTESIAN_POINT('',(-0.421848557688804,-0.016,-0.55334524625442));
#6661=CARTESIAN_POINT('',(-0.421848557688804,-0.016,-0.55334524625442));
#6662=CARTESIAN_POINT('',(-0.414372204652147,-0.016,-0.552495146379427));
#6663=CARTESIAN_POINT('',(-0.414372204652147,-0.016,-0.552495146379427));
#6664=CARTESIAN_POINT('',(-0.406970990206332,-0.016,-0.551609995706));
#6665=CARTESIAN_POINT('',(-0.406970990206332,-0.016,-0.551609995706));
#6666=CARTESIAN_POINT('',(-0.399644159196031,-0.016,-0.550688349041041));
#6667=CARTESIAN_POINT('',(-0.399644159196031,-0.016,-0.550688349041041));
#6668=CARTESIAN_POINT('',(-0.392390964055352,-0.016,-0.549728701604135));
#6669=CARTESIAN_POINT('',(-0.392390964055352,-0.016,-0.549728701604135));
#6670=CARTESIAN_POINT('',(-0.385210664731564,-0.016,-0.54872948657068));
#6671=CARTESIAN_POINT('',(-0.385210664731564,-0.016,-0.54872948657068));
#6672=CARTESIAN_POINT('',(-0.378102528609589,-0.016,-0.547689072513721));
#6673=CARTESIAN_POINT('',(-0.378102528609589,-0.016,-0.547689072513721));
#6674=CARTESIAN_POINT('',(-0.371065830437254,-0.016,-0.546605760740303));
#6675=CARTESIAN_POINT('',(-0.371065830437254,-0.016,-0.546605760740303));
#6676=CARTESIAN_POINT('',(-0.364099852251289,-0.016,-0.545477782518002));
#6677=CARTESIAN_POINT('',(-0.364099852251289,-0.016,-0.545477782518002));
#6678=CARTESIAN_POINT('',(-0.357203883304075,-0.016,-0.544303296187098));
#6679=CARTESIAN_POINT('',(-0.357203883304075,-0.016,-0.544303296187098));
#6680=CARTESIAN_POINT('',(-0.350377219991125,-0.016,-0.543080384153686));
#6681=CARTESIAN_POINT('',(-0.350377219991125,-0.016,-0.543080384153686));
#6682=CARTESIAN_POINT('',(-0.343619165779293,-0.016,-0.541807049758798));
#6683=CARTESIAN_POINT('',(-0.343619165779293,-0.016,-0.541807049758798));
#6684=CARTESIAN_POINT('',(-0.336929031135708,-0.016,-0.540481214018448));
#6685=CARTESIAN_POINT('',(-0.336929031135708,-0.016,-0.540481214018448));
#6686=CARTESIAN_POINT('',(-0.330306133457419,-0.016,-0.539100712229248));
#6687=CARTESIAN_POINT('',(-0.330306133457419,-0.016,-0.539100712229248));
#6688=CARTESIAN_POINT('',(-0.323749797001747,-0.016,-0.537663290434086));
#6689=CARTESIAN_POINT('',(-0.323749797001747,-0.016,-0.537663290434086));
#6690=CARTESIAN_POINT('',(-0.31725935281734,-0.016,-0.53616660174207));
#6691=CARTESIAN_POINT('',(-0.31725935281734,-0.016,-0.53616660174207));
#6692=CARTESIAN_POINT('',(-0.310834138675919,-0.016,-0.534608202496732));
#6693=CARTESIAN_POINT('',(-0.310834138675919,-0.016,-0.534608202496732));
#6694=CARTESIAN_POINT('',(-0.304473499004707,-0.016,-0.532985548286258));
#6695=CARTESIAN_POINT('',(-0.304473499004707,-0.016,-0.532985548286258));
#6696=CARTESIAN_POINT('',(-0.298176784819546,-0.016,-0.531295989789202));
#6697=CARTESIAN_POINT('',(-0.298176784819546,-0.016,-0.531295989789202));
#6698=CARTESIAN_POINT('',(-0.291943353658673,-0.016,-0.529536768448912));
#6699=CARTESIAN_POINT('',(-0.291943353658673,-0.016,-0.529536768448912));
#6700=CARTESIAN_POINT('',(-0.285772569517175,-0.016,-0.527705011969617));
#6701=CARTESIAN_POINT('',(-0.285772569517175,-0.016,-0.527705011969617));
#6702=CARTESIAN_POINT('',(-0.279663802782093,-0.016,-0.5257977296268));
#6703=CARTESIAN_POINT('',(-0.279663802782093,-0.016,-0.5257977296268));
#6704=CARTESIAN_POINT('',(-0.273616430168183,-0.016,-0.523811807384223));
#6705=CARTESIAN_POINT('',(-0.273616430168183,-0.016,-0.523811807384223));
#6706=CARTESIAN_POINT('',(-0.267629834654321,-0.016,-0.521744002809605));
#6707=CARTESIAN_POINT('',(-0.267629834654321,-0.016,-0.521744002809605));
#6708=CARTESIAN_POINT('',(-0.261703405420549,-0.016,-0.519590939780681));
#6709=CARTESIAN_POINT('',(-0.261703405420549,-0.016,-0.519590939780681));
#6710=CARTESIAN_POINT('',(-0.255836537785751,-0.016,-0.517349102972975));
#6711=CARTESIAN_POINT('',(-0.255836537785751,-0.016,-0.517349102972975));
#6712=CARTESIAN_POINT('',(-0.250028633145954,-0.016,-0.515014832120303));
#6713=CARTESIAN_POINT('',(-0.250028633145954,-0.016,-0.515014832120303));
#6714=CARTESIAN_POINT('',(-0.244279098913259,-0.016,-0.512584316038622));
#6715=CARTESIAN_POINT('',(-0.244279098913259,-0.016,-0.512584316038622));
#6716=CARTESIAN_POINT('',(-0.23858734845537,-0.016,-0.510053586403477));
#6717=CARTESIAN_POINT('',(-0.23858734845537,-0.016,-0.510053586403477));
#6718=CARTESIAN_POINT('',(-0.232952801035744,-0.016,-0.507418511270886));
#6719=CARTESIAN_POINT('',(-0.232952801035744,-0.016,-0.507418511270886));
#6720=CARTESIAN_POINT('',(-0.22737488175434,-0.016,-0.504674788331079));
#6721=CARTESIAN_POINT('',(-0.22737488175434,-0.016,-0.504674788331079));
#6722=CARTESIAN_POINT('',(-0.221853021488953,-0.016,-0.501817937884076));
#6723=CARTESIAN_POINT('',(-0.221853021488953,-0.016,-0.501817937884076));
#6724=CARTESIAN_POINT('',(-0.216386656837153,-0.016,-0.49884329552565));
#6725=CARTESIAN_POINT('',(-0.216386656837153,-0.016,-0.49884329552565));
#6726=CARTESIAN_POINT('',(-0.2109752300588,-0.016,-0.495746004531707));
#6727=CARTESIAN_POINT('',(-0.2109752300588,-0.016,-0.495746004531707));
#6728=CARTESIAN_POINT('',(-0.205618189019132,-0.016,-0.492521007928673));
#6729=CARTESIAN_POINT('',(-0.205618189019132,-0.016,-0.492521007928673));
#6730=CARTESIAN_POINT('',(-0.200314987132435,-0.016,-0.489163040236934));
#6731=CARTESIAN_POINT('',(-0.200314987132435,-0.016,-0.489163040236934));
#6732=CARTESIAN_POINT('',(-0.195065083306271,-0.016,-0.485666618873837));
#6733=CARTESIAN_POINT('',(-0.195065083306271,-0.016,-0.485666618873837));
#6734=CARTESIAN_POINT('',(-0.189867941886273,-0.016,-0.482026035202231));
#6735=CARTESIAN_POINT('',(-0.189867941886273,-0.016,-0.482026035202231));
#6736=CARTESIAN_POINT('',(-0.184723032601487,-0.016,-0.47823534520993));
#6737=CARTESIAN_POINT('',(-0.184723032601487,-0.016,-0.47823534520993));
#6738=CARTESIAN_POINT('',(-0.179629830510271,-0.016,-0.474288359804868));
#6739=CARTESIAN_POINT('',(-0.179629830510271,-0.016,-0.474288359804868));
#6740=CARTESIAN_POINT('',(-0.174587815946736,-0.016,-0.47017863471012));
#6741=CARTESIAN_POINT('',(-0.174587815946736,-0.016,-0.47017863471012));
#6742=CARTESIAN_POINT('',(-0.169596474467718,-0.016,-0.465899459942274));
#6743=CARTESIAN_POINT('',(-0.169596474467718,-0.016,-0.465899459942274));
#6744=CARTESIAN_POINT('',(-0.164655296800294,-0.016,-0.46144384885598));
#6745=CARTESIAN_POINT('',(-0.164655296800294,-0.016,-0.46144384885598));
#6746=CARTESIAN_POINT('',(-0.15976377878982,-0.016,-0.456804526736802));
#6747=CARTESIAN_POINT('',(-0.15976377878982,-0.016,-0.456804526736802));
#6748=CARTESIAN_POINT('',(-0.154921421348487,-0.016,-0.451973918923722));
#6749=CARTESIAN_POINT('',(-0.154921421348487,-0.016,-0.451973918923722));
#6750=CARTESIAN_POINT('',(-0.150127730404404,-0.016,-0.446944138441929));
#6751=CARTESIAN_POINT('',(-0.150127730404404,-0.016,-0.446944138441929));
#6752=CARTESIAN_POINT('',(-0.145382216851184,-0.016,-0.441706973125689));
#6753=CARTESIAN_POINT('',(-0.145382216851184,-0.016,-0.441706973125689));
#6754=CARTESIAN_POINT('',(-0.140684396498038,-0.016,-0.436253872210268));
#6755=CARTESIAN_POINT('',(-0.140684396498038,-0.016,-0.436253872210268));
#6756=CARTESIAN_POINT('',(-0.136033790020379,-0.016,-0.430575932371028));
#6757=CARTESIAN_POINT('',(-0.136033790020379,-0.016,-0.430575932371028));
#6758=CARTESIAN_POINT('',(-0.131429922910909,-0.016,-0.424663883186892));
#6759=CARTESIAN_POINT('',(-0.131429922910909,-0.016,-0.424663883186892));
#6760=CARTESIAN_POINT('',(-0.126872325431209,-0.016,-0.418508072004446));
#6761=CARTESIAN_POINT('',(-0.126872325431209,-0.016,-0.418508072004446));
#6762=CARTESIAN_POINT('',(-0.122360532563806,-0.016,-0.412098448177974));
#6763=CARTESIAN_POINT('',(-0.122360532563806,-0.016,-0.412098448177974));
#6764=CARTESIAN_POINT('',(-0.117894083964735,-0.016,-0.405424546659674));
#6765=CARTESIAN_POINT('',(-0.117894083964735,-0.016,-0.405424546659674));
#6766=CARTESIAN_POINT('',(-0.113472523916559,-0.016,-0.398475470913294));
#6767=CARTESIAN_POINT('',(-0.113472523916559,-0.016,-0.398475470913294));
#6768=CARTESIAN_POINT('',(-0.109095401281881,-0.016,-0.391239875123256));
#6769=CARTESIAN_POINT('',(-0.109095401281881,-0.016,-0.391239875123256));
#6770=CARTESIAN_POINT('',(-0.104762269457308,-0.016,-0.383705945670254));
#6771=CARTESIAN_POINT('',(-0.104762269457308,-0.016,-0.383705945670254));
#6772=CARTESIAN_POINT('',(-0.100472686327885,-0.016,-0.375861381843046));
#6773=CARTESIAN_POINT('',(-0.100472686327885,-0.016,-0.375861381843046));
#6774=CARTESIAN_POINT('',(-0.0962262142219881,-0.016,-0.367693375754986));
#6775=CARTESIAN_POINT('',(-0.0962262142219881,-0.016,-0.367693375754986));
#6776=CARTESIAN_POINT('',(-0.0920224198666628,-0.016,-0.359188591432474));
#6777=CARTESIAN_POINT('',(-0.0920224198666628,-0.016,-0.359188591432474));
#6778=CARTESIAN_POINT('',(-0.0878608743434219,-0.016,-0.350333143041198));
#6779=CARTESIAN_POINT('',(-0.0878608743434219,-0.016,-0.350333143041198));
#6780=CARTESIAN_POINT('',(-0.0837411530444797,-0.016,-0.341112572214612));
#6781=CARTESIAN_POINT('',(-0.0837411530444797,-0.016,-0.341112572214612));
#6782=CARTESIAN_POINT('',(-0.0796628356294295,-0.016,-0.33151182444764));
#6783=CARTESIAN_POINT('',(-0.0796628356294295,-0.016,-0.33151182444764));
#6784=CARTESIAN_POINT('',(-0.0756255059823553,-0.016,-0.321515224517053));
#6785=CARTESIAN_POINT('',(-0.0756255059823553,-0.016,-0.321515224517053));
#6786=CARTESIAN_POINT('',(-0.0716287521693755,-0.016,-0.311106450888399));
#6787=CARTESIAN_POINT('',(-0.0716287521693755,-0.016,-0.311106450888399));
#6788=CARTESIAN_POINT('',(-0.0676721663966123,-0.016,-0.300268509067695));
#6789=CARTESIAN_POINT('',(-0.0676721663966123,-0.016,-0.300268509067695));
#6790=CARTESIAN_POINT('',(-0.0637553449685843,-0.016,-0.288983703854368));
#6791=CARTESIAN_POINT('',(-0.0637553449685843,-0.016,-0.288983703854368));
#6792=CARTESIAN_POINT('',(-0.0598778882470167,-0.016,-0.277233610450153));
#6793=CARTESIAN_POINT('',(-0.0598778882470167,-0.016,-0.277233610450153));
#6794=CARTESIAN_POINT('',(-0.0560394006100659,-0.016,-0.264999044376763));
#6795=CARTESIAN_POINT('',(-0.0560394006100659,-0.016,-0.264999044376763));
#6796=CARTESIAN_POINT('',(-0.0522394904119533,-0.016,-0.25226003015323));
#6797=CARTESIAN_POINT('',(-0.0522394904119533,-0.016,-0.25226003015323));
#6798=CARTESIAN_POINT('',(-0.0484777699430059,-0.016,-0.238995768681763));
#6799=CARTESIAN_POINT('',(-0.0484777699430059,-0.016,-0.238995768681763));
#6800=CARTESIAN_POINT('',(-0.0447538553900972,-0.016,-0.225184603288884));
#6801=CARTESIAN_POINT('',(-0.0447538553900972,-0.016,-0.225184603288884));
#6802=CARTESIAN_POINT('',(-0.0410673667974861,-0.016,-0.210803984366394));
#6803=CARTESIAN_POINT('',(-0.0410673667974861,-0.016,-0.210803984366394));
#6804=CARTESIAN_POINT('',(-0.0374179280280504,-0.016,-0.195830432554428));
#6805=CARTESIAN_POINT('',(-0.0374179280280504,-0.016,-0.195830432554428));
#6806=CARTESIAN_POINT('',(-0.0338051667249082,-0.016,-0.18023950040651));
#6807=CARTESIAN_POINT('',(-0.0338051667249082,-0.016,-0.18023950040651));
#6808=CARTESIAN_POINT('',(-0.0302287142734261,-0.016,-0.164005732473992));
#6809=CARTESIAN_POINT('',(-0.0302287142734261,-0.016,-0.164005732473992));
#6810=CARTESIAN_POINT('',(-0.0266882057636093,-0.016,-0.147102623744726));
#6811=CARTESIAN_POINT('',(-0.0266882057636093,-0.016,-0.147102623744726));
#6812=CARTESIAN_POINT('',(-0.0231832799528689,-0.016,-0.129502576368106));
#6813=CARTESIAN_POINT('',(-0.0231832799528689,-0.016,-0.129502576368106));
#6814=CARTESIAN_POINT('',(-0.019713579229164,-0.016,-0.111176854595818));
#6815=CARTESIAN_POINT('',(-0.019713579229164,-0.016,-0.111176854595818));
#6816=CARTESIAN_POINT('',(-0.0162787495745145,-0.016,-0.0920955378647368));
#6817=CARTESIAN_POINT('',(-0.0162787495745145,-0.016,-0.0920955378647368));
#6818=CARTESIAN_POINT('',(-0.0128784405288795,-0.016,-0.0722274719453672));
#6819=CARTESIAN_POINT('',(-0.0128784405288795,-0.016,-0.0722274719453672));
#6820=CARTESIAN_POINT('',(-0.00951230515439998,-0.016,-0.0515402180760668));
#6821=CARTESIAN_POINT('',(-0.00951230515439998,-0.016,-0.0515402180760668));
#6822=CARTESIAN_POINT('',(-0.00618,-0.016,-0.03));
#6823=CARTESIAN_POINT('',(-0.00618,-0.016,-0.03));
#6824=CARTESIAN_POINT('',(-0.00618,-0.016,0.03));
#6825=CARTESIAN_POINT('',(-0.00618,-0.016,0.03));
#6826=CARTESIAN_POINT('',(-0.00618,-0.016,0.03));
#6827=CARTESIAN_POINT('',(-0.00951230515439998,-0.016,0.0515402180760668));
#6828=CARTESIAN_POINT('',(-0.00951230515439998,-0.016,0.0515402180760668));
#6829=CARTESIAN_POINT('',(-0.0128784405288795,-0.016,0.0722274719453672));
#6830=CARTESIAN_POINT('',(-0.0128784405288795,-0.016,0.0722274719453672));
#6831=CARTESIAN_POINT('',(-0.0162787495745145,-0.016,0.0920955378647368));
#6832=CARTESIAN_POINT('',(-0.0162787495745145,-0.016,0.0920955378647368));
#6833=CARTESIAN_POINT('',(-0.019713579229164,-0.016,0.111176854595818));
#6834=CARTESIAN_POINT('',(-0.019713579229164,-0.016,0.111176854595818));
#6835=CARTESIAN_POINT('',(-0.0231832799528689,-0.016,0.129502576368106));
#6836=CARTESIAN_POINT('',(-0.0231832799528689,-0.016,0.129502576368106));
#6837=CARTESIAN_POINT('',(-0.0266882057636093,-0.016,0.147102623744726));
#6838=CARTESIAN_POINT('',(-0.0266882057636093,-0.016,0.147102623744726));
#6839=CARTESIAN_POINT('',(-0.0302287142734261,-0.016,0.164005732473992));
#6840=CARTESIAN_POINT('',(-0.0302287142734261,-0.016,0.164005732473992));
#6841=CARTESIAN_POINT('',(-0.0338051667249082,-0.016,0.18023950040651));
#6842=CARTESIAN_POINT('',(-0.0338051667249082,-0.016,0.18023950040651));
#6843=CARTESIAN_POINT('',(-0.0374179280280504,-0.016,0.195830432554428));
#6844=CARTESIAN_POINT('',(-0.0374179280280504,-0.016,0.195830432554428));
#6845=CARTESIAN_POINT('',(-0.0410673667974861,-0.016,0.210803984366394));
#6846=CARTESIAN_POINT('',(-0.0410673667974861,-0.016,0.210803984366394));
#6847=CARTESIAN_POINT('',(-0.0447538553900972,-0.016,0.225184603288884));
#6848=CARTESIAN_POINT('',(-0.0447538553900972,-0.016,0.225184603288884));
#6849=CARTESIAN_POINT('',(-0.0484777699430059,-0.016,0.238995768681763));
#6850=CARTESIAN_POINT('',(-0.0484777699430059,-0.016,0.238995768681763));
#6851=CARTESIAN_POINT('',(-0.0522394904119533,-0.016,0.25226003015323));
#6852=CARTESIAN_POINT('',(-0.0522394904119533,-0.016,0.25226003015323));
#6853=CARTESIAN_POINT('',(-0.0560394006100659,-0.016,0.264999044376763));
#6854=CARTESIAN_POINT('',(-0.0560394006100659,-0.016,0.264999044376763));
#6855=CARTESIAN_POINT('',(-0.0598778882470167,-0.016,0.277233610450153));
#6856=CARTESIAN_POINT('',(-0.0598778882470167,-0.016,0.277233610450153));
#6857=CARTESIAN_POINT('',(-0.0637553449685843,-0.016,0.288983703854368));
#6858=CARTESIAN_POINT('',(-0.0637553449685843,-0.016,0.288983703854368));
#6859=CARTESIAN_POINT('',(-0.0676721663966123,-0.016,0.300268509067695));
#6860=CARTESIAN_POINT('',(-0.0676721663966123,-0.016,0.300268509067695));
#6861=CARTESIAN_POINT('',(-0.0716287521693755,-0.016,0.311106450888399));
#6862=CARTESIAN_POINT('',(-0.0716287521693755,-0.016,0.311106450888399));
#6863=CARTESIAN_POINT('',(-0.0756255059823553,-0.016,0.321515224517053));
#6864=CARTESIAN_POINT('',(-0.0756255059823553,-0.016,0.321515224517053));
#6865=CARTESIAN_POINT('',(-0.0796628356294295,-0.016,0.33151182444764));
#6866=CARTESIAN_POINT('',(-0.0796628356294295,-0.016,0.33151182444764));
#6867=CARTESIAN_POINT('',(-0.0837411530444797,-0.016,0.341112572214612));
#6868=CARTESIAN_POINT('',(-0.0837411530444797,-0.016,0.341112572214612));
#6869=CARTESIAN_POINT('',(-0.0878608743434219,-0.016,0.350333143041198));
#6870=CARTESIAN_POINT('',(-0.0878608743434219,-0.016,0.350333143041198));
#6871=CARTESIAN_POINT('',(-0.0920224198666628,-0.016,0.359188591432474));
#6872=CARTESIAN_POINT('',(-0.0920224198666628,-0.016,0.359188591432474));
#6873=CARTESIAN_POINT('',(-0.0962262142219881,-0.016,0.367693375754986));
#6874=CARTESIAN_POINT('',(-0.0962262142219881,-0.016,0.367693375754986));
#6875=CARTESIAN_POINT('',(-0.100472686327885,-0.016,0.375861381843046));
#6876=CARTESIAN_POINT('',(-0.100472686327885,-0.016,0.375861381843046));
#6877=CARTESIAN_POINT('',(-0.104762269457308,-0.016,0.383705945670254));
#6878=CARTESIAN_POINT('',(-0.104762269457308,-0.016,0.383705945670254));
#6879=CARTESIAN_POINT('',(-0.109095401281881,-0.016,0.391239875123256));
#6880=CARTESIAN_POINT('',(-0.109095401281881,-0.016,0.391239875123256));
#6881=CARTESIAN_POINT('',(-0.113472523916559,-0.016,0.398475470913294));
#6882=CARTESIAN_POINT('',(-0.113472523916559,-0.016,0.398475470913294));
#6883=CARTESIAN_POINT('',(-0.117894083964735,-0.016,0.405424546659674));
#6884=CARTESIAN_POINT('',(-0.117894083964735,-0.016,0.405424546659674));
#6885=CARTESIAN_POINT('',(-0.122360532563806,-0.016,0.412098448177974));
#6886=CARTESIAN_POINT('',(-0.122360532563806,-0.016,0.412098448177974));
#6887=CARTESIAN_POINT('',(-0.126872325431209,-0.016,0.418508072004446));
#6888=CARTESIAN_POINT('',(-0.126872325431209,-0.016,0.418508072004446));
#6889=CARTESIAN_POINT('',(-0.131429922910909,-0.016,0.424663883186892));
#6890=CARTESIAN_POINT('',(-0.131429922910909,-0.016,0.424663883186892));
#6891=CARTESIAN_POINT('',(-0.136033790020379,-0.016,0.430575932371028));
#6892=CARTESIAN_POINT('',(-0.136033790020379,-0.016,0.430575932371028));
#6893=CARTESIAN_POINT('',(-0.140684396498038,-0.016,0.436253872210268));
#6894=CARTESIAN_POINT('',(-0.140684396498038,-0.016,0.436253872210268));
#6895=CARTESIAN_POINT('',(-0.145382216851184,-0.016,0.441706973125689));
#6896=CARTESIAN_POINT('',(-0.145382216851184,-0.016,0.441706973125689));
#6897=CARTESIAN_POINT('',(-0.150127730404404,-0.016,0.446944138441929));
#6898=CARTESIAN_POINT('',(-0.150127730404404,-0.016,0.446944138441929));
#6899=CARTESIAN_POINT('',(-0.154921421348487,-0.016,0.451973918923722));
#6900=CARTESIAN_POINT('',(-0.154921421348487,-0.016,0.451973918923722));
#6901=CARTESIAN_POINT('',(-0.15976377878982,-0.016,0.456804526736802));
#6902=CARTESIAN_POINT('',(-0.15976377878982,-0.016,0.456804526736802));
#6903=CARTESIAN_POINT('',(-0.164655296800294,-0.016,0.46144384885598));
#6904=CARTESIAN_POINT('',(-0.164655296800294,-0.016,0.46144384885598));
#6905=CARTESIAN_POINT('',(-0.169596474467718,-0.016,0.465899459942274));
#6906=CARTESIAN_POINT('',(-0.169596474467718,-0.016,0.465899459942274));
#6907=CARTESIAN_POINT('',(-0.174587815946736,-0.016,0.47017863471012));
#6908=CARTESIAN_POINT('',(-0.174587815946736,-0.016,0.47017863471012));
#6909=CARTESIAN_POINT('',(-0.179629830510271,-0.016,0.474288359804868));
#6910=CARTESIAN_POINT('',(-0.179629830510271,-0.016,0.474288359804868));
#6911=CARTESIAN_POINT('',(-0.184723032601487,-0.016,0.47823534520993));
#6912=CARTESIAN_POINT('',(-0.184723032601487,-0.016,0.47823534520993));
#6913=CARTESIAN_POINT('',(-0.189867941886273,-0.016,0.482026035202231));
#6914=CARTESIAN_POINT('',(-0.189867941886273,-0.016,0.482026035202231));
#6915=CARTESIAN_POINT('',(-0.195065083306271,-0.016,0.485666618873837));
#6916=CARTESIAN_POINT('',(-0.195065083306271,-0.016,0.485666618873837));
#6917=CARTESIAN_POINT('',(-0.200314987132435,-0.016,0.489163040236934));
#6918=CARTESIAN_POINT('',(-0.200314987132435,-0.016,0.489163040236934));
#6919=CARTESIAN_POINT('',(-0.205618189019132,-0.016,0.492521007928673));
#6920=CARTESIAN_POINT('',(-0.205618189019132,-0.016,0.492521007928673));
#6921=CARTESIAN_POINT('',(-0.2109752300588,-0.016,0.495746004531707));
#6922=CARTESIAN_POINT('',(-0.2109752300588,-0.016,0.495746004531707));
#6923=CARTESIAN_POINT('',(-0.216386656837153,-0.016,0.49884329552565));
#6924=CARTESIAN_POINT('',(-0.216386656837153,-0.016,0.49884329552565));
#6925=CARTESIAN_POINT('',(-0.221853021488953,-0.016,0.501817937884076));
#6926=CARTESIAN_POINT('',(-0.221853021488953,-0.016,0.501817937884076));
#6927=CARTESIAN_POINT('',(-0.22737488175434,-0.016,0.504674788331079));
#6928=CARTESIAN_POINT('',(-0.22737488175434,-0.016,0.504674788331079));
#6929=CARTESIAN_POINT('',(-0.232952801035744,-0.016,0.507418511270886));
#6930=CARTESIAN_POINT('',(-0.232952801035744,-0.016,0.507418511270886));
#6931=CARTESIAN_POINT('',(-0.23858734845537,-0.016,0.510053586403477));
#6932=CARTESIAN_POINT('',(-0.23858734845537,-0.016,0.510053586403477));
#6933=CARTESIAN_POINT('',(-0.244279098913259,-0.016,0.512584316038622));
#6934=CARTESIAN_POINT('',(-0.244279098913259,-0.016,0.512584316038622));
#6935=CARTESIAN_POINT('',(-0.250028633145954,-0.016,0.515014832120303));
#6936=CARTESIAN_POINT('',(-0.250028633145954,-0.016,0.515014832120303));
#6937=CARTESIAN_POINT('',(-0.255836537785751,-0.016,0.517349102972975));
#6938=CARTESIAN_POINT('',(-0.255836537785751,-0.016,0.517349102972975));
#6939=CARTESIAN_POINT('',(-0.261703405420549,-0.016,0.519590939780681));
#6940=CARTESIAN_POINT('',(-0.261703405420549,-0.016,0.519590939780681));
#6941=CARTESIAN_POINT('',(-0.267629834654321,-0.016,0.521744002809605));
#6942=CARTESIAN_POINT('',(-0.267629834654321,-0.016,0.521744002809605));
#6943=CARTESIAN_POINT('',(-0.273616430168183,-0.016,0.523811807384223));
#6944=CARTESIAN_POINT('',(-0.273616430168183,-0.016,0.523811807384223));
#6945=CARTESIAN_POINT('',(-0.279663802782093,-0.016,0.5257977296268));
#6946=CARTESIAN_POINT('',(-0.279663802782093,-0.016,0.5257977296268));
#6947=CARTESIAN_POINT('',(-0.285772569517175,-0.016,0.527705011969617));
#6948=CARTESIAN_POINT('',(-0.285772569517175,-0.016,0.527705011969617));
#6949=CARTESIAN_POINT('',(-0.291943353658673,-0.016,0.529536768448912));
#6950=CARTESIAN_POINT('',(-0.291943353658673,-0.016,0.529536768448912));
#6951=CARTESIAN_POINT('',(-0.298176784819546,-0.016,0.531295989789202));
#6952=CARTESIAN_POINT('',(-0.298176784819546,-0.016,0.531295989789202));
#6953=CARTESIAN_POINT('',(-0.304473499004707,-0.016,0.532985548286258));
#6954=CARTESIAN_POINT('',(-0.304473499004707,-0.016,0.532985548286258));
#6955=CARTESIAN_POINT('',(-0.310834138675919,-0.016,0.534608202496732));
#6956=CARTESIAN_POINT('',(-0.310834138675919,-0.016,0.534608202496732));
#6957=CARTESIAN_POINT('',(-0.31725935281734,-0.016,0.53616660174207));
#6958=CARTESIAN_POINT('',(-0.31725935281734,-0.016,0.53616660174207));
#6959=CARTESIAN_POINT('',(-0.323749797001747,-0.016,0.537663290434086));
#6960=CARTESIAN_POINT('',(-0.323749797001747,-0.016,0.537663290434086));
#6961=CARTESIAN_POINT('',(-0.330306133457419,-0.016,0.539100712229248));
#6962=CARTESIAN_POINT('',(-0.330306133457419,-0.016,0.539100712229248));
#6963=CARTESIAN_POINT('',(-0.336929031135708,-0.016,0.540481214018448));
#6964=CARTESIAN_POINT('',(-0.336929031135708,-0.016,0.540481214018448));
#6965=CARTESIAN_POINT('',(-0.343619165779293,-0.016,0.541807049758798));
#6966=CARTESIAN_POINT('',(-0.343619165779293,-0.016,0.541807049758798));
#6967=CARTESIAN_POINT('',(-0.350377219991125,-0.016,0.543080384153686));
#6968=CARTESIAN_POINT('',(-0.350377219991125,-0.016,0.543080384153686));
#6969=CARTESIAN_POINT('',(-0.357203883304075,-0.016,0.544303296187098));
#6970=CARTESIAN_POINT('',(-0.357203883304075,-0.016,0.544303296187098));
#6971=CARTESIAN_POINT('',(-0.364099852251289,-0.016,0.545477782518002));
#6972=CARTESIAN_POINT('',(-0.364099852251289,-0.016,0.545477782518002));
#6973=CARTESIAN_POINT('',(-0.371065830437254,-0.016,0.546605760740303));
#6974=CARTESIAN_POINT('',(-0.371065830437254,-0.016,0.546605760740303));
#6975=CARTESIAN_POINT('',(-0.378102528609589,-0.016,0.547689072513721));
#6976=CARTESIAN_POINT('',(-0.378102528609589,-0.016,0.547689072513721));
#6977=CARTESIAN_POINT('',(-0.385210664731564,-0.016,0.54872948657068));
#6978=CARTESIAN_POINT('',(-0.385210664731564,-0.016,0.54872948657068));
#6979=CARTESIAN_POINT('',(-0.392390964055352,-0.016,0.549728701604135));
#6980=CARTESIAN_POINT('',(-0.392390964055352,-0.016,0.549728701604135));
#6981=CARTESIAN_POINT('',(-0.399644159196031,-0.016,0.550688349041041));
#6982=CARTESIAN_POINT('',(-0.399644159196031,-0.016,0.550688349041041));
#6983=CARTESIAN_POINT('',(-0.406970990206332,-0.016,0.551609995706));
#6984=CARTESIAN_POINT('',(-0.406970990206332,-0.016,0.551609995706));
#6985=CARTESIAN_POINT('',(-0.414372204652147,-0.016,0.552495146379427));
#6986=CARTESIAN_POINT('',(-0.414372204652147,-0.016,0.552495146379427));
#6987=CARTESIAN_POINT('',(-0.421848557688804,-0.016,0.55334524625442));
#6988=CARTESIAN_POINT('',(-0.421848557688804,-0.016,0.55334524625442));
#6989=CARTESIAN_POINT('',(-0.429400812138117,-0.016,0.554161683296335));
#6990=CARTESIAN_POINT('',(-0.429400812138117,-0.016,0.554161683296335));
#6991=CARTESIAN_POINT('',(-0.43702973856622,-0.016,0.554945790508934));
#6992=CARTESIAN_POINT('',(-0.43702973856622,-0.016,0.554945790508934));
#6993=CARTESIAN_POINT('',(-0.444736115362183,-0.016,0.555698848110788));
#6994=CARTESIAN_POINT('',(-0.444736115362183,-0.016,0.555698848110788));
#6995=CARTESIAN_POINT('',(-0.452520728817439,-0.016,0.556422085625504));
#6996=CARTESIAN_POINT('',(-0.452520728817439,-0.016,0.556422085625504));
#6997=CARTESIAN_POINT('',(-0.460384373206004,-0.016,0.557116683889175));
#6998=CARTESIAN_POINT('',(-0.460384373206004,-0.016,0.557116683889175));
#6999=CARTESIAN_POINT('',(-0.468327850865524,-0.016,0.557783776978344));
#7000=CARTESIAN_POINT('',(-0.468327850865524,-0.016,0.557783776978344));
#7001=CARTESIAN_POINT('',(-0.476351972279131,-0.016,0.558424454061619));
#7002=CARTESIAN_POINT('',(-0.476351972279131,-0.016,0.558424454061619));
#7003=CARTESIAN_POINT('',(-0.47734715651151,-0.016,0.5585));
#7004=CARTESIAN_POINT('',(-0.75,-0.016,0.5585));
#7005=CARTESIAN_POINT('',(-0.0106,-0.016,-2.56679307336964E-18));
#7006=CARTESIAN_POINT('',(-0.0086,-0.016,-2.56679307336964E-18));
#7007=CARTESIAN_POINT('',(-0.0106,-0.016,0.0125));
#7008=CARTESIAN_POINT('',(-0.0086,-0.016,0.0125));
#7009=CARTESIAN_POINT('',(-0.0106,-0.016,0.025));
#7010=CARTESIAN_POINT('',(-0.0086,-0.016,0.025));
#7011=CARTESIAN_POINT('',(-0.0106,-0.016,-0.0125));
#7012=CARTESIAN_POINT('',(-0.0086,-0.016,-0.0125));
#7013=CARTESIAN_POINT('',(-0.0106,-0.016,-0.025));
#7014=CARTESIAN_POINT('',(-0.0086,-0.016,-0.025));
#7015=CARTESIAN_POINT('',(-0.43,-0.016,-2.56679307336964E-18));
#7016=CARTESIAN_POINT('',(-0.655,-0.016,-2.56679307336964E-18));
#7017=CARTESIAN_POINT('',(-0.4,-0.016,0.38));
#7018=CARTESIAN_POINT('',(-0.565,-0.016,0.38));
#7019=CARTESIAN_POINT('',(0.,-0.014,-2.56679307336964E-18));
#7020=CARTESIAN_POINT('',(-0.164830435710635,-0.014,-0.369534081730239));
#7021=CARTESIAN_POINT('',(-0.167382935710636,-0.014,-0.369534081730239));
#7022=CARTESIAN_POINT('',(-0.172913776730965,-0.014,-0.398424557634056));
#7023=CARTESIAN_POINT('',(-0.175466276730965,-0.014,-0.398424557634056));
#7024=CARTESIAN_POINT('',(-0.164830435710635,-0.014,0.369534081730239));
#7025=CARTESIAN_POINT('',(-0.167382935710636,-0.014,0.369534081730239));
#7026=CARTESIAN_POINT('',(-0.172913776730965,-0.014,0.398424557634056));
#7027=CARTESIAN_POINT('',(-0.175466276730965,-0.014,0.398424557634056));
#7028=CARTESIAN_POINT('',(-0.483854732081442,-0.014,0.262009618943233));
#7029=CARTESIAN_POINT('',(-0.486407432081442,-0.014,0.262009618943233));
#7030=CARTESIAN_POINT('',(-0.468854732081442,-0.014,0.287990381056766));
#7031=CARTESIAN_POINT('',(-0.471407432081442,-0.014,0.287990381056766));
#7032=CARTESIAN_POINT('',(-0.42555346189222,-0.014,0.262990381056766));
#7033=CARTESIAN_POINT('',(-0.42810616189222,-0.014,0.262990381056766));
#7034=CARTESIAN_POINT('',(-0.44055346189222,-0.014,0.237009618943233));
#7035=CARTESIAN_POINT('',(-0.44310616189222,-0.014,0.237009618943233));
#7036=CARTESIAN_POINT('',(-0.397252191702997,-0.014,0.212009618943233));
#7037=CARTESIAN_POINT('',(-0.399804891702997,-0.014,0.212009618943233));
#7038=CARTESIAN_POINT('',(-0.382252191702997,-0.014,0.237990381056766));
#7039=CARTESIAN_POINT('',(-0.384804891702997,-0.014,0.237990381056766));
#7040=CARTESIAN_POINT('',(-0.338950921513776,-0.014,0.212990381056767));
#7041=CARTESIAN_POINT('',(-0.341503621513776,-0.014,0.212990381056767));
#7042=CARTESIAN_POINT('',(-0.353950921513776,-0.014,0.187009618943233));
#7043=CARTESIAN_POINT('',(-0.356503621513776,-0.014,0.187009618943233));
#7044=CARTESIAN_POINT('',(-0.295649651324554,-0.014,0.187990381056767));
#7045=CARTESIAN_POINT('',(-0.298202351324554,-0.014,0.187990381056767));
#7046=CARTESIAN_POINT('',(-0.310649651324554,-0.014,0.162009618943233));
#7047=CARTESIAN_POINT('',(-0.313202351324554,-0.014,0.162009618943233));
#7048=CARTESIAN_POINT('',(-0.252348381135332,-0.014,0.162990381056766));
#7049=CARTESIAN_POINT('',(-0.254901081135332,-0.014,0.162990381056766));
#7050=CARTESIAN_POINT('',(-0.267348381135332,-0.014,0.137009618943233));
#7051=CARTESIAN_POINT('',(-0.269901081135332,-0.014,0.137009618943233));
#7052=CARTESIAN_POINT('',(-0.20904711094611,-0.014,0.137990381056766));
#7053=CARTESIAN_POINT('',(-0.21159981094611,-0.014,0.137990381056766));
#7054=CARTESIAN_POINT('',(-0.22404711094611,-0.014,0.112009618943233));
#7055=CARTESIAN_POINT('',(-0.22659981094611,-0.014,0.112009618943233));
#7056=CARTESIAN_POINT('',(-0.165745840756888,-0.014,0.112990381056766));
#7057=CARTESIAN_POINT('',(-0.168298540756888,-0.014,0.112990381056766));
#7058=CARTESIAN_POINT('',(-0.180745840756888,-0.014,0.0870096189432332));
#7059=CARTESIAN_POINT('',(-0.183298540756888,-0.014,0.0870096189432332));
#7060=CARTESIAN_POINT('',(-0.137444570567666,-0.014,0.0620096189432333));
#7061=CARTESIAN_POINT('',(-0.139997270567666,-0.014,0.0620096189432333));
#7062=CARTESIAN_POINT('',(-0.122444570567666,-0.014,0.0879903810567665));
#7063=CARTESIAN_POINT('',(-0.124997270567666,-0.014,0.0879903810567665));
#7064=CARTESIAN_POINT('',(-0.0791433003784439,-0.014,0.0629903810567665));
#7065=CARTESIAN_POINT('',(-0.0816960003784439,-0.014,0.0629903810567665));
#7066=CARTESIAN_POINT('',(-0.137444570567666,-0.014,-0.0620096189432335));
#7067=CARTESIAN_POINT('',(-0.139997270567666,-0.014,-0.0620096189432335));
#7068=CARTESIAN_POINT('',(-0.0941433003784438,-0.014,-0.0370096189432335));
#7069=CARTESIAN_POINT('',(-0.0966960003784438,-0.014,-0.0370096189432335));
#7070=CARTESIAN_POINT('',(-0.0791433003784438,-0.014,-0.0629903810567667));
#7071=CARTESIAN_POINT('',(-0.0816960003784438,-0.014,-0.0629903810567667));
#7072=CARTESIAN_POINT('',(-0.094143300378444,-0.014,0.0370096189432333));
#7073=CARTESIAN_POINT('',(-0.096696000378444,-0.014,0.0370096189432333));
#7074=CARTESIAN_POINT('',(-0.122444570567666,-0.014,-0.0879903810567667));
#7075=CARTESIAN_POINT('',(-0.124997270567666,-0.014,-0.0879903810567667));
#7076=CARTESIAN_POINT('',(-0.165745840756888,-0.014,-0.112990381056767));
#7077=CARTESIAN_POINT('',(-0.168298540756888,-0.014,-0.112990381056767));
#7078=CARTESIAN_POINT('',(-0.180745840756887,-0.014,-0.0870096189432336));
#7079=CARTESIAN_POINT('',(-0.183298540756887,-0.014,-0.0870096189432336));
#7080=CARTESIAN_POINT('',(-0.224047110946109,-0.014,-0.112009618943234));
#7081=CARTESIAN_POINT('',(-0.226599810946109,-0.014,-0.112009618943234));
#7082=CARTESIAN_POINT('',(-0.20904711094611,-0.014,-0.137990381056767));
#7083=CARTESIAN_POINT('',(-0.21159981094611,-0.014,-0.137990381056767));
#7084=CARTESIAN_POINT('',(-0.252348381135332,-0.014,-0.162990381056767));
#7085=CARTESIAN_POINT('',(-0.254901081135332,-0.014,-0.162990381056767));
#7086=CARTESIAN_POINT('',(-0.267348381135332,-0.014,-0.137009618943234));
#7087=CARTESIAN_POINT('',(-0.269901081135332,-0.014,-0.137009618943234));
#7088=CARTESIAN_POINT('',(-0.310649651324553,-0.014,-0.162009618943234));
#7089=CARTESIAN_POINT('',(-0.313202351324553,-0.014,-0.162009618943234));
#7090=CARTESIAN_POINT('',(-0.295649651324553,-0.014,-0.187990381056767));
#7091=CARTESIAN_POINT('',(-0.298202351324553,-0.014,-0.187990381056767));
#7092=CARTESIAN_POINT('',(-0.353950921513776,-0.014,-0.187009618943234));
#7093=CARTESIAN_POINT('',(-0.356503621513776,-0.014,-0.187009618943234));
#7094=CARTESIAN_POINT('',(-0.338950921513776,-0.014,-0.212990381056767));
#7095=CARTESIAN_POINT('',(-0.341503621513776,-0.014,-0.212990381056767));
#7096=CARTESIAN_POINT('',(-0.382252191702997,-0.014,-0.237990381056767));
#7097=CARTESIAN_POINT('',(-0.384804891702997,-0.014,-0.237990381056767));
#7098=CARTESIAN_POINT('',(-0.397252191702997,-0.014,-0.212009618943234));
#7099=CARTESIAN_POINT('',(-0.399804891702997,-0.014,-0.212009618943234));
#7100=CARTESIAN_POINT('',(-0.440553461892219,-0.014,-0.237009618943234));
#7101=CARTESIAN_POINT('',(-0.443106161892219,-0.014,-0.237009618943234));
#7102=CARTESIAN_POINT('',(-0.425553461892219,-0.014,-0.262990381056767));
#7103=CARTESIAN_POINT('',(-0.428106161892219,-0.014,-0.262990381056767));
#7104=CARTESIAN_POINT('',(-0.468854732081441,-0.014,-0.287990381056767));
#7105=CARTESIAN_POINT('',(-0.471407432081441,-0.014,-0.287990381056767));
#7106=CARTESIAN_POINT('',(-0.483854732081441,-0.014,-0.262009618943233));
#7107=CARTESIAN_POINT('',(-0.486407432081441,-0.014,-0.262009618943233));
#7108=CARTESIAN_POINT('',(0.,-0.014,-0.5585));
#7109=CARTESIAN_POINT('',(-0.477347156511518,-0.014,-0.5585));
#7110=CARTESIAN_POINT('',(-0.588452840526843,-0.014,-0.5585));
#7111=CARTESIAN_POINT('',(-0.57018,-0.014,-2.56679307336964E-18));
#7112=CARTESIAN_POINT('',(-0.588452840526843,-0.014,0.5585));
#7113=CARTESIAN_POINT('',(0.,-0.014,0.5585));
#7114=CARTESIAN_POINT('',(-0.477347156511518,-0.014,0.5585));
#7115=CARTESIAN_POINT('',(-0.476351972279131,-0.014,0.558424454061619));
#7116=CARTESIAN_POINT('',(-0.476351972279131,-0.014,0.558424454061619));
#7117=CARTESIAN_POINT('',(-0.468327850865524,-0.014,0.557783776978344));
#7118=CARTESIAN_POINT('',(-0.468327850865524,-0.014,0.557783776978344));
#7119=CARTESIAN_POINT('',(-0.460384373206004,-0.014,0.557116683889175));
#7120=CARTESIAN_POINT('',(-0.460384373206004,-0.014,0.557116683889175));
#7121=CARTESIAN_POINT('',(-0.452520728817439,-0.014,0.556422085625504));
#7122=CARTESIAN_POINT('',(-0.452520728817439,-0.014,0.556422085625504));
#7123=CARTESIAN_POINT('',(-0.444736115362183,-0.014,0.555698848110788));
#7124=CARTESIAN_POINT('',(-0.444736115362183,-0.014,0.555698848110788));
#7125=CARTESIAN_POINT('',(-0.43702973856622,-0.014,0.554945790508934));
#7126=CARTESIAN_POINT('',(-0.43702973856622,-0.014,0.554945790508934));
#7127=CARTESIAN_POINT('',(-0.429400812138117,-0.014,0.554161683296335));
#7128=CARTESIAN_POINT('',(-0.429400812138117,-0.014,0.554161683296335));
#7129=CARTESIAN_POINT('',(-0.421848557688804,-0.014,0.55334524625442));
#7130=CARTESIAN_POINT('',(-0.421848557688804,-0.014,0.55334524625442));
#7131=CARTESIAN_POINT('',(-0.414372204652147,-0.014,0.552495146379427));
#7132=CARTESIAN_POINT('',(-0.414372204652147,-0.014,0.552495146379427));
#7133=CARTESIAN_POINT('',(-0.406970990206332,-0.014,0.551609995706));
#7134=CARTESIAN_POINT('',(-0.406970990206332,-0.014,0.551609995706));
#7135=CARTESIAN_POINT('',(-0.399644159196031,-0.014,0.550688349041041));
#7136=CARTESIAN_POINT('',(-0.399644159196031,-0.014,0.550688349041041));
#7137=CARTESIAN_POINT('',(-0.392390964055352,-0.014,0.549728701604135));
#7138=CARTESIAN_POINT('',(-0.392390964055352,-0.014,0.549728701604134));
#7139=CARTESIAN_POINT('',(-0.385210664731564,-0.014,0.54872948657068));
#7140=CARTESIAN_POINT('',(-0.385210664731564,-0.014,0.54872948657068));
#7141=CARTESIAN_POINT('',(-0.378102528609589,-0.014,0.547689072513721));
#7142=CARTESIAN_POINT('',(-0.378102528609589,-0.014,0.547689072513721));
#7143=CARTESIAN_POINT('',(-0.371065830437254,-0.014,0.546605760740303));
#7144=CARTESIAN_POINT('',(-0.371065830437254,-0.014,0.546605760740303));
#7145=CARTESIAN_POINT('',(-0.364099852251289,-0.014,0.545477782518002));
#7146=CARTESIAN_POINT('',(-0.364099852251289,-0.014,0.545477782518002));
#7147=CARTESIAN_POINT('',(-0.357203883304075,-0.014,0.544303296187098));
#7148=CARTESIAN_POINT('',(-0.357203883304075,-0.014,0.544303296187098));
#7149=CARTESIAN_POINT('',(-0.350377219991125,-0.014,0.543080384153686));
#7150=CARTESIAN_POINT('',(-0.350377219991125,-0.014,0.543080384153686));
#7151=CARTESIAN_POINT('',(-0.343619165779293,-0.014,0.541807049758798));
#7152=CARTESIAN_POINT('',(-0.343619165779293,-0.014,0.541807049758798));
#7153=CARTESIAN_POINT('',(-0.336929031135708,-0.014,0.540481214018448));
#7154=CARTESIAN_POINT('',(-0.336929031135708,-0.014,0.540481214018447));
#7155=CARTESIAN_POINT('',(-0.330306133457419,-0.014,0.539100712229248));
#7156=CARTESIAN_POINT('',(-0.330306133457419,-0.014,0.539100712229247));
#7157=CARTESIAN_POINT('',(-0.323749797001747,-0.014,0.537663290434086));
#7158=CARTESIAN_POINT('',(-0.323749797001747,-0.014,0.537663290434086));
#7159=CARTESIAN_POINT('',(-0.31725935281734,-0.014,0.53616660174207));
#7160=CARTESIAN_POINT('',(-0.31725935281734,-0.014,0.536166601742069));
#7161=CARTESIAN_POINT('',(-0.310834138675919,-0.014,0.534608202496732));
#7162=CARTESIAN_POINT('',(-0.310834138675919,-0.014,0.534608202496732));
#7163=CARTESIAN_POINT('',(-0.304473499004707,-0.014,0.532985548286258));
#7164=CARTESIAN_POINT('',(-0.304473499004707,-0.014,0.532985548286258));
#7165=CARTESIAN_POINT('',(-0.298176784819546,-0.014,0.531295989789202));
#7166=CARTESIAN_POINT('',(-0.298176784819546,-0.014,0.531295989789202));
#7167=CARTESIAN_POINT('',(-0.291943353658673,-0.014,0.529536768448912));
#7168=CARTESIAN_POINT('',(-0.291943353658673,-0.014,0.529536768448912));
#7169=CARTESIAN_POINT('',(-0.285772569517175,-0.014,0.527705011969617));
#7170=CARTESIAN_POINT('',(-0.285772569517175,-0.014,0.527705011969616));
#7171=CARTESIAN_POINT('',(-0.279663802782093,-0.014,0.5257977296268));
#7172=CARTESIAN_POINT('',(-0.279663802782093,-0.014,0.5257977296268));
#7173=CARTESIAN_POINT('',(-0.273616430168183,-0.014,0.523811807384223));
#7174=CARTESIAN_POINT('',(-0.273616430168183,-0.014,0.523811807384223));
#7175=CARTESIAN_POINT('',(-0.267629834654321,-0.014,0.521744002809605));
#7176=CARTESIAN_POINT('',(-0.267629834654321,-0.014,0.521744002809605));
#7177=CARTESIAN_POINT('',(-0.261703405420549,-0.014,0.519590939780681));
#7178=CARTESIAN_POINT('',(-0.261703405420549,-0.014,0.519590939780681));
#7179=CARTESIAN_POINT('',(-0.255836537785751,-0.014,0.517349102972975));
#7180=CARTESIAN_POINT('',(-0.255836537785751,-0.014,0.517349102972975));
#7181=CARTESIAN_POINT('',(-0.250028633145954,-0.014,0.515014832120303));
#7182=CARTESIAN_POINT('',(-0.250028633145954,-0.014,0.515014832120303));
#7183=CARTESIAN_POINT('',(-0.244279098913259,-0.014,0.512584316038622));
#7184=CARTESIAN_POINT('',(-0.244279098913259,-0.014,0.512584316038622));
#7185=CARTESIAN_POINT('',(-0.23858734845537,-0.014,0.510053586403477));
#7186=CARTESIAN_POINT('',(-0.23858734845537,-0.014,0.510053586403477));
#7187=CARTESIAN_POINT('',(-0.232952801035744,-0.014,0.507418511270886));
#7188=CARTESIAN_POINT('',(-0.232952801035744,-0.014,0.507418511270886));
#7189=CARTESIAN_POINT('',(-0.22737488175434,-0.014,0.504674788331079));
#7190=CARTESIAN_POINT('',(-0.22737488175434,-0.014,0.504674788331079));
#7191=CARTESIAN_POINT('',(-0.221853021488953,-0.014,0.501817937884076));
#7192=CARTESIAN_POINT('',(-0.221853021488953,-0.014,0.501817937884076));
#7193=CARTESIAN_POINT('',(-0.216386656837153,-0.014,0.49884329552565));
#7194=CARTESIAN_POINT('',(-0.216386656837153,-0.014,0.49884329552565));
#7195=CARTESIAN_POINT('',(-0.2109752300588,-0.014,0.495746004531707));
#7196=CARTESIAN_POINT('',(-0.2109752300588,-0.014,0.495746004531706));
#7197=CARTESIAN_POINT('',(-0.205618189019132,-0.014,0.492521007928673));
#7198=CARTESIAN_POINT('',(-0.205618189019132,-0.014,0.492521007928673));
#7199=CARTESIAN_POINT('',(-0.200314987132435,-0.014,0.489163040236934));
#7200=CARTESIAN_POINT('',(-0.200314987132435,-0.014,0.489163040236934));
#7201=CARTESIAN_POINT('',(-0.195065083306271,-0.014,0.485666618873837));
#7202=CARTESIAN_POINT('',(-0.195065083306271,-0.014,0.485666618873837));
#7203=CARTESIAN_POINT('',(-0.189867941886273,-0.014,0.482026035202231));
#7204=CARTESIAN_POINT('',(-0.189867941886273,-0.014,0.482026035202231));
#7205=CARTESIAN_POINT('',(-0.184723032601487,-0.014,0.47823534520993));
#7206=CARTESIAN_POINT('',(-0.184723032601487,-0.014,0.47823534520993));
#7207=CARTESIAN_POINT('',(-0.179629830510271,-0.014,0.474288359804868));
#7208=CARTESIAN_POINT('',(-0.179629830510271,-0.014,0.474288359804868));
#7209=CARTESIAN_POINT('',(-0.174587815946736,-0.014,0.47017863471012));
#7210=CARTESIAN_POINT('',(-0.174587815946736,-0.014,0.47017863471012));
#7211=CARTESIAN_POINT('',(-0.169596474467718,-0.014,0.465899459942274));
#7212=CARTESIAN_POINT('',(-0.169596474467718,-0.014,0.465899459942273));
#7213=CARTESIAN_POINT('',(-0.164655296800294,-0.014,0.46144384885598));
#7214=CARTESIAN_POINT('',(-0.164655296800294,-0.014,0.46144384885598));
#7215=CARTESIAN_POINT('',(-0.15976377878982,-0.014,0.456804526736802));
#7216=CARTESIAN_POINT('',(-0.15976377878982,-0.014,0.456804526736802));
#7217=CARTESIAN_POINT('',(-0.154921421348487,-0.014,0.451973918923722));
#7218=CARTESIAN_POINT('',(-0.154921421348487,-0.014,0.451973918923722));
#7219=CARTESIAN_POINT('',(-0.150127730404404,-0.014,0.446944138441929));
#7220=CARTESIAN_POINT('',(-0.150127730404404,-0.014,0.446944138441929));
#7221=CARTESIAN_POINT('',(-0.145382216851184,-0.014,0.441706973125689));
#7222=CARTESIAN_POINT('',(-0.145382216851184,-0.014,0.441706973125689));
#7223=CARTESIAN_POINT('',(-0.140684396498038,-0.014,0.436253872210268));
#7224=CARTESIAN_POINT('',(-0.140684396498038,-0.014,0.436253872210268));
#7225=CARTESIAN_POINT('',(-0.136033790020379,-0.014,0.430575932371028));
#7226=CARTESIAN_POINT('',(-0.136033790020379,-0.014,0.430575932371028));
#7227=CARTESIAN_POINT('',(-0.131429922910909,-0.014,0.424663883186892));
#7228=CARTESIAN_POINT('',(-0.131429922910909,-0.014,0.424663883186891));
#7229=CARTESIAN_POINT('',(-0.126872325431209,-0.014,0.418508072004446));
#7230=CARTESIAN_POINT('',(-0.126872325431209,-0.014,0.418508072004446));
#7231=CARTESIAN_POINT('',(-0.122360532563806,-0.014,0.412098448177974));
#7232=CARTESIAN_POINT('',(-0.122360532563806,-0.014,0.412098448177974));
#7233=CARTESIAN_POINT('',(-0.117894083964735,-0.014,0.405424546659674));
#7234=CARTESIAN_POINT('',(-0.117894083964735,-0.014,0.405424546659674));
#7235=CARTESIAN_POINT('',(-0.113472523916559,-0.014,0.398475470913294));
#7236=CARTESIAN_POINT('',(-0.113472523916559,-0.014,0.398475470913293));
#7237=CARTESIAN_POINT('',(-0.109095401281881,-0.014,0.391239875123256));
#7238=CARTESIAN_POINT('',(-0.109095401281881,-0.014,0.391239875123256));
#7239=CARTESIAN_POINT('',(-0.104762269457308,-0.014,0.383705945670254));
#7240=CARTESIAN_POINT('',(-0.104762269457308,-0.014,0.383705945670254));
#7241=CARTESIAN_POINT('',(-0.100472686327885,-0.014,0.375861381843046));
#7242=CARTESIAN_POINT('',(-0.100472686327885,-0.014,0.375861381843046));
#7243=CARTESIAN_POINT('',(-0.0962262142219881,-0.014,0.367693375754986));
#7244=CARTESIAN_POINT('',(-0.0962262142219881,-0.014,0.367693375754986));
#7245=CARTESIAN_POINT('',(-0.0920224198666628,-0.014,0.359188591432474));
#7246=CARTESIAN_POINT('',(-0.0920224198666628,-0.014,0.359188591432474));
#7247=CARTESIAN_POINT('',(-0.0878608743434219,-0.014,0.350333143041198));
#7248=CARTESIAN_POINT('',(-0.0878608743434219,-0.014,0.350333143041198));
#7249=CARTESIAN_POINT('',(-0.0837411530444797,-0.014,0.341112572214612));
#7250=CARTESIAN_POINT('',(-0.0837411530444797,-0.014,0.341112572214612));
#7251=CARTESIAN_POINT('',(-0.0796628356294295,-0.014,0.33151182444764));
#7252=CARTESIAN_POINT('',(-0.0796628356294295,-0.014,0.33151182444764));
#7253=CARTESIAN_POINT('',(-0.0756255059823553,-0.014,0.321515224517053));
#7254=CARTESIAN_POINT('',(-0.0756255059823553,-0.014,0.321515224517053));
#7255=CARTESIAN_POINT('',(-0.0716287521693755,-0.014,0.311106450888399));
#7256=CARTESIAN_POINT('',(-0.0716287521693755,-0.014,0.311106450888399));
#7257=CARTESIAN_POINT('',(-0.0676721663966123,-0.014,0.300268509067695));
#7258=CARTESIAN_POINT('',(-0.0676721663966123,-0.014,0.300268509067695));
#7259=CARTESIAN_POINT('',(-0.0637553449685843,-0.014,0.288983703854368));
#7260=CARTESIAN_POINT('',(-0.0637553449685843,-0.014,0.288983703854368));
#7261=CARTESIAN_POINT('',(-0.0598778882470167,-0.014,0.277233610450153));
#7262=CARTESIAN_POINT('',(-0.0598778882470167,-0.014,0.277233610450153));
#7263=CARTESIAN_POINT('',(-0.0560394006100659,-0.014,0.264999044376763));
#7264=CARTESIAN_POINT('',(-0.0560394006100659,-0.014,0.264999044376763));
#7265=CARTESIAN_POINT('',(-0.0522394904119533,-0.014,0.25226003015323));
#7266=CARTESIAN_POINT('',(-0.0522394904119533,-0.014,0.25226003015323));
#7267=CARTESIAN_POINT('',(-0.0484777699430059,-0.014,0.238995768681763));
#7268=CARTESIAN_POINT('',(-0.0484777699430059,-0.014,0.238995768681763));
#7269=CARTESIAN_POINT('',(-0.0447538553900972,-0.014,0.225184603288884));
#7270=CARTESIAN_POINT('',(-0.0447538553900972,-0.014,0.225184603288884));
#7271=CARTESIAN_POINT('',(-0.0410673667974861,-0.014,0.210803984366394));
#7272=CARTESIAN_POINT('',(-0.0410673667974861,-0.014,0.210803984366394));
#7273=CARTESIAN_POINT('',(-0.0374179280280504,-0.014,0.195830432554428));
#7274=CARTESIAN_POINT('',(-0.0374179280280504,-0.014,0.195830432554428));
#7275=CARTESIAN_POINT('',(-0.0338051667249082,-0.014,0.18023950040651));
#7276=CARTESIAN_POINT('',(-0.0338051667249082,-0.014,0.18023950040651));
#7277=CARTESIAN_POINT('',(-0.0302287142734261,-0.014,0.164005732473992));
#7278=CARTESIAN_POINT('',(-0.0302287142734261,-0.014,0.164005732473992));
#7279=CARTESIAN_POINT('',(-0.0266882057636093,-0.014,0.147102623744726));
#7280=CARTESIAN_POINT('',(-0.0266882057636093,-0.014,0.147102623744726));
#7281=CARTESIAN_POINT('',(-0.0231832799528689,-0.014,0.129502576368106));
#7282=CARTESIAN_POINT('',(-0.0231832799528689,-0.014,0.129502576368106));
#7283=CARTESIAN_POINT('',(-0.019713579229164,-0.014,0.111176854595818));
#7284=CARTESIAN_POINT('',(-0.019713579229164,-0.014,0.111176854595818));
#7285=CARTESIAN_POINT('',(-0.0162787495745145,-0.014,0.0920955378647368));
#7286=CARTESIAN_POINT('',(-0.0162787495745145,-0.014,0.0920955378647368));
#7287=CARTESIAN_POINT('',(-0.0128784405288795,-0.014,0.0722274719453672));
#7288=CARTESIAN_POINT('',(-0.0128784405288795,-0.014,0.0722274719453672));
#7289=CARTESIAN_POINT('',(-0.00951230515439998,-0.014,0.0515402180760668));
#7290=CARTESIAN_POINT('',(-0.00951230515439998,-0.014,0.0515402180760668));
#7291=CARTESIAN_POINT('',(-0.00618,-0.014,0.03));
#7292=CARTESIAN_POINT('',(-0.00618,-0.014,0.03));
#7293=CARTESIAN_POINT('',(-0.00618,-0.014,-2.56679307336964E-18));
#7294=CARTESIAN_POINT('',(-0.00618,-0.014,-0.03));
#7295=CARTESIAN_POINT('',(-0.00618,-0.014,-0.03));
#7296=CARTESIAN_POINT('',(-0.00951230515439998,-0.014,-0.0515402180760668));
#7297=CARTESIAN_POINT('',(-0.00951230515439998,-0.014,-0.0515402180760668));
#7298=CARTESIAN_POINT('',(-0.0128784405288795,-0.014,-0.0722274719453672));
#7299=CARTESIAN_POINT('',(-0.0128784405288795,-0.014,-0.0722274719453672));
#7300=CARTESIAN_POINT('',(-0.0162787495745145,-0.014,-0.0920955378647368));
#7301=CARTESIAN_POINT('',(-0.0162787495745145,-0.014,-0.0920955378647368));
#7302=CARTESIAN_POINT('',(-0.019713579229164,-0.014,-0.111176854595818));
#7303=CARTESIAN_POINT('',(-0.019713579229164,-0.014,-0.111176854595818));
#7304=CARTESIAN_POINT('',(-0.0231832799528689,-0.014,-0.129502576368106));
#7305=CARTESIAN_POINT('',(-0.0231832799528689,-0.014,-0.129502576368106));
#7306=CARTESIAN_POINT('',(-0.0266882057636093,-0.014,-0.147102623744726));
#7307=CARTESIAN_POINT('',(-0.0266882057636093,-0.014,-0.147102623744726));
#7308=CARTESIAN_POINT('',(-0.0302287142734261,-0.014,-0.164005732473992));
#7309=CARTESIAN_POINT('',(-0.0302287142734261,-0.014,-0.164005732473992));
#7310=CARTESIAN_POINT('',(-0.0338051667249082,-0.014,-0.18023950040651));
#7311=CARTESIAN_POINT('',(-0.0338051667249082,-0.014,-0.18023950040651));
#7312=CARTESIAN_POINT('',(-0.0374179280280504,-0.014,-0.195830432554428));
#7313=CARTESIAN_POINT('',(-0.0374179280280504,-0.014,-0.195830432554428));
#7314=CARTESIAN_POINT('',(-0.0410673667974861,-0.014,-0.210803984366394));
#7315=CARTESIAN_POINT('',(-0.0410673667974861,-0.014,-0.210803984366394));
#7316=CARTESIAN_POINT('',(-0.0447538553900972,-0.014,-0.225184603288884));
#7317=CARTESIAN_POINT('',(-0.0447538553900972,-0.014,-0.225184603288884));
#7318=CARTESIAN_POINT('',(-0.0484777699430059,-0.014,-0.238995768681763));
#7319=CARTESIAN_POINT('',(-0.0484777699430059,-0.014,-0.238995768681763));
#7320=CARTESIAN_POINT('',(-0.0522394904119533,-0.014,-0.25226003015323));
#7321=CARTESIAN_POINT('',(-0.0522394904119533,-0.014,-0.25226003015323));
#7322=CARTESIAN_POINT('',(-0.0560394006100659,-0.014,-0.264999044376763));
#7323=CARTESIAN_POINT('',(-0.0560394006100659,-0.014,-0.264999044376763));
#7324=CARTESIAN_POINT('',(-0.0598778882470167,-0.014,-0.277233610450153));
#7325=CARTESIAN_POINT('',(-0.0598778882470167,-0.014,-0.277233610450153));
#7326=CARTESIAN_POINT('',(-0.0637553449685843,-0.014,-0.288983703854368));
#7327=CARTESIAN_POINT('',(-0.0637553449685843,-0.014,-0.288983703854368));
#7328=CARTESIAN_POINT('',(-0.0676721663966123,-0.014,-0.300268509067695));
#7329=CARTESIAN_POINT('',(-0.0676721663966123,-0.014,-0.300268509067695));
#7330=CARTESIAN_POINT('',(-0.0716287521693755,-0.014,-0.311106450888399));
#7331=CARTESIAN_POINT('',(-0.0716287521693755,-0.014,-0.311106450888399));
#7332=CARTESIAN_POINT('',(-0.0756255059823553,-0.014,-0.321515224517053));
#7333=CARTESIAN_POINT('',(-0.0756255059823553,-0.014,-0.321515224517053));
#7334=CARTESIAN_POINT('',(-0.0796628356294295,-0.014,-0.33151182444764));
#7335=CARTESIAN_POINT('',(-0.0796628356294295,-0.014,-0.33151182444764));
#7336=CARTESIAN_POINT('',(-0.0837411530444797,-0.014,-0.341112572214612));
#7337=CARTESIAN_POINT('',(-0.0837411530444797,-0.014,-0.341112572214612));
#7338=CARTESIAN_POINT('',(-0.0878608743434219,-0.014,-0.350333143041198));
#7339=CARTESIAN_POINT('',(-0.0878608743434219,-0.014,-0.350333143041198));
#7340=CARTESIAN_POINT('',(-0.0920224198666628,-0.014,-0.359188591432474));
#7341=CARTESIAN_POINT('',(-0.0920224198666628,-0.014,-0.359188591432474));
#7342=CARTESIAN_POINT('',(-0.0962262142219881,-0.014,-0.367693375754986));
#7343=CARTESIAN_POINT('',(-0.0962262142219881,-0.014,-0.367693375754986));
#7344=CARTESIAN_POINT('',(-0.100472686327885,-0.014,-0.375861381843046));
#7345=CARTESIAN_POINT('',(-0.100472686327885,-0.014,-0.375861381843046));
#7346=CARTESIAN_POINT('',(-0.104762269457308,-0.014,-0.383705945670254));
#7347=CARTESIAN_POINT('',(-0.104762269457308,-0.014,-0.383705945670254));
#7348=CARTESIAN_POINT('',(-0.109095401281881,-0.014,-0.391239875123256));
#7349=CARTESIAN_POINT('',(-0.109095401281881,-0.014,-0.391239875123256));
#7350=CARTESIAN_POINT('',(-0.113472523916559,-0.014,-0.398475470913293));
#7351=CARTESIAN_POINT('',(-0.113472523916559,-0.014,-0.398475470913294));
#7352=CARTESIAN_POINT('',(-0.117894083964735,-0.014,-0.405424546659674));
#7353=CARTESIAN_POINT('',(-0.117894083964735,-0.014,-0.405424546659674));
#7354=CARTESIAN_POINT('',(-0.122360532563806,-0.014,-0.412098448177974));
#7355=CARTESIAN_POINT('',(-0.122360532563806,-0.014,-0.412098448177974));
#7356=CARTESIAN_POINT('',(-0.126872325431209,-0.014,-0.418508072004446));
#7357=CARTESIAN_POINT('',(-0.126872325431209,-0.014,-0.418508072004446));
#7358=CARTESIAN_POINT('',(-0.131429922910909,-0.014,-0.424663883186891));
#7359=CARTESIAN_POINT('',(-0.131429922910909,-0.014,-0.424663883186892));
#7360=CARTESIAN_POINT('',(-0.136033790020379,-0.014,-0.430575932371028));
#7361=CARTESIAN_POINT('',(-0.136033790020379,-0.014,-0.430575932371028));
#7362=CARTESIAN_POINT('',(-0.140684396498038,-0.014,-0.436253872210268));
#7363=CARTESIAN_POINT('',(-0.140684396498038,-0.014,-0.436253872210268));
#7364=CARTESIAN_POINT('',(-0.145382216851184,-0.014,-0.441706973125689));
#7365=CARTESIAN_POINT('',(-0.145382216851184,-0.014,-0.441706973125689));
#7366=CARTESIAN_POINT('',(-0.150127730404404,-0.014,-0.446944138441929));
#7367=CARTESIAN_POINT('',(-0.150127730404404,-0.014,-0.446944138441929));
#7368=CARTESIAN_POINT('',(-0.154921421348487,-0.014,-0.451973918923722));
#7369=CARTESIAN_POINT('',(-0.154921421348487,-0.014,-0.451973918923722));
#7370=CARTESIAN_POINT('',(-0.15976377878982,-0.014,-0.456804526736802));
#7371=CARTESIAN_POINT('',(-0.15976377878982,-0.014,-0.456804526736802));
#7372=CARTESIAN_POINT('',(-0.164655296800294,-0.014,-0.46144384885598));
#7373=CARTESIAN_POINT('',(-0.164655296800294,-0.014,-0.46144384885598));
#7374=CARTESIAN_POINT('',(-0.169596474467718,-0.014,-0.465899459942273));
#7375=CARTESIAN_POINT('',(-0.169596474467718,-0.014,-0.465899459942274));
#7376=CARTESIAN_POINT('',(-0.174587815946736,-0.014,-0.47017863471012));
#7377=CARTESIAN_POINT('',(-0.174587815946736,-0.014,-0.47017863471012));
#7378=CARTESIAN_POINT('',(-0.179629830510271,-0.014,-0.474288359804868));
#7379=CARTESIAN_POINT('',(-0.179629830510271,-0.014,-0.474288359804868));
#7380=CARTESIAN_POINT('',(-0.184723032601487,-0.014,-0.47823534520993));
#7381=CARTESIAN_POINT('',(-0.184723032601487,-0.014,-0.47823534520993));
#7382=CARTESIAN_POINT('',(-0.189867941886273,-0.014,-0.482026035202231));
#7383=CARTESIAN_POINT('',(-0.189867941886273,-0.014,-0.482026035202231));
#7384=CARTESIAN_POINT('',(-0.195065083306271,-0.014,-0.485666618873837));
#7385=CARTESIAN_POINT('',(-0.195065083306271,-0.014,-0.485666618873837));
#7386=CARTESIAN_POINT('',(-0.200314987132435,-0.014,-0.489163040236934));
#7387=CARTESIAN_POINT('',(-0.200314987132435,-0.014,-0.489163040236934));
#7388=CARTESIAN_POINT('',(-0.205618189019132,-0.014,-0.492521007928673));
#7389=CARTESIAN_POINT('',(-0.205618189019132,-0.014,-0.492521007928673));
#7390=CARTESIAN_POINT('',(-0.2109752300588,-0.014,-0.495746004531706));
#7391=CARTESIAN_POINT('',(-0.2109752300588,-0.014,-0.495746004531707));
#7392=CARTESIAN_POINT('',(-0.216386656837153,-0.014,-0.49884329552565));
#7393=CARTESIAN_POINT('',(-0.216386656837153,-0.014,-0.49884329552565));
#7394=CARTESIAN_POINT('',(-0.221853021488953,-0.014,-0.501817937884076));
#7395=CARTESIAN_POINT('',(-0.221853021488953,-0.014,-0.501817937884076));
#7396=CARTESIAN_POINT('',(-0.22737488175434,-0.014,-0.504674788331079));
#7397=CARTESIAN_POINT('',(-0.22737488175434,-0.014,-0.504674788331079));
#7398=CARTESIAN_POINT('',(-0.232952801035744,-0.014,-0.507418511270886));
#7399=CARTESIAN_POINT('',(-0.232952801035744,-0.014,-0.507418511270886));
#7400=CARTESIAN_POINT('',(-0.23858734845537,-0.014,-0.510053586403477));
#7401=CARTESIAN_POINT('',(-0.23858734845537,-0.014,-0.510053586403477));
#7402=CARTESIAN_POINT('',(-0.244279098913259,-0.014,-0.512584316038622));
#7403=CARTESIAN_POINT('',(-0.244279098913259,-0.014,-0.512584316038622));
#7404=CARTESIAN_POINT('',(-0.250028633145954,-0.014,-0.515014832120303));
#7405=CARTESIAN_POINT('',(-0.250028633145954,-0.014,-0.515014832120303));
#7406=CARTESIAN_POINT('',(-0.255836537785751,-0.014,-0.517349102972975));
#7407=CARTESIAN_POINT('',(-0.255836537785751,-0.014,-0.517349102972975));
#7408=CARTESIAN_POINT('',(-0.261703405420549,-0.014,-0.519590939780681));
#7409=CARTESIAN_POINT('',(-0.261703405420549,-0.014,-0.519590939780681));
#7410=CARTESIAN_POINT('',(-0.267629834654321,-0.014,-0.521744002809605));
#7411=CARTESIAN_POINT('',(-0.267629834654321,-0.014,-0.521744002809605));
#7412=CARTESIAN_POINT('',(-0.273616430168183,-0.014,-0.523811807384223));
#7413=CARTESIAN_POINT('',(-0.273616430168183,-0.014,-0.523811807384223));
#7414=CARTESIAN_POINT('',(-0.279663802782093,-0.014,-0.5257977296268));
#7415=CARTESIAN_POINT('',(-0.279663802782093,-0.014,-0.5257977296268));
#7416=CARTESIAN_POINT('',(-0.285772569517175,-0.014,-0.527705011969616));
#7417=CARTESIAN_POINT('',(-0.285772569517175,-0.014,-0.527705011969617));
#7418=CARTESIAN_POINT('',(-0.291943353658673,-0.014,-0.529536768448912));
#7419=CARTESIAN_POINT('',(-0.291943353658673,-0.014,-0.529536768448912));
#7420=CARTESIAN_POINT('',(-0.298176784819546,-0.014,-0.531295989789202));
#7421=CARTESIAN_POINT('',(-0.298176784819546,-0.014,-0.531295989789202));
#7422=CARTESIAN_POINT('',(-0.304473499004707,-0.014,-0.532985548286258));
#7423=CARTESIAN_POINT('',(-0.304473499004707,-0.014,-0.532985548286258));
#7424=CARTESIAN_POINT('',(-0.310834138675919,-0.014,-0.534608202496732));
#7425=CARTESIAN_POINT('',(-0.310834138675919,-0.014,-0.534608202496732));
#7426=CARTESIAN_POINT('',(-0.31725935281734,-0.014,-0.536166601742069));
#7427=CARTESIAN_POINT('',(-0.31725935281734,-0.014,-0.53616660174207));
#7428=CARTESIAN_POINT('',(-0.323749797001747,-0.014,-0.537663290434086));
#7429=CARTESIAN_POINT('',(-0.323749797001747,-0.014,-0.537663290434086));
#7430=CARTESIAN_POINT('',(-0.330306133457419,-0.014,-0.539100712229247));
#7431=CARTESIAN_POINT('',(-0.330306133457419,-0.014,-0.539100712229248));
#7432=CARTESIAN_POINT('',(-0.336929031135708,-0.014,-0.540481214018447));
#7433=CARTESIAN_POINT('',(-0.336929031135708,-0.014,-0.540481214018448));
#7434=CARTESIAN_POINT('',(-0.343619165779293,-0.014,-0.541807049758798));
#7435=CARTESIAN_POINT('',(-0.343619165779293,-0.014,-0.541807049758798));
#7436=CARTESIAN_POINT('',(-0.350377219991125,-0.014,-0.543080384153686));
#7437=CARTESIAN_POINT('',(-0.350377219991125,-0.014,-0.543080384153686));
#7438=CARTESIAN_POINT('',(-0.357203883304075,-0.014,-0.544303296187098));
#7439=CARTESIAN_POINT('',(-0.357203883304075,-0.014,-0.544303296187098));
#7440=CARTESIAN_POINT('',(-0.364099852251289,-0.014,-0.545477782518002));
#7441=CARTESIAN_POINT('',(-0.364099852251289,-0.014,-0.545477782518002));
#7442=CARTESIAN_POINT('',(-0.371065830437254,-0.014,-0.546605760740303));
#7443=CARTESIAN_POINT('',(-0.371065830437254,-0.014,-0.546605760740303));
#7444=CARTESIAN_POINT('',(-0.378102528609589,-0.014,-0.547689072513721));
#7445=CARTESIAN_POINT('',(-0.378102528609589,-0.014,-0.547689072513721));
#7446=CARTESIAN_POINT('',(-0.385210664731564,-0.014,-0.54872948657068));
#7447=CARTESIAN_POINT('',(-0.385210664731564,-0.014,-0.54872948657068));
#7448=CARTESIAN_POINT('',(-0.392390964055352,-0.014,-0.549728701604134));
#7449=CARTESIAN_POINT('',(-0.392390964055352,-0.014,-0.549728701604135));
#7450=CARTESIAN_POINT('',(-0.399644159196031,-0.014,-0.550688349041041));
#7451=CARTESIAN_POINT('',(-0.399644159196031,-0.014,-0.550688349041041));
#7452=CARTESIAN_POINT('',(-0.406970990206332,-0.014,-0.551609995706));
#7453=CARTESIAN_POINT('',(-0.406970990206332,-0.014,-0.551609995706));
#7454=CARTESIAN_POINT('',(-0.414372204652147,-0.014,-0.552495146379427));
#7455=CARTESIAN_POINT('',(-0.414372204652147,-0.014,-0.552495146379427));
#7456=CARTESIAN_POINT('',(-0.421848557688804,-0.014,-0.55334524625442));
#7457=CARTESIAN_POINT('',(-0.421848557688804,-0.014,-0.55334524625442));
#7458=CARTESIAN_POINT('',(-0.429400812138117,-0.014,-0.554161683296335));
#7459=CARTESIAN_POINT('',(-0.429400812138117,-0.014,-0.554161683296335));
#7460=CARTESIAN_POINT('',(-0.43702973856622,-0.014,-0.554945790508934));
#7461=CARTESIAN_POINT('',(-0.43702973856622,-0.014,-0.554945790508934));
#7462=CARTESIAN_POINT('',(-0.444736115362183,-0.014,-0.555698848110788));
#7463=CARTESIAN_POINT('',(-0.444736115362183,-0.014,-0.555698848110788));
#7464=CARTESIAN_POINT('',(-0.452520728817439,-0.014,-0.556422085625504));
#7465=CARTESIAN_POINT('',(-0.452520728817439,-0.014,-0.556422085625504));
#7466=CARTESIAN_POINT('',(-0.460384373206004,-0.014,-0.557116683889175));
#7467=CARTESIAN_POINT('',(-0.460384373206004,-0.014,-0.557116683889175));
#7468=CARTESIAN_POINT('',(-0.468327850865524,-0.014,-0.557783776978344));
#7469=CARTESIAN_POINT('',(-0.468327850865524,-0.014,-0.557783776978344));
#7470=CARTESIAN_POINT('',(-0.476351972279131,-0.014,-0.558424454061619));
#7471=CARTESIAN_POINT('',(-0.476351972279131,-0.014,-0.558424454061619));
#7472=CARTESIAN_POINT('',(-0.4,-0.014,0.38));
#7473=CARTESIAN_POINT('',(-0.565,-0.014,0.38));
#7474=CARTESIAN_POINT('',(-0.43,-0.014,-2.56679307336964E-18));
#7475=CARTESIAN_POINT('',(-0.655,-0.014,-2.56679307336964E-18));
#7476=CARTESIAN_POINT('',(-0.0106,-0.014,-0.025));
#7477=CARTESIAN_POINT('',(-0.0086,-0.014,-0.025));
#7478=CARTESIAN_POINT('',(-0.0106,-0.014,-0.0125));
#7479=CARTESIAN_POINT('',(-0.0086,-0.014,-0.0125));
#7480=CARTESIAN_POINT('',(-0.0106,-0.014,0.025));
#7481=CARTESIAN_POINT('',(-0.0086,-0.014,0.025));
#7482=CARTESIAN_POINT('',(-0.0106,-0.014,0.0125));
#7483=CARTESIAN_POINT('',(-0.0086,-0.014,0.0125));
#7484=CARTESIAN_POINT('',(-0.0106,-0.014,-2.56679307336964E-18));
#7485=CARTESIAN_POINT('',(-0.0086,-0.014,-2.56679307336964E-18));
#7486=CARTESIAN_POINT('',(-0.75,-0.016,0.5585));
#7487=CARTESIAN_POINT('',(-0.477347156511512,-0.016,0.5585));
#7488=CARTESIAN_POINT('',(-0.588452840526843,-0.016,0.5585));
#7489=CARTESIAN_POINT('',(-0.75,-0.016,-0.5585));
#7490=CARTESIAN_POINT('',(-0.588452840526843,-0.016,-0.5585));
#7491=CARTESIAN_POINT('',(-0.477347156511512,-0.016,-0.5585));
#7492=CARTESIAN_POINT('',(-0.588452840526841,-0.014,-0.558500000000001));
#7493=CARTESIAN_POINT('',(-0.588452840526841,-0.016,-0.558500000000001));
#7494=CARTESIAN_POINT('',(-0.593811887375211,-0.014,-0.555258042245329));
#7495=CARTESIAN_POINT('',(-0.593811887375211,-0.016,-0.555258042245329));
#7496=CARTESIAN_POINT('',(-0.605019139362069,-0.014,-0.545583025914121));
#7497=CARTESIAN_POINT('',(-0.605019139362069,-0.016,-0.545583025914121));
#7498=CARTESIAN_POINT('',(-0.623010641603251,-0.014,-0.518610971739099));
#7499=CARTESIAN_POINT('',(-0.623010641603251,-0.016,-0.518610971739099));
#7500=CARTESIAN_POINT('',(-0.641619831743231,-0.014,-0.47615720304338));
#7501=CARTESIAN_POINT('',(-0.641619831743231,-0.016,-0.47615720304338));
#7502=CARTESIAN_POINT('',(-0.659932676360903,-0.014,-0.415590693059976));
#7503=CARTESIAN_POINT('',(-0.659932676360903,-0.016,-0.415590693059976));
#7504=CARTESIAN_POINT('',(-0.676670447155396,-0.014,-0.33548185856365));
#7505=CARTESIAN_POINT('',(-0.676670447155396,-0.016,-0.33548185856365));
#7506=CARTESIAN_POINT('',(-0.6902921457491,-0.014,-0.23657374491007));
#7507=CARTESIAN_POINT('',(-0.6902921457491,-0.016,-0.23657374491007));
#7508=CARTESIAN_POINT('',(-0.699253871270614,-0.014,-0.122539706307428));
#7509=CARTESIAN_POINT('',(-0.699253871270614,-0.016,-0.122539706307428));
#7510=CARTESIAN_POINT('',(-0.702387250411205,-0.014,-1.23827449874436E-15));
#7511=CARTESIAN_POINT('',(-0.702387250411205,-0.016,-1.23827449874436E-15));
#7512=CARTESIAN_POINT('',(-0.699253871270614,-0.014,0.122539706307415));
#7513=CARTESIAN_POINT('',(-0.699253871270614,-0.016,0.122539706307415));
#7514=CARTESIAN_POINT('',(-0.690292145749101,-0.014,0.236573744910059));
#7515=CARTESIAN_POINT('',(-0.690292145749101,-0.016,0.236573744910059));
#7516=CARTESIAN_POINT('',(-0.676670447155398,-0.014,0.335481858563641));
#7517=CARTESIAN_POINT('',(-0.676670447155398,-0.016,0.335481858563641));
#7518=CARTESIAN_POINT('',(-0.659932676360905,-0.014,0.415590693059973));
#7519=CARTESIAN_POINT('',(-0.659932676360905,-0.016,0.415590693059973));
#7520=CARTESIAN_POINT('',(-0.641619831743232,-0.014,0.476157203043374));
#7521=CARTESIAN_POINT('',(-0.641619831743232,-0.016,0.476157203043374));
#7522=CARTESIAN_POINT('',(-0.623010641603253,-0.014,0.518610971739095));
#7523=CARTESIAN_POINT('',(-0.623010641603253,-0.016,0.518610971739095));
#7524=CARTESIAN_POINT('',(-0.605019139362071,-0.014,0.545583025914119));
#7525=CARTESIAN_POINT('',(-0.605019139362071,-0.016,0.545583025914119));
#7526=CARTESIAN_POINT('',(-0.593811887375213,-0.014,0.555258042245328));
#7527=CARTESIAN_POINT('',(-0.593811887375213,-0.016,0.555258042245328));
#7528=CARTESIAN_POINT('',(-0.588452840526843,-0.014,0.5585));
#7529=CARTESIAN_POINT('',(-0.588452840526843,-0.016,0.5585));
#7530=CARTESIAN_POINT('',(-0.476351972279131,-0.016,-0.558424454061619));
#7531=CARTESIAN_POINT('',(-0.476351972279131,-0.016,-0.558424454061619));
#7532=CARTESIAN_POINT('',(-0.468327850865524,-0.016,-0.557783776978344));
#7533=CARTESIAN_POINT('',(-0.468327850865524,-0.016,-0.557783776978344));
#7534=CARTESIAN_POINT('',(-0.460384373206004,-0.016,-0.557116683889175));
#7535=CARTESIAN_POINT('',(-0.460384373206004,-0.016,-0.557116683889175));
#7536=CARTESIAN_POINT('',(-0.452520728817439,-0.016,-0.556422085625504));
#7537=CARTESIAN_POINT('',(-0.452520728817439,-0.016,-0.556422085625504));
#7538=CARTESIAN_POINT('',(-0.444736115362183,-0.016,-0.555698848110788));
#7539=CARTESIAN_POINT('',(-0.444736115362183,-0.016,-0.555698848110788));
#7540=CARTESIAN_POINT('',(-0.43702973856622,-0.016,-0.554945790508934));
#7541=CARTESIAN_POINT('',(-0.43702973856622,-0.016,-0.554945790508934));
#7542=CARTESIAN_POINT('',(-0.429400812138117,-0.016,-0.554161683296335));
#7543=CARTESIAN_POINT('',(-0.429400812138117,-0.016,-0.554161683296335));
#7544=CARTESIAN_POINT('',(-0.421848557688804,-0.016,-0.55334524625442));
#7545=CARTESIAN_POINT('',(-0.421848557688804,-0.016,-0.55334524625442));
#7546=CARTESIAN_POINT('',(-0.414372204652147,-0.016,-0.552495146379427));
#7547=CARTESIAN_POINT('',(-0.414372204652147,-0.016,-0.552495146379427));
#7548=CARTESIAN_POINT('',(-0.406970990206332,-0.016,-0.551609995706));
#7549=CARTESIAN_POINT('',(-0.406970990206332,-0.016,-0.551609995706));
#7550=CARTESIAN_POINT('',(-0.399644159196031,-0.016,-0.550688349041041));
#7551=CARTESIAN_POINT('',(-0.399644159196031,-0.016,-0.550688349041041));
#7552=CARTESIAN_POINT('',(-0.392390964055352,-0.016,-0.549728701604135));
#7553=CARTESIAN_POINT('',(-0.392390964055352,-0.016,-0.549728701604135));
#7554=CARTESIAN_POINT('',(-0.385210664731564,-0.016,-0.54872948657068));
#7555=CARTESIAN_POINT('',(-0.385210664731564,-0.016,-0.54872948657068));
#7556=CARTESIAN_POINT('',(-0.378102528609589,-0.016,-0.547689072513721));
#7557=CARTESIAN_POINT('',(-0.378102528609589,-0.016,-0.547689072513721));
#7558=CARTESIAN_POINT('',(-0.371065830437254,-0.016,-0.546605760740303));
#7559=CARTESIAN_POINT('',(-0.371065830437254,-0.016,-0.546605760740303));
#7560=CARTESIAN_POINT('',(-0.364099852251289,-0.016,-0.545477782518002));
#7561=CARTESIAN_POINT('',(-0.364099852251289,-0.016,-0.545477782518002));
#7562=CARTESIAN_POINT('',(-0.357203883304075,-0.016,-0.544303296187098));
#7563=CARTESIAN_POINT('',(-0.357203883304075,-0.016,-0.544303296187098));
#7564=CARTESIAN_POINT('',(-0.350377219991125,-0.016,-0.543080384153686));
#7565=CARTESIAN_POINT('',(-0.350377219991125,-0.016,-0.543080384153686));
#7566=CARTESIAN_POINT('',(-0.343619165779293,-0.016,-0.541807049758798));
#7567=CARTESIAN_POINT('',(-0.343619165779293,-0.016,-0.541807049758798));
#7568=CARTESIAN_POINT('',(-0.336929031135708,-0.016,-0.540481214018448));
#7569=CARTESIAN_POINT('',(-0.336929031135708,-0.016,-0.540481214018448));
#7570=CARTESIAN_POINT('',(-0.330306133457419,-0.016,-0.539100712229248));
#7571=CARTESIAN_POINT('',(-0.330306133457419,-0.016,-0.539100712229248));
#7572=CARTESIAN_POINT('',(-0.323749797001747,-0.016,-0.537663290434086));
#7573=CARTESIAN_POINT('',(-0.323749797001747,-0.016,-0.537663290434086));
#7574=CARTESIAN_POINT('',(-0.31725935281734,-0.016,-0.53616660174207));
#7575=CARTESIAN_POINT('',(-0.31725935281734,-0.016,-0.53616660174207));
#7576=CARTESIAN_POINT('',(-0.310834138675919,-0.016,-0.534608202496732));
#7577=CARTESIAN_POINT('',(-0.310834138675919,-0.016,-0.534608202496732));
#7578=CARTESIAN_POINT('',(-0.304473499004707,-0.016,-0.532985548286258));
#7579=CARTESIAN_POINT('',(-0.304473499004707,-0.016,-0.532985548286258));
#7580=CARTESIAN_POINT('',(-0.298176784819546,-0.016,-0.531295989789202));
#7581=CARTESIAN_POINT('',(-0.298176784819546,-0.016,-0.531295989789202));
#7582=CARTESIAN_POINT('',(-0.291943353658673,-0.016,-0.529536768448912));
#7583=CARTESIAN_POINT('',(-0.291943353658673,-0.016,-0.529536768448912));
#7584=CARTESIAN_POINT('',(-0.285772569517175,-0.016,-0.527705011969617));
#7585=CARTESIAN_POINT('',(-0.285772569517175,-0.016,-0.527705011969617));
#7586=CARTESIAN_POINT('',(-0.279663802782093,-0.016,-0.5257977296268));
#7587=CARTESIAN_POINT('',(-0.279663802782093,-0.016,-0.5257977296268));
#7588=CARTESIAN_POINT('',(-0.273616430168183,-0.016,-0.523811807384223));
#7589=CARTESIAN_POINT('',(-0.273616430168183,-0.016,-0.523811807384223));
#7590=CARTESIAN_POINT('',(-0.267629834654321,-0.016,-0.521744002809605));
#7591=CARTESIAN_POINT('',(-0.267629834654321,-0.016,-0.521744002809605));
#7592=CARTESIAN_POINT('',(-0.261703405420549,-0.016,-0.519590939780681));
#7593=CARTESIAN_POINT('',(-0.261703405420549,-0.016,-0.519590939780681));
#7594=CARTESIAN_POINT('',(-0.255836537785751,-0.016,-0.517349102972975));
#7595=CARTESIAN_POINT('',(-0.255836537785751,-0.016,-0.517349102972975));
#7596=CARTESIAN_POINT('',(-0.250028633145954,-0.016,-0.515014832120303));
#7597=CARTESIAN_POINT('',(-0.250028633145954,-0.016,-0.515014832120303));
#7598=CARTESIAN_POINT('',(-0.244279098913259,-0.016,-0.512584316038622));
#7599=CARTESIAN_POINT('',(-0.244279098913259,-0.016,-0.512584316038622));
#7600=CARTESIAN_POINT('',(-0.23858734845537,-0.016,-0.510053586403477));
#7601=CARTESIAN_POINT('',(-0.23858734845537,-0.016,-0.510053586403477));
#7602=CARTESIAN_POINT('',(-0.232952801035744,-0.016,-0.507418511270886));
#7603=CARTESIAN_POINT('',(-0.232952801035744,-0.016,-0.507418511270886));
#7604=CARTESIAN_POINT('',(-0.22737488175434,-0.016,-0.504674788331079));
#7605=CARTESIAN_POINT('',(-0.22737488175434,-0.016,-0.504674788331079));
#7606=CARTESIAN_POINT('',(-0.221853021488953,-0.016,-0.501817937884076));
#7607=CARTESIAN_POINT('',(-0.221853021488953,-0.016,-0.501817937884076));
#7608=CARTESIAN_POINT('',(-0.216386656837153,-0.016,-0.49884329552565));
#7609=CARTESIAN_POINT('',(-0.216386656837153,-0.016,-0.49884329552565));
#7610=CARTESIAN_POINT('',(-0.2109752300588,-0.016,-0.495746004531707));
#7611=CARTESIAN_POINT('',(-0.2109752300588,-0.016,-0.495746004531707));
#7612=CARTESIAN_POINT('',(-0.205618189019132,-0.016,-0.492521007928673));
#7613=CARTESIAN_POINT('',(-0.205618189019132,-0.016,-0.492521007928673));
#7614=CARTESIAN_POINT('',(-0.200314987132435,-0.016,-0.489163040236934));
#7615=CARTESIAN_POINT('',(-0.200314987132435,-0.016,-0.489163040236934));
#7616=CARTESIAN_POINT('',(-0.195065083306271,-0.016,-0.485666618873837));
#7617=CARTESIAN_POINT('',(-0.195065083306271,-0.016,-0.485666618873837));
#7618=CARTESIAN_POINT('',(-0.189867941886273,-0.016,-0.482026035202231));
#7619=CARTESIAN_POINT('',(-0.189867941886273,-0.016,-0.482026035202231));
#7620=CARTESIAN_POINT('',(-0.184723032601487,-0.016,-0.47823534520993));
#7621=CARTESIAN_POINT('',(-0.184723032601487,-0.016,-0.47823534520993));
#7622=CARTESIAN_POINT('',(-0.179629830510271,-0.016,-0.474288359804868));
#7623=CARTESIAN_POINT('',(-0.179629830510271,-0.016,-0.474288359804868));
#7624=CARTESIAN_POINT('',(-0.174587815946736,-0.016,-0.47017863471012));
#7625=CARTESIAN_POINT('',(-0.174587815946736,-0.016,-0.47017863471012));
#7626=CARTESIAN_POINT('',(-0.169596474467718,-0.016,-0.465899459942274));
#7627=CARTESIAN_POINT('',(-0.169596474467718,-0.016,-0.465899459942274));
#7628=CARTESIAN_POINT('',(-0.164655296800294,-0.016,-0.46144384885598));
#7629=CARTESIAN_POINT('',(-0.164655296800294,-0.016,-0.46144384885598));
#7630=CARTESIAN_POINT('',(-0.15976377878982,-0.016,-0.456804526736802));
#7631=CARTESIAN_POINT('',(-0.15976377878982,-0.016,-0.456804526736802));
#7632=CARTESIAN_POINT('',(-0.154921421348487,-0.016,-0.451973918923722));
#7633=CARTESIAN_POINT('',(-0.154921421348487,-0.016,-0.451973918923722));
#7634=CARTESIAN_POINT('',(-0.150127730404404,-0.016,-0.446944138441929));
#7635=CARTESIAN_POINT('',(-0.150127730404404,-0.016,-0.446944138441929));
#7636=CARTESIAN_POINT('',(-0.145382216851184,-0.016,-0.441706973125689));
#7637=CARTESIAN_POINT('',(-0.145382216851184,-0.016,-0.441706973125689));
#7638=CARTESIAN_POINT('',(-0.140684396498038,-0.016,-0.436253872210268));
#7639=CARTESIAN_POINT('',(-0.140684396498038,-0.016,-0.436253872210268));
#7640=CARTESIAN_POINT('',(-0.136033790020379,-0.016,-0.430575932371028));
#7641=CARTESIAN_POINT('',(-0.136033790020379,-0.016,-0.430575932371028));
#7642=CARTESIAN_POINT('',(-0.131429922910909,-0.016,-0.424663883186892));
#7643=CARTESIAN_POINT('',(-0.131429922910909,-0.016,-0.424663883186892));
#7644=CARTESIAN_POINT('',(-0.126872325431209,-0.016,-0.418508072004446));
#7645=CARTESIAN_POINT('',(-0.126872325431209,-0.016,-0.418508072004446));
#7646=CARTESIAN_POINT('',(-0.122360532563806,-0.016,-0.412098448177974));
#7647=CARTESIAN_POINT('',(-0.122360532563806,-0.016,-0.412098448177974));
#7648=CARTESIAN_POINT('',(-0.117894083964735,-0.016,-0.405424546659674));
#7649=CARTESIAN_POINT('',(-0.117894083964735,-0.016,-0.405424546659674));
#7650=CARTESIAN_POINT('',(-0.113472523916559,-0.016,-0.398475470913294));
#7651=CARTESIAN_POINT('',(-0.113472523916559,-0.016,-0.398475470913294));
#7652=CARTESIAN_POINT('',(-0.109095401281881,-0.016,-0.391239875123256));
#7653=CARTESIAN_POINT('',(-0.109095401281881,-0.016,-0.391239875123256));
#7654=CARTESIAN_POINT('',(-0.104762269457308,-0.016,-0.383705945670254));
#7655=CARTESIAN_POINT('',(-0.104762269457308,-0.016,-0.383705945670254));
#7656=CARTESIAN_POINT('',(-0.100472686327885,-0.016,-0.375861381843046));
#7657=CARTESIAN_POINT('',(-0.100472686327885,-0.016,-0.375861381843046));
#7658=CARTESIAN_POINT('',(-0.0962262142219881,-0.016,-0.367693375754986));
#7659=CARTESIAN_POINT('',(-0.0962262142219881,-0.016,-0.367693375754986));
#7660=CARTESIAN_POINT('',(-0.0920224198666628,-0.016,-0.359188591432474));
#7661=CARTESIAN_POINT('',(-0.0920224198666628,-0.016,-0.359188591432474));
#7662=CARTESIAN_POINT('',(-0.0878608743434219,-0.016,-0.350333143041198));
#7663=CARTESIAN_POINT('',(-0.0878608743434219,-0.016,-0.350333143041198));
#7664=CARTESIAN_POINT('',(-0.0837411530444797,-0.016,-0.341112572214612));
#7665=CARTESIAN_POINT('',(-0.0837411530444797,-0.016,-0.341112572214612));
#7666=CARTESIAN_POINT('',(-0.0796628356294295,-0.016,-0.33151182444764));
#7667=CARTESIAN_POINT('',(-0.0796628356294295,-0.016,-0.33151182444764));
#7668=CARTESIAN_POINT('',(-0.0756255059823553,-0.016,-0.321515224517053));
#7669=CARTESIAN_POINT('',(-0.0756255059823553,-0.016,-0.321515224517053));
#7670=CARTESIAN_POINT('',(-0.0716287521693755,-0.016,-0.311106450888399));
#7671=CARTESIAN_POINT('',(-0.0716287521693755,-0.016,-0.311106450888399));
#7672=CARTESIAN_POINT('',(-0.0676721663966123,-0.016,-0.300268509067695));
#7673=CARTESIAN_POINT('',(-0.0676721663966123,-0.016,-0.300268509067695));
#7674=CARTESIAN_POINT('',(-0.0637553449685843,-0.016,-0.288983703854368));
#7675=CARTESIAN_POINT('',(-0.0637553449685843,-0.016,-0.288983703854368));
#7676=CARTESIAN_POINT('',(-0.0598778882470167,-0.016,-0.277233610450153));
#7677=CARTESIAN_POINT('',(-0.0598778882470167,-0.016,-0.277233610450153));
#7678=CARTESIAN_POINT('',(-0.0560394006100659,-0.016,-0.264999044376763));
#7679=CARTESIAN_POINT('',(-0.0560394006100659,-0.016,-0.264999044376763));
#7680=CARTESIAN_POINT('',(-0.0522394904119533,-0.016,-0.25226003015323));
#7681=CARTESIAN_POINT('',(-0.0522394904119533,-0.016,-0.25226003015323));
#7682=CARTESIAN_POINT('',(-0.0484777699430059,-0.016,-0.238995768681763));
#7683=CARTESIAN_POINT('',(-0.0484777699430059,-0.016,-0.238995768681763));
#7684=CARTESIAN_POINT('',(-0.0447538553900972,-0.016,-0.225184603288884));
#7685=CARTESIAN_POINT('',(-0.0447538553900972,-0.016,-0.225184603288884));
#7686=CARTESIAN_POINT('',(-0.0410673667974861,-0.016,-0.210803984366394));
#7687=CARTESIAN_POINT('',(-0.0410673667974861,-0.016,-0.210803984366394));
#7688=CARTESIAN_POINT('',(-0.0374179280280504,-0.016,-0.195830432554428));
#7689=CARTESIAN_POINT('',(-0.0374179280280504,-0.016,-0.195830432554428));
#7690=CARTESIAN_POINT('',(-0.0338051667249082,-0.016,-0.18023950040651));
#7691=CARTESIAN_POINT('',(-0.0338051667249082,-0.016,-0.18023950040651));
#7692=CARTESIAN_POINT('',(-0.0302287142734261,-0.016,-0.164005732473992));
#7693=CARTESIAN_POINT('',(-0.0302287142734261,-0.016,-0.164005732473992));
#7694=CARTESIAN_POINT('',(-0.0266882057636093,-0.016,-0.147102623744726));
#7695=CARTESIAN_POINT('',(-0.0266882057636093,-0.016,-0.147102623744726));
#7696=CARTESIAN_POINT('',(-0.0231832799528689,-0.016,-0.129502576368106));
#7697=CARTESIAN_POINT('',(-0.0231832799528689,-0.016,-0.129502576368106));
#7698=CARTESIAN_POINT('',(-0.019713579229164,-0.016,-0.111176854595818));
#7699=CARTESIAN_POINT('',(-0.019713579229164,-0.016,-0.111176854595818));
#7700=CARTESIAN_POINT('',(-0.0162787495745145,-0.016,-0.0920955378647368));
#7701=CARTESIAN_POINT('',(-0.0162787495745145,-0.016,-0.0920955378647368));
#7702=CARTESIAN_POINT('',(-0.0128784405288795,-0.016,-0.0722274719453672));
#7703=CARTESIAN_POINT('',(-0.0128784405288795,-0.016,-0.0722274719453672));
#7704=CARTESIAN_POINT('',(-0.00951230515439998,-0.016,-0.0515402180760668));
#7705=CARTESIAN_POINT('',(-0.00951230515439998,-0.016,-0.0515402180760668));
#7706=CARTESIAN_POINT('',(-0.00618,-0.016,-0.03));
#7707=CARTESIAN_POINT('',(-0.00618,-0.016,-0.03));
#7708=CARTESIAN_POINT('',(-0.00618,-0.016,0.03));
#7709=CARTESIAN_POINT('',(-0.00618,-0.016,0.03));
#7710=CARTESIAN_POINT('',(-0.00618,-0.016,0.03));
#7711=CARTESIAN_POINT('',(-0.00951230515439998,-0.016,0.0515402180760668));
#7712=CARTESIAN_POINT('',(-0.00951230515439998,-0.016,0.0515402180760668));
#7713=CARTESIAN_POINT('',(-0.0128784405288795,-0.016,0.0722274719453672));
#7714=CARTESIAN_POINT('',(-0.0128784405288795,-0.016,0.0722274719453672));
#7715=CARTESIAN_POINT('',(-0.0162787495745145,-0.016,0.0920955378647368));
#7716=CARTESIAN_POINT('',(-0.0162787495745145,-0.016,0.0920955378647368));
#7717=CARTESIAN_POINT('',(-0.019713579229164,-0.016,0.111176854595818));
#7718=CARTESIAN_POINT('',(-0.019713579229164,-0.016,0.111176854595818));
#7719=CARTESIAN_POINT('',(-0.0231832799528689,-0.016,0.129502576368106));
#7720=CARTESIAN_POINT('',(-0.0231832799528689,-0.016,0.129502576368106));
#7721=CARTESIAN_POINT('',(-0.0266882057636093,-0.016,0.147102623744726));
#7722=CARTESIAN_POINT('',(-0.0266882057636093,-0.016,0.147102623744726));
#7723=CARTESIAN_POINT('',(-0.0302287142734261,-0.016,0.164005732473992));
#7724=CARTESIAN_POINT('',(-0.0302287142734261,-0.016,0.164005732473992));
#7725=CARTESIAN_POINT('',(-0.0338051667249082,-0.016,0.18023950040651));
#7726=CARTESIAN_POINT('',(-0.0338051667249082,-0.016,0.18023950040651));
#7727=CARTESIAN_POINT('',(-0.0374179280280504,-0.016,0.195830432554428));
#7728=CARTESIAN_POINT('',(-0.0374179280280504,-0.016,0.195830432554428));
#7729=CARTESIAN_POINT('',(-0.0410673667974861,-0.016,0.210803984366394));
#7730=CARTESIAN_POINT('',(-0.0410673667974861,-0.016,0.210803984366394));
#7731=CARTESIAN_POINT('',(-0.0447538553900972,-0.016,0.225184603288884));
#7732=CARTESIAN_POINT('',(-0.0447538553900972,-0.016,0.225184603288884));
#7733=CARTESIAN_POINT('',(-0.0484777699430059,-0.016,0.238995768681763));
#7734=CARTESIAN_POINT('',(-0.0484777699430059,-0.016,0.238995768681763));
#7735=CARTESIAN_POINT('',(-0.0522394904119533,-0.016,0.25226003015323));
#7736=CARTESIAN_POINT('',(-0.0522394904119533,-0.016,0.25226003015323));
#7737=CARTESIAN_POINT('',(-0.0560394006100659,-0.016,0.264999044376763));
#7738=CARTESIAN_POINT('',(-0.0560394006100659,-0.016,0.264999044376763));
#7739=CARTESIAN_POINT('',(-0.0598778882470167,-0.016,0.277233610450153));
#7740=CARTESIAN_POINT('',(-0.0598778882470167,-0.016,0.277233610450153));
#7741=CARTESIAN_POINT('',(-0.0637553449685843,-0.016,0.288983703854368));
#7742=CARTESIAN_POINT('',(-0.0637553449685843,-0.016,0.288983703854368));
#7743=CARTESIAN_POINT('',(-0.0676721663966123,-0.016,0.300268509067695));
#7744=CARTESIAN_POINT('',(-0.0676721663966123,-0.016,0.300268509067695));
#7745=CARTESIAN_POINT('',(-0.0716287521693755,-0.016,0.311106450888399));
#7746=CARTESIAN_POINT('',(-0.0716287521693755,-0.016,0.311106450888399));
#7747=CARTESIAN_POINT('',(-0.0756255059823553,-0.016,0.321515224517053));
#7748=CARTESIAN_POINT('',(-0.0756255059823553,-0.016,0.321515224517053));
#7749=CARTESIAN_POINT('',(-0.0796628356294295,-0.016,0.33151182444764));
#7750=CARTESIAN_POINT('',(-0.0796628356294295,-0.016,0.33151182444764));
#7751=CARTESIAN_POINT('',(-0.0837411530444797,-0.016,0.341112572214612));
#7752=CARTESIAN_POINT('',(-0.0837411530444797,-0.016,0.341112572214612));
#7753=CARTESIAN_POINT('',(-0.0878608743434219,-0.016,0.350333143041198));
#7754=CARTESIAN_POINT('',(-0.0878608743434219,-0.016,0.350333143041198));
#7755=CARTESIAN_POINT('',(-0.0920224198666628,-0.016,0.359188591432474));
#7756=CARTESIAN_POINT('',(-0.0920224198666628,-0.016,0.359188591432474));
#7757=CARTESIAN_POINT('',(-0.0962262142219881,-0.016,0.367693375754986));
#7758=CARTESIAN_POINT('',(-0.0962262142219881,-0.016,0.367693375754986));
#7759=CARTESIAN_POINT('',(-0.100472686327885,-0.016,0.375861381843046));
#7760=CARTESIAN_POINT('',(-0.100472686327885,-0.016,0.375861381843046));
#7761=CARTESIAN_POINT('',(-0.104762269457308,-0.016,0.383705945670254));
#7762=CARTESIAN_POINT('',(-0.104762269457308,-0.016,0.383705945670254));
#7763=CARTESIAN_POINT('',(-0.109095401281881,-0.016,0.391239875123256));
#7764=CARTESIAN_POINT('',(-0.109095401281881,-0.016,0.391239875123256));
#7765=CARTESIAN_POINT('',(-0.113472523916559,-0.016,0.398475470913294));
#7766=CARTESIAN_POINT('',(-0.113472523916559,-0.016,0.398475470913294));
#7767=CARTESIAN_POINT('',(-0.117894083964735,-0.016,0.405424546659674));
#7768=CARTESIAN_POINT('',(-0.117894083964735,-0.016,0.405424546659674));
#7769=CARTESIAN_POINT('',(-0.122360532563806,-0.016,0.412098448177974));
#7770=CARTESIAN_POINT('',(-0.122360532563806,-0.016,0.412098448177974));
#7771=CARTESIAN_POINT('',(-0.126872325431209,-0.016,0.418508072004446));
#7772=CARTESIAN_POINT('',(-0.126872325431209,-0.016,0.418508072004446));
#7773=CARTESIAN_POINT('',(-0.131429922910909,-0.016,0.424663883186892));
#7774=CARTESIAN_POINT('',(-0.131429922910909,-0.016,0.424663883186892));
#7775=CARTESIAN_POINT('',(-0.136033790020379,-0.016,0.430575932371028));
#7776=CARTESIAN_POINT('',(-0.136033790020379,-0.016,0.430575932371028));
#7777=CARTESIAN_POINT('',(-0.140684396498038,-0.016,0.436253872210268));
#7778=CARTESIAN_POINT('',(-0.140684396498038,-0.016,0.436253872210268));
#7779=CARTESIAN_POINT('',(-0.145382216851184,-0.016,0.441706973125689));
#7780=CARTESIAN_POINT('',(-0.145382216851184,-0.016,0.441706973125689));
#7781=CARTESIAN_POINT('',(-0.150127730404404,-0.016,0.446944138441929));
#7782=CARTESIAN_POINT('',(-0.150127730404404,-0.016,0.446944138441929));
#7783=CARTESIAN_POINT('',(-0.154921421348487,-0.016,0.451973918923722));
#7784=CARTESIAN_POINT('',(-0.154921421348487,-0.016,0.451973918923722));
#7785=CARTESIAN_POINT('',(-0.15976377878982,-0.016,0.456804526736802));
#7786=CARTESIAN_POINT('',(-0.15976377878982,-0.016,0.456804526736802));
#7787=CARTESIAN_POINT('',(-0.164655296800294,-0.016,0.46144384885598));
#7788=CARTESIAN_POINT('',(-0.164655296800294,-0.016,0.46144384885598));
#7789=CARTESIAN_POINT('',(-0.169596474467718,-0.016,0.465899459942274));
#7790=CARTESIAN_POINT('',(-0.169596474467718,-0.016,0.465899459942274));
#7791=CARTESIAN_POINT('',(-0.174587815946736,-0.016,0.47017863471012));
#7792=CARTESIAN_POINT('',(-0.174587815946736,-0.016,0.47017863471012));
#7793=CARTESIAN_POINT('',(-0.179629830510271,-0.016,0.474288359804868));
#7794=CARTESIAN_POINT('',(-0.179629830510271,-0.016,0.474288359804868));
#7795=CARTESIAN_POINT('',(-0.184723032601487,-0.016,0.47823534520993));
#7796=CARTESIAN_POINT('',(-0.184723032601487,-0.016,0.47823534520993));
#7797=CARTESIAN_POINT('',(-0.189867941886273,-0.016,0.482026035202231));
#7798=CARTESIAN_POINT('',(-0.189867941886273,-0.016,0.482026035202231));
#7799=CARTESIAN_POINT('',(-0.195065083306271,-0.016,0.485666618873837));
#7800=CARTESIAN_POINT('',(-0.195065083306271,-0.016,0.485666618873837));
#7801=CARTESIAN_POINT('',(-0.200314987132435,-0.016,0.489163040236934));
#7802=CARTESIAN_POINT('',(-0.200314987132435,-0.016,0.489163040236934));
#7803=CARTESIAN_POINT('',(-0.205618189019132,-0.016,0.492521007928673));
#7804=CARTESIAN_POINT('',(-0.205618189019132,-0.016,0.492521007928673));
#7805=CARTESIAN_POINT('',(-0.2109752300588,-0.016,0.495746004531707));
#7806=CARTESIAN_POINT('',(-0.2109752300588,-0.016,0.495746004531707));
#7807=CARTESIAN_POINT('',(-0.216386656837153,-0.016,0.49884329552565));
#7808=CARTESIAN_POINT('',(-0.216386656837153,-0.016,0.49884329552565));
#7809=CARTESIAN_POINT('',(-0.221853021488953,-0.016,0.501817937884076));
#7810=CARTESIAN_POINT('',(-0.221853021488953,-0.016,0.501817937884076));
#7811=CARTESIAN_POINT('',(-0.22737488175434,-0.016,0.504674788331079));
#7812=CARTESIAN_POINT('',(-0.22737488175434,-0.016,0.504674788331079));
#7813=CARTESIAN_POINT('',(-0.232952801035744,-0.016,0.507418511270886));
#7814=CARTESIAN_POINT('',(-0.232952801035744,-0.016,0.507418511270886));
#7815=CARTESIAN_POINT('',(-0.23858734845537,-0.016,0.510053586403477));
#7816=CARTESIAN_POINT('',(-0.23858734845537,-0.016,0.510053586403477));
#7817=CARTESIAN_POINT('',(-0.244279098913259,-0.016,0.512584316038622));
#7818=CARTESIAN_POINT('',(-0.244279098913259,-0.016,0.512584316038622));
#7819=CARTESIAN_POINT('',(-0.250028633145954,-0.016,0.515014832120303));
#7820=CARTESIAN_POINT('',(-0.250028633145954,-0.016,0.515014832120303));
#7821=CARTESIAN_POINT('',(-0.255836537785751,-0.016,0.517349102972975));
#7822=CARTESIAN_POINT('',(-0.255836537785751,-0.016,0.517349102972975));
#7823=CARTESIAN_POINT('',(-0.261703405420549,-0.016,0.519590939780681));
#7824=CARTESIAN_POINT('',(-0.261703405420549,-0.016,0.519590939780681));
#7825=CARTESIAN_POINT('',(-0.267629834654321,-0.016,0.521744002809605));
#7826=CARTESIAN_POINT('',(-0.267629834654321,-0.016,0.521744002809605));
#7827=CARTESIAN_POINT('',(-0.273616430168183,-0.016,0.523811807384223));
#7828=CARTESIAN_POINT('',(-0.273616430168183,-0.016,0.523811807384223));
#7829=CARTESIAN_POINT('',(-0.279663802782093,-0.016,0.5257977296268));
#7830=CARTESIAN_POINT('',(-0.279663802782093,-0.016,0.5257977296268));
#7831=CARTESIAN_POINT('',(-0.285772569517175,-0.016,0.527705011969617));
#7832=CARTESIAN_POINT('',(-0.285772569517175,-0.016,0.527705011969617));
#7833=CARTESIAN_POINT('',(-0.291943353658673,-0.016,0.529536768448912));
#7834=CARTESIAN_POINT('',(-0.291943353658673,-0.016,0.529536768448912));
#7835=CARTESIAN_POINT('',(-0.298176784819546,-0.016,0.531295989789202));
#7836=CARTESIAN_POINT('',(-0.298176784819546,-0.016,0.531295989789202));
#7837=CARTESIAN_POINT('',(-0.304473499004707,-0.016,0.532985548286258));
#7838=CARTESIAN_POINT('',(-0.304473499004707,-0.016,0.532985548286258));
#7839=CARTESIAN_POINT('',(-0.310834138675919,-0.016,0.534608202496732));
#7840=CARTESIAN_POINT('',(-0.310834138675919,-0.016,0.534608202496732));
#7841=CARTESIAN_POINT('',(-0.31725935281734,-0.016,0.53616660174207));
#7842=CARTESIAN_POINT('',(-0.31725935281734,-0.016,0.53616660174207));
#7843=CARTESIAN_POINT('',(-0.323749797001747,-0.016,0.537663290434086));
#7844=CARTESIAN_POINT('',(-0.323749797001747,-0.016,0.537663290434086));
#7845=CARTESIAN_POINT('',(-0.330306133457419,-0.016,0.539100712229248));
#7846=CARTESIAN_POINT('',(-0.330306133457419,-0.016,0.539100712229248));
#7847=CARTESIAN_POINT('',(-0.336929031135708,-0.016,0.540481214018448));
#7848=CARTESIAN_POINT('',(-0.336929031135708,-0.016,0.540481214018448));
#7849=CARTESIAN_POINT('',(-0.343619165779293,-0.016,0.541807049758798));
#7850=CARTESIAN_POINT('',(-0.343619165779293,-0.016,0.541807049758798));
#7851=CARTESIAN_POINT('',(-0.350377219991125,-0.016,0.543080384153686));
#7852=CARTESIAN_POINT('',(-0.350377219991125,-0.016,0.543080384153686));
#7853=CARTESIAN_POINT('',(-0.357203883304075,-0.016,0.544303296187098));
#7854=CARTESIAN_POINT('',(-0.357203883304075,-0.016,0.544303296187098));
#7855=CARTESIAN_POINT('',(-0.364099852251289,-0.016,0.545477782518002));
#7856=CARTESIAN_POINT('',(-0.364099852251289,-0.016,0.545477782518002));
#7857=CARTESIAN_POINT('',(-0.371065830437254,-0.016,0.546605760740303));
#7858=CARTESIAN_POINT('',(-0.371065830437254,-0.016,0.546605760740303));
#7859=CARTESIAN_POINT('',(-0.378102528609589,-0.016,0.547689072513721));
#7860=CARTESIAN_POINT('',(-0.378102528609589,-0.016,0.547689072513721));
#7861=CARTESIAN_POINT('',(-0.385210664731564,-0.016,0.54872948657068));
#7862=CARTESIAN_POINT('',(-0.385210664731564,-0.016,0.54872948657068));
#7863=CARTESIAN_POINT('',(-0.392390964055352,-0.016,0.549728701604135));
#7864=CARTESIAN_POINT('',(-0.392390964055352,-0.016,0.549728701604135));
#7865=CARTESIAN_POINT('',(-0.399644159196031,-0.016,0.550688349041041));
#7866=CARTESIAN_POINT('',(-0.399644159196031,-0.016,0.550688349041041));
#7867=CARTESIAN_POINT('',(-0.406970990206332,-0.016,0.551609995706));
#7868=CARTESIAN_POINT('',(-0.406970990206332,-0.016,0.551609995706));
#7869=CARTESIAN_POINT('',(-0.414372204652147,-0.016,0.552495146379427));
#7870=CARTESIAN_POINT('',(-0.414372204652147,-0.016,0.552495146379427));
#7871=CARTESIAN_POINT('',(-0.421848557688804,-0.016,0.55334524625442));
#7872=CARTESIAN_POINT('',(-0.421848557688804,-0.016,0.55334524625442));
#7873=CARTESIAN_POINT('',(-0.429400812138117,-0.016,0.554161683296335));
#7874=CARTESIAN_POINT('',(-0.429400812138117,-0.016,0.554161683296335));
#7875=CARTESIAN_POINT('',(-0.43702973856622,-0.016,0.554945790508934));
#7876=CARTESIAN_POINT('',(-0.43702973856622,-0.016,0.554945790508934));
#7877=CARTESIAN_POINT('',(-0.444736115362183,-0.016,0.555698848110788));
#7878=CARTESIAN_POINT('',(-0.444736115362183,-0.016,0.555698848110788));
#7879=CARTESIAN_POINT('',(-0.452520728817439,-0.016,0.556422085625504));
#7880=CARTESIAN_POINT('',(-0.452520728817439,-0.016,0.556422085625504));
#7881=CARTESIAN_POINT('',(-0.460384373206004,-0.016,0.557116683889175));
#7882=CARTESIAN_POINT('',(-0.460384373206004,-0.016,0.557116683889175));
#7883=CARTESIAN_POINT('',(-0.468327850865524,-0.016,0.557783776978344));
#7884=CARTESIAN_POINT('',(-0.468327850865524,-0.016,0.557783776978344));
#7885=CARTESIAN_POINT('',(-0.476351972279131,-0.016,0.558424454061619));
#7886=CARTESIAN_POINT('',(-0.476351972279131,-0.016,0.558424454061619));
#7887=CARTESIAN_POINT('',(-0.0106,-0.016,-2.56679307336964E-18));
#7888=CARTESIAN_POINT('',(-0.0106,-0.016,0.0125));
#7889=CARTESIAN_POINT('',(-0.0106,-0.016,0.025));
#7890=CARTESIAN_POINT('',(-0.0106,-0.016,-0.0125));
#7891=CARTESIAN_POINT('',(-0.0106,-0.016,-0.025));
#7892=CARTESIAN_POINT('',(-0.654926803465242,-0.014,-0.00496645995049134));
#7893=CARTESIAN_POINT('',(-0.654926803465242,-0.016,-0.00496645995049134));
#7894=CARTESIAN_POINT('',(-0.655036598267379,-0.014,-2.05998412772246E-18));
#7895=CARTESIAN_POINT('',(-0.655036598267379,-0.016,-2.05998412772246E-18));
#7896=CARTESIAN_POINT('',(-0.654926803465242,-0.014,0.00496645995049134));
#7897=CARTESIAN_POINT('',(-0.654926803465242,-0.016,0.00496645995049134));
#7898=CARTESIAN_POINT('',(-0.654459181666234,-0.014,0.0118466513804651));
#7899=CARTESIAN_POINT('',(-0.654459181666234,-0.016,0.0118466513804651));
#7900=CARTESIAN_POINT('',(-0.653216715661053,-0.014,0.0208087525842722));
#7901=CARTESIAN_POINT('',(-0.653216715661053,-0.016,0.0208087525842722));
#7902=CARTESIAN_POINT('',(-0.650478559833652,-0.014,0.0321532363993138));
#7903=CARTESIAN_POINT('',(-0.650478559833652,-0.016,0.0321532363993138));
#7904=CARTESIAN_POINT('',(-0.64628080971022,-0.014,0.0440253606420019));
#7905=CARTESIAN_POINT('',(-0.64628080971022,-0.016,0.0440253606420019));
#7906=CARTESIAN_POINT('',(-0.640398201325468,-0.014,0.0563453210326788));
#7907=CARTESIAN_POINT('',(-0.640398201325468,-0.016,0.0563453210326788));
#7908=CARTESIAN_POINT('',(-0.630005717649924,-0.014,0.0732030005777392));
#7909=CARTESIAN_POINT('',(-0.630005717649924,-0.016,0.0732030005777392));
#7910=CARTESIAN_POINT('',(-0.611665399691885,-0.014,0.0946991986257178));
#7911=CARTESIAN_POINT('',(-0.611665399691885,-0.016,0.0946991986257178));
#7912=CARTESIAN_POINT('',(-0.579664619990926,-0.014,0.119299444528985));
#7913=CARTESIAN_POINT('',(-0.579664619990926,-0.016,0.119299444528985));
#7914=CARTESIAN_POINT('',(-0.537347353221123,-0.014,0.140089324628204));
#7915=CARTESIAN_POINT('',(-0.537347353221123,-0.016,0.140089324628204));
#7916=CARTESIAN_POINT('',(-0.486240084771642,-0.014,0.154166786369964));
#7917=CARTESIAN_POINT('',(-0.486240084771642,-0.016,0.154166786369964));
#7918=CARTESIAN_POINT('',(-0.43,-0.014,0.159166606815018));
#7919=CARTESIAN_POINT('',(-0.43,-0.016,0.159166606815018));
#7920=CARTESIAN_POINT('',(-0.373759915228358,-0.014,0.154166786369964));
#7921=CARTESIAN_POINT('',(-0.373759915228358,-0.016,0.154166786369964));
#7922=CARTESIAN_POINT('',(-0.322652646778877,-0.014,0.140089324628204));
#7923=CARTESIAN_POINT('',(-0.322652646778877,-0.016,0.140089324628204));
#7924=CARTESIAN_POINT('',(-0.280335380009074,-0.014,0.119299444528985));
#7925=CARTESIAN_POINT('',(-0.280335380009074,-0.016,0.119299444528985));
#7926=CARTESIAN_POINT('',(-0.248334600308114,-0.014,0.0946991986257178));
#7927=CARTESIAN_POINT('',(-0.248334600308114,-0.016,0.0946991986257178));
#7928=CARTESIAN_POINT('',(-0.229994282350076,-0.014,0.0732030005777392));
#7929=CARTESIAN_POINT('',(-0.229994282350076,-0.016,0.0732030005777392));
#7930=CARTESIAN_POINT('',(-0.219601798674532,-0.014,0.0563453210326788));
#7931=CARTESIAN_POINT('',(-0.219601798674532,-0.016,0.0563453210326788));
#7932=CARTESIAN_POINT('',(-0.21371919028978,-0.014,0.0440253606420019));
#7933=CARTESIAN_POINT('',(-0.21371919028978,-0.016,0.0440253606420019));
#7934=CARTESIAN_POINT('',(-0.209521440166347,-0.014,0.0321532363993139));
#7935=CARTESIAN_POINT('',(-0.209521440166347,-0.016,0.0321532363993139));
#7936=CARTESIAN_POINT('',(-0.206783284338948,-0.014,0.0208087525842722));
#7937=CARTESIAN_POINT('',(-0.206783284338948,-0.016,0.0208087525842722));
#7938=CARTESIAN_POINT('',(-0.205540818333766,-0.014,0.0118466513804651));
#7939=CARTESIAN_POINT('',(-0.205540818333766,-0.016,0.0118466513804651));
#7940=CARTESIAN_POINT('',(-0.205073196534758,-0.014,0.00496645995049136));
#7941=CARTESIAN_POINT('',(-0.205073196534758,-0.016,0.00496645995049136));
#7942=CARTESIAN_POINT('',(-0.204963401732621,-0.014,1.73905310628469E-17));
#7943=CARTESIAN_POINT('',(-0.204963401732621,-0.016,1.73905310628469E-17));
#7944=CARTESIAN_POINT('',(-0.205073196534758,-0.014,-0.00496645995049133));
#7945=CARTESIAN_POINT('',(-0.205073196534758,-0.016,-0.00496645995049133));
#7946=CARTESIAN_POINT('',(-0.205540818333766,-0.014,-0.0118466513804651));
#7947=CARTESIAN_POINT('',(-0.205540818333766,-0.016,-0.0118466513804651));
#7948=CARTESIAN_POINT('',(-0.206783284338948,-0.014,-0.0208087525842722));
#7949=CARTESIAN_POINT('',(-0.206783284338948,-0.016,-0.0208087525842722));
#7950=CARTESIAN_POINT('',(-0.209521440166347,-0.014,-0.0321532363993138));
#7951=CARTESIAN_POINT('',(-0.209521440166347,-0.016,-0.0321532363993138));
#7952=CARTESIAN_POINT('',(-0.21371919028978,-0.014,-0.0440253606420018));
#7953=CARTESIAN_POINT('',(-0.21371919028978,-0.016,-0.0440253606420018));
#7954=CARTESIAN_POINT('',(-0.219601798674532,-0.014,-0.0563453210326788));
#7955=CARTESIAN_POINT('',(-0.219601798674532,-0.016,-0.0563453210326788));
#7956=CARTESIAN_POINT('',(-0.229994282350076,-0.014,-0.0732030005777392));
#7957=CARTESIAN_POINT('',(-0.229994282350076,-0.016,-0.0732030005777392));
#7958=CARTESIAN_POINT('',(-0.248334600308114,-0.014,-0.0946991986257178));
#7959=CARTESIAN_POINT('',(-0.248334600308114,-0.016,-0.0946991986257178));
#7960=CARTESIAN_POINT('',(-0.280335380009074,-0.014,-0.119299444528985));
#7961=CARTESIAN_POINT('',(-0.280335380009074,-0.016,-0.119299444528985));
#7962=CARTESIAN_POINT('',(-0.322652646778877,-0.014,-0.140089324628204));
#7963=CARTESIAN_POINT('',(-0.322652646778877,-0.016,-0.140089324628204));
#7964=CARTESIAN_POINT('',(-0.373759915228358,-0.014,-0.154166786369964));
#7965=CARTESIAN_POINT('',(-0.373759915228358,-0.016,-0.154166786369964));
#7966=CARTESIAN_POINT('',(-0.43,-0.014,-0.159166606815018));
#7967=CARTESIAN_POINT('',(-0.43,-0.016,-0.159166606815018));
#7968=CARTESIAN_POINT('',(-0.486240084771642,-0.014,-0.154166786369964));
#7969=CARTESIAN_POINT('',(-0.486240084771642,-0.016,-0.154166786369964));
#7970=CARTESIAN_POINT('',(-0.537347353221123,-0.014,-0.140089324628204));
#7971=CARTESIAN_POINT('',(-0.537347353221123,-0.016,-0.140089324628204));
#7972=CARTESIAN_POINT('',(-0.579664619990926,-0.014,-0.119299444528985));
#7973=CARTESIAN_POINT('',(-0.579664619990926,-0.016,-0.119299444528985));
#7974=CARTESIAN_POINT('',(-0.611665399691885,-0.014,-0.0946991986257178));
#7975=CARTESIAN_POINT('',(-0.611665399691885,-0.016,-0.0946991986257178));
#7976=CARTESIAN_POINT('',(-0.630005717649924,-0.014,-0.0732030005777392));
#7977=CARTESIAN_POINT('',(-0.630005717649924,-0.016,-0.0732030005777392));
#7978=CARTESIAN_POINT('',(-0.640398201325468,-0.014,-0.0563453210326788));
#7979=CARTESIAN_POINT('',(-0.640398201325468,-0.016,-0.0563453210326788));
#7980=CARTESIAN_POINT('',(-0.64628080971022,-0.014,-0.0440253606420019));
#7981=CARTESIAN_POINT('',(-0.64628080971022,-0.016,-0.0440253606420019));
#7982=CARTESIAN_POINT('',(-0.650478559833652,-0.014,-0.0321532363993139));
#7983=CARTESIAN_POINT('',(-0.650478559833652,-0.016,-0.0321532363993139));
#7984=CARTESIAN_POINT('',(-0.653216715661053,-0.014,-0.0208087525842722));
#7985=CARTESIAN_POINT('',(-0.653216715661053,-0.016,-0.0208087525842722));
#7986=CARTESIAN_POINT('',(-0.654459181666234,-0.014,-0.0118466513804651));
#7987=CARTESIAN_POINT('',(-0.654459181666234,-0.016,-0.0118466513804651));
#7988=CARTESIAN_POINT('',(-0.654926803465242,-0.014,-0.00496645995049134));
#7989=CARTESIAN_POINT('',(-0.654926803465242,-0.016,-0.00496645995049134));
#7990=CARTESIAN_POINT('',(-0.655036598267379,-0.014,-2.05998412772246E-18));
#7991=CARTESIAN_POINT('',(-0.655036598267379,-0.016,-2.05998412772246E-18));
#7992=CARTESIAN_POINT('',(-0.654926803465242,-0.014,0.00496645995049134));
#7993=CARTESIAN_POINT('',(-0.654926803465242,-0.016,0.00496645995049134));
#7994=CARTESIAN_POINT('',(-0.564946322482543,-0.014,0.377918817469338));
#7995=CARTESIAN_POINT('',(-0.564946322482543,-0.016,0.377918817469338));
#7996=CARTESIAN_POINT('',(-0.565026838758729,-0.014,0.38));
#7997=CARTESIAN_POINT('',(-0.565026838758729,-0.016,0.38));
#7998=CARTESIAN_POINT('',(-0.564946322482542,-0.014,0.382081182530662));
#7999=CARTESIAN_POINT('',(-0.564946322482542,-0.016,0.382081182530662));
#8000=CARTESIAN_POINT('',(-0.564603400181746,-0.014,0.384964314945896));
#8001=CARTESIAN_POINT('',(-0.564603400181746,-0.016,0.384964314945896));
#8002=CARTESIAN_POINT('',(-0.563692255806038,-0.014,0.388719826638201));
#8003=CARTESIAN_POINT('',(-0.563692255806038,-0.016,0.388719826638201));
#8004=CARTESIAN_POINT('',(-0.561684285772057,-0.014,0.393473852521178));
#8005=CARTESIAN_POINT('',(-0.561684285772057,-0.016,0.393473852521178));
#8006=CARTESIAN_POINT('',(-0.557579765040487,-0.014,0.400106439411408));
#8007=CARTESIAN_POINT('',(-0.557579765040487,-0.016,0.400106439411408));
#8008=CARTESIAN_POINT('',(-0.549360685775332,-0.014,0.408872782691438));
#8009=CARTESIAN_POINT('',(-0.549360685775332,-0.016,0.408872782691438));
#8010=CARTESIAN_POINT('',(-0.533221316454593,-0.014,0.419683788366487));
#8011=CARTESIAN_POINT('',(-0.533221316454593,-0.016,0.419683788366487));
#8012=CARTESIAN_POINT('',(-0.509754048406295,-0.014,0.429992063842614));
#8013=CARTESIAN_POINT('',(-0.509754048406295,-0.016,0.429992063842614));
#8014=CARTESIAN_POINT('',(-0.478721394029815,-0.014,0.43870412064662));
#8015=CARTESIAN_POINT('',(-0.478721394029815,-0.016,0.43870412064662));
#8016=CARTESIAN_POINT('',(-0.441242728415623,-0.014,0.44460321827679));
#8017=CARTESIAN_POINT('',(-0.441242728415623,-0.016,0.44460321827679));
#8018=CARTESIAN_POINT('',(-0.4,-0.014,0.446698390861605));
#8019=CARTESIAN_POINT('',(-0.4,-0.016,0.446698390861605));
#8020=CARTESIAN_POINT('',(-0.358757271584377,-0.014,0.44460321827679));
#8021=CARTESIAN_POINT('',(-0.358757271584377,-0.016,0.44460321827679));
#8022=CARTESIAN_POINT('',(-0.321278605970185,-0.014,0.43870412064662));
#8023=CARTESIAN_POINT('',(-0.321278605970185,-0.016,0.43870412064662));
#8024=CARTESIAN_POINT('',(-0.290245951593705,-0.014,0.429992063842614));
#8025=CARTESIAN_POINT('',(-0.290245951593705,-0.016,0.429992063842614));
#8026=CARTESIAN_POINT('',(-0.266778683545407,-0.014,0.419683788366487));
#8027=CARTESIAN_POINT('',(-0.266778683545407,-0.016,0.419683788366487));
#8028=CARTESIAN_POINT('',(-0.250639314224668,-0.014,0.408872782691438));
#8029=CARTESIAN_POINT('',(-0.250639314224668,-0.016,0.408872782691438));
#8030=CARTESIAN_POINT('',(-0.242420234959513,-0.014,0.400106439411408));
#8031=CARTESIAN_POINT('',(-0.242420234959513,-0.016,0.400106439411408));
#8032=CARTESIAN_POINT('',(-0.238315714227942,-0.014,0.393473852521178));
#8033=CARTESIAN_POINT('',(-0.238315714227942,-0.016,0.393473852521178));
#8034=CARTESIAN_POINT('',(-0.236307744193962,-0.014,0.388719826638201));
#8035=CARTESIAN_POINT('',(-0.236307744193962,-0.016,0.388719826638201));
#8036=CARTESIAN_POINT('',(-0.235396599818253,-0.014,0.384964314945896));
#8037=CARTESIAN_POINT('',(-0.235396599818253,-0.016,0.384964314945896));
#8038=CARTESIAN_POINT('',(-0.235053677517458,-0.014,0.382081182530662));
#8039=CARTESIAN_POINT('',(-0.235053677517458,-0.016,0.382081182530662));
#8040=CARTESIAN_POINT('',(-0.234973161241271,-0.014,0.38));
#8041=CARTESIAN_POINT('',(-0.234973161241271,-0.016,0.38));
#8042=CARTESIAN_POINT('',(-0.235053677517458,-0.014,0.377918817469338));
#8043=CARTESIAN_POINT('',(-0.235053677517458,-0.016,0.377918817469338));
#8044=CARTESIAN_POINT('',(-0.235396599818253,-0.014,0.375035685054104));
#8045=CARTESIAN_POINT('',(-0.235396599818253,-0.016,0.375035685054104));
#8046=CARTESIAN_POINT('',(-0.236307744193962,-0.014,0.3712801733618));
#8047=CARTESIAN_POINT('',(-0.236307744193962,-0.016,0.3712801733618));
#8048=CARTESIAN_POINT('',(-0.238315714227942,-0.014,0.366526147478822));
#8049=CARTESIAN_POINT('',(-0.238315714227942,-0.016,0.366526147478822));
#8050=CARTESIAN_POINT('',(-0.242420234959513,-0.014,0.359893560588592));
#8051=CARTESIAN_POINT('',(-0.242420234959513,-0.016,0.359893560588592));
#8052=CARTESIAN_POINT('',(-0.250639314224668,-0.014,0.351127217308562));
#8053=CARTESIAN_POINT('',(-0.250639314224668,-0.016,0.351127217308562));
#8054=CARTESIAN_POINT('',(-0.266778683545407,-0.014,0.340316211633513));
#8055=CARTESIAN_POINT('',(-0.266778683545407,-0.016,0.340316211633513));
#8056=CARTESIAN_POINT('',(-0.290245951593705,-0.014,0.330007936157386));
#8057=CARTESIAN_POINT('',(-0.290245951593705,-0.016,0.330007936157386));
#8058=CARTESIAN_POINT('',(-0.321278605970185,-0.014,0.32129587935338));
#8059=CARTESIAN_POINT('',(-0.321278605970185,-0.016,0.32129587935338));
#8060=CARTESIAN_POINT('',(-0.358757271584377,-0.014,0.31539678172321));
#8061=CARTESIAN_POINT('',(-0.358757271584377,-0.016,0.31539678172321));
#8062=CARTESIAN_POINT('',(-0.4,-0.014,0.313301609138395));
#8063=CARTESIAN_POINT('',(-0.4,-0.016,0.313301609138395));
#8064=CARTESIAN_POINT('',(-0.441242728415623,-0.014,0.31539678172321));
#8065=CARTESIAN_POINT('',(-0.441242728415623,-0.016,0.31539678172321));
#8066=CARTESIAN_POINT('',(-0.478721394029815,-0.014,0.32129587935338));
#8067=CARTESIAN_POINT('',(-0.478721394029815,-0.016,0.32129587935338));
#8068=CARTESIAN_POINT('',(-0.509754048406295,-0.014,0.330007936157387));
#8069=CARTESIAN_POINT('',(-0.509754048406295,-0.016,0.330007936157387));
#8070=CARTESIAN_POINT('',(-0.533221316454593,-0.014,0.340316211633513));
#8071=CARTESIAN_POINT('',(-0.533221316454593,-0.016,0.340316211633513));
#8072=CARTESIAN_POINT('',(-0.549360685775332,-0.014,0.351127217308562));
#8073=CARTESIAN_POINT('',(-0.549360685775332,-0.016,0.351127217308562));
#8074=CARTESIAN_POINT('',(-0.557579765040487,-0.014,0.359893560588592));
#8075=CARTESIAN_POINT('',(-0.557579765040487,-0.016,0.359893560588592));
#8076=CARTESIAN_POINT('',(-0.561684285772057,-0.014,0.366526147478822));
#8077=CARTESIAN_POINT('',(-0.561684285772057,-0.016,0.366526147478822));
#8078=CARTESIAN_POINT('',(-0.563692255806038,-0.014,0.371280173361799));
#8079=CARTESIAN_POINT('',(-0.563692255806038,-0.016,0.371280173361799));
#8080=CARTESIAN_POINT('',(-0.564603400181746,-0.014,0.375035685054104));
#8081=CARTESIAN_POINT('',(-0.564603400181746,-0.016,0.375035685054104));
#8082=CARTESIAN_POINT('',(-0.564946322482543,-0.014,0.377918817469338));
#8083=CARTESIAN_POINT('',(-0.564946322482543,-0.016,0.377918817469338));
#8084=CARTESIAN_POINT('',(-0.565026838758729,-0.014,0.38));
#8085=CARTESIAN_POINT('',(-0.565026838758729,-0.016,0.38));
#8086=CARTESIAN_POINT('',(-0.564946322482542,-0.014,0.382081182530662));
#8087=CARTESIAN_POINT('',(-0.564946322482542,-0.016,0.382081182530662));
#8088=CARTESIAN_POINT('',(-0.483854732081441,-0.016002,-0.262009618943233));
#8089=CARTESIAN_POINT('',(-0.468854732081441,-0.016002,-0.287990381056767));
#8090=CARTESIAN_POINT('',(-0.425553461892219,-0.016002,-0.262990381056767));
#8091=CARTESIAN_POINT('',(-0.440553461892219,-0.016002,-0.237009618943234));
#8092=CARTESIAN_POINT('',(-0.397252191702997,-0.016002,-0.212009618943234));
#8093=CARTESIAN_POINT('',(-0.382252191702997,-0.016002,-0.237990381056767));
#8094=CARTESIAN_POINT('',(-0.338950921513776,-0.016002,-0.212990381056767));
#8095=CARTESIAN_POINT('',(-0.353950921513776,-0.016002,-0.187009618943234));
#8096=CARTESIAN_POINT('',(-0.295649651324553,-0.016002,-0.187990381056767));
#8097=CARTESIAN_POINT('',(-0.310649651324553,-0.016002,-0.162009618943234));
#8098=CARTESIAN_POINT('',(-0.267348381135332,-0.016002,-0.137009618943234));
#8099=CARTESIAN_POINT('',(-0.252348381135332,-0.016002,-0.162990381056767));
#8100=CARTESIAN_POINT('',(-0.20904711094611,-0.016002,-0.137990381056767));
#8101=CARTESIAN_POINT('',(-0.224047110946109,-0.016002,-0.112009618943234));
#8102=CARTESIAN_POINT('',(-0.180745840756887,-0.016002,-0.0870096189432336));
#8103=CARTESIAN_POINT('',(-0.165745840756888,-0.016002,-0.112990381056767));
#8104=CARTESIAN_POINT('',(-0.122444570567666,-0.016002,-0.0879903810567667));
#8105=CARTESIAN_POINT('',(-0.094143300378444,-0.016002,0.0370096189432333));
#8106=CARTESIAN_POINT('',(-0.0791433003784438,-0.016002,-0.0629903810567667));
#8107=CARTESIAN_POINT('',(-0.0941433003784438,-0.016002,-0.0370096189432335));
#8108=CARTESIAN_POINT('',(-0.137444570567666,-0.016002,-0.0620096189432335));
#8109=CARTESIAN_POINT('',(-0.0791433003784439,-0.016002,0.0629903810567665));
#8110=CARTESIAN_POINT('',(-0.122444570567666,-0.016002,0.0879903810567665));
#8111=CARTESIAN_POINT('',(-0.137444570567666,-0.016002,0.0620096189432333));
#8112=CARTESIAN_POINT('',(-0.180745840756888,-0.016002,0.0870096189432332));
#8113=CARTESIAN_POINT('',(-0.165745840756888,-0.016002,0.112990381056766));
#8114=CARTESIAN_POINT('',(-0.22404711094611,-0.016002,0.112009618943233));
#8115=CARTESIAN_POINT('',(-0.20904711094611,-0.016002,0.137990381056766));
#8116=CARTESIAN_POINT('',(-0.267348381135332,-0.016002,0.137009618943233));
#8117=CARTESIAN_POINT('',(-0.252348381135332,-0.016002,0.162990381056766));
#8118=CARTESIAN_POINT('',(-0.310649651324554,-0.016002,0.162009618943233));
#8119=CARTESIAN_POINT('',(-0.295649651324554,-0.016002,0.187990381056767));
#8120=CARTESIAN_POINT('',(-0.353950921513776,-0.016002,0.187009618943233));
#8121=CARTESIAN_POINT('',(-0.338950921513776,-0.016002,0.212990381056767));
#8122=CARTESIAN_POINT('',(-0.382252191702997,-0.016002,0.237990381056766));
#8123=CARTESIAN_POINT('',(-0.397252191702997,-0.016002,0.212009618943233));
#8124=CARTESIAN_POINT('',(-0.44055346189222,-0.016002,0.237009618943233));
#8125=CARTESIAN_POINT('',(-0.42555346189222,-0.016002,0.262990381056766));
#8126=CARTESIAN_POINT('',(-0.468854732081442,-0.016002,0.287990381056766));
#8127=CARTESIAN_POINT('',(-0.483854732081442,-0.016002,0.262009618943233));
#8128=CARTESIAN_POINT('',(-0.172913776730965,-0.013998,0.398424557634056));
#8129=CARTESIAN_POINT('',(-0.164830435710635,-0.013998,0.369534081730239));
#8130=CARTESIAN_POINT('',(-0.172913776730965,-0.013998,-0.398424557634056));
#8131=CARTESIAN_POINT('',(-0.164830435710635,-0.013998,-0.369534081730239));
#8132=MECHANICAL_DESIGN_GEOMETRIC_PRESENTATION_REPRESENTATION('',(#4881),
#8133);
#8133=(
GEOMETRIC_REPRESENTATION_CONTEXT(3)
GLOBAL_UNCERTAINTY_ASSIGNED_CONTEXT((#8134))
GLOBAL_UNIT_ASSIGNED_CONTEXT((#8137,#8136,#8135))
REPRESENTATION_CONTEXT('Slotted Antenna','TOP_LEVEL_ASSEMBLY_PART')
);
#8134=UNCERTAINTY_MEASURE_WITH_UNIT(LENGTH_MEASURE(2.E-5),#8137,
'DISTANCE_ACCURACY_VALUE','Maximum Tolerance applied to model');
#8135=(
NAMED_UNIT(*)
SI_UNIT($,.STERADIAN.)
SOLID_ANGLE_UNIT()
);
#8136=(
NAMED_UNIT(*)
PLANE_ANGLE_UNIT()
SI_UNIT($,.RADIAN.)
);
#8137=(
LENGTH_UNIT()
NAMED_UNIT(*)
SI_UNIT($,.METRE.)
);
#8138=PRODUCT_DEFINITION_SHAPE('','',#8139);
#8139=PRODUCT_DEFINITION('','',#8141,#8140);
#8140=PRODUCT_DEFINITION_CONTEXT('',#8147,'design');
#8141=PRODUCT_DEFINITION_FORMATION_WITH_SPECIFIED_SOURCE('','',#8143,
 .NOT_KNOWN.);
#8142=PRODUCT_RELATED_PRODUCT_CATEGORY('','',(#8143));
#8143=PRODUCT('Slotted Antenna','Slotted Antenna','Slotted Antenna',(#8145));
#8144=PRODUCT_CATEGORY('','');
#8145=PRODUCT_CONTEXT('',#8147,'mechanical');
#8146=APPLICATION_PROTOCOL_DEFINITION('international standard',
'ap242_managed_model_based_3d_engineering',2011,#8147);
#8147=APPLICATION_CONTEXT('managed model based 3d engineering');
ENDSEC;
END-ISO-10303-21;
