ISO-10303-21;
HEADER;
/* Generated by software containing ST-Developer
 * from STEP Tools, Inc. (www.steptools.com) 
 */
/* OPTION: using custom renumber hook */

FILE_DESCRIPTION(
/* description */ ('STEP AP242',
'CAx-IF Rec.Pracs.---Representation and Presentation of Product Manufa
cturing Information (PMI)---4.0---2014-10-13',
'CAx-IF Rec.Pracs.---3D Tessellated Geometry---0.4---2014-09-14','2;1'),

/* implementation_level */ '2;1');

FILE_NAME(
/* name */ '68fb1b2478a1d30a472b225e',
/* time_stamp */ '2025-10-24T06:22:28Z',
/* author */ (''),
/* organization */ (''),
/* preprocessor_version */ 'ST-DEVELOPER v20',
/* originating_system */ 'ONSHAPE BY PTC INC, 1.205',
/* authorisation */ '  ');

FILE_SCHEMA (('AP242_MANAGED_MODEL_BASED_3D_ENGINEERING_MIM_LF { 1 0 10303 442 1 1 4 }'));
ENDSEC;

DATA;
#10=SHAPE_REPRESENTATION_RELATIONSHIP('','',#2091,#11);
#11=ADVANCED_BREP_SHAPE_REPRESENTATION('',(#2089),#3456);
#12=CONICAL_SURFACE('',#2241,0.0025527,0.785398163397446);
#13=CONICAL_SURFACE('',#2263,0.0028067,0.785398163397446);
#14=B_SPLINE_SURFACE_WITH_KNOTS('',3,3,((#3201,#3202,#3203,#3204,#3205),
(#3206,#3207,#3208,#3209,#3210),(#3211,#3212,#3213,#3214,#3215),(#3216,
#3217,#3218,#3219,#3220)),.UNSPECIFIED.,.F.,.F.,.F.,(4,4),(4,1,4),(0.596425459453009,
0.824796823997041),(0.774802191086674,0.778101430735939,0.781400670385204),
 .UNSPECIFIED.);
#15=B_SPLINE_CURVE_WITH_KNOTS('',3,(#3086,#3087,#3088,#3089),
 .UNSPECIFIED.,.F.,.F.,(4,4),(8.01218625627872E-5,0.00050282731147592),
 .UNSPECIFIED.);
#16=B_SPLINE_CURVE_WITH_KNOTS('',3,(#3118,#3119,#3120,#3121,#3122,#3123,
#3124),.UNSPECIFIED.,.F.,.F.,(4,1,1,1,4),(0.0055822697394268,0.0122724900605466,
0.0189627103816663,0.0256529307027861,0.0323431510239058),.UNSPECIFIED.);
#17=B_SPLINE_CURVE_WITH_KNOTS('',3,(#3159,#3160,#3161,#3162),
 .UNSPECIFIED.,.F.,.F.,(4,4),(0.00624607010416406,0.009577430907547),
 .UNSPECIFIED.);
#18=B_SPLINE_CURVE_WITH_KNOTS('',3,(#3197,#3198,#3199,#3200),
 .UNSPECIFIED.,.F.,.F.,(4,4),(0.00448144409497484,0.00520499352681184),
 .UNSPECIFIED.);
#19=B_SPLINE_CURVE_WITH_KNOTS('',3,(#3221,#3222,#3223,#3224),
 .UNSPECIFIED.,.F.,.F.,(4,4),(0.00827692938852703,0.0122776678080237),
 .UNSPECIFIED.);
#20=CYLINDRICAL_SURFACE('',#2098,0.0872365061711804);
#21=CYLINDRICAL_SURFACE('',#2112,0.0025527);
#22=CYLINDRICAL_SURFACE('',#2116,0.0025527);
#23=CYLINDRICAL_SURFACE('',#2119,0.0025527);
#24=CYLINDRICAL_SURFACE('',#2128,0.01492);
#25=CYLINDRICAL_SURFACE('',#2136,0.00175);
#26=CYLINDRICAL_SURFACE('',#2138,0.00175);
#27=CYLINDRICAL_SURFACE('',#2141,0.0872365061711804);
#28=CYLINDRICAL_SURFACE('',#2154,0.01254);
#29=CYLINDRICAL_SURFACE('',#2161,0.01254);
#30=CYLINDRICAL_SURFACE('',#2165,0.011);
#31=CYLINDRICAL_SURFACE('',#2166,0.011);
#32=CYLINDRICAL_SURFACE('',#2170,0.005);
#33=CYLINDRICAL_SURFACE('',#2173,0.011);
#34=CYLINDRICAL_SURFACE('',#2178,0.00775);
#35=CYLINDRICAL_SURFACE('',#2182,0.009);
#36=CYLINDRICAL_SURFACE('',#2186,0.009);
#37=CYLINDRICAL_SURFACE('',#2190,0.00775);
#38=CYLINDRICAL_SURFACE('',#2194,0.005);
#39=CYLINDRICAL_SURFACE('',#2195,0.011);
#40=CYLINDRICAL_SURFACE('',#2204,0.0025527);
#41=CYLINDRICAL_SURFACE('',#2206,0.0025527);
#42=CYLINDRICAL_SURFACE('',#2208,0.0025527);
#43=CYLINDRICAL_SURFACE('',#2210,0.0025527);
#44=CYLINDRICAL_SURFACE('',#2212,0.0025527);
#45=CYLINDRICAL_SURFACE('',#2214,0.0025527);
#46=CYLINDRICAL_SURFACE('',#2216,0.0025527);
#47=CYLINDRICAL_SURFACE('',#2218,0.0025527);
#48=CYLINDRICAL_SURFACE('',#2220,0.011);
#49=CYLINDRICAL_SURFACE('',#2224,0.004);
#50=LINE('',#2834,#264);
#51=LINE('',#2837,#265);
#52=LINE('',#2839,#266);
#53=LINE('',#2841,#267);
#54=LINE('',#2845,#268);
#55=LINE('',#2847,#269);
#56=LINE('',#2850,#270);
#57=LINE('',#2851,#271);
#58=LINE('',#2856,#272);
#59=LINE('',#2860,#273);
#60=LINE('',#2864,#274);
#61=LINE('',#2868,#275);
#62=LINE('',#2884,#276);
#63=LINE('',#2887,#277);
#64=LINE('',#2889,#278);
#65=LINE('',#2891,#279);
#66=LINE('',#2893,#280);
#67=LINE('',#2895,#281);
#68=LINE('',#2897,#282);
#69=LINE('',#2899,#283);
#70=LINE('',#2901,#284);
#71=LINE('',#2903,#285);
#72=LINE('',#2905,#286);
#73=LINE('',#2907,#287);
#74=LINE('',#2909,#288);
#75=LINE('',#2911,#289);
#76=LINE('',#2913,#290);
#77=LINE('',#2915,#291);
#78=LINE('',#2917,#292);
#79=LINE('',#2919,#293);
#80=LINE('',#2921,#294);
#81=LINE('',#2923,#295);
#82=LINE('',#2925,#296);
#83=LINE('',#2927,#297);
#84=LINE('',#2929,#298);
#85=LINE('',#2931,#299);
#86=LINE('',#2933,#300);
#87=LINE('',#2935,#301);
#88=LINE('',#2937,#302);
#89=LINE('',#2939,#303);
#90=LINE('',#2941,#304);
#91=LINE('',#2943,#305);
#92=LINE('',#2944,#306);
#93=LINE('',#2946,#307);
#94=LINE('',#2948,#308);
#95=LINE('',#2950,#309);
#96=LINE('',#2952,#310);
#97=LINE('',#2954,#311);
#98=LINE('',#2957,#312);
#99=LINE('',#2959,#313);
#100=LINE('',#2961,#314);
#101=LINE('',#2963,#315);
#102=LINE('',#2965,#316);
#103=LINE('',#2966,#317);
#104=LINE('',#2969,#318);
#105=LINE('',#2971,#319);
#106=LINE('',#2973,#320);
#107=LINE('',#2975,#321);
#108=LINE('',#2977,#322);
#109=LINE('',#2978,#323);
#110=LINE('',#2981,#324);
#111=LINE('',#2983,#325);
#112=LINE('',#2985,#326);
#113=LINE('',#2987,#327);
#114=LINE('',#2989,#328);
#115=LINE('',#2994,#329);
#116=LINE('',#2997,#330);
#117=LINE('',#2999,#331);
#118=LINE('',#3001,#332);
#119=LINE('',#3003,#333);
#120=LINE('',#3005,#334);
#121=LINE('',#3007,#335);
#122=LINE('',#3009,#336);
#123=LINE('',#3010,#337);
#124=LINE('',#3012,#338);
#125=LINE('',#3014,#339);
#126=LINE('',#3026,#340);
#127=LINE('',#3029,#341);
#128=LINE('',#3031,#342);
#129=LINE('',#3033,#343);
#130=LINE('',#3035,#344);
#131=LINE('',#3037,#345);
#132=LINE('',#3039,#346);
#133=LINE('',#3041,#347);
#134=LINE('',#3043,#348);
#135=LINE('',#3045,#349);
#136=LINE('',#3047,#350);
#137=LINE('',#3049,#351);
#138=LINE('',#3051,#352);
#139=LINE('',#3053,#353);
#140=LINE('',#3055,#354);
#141=LINE('',#3057,#355);
#142=LINE('',#3059,#356);
#143=LINE('',#3061,#357);
#144=LINE('',#3062,#358);
#145=LINE('',#3064,#359);
#146=LINE('',#3066,#360);
#147=LINE('',#3068,#361);
#148=LINE('',#3069,#362);
#149=LINE('',#3071,#363);
#150=LINE('',#3077,#364);
#151=LINE('',#3080,#365);
#152=LINE('',#3082,#366);
#153=LINE('',#3091,#367);
#154=LINE('',#3093,#368);
#155=LINE('',#3095,#369);
#156=LINE('',#3097,#370);
#157=LINE('',#3099,#371);
#158=LINE('',#3101,#372);
#159=LINE('',#3103,#373);
#160=LINE('',#3105,#374);
#161=LINE('',#3107,#375);
#162=LINE('',#3109,#376);
#163=LINE('',#3111,#377);
#164=LINE('',#3112,#378);
#165=LINE('',#3114,#379);
#166=LINE('',#3116,#380);
#167=LINE('',#3129,#381);
#168=LINE('',#3133,#382);
#169=LINE('',#3140,#383);
#170=LINE('',#3141,#384);
#171=LINE('',#3149,#385);
#172=LINE('',#3151,#386);
#173=LINE('',#3153,#387);
#174=LINE('',#3155,#388);
#175=LINE('',#3157,#389);
#176=LINE('',#3163,#390);
#177=LINE('',#3167,#391);
#178=LINE('',#3169,#392);
#179=LINE('',#3171,#393);
#180=LINE('',#3173,#394);
#181=LINE('',#3175,#395);
#182=LINE('',#3178,#396);
#183=LINE('',#3195,#397);
#184=LINE('',#3258,#398);
#185=LINE('',#3260,#399);
#186=LINE('',#3262,#400);
#187=LINE('',#3264,#401);
#188=LINE('',#3266,#402);
#189=LINE('',#3268,#403);
#190=LINE('',#3270,#404);
#191=LINE('',#3271,#405);
#192=LINE('',#3273,#406);
#193=LINE('',#3275,#407);
#194=LINE('',#3277,#408);
#195=LINE('',#3279,#409);
#196=LINE('',#3281,#410);
#197=LINE('',#3283,#411);
#198=LINE('',#3285,#412);
#199=LINE('',#3287,#413);
#200=LINE('',#3318,#414);
#201=LINE('',#3320,#415);
#202=LINE('',#3322,#416);
#203=LINE('',#3325,#417);
#204=LINE('',#3327,#418);
#205=LINE('',#3329,#419);
#206=LINE('',#3331,#420);
#207=LINE('',#3333,#421);
#208=LINE('',#3335,#422);
#209=LINE('',#3337,#423);
#210=LINE('',#3339,#424);
#211=LINE('',#3341,#425);
#212=LINE('',#3343,#426);
#213=LINE('',#3345,#427);
#214=LINE('',#3347,#428);
#215=LINE('',#3349,#429);
#216=LINE('',#3351,#430);
#217=LINE('',#3353,#431);
#218=LINE('',#3355,#432);
#219=LINE('',#3356,#433);
#220=LINE('',#3361,#434);
#221=LINE('',#3362,#435);
#222=LINE('',#3364,#436);
#223=LINE('',#3366,#437);
#224=LINE('',#3368,#438);
#225=LINE('',#3370,#439);
#226=LINE('',#3374,#440);
#227=LINE('',#3377,#441);
#228=LINE('',#3379,#442);
#229=LINE('',#3381,#443);
#230=LINE('',#3383,#444);
#231=LINE('',#3384,#445);
#232=LINE('',#3386,#446);
#233=LINE('',#3387,#447);
#234=LINE('',#3389,#448);
#235=LINE('',#3391,#449);
#236=LINE('',#3393,#450);
#237=LINE('',#3395,#451);
#238=LINE('',#3397,#452);
#239=LINE('',#3399,#453);
#240=LINE('',#3404,#454);
#241=LINE('',#3407,#455);
#242=LINE('',#3409,#456);
#243=LINE('',#3411,#457);
#244=LINE('',#3413,#458);
#245=LINE('',#3415,#459);
#246=LINE('',#3417,#460);
#247=LINE('',#3419,#461);
#248=LINE('',#3421,#462);
#249=LINE('',#3423,#463);
#250=LINE('',#3425,#464);
#251=LINE('',#3427,#465);
#252=LINE('',#3429,#466);
#253=LINE('',#3431,#467);
#254=LINE('',#3433,#468);
#255=LINE('',#3435,#469);
#256=LINE('',#3437,#470);
#257=LINE('',#3439,#471);
#258=LINE('',#3441,#472);
#259=LINE('',#3442,#473);
#260=LINE('',#3444,#474);
#261=LINE('',#3446,#475);
#262=LINE('',#3448,#476);
#263=LINE('',#3450,#477);
#264=VECTOR('',#2274,1.);
#265=VECTOR('',#2275,1.);
#266=VECTOR('',#2276,1.);
#267=VECTOR('',#2277,1.);
#268=VECTOR('',#2280,1.);
#269=VECTOR('',#2283,1.);
#270=VECTOR('',#2284,1.);
#271=VECTOR('',#2285,1.);
#272=VECTOR('',#2290,1.);
#273=VECTOR('',#2293,1.);
#274=VECTOR('',#2296,1.);
#275=VECTOR('',#2299,1.);
#276=VECTOR('',#2316,1.);
#277=VECTOR('',#2317,1.);
#278=VECTOR('',#2318,1.);
#279=VECTOR('',#2319,1.);
#280=VECTOR('',#2320,1.);
#281=VECTOR('',#2321,1.);
#282=VECTOR('',#2322,1.);
#283=VECTOR('',#2323,1.);
#284=VECTOR('',#2324,1.);
#285=VECTOR('',#2325,1.);
#286=VECTOR('',#2326,1.);
#287=VECTOR('',#2327,1.);
#288=VECTOR('',#2328,1.);
#289=VECTOR('',#2329,1.);
#290=VECTOR('',#2330,1.);
#291=VECTOR('',#2331,1.);
#292=VECTOR('',#2332,1.);
#293=VECTOR('',#2333,1.);
#294=VECTOR('',#2334,1.);
#295=VECTOR('',#2335,1.);
#296=VECTOR('',#2336,1.);
#297=VECTOR('',#2337,1.);
#298=VECTOR('',#2338,1.);
#299=VECTOR('',#2339,1.);
#300=VECTOR('',#2340,1.);
#301=VECTOR('',#2341,1.);
#302=VECTOR('',#2342,1.);
#303=VECTOR('',#2343,1.);
#304=VECTOR('',#2344,1.);
#305=VECTOR('',#2345,1.);
#306=VECTOR('',#2346,1.);
#307=VECTOR('',#2347,1.);
#308=VECTOR('',#2348,1.);
#309=VECTOR('',#2349,1.);
#310=VECTOR('',#2350,1.);
#311=VECTOR('',#2353,1.);
#312=VECTOR('',#2354,1.);
#313=VECTOR('',#2355,1.);
#314=VECTOR('',#2356,1.);
#315=VECTOR('',#2357,1.);
#316=VECTOR('',#2358,1.);
#317=VECTOR('',#2359,1.);
#318=VECTOR('',#2360,1.);
#319=VECTOR('',#2361,1.);
#320=VECTOR('',#2362,1.);
#321=VECTOR('',#2363,1.);
#322=VECTOR('',#2364,1.);
#323=VECTOR('',#2365,1.);
#324=VECTOR('',#2366,1.);
#325=VECTOR('',#2367,1.);
#326=VECTOR('',#2368,1.);
#327=VECTOR('',#2369,1.);
#328=VECTOR('',#2370,1.);
#329=VECTOR('',#2377,1.);
#330=VECTOR('',#2378,1.);
#331=VECTOR('',#2379,1.);
#332=VECTOR('',#2380,1.);
#333=VECTOR('',#2383,1.);
#334=VECTOR('',#2384,1.);
#335=VECTOR('',#2385,1.);
#336=VECTOR('',#2386,1.);
#337=VECTOR('',#2387,1.);
#338=VECTOR('',#2388,1.);
#339=VECTOR('',#2389,1.);
#340=VECTOR('',#2404,1.);
#341=VECTOR('',#2405,1.);
#342=VECTOR('',#2406,1.);
#343=VECTOR('',#2407,1.);
#344=VECTOR('',#2408,1.);
#345=VECTOR('',#2409,1.);
#346=VECTOR('',#2410,1.);
#347=VECTOR('',#2411,1.);
#348=VECTOR('',#2412,1.);
#349=VECTOR('',#2413,1.);
#350=VECTOR('',#2414,1.);
#351=VECTOR('',#2415,1.);
#352=VECTOR('',#2416,1.);
#353=VECTOR('',#2417,1.);
#354=VECTOR('',#2418,1.);
#355=VECTOR('',#2419,1.);
#356=VECTOR('',#2420,1.);
#357=VECTOR('',#2421,1.);
#358=VECTOR('',#2422,1.);
#359=VECTOR('',#2423,1.);
#360=VECTOR('',#2424,1.);
#361=VECTOR('',#2425,1.);
#362=VECTOR('',#2426,1.);
#363=VECTOR('',#2427,1.);
#364=VECTOR('',#2434,1.);
#365=VECTOR('',#2435,1.);
#366=VECTOR('',#2436,1.);
#367=VECTOR('',#2439,1.);
#368=VECTOR('',#2440,1.);
#369=VECTOR('',#2441,1.);
#370=VECTOR('',#2442,1.);
#371=VECTOR('',#2443,1.);
#372=VECTOR('',#2444,1.);
#373=VECTOR('',#2445,1.);
#374=VECTOR('',#2446,1.);
#375=VECTOR('',#2449,1.);
#376=VECTOR('',#2450,1.);
#377=VECTOR('',#2451,1.);
#378=VECTOR('',#2452,1.);
#379=VECTOR('',#2453,1.);
#380=VECTOR('',#2454,1.);
#381=VECTOR('',#2459,1.);
#382=VECTOR('',#2462,1.);
#383=VECTOR('',#2473,1.);
#384=VECTOR('',#2474,1.);
#385=VECTOR('',#2485,1.);
#386=VECTOR('',#2486,1.);
#387=VECTOR('',#2487,1.);
#388=VECTOR('',#2490,1.);
#389=VECTOR('',#2491,1.);
#390=VECTOR('',#2492,1.);
#391=VECTOR('',#2497,1.);
#392=VECTOR('',#2498,1.);
#393=VECTOR('',#2501,1.);
#394=VECTOR('',#2504,1.);
#395=VECTOR('',#2505,1.);
#396=VECTOR('',#2510,1.);
#397=VECTOR('',#2543,1.);
#398=VECTOR('',#2610,1.);
#399=VECTOR('',#2611,1.);
#400=VECTOR('',#2614,1.);
#401=VECTOR('',#2615,1.);
#402=VECTOR('',#2618,1.);
#403=VECTOR('',#2619,1.);
#404=VECTOR('',#2622,1.);
#405=VECTOR('',#2623,1.);
#406=VECTOR('',#2626,1.);
#407=VECTOR('',#2627,1.);
#408=VECTOR('',#2628,1.);
#409=VECTOR('',#2631,1.);
#410=VECTOR('',#2634,1.);
#411=VECTOR('',#2635,1.);
#412=VECTOR('',#2638,1.);
#413=VECTOR('',#2639,1.);
#414=VECTOR('',#2684,1.);
#415=VECTOR('',#2687,1.);
#416=VECTOR('',#2690,1.);
#417=VECTOR('',#2691,1.);
#418=VECTOR('',#2692,1.);
#419=VECTOR('',#2693,1.);
#420=VECTOR('',#2696,1.);
#421=VECTOR('',#2697,1.);
#422=VECTOR('',#2698,1.);
#423=VECTOR('',#2701,1.);
#424=VECTOR('',#2702,1.);
#425=VECTOR('',#2703,1.);
#426=VECTOR('',#2706,1.);
#427=VECTOR('',#2707,1.);
#428=VECTOR('',#2708,1.);
#429=VECTOR('',#2711,1.);
#430=VECTOR('',#2712,1.);
#431=VECTOR('',#2713,1.);
#432=VECTOR('',#2716,1.);
#433=VECTOR('',#2717,1.);
#434=VECTOR('',#2724,1.);
#435=VECTOR('',#2725,1.);
#436=VECTOR('',#2728,1.);
#437=VECTOR('',#2731,1.);
#438=VECTOR('',#2734,1.);
#439=VECTOR('',#2737,1.);
#440=VECTOR('',#2744,1.);
#441=VECTOR('',#2745,1.);
#442=VECTOR('',#2746,1.);
#443=VECTOR('',#2747,1.);
#444=VECTOR('',#2750,1.);
#445=VECTOR('',#2751,1.);
#446=VECTOR('',#2754,1.);
#447=VECTOR('',#2755,1.);
#448=VECTOR('',#2756,1.);
#449=VECTOR('',#2759,1.);
#450=VECTOR('',#2760,1.);
#451=VECTOR('',#2761,1.);
#452=VECTOR('',#2764,1.);
#453=VECTOR('',#2767,1.);
#454=VECTOR('',#2774,1.);
#455=VECTOR('',#2775,1.);
#456=VECTOR('',#2776,1.);
#457=VECTOR('',#2777,1.);
#458=VECTOR('',#2778,1.);
#459=VECTOR('',#2779,1.);
#460=VECTOR('',#2782,1.);
#461=VECTOR('',#2783,1.);
#462=VECTOR('',#2784,1.);
#463=VECTOR('',#2787,1.);
#464=VECTOR('',#2788,1.);
#465=VECTOR('',#2791,1.);
#466=VECTOR('',#2792,1.);
#467=VECTOR('',#2795,1.);
#468=VECTOR('',#2796,1.);
#469=VECTOR('',#2799,1.);
#470=VECTOR('',#2800,1.);
#471=VECTOR('',#2803,1.);
#472=VECTOR('',#2806,1.);
#473=VECTOR('',#2807,1.);
#474=VECTOR('',#2810,1.);
#475=VECTOR('',#2813,1.);
#476=VECTOR('',#2816,1.);
#477=VECTOR('',#2819,1.);
#478=ORIENTED_EDGE('',*,*,#1050,.F.);
#479=ORIENTED_EDGE('',*,*,#1051,.F.);
#480=ORIENTED_EDGE('',*,*,#1052,.T.);
#481=ORIENTED_EDGE('',*,*,#1053,.T.);
#482=ORIENTED_EDGE('',*,*,#1054,.T.);
#483=ORIENTED_EDGE('',*,*,#1055,.F.);
#484=ORIENTED_EDGE('',*,*,#1056,.F.);
#485=ORIENTED_EDGE('',*,*,#1057,.F.);
#486=ORIENTED_EDGE('',*,*,#1058,.T.);
#487=ORIENTED_EDGE('',*,*,#1059,.T.);
#488=ORIENTED_EDGE('',*,*,#1052,.F.);
#489=ORIENTED_EDGE('',*,*,#1060,.F.);
#490=ORIENTED_EDGE('',*,*,#1061,.T.);
#491=ORIENTED_EDGE('',*,*,#1062,.T.);
#492=ORIENTED_EDGE('',*,*,#1063,.T.);
#493=ORIENTED_EDGE('',*,*,#1064,.T.);
#494=ORIENTED_EDGE('',*,*,#1065,.F.);
#495=ORIENTED_EDGE('',*,*,#1066,.F.);
#496=ORIENTED_EDGE('',*,*,#1067,.F.);
#497=ORIENTED_EDGE('',*,*,#1068,.F.);
#498=ORIENTED_EDGE('',*,*,#1069,.F.);
#499=ORIENTED_EDGE('',*,*,#1070,.F.);
#500=ORIENTED_EDGE('',*,*,#1071,.F.);
#501=ORIENTED_EDGE('',*,*,#1072,.F.);
#502=ORIENTED_EDGE('',*,*,#1073,.F.);
#503=ORIENTED_EDGE('',*,*,#1074,.T.);
#504=ORIENTED_EDGE('',*,*,#1075,.T.);
#505=ORIENTED_EDGE('',*,*,#1076,.T.);
#506=ORIENTED_EDGE('',*,*,#1077,.F.);
#507=ORIENTED_EDGE('',*,*,#1078,.T.);
#508=ORIENTED_EDGE('',*,*,#1079,.F.);
#509=ORIENTED_EDGE('',*,*,#1080,.T.);
#510=ORIENTED_EDGE('',*,*,#1081,.F.);
#511=ORIENTED_EDGE('',*,*,#1082,.T.);
#512=ORIENTED_EDGE('',*,*,#1083,.F.);
#513=ORIENTED_EDGE('',*,*,#1084,.F.);
#514=ORIENTED_EDGE('',*,*,#1085,.F.);
#515=ORIENTED_EDGE('',*,*,#1086,.T.);
#516=ORIENTED_EDGE('',*,*,#1087,.T.);
#517=ORIENTED_EDGE('',*,*,#1088,.F.);
#518=ORIENTED_EDGE('',*,*,#1089,.T.);
#519=ORIENTED_EDGE('',*,*,#1090,.F.);
#520=ORIENTED_EDGE('',*,*,#1091,.F.);
#521=ORIENTED_EDGE('',*,*,#1092,.T.);
#522=ORIENTED_EDGE('',*,*,#1093,.F.);
#523=ORIENTED_EDGE('',*,*,#1094,.F.);
#524=ORIENTED_EDGE('',*,*,#1095,.F.);
#525=ORIENTED_EDGE('',*,*,#1096,.F.);
#526=ORIENTED_EDGE('',*,*,#1097,.F.);
#527=ORIENTED_EDGE('',*,*,#1098,.F.);
#528=ORIENTED_EDGE('',*,*,#1099,.F.);
#529=ORIENTED_EDGE('',*,*,#1100,.F.);
#530=ORIENTED_EDGE('',*,*,#1101,.F.);
#531=ORIENTED_EDGE('',*,*,#1102,.F.);
#532=ORIENTED_EDGE('',*,*,#1103,.T.);
#533=ORIENTED_EDGE('',*,*,#1104,.T.);
#534=ORIENTED_EDGE('',*,*,#1105,.T.);
#535=ORIENTED_EDGE('',*,*,#1055,.T.);
#536=ORIENTED_EDGE('',*,*,#1106,.F.);
#537=ORIENTED_EDGE('',*,*,#1107,.T.);
#538=ORIENTED_EDGE('',*,*,#1108,.T.);
#539=ORIENTED_EDGE('',*,*,#1109,.T.);
#540=ORIENTED_EDGE('',*,*,#1110,.T.);
#541=ORIENTED_EDGE('',*,*,#1111,.T.);
#542=ORIENTED_EDGE('',*,*,#1112,.T.);
#543=ORIENTED_EDGE('',*,*,#1113,.T.);
#544=ORIENTED_EDGE('',*,*,#1114,.T.);
#545=ORIENTED_EDGE('',*,*,#1115,.T.);
#546=ORIENTED_EDGE('',*,*,#1116,.T.);
#547=ORIENTED_EDGE('',*,*,#1117,.F.);
#548=ORIENTED_EDGE('',*,*,#1118,.F.);
#549=ORIENTED_EDGE('',*,*,#1119,.T.);
#550=ORIENTED_EDGE('',*,*,#1120,.F.);
#551=ORIENTED_EDGE('',*,*,#1121,.T.);
#552=ORIENTED_EDGE('',*,*,#1122,.T.);
#553=ORIENTED_EDGE('',*,*,#1123,.T.);
#554=ORIENTED_EDGE('',*,*,#1124,.T.);
#555=ORIENTED_EDGE('',*,*,#1125,.T.);
#556=ORIENTED_EDGE('',*,*,#1126,.T.);
#557=ORIENTED_EDGE('',*,*,#1127,.T.);
#558=ORIENTED_EDGE('',*,*,#1128,.T.);
#559=ORIENTED_EDGE('',*,*,#1129,.T.);
#560=ORIENTED_EDGE('',*,*,#1069,.T.);
#561=ORIENTED_EDGE('',*,*,#1130,.F.);
#562=ORIENTED_EDGE('',*,*,#1131,.F.);
#563=ORIENTED_EDGE('',*,*,#1132,.T.);
#564=ORIENTED_EDGE('',*,*,#1133,.T.);
#565=ORIENTED_EDGE('',*,*,#1131,.T.);
#566=ORIENTED_EDGE('',*,*,#1134,.T.);
#567=ORIENTED_EDGE('',*,*,#1135,.T.);
#568=ORIENTED_EDGE('',*,*,#1136,.T.);
#569=ORIENTED_EDGE('',*,*,#1137,.T.);
#570=ORIENTED_EDGE('',*,*,#1061,.F.);
#571=ORIENTED_EDGE('',*,*,#1138,.T.);
#572=ORIENTED_EDGE('',*,*,#1139,.F.);
#573=ORIENTED_EDGE('',*,*,#1140,.F.);
#574=ORIENTED_EDGE('',*,*,#1141,.F.);
#575=ORIENTED_EDGE('',*,*,#1142,.T.);
#576=ORIENTED_EDGE('',*,*,#1143,.T.);
#577=ORIENTED_EDGE('',*,*,#1074,.F.);
#578=ORIENTED_EDGE('',*,*,#1141,.T.);
#579=ORIENTED_EDGE('',*,*,#1144,.T.);
#580=ORIENTED_EDGE('',*,*,#1145,.F.);
#581=ORIENTED_EDGE('',*,*,#1146,.F.);
#582=ORIENTED_EDGE('',*,*,#1147,.F.);
#583=ORIENTED_EDGE('',*,*,#1148,.F.);
#584=ORIENTED_EDGE('',*,*,#1149,.F.);
#585=ORIENTED_EDGE('',*,*,#1150,.F.);
#586=ORIENTED_EDGE('',*,*,#1151,.F.);
#587=ORIENTED_EDGE('',*,*,#1152,.F.);
#588=ORIENTED_EDGE('',*,*,#1153,.F.);
#589=ORIENTED_EDGE('',*,*,#1154,.F.);
#590=ORIENTED_EDGE('',*,*,#1155,.F.);
#591=ORIENTED_EDGE('',*,*,#1156,.T.);
#592=ORIENTED_EDGE('',*,*,#1157,.F.);
#593=ORIENTED_EDGE('',*,*,#1158,.F.);
#594=ORIENTED_EDGE('',*,*,#1159,.T.);
#595=ORIENTED_EDGE('',*,*,#1160,.F.);
#596=ORIENTED_EDGE('',*,*,#1161,.T.);
#597=ORIENTED_EDGE('',*,*,#1162,.T.);
#598=ORIENTED_EDGE('',*,*,#1067,.T.);
#599=ORIENTED_EDGE('',*,*,#1163,.T.);
#600=ORIENTED_EDGE('',*,*,#1164,.T.);
#601=ORIENTED_EDGE('',*,*,#1165,.F.);
#602=ORIENTED_EDGE('',*,*,#1166,.T.);
#603=ORIENTED_EDGE('',*,*,#1060,.T.);
#604=ORIENTED_EDGE('',*,*,#1057,.T.);
#605=ORIENTED_EDGE('',*,*,#1167,.F.);
#606=ORIENTED_EDGE('',*,*,#1168,.T.);
#607=ORIENTED_EDGE('',*,*,#1169,.F.);
#608=ORIENTED_EDGE('',*,*,#1170,.F.);
#609=ORIENTED_EDGE('',*,*,#1171,.F.);
#610=ORIENTED_EDGE('',*,*,#1172,.T.);
#611=ORIENTED_EDGE('',*,*,#1173,.F.);
#612=ORIENTED_EDGE('',*,*,#1174,.T.);
#613=ORIENTED_EDGE('',*,*,#1175,.F.);
#614=ORIENTED_EDGE('',*,*,#1176,.F.);
#615=ORIENTED_EDGE('',*,*,#1177,.F.);
#616=ORIENTED_EDGE('',*,*,#1178,.F.);
#617=ORIENTED_EDGE('',*,*,#1179,.T.);
#618=ORIENTED_EDGE('',*,*,#1180,.F.);
#619=ORIENTED_EDGE('',*,*,#1181,.T.);
#620=ORIENTED_EDGE('',*,*,#1182,.F.);
#621=ORIENTED_EDGE('',*,*,#1183,.T.);
#622=ORIENTED_EDGE('',*,*,#1122,.F.);
#623=ORIENTED_EDGE('',*,*,#1184,.T.);
#624=ORIENTED_EDGE('',*,*,#1185,.F.);
#625=ORIENTED_EDGE('',*,*,#1186,.F.);
#626=ORIENTED_EDGE('',*,*,#1110,.F.);
#627=ORIENTED_EDGE('',*,*,#1187,.T.);
#628=ORIENTED_EDGE('',*,*,#1188,.F.);
#629=ORIENTED_EDGE('',*,*,#1189,.F.);
#630=ORIENTED_EDGE('',*,*,#1190,.F.);
#631=ORIENTED_EDGE('',*,*,#1191,.T.);
#632=ORIENTED_EDGE('',*,*,#1192,.T.);
#633=ORIENTED_EDGE('',*,*,#1193,.T.);
#634=ORIENTED_EDGE('',*,*,#1194,.T.);
#635=ORIENTED_EDGE('',*,*,#1195,.F.);
#636=ORIENTED_EDGE('',*,*,#1120,.T.);
#637=ORIENTED_EDGE('',*,*,#1196,.T.);
#638=ORIENTED_EDGE('',*,*,#1085,.T.);
#639=ORIENTED_EDGE('',*,*,#1197,.F.);
#640=ORIENTED_EDGE('',*,*,#1068,.T.);
#641=ORIENTED_EDGE('',*,*,#1162,.F.);
#642=ORIENTED_EDGE('',*,*,#1198,.F.);
#643=ORIENTED_EDGE('',*,*,#1086,.F.);
#644=ORIENTED_EDGE('',*,*,#1196,.F.);
#645=ORIENTED_EDGE('',*,*,#1119,.F.);
#646=ORIENTED_EDGE('',*,*,#1199,.F.);
#647=ORIENTED_EDGE('',*,*,#1193,.F.);
#648=ORIENTED_EDGE('',*,*,#1200,.F.);
#649=ORIENTED_EDGE('',*,*,#1138,.F.);
#650=ORIENTED_EDGE('',*,*,#1051,.T.);
#651=ORIENTED_EDGE('',*,*,#1201,.F.);
#652=ORIENTED_EDGE('',*,*,#1050,.T.);
#653=ORIENTED_EDGE('',*,*,#1202,.T.);
#654=ORIENTED_EDGE('',*,*,#1203,.F.);
#655=ORIENTED_EDGE('',*,*,#1164,.F.);
#656=ORIENTED_EDGE('',*,*,#1204,.T.);
#657=ORIENTED_EDGE('',*,*,#1205,.F.);
#658=ORIENTED_EDGE('',*,*,#1206,.F.);
#659=ORIENTED_EDGE('',*,*,#1190,.T.);
#660=ORIENTED_EDGE('',*,*,#1207,.T.);
#661=ORIENTED_EDGE('',*,*,#1208,.T.);
#662=ORIENTED_EDGE('',*,*,#1174,.F.);
#663=ORIENTED_EDGE('',*,*,#1209,.T.);
#664=ORIENTED_EDGE('',*,*,#1210,.F.);
#665=ORIENTED_EDGE('',*,*,#1211,.F.);
#666=ORIENTED_EDGE('',*,*,#1212,.F.);
#667=ORIENTED_EDGE('',*,*,#1187,.F.);
#668=ORIENTED_EDGE('',*,*,#1109,.F.);
#669=ORIENTED_EDGE('',*,*,#1163,.F.);
#670=ORIENTED_EDGE('',*,*,#1066,.T.);
#671=ORIENTED_EDGE('',*,*,#1213,.F.);
#672=ORIENTED_EDGE('',*,*,#1204,.F.);
#673=ORIENTED_EDGE('',*,*,#1209,.F.);
#674=ORIENTED_EDGE('',*,*,#1173,.T.);
#675=ORIENTED_EDGE('',*,*,#1214,.T.);
#676=ORIENTED_EDGE('',*,*,#1215,.T.);
#677=ORIENTED_EDGE('',*,*,#1216,.F.);
#678=ORIENTED_EDGE('',*,*,#1076,.F.);
#679=ORIENTED_EDGE('',*,*,#1186,.T.);
#680=ORIENTED_EDGE('',*,*,#1217,.F.);
#681=ORIENTED_EDGE('',*,*,#1214,.F.);
#682=ORIENTED_EDGE('',*,*,#1172,.F.);
#683=ORIENTED_EDGE('',*,*,#1152,.T.);
#684=ORIENTED_EDGE('',*,*,#1218,.T.);
#685=ORIENTED_EDGE('',*,*,#1096,.T.);
#686=ORIENTED_EDGE('',*,*,#1219,.F.);
#687=ORIENTED_EDGE('',*,*,#1094,.T.);
#688=ORIENTED_EDGE('',*,*,#1220,.T.);
#689=ORIENTED_EDGE('',*,*,#1154,.T.);
#690=ORIENTED_EDGE('',*,*,#1221,.T.);
#691=ORIENTED_EDGE('',*,*,#1095,.T.);
#692=ORIENTED_EDGE('',*,*,#1221,.F.);
#693=ORIENTED_EDGE('',*,*,#1153,.T.);
#694=ORIENTED_EDGE('',*,*,#1219,.T.);
#695=ORIENTED_EDGE('',*,*,#1148,.T.);
#696=ORIENTED_EDGE('',*,*,#1222,.T.);
#697=ORIENTED_EDGE('',*,*,#1100,.T.);
#698=ORIENTED_EDGE('',*,*,#1223,.F.);
#699=ORIENTED_EDGE('',*,*,#1098,.T.);
#700=ORIENTED_EDGE('',*,*,#1224,.T.);
#701=ORIENTED_EDGE('',*,*,#1150,.T.);
#702=ORIENTED_EDGE('',*,*,#1225,.T.);
#703=ORIENTED_EDGE('',*,*,#1099,.T.);
#704=ORIENTED_EDGE('',*,*,#1225,.F.);
#705=ORIENTED_EDGE('',*,*,#1149,.T.);
#706=ORIENTED_EDGE('',*,*,#1223,.T.);
#707=ORIENTED_EDGE('',*,*,#1226,.T.);
#708=ORIENTED_EDGE('',*,*,#1177,.T.);
#709=ORIENTED_EDGE('',*,*,#1227,.T.);
#710=ORIENTED_EDGE('',*,*,#1228,.T.);
#711=ORIENTED_EDGE('',*,*,#1207,.F.);
#712=ORIENTED_EDGE('',*,*,#1197,.T.);
#713=ORIENTED_EDGE('',*,*,#1084,.T.);
#714=ORIENTED_EDGE('',*,*,#1175,.T.);
#715=ORIENTED_EDGE('',*,*,#1208,.F.);
#716=ORIENTED_EDGE('',*,*,#1228,.F.);
#717=ORIENTED_EDGE('',*,*,#1229,.F.);
#718=ORIENTED_EDGE('',*,*,#1176,.T.);
#719=ORIENTED_EDGE('',*,*,#1229,.T.);
#720=ORIENTED_EDGE('',*,*,#1227,.F.);
#721=ORIENTED_EDGE('',*,*,#1151,.T.);
#722=ORIENTED_EDGE('',*,*,#1224,.F.);
#723=ORIENTED_EDGE('',*,*,#1097,.T.);
#724=ORIENTED_EDGE('',*,*,#1218,.F.);
#725=ORIENTED_EDGE('',*,*,#1101,.T.);
#726=ORIENTED_EDGE('',*,*,#1222,.F.);
#727=ORIENTED_EDGE('',*,*,#1147,.T.);
#728=ORIENTED_EDGE('',*,*,#1230,.F.);
#729=ORIENTED_EDGE('',*,*,#1231,.F.);
#730=ORIENTED_EDGE('',*,*,#1102,.T.);
#731=ORIENTED_EDGE('',*,*,#1230,.T.);
#732=ORIENTED_EDGE('',*,*,#1146,.T.);
#733=ORIENTED_EDGE('',*,*,#1091,.T.);
#734=ORIENTED_EDGE('',*,*,#1232,.F.);
#735=ORIENTED_EDGE('',*,*,#1157,.T.);
#736=ORIENTED_EDGE('',*,*,#1233,.T.);
#737=ORIENTED_EDGE('',*,*,#1093,.T.);
#738=ORIENTED_EDGE('',*,*,#1234,.T.);
#739=ORIENTED_EDGE('',*,*,#1155,.T.);
#740=ORIENTED_EDGE('',*,*,#1220,.F.);
#741=ORIENTED_EDGE('',*,*,#1234,.F.);
#742=ORIENTED_EDGE('',*,*,#1092,.F.);
#743=ORIENTED_EDGE('',*,*,#1233,.F.);
#744=ORIENTED_EDGE('',*,*,#1156,.F.);
#745=ORIENTED_EDGE('',*,*,#1158,.T.);
#746=ORIENTED_EDGE('',*,*,#1232,.T.);
#747=ORIENTED_EDGE('',*,*,#1090,.T.);
#748=ORIENTED_EDGE('',*,*,#1235,.T.);
#749=ORIENTED_EDGE('',*,*,#1235,.F.);
#750=ORIENTED_EDGE('',*,*,#1089,.F.);
#751=ORIENTED_EDGE('',*,*,#1236,.T.);
#752=ORIENTED_EDGE('',*,*,#1159,.F.);
#753=ORIENTED_EDGE('',*,*,#1160,.T.);
#754=ORIENTED_EDGE('',*,*,#1236,.F.);
#755=ORIENTED_EDGE('',*,*,#1088,.T.);
#756=ORIENTED_EDGE('',*,*,#1237,.T.);
#757=ORIENTED_EDGE('',*,*,#1237,.F.);
#758=ORIENTED_EDGE('',*,*,#1087,.F.);
#759=ORIENTED_EDGE('',*,*,#1198,.T.);
#760=ORIENTED_EDGE('',*,*,#1161,.F.);
#761=ORIENTED_EDGE('',*,*,#1238,.F.);
#762=ORIENTED_EDGE('',*,*,#1082,.F.);
#763=ORIENTED_EDGE('',*,*,#1239,.T.);
#764=ORIENTED_EDGE('',*,*,#1179,.F.);
#765=ORIENTED_EDGE('',*,*,#1081,.T.);
#766=ORIENTED_EDGE('',*,*,#1240,.T.);
#767=ORIENTED_EDGE('',*,*,#1180,.T.);
#768=ORIENTED_EDGE('',*,*,#1239,.F.);
#769=ORIENTED_EDGE('',*,*,#1240,.F.);
#770=ORIENTED_EDGE('',*,*,#1080,.F.);
#771=ORIENTED_EDGE('',*,*,#1241,.T.);
#772=ORIENTED_EDGE('',*,*,#1181,.F.);
#773=ORIENTED_EDGE('',*,*,#1079,.T.);
#774=ORIENTED_EDGE('',*,*,#1242,.T.);
#775=ORIENTED_EDGE('',*,*,#1182,.T.);
#776=ORIENTED_EDGE('',*,*,#1241,.F.);
#777=ORIENTED_EDGE('',*,*,#1242,.F.);
#778=ORIENTED_EDGE('',*,*,#1078,.F.);
#779=ORIENTED_EDGE('',*,*,#1243,.F.);
#780=ORIENTED_EDGE('',*,*,#1183,.F.);
#781=ORIENTED_EDGE('',*,*,#1077,.T.);
#782=ORIENTED_EDGE('',*,*,#1216,.T.);
#783=ORIENTED_EDGE('',*,*,#1171,.T.);
#784=ORIENTED_EDGE('',*,*,#1243,.T.);
#785=ORIENTED_EDGE('',*,*,#1083,.T.);
#786=ORIENTED_EDGE('',*,*,#1238,.T.);
#787=ORIENTED_EDGE('',*,*,#1178,.T.);
#788=ORIENTED_EDGE('',*,*,#1226,.F.);
#789=ORIENTED_EDGE('',*,*,#1211,.T.);
#790=ORIENTED_EDGE('',*,*,#1108,.F.);
#791=ORIENTED_EDGE('',*,*,#1244,.F.);
#792=ORIENTED_EDGE('',*,*,#1245,.T.);
#793=ORIENTED_EDGE('',*,*,#1246,.F.);
#794=ORIENTED_EDGE('',*,*,#1247,.T.);
#795=ORIENTED_EDGE('',*,*,#1106,.T.);
#796=ORIENTED_EDGE('',*,*,#1054,.F.);
#797=ORIENTED_EDGE('',*,*,#1203,.T.);
#798=ORIENTED_EDGE('',*,*,#1248,.F.);
#799=ORIENTED_EDGE('',*,*,#1249,.F.);
#800=ORIENTED_EDGE('',*,*,#1165,.T.);
#801=ORIENTED_EDGE('',*,*,#1166,.F.);
#802=ORIENTED_EDGE('',*,*,#1249,.T.);
#803=ORIENTED_EDGE('',*,*,#1250,.F.);
#804=ORIENTED_EDGE('',*,*,#1244,.T.);
#805=ORIENTED_EDGE('',*,*,#1107,.F.);
#806=ORIENTED_EDGE('',*,*,#1247,.F.);
#807=ORIENTED_EDGE('',*,*,#1251,.F.);
#808=ORIENTED_EDGE('',*,*,#1058,.F.);
#809=ORIENTED_EDGE('',*,*,#1252,.F.);
#810=ORIENTED_EDGE('',*,*,#1253,.F.);
#811=ORIENTED_EDGE('',*,*,#1254,.F.);
#812=ORIENTED_EDGE('',*,*,#1194,.F.);
#813=ORIENTED_EDGE('',*,*,#1199,.T.);
#814=ORIENTED_EDGE('',*,*,#1118,.T.);
#815=ORIENTED_EDGE('',*,*,#1195,.T.);
#816=ORIENTED_EDGE('',*,*,#1254,.T.);
#817=ORIENTED_EDGE('',*,*,#1255,.T.);
#818=ORIENTED_EDGE('',*,*,#1184,.F.);
#819=ORIENTED_EDGE('',*,*,#1121,.F.);
#820=ORIENTED_EDGE('',*,*,#1206,.T.);
#821=ORIENTED_EDGE('',*,*,#1256,.F.);
#822=ORIENTED_EDGE('',*,*,#1257,.F.);
#823=ORIENTED_EDGE('',*,*,#1191,.F.);
#824=ORIENTED_EDGE('',*,*,#1258,.F.);
#825=ORIENTED_EDGE('',*,*,#1139,.T.);
#826=ORIENTED_EDGE('',*,*,#1200,.T.);
#827=ORIENTED_EDGE('',*,*,#1192,.F.);
#828=ORIENTED_EDGE('',*,*,#1257,.T.);
#829=ORIENTED_EDGE('',*,*,#1259,.F.);
#830=ORIENTED_EDGE('',*,*,#1144,.F.);
#831=ORIENTED_EDGE('',*,*,#1260,.T.);
#832=ORIENTED_EDGE('',*,*,#1075,.F.);
#833=ORIENTED_EDGE('',*,*,#1261,.T.);
#834=ORIENTED_EDGE('',*,*,#1073,.T.);
#835=ORIENTED_EDGE('',*,*,#1262,.F.);
#836=ORIENTED_EDGE('',*,*,#1072,.T.);
#837=ORIENTED_EDGE('',*,*,#1263,.F.);
#838=ORIENTED_EDGE('',*,*,#1071,.T.);
#839=ORIENTED_EDGE('',*,*,#1264,.F.);
#840=ORIENTED_EDGE('',*,*,#1169,.T.);
#841=ORIENTED_EDGE('',*,*,#1265,.F.);
#842=ORIENTED_EDGE('',*,*,#1170,.T.);
#843=ORIENTED_EDGE('',*,*,#1266,.F.);
#844=ORIENTED_EDGE('',*,*,#1070,.T.);
#845=ORIENTED_EDGE('',*,*,#1267,.F.);
#846=ORIENTED_EDGE('',*,*,#1167,.T.);
#847=ORIENTED_EDGE('',*,*,#1056,.T.);
#848=ORIENTED_EDGE('',*,*,#1105,.F.);
#849=ORIENTED_EDGE('',*,*,#1268,.F.);
#850=ORIENTED_EDGE('',*,*,#1104,.F.);
#851=ORIENTED_EDGE('',*,*,#1269,.T.);
#852=ORIENTED_EDGE('',*,*,#1168,.F.);
#853=ORIENTED_EDGE('',*,*,#1268,.T.);
#854=ORIENTED_EDGE('',*,*,#1231,.T.);
#855=ORIENTED_EDGE('',*,*,#1145,.T.);
#856=ORIENTED_EDGE('',*,*,#1269,.F.);
#857=ORIENTED_EDGE('',*,*,#1103,.F.);
#858=ORIENTED_EDGE('',*,*,#1201,.T.);
#859=ORIENTED_EDGE('',*,*,#1258,.T.);
#860=ORIENTED_EDGE('',*,*,#1270,.F.);
#861=ORIENTED_EDGE('',*,*,#1132,.F.);
#862=ORIENTED_EDGE('',*,*,#1140,.T.);
#863=ORIENTED_EDGE('',*,*,#1202,.F.);
#864=ORIENTED_EDGE('',*,*,#1189,.T.);
#865=ORIENTED_EDGE('',*,*,#1271,.F.);
#866=ORIENTED_EDGE('',*,*,#1252,.T.);
#867=ORIENTED_EDGE('',*,*,#1117,.T.);
#868=ORIENTED_EDGE('',*,*,#1272,.F.);
#869=ORIENTED_EDGE('',*,*,#1273,.T.);
#870=ORIENTED_EDGE('',*,*,#1274,.T.);
#871=ORIENTED_EDGE('',*,*,#1275,.F.);
#872=ORIENTED_EDGE('',*,*,#1274,.F.);
#873=ORIENTED_EDGE('',*,*,#1276,.T.);
#874=ORIENTED_EDGE('',*,*,#1277,.T.);
#875=ORIENTED_EDGE('',*,*,#1278,.F.);
#876=ORIENTED_EDGE('',*,*,#1277,.F.);
#877=ORIENTED_EDGE('',*,*,#1279,.T.);
#878=ORIENTED_EDGE('',*,*,#1280,.T.);
#879=ORIENTED_EDGE('',*,*,#1281,.F.);
#880=ORIENTED_EDGE('',*,*,#1280,.F.);
#881=ORIENTED_EDGE('',*,*,#1282,.T.);
#882=ORIENTED_EDGE('',*,*,#1283,.T.);
#883=ORIENTED_EDGE('',*,*,#1284,.F.);
#884=ORIENTED_EDGE('',*,*,#1283,.F.);
#885=ORIENTED_EDGE('',*,*,#1285,.T.);
#886=ORIENTED_EDGE('',*,*,#1286,.T.);
#887=ORIENTED_EDGE('',*,*,#1287,.F.);
#888=ORIENTED_EDGE('',*,*,#1286,.F.);
#889=ORIENTED_EDGE('',*,*,#1288,.T.);
#890=ORIENTED_EDGE('',*,*,#1272,.T.);
#891=ORIENTED_EDGE('',*,*,#1289,.F.);
#892=ORIENTED_EDGE('',*,*,#1290,.T.);
#893=ORIENTED_EDGE('',*,*,#1275,.T.);
#894=ORIENTED_EDGE('',*,*,#1278,.T.);
#895=ORIENTED_EDGE('',*,*,#1281,.T.);
#896=ORIENTED_EDGE('',*,*,#1284,.T.);
#897=ORIENTED_EDGE('',*,*,#1287,.T.);
#898=ORIENTED_EDGE('',*,*,#1289,.T.);
#899=ORIENTED_EDGE('',*,*,#1291,.F.);
#900=ORIENTED_EDGE('',*,*,#1282,.F.);
#901=ORIENTED_EDGE('',*,*,#1292,.F.);
#902=ORIENTED_EDGE('',*,*,#1127,.F.);
#903=ORIENTED_EDGE('',*,*,#1292,.T.);
#904=ORIENTED_EDGE('',*,*,#1279,.F.);
#905=ORIENTED_EDGE('',*,*,#1293,.F.);
#906=ORIENTED_EDGE('',*,*,#1128,.F.);
#907=ORIENTED_EDGE('',*,*,#1291,.T.);
#908=ORIENTED_EDGE('',*,*,#1126,.F.);
#909=ORIENTED_EDGE('',*,*,#1294,.F.);
#910=ORIENTED_EDGE('',*,*,#1285,.F.);
#911=ORIENTED_EDGE('',*,*,#1293,.T.);
#912=ORIENTED_EDGE('',*,*,#1276,.F.);
#913=ORIENTED_EDGE('',*,*,#1295,.F.);
#914=ORIENTED_EDGE('',*,*,#1123,.F.);
#915=ORIENTED_EDGE('',*,*,#1294,.T.);
#916=ORIENTED_EDGE('',*,*,#1125,.F.);
#917=ORIENTED_EDGE('',*,*,#1296,.F.);
#918=ORIENTED_EDGE('',*,*,#1288,.F.);
#919=ORIENTED_EDGE('',*,*,#1295,.T.);
#920=ORIENTED_EDGE('',*,*,#1273,.F.);
#921=ORIENTED_EDGE('',*,*,#1296,.T.);
#922=ORIENTED_EDGE('',*,*,#1124,.F.);
#923=ORIENTED_EDGE('',*,*,#1290,.F.);
#924=ORIENTED_EDGE('',*,*,#1143,.F.);
#925=ORIENTED_EDGE('',*,*,#1297,.F.);
#926=ORIENTED_EDGE('',*,*,#1298,.T.);
#927=ORIENTED_EDGE('',*,*,#1299,.T.);
#928=ORIENTED_EDGE('',*,*,#1300,.F.);
#929=ORIENTED_EDGE('',*,*,#1299,.F.);
#930=ORIENTED_EDGE('',*,*,#1301,.T.);
#931=ORIENTED_EDGE('',*,*,#1064,.F.);
#932=ORIENTED_EDGE('',*,*,#1302,.F.);
#933=ORIENTED_EDGE('',*,*,#1130,.T.);
#934=ORIENTED_EDGE('',*,*,#1303,.T.);
#935=ORIENTED_EDGE('',*,*,#1297,.T.);
#936=ORIENTED_EDGE('',*,*,#1304,.F.);
#937=ORIENTED_EDGE('',*,*,#1305,.F.);
#938=ORIENTED_EDGE('',*,*,#1134,.F.);
#939=ORIENTED_EDGE('',*,*,#1306,.T.);
#940=ORIENTED_EDGE('',*,*,#1307,.F.);
#941=ORIENTED_EDGE('',*,*,#1308,.F.);
#942=ORIENTED_EDGE('',*,*,#1136,.F.);
#943=ORIENTED_EDGE('',*,*,#1305,.T.);
#944=ORIENTED_EDGE('',*,*,#1309,.F.);
#945=ORIENTED_EDGE('',*,*,#1306,.F.);
#946=ORIENTED_EDGE('',*,*,#1135,.F.);
#947=ORIENTED_EDGE('',*,*,#1062,.F.);
#948=ORIENTED_EDGE('',*,*,#1137,.F.);
#949=ORIENTED_EDGE('',*,*,#1308,.T.);
#950=ORIENTED_EDGE('',*,*,#1310,.F.);
#951=ORIENTED_EDGE('',*,*,#1142,.F.);
#952=ORIENTED_EDGE('',*,*,#1310,.T.);
#953=ORIENTED_EDGE('',*,*,#1307,.T.);
#954=ORIENTED_EDGE('',*,*,#1309,.T.);
#955=ORIENTED_EDGE('',*,*,#1304,.T.);
#956=ORIENTED_EDGE('',*,*,#1300,.T.);
#957=ORIENTED_EDGE('',*,*,#1302,.T.);
#958=ORIENTED_EDGE('',*,*,#1063,.F.);
#959=ORIENTED_EDGE('',*,*,#1311,.T.);
#960=ORIENTED_EDGE('',*,*,#1312,.T.);
#961=ORIENTED_EDGE('',*,*,#1313,.T.);
#962=ORIENTED_EDGE('',*,*,#1314,.T.);
#963=ORIENTED_EDGE('',*,*,#1315,.T.);
#964=ORIENTED_EDGE('',*,*,#1316,.T.);
#965=ORIENTED_EDGE('',*,*,#1317,.T.);
#966=ORIENTED_EDGE('',*,*,#1318,.F.);
#967=ORIENTED_EDGE('',*,*,#1319,.T.);
#968=ORIENTED_EDGE('',*,*,#1320,.T.);
#969=ORIENTED_EDGE('',*,*,#1312,.F.);
#970=ORIENTED_EDGE('',*,*,#1320,.F.);
#971=ORIENTED_EDGE('',*,*,#1321,.T.);
#972=ORIENTED_EDGE('',*,*,#1322,.T.);
#973=ORIENTED_EDGE('',*,*,#1313,.F.);
#974=ORIENTED_EDGE('',*,*,#1322,.F.);
#975=ORIENTED_EDGE('',*,*,#1323,.T.);
#976=ORIENTED_EDGE('',*,*,#1324,.T.);
#977=ORIENTED_EDGE('',*,*,#1314,.F.);
#978=ORIENTED_EDGE('',*,*,#1324,.F.);
#979=ORIENTED_EDGE('',*,*,#1325,.T.);
#980=ORIENTED_EDGE('',*,*,#1326,.T.);
#981=ORIENTED_EDGE('',*,*,#1315,.F.);
#982=ORIENTED_EDGE('',*,*,#1326,.F.);
#983=ORIENTED_EDGE('',*,*,#1327,.T.);
#984=ORIENTED_EDGE('',*,*,#1328,.T.);
#985=ORIENTED_EDGE('',*,*,#1316,.F.);
#986=ORIENTED_EDGE('',*,*,#1328,.F.);
#987=ORIENTED_EDGE('',*,*,#1329,.T.);
#988=ORIENTED_EDGE('',*,*,#1318,.T.);
#989=ORIENTED_EDGE('',*,*,#1317,.F.);
#990=ORIENTED_EDGE('',*,*,#1330,.F.);
#991=ORIENTED_EDGE('',*,*,#1325,.F.);
#992=ORIENTED_EDGE('',*,*,#1331,.F.);
#993=ORIENTED_EDGE('',*,*,#1115,.F.);
#994=ORIENTED_EDGE('',*,*,#1331,.T.);
#995=ORIENTED_EDGE('',*,*,#1323,.F.);
#996=ORIENTED_EDGE('',*,*,#1332,.F.);
#997=ORIENTED_EDGE('',*,*,#1116,.F.);
#998=ORIENTED_EDGE('',*,*,#1330,.T.);
#999=ORIENTED_EDGE('',*,*,#1114,.F.);
#1000=ORIENTED_EDGE('',*,*,#1333,.F.);
#1001=ORIENTED_EDGE('',*,*,#1327,.F.);
#1002=ORIENTED_EDGE('',*,*,#1332,.T.);
#1003=ORIENTED_EDGE('',*,*,#1321,.F.);
#1004=ORIENTED_EDGE('',*,*,#1334,.F.);
#1005=ORIENTED_EDGE('',*,*,#1111,.F.);
#1006=ORIENTED_EDGE('',*,*,#1333,.T.);
#1007=ORIENTED_EDGE('',*,*,#1113,.F.);
#1008=ORIENTED_EDGE('',*,*,#1335,.F.);
#1009=ORIENTED_EDGE('',*,*,#1329,.F.);
#1010=ORIENTED_EDGE('',*,*,#1334,.T.);
#1011=ORIENTED_EDGE('',*,*,#1319,.F.);
#1012=ORIENTED_EDGE('',*,*,#1335,.T.);
#1013=ORIENTED_EDGE('',*,*,#1112,.F.);
#1014=ORIENTED_EDGE('',*,*,#1129,.F.);
#1015=ORIENTED_EDGE('',*,*,#1311,.F.);
#1016=ORIENTED_EDGE('',*,*,#1303,.F.);
#1017=ORIENTED_EDGE('',*,*,#1133,.F.);
#1018=ORIENTED_EDGE('',*,*,#1270,.T.);
#1019=ORIENTED_EDGE('',*,*,#1259,.T.);
#1020=ORIENTED_EDGE('',*,*,#1256,.T.);
#1021=ORIENTED_EDGE('',*,*,#1210,.T.);
#1022=ORIENTED_EDGE('',*,*,#1215,.F.);
#1023=ORIENTED_EDGE('',*,*,#1217,.T.);
#1024=ORIENTED_EDGE('',*,*,#1185,.T.);
#1025=ORIENTED_EDGE('',*,*,#1255,.F.);
#1026=ORIENTED_EDGE('',*,*,#1253,.T.);
#1027=ORIENTED_EDGE('',*,*,#1271,.T.);
#1028=ORIENTED_EDGE('',*,*,#1188,.T.);
#1029=ORIENTED_EDGE('',*,*,#1212,.T.);
#1030=ORIENTED_EDGE('',*,*,#1245,.F.);
#1031=ORIENTED_EDGE('',*,*,#1250,.T.);
#1032=ORIENTED_EDGE('',*,*,#1248,.T.);
#1033=ORIENTED_EDGE('',*,*,#1205,.T.);
#1034=ORIENTED_EDGE('',*,*,#1213,.T.);
#1035=ORIENTED_EDGE('',*,*,#1065,.T.);
#1036=ORIENTED_EDGE('',*,*,#1301,.F.);
#1037=ORIENTED_EDGE('',*,*,#1298,.F.);
#1038=ORIENTED_EDGE('',*,*,#1266,.T.);
#1039=ORIENTED_EDGE('',*,*,#1264,.T.);
#1040=ORIENTED_EDGE('',*,*,#1262,.T.);
#1041=ORIENTED_EDGE('',*,*,#1261,.F.);
#1042=ORIENTED_EDGE('',*,*,#1260,.F.);
#1043=ORIENTED_EDGE('',*,*,#1263,.T.);
#1044=ORIENTED_EDGE('',*,*,#1265,.T.);
#1045=ORIENTED_EDGE('',*,*,#1267,.T.);
#1046=ORIENTED_EDGE('',*,*,#1059,.F.);
#1047=ORIENTED_EDGE('',*,*,#1251,.T.);
#1048=ORIENTED_EDGE('',*,*,#1246,.T.);
#1049=ORIENTED_EDGE('',*,*,#1053,.F.);
#1050=EDGE_CURVE('',#1336,#1336,#1532,.T.);
#1051=EDGE_CURVE('',#1337,#1337,#1533,.T.);
#1052=EDGE_CURVE('',#1338,#1339,#50,.T.);
#1053=EDGE_CURVE('',#1339,#1340,#51,.T.);
#1054=EDGE_CURVE('',#1340,#1341,#52,.T.);
#1055=EDGE_CURVE('',#1342,#1341,#53,.T.);
#1056=EDGE_CURVE('',#1343,#1342,#1534,.T.);
#1057=EDGE_CURVE('',#1338,#1343,#54,.T.);
#1058=EDGE_CURVE('',#1344,#1345,#55,.T.);
#1059=EDGE_CURVE('',#1345,#1339,#56,.T.);
#1060=EDGE_CURVE('',#1344,#1338,#57,.T.);
#1061=EDGE_CURVE('',#1346,#1347,#1535,.T.);
#1062=EDGE_CURVE('',#1347,#1348,#58,.F.);
#1063=EDGE_CURVE('',#1348,#1349,#1536,.T.);
#1064=EDGE_CURVE('',#1349,#1350,#59,.T.);
#1065=EDGE_CURVE('',#1351,#1350,#1537,.T.);
#1066=EDGE_CURVE('',#1352,#1351,#60,.T.);
#1067=EDGE_CURVE('',#1353,#1352,#1538,.T.);
#1068=EDGE_CURVE('',#1346,#1353,#61,.F.);
#1069=EDGE_CURVE('',#1354,#1354,#1539,.T.);
#1070=EDGE_CURVE('',#1355,#1355,#1540,.T.);
#1071=EDGE_CURVE('',#1356,#1356,#1541,.T.);
#1072=EDGE_CURVE('',#1357,#1357,#1542,.T.);
#1073=EDGE_CURVE('',#1358,#1358,#1543,.T.);
#1074=EDGE_CURVE('',#1359,#1359,#1544,.T.);
#1075=EDGE_CURVE('',#1360,#1360,#1545,.T.);
#1076=EDGE_CURVE('',#1361,#1362,#62,.T.);
#1077=EDGE_CURVE('',#1363,#1362,#63,.F.);
#1078=EDGE_CURVE('',#1363,#1364,#64,.T.);
#1079=EDGE_CURVE('',#1365,#1364,#65,.F.);
#1080=EDGE_CURVE('',#1365,#1366,#66,.T.);
#1081=EDGE_CURVE('',#1367,#1366,#67,.F.);
#1082=EDGE_CURVE('',#1367,#1368,#68,.T.);
#1083=EDGE_CURVE('',#1369,#1368,#69,.F.);
#1084=EDGE_CURVE('',#1370,#1369,#70,.T.);
#1085=EDGE_CURVE('',#1371,#1370,#71,.T.);
#1086=EDGE_CURVE('',#1371,#1372,#72,.T.);
#1087=EDGE_CURVE('',#1372,#1373,#73,.F.);
#1088=EDGE_CURVE('',#1374,#1373,#74,.T.);
#1089=EDGE_CURVE('',#1374,#1375,#75,.F.);
#1090=EDGE_CURVE('',#1376,#1375,#76,.T.);
#1091=EDGE_CURVE('',#1377,#1376,#77,.F.);
#1092=EDGE_CURVE('',#1377,#1378,#78,.T.);
#1093=EDGE_CURVE('',#1379,#1378,#79,.F.);
#1094=EDGE_CURVE('',#1380,#1379,#80,.T.);
#1095=EDGE_CURVE('',#1381,#1380,#81,.F.);
#1096=EDGE_CURVE('',#1382,#1381,#82,.T.);
#1097=EDGE_CURVE('',#1383,#1382,#83,.F.);
#1098=EDGE_CURVE('',#1384,#1383,#84,.T.);
#1099=EDGE_CURVE('',#1385,#1384,#85,.F.);
#1100=EDGE_CURVE('',#1386,#1385,#86,.T.);
#1101=EDGE_CURVE('',#1387,#1386,#87,.F.);
#1102=EDGE_CURVE('',#1388,#1387,#88,.T.);
#1103=EDGE_CURVE('',#1388,#1389,#89,.T.);
#1104=EDGE_CURVE('',#1389,#1390,#90,.T.);
#1105=EDGE_CURVE('',#1390,#1342,#91,.T.);
#1106=EDGE_CURVE('',#1391,#1341,#92,.T.);
#1107=EDGE_CURVE('',#1391,#1392,#93,.T.);
#1108=EDGE_CURVE('',#1392,#1393,#94,.T.);
#1109=EDGE_CURVE('',#1393,#1394,#95,.T.);
#1110=EDGE_CURVE('',#1394,#1361,#96,.T.);
#1111=EDGE_CURVE('',#1395,#1396,#97,.T.);
#1112=EDGE_CURVE('',#1396,#1397,#98,.T.);
#1113=EDGE_CURVE('',#1397,#1398,#99,.T.);
#1114=EDGE_CURVE('',#1398,#1399,#100,.T.);
#1115=EDGE_CURVE('',#1399,#1400,#101,.T.);
#1116=EDGE_CURVE('',#1400,#1395,#102,.T.);
#1117=EDGE_CURVE('',#1401,#1402,#103,.T.);
#1118=EDGE_CURVE('',#1403,#1401,#104,.T.);
#1119=EDGE_CURVE('',#1403,#1404,#105,.T.);
#1120=EDGE_CURVE('',#1405,#1404,#106,.F.);
#1121=EDGE_CURVE('',#1405,#1406,#107,.T.);
#1122=EDGE_CURVE('',#1406,#1402,#108,.T.);
#1123=EDGE_CURVE('',#1407,#1408,#109,.T.);
#1124=EDGE_CURVE('',#1408,#1409,#110,.T.);
#1125=EDGE_CURVE('',#1409,#1410,#111,.T.);
#1126=EDGE_CURVE('',#1410,#1411,#112,.T.);
#1127=EDGE_CURVE('',#1411,#1412,#113,.T.);
#1128=EDGE_CURVE('',#1412,#1407,#114,.T.);
#1129=EDGE_CURVE('',#1413,#1413,#1546,.T.);
#1130=EDGE_CURVE('',#1414,#1415,#115,.T.);
#1131=EDGE_CURVE('',#1416,#1414,#116,.T.);
#1132=EDGE_CURVE('',#1416,#1417,#117,.T.);
#1133=EDGE_CURVE('',#1417,#1415,#118,.T.);
#1134=EDGE_CURVE('',#1414,#1418,#119,.T.);
#1135=EDGE_CURVE('',#1418,#1419,#120,.T.);
#1136=EDGE_CURVE('',#1419,#1420,#121,.T.);
#1137=EDGE_CURVE('',#1420,#1347,#122,.T.);
#1138=EDGE_CURVE('',#1346,#1421,#123,.T.);
#1139=EDGE_CURVE('',#1422,#1421,#124,.T.);
#1140=EDGE_CURVE('',#1416,#1422,#125,.T.);
#1141=EDGE_CURVE('',#1423,#1423,#1547,.T.);
#1142=EDGE_CURVE('',#1424,#1424,#1548,.T.);
#1143=EDGE_CURVE('',#1425,#1425,#1549,.T.);
#1144=EDGE_CURVE('',#1426,#1426,#1550,.T.);
#1145=EDGE_CURVE('',#1427,#1428,#126,.T.);
#1146=EDGE_CURVE('',#1429,#1427,#127,.T.);
#1147=EDGE_CURVE('',#1430,#1429,#128,.T.);
#1148=EDGE_CURVE('',#1431,#1430,#129,.T.);
#1149=EDGE_CURVE('',#1432,#1431,#130,.T.);
#1150=EDGE_CURVE('',#1433,#1432,#131,.T.);
#1151=EDGE_CURVE('',#1434,#1433,#132,.T.);
#1152=EDGE_CURVE('',#1435,#1434,#133,.T.);
#1153=EDGE_CURVE('',#1436,#1435,#134,.T.);
#1154=EDGE_CURVE('',#1437,#1436,#135,.T.);
#1155=EDGE_CURVE('',#1438,#1437,#136,.T.);
#1156=EDGE_CURVE('',#1438,#1439,#137,.T.);
#1157=EDGE_CURVE('',#1440,#1439,#138,.T.);
#1158=EDGE_CURVE('',#1441,#1440,#139,.T.);
#1159=EDGE_CURVE('',#1441,#1442,#140,.T.);
#1160=EDGE_CURVE('',#1443,#1442,#141,.T.);
#1161=EDGE_CURVE('',#1443,#1444,#142,.T.);
#1162=EDGE_CURVE('',#1444,#1353,#143,.T.);
#1163=EDGE_CURVE('',#1352,#1445,#144,.T.);
#1164=EDGE_CURVE('',#1445,#1446,#145,.T.);
#1165=EDGE_CURVE('',#1447,#1446,#146,.T.);
#1166=EDGE_CURVE('',#1447,#1344,#147,.T.);
#1167=EDGE_CURVE('',#1448,#1343,#148,.T.);
#1168=EDGE_CURVE('',#1448,#1428,#149,.T.);
#1169=EDGE_CURVE('',#1449,#1449,#1551,.T.);
#1170=EDGE_CURVE('',#1450,#1450,#1552,.T.);
#1171=EDGE_CURVE('',#1451,#1452,#150,.T.);
#1172=EDGE_CURVE('',#1451,#1453,#151,.T.);
#1173=EDGE_CURVE('',#1454,#1453,#152,.T.);
#1174=EDGE_CURVE('',#1454,#1455,#1553,.T.);
#1175=EDGE_CURVE('',#1456,#1455,#15,.T.);
#1176=EDGE_CURVE('',#1457,#1456,#153,.T.);
#1177=EDGE_CURVE('',#1458,#1457,#154,.T.);
#1178=EDGE_CURVE('',#1459,#1458,#155,.T.);
#1179=EDGE_CURVE('',#1459,#1460,#156,.T.);
#1180=EDGE_CURVE('',#1461,#1460,#157,.T.);
#1181=EDGE_CURVE('',#1461,#1462,#158,.T.);
#1182=EDGE_CURVE('',#1463,#1462,#159,.T.);
#1183=EDGE_CURVE('',#1463,#1452,#160,.T.);
#1184=EDGE_CURVE('',#1406,#1464,#161,.T.);
#1185=EDGE_CURVE('',#1465,#1464,#162,.T.);
#1186=EDGE_CURVE('',#1361,#1465,#163,.T.);
#1187=EDGE_CURVE('',#1394,#1466,#164,.T.);
#1188=EDGE_CURVE('',#1467,#1466,#165,.T.);
#1189=EDGE_CURVE('',#1402,#1467,#166,.T.);
#1190=EDGE_CURVE('',#1468,#1469,#16,.T.);
#1191=EDGE_CURVE('',#1468,#1470,#1554,.T.);
#1192=EDGE_CURVE('',#1470,#1471,#167,.F.);
#1193=EDGE_CURVE('',#1471,#1472,#1555,.T.);
#1194=EDGE_CURVE('',#1472,#1473,#168,.T.);
#1195=EDGE_CURVE('',#1405,#1473,#1556,.T.);
#1196=EDGE_CURVE('',#1404,#1371,#1557,.T.);
#1197=EDGE_CURVE('',#1469,#1370,#1558,.T.);
#1198=EDGE_CURVE('',#1372,#1444,#1559,.F.);
#1199=EDGE_CURVE('',#1472,#1403,#169,.T.);
#1200=EDGE_CURVE('',#1421,#1471,#170,.T.);
#1201=EDGE_CURVE('',#1474,#1474,#1560,.F.);
#1202=EDGE_CURVE('',#1475,#1475,#1561,.T.);
#1203=EDGE_CURVE('',#1446,#1476,#171,.T.);
#1204=EDGE_CURVE('',#1445,#1477,#172,.T.);
#1205=EDGE_CURVE('',#1476,#1477,#173,.T.);
#1206=EDGE_CURVE('',#1468,#1478,#174,.T.);
#1207=EDGE_CURVE('',#1469,#1479,#175,.F.);
#1208=EDGE_CURVE('',#1479,#1455,#17,.T.);
#1209=EDGE_CURVE('',#1454,#1480,#176,.T.);
#1210=EDGE_CURVE('',#1478,#1480,#1562,.T.);
#1211=EDGE_CURVE('',#1481,#1393,#177,.T.);
#1212=EDGE_CURVE('',#1466,#1481,#178,.T.);
#1213=EDGE_CURVE('',#1477,#1351,#179,.T.);
#1214=EDGE_CURVE('',#1453,#1482,#180,.T.);
#1215=EDGE_CURVE('',#1482,#1480,#181,.T.);
#1216=EDGE_CURVE('',#1362,#1451,#1563,.T.);
#1217=EDGE_CURVE('',#1482,#1465,#182,.T.);
#1218=EDGE_CURVE('',#1434,#1382,#1564,.F.);
#1219=EDGE_CURVE('',#1435,#1381,#1565,.T.);
#1220=EDGE_CURVE('',#1379,#1437,#1566,.F.);
#1221=EDGE_CURVE('',#1436,#1380,#1567,.T.);
#1222=EDGE_CURVE('',#1430,#1386,#1568,.F.);
#1223=EDGE_CURVE('',#1431,#1385,#1569,.T.);
#1224=EDGE_CURVE('',#1383,#1433,#1570,.F.);
#1225=EDGE_CURVE('',#1432,#1384,#1571,.T.);
#1226=EDGE_CURVE('',#1369,#1458,#1572,.F.);
#1227=EDGE_CURVE('',#1457,#1483,#183,.T.);
#1228=EDGE_CURVE('',#1483,#1479,#18,.T.);
#1229=EDGE_CURVE('',#1456,#1483,#19,.T.);
#1230=EDGE_CURVE('',#1387,#1429,#1573,.T.);
#1231=EDGE_CURVE('',#1388,#1427,#1574,.T.);
#1232=EDGE_CURVE('',#1440,#1376,#1575,.F.);
#1233=EDGE_CURVE('',#1439,#1377,#1576,.F.);
#1234=EDGE_CURVE('',#1378,#1438,#1577,.T.);
#1235=EDGE_CURVE('',#1375,#1441,#1578,.T.);
#1236=EDGE_CURVE('',#1374,#1442,#1579,.T.);
#1237=EDGE_CURVE('',#1373,#1443,#1580,.T.);
#1238=EDGE_CURVE('',#1368,#1459,#1581,.T.);
#1239=EDGE_CURVE('',#1367,#1460,#1582,.T.);
#1240=EDGE_CURVE('',#1366,#1461,#1583,.T.);
#1241=EDGE_CURVE('',#1365,#1462,#1584,.T.);
#1242=EDGE_CURVE('',#1364,#1463,#1585,.T.);
#1243=EDGE_CURVE('',#1452,#1363,#1586,.F.);
#1244=EDGE_CURVE('',#1484,#1392,#184,.T.);
#1245=EDGE_CURVE('',#1484,#1481,#185,.T.);
#1246=EDGE_CURVE('',#1485,#1340,#186,.T.);
#1247=EDGE_CURVE('',#1485,#1391,#187,.T.);
#1248=EDGE_CURVE('',#1486,#1476,#188,.T.);
#1249=EDGE_CURVE('',#1447,#1486,#189,.T.);
#1250=EDGE_CURVE('',#1484,#1486,#190,.T.);
#1251=EDGE_CURVE('',#1345,#1485,#191,.T.);
#1252=EDGE_CURVE('',#1487,#1401,#192,.T.);
#1253=EDGE_CURVE('',#1488,#1487,#193,.T.);
#1254=EDGE_CURVE('',#1473,#1488,#194,.T.);
#1255=EDGE_CURVE('',#1488,#1464,#195,.T.);
#1256=EDGE_CURVE('',#1489,#1478,#196,.T.);
#1257=EDGE_CURVE('',#1470,#1489,#197,.T.);
#1258=EDGE_CURVE('',#1422,#1490,#198,.T.);
#1259=EDGE_CURVE('',#1490,#1489,#199,.T.);
#1260=EDGE_CURVE('',#1491,#1491,#1587,.F.);
#1261=EDGE_CURVE('',#1492,#1492,#1588,.T.);
#1262=EDGE_CURVE('',#1493,#1493,#1589,.T.);
#1263=EDGE_CURVE('',#1494,#1494,#1590,.T.);
#1264=EDGE_CURVE('',#1495,#1495,#1591,.T.);
#1265=EDGE_CURVE('',#1496,#1496,#1592,.T.);
#1266=EDGE_CURVE('',#1497,#1497,#1593,.T.);
#1267=EDGE_CURVE('',#1498,#1498,#1594,.T.);
#1268=EDGE_CURVE('',#1448,#1390,#1595,.F.);
#1269=EDGE_CURVE('',#1389,#1428,#1596,.T.);
#1270=EDGE_CURVE('',#1417,#1490,#200,.T.);
#1271=EDGE_CURVE('',#1487,#1467,#201,.T.);
#1272=EDGE_CURVE('',#1499,#1500,#202,.T.);
#1273=EDGE_CURVE('',#1499,#1501,#203,.T.);
#1274=EDGE_CURVE('',#1501,#1502,#204,.T.);
#1275=EDGE_CURVE('',#1500,#1502,#205,.T.);
#1276=EDGE_CURVE('',#1501,#1503,#206,.T.);
#1277=EDGE_CURVE('',#1503,#1504,#207,.T.);
#1278=EDGE_CURVE('',#1502,#1504,#208,.T.);
#1279=EDGE_CURVE('',#1503,#1505,#209,.T.);
#1280=EDGE_CURVE('',#1505,#1506,#210,.T.);
#1281=EDGE_CURVE('',#1504,#1506,#211,.T.);
#1282=EDGE_CURVE('',#1505,#1507,#212,.T.);
#1283=EDGE_CURVE('',#1507,#1508,#213,.T.);
#1284=EDGE_CURVE('',#1506,#1508,#214,.T.);
#1285=EDGE_CURVE('',#1507,#1509,#215,.T.);
#1286=EDGE_CURVE('',#1509,#1510,#216,.T.);
#1287=EDGE_CURVE('',#1508,#1510,#217,.T.);
#1288=EDGE_CURVE('',#1509,#1499,#218,.T.);
#1289=EDGE_CURVE('',#1510,#1500,#219,.T.);
#1290=EDGE_CURVE('',#1511,#1511,#1597,.F.);
#1291=EDGE_CURVE('',#1507,#1411,#220,.F.);
#1292=EDGE_CURVE('',#1412,#1505,#221,.T.);
#1293=EDGE_CURVE('',#1407,#1503,#222,.T.);
#1294=EDGE_CURVE('',#1509,#1410,#223,.F.);
#1295=EDGE_CURVE('',#1408,#1501,#224,.F.);
#1296=EDGE_CURVE('',#1499,#1409,#225,.F.);
#1297=EDGE_CURVE('',#1512,#1513,#226,.T.);
#1298=EDGE_CURVE('',#1512,#1514,#227,.T.);
#1299=EDGE_CURVE('',#1514,#1515,#228,.T.);
#1300=EDGE_CURVE('',#1513,#1515,#229,.T.);
#1301=EDGE_CURVE('',#1514,#1350,#230,.T.);
#1302=EDGE_CURVE('',#1515,#1349,#231,.T.);
#1303=EDGE_CURVE('',#1415,#1512,#232,.T.);
#1304=EDGE_CURVE('',#1516,#1513,#233,.T.);
#1305=EDGE_CURVE('',#1418,#1516,#234,.T.);
#1306=EDGE_CURVE('',#1419,#1517,#235,.T.);
#1307=EDGE_CURVE('',#1518,#1517,#236,.T.);
#1308=EDGE_CURVE('',#1420,#1518,#237,.T.);
#1309=EDGE_CURVE('',#1517,#1516,#238,.T.);
#1310=EDGE_CURVE('',#1348,#1518,#239,.T.);
#1311=EDGE_CURVE('',#1519,#1519,#1598,.F.);
#1312=EDGE_CURVE('',#1520,#1521,#240,.T.);
#1313=EDGE_CURVE('',#1521,#1522,#241,.T.);
#1314=EDGE_CURVE('',#1522,#1523,#242,.T.);
#1315=EDGE_CURVE('',#1523,#1524,#243,.T.);
#1316=EDGE_CURVE('',#1524,#1525,#244,.T.);
#1317=EDGE_CURVE('',#1525,#1520,#245,.T.);
#1318=EDGE_CURVE('',#1526,#1520,#246,.T.);
#1319=EDGE_CURVE('',#1526,#1527,#247,.T.);
#1320=EDGE_CURVE('',#1527,#1521,#248,.T.);
#1321=EDGE_CURVE('',#1527,#1528,#249,.T.);
#1322=EDGE_CURVE('',#1528,#1522,#250,.T.);
#1323=EDGE_CURVE('',#1528,#1529,#251,.T.);
#1324=EDGE_CURVE('',#1529,#1523,#252,.T.);
#1325=EDGE_CURVE('',#1529,#1530,#253,.T.);
#1326=EDGE_CURVE('',#1530,#1524,#254,.T.);
#1327=EDGE_CURVE('',#1530,#1531,#255,.T.);
#1328=EDGE_CURVE('',#1531,#1525,#256,.T.);
#1329=EDGE_CURVE('',#1531,#1526,#257,.T.);
#1330=EDGE_CURVE('',#1530,#1399,#258,.F.);
#1331=EDGE_CURVE('',#1400,#1529,#259,.T.);
#1332=EDGE_CURVE('',#1395,#1528,#260,.T.);
#1333=EDGE_CURVE('',#1531,#1398,#261,.F.);
#1334=EDGE_CURVE('',#1396,#1527,#262,.F.);
#1335=EDGE_CURVE('',#1526,#1397,#263,.F.);
#1336=VERTEX_POINT('',#2831);
#1337=VERTEX_POINT('',#2833);
#1338=VERTEX_POINT('',#2835);
#1339=VERTEX_POINT('',#2836);
#1340=VERTEX_POINT('',#2838);
#1341=VERTEX_POINT('',#2840);
#1342=VERTEX_POINT('',#2842);
#1343=VERTEX_POINT('',#2844);
#1344=VERTEX_POINT('',#2848);
#1345=VERTEX_POINT('',#2849);
#1346=VERTEX_POINT('',#2854);
#1347=VERTEX_POINT('',#2855);
#1348=VERTEX_POINT('',#2857);
#1349=VERTEX_POINT('',#2859);
#1350=VERTEX_POINT('',#2861);
#1351=VERTEX_POINT('',#2863);
#1352=VERTEX_POINT('',#2865);
#1353=VERTEX_POINT('',#2867);
#1354=VERTEX_POINT('',#2871);
#1355=VERTEX_POINT('',#2873);
#1356=VERTEX_POINT('',#2875);
#1357=VERTEX_POINT('',#2877);
#1358=VERTEX_POINT('',#2879);
#1359=VERTEX_POINT('',#2881);
#1360=VERTEX_POINT('',#2883);
#1361=VERTEX_POINT('',#2885);
#1362=VERTEX_POINT('',#2886);
#1363=VERTEX_POINT('',#2888);
#1364=VERTEX_POINT('',#2890);
#1365=VERTEX_POINT('',#2892);
#1366=VERTEX_POINT('',#2894);
#1367=VERTEX_POINT('',#2896);
#1368=VERTEX_POINT('',#2898);
#1369=VERTEX_POINT('',#2900);
#1370=VERTEX_POINT('',#2902);
#1371=VERTEX_POINT('',#2904);
#1372=VERTEX_POINT('',#2906);
#1373=VERTEX_POINT('',#2908);
#1374=VERTEX_POINT('',#2910);
#1375=VERTEX_POINT('',#2912);
#1376=VERTEX_POINT('',#2914);
#1377=VERTEX_POINT('',#2916);
#1378=VERTEX_POINT('',#2918);
#1379=VERTEX_POINT('',#2920);
#1380=VERTEX_POINT('',#2922);
#1381=VERTEX_POINT('',#2924);
#1382=VERTEX_POINT('',#2926);
#1383=VERTEX_POINT('',#2928);
#1384=VERTEX_POINT('',#2930);
#1385=VERTEX_POINT('',#2932);
#1386=VERTEX_POINT('',#2934);
#1387=VERTEX_POINT('',#2936);
#1388=VERTEX_POINT('',#2938);
#1389=VERTEX_POINT('',#2940);
#1390=VERTEX_POINT('',#2942);
#1391=VERTEX_POINT('',#2945);
#1392=VERTEX_POINT('',#2947);
#1393=VERTEX_POINT('',#2949);
#1394=VERTEX_POINT('',#2951);
#1395=VERTEX_POINT('',#2955);
#1396=VERTEX_POINT('',#2956);
#1397=VERTEX_POINT('',#2958);
#1398=VERTEX_POINT('',#2960);
#1399=VERTEX_POINT('',#2962);
#1400=VERTEX_POINT('',#2964);
#1401=VERTEX_POINT('',#2967);
#1402=VERTEX_POINT('',#2968);
#1403=VERTEX_POINT('',#2970);
#1404=VERTEX_POINT('',#2972);
#1405=VERTEX_POINT('',#2974);
#1406=VERTEX_POINT('',#2976);
#1407=VERTEX_POINT('',#2979);
#1408=VERTEX_POINT('',#2980);
#1409=VERTEX_POINT('',#2982);
#1410=VERTEX_POINT('',#2984);
#1411=VERTEX_POINT('',#2986);
#1412=VERTEX_POINT('',#2988);
#1413=VERTEX_POINT('',#2992);
#1414=VERTEX_POINT('',#2995);
#1415=VERTEX_POINT('',#2996);
#1416=VERTEX_POINT('',#2998);
#1417=VERTEX_POINT('',#3000);
#1418=VERTEX_POINT('',#3004);
#1419=VERTEX_POINT('',#3006);
#1420=VERTEX_POINT('',#3008);
#1421=VERTEX_POINT('',#3011);
#1422=VERTEX_POINT('',#3013);
#1423=VERTEX_POINT('',#3017);
#1424=VERTEX_POINT('',#3019);
#1425=VERTEX_POINT('',#3022);
#1426=VERTEX_POINT('',#3025);
#1427=VERTEX_POINT('',#3027);
#1428=VERTEX_POINT('',#3028);
#1429=VERTEX_POINT('',#3030);
#1430=VERTEX_POINT('',#3032);
#1431=VERTEX_POINT('',#3034);
#1432=VERTEX_POINT('',#3036);
#1433=VERTEX_POINT('',#3038);
#1434=VERTEX_POINT('',#3040);
#1435=VERTEX_POINT('',#3042);
#1436=VERTEX_POINT('',#3044);
#1437=VERTEX_POINT('',#3046);
#1438=VERTEX_POINT('',#3048);
#1439=VERTEX_POINT('',#3050);
#1440=VERTEX_POINT('',#3052);
#1441=VERTEX_POINT('',#3054);
#1442=VERTEX_POINT('',#3056);
#1443=VERTEX_POINT('',#3058);
#1444=VERTEX_POINT('',#3060);
#1445=VERTEX_POINT('',#3063);
#1446=VERTEX_POINT('',#3065);
#1447=VERTEX_POINT('',#3067);
#1448=VERTEX_POINT('',#3070);
#1449=VERTEX_POINT('',#3074);
#1450=VERTEX_POINT('',#3076);
#1451=VERTEX_POINT('',#3078);
#1452=VERTEX_POINT('',#3079);
#1453=VERTEX_POINT('',#3081);
#1454=VERTEX_POINT('',#3083);
#1455=VERTEX_POINT('',#3085);
#1456=VERTEX_POINT('',#3090);
#1457=VERTEX_POINT('',#3092);
#1458=VERTEX_POINT('',#3094);
#1459=VERTEX_POINT('',#3096);
#1460=VERTEX_POINT('',#3098);
#1461=VERTEX_POINT('',#3100);
#1462=VERTEX_POINT('',#3102);
#1463=VERTEX_POINT('',#3104);
#1464=VERTEX_POINT('',#3108);
#1465=VERTEX_POINT('',#3110);
#1466=VERTEX_POINT('',#3113);
#1467=VERTEX_POINT('',#3115);
#1468=VERTEX_POINT('',#3125);
#1469=VERTEX_POINT('',#3126);
#1470=VERTEX_POINT('',#3128);
#1471=VERTEX_POINT('',#3130);
#1472=VERTEX_POINT('',#3132);
#1473=VERTEX_POINT('',#3134);
#1474=VERTEX_POINT('',#3144);
#1475=VERTEX_POINT('',#3147);
#1476=VERTEX_POINT('',#3150);
#1477=VERTEX_POINT('',#3152);
#1478=VERTEX_POINT('',#3156);
#1479=VERTEX_POINT('',#3158);
#1480=VERTEX_POINT('',#3164);
#1481=VERTEX_POINT('',#3168);
#1482=VERTEX_POINT('',#3174);
#1483=VERTEX_POINT('',#3196);
#1484=VERTEX_POINT('',#3259);
#1485=VERTEX_POINT('',#3263);
#1486=VERTEX_POINT('',#3267);
#1487=VERTEX_POINT('',#3274);
#1488=VERTEX_POINT('',#3276);
#1489=VERTEX_POINT('',#3282);
#1490=VERTEX_POINT('',#3286);
#1491=VERTEX_POINT('',#3290);
#1492=VERTEX_POINT('',#3293);
#1493=VERTEX_POINT('',#3296);
#1494=VERTEX_POINT('',#3299);
#1495=VERTEX_POINT('',#3302);
#1496=VERTEX_POINT('',#3305);
#1497=VERTEX_POINT('',#3308);
#1498=VERTEX_POINT('',#3311);
#1499=VERTEX_POINT('',#3323);
#1500=VERTEX_POINT('',#3324);
#1501=VERTEX_POINT('',#3326);
#1502=VERTEX_POINT('',#3328);
#1503=VERTEX_POINT('',#3332);
#1504=VERTEX_POINT('',#3334);
#1505=VERTEX_POINT('',#3338);
#1506=VERTEX_POINT('',#3340);
#1507=VERTEX_POINT('',#3344);
#1508=VERTEX_POINT('',#3346);
#1509=VERTEX_POINT('',#3350);
#1510=VERTEX_POINT('',#3352);
#1511=VERTEX_POINT('',#3359);
#1512=VERTEX_POINT('',#3375);
#1513=VERTEX_POINT('',#3376);
#1514=VERTEX_POINT('',#3378);
#1515=VERTEX_POINT('',#3380);
#1516=VERTEX_POINT('',#3388);
#1517=VERTEX_POINT('',#3392);
#1518=VERTEX_POINT('',#3394);
#1519=VERTEX_POINT('',#3403);
#1520=VERTEX_POINT('',#3405);
#1521=VERTEX_POINT('',#3406);
#1522=VERTEX_POINT('',#3408);
#1523=VERTEX_POINT('',#3410);
#1524=VERTEX_POINT('',#3412);
#1525=VERTEX_POINT('',#3414);
#1526=VERTEX_POINT('',#3418);
#1527=VERTEX_POINT('',#3420);
#1528=VERTEX_POINT('',#3424);
#1529=VERTEX_POINT('',#3428);
#1530=VERTEX_POINT('',#3432);
#1531=VERTEX_POINT('',#3436);
#1532=CIRCLE('',#2094,0.00175);
#1533=CIRCLE('',#2095,0.00175);
#1534=CIRCLE('',#2096,0.011);
#1535=CIRCLE('',#2099,0.0872365061711804);
#1536=CIRCLE('',#2100,0.0872365061711804);
#1537=CIRCLE('',#2101,0.0872365061711804);
#1538=CIRCLE('',#2102,0.0872365061711804);
#1539=CIRCLE('',#2104,0.0025527);
#1540=CIRCLE('',#2105,0.0025527);
#1541=CIRCLE('',#2106,0.0025527);
#1542=CIRCLE('',#2107,0.0025527);
#1543=CIRCLE('',#2108,0.0025527);
#1544=CIRCLE('',#2109,0.0025527);
#1545=CIRCLE('',#2110,0.0025527);
#1546=CIRCLE('',#2113,0.0025527);
#1547=CIRCLE('',#2117,0.0025527);
#1548=CIRCLE('',#2118,0.0025527);
#1549=CIRCLE('',#2120,0.0025527);
#1550=CIRCLE('',#2122,0.0025527);
#1551=CIRCLE('',#2124,0.0025527);
#1552=CIRCLE('',#2125,0.0025527);
#1553=CIRCLE('',#2126,0.0872365061711804);
#1554=CIRCLE('',#2129,0.01492);
#1555=CIRCLE('',#2130,0.01492);
#1556=CIRCLE('',#2131,0.01492);
#1557=CIRCLE('',#2132,0.01492);
#1558=CIRCLE('',#2133,0.01492);
#1559=CIRCLE('',#2135,0.009);
#1560=CIRCLE('',#2137,0.00175);
#1561=CIRCLE('',#2139,0.00175);
#1562=CIRCLE('',#2142,0.0872365061711804);
#1563=CIRCLE('',#2147,0.005);
#1564=CIRCLE('',#2149,0.011);
#1565=CIRCLE('',#2150,0.01254);
#1566=CIRCLE('',#2152,0.011);
#1567=CIRCLE('',#2153,0.01254);
#1568=CIRCLE('',#2156,0.011);
#1569=CIRCLE('',#2157,0.01254);
#1570=CIRCLE('',#2159,0.011);
#1571=CIRCLE('',#2160,0.01254);
#1572=CIRCLE('',#2163,0.011);
#1573=CIRCLE('',#2167,0.011);
#1574=CIRCLE('',#2169,0.004);
#1575=CIRCLE('',#2171,0.005);
#1576=CIRCLE('',#2172,0.005);
#1577=CIRCLE('',#2174,0.011);
#1578=CIRCLE('',#2177,0.00775);
#1579=CIRCLE('',#2179,0.00775);
#1580=CIRCLE('',#2181,0.009);
#1581=CIRCLE('',#2184,0.011);
#1582=CIRCLE('',#2185,0.009);
#1583=CIRCLE('',#2187,0.009);
#1584=CIRCLE('',#2189,0.00775);
#1585=CIRCLE('',#2191,0.00775);
#1586=CIRCLE('',#2193,0.005);
#1587=CIRCLE('',#2205,0.0025527);
#1588=CIRCLE('',#2207,0.0025527);
#1589=CIRCLE('',#2209,0.0025527);
#1590=CIRCLE('',#2211,0.0025527);
#1591=CIRCLE('',#2213,0.0025527);
#1592=CIRCLE('',#2215,0.0025527);
#1593=CIRCLE('',#2217,0.0025527);
#1594=CIRCLE('',#2219,0.0025527);
#1595=CIRCLE('',#2221,0.011);
#1596=CIRCLE('',#2223,0.004);
#1597=CIRCLE('',#2234,0.0028067);
#1598=CIRCLE('',#2250,0.0028067);
#1599=EDGE_LOOP('',(#478));
#1600=EDGE_LOOP('',(#479));
#1601=EDGE_LOOP('',(#480,#481,#482,#483,#484,#485));
#1602=EDGE_LOOP('',(#486,#487,#488,#489));
#1603=EDGE_LOOP('',(#490,#491,#492,#493,#494,#495,#496,#497));
#1604=EDGE_LOOP('',(#498));
#1605=EDGE_LOOP('',(#499));
#1606=EDGE_LOOP('',(#500));
#1607=EDGE_LOOP('',(#501));
#1608=EDGE_LOOP('',(#502));
#1609=EDGE_LOOP('',(#503));
#1610=EDGE_LOOP('',(#504));
#1611=EDGE_LOOP('',(#505,#506,#507,#508,#509,#510,#511,#512,#513,#514,#515,
#516,#517,#518,#519,#520,#521,#522,#523,#524,#525,#526,#527,#528,#529,#530,
#531,#532,#533,#534,#535,#536,#537,#538,#539,#540));
#1612=EDGE_LOOP('',(#541,#542,#543,#544,#545,#546));
#1613=EDGE_LOOP('',(#547,#548,#549,#550,#551,#552));
#1614=EDGE_LOOP('',(#553,#554,#555,#556,#557,#558));
#1615=EDGE_LOOP('',(#559));
#1616=EDGE_LOOP('',(#560));
#1617=EDGE_LOOP('',(#561,#562,#563,#564));
#1618=EDGE_LOOP('',(#565,#566,#567,#568,#569,#570,#571,#572,#573));
#1619=EDGE_LOOP('',(#574));
#1620=EDGE_LOOP('',(#575));
#1621=EDGE_LOOP('',(#576));
#1622=EDGE_LOOP('',(#577));
#1623=EDGE_LOOP('',(#578));
#1624=EDGE_LOOP('',(#579));
#1625=EDGE_LOOP('',(#580,#581,#582,#583,#584,#585,#586,#587,#588,#589,#590,
#591,#592,#593,#594,#595,#596,#597,#598,#599,#600,#601,#602,#603,#604,#605,
#606));
#1626=EDGE_LOOP('',(#607));
#1627=EDGE_LOOP('',(#608));
#1628=EDGE_LOOP('',(#609,#610,#611,#612,#613,#614,#615,#616,#617,#618,#619,
#620,#621));
#1629=EDGE_LOOP('',(#622,#623,#624,#625,#626,#627,#628,#629));
#1630=EDGE_LOOP('',(#630,#631,#632,#633,#634,#635,#636,#637,#638,#639));
#1631=EDGE_LOOP('',(#640,#641,#642,#643,#644,#645,#646,#647,#648,#649));
#1632=EDGE_LOOP('',(#650));
#1633=EDGE_LOOP('',(#651));
#1634=EDGE_LOOP('',(#652));
#1635=EDGE_LOOP('',(#653));
#1636=EDGE_LOOP('',(#654,#655,#656,#657));
#1637=EDGE_LOOP('',(#658,#659,#660,#661,#662,#663,#664));
#1638=EDGE_LOOP('',(#665,#666,#667,#668));
#1639=EDGE_LOOP('',(#669,#670,#671,#672));
#1640=EDGE_LOOP('',(#673,#674,#675,#676));
#1641=EDGE_LOOP('',(#677,#678,#679,#680,#681,#682));
#1642=EDGE_LOOP('',(#683,#684,#685,#686));
#1643=EDGE_LOOP('',(#687,#688,#689,#690));
#1644=EDGE_LOOP('',(#691,#692,#693,#694));
#1645=EDGE_LOOP('',(#695,#696,#697,#698));
#1646=EDGE_LOOP('',(#699,#700,#701,#702));
#1647=EDGE_LOOP('',(#703,#704,#705,#706));
#1648=EDGE_LOOP('',(#707,#708,#709,#710,#711,#712,#713));
#1649=EDGE_LOOP('',(#714,#715,#716,#717));
#1650=EDGE_LOOP('',(#718,#719,#720));
#1651=EDGE_LOOP('',(#721,#722,#723,#724));
#1652=EDGE_LOOP('',(#725,#726,#727,#728));
#1653=EDGE_LOOP('',(#729,#730,#731,#732));
#1654=EDGE_LOOP('',(#733,#734,#735,#736));
#1655=EDGE_LOOP('',(#737,#738,#739,#740));
#1656=EDGE_LOOP('',(#741,#742,#743,#744));
#1657=EDGE_LOOP('',(#745,#746,#747,#748));
#1658=EDGE_LOOP('',(#749,#750,#751,#752));
#1659=EDGE_LOOP('',(#753,#754,#755,#756));
#1660=EDGE_LOOP('',(#757,#758,#759,#760));
#1661=EDGE_LOOP('',(#761,#762,#763,#764));
#1662=EDGE_LOOP('',(#765,#766,#767,#768));
#1663=EDGE_LOOP('',(#769,#770,#771,#772));
#1664=EDGE_LOOP('',(#773,#774,#775,#776));
#1665=EDGE_LOOP('',(#777,#778,#779,#780));
#1666=EDGE_LOOP('',(#781,#782,#783,#784));
#1667=EDGE_LOOP('',(#785,#786,#787,#788));
#1668=EDGE_LOOP('',(#789,#790,#791,#792));
#1669=EDGE_LOOP('',(#793,#794,#795,#796));
#1670=EDGE_LOOP('',(#797,#798,#799,#800));
#1671=EDGE_LOOP('',(#801,#802,#803,#804,#805,#806,#807,#808));
#1672=EDGE_LOOP('',(#809,#810,#811,#812,#813,#814));
#1673=EDGE_LOOP('',(#815,#816,#817,#818,#819));
#1674=EDGE_LOOP('',(#820,#821,#822,#823));
#1675=EDGE_LOOP('',(#824,#825,#826,#827,#828,#829));
#1676=EDGE_LOOP('',(#830));
#1677=EDGE_LOOP('',(#831));
#1678=EDGE_LOOP('',(#832));
#1679=EDGE_LOOP('',(#833));
#1680=EDGE_LOOP('',(#834));
#1681=EDGE_LOOP('',(#835));
#1682=EDGE_LOOP('',(#836));
#1683=EDGE_LOOP('',(#837));
#1684=EDGE_LOOP('',(#838));
#1685=EDGE_LOOP('',(#839));
#1686=EDGE_LOOP('',(#840));
#1687=EDGE_LOOP('',(#841));
#1688=EDGE_LOOP('',(#842));
#1689=EDGE_LOOP('',(#843));
#1690=EDGE_LOOP('',(#844));
#1691=EDGE_LOOP('',(#845));
#1692=EDGE_LOOP('',(#846,#847,#848,#849));
#1693=EDGE_LOOP('',(#850,#851,#852,#853));
#1694=EDGE_LOOP('',(#854,#855,#856,#857));
#1695=EDGE_LOOP('',(#858));
#1696=EDGE_LOOP('',(#859,#860,#861,#862));
#1697=EDGE_LOOP('',(#863));
#1698=EDGE_LOOP('',(#864,#865,#866,#867));
#1699=EDGE_LOOP('',(#868,#869,#870,#871));
#1700=EDGE_LOOP('',(#872,#873,#874,#875));
#1701=EDGE_LOOP('',(#876,#877,#878,#879));
#1702=EDGE_LOOP('',(#880,#881,#882,#883));
#1703=EDGE_LOOP('',(#884,#885,#886,#887));
#1704=EDGE_LOOP('',(#888,#889,#890,#891));
#1705=EDGE_LOOP('',(#892));
#1706=EDGE_LOOP('',(#893,#894,#895,#896,#897,#898));
#1707=EDGE_LOOP('',(#899,#900,#901,#902));
#1708=EDGE_LOOP('',(#903,#904,#905,#906));
#1709=EDGE_LOOP('',(#907,#908,#909,#910));
#1710=EDGE_LOOP('',(#911,#912,#913,#914));
#1711=EDGE_LOOP('',(#915,#916,#917,#918));
#1712=EDGE_LOOP('',(#919,#920,#921,#922));
#1713=EDGE_LOOP('',(#923));
#1714=EDGE_LOOP('',(#924));
#1715=EDGE_LOOP('',(#925,#926,#927,#928));
#1716=EDGE_LOOP('',(#929,#930,#931,#932));
#1717=EDGE_LOOP('',(#933,#934,#935,#936,#937,#938));
#1718=EDGE_LOOP('',(#939,#940,#941,#942));
#1719=EDGE_LOOP('',(#943,#944,#945,#946));
#1720=EDGE_LOOP('',(#947,#948,#949,#950));
#1721=EDGE_LOOP('',(#951));
#1722=EDGE_LOOP('',(#952,#953,#954,#955,#956,#957,#958));
#1723=EDGE_LOOP('',(#959));
#1724=EDGE_LOOP('',(#960,#961,#962,#963,#964,#965));
#1725=EDGE_LOOP('',(#966,#967,#968,#969));
#1726=EDGE_LOOP('',(#970,#971,#972,#973));
#1727=EDGE_LOOP('',(#974,#975,#976,#977));
#1728=EDGE_LOOP('',(#978,#979,#980,#981));
#1729=EDGE_LOOP('',(#982,#983,#984,#985));
#1730=EDGE_LOOP('',(#986,#987,#988,#989));
#1731=EDGE_LOOP('',(#990,#991,#992,#993));
#1732=EDGE_LOOP('',(#994,#995,#996,#997));
#1733=EDGE_LOOP('',(#998,#999,#1000,#1001));
#1734=EDGE_LOOP('',(#1002,#1003,#1004,#1005));
#1735=EDGE_LOOP('',(#1006,#1007,#1008,#1009));
#1736=EDGE_LOOP('',(#1010,#1011,#1012,#1013));
#1737=EDGE_LOOP('',(#1014));
#1738=EDGE_LOOP('',(#1015));
#1739=EDGE_LOOP('',(#1016,#1017,#1018,#1019,#1020,#1021,#1022,#1023,#1024,
#1025,#1026,#1027,#1028,#1029,#1030,#1031,#1032,#1033,#1034,#1035,#1036,
#1037));
#1740=EDGE_LOOP('',(#1038));
#1741=EDGE_LOOP('',(#1039));
#1742=EDGE_LOOP('',(#1040));
#1743=EDGE_LOOP('',(#1041));
#1744=EDGE_LOOP('',(#1042));
#1745=EDGE_LOOP('',(#1043));
#1746=EDGE_LOOP('',(#1044));
#1747=EDGE_LOOP('',(#1045));
#1748=EDGE_LOOP('',(#1046,#1047,#1048,#1049));
#1749=FACE_BOUND('',#1599,.T.);
#1750=FACE_BOUND('',#1600,.T.);
#1751=FACE_BOUND('',#1601,.T.);
#1752=FACE_BOUND('',#1602,.T.);
#1753=FACE_BOUND('',#1603,.T.);
#1754=FACE_BOUND('',#1604,.T.);
#1755=FACE_BOUND('',#1605,.T.);
#1756=FACE_BOUND('',#1606,.T.);
#1757=FACE_BOUND('',#1607,.T.);
#1758=FACE_BOUND('',#1608,.T.);
#1759=FACE_BOUND('',#1609,.T.);
#1760=FACE_BOUND('',#1610,.T.);
#1761=FACE_BOUND('',#1611,.T.);
#1762=FACE_BOUND('',#1612,.T.);
#1763=FACE_BOUND('',#1613,.T.);
#1764=FACE_BOUND('',#1614,.T.);
#1765=FACE_BOUND('',#1615,.T.);
#1766=FACE_BOUND('',#1616,.T.);
#1767=FACE_BOUND('',#1617,.T.);
#1768=FACE_BOUND('',#1618,.T.);
#1769=FACE_BOUND('',#1619,.T.);
#1770=FACE_BOUND('',#1620,.T.);
#1771=FACE_BOUND('',#1621,.T.);
#1772=FACE_BOUND('',#1622,.T.);
#1773=FACE_BOUND('',#1623,.T.);
#1774=FACE_BOUND('',#1624,.T.);
#1775=FACE_BOUND('',#1625,.T.);
#1776=FACE_BOUND('',#1626,.T.);
#1777=FACE_BOUND('',#1627,.T.);
#1778=FACE_BOUND('',#1628,.T.);
#1779=FACE_BOUND('',#1629,.T.);
#1780=FACE_BOUND('',#1630,.T.);
#1781=FACE_BOUND('',#1631,.T.);
#1782=FACE_BOUND('',#1632,.T.);
#1783=FACE_BOUND('',#1633,.T.);
#1784=FACE_BOUND('',#1634,.T.);
#1785=FACE_BOUND('',#1635,.T.);
#1786=FACE_BOUND('',#1636,.T.);
#1787=FACE_BOUND('',#1637,.T.);
#1788=FACE_BOUND('',#1638,.T.);
#1789=FACE_BOUND('',#1639,.T.);
#1790=FACE_BOUND('',#1640,.T.);
#1791=FACE_BOUND('',#1641,.T.);
#1792=FACE_BOUND('',#1642,.T.);
#1793=FACE_BOUND('',#1643,.T.);
#1794=FACE_BOUND('',#1644,.T.);
#1795=FACE_BOUND('',#1645,.T.);
#1796=FACE_BOUND('',#1646,.T.);
#1797=FACE_BOUND('',#1647,.T.);
#1798=FACE_BOUND('',#1648,.T.);
#1799=FACE_BOUND('',#1649,.T.);
#1800=FACE_BOUND('',#1650,.T.);
#1801=FACE_BOUND('',#1651,.T.);
#1802=FACE_BOUND('',#1652,.T.);
#1803=FACE_BOUND('',#1653,.T.);
#1804=FACE_BOUND('',#1654,.T.);
#1805=FACE_BOUND('',#1655,.T.);
#1806=FACE_BOUND('',#1656,.T.);
#1807=FACE_BOUND('',#1657,.T.);
#1808=FACE_BOUND('',#1658,.T.);
#1809=FACE_BOUND('',#1659,.T.);
#1810=FACE_BOUND('',#1660,.T.);
#1811=FACE_BOUND('',#1661,.T.);
#1812=FACE_BOUND('',#1662,.T.);
#1813=FACE_BOUND('',#1663,.T.);
#1814=FACE_BOUND('',#1664,.T.);
#1815=FACE_BOUND('',#1665,.T.);
#1816=FACE_BOUND('',#1666,.T.);
#1817=FACE_BOUND('',#1667,.T.);
#1818=FACE_BOUND('',#1668,.T.);
#1819=FACE_BOUND('',#1669,.T.);
#1820=FACE_BOUND('',#1670,.T.);
#1821=FACE_BOUND('',#1671,.T.);
#1822=FACE_BOUND('',#1672,.T.);
#1823=FACE_BOUND('',#1673,.T.);
#1824=FACE_BOUND('',#1674,.T.);
#1825=FACE_BOUND('',#1675,.T.);
#1826=FACE_BOUND('',#1676,.T.);
#1827=FACE_BOUND('',#1677,.T.);
#1828=FACE_BOUND('',#1678,.T.);
#1829=FACE_BOUND('',#1679,.T.);
#1830=FACE_BOUND('',#1680,.T.);
#1831=FACE_BOUND('',#1681,.T.);
#1832=FACE_BOUND('',#1682,.T.);
#1833=FACE_BOUND('',#1683,.T.);
#1834=FACE_BOUND('',#1684,.T.);
#1835=FACE_BOUND('',#1685,.T.);
#1836=FACE_BOUND('',#1686,.T.);
#1837=FACE_BOUND('',#1687,.T.);
#1838=FACE_BOUND('',#1688,.T.);
#1839=FACE_BOUND('',#1689,.T.);
#1840=FACE_BOUND('',#1690,.T.);
#1841=FACE_BOUND('',#1691,.T.);
#1842=FACE_BOUND('',#1692,.T.);
#1843=FACE_BOUND('',#1693,.T.);
#1844=FACE_BOUND('',#1694,.T.);
#1845=FACE_BOUND('',#1695,.T.);
#1846=FACE_BOUND('',#1696,.T.);
#1847=FACE_BOUND('',#1697,.T.);
#1848=FACE_BOUND('',#1698,.T.);
#1849=FACE_BOUND('',#1699,.T.);
#1850=FACE_BOUND('',#1700,.T.);
#1851=FACE_BOUND('',#1701,.T.);
#1852=FACE_BOUND('',#1702,.T.);
#1853=FACE_BOUND('',#1703,.T.);
#1854=FACE_BOUND('',#1704,.T.);
#1855=FACE_BOUND('',#1705,.T.);
#1856=FACE_BOUND('',#1706,.T.);
#1857=FACE_BOUND('',#1707,.T.);
#1858=FACE_BOUND('',#1708,.T.);
#1859=FACE_BOUND('',#1709,.T.);
#1860=FACE_BOUND('',#1710,.T.);
#1861=FACE_BOUND('',#1711,.T.);
#1862=FACE_BOUND('',#1712,.T.);
#1863=FACE_BOUND('',#1713,.T.);
#1864=FACE_BOUND('',#1714,.T.);
#1865=FACE_BOUND('',#1715,.T.);
#1866=FACE_BOUND('',#1716,.T.);
#1867=FACE_BOUND('',#1717,.T.);
#1868=FACE_BOUND('',#1718,.T.);
#1869=FACE_BOUND('',#1719,.T.);
#1870=FACE_BOUND('',#1720,.T.);
#1871=FACE_BOUND('',#1721,.T.);
#1872=FACE_BOUND('',#1722,.T.);
#1873=FACE_BOUND('',#1723,.T.);
#1874=FACE_BOUND('',#1724,.T.);
#1875=FACE_BOUND('',#1725,.T.);
#1876=FACE_BOUND('',#1726,.T.);
#1877=FACE_BOUND('',#1727,.T.);
#1878=FACE_BOUND('',#1728,.T.);
#1879=FACE_BOUND('',#1729,.T.);
#1880=FACE_BOUND('',#1730,.T.);
#1881=FACE_BOUND('',#1731,.T.);
#1882=FACE_BOUND('',#1732,.T.);
#1883=FACE_BOUND('',#1733,.T.);
#1884=FACE_BOUND('',#1734,.T.);
#1885=FACE_BOUND('',#1735,.T.);
#1886=FACE_BOUND('',#1736,.T.);
#1887=FACE_BOUND('',#1737,.T.);
#1888=FACE_BOUND('',#1738,.T.);
#1889=FACE_BOUND('',#1739,.T.);
#1890=FACE_BOUND('',#1740,.T.);
#1891=FACE_BOUND('',#1741,.T.);
#1892=FACE_BOUND('',#1742,.T.);
#1893=FACE_BOUND('',#1743,.T.);
#1894=FACE_BOUND('',#1744,.T.);
#1895=FACE_BOUND('',#1745,.T.);
#1896=FACE_BOUND('',#1746,.T.);
#1897=FACE_BOUND('',#1747,.T.);
#1898=FACE_BOUND('',#1748,.T.);
#1899=PLANE('',#2093);
#1900=PLANE('',#2097);
#1901=PLANE('',#2103);
#1902=PLANE('',#2111);
#1903=PLANE('',#2114);
#1904=PLANE('',#2115);
#1905=PLANE('',#2121);
#1906=PLANE('',#2123);
#1907=PLANE('',#2127);
#1908=PLANE('',#2134);
#1909=PLANE('',#2140);
#1910=PLANE('',#2143);
#1911=PLANE('',#2144);
#1912=PLANE('',#2145);
#1913=PLANE('',#2146);
#1914=PLANE('',#2148);
#1915=PLANE('',#2151);
#1916=PLANE('',#2155);
#1917=PLANE('',#2158);
#1918=PLANE('',#2162);
#1919=PLANE('',#2164);
#1920=PLANE('',#2168);
#1921=PLANE('',#2175);
#1922=PLANE('',#2176);
#1923=PLANE('',#2180);
#1924=PLANE('',#2183);
#1925=PLANE('',#2188);
#1926=PLANE('',#2192);
#1927=PLANE('',#2196);
#1928=PLANE('',#2197);
#1929=PLANE('',#2198);
#1930=PLANE('',#2199);
#1931=PLANE('',#2200);
#1932=PLANE('',#2201);
#1933=PLANE('',#2202);
#1934=PLANE('',#2203);
#1935=PLANE('',#2222);
#1936=PLANE('',#2225);
#1937=PLANE('',#2226);
#1938=PLANE('',#2227);
#1939=PLANE('',#2228);
#1940=PLANE('',#2229);
#1941=PLANE('',#2230);
#1942=PLANE('',#2231);
#1943=PLANE('',#2232);
#1944=PLANE('',#2233);
#1945=PLANE('',#2235);
#1946=PLANE('',#2236);
#1947=PLANE('',#2237);
#1948=PLANE('',#2238);
#1949=PLANE('',#2239);
#1950=PLANE('',#2240);
#1951=PLANE('',#2242);
#1952=PLANE('',#2243);
#1953=PLANE('',#2244);
#1954=PLANE('',#2245);
#1955=PLANE('',#2246);
#1956=PLANE('',#2247);
#1957=PLANE('',#2248);
#1958=PLANE('',#2249);
#1959=PLANE('',#2251);
#1960=PLANE('',#2252);
#1961=PLANE('',#2253);
#1962=PLANE('',#2254);
#1963=PLANE('',#2255);
#1964=PLANE('',#2256);
#1965=PLANE('',#2257);
#1966=PLANE('',#2258);
#1967=PLANE('',#2259);
#1968=PLANE('',#2260);
#1969=PLANE('',#2261);
#1970=PLANE('',#2262);
#1971=PLANE('',#2264);
#1972=PLANE('',#2265);
#1973=ADVANCED_FACE('',(#1749,#1750,#1751),#1899,.T.);
#1974=ADVANCED_FACE('',(#1752),#1900,.T.);
#1975=ADVANCED_FACE('',(#1753),#20,.F.);
#1976=ADVANCED_FACE('',(#1754,#1755,#1756,#1757,#1758,#1759,#1760,#1761),
#1901,.F.);
#1977=ADVANCED_FACE('',(#1762,#1763,#1764),#1902,.T.);
#1978=ADVANCED_FACE('',(#1765,#1766),#21,.F.);
#1979=ADVANCED_FACE('',(#1767),#1903,.F.);
#1980=ADVANCED_FACE('',(#1768),#1904,.T.);
#1981=ADVANCED_FACE('',(#1769,#1770),#22,.F.);
#1982=ADVANCED_FACE('',(#1771,#1772),#23,.F.);
#1983=ADVANCED_FACE('',(#1773,#1774,#1775),#1905,.F.);
#1984=ADVANCED_FACE('',(#1776,#1777,#1778),#1906,.F.);
#1985=ADVANCED_FACE('',(#1779),#1907,.T.);
#1986=ADVANCED_FACE('',(#1780),#24,.F.);
#1987=ADVANCED_FACE('',(#1781),#1908,.F.);
#1988=ADVANCED_FACE('',(#1782,#1783),#25,.F.);
#1989=ADVANCED_FACE('',(#1784,#1785),#26,.F.);
#1990=ADVANCED_FACE('',(#1786),#1909,.T.);
#1991=ADVANCED_FACE('',(#1787),#27,.F.);
#1992=ADVANCED_FACE('',(#1788),#1910,.T.);
#1993=ADVANCED_FACE('',(#1789),#1911,.T.);
#1994=ADVANCED_FACE('',(#1790),#1912,.F.);
#1995=ADVANCED_FACE('',(#1791),#1913,.T.);
#1996=ADVANCED_FACE('',(#1792),#1914,.T.);
#1997=ADVANCED_FACE('',(#1793),#1915,.T.);
#1998=ADVANCED_FACE('',(#1794),#28,.F.);
#1999=ADVANCED_FACE('',(#1795),#1916,.T.);
#2000=ADVANCED_FACE('',(#1796),#1917,.T.);
#2001=ADVANCED_FACE('',(#1797),#29,.F.);
#2002=ADVANCED_FACE('',(#1798),#1918,.T.);
#2003=ADVANCED_FACE('',(#1799),#14,.T.);
#2004=ADVANCED_FACE('',(#1800),#1919,.T.);
#2005=ADVANCED_FACE('',(#1801),#30,.F.);
#2006=ADVANCED_FACE('',(#1802),#31,.F.);
#2007=ADVANCED_FACE('',(#1803),#1920,.T.);
#2008=ADVANCED_FACE('',(#1804),#32,.F.);
#2009=ADVANCED_FACE('',(#1805),#33,.F.);
#2010=ADVANCED_FACE('',(#1806),#1921,.F.);
#2011=ADVANCED_FACE('',(#1807),#1922,.T.);
#2012=ADVANCED_FACE('',(#1808),#34,.F.);
#2013=ADVANCED_FACE('',(#1809),#1923,.T.);
#2014=ADVANCED_FACE('',(#1810),#35,.F.);
#2015=ADVANCED_FACE('',(#1811),#1924,.F.);
#2016=ADVANCED_FACE('',(#1812),#36,.F.);
#2017=ADVANCED_FACE('',(#1813),#1925,.F.);
#2018=ADVANCED_FACE('',(#1814),#37,.F.);
#2019=ADVANCED_FACE('',(#1815),#1926,.F.);
#2020=ADVANCED_FACE('',(#1816),#38,.F.);
#2021=ADVANCED_FACE('',(#1817),#39,.F.);
#2022=ADVANCED_FACE('',(#1818),#1927,.F.);
#2023=ADVANCED_FACE('',(#1819),#1928,.T.);
#2024=ADVANCED_FACE('',(#1820),#1929,.F.);
#2025=ADVANCED_FACE('',(#1821),#1930,.T.);
#2026=ADVANCED_FACE('',(#1822),#1931,.T.);
#2027=ADVANCED_FACE('',(#1823),#1932,.F.);
#2028=ADVANCED_FACE('',(#1824),#1933,.T.);
#2029=ADVANCED_FACE('',(#1825),#1934,.T.);
#2030=ADVANCED_FACE('',(#1826,#1827),#40,.F.);
#2031=ADVANCED_FACE('',(#1828,#1829),#41,.F.);
#2032=ADVANCED_FACE('',(#1830,#1831),#42,.F.);
#2033=ADVANCED_FACE('',(#1832,#1833),#43,.F.);
#2034=ADVANCED_FACE('',(#1834,#1835),#44,.F.);
#2035=ADVANCED_FACE('',(#1836,#1837),#45,.F.);
#2036=ADVANCED_FACE('',(#1838,#1839),#46,.F.);
#2037=ADVANCED_FACE('',(#1840,#1841),#47,.F.);
#2038=ADVANCED_FACE('',(#1842),#48,.F.);
#2039=ADVANCED_FACE('',(#1843),#1935,.F.);
#2040=ADVANCED_FACE('',(#1844),#49,.F.);
#2041=ADVANCED_FACE('',(#1845,#1846),#1936,.T.);
#2042=ADVANCED_FACE('',(#1847,#1848),#1937,.T.);
#2043=ADVANCED_FACE('',(#1849),#1938,.T.);
#2044=ADVANCED_FACE('',(#1850),#1939,.T.);
#2045=ADVANCED_FACE('',(#1851),#1940,.T.);
#2046=ADVANCED_FACE('',(#1852),#1941,.T.);
#2047=ADVANCED_FACE('',(#1853),#1942,.T.);
#2048=ADVANCED_FACE('',(#1854),#1943,.T.);
#2049=ADVANCED_FACE('',(#1855,#1856),#1944,.T.);
#2050=ADVANCED_FACE('',(#1857),#1945,.F.);
#2051=ADVANCED_FACE('',(#1858),#1946,.F.);
#2052=ADVANCED_FACE('',(#1859),#1947,.F.);
#2053=ADVANCED_FACE('',(#1860),#1948,.F.);
#2054=ADVANCED_FACE('',(#1861),#1949,.F.);
#2055=ADVANCED_FACE('',(#1862),#1950,.F.);
#2056=ADVANCED_FACE('',(#1863,#1864),#12,.F.);
#2057=ADVANCED_FACE('',(#1865),#1951,.T.);
#2058=ADVANCED_FACE('',(#1866),#1952,.T.);
#2059=ADVANCED_FACE('',(#1867),#1953,.T.);
#2060=ADVANCED_FACE('',(#1868),#1954,.T.);
#2061=ADVANCED_FACE('',(#1869),#1955,.T.);
#2062=ADVANCED_FACE('',(#1870),#1956,.T.);
#2063=ADVANCED_FACE('',(#1871,#1872),#1957,.T.);
#2064=ADVANCED_FACE('',(#1873,#1874),#1958,.T.);
#2065=ADVANCED_FACE('',(#1875),#1959,.T.);
#2066=ADVANCED_FACE('',(#1876),#1960,.T.);
#2067=ADVANCED_FACE('',(#1877),#1961,.T.);
#2068=ADVANCED_FACE('',(#1878),#1962,.T.);
#2069=ADVANCED_FACE('',(#1879),#1963,.T.);
#2070=ADVANCED_FACE('',(#1880),#1964,.T.);
#2071=ADVANCED_FACE('',(#1881),#1965,.F.);
#2072=ADVANCED_FACE('',(#1882),#1966,.F.);
#2073=ADVANCED_FACE('',(#1883),#1967,.F.);
#2074=ADVANCED_FACE('',(#1884),#1968,.F.);
#2075=ADVANCED_FACE('',(#1885),#1969,.F.);
#2076=ADVANCED_FACE('',(#1886),#1970,.F.);
#2077=ADVANCED_FACE('',(#1887,#1888),#13,.F.);
#2078=ADVANCED_FACE('',(#1889,#1890,#1891,#1892,#1893,#1894,#1895,#1896,
#1897),#1971,.T.);
#2079=ADVANCED_FACE('',(#1898),#1972,.T.);
#2080=CLOSED_SHELL('',(#1973,#1974,#1975,#1976,#1977,#1978,#1979,#1980,
#1981,#1982,#1983,#1984,#1985,#1986,#1987,#1988,#1989,#1990,#1991,#1992,
#1993,#1994,#1995,#1996,#1997,#1998,#1999,#2000,#2001,#2002,#2003,#2004,
#2005,#2006,#2007,#2008,#2009,#2010,#2011,#2012,#2013,#2014,#2015,#2016,
#2017,#2018,#2019,#2020,#2021,#2022,#2023,#2024,#2025,#2026,#2027,#2028,
#2029,#2030,#2031,#2032,#2033,#2034,#2035,#2036,#2037,#2038,#2039,#2040,
#2041,#2042,#2043,#2044,#2045,#2046,#2047,#2048,#2049,#2050,#2051,#2052,
#2053,#2054,#2055,#2056,#2057,#2058,#2059,#2060,#2061,#2062,#2063,#2064,
#2065,#2066,#2067,#2068,#2069,#2070,#2071,#2072,#2073,#2074,#2075,#2076,
#2077,#2078,#2079));
#2081=STYLED_ITEM('',(#2082),#2089);
#2082=PRESENTATION_STYLE_ASSIGNMENT((#2083));
#2083=SURFACE_STYLE_USAGE(.BOTH.,#2084);
#2084=SURFACE_SIDE_STYLE('',(#2085));
#2085=SURFACE_STYLE_FILL_AREA(#2086);
#2086=FILL_AREA_STYLE('',(#2087));
#2087=FILL_AREA_STYLE_COLOUR('',#2088);
#2088=COLOUR_RGB('',0.980392156862745,0.713725490196078,0.00392156862745098);
#2089=MANIFOLD_SOLID_BREP('House Bottom',#2080);
#2090=SHAPE_DEFINITION_REPRESENTATION(#3461,#2091);
#2091=SHAPE_REPRESENTATION('House Bottom',(#2092),#3456);
#2092=AXIS2_PLACEMENT_3D('',#2828,#2266,#2267);
#2093=AXIS2_PLACEMENT_3D('',#2829,#2268,#2269);
#2094=AXIS2_PLACEMENT_3D('',#2830,#2270,#2271);
#2095=AXIS2_PLACEMENT_3D('',#2832,#2272,#2273);
#2096=AXIS2_PLACEMENT_3D('',#2843,#2278,#2279);
#2097=AXIS2_PLACEMENT_3D('',#2846,#2281,#2282);
#2098=AXIS2_PLACEMENT_3D('',#2852,#2286,#2287);
#2099=AXIS2_PLACEMENT_3D('',#2853,#2288,#2289);
#2100=AXIS2_PLACEMENT_3D('',#2858,#2291,#2292);
#2101=AXIS2_PLACEMENT_3D('',#2862,#2294,#2295);
#2102=AXIS2_PLACEMENT_3D('',#2866,#2297,#2298);
#2103=AXIS2_PLACEMENT_3D('',#2869,#2300,#2301);
#2104=AXIS2_PLACEMENT_3D('',#2870,#2302,#2303);
#2105=AXIS2_PLACEMENT_3D('',#2872,#2304,#2305);
#2106=AXIS2_PLACEMENT_3D('',#2874,#2306,#2307);
#2107=AXIS2_PLACEMENT_3D('',#2876,#2308,#2309);
#2108=AXIS2_PLACEMENT_3D('',#2878,#2310,#2311);
#2109=AXIS2_PLACEMENT_3D('',#2880,#2312,#2313);
#2110=AXIS2_PLACEMENT_3D('',#2882,#2314,#2315);
#2111=AXIS2_PLACEMENT_3D('',#2953,#2351,#2352);
#2112=AXIS2_PLACEMENT_3D('',#2990,#2371,#2372);
#2113=AXIS2_PLACEMENT_3D('',#2991,#2373,#2374);
#2114=AXIS2_PLACEMENT_3D('',#2993,#2375,#2376);
#2115=AXIS2_PLACEMENT_3D('',#3002,#2381,#2382);
#2116=AXIS2_PLACEMENT_3D('',#3015,#2390,#2391);
#2117=AXIS2_PLACEMENT_3D('',#3016,#2392,#2393);
#2118=AXIS2_PLACEMENT_3D('',#3018,#2394,#2395);
#2119=AXIS2_PLACEMENT_3D('',#3020,#2396,#2397);
#2120=AXIS2_PLACEMENT_3D('',#3021,#2398,#2399);
#2121=AXIS2_PLACEMENT_3D('',#3023,#2400,#2401);
#2122=AXIS2_PLACEMENT_3D('',#3024,#2402,#2403);
#2123=AXIS2_PLACEMENT_3D('',#3072,#2428,#2429);
#2124=AXIS2_PLACEMENT_3D('',#3073,#2430,#2431);
#2125=AXIS2_PLACEMENT_3D('',#3075,#2432,#2433);
#2126=AXIS2_PLACEMENT_3D('',#3084,#2437,#2438);
#2127=AXIS2_PLACEMENT_3D('',#3106,#2447,#2448);
#2128=AXIS2_PLACEMENT_3D('',#3117,#2455,#2456);
#2129=AXIS2_PLACEMENT_3D('',#3127,#2457,#2458);
#2130=AXIS2_PLACEMENT_3D('',#3131,#2460,#2461);
#2131=AXIS2_PLACEMENT_3D('',#3135,#2463,#2464);
#2132=AXIS2_PLACEMENT_3D('',#3136,#2465,#2466);
#2133=AXIS2_PLACEMENT_3D('',#3137,#2467,#2468);
#2134=AXIS2_PLACEMENT_3D('',#3138,#2469,#2470);
#2135=AXIS2_PLACEMENT_3D('',#3139,#2471,#2472);
#2136=AXIS2_PLACEMENT_3D('',#3142,#2475,#2476);
#2137=AXIS2_PLACEMENT_3D('',#3143,#2477,#2478);
#2138=AXIS2_PLACEMENT_3D('',#3145,#2479,#2480);
#2139=AXIS2_PLACEMENT_3D('',#3146,#2481,#2482);
#2140=AXIS2_PLACEMENT_3D('',#3148,#2483,#2484);
#2141=AXIS2_PLACEMENT_3D('',#3154,#2488,#2489);
#2142=AXIS2_PLACEMENT_3D('',#3165,#2493,#2494);
#2143=AXIS2_PLACEMENT_3D('',#3166,#2495,#2496);
#2144=AXIS2_PLACEMENT_3D('',#3170,#2499,#2500);
#2145=AXIS2_PLACEMENT_3D('',#3172,#2502,#2503);
#2146=AXIS2_PLACEMENT_3D('',#3176,#2506,#2507);
#2147=AXIS2_PLACEMENT_3D('',#3177,#2508,#2509);
#2148=AXIS2_PLACEMENT_3D('',#3179,#2511,#2512);
#2149=AXIS2_PLACEMENT_3D('',#3180,#2513,#2514);
#2150=AXIS2_PLACEMENT_3D('',#3181,#2515,#2516);
#2151=AXIS2_PLACEMENT_3D('',#3182,#2517,#2518);
#2152=AXIS2_PLACEMENT_3D('',#3183,#2519,#2520);
#2153=AXIS2_PLACEMENT_3D('',#3184,#2521,#2522);
#2154=AXIS2_PLACEMENT_3D('',#3185,#2523,#2524);
#2155=AXIS2_PLACEMENT_3D('',#3186,#2525,#2526);
#2156=AXIS2_PLACEMENT_3D('',#3187,#2527,#2528);
#2157=AXIS2_PLACEMENT_3D('',#3188,#2529,#2530);
#2158=AXIS2_PLACEMENT_3D('',#3189,#2531,#2532);
#2159=AXIS2_PLACEMENT_3D('',#3190,#2533,#2534);
#2160=AXIS2_PLACEMENT_3D('',#3191,#2535,#2536);
#2161=AXIS2_PLACEMENT_3D('',#3192,#2537,#2538);
#2162=AXIS2_PLACEMENT_3D('',#3193,#2539,#2540);
#2163=AXIS2_PLACEMENT_3D('',#3194,#2541,#2542);
#2164=AXIS2_PLACEMENT_3D('',#3225,#2544,#2545);
#2165=AXIS2_PLACEMENT_3D('',#3226,#2546,#2547);
#2166=AXIS2_PLACEMENT_3D('',#3227,#2548,#2549);
#2167=AXIS2_PLACEMENT_3D('',#3228,#2550,#2551);
#2168=AXIS2_PLACEMENT_3D('',#3229,#2552,#2553);
#2169=AXIS2_PLACEMENT_3D('',#3230,#2554,#2555);
#2170=AXIS2_PLACEMENT_3D('',#3231,#2556,#2557);
#2171=AXIS2_PLACEMENT_3D('',#3232,#2558,#2559);
#2172=AXIS2_PLACEMENT_3D('',#3233,#2560,#2561);
#2173=AXIS2_PLACEMENT_3D('',#3234,#2562,#2563);
#2174=AXIS2_PLACEMENT_3D('',#3235,#2564,#2565);
#2175=AXIS2_PLACEMENT_3D('',#3236,#2566,#2567);
#2176=AXIS2_PLACEMENT_3D('',#3237,#2568,#2569);
#2177=AXIS2_PLACEMENT_3D('',#3238,#2570,#2571);
#2178=AXIS2_PLACEMENT_3D('',#3239,#2572,#2573);
#2179=AXIS2_PLACEMENT_3D('',#3240,#2574,#2575);
#2180=AXIS2_PLACEMENT_3D('',#3241,#2576,#2577);
#2181=AXIS2_PLACEMENT_3D('',#3242,#2578,#2579);
#2182=AXIS2_PLACEMENT_3D('',#3243,#2580,#2581);
#2183=AXIS2_PLACEMENT_3D('',#3244,#2582,#2583);
#2184=AXIS2_PLACEMENT_3D('',#3245,#2584,#2585);
#2185=AXIS2_PLACEMENT_3D('',#3246,#2586,#2587);
#2186=AXIS2_PLACEMENT_3D('',#3247,#2588,#2589);
#2187=AXIS2_PLACEMENT_3D('',#3248,#2590,#2591);
#2188=AXIS2_PLACEMENT_3D('',#3249,#2592,#2593);
#2189=AXIS2_PLACEMENT_3D('',#3250,#2594,#2595);
#2190=AXIS2_PLACEMENT_3D('',#3251,#2596,#2597);
#2191=AXIS2_PLACEMENT_3D('',#3252,#2598,#2599);
#2192=AXIS2_PLACEMENT_3D('',#3253,#2600,#2601);
#2193=AXIS2_PLACEMENT_3D('',#3254,#2602,#2603);
#2194=AXIS2_PLACEMENT_3D('',#3255,#2604,#2605);
#2195=AXIS2_PLACEMENT_3D('',#3256,#2606,#2607);
#2196=AXIS2_PLACEMENT_3D('',#3257,#2608,#2609);
#2197=AXIS2_PLACEMENT_3D('',#3261,#2612,#2613);
#2198=AXIS2_PLACEMENT_3D('',#3265,#2616,#2617);
#2199=AXIS2_PLACEMENT_3D('',#3269,#2620,#2621);
#2200=AXIS2_PLACEMENT_3D('',#3272,#2624,#2625);
#2201=AXIS2_PLACEMENT_3D('',#3278,#2629,#2630);
#2202=AXIS2_PLACEMENT_3D('',#3280,#2632,#2633);
#2203=AXIS2_PLACEMENT_3D('',#3284,#2636,#2637);
#2204=AXIS2_PLACEMENT_3D('',#3288,#2640,#2641);
#2205=AXIS2_PLACEMENT_3D('',#3289,#2642,#2643);
#2206=AXIS2_PLACEMENT_3D('',#3291,#2644,#2645);
#2207=AXIS2_PLACEMENT_3D('',#3292,#2646,#2647);
#2208=AXIS2_PLACEMENT_3D('',#3294,#2648,#2649);
#2209=AXIS2_PLACEMENT_3D('',#3295,#2650,#2651);
#2210=AXIS2_PLACEMENT_3D('',#3297,#2652,#2653);
#2211=AXIS2_PLACEMENT_3D('',#3298,#2654,#2655);
#2212=AXIS2_PLACEMENT_3D('',#3300,#2656,#2657);
#2213=AXIS2_PLACEMENT_3D('',#3301,#2658,#2659);
#2214=AXIS2_PLACEMENT_3D('',#3303,#2660,#2661);
#2215=AXIS2_PLACEMENT_3D('',#3304,#2662,#2663);
#2216=AXIS2_PLACEMENT_3D('',#3306,#2664,#2665);
#2217=AXIS2_PLACEMENT_3D('',#3307,#2666,#2667);
#2218=AXIS2_PLACEMENT_3D('',#3309,#2668,#2669);
#2219=AXIS2_PLACEMENT_3D('',#3310,#2670,#2671);
#2220=AXIS2_PLACEMENT_3D('',#3312,#2672,#2673);
#2221=AXIS2_PLACEMENT_3D('',#3313,#2674,#2675);
#2222=AXIS2_PLACEMENT_3D('',#3314,#2676,#2677);
#2223=AXIS2_PLACEMENT_3D('',#3315,#2678,#2679);
#2224=AXIS2_PLACEMENT_3D('',#3316,#2680,#2681);
#2225=AXIS2_PLACEMENT_3D('',#3317,#2682,#2683);
#2226=AXIS2_PLACEMENT_3D('',#3319,#2685,#2686);
#2227=AXIS2_PLACEMENT_3D('',#3321,#2688,#2689);
#2228=AXIS2_PLACEMENT_3D('',#3330,#2694,#2695);
#2229=AXIS2_PLACEMENT_3D('',#3336,#2699,#2700);
#2230=AXIS2_PLACEMENT_3D('',#3342,#2704,#2705);
#2231=AXIS2_PLACEMENT_3D('',#3348,#2709,#2710);
#2232=AXIS2_PLACEMENT_3D('',#3354,#2714,#2715);
#2233=AXIS2_PLACEMENT_3D('',#3357,#2718,#2719);
#2234=AXIS2_PLACEMENT_3D('',#3358,#2720,#2721);
#2235=AXIS2_PLACEMENT_3D('',#3360,#2722,#2723);
#2236=AXIS2_PLACEMENT_3D('',#3363,#2726,#2727);
#2237=AXIS2_PLACEMENT_3D('',#3365,#2729,#2730);
#2238=AXIS2_PLACEMENT_3D('',#3367,#2732,#2733);
#2239=AXIS2_PLACEMENT_3D('',#3369,#2735,#2736);
#2240=AXIS2_PLACEMENT_3D('',#3371,#2738,#2739);
#2241=AXIS2_PLACEMENT_3D('',#3372,#2740,#2741);
#2242=AXIS2_PLACEMENT_3D('',#3373,#2742,#2743);
#2243=AXIS2_PLACEMENT_3D('',#3382,#2748,#2749);
#2244=AXIS2_PLACEMENT_3D('',#3385,#2752,#2753);
#2245=AXIS2_PLACEMENT_3D('',#3390,#2757,#2758);
#2246=AXIS2_PLACEMENT_3D('',#3396,#2762,#2763);
#2247=AXIS2_PLACEMENT_3D('',#3398,#2765,#2766);
#2248=AXIS2_PLACEMENT_3D('',#3400,#2768,#2769);
#2249=AXIS2_PLACEMENT_3D('',#3401,#2770,#2771);
#2250=AXIS2_PLACEMENT_3D('',#3402,#2772,#2773);
#2251=AXIS2_PLACEMENT_3D('',#3416,#2780,#2781);
#2252=AXIS2_PLACEMENT_3D('',#3422,#2785,#2786);
#2253=AXIS2_PLACEMENT_3D('',#3426,#2789,#2790);
#2254=AXIS2_PLACEMENT_3D('',#3430,#2793,#2794);
#2255=AXIS2_PLACEMENT_3D('',#3434,#2797,#2798);
#2256=AXIS2_PLACEMENT_3D('',#3438,#2801,#2802);
#2257=AXIS2_PLACEMENT_3D('',#3440,#2804,#2805);
#2258=AXIS2_PLACEMENT_3D('',#3443,#2808,#2809);
#2259=AXIS2_PLACEMENT_3D('',#3445,#2811,#2812);
#2260=AXIS2_PLACEMENT_3D('',#3447,#2814,#2815);
#2261=AXIS2_PLACEMENT_3D('',#3449,#2817,#2818);
#2262=AXIS2_PLACEMENT_3D('',#3451,#2820,#2821);
#2263=AXIS2_PLACEMENT_3D('',#3452,#2822,#2823);
#2264=AXIS2_PLACEMENT_3D('',#3453,#2824,#2825);
#2265=AXIS2_PLACEMENT_3D('',#3454,#2826,#2827);
#2266=DIRECTION('',(0.,0.,1.));
#2267=DIRECTION('',(1.,0.,0.));
#2268=DIRECTION('',(0.,-1.,0.));
#2269=DIRECTION('',(0.,0.,-1.));
#2270=DIRECTION('',(0.,-1.,0.));
#2271=DIRECTION('',(0.,0.,-1.));
#2272=DIRECTION('',(0.,-1.,0.));
#2273=DIRECTION('',(0.,0.,-1.));
#2274=DIRECTION('',(0.,0.,-1.));
#2275=DIRECTION('',(1.,0.,0.));
#2276=DIRECTION('',(1.04236958457483E-15,0.,1.));
#2277=DIRECTION('',(1.,0.,4.33680868994202E-16));
#2278=DIRECTION('',(0.,-1.,0.));
#2279=DIRECTION('',(0.,0.,-1.));
#2280=DIRECTION('',(1.,0.,4.33680868994202E-16));
#2281=DIRECTION('',(1.,0.,0.));
#2282=DIRECTION('',(0.,0.,-1.));
#2283=DIRECTION('',(0.,0.,-1.));
#2284=DIRECTION('',(0.,1.,0.));
#2285=DIRECTION('',(0.,1.,0.));
#2286=DIRECTION('',(0.,0.,-1.));
#2287=DIRECTION('',(-1.,0.,0.));
#2288=DIRECTION('',(0.,0.,-1.));
#2289=DIRECTION('',(-1.,0.,0.));
#2290=DIRECTION('',(0.,0.,-1.));
#2291=DIRECTION('',(0.,0.,-1.));
#2292=DIRECTION('',(-1.,0.,0.));
#2293=DIRECTION('',(0.,0.,-1.));
#2294=DIRECTION('',(0.,0.,1.));
#2295=DIRECTION('',(1.,0.,0.));
#2296=DIRECTION('',(0.,0.,-1.));
#2297=DIRECTION('',(4.33680868994202E-16,0.,-1.));
#2298=DIRECTION('',(-1.,0.,-4.33680868994202E-16));
#2299=DIRECTION('',(0.,0.,-1.));
#2300=DIRECTION('',(4.33680868994202E-16,0.,-1.));
#2301=DIRECTION('',(1.,0.,4.33680868994202E-16));
#2302=DIRECTION('',(-4.33680868994202E-16,0.,1.));
#2303=DIRECTION('',(1.,0.,4.33680868994202E-16));
#2304=DIRECTION('',(-4.33680868994202E-16,0.,1.));
#2305=DIRECTION('',(1.,0.,4.33680868994202E-16));
#2306=DIRECTION('',(-4.33680868994202E-16,0.,1.));
#2307=DIRECTION('',(1.,0.,4.33680868994202E-16));
#2308=DIRECTION('',(-4.33680868994202E-16,0.,1.));
#2309=DIRECTION('',(1.,0.,4.33680868994202E-16));
#2310=DIRECTION('',(-4.33680868994202E-16,0.,1.));
#2311=DIRECTION('',(1.,0.,4.33680868994202E-16));
#2312=DIRECTION('',(4.33680868994202E-16,0.,-1.));
#2313=DIRECTION('',(1.,0.,4.33680868994202E-16));
#2314=DIRECTION('',(4.33680868994202E-16,0.,-1.));
#2315=DIRECTION('',(1.,0.,4.33680868994202E-16));
#2316=DIRECTION('',(-1.,-3.64246399155235E-16,-4.33680868994202E-16));
#2317=DIRECTION('',(0.,-1.,0.));
#2318=DIRECTION('',(1.,0.,4.33680868994202E-16));
#2319=DIRECTION('',(0.,-1.,0.));
#2320=DIRECTION('',(1.,0.,4.33680868994202E-16));
#2321=DIRECTION('',(0.,-1.,0.));
#2322=DIRECTION('',(1.,0.,4.33680868994202E-16));
#2323=DIRECTION('',(0.,-1.,0.));
#2324=DIRECTION('',(-1.,0.,-4.33680868994202E-16));
#2325=DIRECTION('',(0.,1.,0.));
#2326=DIRECTION('',(-1.,0.,-4.33680868994202E-16));
#2327=DIRECTION('',(0.,1.,0.));
#2328=DIRECTION('',(1.,0.,4.33680868994202E-16));
#2329=DIRECTION('',(0.,1.,0.));
#2330=DIRECTION('',(1.,0.,4.33680868994202E-16));
#2331=DIRECTION('',(0.,-1.,0.));
#2332=DIRECTION('',(1.,0.,4.33680868994202E-16));
#2333=DIRECTION('',(0.,-1.,0.));
#2334=DIRECTION('',(-1.,0.,-4.33680868994202E-16));
#2335=DIRECTION('',(0.,-1.,0.));
#2336=DIRECTION('',(1.,0.,4.33680868994202E-16));
#2337=DIRECTION('',(0.,-1.,0.));
#2338=DIRECTION('',(-1.,0.,-4.33680868994202E-16));
#2339=DIRECTION('',(0.,-1.,0.));
#2340=DIRECTION('',(1.,0.,4.33680868994202E-16));
#2341=DIRECTION('',(0.,-1.,0.));
#2342=DIRECTION('',(1.,0.,4.33680868994202E-16));
#2343=DIRECTION('',(0.,-1.,0.));
#2344=DIRECTION('',(1.,0.,4.33680868994202E-16));
#2345=DIRECTION('',(0.,-1.,0.));
#2346=DIRECTION('',(0.,1.,0.));
#2347=DIRECTION('',(1.,0.,4.33680868994202E-16));
#2348=DIRECTION('',(0.,1.,0.));
#2349=DIRECTION('',(1.,0.,4.33680868994202E-16));
#2350=DIRECTION('',(-3.12211199275916E-16,1.,-1.35400024211701E-31));
#2351=DIRECTION('',(0.,0.,-1.));
#2352=DIRECTION('',(1.,0.,0.));
#2353=DIRECTION('',(0.5,0.866025403784439,0.));
#2354=DIRECTION('',(-0.5,0.866025403784438,0.));
#2355=DIRECTION('',(-1.,0.,0.));
#2356=DIRECTION('',(-0.5,-0.866025403784439,0.));
#2357=DIRECTION('',(0.5,-0.866025403784439,0.));
#2358=DIRECTION('',(1.,0.,0.));
#2359=DIRECTION('',(1.,0.,0.));
#2360=DIRECTION('',(0.,-1.,0.));
#2361=DIRECTION('',(1.,0.,0.));
#2362=DIRECTION('',(0.,1.,0.));
#2363=DIRECTION('',(1.,0.,0.));
#2364=DIRECTION('',(3.12211199275916E-16,-1.,0.));
#2365=DIRECTION('',(0.5,0.866025403784439,0.));
#2366=DIRECTION('',(-0.5,0.866025403784438,0.));
#2367=DIRECTION('',(-1.,0.,0.));
#2368=DIRECTION('',(-0.5,-0.866025403784439,0.));
#2369=DIRECTION('',(0.5,-0.866025403784439,0.));
#2370=DIRECTION('',(1.,0.,0.));
#2371=DIRECTION('',(-4.33680868994202E-16,0.,1.));
#2372=DIRECTION('',(1.,0.,4.33680868994202E-16));
#2373=DIRECTION('',(0.,0.,-1.));
#2374=DIRECTION('',(-1.,0.,0.));
#2375=DIRECTION('',(-1.,0.,0.));
#2376=DIRECTION('',(0.,0.,1.));
#2377=DIRECTION('',(0.,0.,-1.));
#2378=DIRECTION('',(0.,1.,0.));
#2379=DIRECTION('',(0.,0.,-1.));
#2380=DIRECTION('',(0.,1.,0.));
#2381=DIRECTION('',(0.,0.,-1.));
#2382=DIRECTION('',(1.,0.,0.));
#2383=DIRECTION('',(1.,0.,0.));
#2384=DIRECTION('',(0.5,0.866025403784439,0.));
#2385=DIRECTION('',(-0.5,0.866025403784438,0.));
#2386=DIRECTION('',(-1.,0.,0.));
#2387=DIRECTION('',(1.,0.,0.));
#2388=DIRECTION('',(0.,1.,0.));
#2389=DIRECTION('',(1.,0.,0.));
#2390=DIRECTION('',(-4.33680868994202E-16,0.,1.));
#2391=DIRECTION('',(1.,0.,4.33680868994202E-16));
#2392=DIRECTION('',(4.33680868994202E-16,0.,-1.));
#2393=DIRECTION('',(1.,0.,4.33680868994202E-16));
#2394=DIRECTION('',(0.,0.,-1.));
#2395=DIRECTION('',(-1.,0.,0.));
#2396=DIRECTION('',(-4.33680868994202E-16,0.,1.));
#2397=DIRECTION('',(1.,0.,4.33680868994202E-16));
#2398=DIRECTION('',(0.,0.,-1.));
#2399=DIRECTION('',(-1.,0.,0.));
#2400=DIRECTION('',(4.33680868994202E-16,0.,-1.));
#2401=DIRECTION('',(1.,0.,4.33680868994202E-16));
#2402=DIRECTION('',(4.33680868994202E-16,0.,-1.));
#2403=DIRECTION('',(1.,0.,4.33680868994202E-16));
#2404=DIRECTION('',(0.,-1.,0.));
#2405=DIRECTION('',(1.,0.,4.33680868994202E-16));
#2406=DIRECTION('',(0.,-1.,0.));
#2407=DIRECTION('',(1.,0.,4.33680868994202E-16));
#2408=DIRECTION('',(0.,-1.,0.));
#2409=DIRECTION('',(-1.,0.,-4.33680868994202E-16));
#2410=DIRECTION('',(0.,-1.,0.));
#2411=DIRECTION('',(1.,0.,4.33680868994202E-16));
#2412=DIRECTION('',(0.,-1.,0.));
#2413=DIRECTION('',(-1.,0.,-4.33680868994202E-16));
#2414=DIRECTION('',(0.,-1.,0.));
#2415=DIRECTION('',(1.,0.,4.33680868994202E-16));
#2416=DIRECTION('',(0.,-1.,0.));
#2417=DIRECTION('',(1.,0.,4.33680868994202E-16));
#2418=DIRECTION('',(0.,1.,0.));
#2419=DIRECTION('',(1.,0.,4.33680868994202E-16));
#2420=DIRECTION('',(0.,1.,0.));
#2421=DIRECTION('',(-1.,0.,-4.33680868994202E-16));
#2422=DIRECTION('',(0.,-1.,0.));
#2423=DIRECTION('',(1.,0.,4.33680868994202E-16));
#2424=DIRECTION('',(0.,1.,0.));
#2425=DIRECTION('',(1.,0.,4.33680868994202E-16));
#2426=DIRECTION('',(0.,-1.,0.));
#2427=DIRECTION('',(1.,0.,4.33680868994202E-16));
#2428=DIRECTION('',(4.33680868994202E-16,0.,-1.));
#2429=DIRECTION('',(1.,0.,4.33680868994202E-16));
#2430=DIRECTION('',(-4.33680868994202E-16,0.,1.));
#2431=DIRECTION('',(1.,0.,4.33680868994202E-16));
#2432=DIRECTION('',(-4.33680868994202E-16,0.,1.));
#2433=DIRECTION('',(1.,0.,4.33680868994202E-16));
#2434=DIRECTION('',(0.,-1.,0.));
#2435=DIRECTION('',(-1.,-3.64246399155235E-16,-4.33680868994202E-16));
#2436=DIRECTION('',(0.,1.,0.));
#2437=DIRECTION('',(4.33680868994202E-16,0.,-1.));
#2438=DIRECTION('',(-1.,0.,-4.33680868994202E-16));
#2439=DIRECTION('',(0.,1.,0.));
#2440=DIRECTION('',(-1.,0.,-4.33680868994202E-16));
#2441=DIRECTION('',(0.,-1.,0.));
#2442=DIRECTION('',(1.,0.,4.33680868994202E-16));
#2443=DIRECTION('',(0.,-1.,0.));
#2444=DIRECTION('',(1.,0.,4.33680868994202E-16));
#2445=DIRECTION('',(0.,-1.,0.));
#2446=DIRECTION('',(1.,0.,4.33680868994202E-16));
#2447=DIRECTION('',(1.,3.12211199275916E-16,0.));
#2448=DIRECTION('',(-3.12211199275916E-16,1.,0.));
#2449=DIRECTION('',(0.,0.,-1.));
#2450=DIRECTION('',(3.12211199275916E-16,-1.,0.));
#2451=DIRECTION('',(0.,0.,-1.));
#2452=DIRECTION('',(0.,0.,-1.));
#2453=DIRECTION('',(3.12211199275916E-16,-1.,0.));
#2454=DIRECTION('',(0.,0.,-1.));
#2455=DIRECTION('',(0.,1.,0.));
#2456=DIRECTION('',(0.,0.,1.));
#2457=DIRECTION('',(0.,-1.,0.));
#2458=DIRECTION('',(0.,0.,-1.));
#2459=DIRECTION('',(0.,1.,0.));
#2460=DIRECTION('',(0.,-1.,0.));
#2461=DIRECTION('',(0.,0.,-1.));
#2462=DIRECTION('',(0.,1.,0.));
#2463=DIRECTION('',(0.,1.,0.));
#2464=DIRECTION('',(0.,0.,1.));
#2465=DIRECTION('',(0.,-1.,0.));
#2466=DIRECTION('',(0.,0.,-1.));
#2467=DIRECTION('',(0.,-1.,0.));
#2468=DIRECTION('',(0.,0.,-1.));
#2469=DIRECTION('',(0.,-1.,0.));
#2470=DIRECTION('',(1.,0.,0.));
#2471=DIRECTION('',(0.,-1.,0.));
#2472=DIRECTION('',(0.,0.,-1.));
#2473=DIRECTION('',(0.,0.,1.));
#2474=DIRECTION('',(0.,0.,-1.));
#2475=DIRECTION('',(0.,-1.,0.));
#2476=DIRECTION('',(0.,0.,-1.));
#2477=DIRECTION('',(0.,1.,0.));
#2478=DIRECTION('',(0.,0.,1.));
#2479=DIRECTION('',(0.,-1.,0.));
#2480=DIRECTION('',(0.,0.,-1.));
#2481=DIRECTION('',(0.,1.,0.));
#2482=DIRECTION('',(0.,0.,1.));
#2483=DIRECTION('',(0.,-1.,0.));
#2484=DIRECTION('',(0.,0.,-1.));
#2485=DIRECTION('',(0.,0.,-1.));
#2486=DIRECTION('',(0.,0.,-1.));
#2487=DIRECTION('',(-1.,0.,0.));
#2488=DIRECTION('',(0.,0.,-1.));
#2489=DIRECTION('',(-1.,0.,0.));
#2490=DIRECTION('',(0.,0.,-1.));
#2491=DIRECTION('',(0.,0.,-1.));
#2492=DIRECTION('',(0.,0.,-1.));
#2493=DIRECTION('',(0.,0.,1.));
#2494=DIRECTION('',(1.,0.,0.));
#2495=DIRECTION('',(0.,-1.,0.));
#2496=DIRECTION('',(0.,0.,-1.));
#2497=DIRECTION('',(0.,0.,1.));
#2498=DIRECTION('',(-1.,0.,0.));
#2499=DIRECTION('',(-1.,0.,0.));
#2500=DIRECTION('',(0.,0.,1.));
#2501=DIRECTION('',(0.,1.,0.));
#2502=DIRECTION('',(1.,0.,0.));
#2503=DIRECTION('',(0.,0.,-1.));
#2504=DIRECTION('',(0.,0.,-1.));
#2505=DIRECTION('',(0.,-1.,0.));
#2506=DIRECTION('',(-3.64246399155235E-16,1.,0.));
#2507=DIRECTION('',(-1.,-3.64246399155235E-16,0.));
#2508=DIRECTION('',(-3.64246399155235E-16,1.,0.));
#2509=DIRECTION('',(-1.,-3.64246399155235E-16,0.));
#2510=DIRECTION('',(1.,3.64246399155235E-16,0.));
#2511=DIRECTION('',(0.,1.,0.));
#2512=DIRECTION('',(0.,0.,1.));
#2513=DIRECTION('',(0.,1.,0.));
#2514=DIRECTION('',(0.,0.,1.));
#2515=DIRECTION('',(0.,-1.,0.));
#2516=DIRECTION('',(0.,0.,-1.));
#2517=DIRECTION('',(0.,-1.,0.));
#2518=DIRECTION('',(0.,0.,-1.));
#2519=DIRECTION('',(0.,-1.,0.));
#2520=DIRECTION('',(0.,0.,-1.));
#2521=DIRECTION('',(0.,-1.,0.));
#2522=DIRECTION('',(0.,0.,-1.));
#2523=DIRECTION('',(0.,-1.,0.));
#2524=DIRECTION('',(0.,0.,-1.));
#2525=DIRECTION('',(0.,1.,0.));
#2526=DIRECTION('',(0.,0.,1.));
#2527=DIRECTION('',(0.,1.,0.));
#2528=DIRECTION('',(0.,0.,1.));
#2529=DIRECTION('',(0.,-1.,0.));
#2530=DIRECTION('',(0.,0.,-1.));
#2531=DIRECTION('',(0.,-1.,0.));
#2532=DIRECTION('',(0.,0.,-1.));
#2533=DIRECTION('',(0.,-1.,0.));
#2534=DIRECTION('',(0.,0.,-1.));
#2535=DIRECTION('',(0.,-1.,0.));
#2536=DIRECTION('',(0.,0.,-1.));
#2537=DIRECTION('',(0.,-1.,0.));
#2538=DIRECTION('',(0.,0.,-1.));
#2539=DIRECTION('',(0.,-1.,0.));
#2540=DIRECTION('',(1.,0.,0.));
#2541=DIRECTION('',(0.,-1.,-5.25073993875232E-16));
#2542=DIRECTION('',(0.,5.25073993875232E-16,-1.));
#2543=DIRECTION('',(0.,5.25073993875232E-16,-1.));
#2544=DIRECTION('',(-1.,0.,0.));
#2545=DIRECTION('',(0.,-1.,-5.87384463558307E-16));
#2546=DIRECTION('',(0.,-1.,0.));
#2547=DIRECTION('',(0.,0.,-1.));
#2548=DIRECTION('',(0.,-1.,0.));
#2549=DIRECTION('',(0.,0.,-1.));
#2550=DIRECTION('',(0.,1.,0.));
#2551=DIRECTION('',(0.,0.,1.));
#2552=DIRECTION('',(0.,1.,0.));
#2553=DIRECTION('',(-1.,0.,0.));
#2554=DIRECTION('',(0.,1.,0.));
#2555=DIRECTION('',(0.,0.,1.));
#2556=DIRECTION('',(0.,-1.,0.));
#2557=DIRECTION('',(0.,0.,-1.));
#2558=DIRECTION('',(0.,1.,0.));
#2559=DIRECTION('',(0.,0.,1.));
#2560=DIRECTION('',(0.,1.,0.));
#2561=DIRECTION('',(0.,0.,1.));
#2562=DIRECTION('',(0.,-1.,0.));
#2563=DIRECTION('',(0.,0.,-1.));
#2564=DIRECTION('',(0.,1.,0.));
#2565=DIRECTION('',(0.,0.,1.));
#2566=DIRECTION('',(0.,1.,0.));
#2567=DIRECTION('',(-1.,0.,0.));
#2568=DIRECTION('',(0.,1.,0.));
#2569=DIRECTION('',(-1.,0.,0.));
#2570=DIRECTION('',(0.,1.,0.));
#2571=DIRECTION('',(0.,0.,1.));
#2572=DIRECTION('',(0.,1.,0.));
#2573=DIRECTION('',(0.,0.,1.));
#2574=DIRECTION('',(0.,1.,0.));
#2575=DIRECTION('',(0.,0.,1.));
#2576=DIRECTION('',(0.,1.,0.));
#2577=DIRECTION('',(-1.,0.,0.));
#2578=DIRECTION('',(0.,1.,0.));
#2579=DIRECTION('',(0.,0.,1.));
#2580=DIRECTION('',(0.,1.,0.));
#2581=DIRECTION('',(0.,0.,1.));
#2582=DIRECTION('',(0.,1.,0.));
#2583=DIRECTION('',(-1.,0.,0.));
#2584=DIRECTION('',(0.,1.,0.));
#2585=DIRECTION('',(0.,0.,1.));
#2586=DIRECTION('',(0.,1.,0.));
#2587=DIRECTION('',(0.,0.,1.));
#2588=DIRECTION('',(0.,-1.,0.));
#2589=DIRECTION('',(0.,0.,-1.));
#2590=DIRECTION('',(0.,1.,0.));
#2591=DIRECTION('',(0.,0.,1.));
#2592=DIRECTION('',(0.,1.,0.));
#2593=DIRECTION('',(-1.,0.,0.));
#2594=DIRECTION('',(0.,1.,0.));
#2595=DIRECTION('',(0.,0.,1.));
#2596=DIRECTION('',(0.,-1.,0.));
#2597=DIRECTION('',(0.,0.,-1.));
#2598=DIRECTION('',(0.,1.,0.));
#2599=DIRECTION('',(0.,0.,1.));
#2600=DIRECTION('',(0.,1.,0.));
#2601=DIRECTION('',(-1.,0.,0.));
#2602=DIRECTION('',(0.,1.,0.));
#2603=DIRECTION('',(0.,0.,1.));
#2604=DIRECTION('',(0.,-1.,0.));
#2605=DIRECTION('',(0.,0.,-1.));
#2606=DIRECTION('',(0.,-1.,0.));
#2607=DIRECTION('',(0.,0.,-1.));
#2608=DIRECTION('',(-1.,0.,0.));
#2609=DIRECTION('',(0.,0.,1.));
#2610=DIRECTION('',(0.,0.,1.));
#2611=DIRECTION('',(0.,1.,0.));
#2612=DIRECTION('',(-1.,0.,1.04236958457483E-15));
#2613=DIRECTION('',(1.04236958457483E-15,0.,1.));
#2614=DIRECTION('',(0.,1.,0.));
#2615=DIRECTION('',(1.04236958457483E-15,0.,1.));
#2616=DIRECTION('',(1.,0.,0.));
#2617=DIRECTION('',(0.,0.,-1.));
#2618=DIRECTION('',(0.,1.,0.));
#2619=DIRECTION('',(0.,0.,-1.));
#2620=DIRECTION('',(0.,-1.,0.));
#2621=DIRECTION('',(1.,0.,0.));
#2622=DIRECTION('',(-1.,0.,0.));
#2623=DIRECTION('',(1.,0.,0.));
#2624=DIRECTION('',(1.,0.,0.));
#2625=DIRECTION('',(0.,0.,-1.));
#2626=DIRECTION('',(0.,0.,1.));
#2627=DIRECTION('',(0.,-1.,0.));
#2628=DIRECTION('',(0.,0.,-1.));
#2629=DIRECTION('',(0.,1.,0.));
#2630=DIRECTION('',(0.,0.,1.));
#2631=DIRECTION('',(1.,0.,0.));
#2632=DIRECTION('',(0.,-1.,0.));
#2633=DIRECTION('',(0.,0.,-1.));
#2634=DIRECTION('',(-1.,0.,0.));
#2635=DIRECTION('',(0.,0.,-1.));
#2636=DIRECTION('',(-1.,0.,0.));
#2637=DIRECTION('',(0.,0.,1.));
#2638=DIRECTION('',(0.,0.,-1.));
#2639=DIRECTION('',(0.,1.,0.));
#2640=DIRECTION('',(-4.33680868994202E-16,0.,1.));
#2641=DIRECTION('',(1.,0.,4.33680868994202E-16));
#2642=DIRECTION('',(0.,0.,1.));
#2643=DIRECTION('',(1.,0.,0.));
#2644=DIRECTION('',(-4.33680868994202E-16,0.,1.));
#2645=DIRECTION('',(1.,0.,4.33680868994202E-16));
#2646=DIRECTION('',(0.,0.,-1.));
#2647=DIRECTION('',(-1.,0.,0.));
#2648=DIRECTION('',(-4.33680868994202E-16,0.,1.));
#2649=DIRECTION('',(1.,0.,4.33680868994202E-16));
#2650=DIRECTION('',(0.,0.,1.));
#2651=DIRECTION('',(1.,0.,0.));
#2652=DIRECTION('',(-4.33680868994202E-16,0.,1.));
#2653=DIRECTION('',(1.,0.,4.33680868994202E-16));
#2654=DIRECTION('',(0.,0.,1.));
#2655=DIRECTION('',(1.,0.,0.));
#2656=DIRECTION('',(-4.33680868994202E-16,0.,1.));
#2657=DIRECTION('',(1.,0.,4.33680868994202E-16));
#2658=DIRECTION('',(0.,0.,1.));
#2659=DIRECTION('',(1.,0.,0.));
#2660=DIRECTION('',(-4.33680868994202E-16,0.,1.));
#2661=DIRECTION('',(1.,0.,4.33680868994202E-16));
#2662=DIRECTION('',(0.,0.,1.));
#2663=DIRECTION('',(1.,0.,0.));
#2664=DIRECTION('',(-4.33680868994202E-16,0.,1.));
#2665=DIRECTION('',(1.,0.,4.33680868994202E-16));
#2666=DIRECTION('',(0.,0.,1.));
#2667=DIRECTION('',(1.,0.,0.));
#2668=DIRECTION('',(-4.33680868994202E-16,0.,1.));
#2669=DIRECTION('',(1.,0.,4.33680868994202E-16));
#2670=DIRECTION('',(0.,0.,1.));
#2671=DIRECTION('',(1.,0.,0.));
#2672=DIRECTION('',(0.,-1.,0.));
#2673=DIRECTION('',(0.,0.,-1.));
#2674=DIRECTION('',(0.,1.,0.));
#2675=DIRECTION('',(0.,0.,1.));
#2676=DIRECTION('',(0.,1.,0.));
#2677=DIRECTION('',(1.,0.,0.));
#2678=DIRECTION('',(0.,1.,0.));
#2679=DIRECTION('',(0.,0.,1.));
#2680=DIRECTION('',(0.,-1.,0.));
#2681=DIRECTION('',(0.,0.,-1.));
#2682=DIRECTION('',(0.,1.,0.));
#2683=DIRECTION('',(-1.,0.,0.));
#2684=DIRECTION('',(1.,0.,0.));
#2685=DIRECTION('',(0.,1.,0.));
#2686=DIRECTION('',(-1.,0.,0.));
#2687=DIRECTION('',(1.,0.,0.));
#2688=DIRECTION('',(-0.866025403784438,-0.5,0.));
#2689=DIRECTION('',(0.5,-0.866025403784438,0.));
#2690=DIRECTION('',(0.,0.,1.));
#2691=DIRECTION('',(0.5,-0.866025403784438,0.));
#2692=DIRECTION('',(0.,0.,1.));
#2693=DIRECTION('',(0.5,-0.866025403784438,0.));
#2694=DIRECTION('',(-0.866025403784439,0.5,0.));
#2695=DIRECTION('',(-0.5,-0.866025403784439,0.));
#2696=DIRECTION('',(-0.5,-0.866025403784439,0.));
#2697=DIRECTION('',(0.,0.,1.));
#2698=DIRECTION('',(-0.5,-0.866025403784439,0.));
#2699=DIRECTION('',(0.,1.,0.));
#2700=DIRECTION('',(0.,0.,1.));
#2701=DIRECTION('',(-1.,0.,0.));
#2702=DIRECTION('',(0.,0.,1.));
#2703=DIRECTION('',(-1.,0.,0.));
#2704=DIRECTION('',(0.866025403784439,0.5,0.));
#2705=DIRECTION('',(-0.5,0.866025403784439,0.));
#2706=DIRECTION('',(-0.5,0.866025403784439,0.));
#2707=DIRECTION('',(0.,0.,1.));
#2708=DIRECTION('',(-0.5,0.866025403784439,0.));
#2709=DIRECTION('',(0.866025403784439,-0.5,0.));
#2710=DIRECTION('',(0.5,0.866025403784439,0.));
#2711=DIRECTION('',(0.5,0.866025403784439,0.));
#2712=DIRECTION('',(0.,0.,1.));
#2713=DIRECTION('',(0.5,0.866025403784439,0.));
#2714=DIRECTION('',(0.,-1.,0.));
#2715=DIRECTION('',(0.,0.,-1.));
#2716=DIRECTION('',(1.,0.,0.));
#2717=DIRECTION('',(1.,0.,0.));
#2718=DIRECTION('',(0.,0.,-1.));
#2719=DIRECTION('',(1.,0.,0.));
#2720=DIRECTION('',(0.,0.,-1.));
#2721=DIRECTION('',(-1.,0.,0.));
#2722=DIRECTION('',(-0.612372435695782,-0.353553390593267,0.707106781186562));
#2723=DIRECTION('',(0.5,-0.866025403784439,0.));
#2724=DIRECTION('',(0.755928946018469,-4.10723272894334E-15,0.654653670707961));
#2725=DIRECTION('',(0.377964473009261,0.654653670707963,0.654653670707972));
#2726=DIRECTION('',(0.,-0.707106781186553,0.707106781186543));
#2727=DIRECTION('',(1.,0.,0.));
#2728=DIRECTION('',(-0.377964473009217,0.654653670707976,0.654653670707985));
#2729=DIRECTION('',(-0.61237243569578,0.353553390593265,0.707106781186564));
#2730=DIRECTION('',(-0.5,-0.866025403784439,0.));
#2731=DIRECTION('',(0.377964473009265,-0.654653670707962,0.654653670707971));
#2732=DIRECTION('',(0.612372435695803,-0.353553390593279,0.707106781186538));
#2733=DIRECTION('',(0.5,0.866025403784439,0.));
#2734=DIRECTION('',(0.755928946018448,9.65137178977853E-15,-0.654653670707985));
#2735=DIRECTION('',(0.,0.707106781186553,0.707106781186543));
#2736=DIRECTION('',(-1.,0.,0.));
#2737=DIRECTION('',(-0.377964473009224,-0.654653670707974,0.654653670707983));
#2738=DIRECTION('',(0.612372435695798,0.353553390593278,0.707106781186543));
#2739=DIRECTION('',(-0.5,0.866025403784438,0.));
#2740=DIRECTION('',(0.,0.,-1.));
#2741=DIRECTION('',(-1.,0.,0.));
#2742=DIRECTION('',(0.866025403784439,0.5,0.));
#2743=DIRECTION('',(-0.5,0.866025403784439,0.));
#2744=DIRECTION('',(0.,0.,1.));
#2745=DIRECTION('',(-0.5,0.866025403784439,0.));
#2746=DIRECTION('',(0.,0.,1.));
#2747=DIRECTION('',(-0.5,0.866025403784439,0.));
#2748=DIRECTION('',(0.866025403784439,-0.5,0.));
#2749=DIRECTION('',(0.5,0.866025403784439,0.));
#2750=DIRECTION('',(0.5,0.866025403784439,0.));
#2751=DIRECTION('',(0.5,0.866025403784439,0.));
#2752=DIRECTION('',(0.,1.,0.));
#2753=DIRECTION('',(0.,0.,1.));
#2754=DIRECTION('',(-1.,0.,0.));
#2755=DIRECTION('',(-1.,0.,0.));
#2756=DIRECTION('',(0.,0.,1.));
#2757=DIRECTION('',(-0.866025403784438,-0.5,0.));
#2758=DIRECTION('',(0.5,-0.866025403784438,0.));
#2759=DIRECTION('',(0.,0.,1.));
#2760=DIRECTION('',(0.5,-0.866025403784438,0.));
#2761=DIRECTION('',(0.,0.,1.));
#2762=DIRECTION('',(-0.866025403784439,0.5,0.));
#2763=DIRECTION('',(-0.5,-0.866025403784439,0.));
#2764=DIRECTION('',(-0.5,-0.866025403784439,0.));
#2765=DIRECTION('',(0.,-1.,0.));
#2766=DIRECTION('',(0.,0.,-1.));
#2767=DIRECTION('',(1.,0.,0.));
#2768=DIRECTION('',(0.,0.,-1.));
#2769=DIRECTION('',(1.,0.,0.));
#2770=DIRECTION('',(0.,0.,-1.));
#2771=DIRECTION('',(1.,0.,0.));
#2772=DIRECTION('',(0.,0.,-1.));
#2773=DIRECTION('',(-1.,0.,0.));
#2774=DIRECTION('',(0.5,-0.866025403784438,0.));
#2775=DIRECTION('',(-0.5,-0.866025403784439,0.));
#2776=DIRECTION('',(-1.,0.,0.));
#2777=DIRECTION('',(-0.5,0.866025403784439,0.));
#2778=DIRECTION('',(0.5,0.866025403784439,0.));
#2779=DIRECTION('',(1.,0.,0.));
#2780=DIRECTION('',(-0.866025403784438,-0.5,0.));
#2781=DIRECTION('',(0.5,-0.866025403784438,0.));
#2782=DIRECTION('',(0.,0.,1.));
#2783=DIRECTION('',(0.5,-0.866025403784438,0.));
#2784=DIRECTION('',(0.,0.,1.));
#2785=DIRECTION('',(-0.866025403784439,0.5,0.));
#2786=DIRECTION('',(-0.5,-0.866025403784439,0.));
#2787=DIRECTION('',(-0.5,-0.866025403784439,0.));
#2788=DIRECTION('',(0.,0.,1.));
#2789=DIRECTION('',(0.,1.,0.));
#2790=DIRECTION('',(0.,0.,1.));
#2791=DIRECTION('',(-1.,0.,0.));
#2792=DIRECTION('',(0.,0.,1.));
#2793=DIRECTION('',(0.866025403784439,0.5,0.));
#2794=DIRECTION('',(-0.5,0.866025403784439,0.));
#2795=DIRECTION('',(-0.5,0.866025403784439,0.));
#2796=DIRECTION('',(0.,0.,1.));
#2797=DIRECTION('',(0.866025403784439,-0.5,0.));
#2798=DIRECTION('',(0.5,0.866025403784439,0.));
#2799=DIRECTION('',(0.5,0.866025403784439,0.));
#2800=DIRECTION('',(0.,0.,1.));
#2801=DIRECTION('',(0.,-1.,0.));
#2802=DIRECTION('',(0.,0.,-1.));
#2803=DIRECTION('',(1.,0.,0.));
#2804=DIRECTION('',(-0.61237243569579,-0.353553390593272,0.707106781186553));
#2805=DIRECTION('',(0.5,-0.866025403784439,0.));
#2806=DIRECTION('',(0.755928946018459,1.73784335857286E-15,0.654653670707972));
#2807=DIRECTION('',(0.377964473009237,0.654653670707975,0.654653670707975));
#2808=DIRECTION('',(0.,-0.707106781186548,0.707106781186548));
#2809=DIRECTION('',(1.,0.,0.));
#2810=DIRECTION('',(-0.377964473009235,0.654653670707975,0.654653670707975));
#2811=DIRECTION('',(-0.612372435695791,0.353553390593272,0.707106781186552));
#2812=DIRECTION('',(-0.5,-0.866025403784439,0.));
#2813=DIRECTION('',(0.377964473009235,-0.654653670707975,0.654653670707975));
#2814=DIRECTION('',(0.612372435695791,-0.353553390593272,0.707106781186552));
#2815=DIRECTION('',(0.5,0.866025403784439,0.));
#2816=DIRECTION('',(0.755928946018458,-3.21882089766732E-15,-0.654653670707974));
#2817=DIRECTION('',(0.,0.707106781186548,0.707106781186548));
#2818=DIRECTION('',(-1.,0.,0.));
#2819=DIRECTION('',(-0.377964473009232,-0.654653670707976,0.654653670707976));
#2820=DIRECTION('',(0.612372435695792,0.353553390593273,0.70710678118655));
#2821=DIRECTION('',(-0.5,0.866025403784438,0.));
#2822=DIRECTION('',(0.,0.,-1.));
#2823=DIRECTION('',(-1.,0.,0.));
#2824=DIRECTION('',(0.,0.,-1.));
#2825=DIRECTION('',(1.,0.,0.));
#2826=DIRECTION('',(0.,0.,1.));
#2827=DIRECTION('',(1.,0.,0.));
#2828=CARTESIAN_POINT('',(0.,0.,0.));
#2829=CARTESIAN_POINT('',(0.09525,-0.0889,0.021162));
#2830=CARTESIAN_POINT('',(0.1130873,-0.0889,0.00566));
#2831=CARTESIAN_POINT('',(0.1130873,-0.0889,0.00391));
#2832=CARTESIAN_POINT('',(0.0820873,-0.0889,0.00566));
#2833=CARTESIAN_POINT('',(0.0820873,-0.0889,0.00391));
#2834=CARTESIAN_POINT('',(0.0764273,-0.0889,0.00392315389993126));
#2835=CARTESIAN_POINT('',(0.0764273,-0.0889,0.02116));
#2836=CARTESIAN_POINT('',(0.0764273,-0.0889,0.));
#2837=CARTESIAN_POINT('',(0.0975873,-0.0889,0.));
#2838=CARTESIAN_POINT('',(0.1187473,-0.0889,3.46944695195361E-18));
#2839=CARTESIAN_POINT('',(0.1187473,-0.0889,0.0145031538999313));
#2840=CARTESIAN_POINT('',(0.1187473,-0.0889,0.02116));
#2841=CARTESIAN_POINT('',(0.09525,-0.0889,0.02116));
#2842=CARTESIAN_POINT('',(0.1085873,-0.0889,0.02116));
#2843=CARTESIAN_POINT('',(0.0975873,-0.0889,0.02116));
#2844=CARTESIAN_POINT('',(0.0865873,-0.0889,0.02116));
#2845=CARTESIAN_POINT('',(0.09525,-0.0889,0.02116));
#2846=CARTESIAN_POINT('',(0.0764273,-0.1139,0.00392315389993126));
#2847=CARTESIAN_POINT('',(0.0764273,-0.1139,0.00392315389993126));
#2848=CARTESIAN_POINT('',(0.0764273,-0.1139,0.02116));
#2849=CARTESIAN_POINT('',(0.0764273,-0.1139,0.));
#2850=CARTESIAN_POINT('',(0.0764273,-0.113902,0.));
#2851=CARTESIAN_POINT('',(0.0764273,-0.1139,0.02116));
#2852=CARTESIAN_POINT('',(3.46944695195361E-18,2.08166817117217E-17,0.021162));
#2853=CARTESIAN_POINT('',(3.46944695195361E-18,2.08166817117217E-17,0.0125));
#2854=CARTESIAN_POINT('',(0.0857566790923855,-0.016,0.0125));
#2855=CARTESIAN_POINT('',(0.0739551363999065,-0.046269275,0.0125));
#2856=CARTESIAN_POINT('',(0.0739551363999065,-0.046269275,0.021162));
#2857=CARTESIAN_POINT('',(0.0739551363999065,-0.046269275,0.0158401));
#2858=CARTESIAN_POINT('',(3.46944695195361E-18,2.08166817117217E-17,0.0158401));
#2859=CARTESIAN_POINT('',(0.0711774277812775,-0.0504379002675113,0.0158401));
#2860=CARTESIAN_POINT('',(0.0711774277812775,-0.0504379002675113,0.021162));
#2861=CARTESIAN_POINT('',(0.0711774277812775,-0.0504379002675113,-0.00734015199445412));
#2862=CARTESIAN_POINT('',(3.46944695195361E-18,2.08166817117217E-17,-0.00734015199445412));
#2863=CARTESIAN_POINT('',(0.05715,-0.0659096768991807,-0.00734015199445412));
#2864=CARTESIAN_POINT('',(0.05715,-0.0659096768991807,0.021162));
#2865=CARTESIAN_POINT('',(0.05715,-0.0659096768991807,0.02116));
#2866=CARTESIAN_POINT('',(3.46944695195361E-18,2.08166817117217E-17,0.02116));
#2867=CARTESIAN_POINT('',(0.0857566790923855,-0.016,0.02116));
#2868=CARTESIAN_POINT('',(0.0857566790923855,-0.016,0.021162));
#2869=CARTESIAN_POINT('',(0.0975873,0.,0.02116));
#2870=CARTESIAN_POINT('',(0.12065,-0.0254,0.02116));
#2871=CARTESIAN_POINT('',(0.1232027,-0.0254,0.02116));
#2872=CARTESIAN_POINT('',(0.12065,0.0762,0.02116));
#2873=CARTESIAN_POINT('',(0.1232027,0.0762,0.02116));
#2874=CARTESIAN_POINT('',(0.12065,-1.37214800136053E-17,0.02116));
#2875=CARTESIAN_POINT('',(0.1232027,-1.37214800136053E-17,0.02116));
#2876=CARTESIAN_POINT('',(0.12065,0.0254,0.02116));
#2877=CARTESIAN_POINT('',(0.1232027,0.0254,0.02116));
#2878=CARTESIAN_POINT('',(0.12065,0.0508,0.02116));
#2879=CARTESIAN_POINT('',(0.1232027,0.0508,0.02116));
#2880=CARTESIAN_POINT('',(0.12065,-0.0508,0.02116));
#2881=CARTESIAN_POINT('',(0.1232027,-0.0508,0.02116));
#2882=CARTESIAN_POINT('',(0.12065,-0.0762,0.02116));
#2883=CARTESIAN_POINT('',(0.1232027,-0.0762,0.02116));
#2884=CARTESIAN_POINT('',(0.09525,0.0889,0.02116));
#2885=CARTESIAN_POINT('',(0.13335,0.0889,0.02116));
#2886=CARTESIAN_POINT('',(0.1025873,0.0889,0.02116));
#2887=CARTESIAN_POINT('',(0.1025873,0.0831,0.02116));
#2888=CARTESIAN_POINT('',(0.1025873,0.0338,0.02116));
#2889=CARTESIAN_POINT('',(0.0975873,0.0338,0.02116));
#2890=CARTESIAN_POINT('',(0.1053373,0.0338,0.02116));
#2891=CARTESIAN_POINT('',(0.1053373,0.0328,0.02116));
#2892=CARTESIAN_POINT('',(0.1053373,0.0303,0.02116));
#2893=CARTESIAN_POINT('',(0.0975873,0.0303,0.02116));
#2894=CARTESIAN_POINT('',(0.1065873,0.0303,0.02116));
#2895=CARTESIAN_POINT('',(0.1065873,0.0293,0.02116));
#2896=CARTESIAN_POINT('',(0.1065873,0.0253,0.02116));
#2897=CARTESIAN_POINT('',(0.0975873,0.0253,0.02116));
#2898=CARTESIAN_POINT('',(0.1085873,0.0253,0.02116));
#2899=CARTESIAN_POINT('',(0.1085873,0.0243,0.02116));
#2900=CARTESIAN_POINT('',(0.1085873,0.016,0.02116));
#2901=CARTESIAN_POINT('',(0.0975873,0.016,0.02116));
#2902=CARTESIAN_POINT('',(0.1125073,0.016,0.02116));
#2903=CARTESIAN_POINT('',(0.1125073,-0.015,0.02116));
#2904=CARTESIAN_POINT('',(0.1125073,-0.016,0.02116));
#2905=CARTESIAN_POINT('',(0.0975873,-0.016,0.02116));
#2906=CARTESIAN_POINT('',(0.1065873,-0.016,0.02116));
#2907=CARTESIAN_POINT('',(0.1065873,-0.02,0.02116));
#2908=CARTESIAN_POINT('',(0.1065873,-0.021,0.02116));
#2909=CARTESIAN_POINT('',(0.0975873,-0.021,0.02116));
#2910=CARTESIAN_POINT('',(0.1053373,-0.021,0.02116));
#2911=CARTESIAN_POINT('',(0.1053373,-0.0235,0.02116));
#2912=CARTESIAN_POINT('',(0.1053373,-0.0245,0.02116));
#2913=CARTESIAN_POINT('',(0.0975873,-0.0245,0.02116));
#2914=CARTESIAN_POINT('',(0.1025873,-0.0245,0.02116));
#2915=CARTESIAN_POINT('',(0.1025873,0.0831,0.02116));
#2916=CARTESIAN_POINT('',(0.1025873,-0.0534,0.02116));
#2917=CARTESIAN_POINT('',(0.0975873,-0.0534,0.02116));
#2918=CARTESIAN_POINT('',(0.1085873,-0.0534,0.02116));
#2919=CARTESIAN_POINT('',(0.1085873,-0.0544,0.02116));
#2920=CARTESIAN_POINT('',(0.1085873,-0.0569345814999104,0.02116));
#2921=CARTESIAN_POINT('',(0.0975873,-0.0569345814999104,0.02116));
#2922=CARTESIAN_POINT('',(0.1101273,-0.0569345814999104,0.02116));
#2923=CARTESIAN_POINT('',(0.1101273,-0.0669,0.02116));
#2924=CARTESIAN_POINT('',(0.1101273,-0.0643654185000896,0.02116));
#2925=CARTESIAN_POINT('',(0.0975873,-0.0643654185000896,0.02116));
#2926=CARTESIAN_POINT('',(0.1085873,-0.0643654185000896,0.02116));
#2927=CARTESIAN_POINT('',(0.1085873,-0.0544,0.02116));
#2928=CARTESIAN_POINT('',(0.1085873,-0.0694345814999104,0.02116));
#2929=CARTESIAN_POINT('',(0.0975873,-0.0694345814999104,0.02116));
#2930=CARTESIAN_POINT('',(0.1101273,-0.0694345814999104,0.02116));
#2931=CARTESIAN_POINT('',(0.1101273,-0.0669,0.02116));
#2932=CARTESIAN_POINT('',(0.1101273,-0.0768654185000897,0.02116));
#2933=CARTESIAN_POINT('',(0.0975873,-0.0768654185000897,0.02116));
#2934=CARTESIAN_POINT('',(0.1085873,-0.0768654185000897,0.02116));
#2935=CARTESIAN_POINT('',(0.1085873,-0.0544,0.02116));
#2936=CARTESIAN_POINT('',(0.1085873,-0.0804,0.02116));
#2937=CARTESIAN_POINT('',(0.0975873,-0.0804,0.02116));
#2938=CARTESIAN_POINT('',(0.1015873,-0.0804,0.02116));
#2939=CARTESIAN_POINT('',(0.1015873,-0.067898,0.02116));
#2940=CARTESIAN_POINT('',(0.1015873,-0.0869,0.02116));
#2941=CARTESIAN_POINT('',(0.09525,-0.0869,0.02116));
#2942=CARTESIAN_POINT('',(0.1085873,-0.0869,0.02116));
#2943=CARTESIAN_POINT('',(0.1085873,-0.086898,0.02116));
#2944=CARTESIAN_POINT('',(0.1187473,-0.1139,0.02116));
#2945=CARTESIAN_POINT('',(0.1187473,-0.1139,0.02116));
#2946=CARTESIAN_POINT('',(0.09525,-0.1139,0.02116));
#2947=CARTESIAN_POINT('',(0.1214872934,-0.1139,0.02116));
#2948=CARTESIAN_POINT('',(0.1214872934,-0.1139,0.02116));
#2949=CARTESIAN_POINT('',(0.1214872934,-0.0889,0.02116));
#2950=CARTESIAN_POINT('',(0.09525,-0.0889,0.02116));
#2951=CARTESIAN_POINT('',(0.13335,-0.0889,0.02116));
#2952=CARTESIAN_POINT('',(0.13335,-2.70800048421103E-37,0.02116));
#2953=CARTESIAN_POINT('',(0.09525,-0.0125,0.0125));
#2954=CARTESIAN_POINT('',(0.124029557254532,-0.0291158851280623,0.0125));
#2955=CARTESIAN_POINT('',(0.123412462266748,-0.030184725,0.0125));
#2956=CARTESIAN_POINT('',(0.126174924533497,-0.0254,0.0125));
#2957=CARTESIAN_POINT('',(0.112857829545713,-0.00233411487193764,0.0125));
#2958=CARTESIAN_POINT('',(0.123412462266748,-0.020615275,0.0125));
#2959=CARTESIAN_POINT('',(0.09525,-0.020615275,0.0125));
#2960=CARTESIAN_POINT('',(0.117887537733252,-0.020615275,0.0125));
#2961=CARTESIAN_POINT('',(0.115742170454287,-0.0243311601280623,0.0125));
#2962=CARTESIAN_POINT('',(0.115125075466503,-0.0254,0.0125));
#2963=CARTESIAN_POINT('',(0.104570442745468,-0.00711883987193765,0.0125));
#2964=CARTESIAN_POINT('',(0.117887537733252,-0.030184725,0.0125));
#2965=CARTESIAN_POINT('',(0.09525,-0.030184725,0.0125));
#2966=CARTESIAN_POINT('',(0.1130873,-0.0635,0.0125));
#2967=CARTESIAN_POINT('',(0.1068373,-0.0635,0.0125));
#2968=CARTESIAN_POINT('',(0.13335,-0.0635,0.0125));
#2969=CARTESIAN_POINT('',(0.1068373,-0.04655,0.0125));
#2970=CARTESIAN_POINT('',(0.1068373,-0.016,0.0125));
#2971=CARTESIAN_POINT('',(0.02371865,-0.016,0.0125));
#2972=CARTESIAN_POINT('',(0.109736818508978,-0.016,0.0125));
#2973=CARTESIAN_POINT('',(0.109736818508978,-0.015,0.0125));
#2974=CARTESIAN_POINT('',(0.109736818508978,-0.01055,0.0125));
#2975=CARTESIAN_POINT('',(0.1130873,-0.01055,0.0125));
#2976=CARTESIAN_POINT('',(0.13335,-0.01055,0.0125));
#2977=CARTESIAN_POINT('',(0.13335,0.,0.0125));
#2978=CARTESIAN_POINT('',(0.135028079882594,-0.0354658851280623,0.0125));
#2979=CARTESIAN_POINT('',(0.123412462266748,-0.055584725,0.0125));
#2980=CARTESIAN_POINT('',(0.126174924533497,-0.0508,0.0125));
#2981=CARTESIAN_POINT('',(0.10185930691765,-0.00868411487193768,0.0125));
#2982=CARTESIAN_POINT('',(0.123412462266748,-0.046015275,0.0125));
#2983=CARTESIAN_POINT('',(0.09525,-0.046015275,0.0125));
#2984=CARTESIAN_POINT('',(0.117887537733252,-0.046015275,0.0125));
#2985=CARTESIAN_POINT('',(0.126740693082349,-0.0306811601280624,0.0125));
#2986=CARTESIAN_POINT('',(0.115125075466503,-0.0508,0.0125));
#2987=CARTESIAN_POINT('',(0.0935719201174055,-0.0134688398719376,0.0125));
#2988=CARTESIAN_POINT('',(0.117887537733252,-0.055584725,0.0125));
#2989=CARTESIAN_POINT('',(0.09525,-0.055584725,0.0125));
#2990=CARTESIAN_POINT('',(0.12065,-0.0254,-0.006352));
#2991=CARTESIAN_POINT('',(0.12065,-0.0254,0.0160941));
#2992=CARTESIAN_POINT('',(0.1180973,-0.0254,0.0160941));
#2993=CARTESIAN_POINT('',(0.0758373,-0.04655,0.0125));
#2994=CARTESIAN_POINT('',(0.0758373,-0.055330725,0.0125));
#2995=CARTESIAN_POINT('',(0.0758373,-0.055330725,0.0125));
#2996=CARTESIAN_POINT('',(0.0758373,-0.055330725,-0.00734015199445412));
#2997=CARTESIAN_POINT('',(0.0758373,-0.04655,0.0125));
#2998=CARTESIAN_POINT('',(0.0758373,-0.0635,0.0125));
#2999=CARTESIAN_POINT('',(0.0758373,-0.0635,0.0125));
#3000=CARTESIAN_POINT('',(0.0758373,-0.0635,-0.00734015199445412));
#3001=CARTESIAN_POINT('',(0.0758373,-0.04655,-0.00734015199445412));
#3002=CARTESIAN_POINT('',(0.09525,-0.0125,0.0125));
#3003=CARTESIAN_POINT('',(0.09525,-0.055330725,0.0125));
#3004=CARTESIAN_POINT('',(0.0788158152983742,-0.055330725,0.0125));
#3005=CARTESIAN_POINT('',(0.101470609430033,-0.0160914705289532,0.0125));
#3006=CARTESIAN_POINT('',(0.0814316305967483,-0.0508,0.0125));
#3007=CARTESIAN_POINT('',(0.0683018364650892,-0.0280585294710469,0.0125));
#3008=CARTESIAN_POINT('',(0.0788158152983741,-0.046269275,0.0125));
#3009=CARTESIAN_POINT('',(0.09525,-0.046269275,0.0125));
#3010=CARTESIAN_POINT('',(0.02371865,-0.016,0.0125));
#3011=CARTESIAN_POINT('',(0.0883373,-0.016,0.0125));
#3012=CARTESIAN_POINT('',(0.0883373,-0.04655,0.0125));
#3013=CARTESIAN_POINT('',(0.0883373,-0.0635,0.0125));
#3014=CARTESIAN_POINT('',(0.0858373,-0.0635,0.0125));
#3015=CARTESIAN_POINT('',(0.0762,-0.0508,-0.006352));
#3016=CARTESIAN_POINT('',(0.0762,-0.0508,0.02116));
#3017=CARTESIAN_POINT('',(0.0787527,-0.0508,0.02116));
#3018=CARTESIAN_POINT('',(0.0762,-0.0508,0.0158401));
#3019=CARTESIAN_POINT('',(0.0736473,-0.0508,0.0158401));
#3020=CARTESIAN_POINT('',(0.12065,-0.0508,-0.006352));
#3021=CARTESIAN_POINT('',(0.12065,-0.0508,0.0160941));
#3022=CARTESIAN_POINT('',(0.1180973,-0.0508,0.0160941));
#3023=CARTESIAN_POINT('',(0.0975873,0.,0.02116));
#3024=CARTESIAN_POINT('',(0.0762,-0.0762,0.02116));
#3025=CARTESIAN_POINT('',(0.0787527,-0.0762,0.02116));
#3026=CARTESIAN_POINT('',(0.0935873,-0.067898,0.02116));
#3027=CARTESIAN_POINT('',(0.0935873,-0.0804,0.02116));
#3028=CARTESIAN_POINT('',(0.0935873,-0.0869,0.02116));
#3029=CARTESIAN_POINT('',(0.0975873,-0.0804,0.02116));
#3030=CARTESIAN_POINT('',(0.0865873,-0.0804,0.02116));
#3031=CARTESIAN_POINT('',(0.0865873,-0.0544,0.02116));
#3032=CARTESIAN_POINT('',(0.0865873,-0.0768654185000897,0.02116));
#3033=CARTESIAN_POINT('',(0.0975873,-0.0768654185000897,0.02116));
#3034=CARTESIAN_POINT('',(0.0850473,-0.0768654185000897,0.02116));
#3035=CARTESIAN_POINT('',(0.0850473,-0.0669,0.02116));
#3036=CARTESIAN_POINT('',(0.0850473,-0.0694345814999104,0.02116));
#3037=CARTESIAN_POINT('',(0.0975873,-0.0694345814999104,0.02116));
#3038=CARTESIAN_POINT('',(0.0865873,-0.0694345814999104,0.02116));
#3039=CARTESIAN_POINT('',(0.0865873,-0.0544,0.02116));
#3040=CARTESIAN_POINT('',(0.0865873,-0.0643654185000896,0.02116));
#3041=CARTESIAN_POINT('',(0.0975873,-0.0643654185000896,0.02116));
#3042=CARTESIAN_POINT('',(0.0850473,-0.0643654185000896,0.02116));
#3043=CARTESIAN_POINT('',(0.0850473,-0.0669,0.02116));
#3044=CARTESIAN_POINT('',(0.0850473,-0.0569345814999104,0.02116));
#3045=CARTESIAN_POINT('',(0.0975873,-0.0569345814999104,0.02116));
#3046=CARTESIAN_POINT('',(0.0865873,-0.0569345814999104,0.02116));
#3047=CARTESIAN_POINT('',(0.0865873,-0.0544,0.02116));
#3048=CARTESIAN_POINT('',(0.0865873,-0.0534,0.02116));
#3049=CARTESIAN_POINT('',(0.0975873,-0.0534,0.02116));
#3050=CARTESIAN_POINT('',(0.0925873,-0.0534,0.02116));
#3051=CARTESIAN_POINT('',(0.0925873,0.0831,0.02116));
#3052=CARTESIAN_POINT('',(0.0925873,-0.0245,0.02116));
#3053=CARTESIAN_POINT('',(0.0975873,-0.0245,0.02116));
#3054=CARTESIAN_POINT('',(0.0898373,-0.0245,0.02116));
#3055=CARTESIAN_POINT('',(0.0898373,-0.0235,0.02116));
#3056=CARTESIAN_POINT('',(0.0898373,-0.021,0.02116));
#3057=CARTESIAN_POINT('',(0.0975873,-0.021,0.02116));
#3058=CARTESIAN_POINT('',(0.0885873,-0.021,0.02116));
#3059=CARTESIAN_POINT('',(0.0885873,-0.02,0.02116));
#3060=CARTESIAN_POINT('',(0.0885873,-0.016,0.02116));
#3061=CARTESIAN_POINT('',(0.0975873,-0.016,0.02116));
#3062=CARTESIAN_POINT('',(0.05715,-0.0774048384495903,0.02116));
#3063=CARTESIAN_POINT('',(0.05715,-0.0889,0.02116));
#3064=CARTESIAN_POINT('',(0.09525,-0.0889,0.02116));
#3065=CARTESIAN_POINT('',(0.0736873066,-0.0889,0.02116));
#3066=CARTESIAN_POINT('',(0.0736873066,-0.1139,0.02116));
#3067=CARTESIAN_POINT('',(0.0736873066,-0.1139,0.02116));
#3068=CARTESIAN_POINT('',(0.09525,-0.1139,0.02116));
#3069=CARTESIAN_POINT('',(0.0865873,-0.086898,0.02116));
#3070=CARTESIAN_POINT('',(0.0865873,-0.0869,0.02116));
#3071=CARTESIAN_POINT('',(0.09525,-0.0869,0.02116));
#3072=CARTESIAN_POINT('',(0.0975873,0.,0.02116));
#3073=CARTESIAN_POINT('',(0.0762,0.0508,0.02116));
#3074=CARTESIAN_POINT('',(0.0787527,0.0508,0.02116));
#3075=CARTESIAN_POINT('',(0.0762,0.0762,0.02116));
#3076=CARTESIAN_POINT('',(0.0787527,0.0762,0.02116));
#3077=CARTESIAN_POINT('',(0.0925873,0.0831,0.02116));
#3078=CARTESIAN_POINT('',(0.0925873,0.0889,0.02116));
#3079=CARTESIAN_POINT('',(0.0925873,0.0338,0.02116));
#3080=CARTESIAN_POINT('',(0.09525,0.0889,0.02116));
#3081=CARTESIAN_POINT('',(0.05715,0.0889,0.02116));
#3082=CARTESIAN_POINT('',(0.05715,0.0774048384495903,0.02116));
#3083=CARTESIAN_POINT('',(0.05715,0.0659096768991807,0.02116));
#3084=CARTESIAN_POINT('',(3.46944695195361E-18,2.08166817117217E-17,0.02116));
#3085=CARTESIAN_POINT('',(0.0856901350759,0.0163526376963598,0.02116));
#3086=CARTESIAN_POINT('',(0.0860873,0.0164973440186703,0.02116));
#3087=CARTESIAN_POINT('',(0.0859549125420339,0.0164491062446014,0.02116));
#3088=CARTESIAN_POINT('',(0.0858225241958999,0.0164008709084128,0.02116));
#3089=CARTESIAN_POINT('',(0.0856901350759004,0.0163526376963599,0.02116));
#3090=CARTESIAN_POINT('',(0.0860873,0.0164973440186702,0.02116));
#3091=CARTESIAN_POINT('',(0.0860873,0.,0.02116));
#3092=CARTESIAN_POINT('',(0.0860873,0.016,0.02116));
#3093=CARTESIAN_POINT('',(0.0975873,0.016,0.02116));
#3094=CARTESIAN_POINT('',(0.0865873,0.016,0.02116));
#3095=CARTESIAN_POINT('',(0.0865873,0.0243,0.02116));
#3096=CARTESIAN_POINT('',(0.0865873,0.0253,0.02116));
#3097=CARTESIAN_POINT('',(0.0975873,0.0253,0.02116));
#3098=CARTESIAN_POINT('',(0.0885873,0.0253,0.02116));
#3099=CARTESIAN_POINT('',(0.0885873,0.0293,0.02116));
#3100=CARTESIAN_POINT('',(0.0885873,0.0303,0.02116));
#3101=CARTESIAN_POINT('',(0.0975873,0.0303,0.02116));
#3102=CARTESIAN_POINT('',(0.0898373,0.0303,0.02116));
#3103=CARTESIAN_POINT('',(0.0898373,0.0328,0.02116));
#3104=CARTESIAN_POINT('',(0.0898373,0.0338,0.02116));
#3105=CARTESIAN_POINT('',(0.0975873,0.0338,0.02116));
#3106=CARTESIAN_POINT('',(0.13335,0.,0.021162));
#3107=CARTESIAN_POINT('',(0.13335,-0.01055,0.0125));
#3108=CARTESIAN_POINT('',(0.13335,-0.01055,-0.00734015199445412));
#3109=CARTESIAN_POINT('',(0.13335,0.,-0.00734015199445412));
#3110=CARTESIAN_POINT('',(0.13335,0.0889,-0.00734015199445412));
#3111=CARTESIAN_POINT('',(0.13335,0.0889,0.021162));
#3112=CARTESIAN_POINT('',(0.13335,-0.0889,0.021162));
#3113=CARTESIAN_POINT('',(0.13335,-0.0889,-0.00734015199445412));
#3114=CARTESIAN_POINT('',(0.13335,0.,-0.00734015199445412));
#3115=CARTESIAN_POINT('',(0.13335,-0.0635,-0.00734015199445412));
#3116=CARTESIAN_POINT('',(0.13335,-0.0635,0.00625));
#3117=CARTESIAN_POINT('',(0.0975873,-0.015,0.02116));
#3118=CARTESIAN_POINT('',(0.086596221100891,-0.01055,0.0110702733122464));
#3119=CARTESIAN_POINT('',(0.0868637370655436,-0.00835418278454283,0.0107788591674176));
#3120=CARTESIAN_POINT('',(0.087234925064457,-0.00392337813938903,0.0104148789575221));
#3121=CARTESIAN_POINT('',(0.0872766839751763,0.00283658185420997,0.0103755465279369));
#3122=CARTESIAN_POINT('',(0.0868044708825296,0.00947714111153116,0.0108334580921783));
#3123=CARTESIAN_POINT('',(0.0861593840068068,0.0138415852428155,0.0115451177856275));
#3124=CARTESIAN_POINT('',(0.0857566790923855,0.016,0.0120691909633787));
#3125=CARTESIAN_POINT('',(0.086596221100891,-0.01055,0.0110702733122467));
#3126=CARTESIAN_POINT('',(0.0857566790923855,0.016,0.0120691909633787));
#3127=CARTESIAN_POINT('',(0.0975873,-0.01055,0.02116));
#3128=CARTESIAN_POINT('',(0.0883373,-0.01055,0.00945342492442814));
#3129=CARTESIAN_POINT('',(0.0883373,-0.015,0.00945342492442814));
#3130=CARTESIAN_POINT('',(0.0883373,-0.016,0.00945342492442814));
#3131=CARTESIAN_POINT('',(0.0975873,-0.016,0.02116));
#3132=CARTESIAN_POINT('',(0.1068373,-0.016,0.00945342492442814));
#3133=CARTESIAN_POINT('',(0.1068373,-0.015,0.00945342492442814));
#3134=CARTESIAN_POINT('',(0.1068373,-0.01055,0.00945342492442814));
#3135=CARTESIAN_POINT('',(0.0975873,-0.01055,0.02116));
#3136=CARTESIAN_POINT('',(0.0975873,-0.016,0.02116));
#3137=CARTESIAN_POINT('',(0.0975873,0.016,0.02116));
#3138=CARTESIAN_POINT('',(0.02371865,-0.016,0.018405));
#3139=CARTESIAN_POINT('',(0.0975873,-0.016,0.02116));
#3140=CARTESIAN_POINT('',(0.1068373,-0.016,0.018405));
#3141=CARTESIAN_POINT('',(0.0883373,-0.016,0.018405));
#3142=CARTESIAN_POINT('',(0.0820873,-0.0619,0.00566));
#3143=CARTESIAN_POINT('',(0.0820873,-0.0635,0.00566));
#3144=CARTESIAN_POINT('',(0.0820873,-0.0635,0.00741));
#3145=CARTESIAN_POINT('',(0.1130873,-0.0619,0.00566));
#3146=CARTESIAN_POINT('',(0.1130873,-0.0635,0.00566));
#3147=CARTESIAN_POINT('',(0.1130873,-0.0635,0.00741));
#3148=CARTESIAN_POINT('',(0.09525,-0.0889,0.021162));
#3149=CARTESIAN_POINT('',(0.0736873066,-0.0889,0.01058));
#3150=CARTESIAN_POINT('',(0.0736873066,-0.0889,-0.00734015199445412));
#3151=CARTESIAN_POINT('',(0.05715,-0.0889,0.021162));
#3152=CARTESIAN_POINT('',(0.05715,-0.0889,-0.00734015199445412));
#3153=CARTESIAN_POINT('',(0.09525,-0.0889,-0.00734015199445412));
#3154=CARTESIAN_POINT('',(3.46944695195361E-18,2.08166817117217E-17,0.021162));
#3155=CARTESIAN_POINT('',(0.086596221100891,-0.01055,0.0125));
#3156=CARTESIAN_POINT('',(0.086596221100891,-0.01055,-0.00734015199445412));
#3157=CARTESIAN_POINT('',(0.0857566790923855,0.016,0.021162));
#3158=CARTESIAN_POINT('',(0.0857566790923855,0.016,0.0178524603564635));
#3159=CARTESIAN_POINT('',(0.0857566790923855,0.016,0.0178524603564635));
#3160=CARTESIAN_POINT('',(0.085726380035937,0.016162396653791,0.0189481217806459));
#3161=CARTESIAN_POINT('',(0.0857032097999611,0.0162841242924876,0.0200499898233881));
#3162=CARTESIAN_POINT('',(0.0856901350759001,0.0163526376963598,0.02116));
#3163=CARTESIAN_POINT('',(0.05715,0.0659096768991807,0.021162));
#3164=CARTESIAN_POINT('',(0.05715,0.0659096768991807,-0.00734015199445412));
#3165=CARTESIAN_POINT('',(3.46944695195361E-18,2.08166817117217E-17,-0.00734015199445412));
#3166=CARTESIAN_POINT('',(0.09525,-0.0889,0.021162));
#3167=CARTESIAN_POINT('',(0.1214872934,-0.0889,0.01058));
#3168=CARTESIAN_POINT('',(0.1214872934,-0.0889,-0.00734015199445412));
#3169=CARTESIAN_POINT('',(0.09525,-0.0889,-0.00734015199445412));
#3170=CARTESIAN_POINT('',(0.05715,-0.0774048384495903,0.021162));
#3171=CARTESIAN_POINT('',(0.05715,-0.0774048384495903,-0.00734015199445412));
#3172=CARTESIAN_POINT('',(0.05715,0.0774048384495903,0.021162));
#3173=CARTESIAN_POINT('',(0.05715,0.0889,0.021162));
#3174=CARTESIAN_POINT('',(0.05715,0.0889,-0.00734015199445412));
#3175=CARTESIAN_POINT('',(0.05715,0.0774048384495903,-0.00734015199445412));
#3176=CARTESIAN_POINT('',(0.09525,0.0889,0.021162));
#3177=CARTESIAN_POINT('',(0.0975873,0.0889,0.02116));
#3178=CARTESIAN_POINT('',(0.09525,0.0889,-0.00734015199445412));
#3179=CARTESIAN_POINT('',(0.1088573,-0.0643654185000896,0.02116));
#3180=CARTESIAN_POINT('',(0.0975873,-0.0643654185000896,0.02116));
#3181=CARTESIAN_POINT('',(0.0975873,-0.0643654185000896,0.02116));
#3182=CARTESIAN_POINT('',(0.1088573,-0.0569345814999104,0.02116));
#3183=CARTESIAN_POINT('',(0.0975873,-0.0569345814999104,0.02116));
#3184=CARTESIAN_POINT('',(0.0975873,-0.0569345814999104,0.02116));
#3185=CARTESIAN_POINT('',(0.0975873,-0.0669,0.02116));
#3186=CARTESIAN_POINT('',(0.1088573,-0.0768654185000897,0.02116));
#3187=CARTESIAN_POINT('',(0.0975873,-0.0768654185000897,0.02116));
#3188=CARTESIAN_POINT('',(0.0975873,-0.0768654185000897,0.02116));
#3189=CARTESIAN_POINT('',(0.1088573,-0.0694345814999104,0.02116));
#3190=CARTESIAN_POINT('',(0.0975873,-0.0694345814999104,0.02116));
#3191=CARTESIAN_POINT('',(0.0975873,-0.0694345814999104,0.02116));
#3192=CARTESIAN_POINT('',(0.0975873,-0.0669,0.02116));
#3193=CARTESIAN_POINT('',(0.02371865,0.016,0.018405));
#3194=CARTESIAN_POINT('',(0.0975873,0.016,0.02116));
#3195=CARTESIAN_POINT('',(0.0860873,0.016,0.02116));
#3196=CARTESIAN_POINT('',(0.0860873,0.016,0.0172001733434095));
#3197=CARTESIAN_POINT('',(0.0860873000000001,0.016,0.0172001733434096));
#3198=CARTESIAN_POINT('',(0.0859709291798419,0.016,0.0174142273271045));
#3199=CARTESIAN_POINT('',(0.0858607094340495,0.016,0.0176316493356269));
#3200=CARTESIAN_POINT('',(0.0857566790923855,0.016,0.0178524603564635));
#3201=CARTESIAN_POINT('',(0.0859752866987056,0.0159525988500915,0.0171374883880178));
#3202=CARTESIAN_POINT('',(0.0857540084046225,0.0159934616009133,0.0177757271884443));
#3203=CARTESIAN_POINT('',(0.0854117568632495,0.0160787040431938,0.0191076887502946));
#3204=CARTESIAN_POINT('',(0.0852962893095188,0.0161676169071245,0.0204982695037288));
#3205=CARTESIAN_POINT('',(0.0852984002725363,0.0162120547959315,0.0211936020402472));
#3206=CARTESIAN_POINT('',(0.0862260928718663,0.0160488091858136,0.0172216772135057));
#3207=CARTESIAN_POINT('',(0.0860094624865008,0.0160896692882695,0.0178460861301675));
#3208=CARTESIAN_POINT('',(0.0856743129672673,0.0161749075241391,0.0191492299210579));
#3209=CARTESIAN_POINT('',(0.085561027271156,0.0162638189863882,0.0205098257815928));
#3210=CARTESIAN_POINT('',(0.0855629406831067,0.0163082569493653,0.0211901913995064));
#3211=CARTESIAN_POINT('',(0.0864769287515569,0.0161450125682655,0.0173057867875493));
#3212=CARTESIAN_POINT('',(0.086264942507272,0.0161858697630122,0.0179163627381025));
#3213=CARTESIAN_POINT('',(0.0859368863057565,0.0162711033807422,0.0191906837685655));
#3214=CARTESIAN_POINT('',(0.0858257724187999,0.0163600133041768,0.0205212928402434));
#3215=CARTESIAN_POINT('',(0.0858274832238883,0.0164044513485778,0.0211866914631294));
#3216=CARTESIAN_POINT('',(0.0867278013217597,0.0162412067943803,0.0173897991189766));
#3217=CARTESIAN_POINT('',(0.0865204546020208,0.0162820607403427,0.0179865383150872));
#3218=CARTESIAN_POINT('',(0.0861994810478987,0.0163672891985433,0.0192320304455836));
#3219=CARTESIAN_POINT('',(0.0860905266401387,0.0164561974028781,0.0205326503756789));
#3220=CARTESIAN_POINT('',(0.0860920286309425,0.016500635538238,0.0211830818953058));
#3221=CARTESIAN_POINT('',(0.0860873,0.0164973440186703,0.02116));
#3222=CARTESIAN_POINT('',(0.0860873,0.0164070574362437,0.0198379790890611));
#3223=CARTESIAN_POINT('',(0.0860873,0.0162317394011611,0.0185137224521442));
#3224=CARTESIAN_POINT('',(0.0860873,0.016,0.0172001733434095));
#3225=CARTESIAN_POINT('',(0.0860873,0.0127398630133604,0.02116));
#3226=CARTESIAN_POINT('',(0.0975873,-0.0544,0.02116));
#3227=CARTESIAN_POINT('',(0.0975873,-0.0544,0.02116));
#3228=CARTESIAN_POINT('',(0.0975873,-0.0804,0.02116));
#3229=CARTESIAN_POINT('',(0.0975873,-0.0804,0.02116));
#3230=CARTESIAN_POINT('',(0.0975873,-0.0804,0.02116));
#3231=CARTESIAN_POINT('',(0.0975873,0.0831,0.02116));
#3232=CARTESIAN_POINT('',(0.0975873,-0.0245,0.02116));
#3233=CARTESIAN_POINT('',(0.0975873,-0.0534,0.02116));
#3234=CARTESIAN_POINT('',(0.0975873,-0.0544,0.02116));
#3235=CARTESIAN_POINT('',(0.0975873,-0.0534,0.02116));
#3236=CARTESIAN_POINT('',(0.0975873,-0.0534,0.02116));
#3237=CARTESIAN_POINT('',(0.0975873,-0.0245,0.02116));
#3238=CARTESIAN_POINT('',(0.0975873,-0.0245,0.02116));
#3239=CARTESIAN_POINT('',(0.0975873,-0.0235,0.02116));
#3240=CARTESIAN_POINT('',(0.0975873,-0.021,0.02116));
#3241=CARTESIAN_POINT('',(0.0975873,-0.021,0.02116));
#3242=CARTESIAN_POINT('',(0.0975873,-0.021,0.02116));
#3243=CARTESIAN_POINT('',(0.0975873,-0.02,0.02116));
#3244=CARTESIAN_POINT('',(0.0975873,0.0253,0.02116));
#3245=CARTESIAN_POINT('',(0.0975873,0.0253,0.02116));
#3246=CARTESIAN_POINT('',(0.0975873,0.0253,0.02116));
#3247=CARTESIAN_POINT('',(0.0975873,0.0293,0.02116));
#3248=CARTESIAN_POINT('',(0.0975873,0.0303,0.02116));
#3249=CARTESIAN_POINT('',(0.0975873,0.0303,0.02116));
#3250=CARTESIAN_POINT('',(0.0975873,0.0303,0.02116));
#3251=CARTESIAN_POINT('',(0.0975873,0.0328,0.02116));
#3252=CARTESIAN_POINT('',(0.0975873,0.0338,0.02116));
#3253=CARTESIAN_POINT('',(0.0975873,0.0338,0.02116));
#3254=CARTESIAN_POINT('',(0.0975873,0.0338,0.02116));
#3255=CARTESIAN_POINT('',(0.0975873,0.0831,0.02116));
#3256=CARTESIAN_POINT('',(0.0975873,0.0243,0.02116));
#3257=CARTESIAN_POINT('',(0.1214872934,-0.1139,0.01058));
#3258=CARTESIAN_POINT('',(0.1214872934,-0.1139,0.01058));
#3259=CARTESIAN_POINT('',(0.1214872934,-0.1139,-0.00734015199445412));
#3260=CARTESIAN_POINT('',(0.1214872934,-0.1139,-0.00734015199445412));
#3261=CARTESIAN_POINT('',(0.1187473,-0.1139,0.0145031538999313));
#3262=CARTESIAN_POINT('',(0.1187473,-0.113902,3.46944695195361E-18));
#3263=CARTESIAN_POINT('',(0.1187473,-0.1139,3.46944695195361E-18));
#3264=CARTESIAN_POINT('',(0.1187473,-0.1139,0.0145031538999313));
#3265=CARTESIAN_POINT('',(0.0736873066,-0.1139,0.01058));
#3266=CARTESIAN_POINT('',(0.0736873066,-0.1139,-0.00734015199445412));
#3267=CARTESIAN_POINT('',(0.0736873066,-0.1139,-0.00734015199445412));
#3268=CARTESIAN_POINT('',(0.0736873066,-0.1139,0.01058));
#3269=CARTESIAN_POINT('',(0.09525,-0.1139,0.0172368461000687));
#3270=CARTESIAN_POINT('',(0.09525,-0.1139,-0.00734015199445412));
#3271=CARTESIAN_POINT('',(0.0975873,-0.1139,0.));
#3272=CARTESIAN_POINT('',(0.1068373,-0.04655,0.0125));
#3273=CARTESIAN_POINT('',(0.1068373,-0.0635,0.00625));
#3274=CARTESIAN_POINT('',(0.1068373,-0.0635,-0.00734015199445412));
#3275=CARTESIAN_POINT('',(0.1068373,-0.04655,-0.00734015199445412));
#3276=CARTESIAN_POINT('',(0.1068373,-0.01055,-0.00734015199445412));
#3277=CARTESIAN_POINT('',(0.1068373,-0.01055,0.0125));
#3278=CARTESIAN_POINT('',(0.1130873,-0.01055,0.0125));
#3279=CARTESIAN_POINT('',(0.1130873,-0.01055,-0.00734015199445412));
#3280=CARTESIAN_POINT('',(0.0858373,-0.01055,0.0125));
#3281=CARTESIAN_POINT('',(0.0858373,-0.01055,-0.00734015199445412));
#3282=CARTESIAN_POINT('',(0.0883373,-0.01055,-0.00734015199445412));
#3283=CARTESIAN_POINT('',(0.0883373,-0.01055,0.0125));
#3284=CARTESIAN_POINT('',(0.0883373,-0.04655,0.0125));
#3285=CARTESIAN_POINT('',(0.0883373,-0.0635,0.0125));
#3286=CARTESIAN_POINT('',(0.0883373,-0.0635,-0.00734015199445412));
#3287=CARTESIAN_POINT('',(0.0883373,-0.04655,-0.00734015199445412));
#3288=CARTESIAN_POINT('',(0.0762,-0.0762,-0.006352));
#3289=CARTESIAN_POINT('',(0.0762,-0.0762,-0.00734015199445412));
#3290=CARTESIAN_POINT('',(0.0787527,-0.0762,-0.00734015199445412));
#3291=CARTESIAN_POINT('',(0.12065,-0.0762,-0.006352));
#3292=CARTESIAN_POINT('',(0.12065,-0.0762,-0.00734015199445412));
#3293=CARTESIAN_POINT('',(0.1180973,-0.0762,-0.00734015199445412));
#3294=CARTESIAN_POINT('',(0.12065,0.0508,-0.006352));
#3295=CARTESIAN_POINT('',(0.12065,0.0508,-0.00734015199445412));
#3296=CARTESIAN_POINT('',(0.1232027,0.0508,-0.00734015199445412));
#3297=CARTESIAN_POINT('',(0.12065,0.0254,-0.006352));
#3298=CARTESIAN_POINT('',(0.12065,0.0254,-0.00734015199445412));
#3299=CARTESIAN_POINT('',(0.1232027,0.0254,-0.00734015199445412));
#3300=CARTESIAN_POINT('',(0.12065,-1.37214800136053E-17,-0.006352));
#3301=CARTESIAN_POINT('',(0.12065,-1.37214800136053E-17,-0.00734015199445412));
#3302=CARTESIAN_POINT('',(0.1232027,-1.37214800136053E-17,-0.00734015199445412));
#3303=CARTESIAN_POINT('',(0.0762,0.0508,-0.006352));
#3304=CARTESIAN_POINT('',(0.0762,0.0508,-0.00734015199445412));
#3305=CARTESIAN_POINT('',(0.0787527,0.0508,-0.00734015199445412));
#3306=CARTESIAN_POINT('',(0.0762,0.0762,-0.006352));
#3307=CARTESIAN_POINT('',(0.0762,0.0762,-0.00734015199445412));
#3308=CARTESIAN_POINT('',(0.0787527,0.0762,-0.00734015199445412));
#3309=CARTESIAN_POINT('',(0.12065,0.0762,-0.006352));
#3310=CARTESIAN_POINT('',(0.12065,0.0762,-0.00734015199445412));
#3311=CARTESIAN_POINT('',(0.1232027,0.0762,-0.00734015199445412));
#3312=CARTESIAN_POINT('',(0.0975873,-0.086898,0.02116));
#3313=CARTESIAN_POINT('',(0.0975873,-0.0869,0.02116));
#3314=CARTESIAN_POINT('',(0.0975873,-0.0869,0.02116));
#3315=CARTESIAN_POINT('',(0.0975873,-0.0869,0.02116));
#3316=CARTESIAN_POINT('',(0.0975873,-0.067898,0.02116));
#3317=CARTESIAN_POINT('',(0.10459365,-0.0635,0.00625));
#3318=CARTESIAN_POINT('',(0.0858373,-0.0635,-0.00734015199445412));
#3319=CARTESIAN_POINT('',(0.10459365,-0.0635,0.00625));
#3320=CARTESIAN_POINT('',(0.12634365,-0.0635,-0.00734015199445412));
#3321=CARTESIAN_POINT('',(0.124573722947561,-0.0485346375,0.0123349));
#3322=CARTESIAN_POINT('',(0.123265815298374,-0.046269275,0.0123349));
#3323=CARTESIAN_POINT('',(0.123265815298374,-0.046269275,0.012754));
#3324=CARTESIAN_POINT('',(0.123265815298374,-0.046269275,0.0158401));
#3325=CARTESIAN_POINT('',(0.124573722947561,-0.0485346375,0.012754));
#3326=CARTESIAN_POINT('',(0.125881630596748,-0.0508,0.012754));
#3327=CARTESIAN_POINT('',(0.125881630596748,-0.0508,0.0123349));
#3328=CARTESIAN_POINT('',(0.125881630596748,-0.0508,0.0158401));
#3329=CARTESIAN_POINT('',(0.124573722947561,-0.0485346375,0.0158401));
#3330=CARTESIAN_POINT('',(0.124573722947561,-0.0530653625,0.0123349));
#3331=CARTESIAN_POINT('',(0.124573722947561,-0.0530653625,0.012754));
#3332=CARTESIAN_POINT('',(0.123265815298374,-0.055330725,0.012754));
#3333=CARTESIAN_POINT('',(0.123265815298374,-0.055330725,0.0123349));
#3334=CARTESIAN_POINT('',(0.123265815298374,-0.055330725,0.0158401));
#3335=CARTESIAN_POINT('',(0.124573722947561,-0.0530653625,0.0158401));
#3336=CARTESIAN_POINT('',(0.12065,-0.055330725,0.0123349));
#3337=CARTESIAN_POINT('',(0.12065,-0.055330725,0.012754));
#3338=CARTESIAN_POINT('',(0.118034184701626,-0.055330725,0.012754));
#3339=CARTESIAN_POINT('',(0.118034184701626,-0.055330725,0.0123349));
#3340=CARTESIAN_POINT('',(0.118034184701626,-0.055330725,0.0158401));
#3341=CARTESIAN_POINT('',(0.12065,-0.055330725,0.0158401));
#3342=CARTESIAN_POINT('',(0.116726277052439,-0.0530653625,0.0123349));
#3343=CARTESIAN_POINT('',(0.116726277052439,-0.0530653625,0.012754));
#3344=CARTESIAN_POINT('',(0.115418369403252,-0.0508,0.012754));
#3345=CARTESIAN_POINT('',(0.115418369403252,-0.0508,0.0123349));
#3346=CARTESIAN_POINT('',(0.115418369403252,-0.0508,0.0158401));
#3347=CARTESIAN_POINT('',(0.116726277052439,-0.0530653625,0.0158401));
#3348=CARTESIAN_POINT('',(0.116726277052439,-0.0485346375,0.0123349));
#3349=CARTESIAN_POINT('',(0.116726277052439,-0.0485346375,0.012754));
#3350=CARTESIAN_POINT('',(0.118034184701626,-0.046269275,0.012754));
#3351=CARTESIAN_POINT('',(0.118034184701626,-0.046269275,0.0123349));
#3352=CARTESIAN_POINT('',(0.118034184701626,-0.046269275,0.0158401));
#3353=CARTESIAN_POINT('',(0.116726277052439,-0.0485346375,0.0158401));
#3354=CARTESIAN_POINT('',(0.12065,-0.046269275,0.0123349));
#3355=CARTESIAN_POINT('',(0.12065,-0.046269275,0.012754));
#3356=CARTESIAN_POINT('',(0.12065,-0.046269275,0.0158401));
#3357=CARTESIAN_POINT('',(0.12065,-0.0508,0.0158401));
#3358=CARTESIAN_POINT('',(0.12065,-0.0508,0.0158401));
#3359=CARTESIAN_POINT('',(0.1178433,-0.0508,0.0158401));
#3360=CARTESIAN_POINT('',(0.0935719201174055,-0.0134688398719376,0.0125));
#3361=CARTESIAN_POINT('',(0.121762571246987,-0.0508,0.0182482399634106));
#3362=CARTESIAN_POINT('',(0.124834857052065,-0.0435516149634119,0.0245331100365883));
#3363=CARTESIAN_POINT('',(0.09525,-0.055584725,0.0125));
#3364=CARTESIAN_POINT('',(0.119389253371499,-0.0486163227839646,0.0194684022160355));
#3365=CARTESIAN_POINT('',(0.126740693082349,-0.0306811601280624,0.0125));
#3366=CARTESIAN_POINT('',(0.114653603771358,-0.0404139370696782,0.00689866206967815));
#3367=CARTESIAN_POINT('',(0.135028079882594,-0.0354658851280623,0.0125));
#3368=CARTESIAN_POINT('',(0.112280285895871,-0.0508,0.0245331100365891));
#3369=CARTESIAN_POINT('',(0.09525,-0.046015275,0.0125));
#3370=CARTESIAN_POINT('',(0.129570506652205,-0.0353492292491252,0.00183395424912503));
#3371=CARTESIAN_POINT('',(0.10185930691765,-0.00868411487193768,0.0125));
#3372=CARTESIAN_POINT('',(0.12065,-0.0508,0.0160941));
#3373=CARTESIAN_POINT('',(0.0722762770524388,-0.0530653625,0.0123349));
#3374=CARTESIAN_POINT('',(0.0735841847016258,-0.055330725,0.0123349));
#3375=CARTESIAN_POINT('',(0.0735841847016258,-0.055330725,-0.00734015199445412));
#3376=CARTESIAN_POINT('',(0.0735841847016258,-0.055330725,0.0158401));
#3377=CARTESIAN_POINT('',(0.0370382271111138,0.00796873035802439,-0.00734015199445412));
#3378=CARTESIAN_POINT('',(0.0709683694032517,-0.0508,-0.00734015199445412));
#3379=CARTESIAN_POINT('',(0.0709683694032517,-0.0508,0.0123349));
#3380=CARTESIAN_POINT('',(0.0709683694032517,-0.0508,0.0158401));
#3381=CARTESIAN_POINT('',(0.0722762770524388,-0.0530653625,0.0158401));
#3382=CARTESIAN_POINT('',(0.0722762770524388,-0.0485346375,0.0123349));
#3383=CARTESIAN_POINT('',(0.0694143269937638,-0.0534916804103498,-0.00734015199445412));
#3384=CARTESIAN_POINT('',(0.0722762770524388,-0.0485346375,0.0158401));
#3385=CARTESIAN_POINT('',(0.0762,-0.055330725,0.0123349));
#3386=CARTESIAN_POINT('',(0.,-0.055330725,-0.00734015199445412));
#3387=CARTESIAN_POINT('',(0.0762,-0.055330725,0.0158401));
#3388=CARTESIAN_POINT('',(0.0788158152983742,-0.055330725,0.0158401));
#3389=CARTESIAN_POINT('',(0.0788158152983742,-0.055330725,0.0123349));
#3390=CARTESIAN_POINT('',(0.0801237229475612,-0.0485346375,0.0123349));
#3391=CARTESIAN_POINT('',(0.0814316305967483,-0.0508,0.0123349));
#3392=CARTESIAN_POINT('',(0.0814316305967483,-0.0508,0.0158401));
#3393=CARTESIAN_POINT('',(0.0801237229475612,-0.0485346375,0.0158401));
#3394=CARTESIAN_POINT('',(0.0788158152983741,-0.046269275,0.0158401));
#3395=CARTESIAN_POINT('',(0.0788158152983741,-0.046269275,0.0123349));
#3396=CARTESIAN_POINT('',(0.0801237229475612,-0.0530653625,0.0123349));
#3397=CARTESIAN_POINT('',(0.0801237229475612,-0.0530653625,0.0158401));
#3398=CARTESIAN_POINT('',(0.0762,-0.046269275,0.0123349));
#3399=CARTESIAN_POINT('',(0.0762,-0.046269275,0.0158401));
#3400=CARTESIAN_POINT('',(0.0762,-0.0508,0.0158401));
#3401=CARTESIAN_POINT('',(0.12065,-0.0254,0.0158401));
#3402=CARTESIAN_POINT('',(0.12065,-0.0254,0.0158401));
#3403=CARTESIAN_POINT('',(0.1178433,-0.0254,0.0158401));
#3404=CARTESIAN_POINT('',(0.124573722947561,-0.0231346375,0.0158401));
#3405=CARTESIAN_POINT('',(0.123265815298374,-0.020869275,0.0158401));
#3406=CARTESIAN_POINT('',(0.125881630596748,-0.0254,0.0158401));
#3407=CARTESIAN_POINT('',(0.124573722947561,-0.0276653625,0.0158401));
#3408=CARTESIAN_POINT('',(0.123265815298374,-0.029930725,0.0158401));
#3409=CARTESIAN_POINT('',(0.12065,-0.029930725,0.0158401));
#3410=CARTESIAN_POINT('',(0.118034184701626,-0.029930725,0.0158401));
#3411=CARTESIAN_POINT('',(0.116726277052439,-0.0276653625,0.0158401));
#3412=CARTESIAN_POINT('',(0.115418369403252,-0.0254,0.0158401));
#3413=CARTESIAN_POINT('',(0.116726277052439,-0.0231346375,0.0158401));
#3414=CARTESIAN_POINT('',(0.118034184701626,-0.020869275,0.0158401));
#3415=CARTESIAN_POINT('',(0.12065,-0.020869275,0.0158401));
#3416=CARTESIAN_POINT('',(0.124573722947561,-0.0231346375,0.0123349));
#3417=CARTESIAN_POINT('',(0.123265815298374,-0.020869275,0.0123349));
#3418=CARTESIAN_POINT('',(0.123265815298374,-0.020869275,0.012754));
#3419=CARTESIAN_POINT('',(0.124573722947561,-0.0231346375,0.012754));
#3420=CARTESIAN_POINT('',(0.125881630596748,-0.0254,0.012754));
#3421=CARTESIAN_POINT('',(0.125881630596748,-0.0254,0.0123349));
#3422=CARTESIAN_POINT('',(0.124573722947561,-0.0276653625,0.0123349));
#3423=CARTESIAN_POINT('',(0.124573722947561,-0.0276653625,0.012754));
#3424=CARTESIAN_POINT('',(0.123265815298374,-0.029930725,0.012754));
#3425=CARTESIAN_POINT('',(0.123265815298374,-0.029930725,0.0123349));
#3426=CARTESIAN_POINT('',(0.12065,-0.029930725,0.0123349));
#3427=CARTESIAN_POINT('',(0.12065,-0.029930725,0.012754));
#3428=CARTESIAN_POINT('',(0.118034184701626,-0.029930725,0.012754));
#3429=CARTESIAN_POINT('',(0.118034184701626,-0.029930725,0.0123349));
#3430=CARTESIAN_POINT('',(0.116726277052439,-0.0276653625,0.0123349));
#3431=CARTESIAN_POINT('',(0.116726277052439,-0.0276653625,0.012754));
#3432=CARTESIAN_POINT('',(0.115418369403252,-0.0254,0.012754));
#3433=CARTESIAN_POINT('',(0.115418369403252,-0.0254,0.0123349));
#3434=CARTESIAN_POINT('',(0.116726277052439,-0.0231346375,0.0123349));
#3435=CARTESIAN_POINT('',(0.116726277052439,-0.0231346375,0.012754));
#3436=CARTESIAN_POINT('',(0.118034184701626,-0.020869275,0.012754));
#3437=CARTESIAN_POINT('',(0.118034184701626,-0.020869275,0.0123349));
#3438=CARTESIAN_POINT('',(0.12065,-0.020869275,0.0123349));
#3439=CARTESIAN_POINT('',(0.12065,-0.020869275,0.012754));
#3440=CARTESIAN_POINT('',(0.104570442745468,-0.00711883987193764,0.0125));
#3441=CARTESIAN_POINT('',(0.115477701173808,-0.0254,0.0128053828205536));
#3442=CARTESIAN_POINT('',(0.121692422015476,-0.023594472106268,0.0190902528937319));
#3443=CARTESIAN_POINT('',(0.09525,-0.030184725,0.0125));
#3444=CARTESIAN_POINT('',(0.119389253371498,-0.0232163227839642,0.0194684022160357));
#3445=CARTESIAN_POINT('',(0.115742170454287,-0.0243311601280623,0.0125));
#3446=CARTESIAN_POINT('',(0.114653603771358,-0.0150139370696785,0.00689866206967856));
#3447=CARTESIAN_POINT('',(0.124029557254532,-0.0291158851280623,0.0125));
#3448=CARTESIAN_POINT('',(0.118565155969049,-0.0254,0.0190902528937321));
#3449=CARTESIAN_POINT('',(0.09525,-0.020615275,0.0125));
#3450=CARTESIAN_POINT('',(0.126428071615616,-0.0153920863919822,0.00727681139198224));
#3451=CARTESIAN_POINT('',(0.112857829545713,-0.00233411487193764,0.0125));
#3452=CARTESIAN_POINT('',(0.12065,-0.0254,0.0158401));
#3453=CARTESIAN_POINT('',(0.09525,-0.0125,-0.00734015199445412));
#3454=CARTESIAN_POINT('',(0.0975873,-0.113902,0.));
#3455=MECHANICAL_DESIGN_GEOMETRIC_PRESENTATION_REPRESENTATION('',(#2081),
#3456);
#3456=(
GEOMETRIC_REPRESENTATION_CONTEXT(3)
GLOBAL_UNCERTAINTY_ASSIGNED_CONTEXT((#3457))
GLOBAL_UNIT_ASSIGNED_CONTEXT((#3460,#3459,#3458))
REPRESENTATION_CONTEXT('House Bottom','TOP_LEVEL_ASSEMBLY_PART')
);
#3457=UNCERTAINTY_MEASURE_WITH_UNIT(LENGTH_MEASURE(2.E-5),#3460,
'DISTANCE_ACCURACY_VALUE','Maximum Tolerance applied to model');
#3458=(
NAMED_UNIT(*)
SI_UNIT($,.STERADIAN.)
SOLID_ANGLE_UNIT()
);
#3459=(
NAMED_UNIT(*)
PLANE_ANGLE_UNIT()
SI_UNIT($,.RADIAN.)
);
#3460=(
LENGTH_UNIT()
NAMED_UNIT(*)
SI_UNIT($,.METRE.)
);
#3461=PRODUCT_DEFINITION_SHAPE('','',#3462);
#3462=PRODUCT_DEFINITION('','',#3464,#3463);
#3463=PRODUCT_DEFINITION_CONTEXT('',#3470,'design');
#3464=PRODUCT_DEFINITION_FORMATION_WITH_SPECIFIED_SOURCE('','',#3466,
 .NOT_KNOWN.);
#3465=PRODUCT_RELATED_PRODUCT_CATEGORY('','',(#3466));
#3466=PRODUCT('House Bottom','House Bottom','House Bottom',(#3468));
#3467=PRODUCT_CATEGORY('','');
#3468=PRODUCT_CONTEXT('',#3470,'mechanical');
#3469=APPLICATION_PROTOCOL_DEFINITION('international standard',
'ap242_managed_model_based_3d_engineering',2011,#3470);
#3470=APPLICATION_CONTEXT('managed model based 3d engineering');
ENDSEC;
END-ISO-10303-21;
