ISO-10303-21;
HEADER;
/* Generated by software containing ST-Developer
 * from STEP Tools, Inc. (www.steptools.com) 
 */
/* OPTION: using custom renumber hook */

FILE_DESCRIPTION(
/* description */ ('STEP AP242',
'CAx-IF Rec.Pracs.---Representation and Presentation of Product Manufa
cturing Information (PMI)---4.0---2014-10-13',
'CAx-IF Rec.Pracs.---3D Tessellated Geometry---0.4---2014-09-14','2;1'),

/* implementation_level */ '2;1');

FILE_NAME(
/* name */ '68fb1b0778a1d30a472b2239',
/* time_stamp */ '2025-10-24T06:21:59Z',
/* author */ (''),
/* organization */ (''),
/* preprocessor_version */ 'ST-DEVELOPER v20',
/* originating_system */ 'ONSHAPE BY PTC INC, 1.205',
/* authorisation */ '  ');

FILE_SCHEMA (('AP242_MANAGED_MODEL_BASED_3D_ENGINEERING_MIM_LF { 1 0 10303 442 1 1 4 }'));
ENDSEC;

DATA;
#10=SHAPE_REPRESENTATION_RELATIONSHIP('','',#3244,#11);
#11=ADVANCED_BREP_SHAPE_REPRESENTATION('',(#3242),#5277);
#12=CONICAL_SURFACE('',#3398,0.0025527,0.785398163397446);
#13=CONICAL_SURFACE('',#3420,0.0028067,0.785398163397446);
#14=B_SPLINE_SURFACE_WITH_KNOTS('',3,3,((#4849,#4850,#4851,#4852,#4853),
(#4854,#4855,#4856,#4857,#4858),(#4859,#4860,#4861,#4862,#4863),(#4864,
#4865,#4866,#4867,#4868)),.UNSPECIFIED.,.F.,.F.,.F.,(4,4),(4,1,4),(0.596425459453009,
0.824796823997041),(0.774802191086674,0.778101430735939,0.781400670385204),
 .UNSPECIFIED.);
#15=B_SPLINE_CURVE_WITH_KNOTS('',3,(#4510,#4511,#4512,#4513),
 .UNSPECIFIED.,.F.,.F.,(4,4),(0.00624607010416405,0.00957743090754699),
 .UNSPECIFIED.);
#16=B_SPLINE_CURVE_WITH_KNOTS('',3,(#4517,#4518,#4519,#4520,#4521,#4522,
#4523),.UNSPECIFIED.,.F.,.F.,(4,1,1,1,4),(0.0055822697394268,0.0122724900605466,
0.0189627103816663,0.0256529307027861,0.0323431510239058),.UNSPECIFIED.);
#17=B_SPLINE_CURVE_WITH_KNOTS('',3,(#4772,#4773,#4774,#4775),
 .UNSPECIFIED.,.F.,.F.,(4,4),(8.01218625627872E-5,0.00050282731147592),
 .UNSPECIFIED.);
#18=B_SPLINE_CURVE_WITH_KNOTS('',3,(#4843,#4844,#4845,#4846),
 .UNSPECIFIED.,.F.,.F.,(4,4),(0.00448144409497485,0.00520499352681184),
 .UNSPECIFIED.);
#19=B_SPLINE_CURVE_WITH_KNOTS('',3,(#4869,#4870,#4871,#4872),
 .UNSPECIFIED.,.F.,.F.,(4,4),(0.00827692938852702,0.0122776678080237),
 .UNSPECIFIED.);
#20=CYLINDRICAL_SURFACE('',#3250,0.0025527);
#21=CYLINDRICAL_SURFACE('',#3253,0.0025527);
#22=CYLINDRICAL_SURFACE('',#3256,0.0025527);
#23=CYLINDRICAL_SURFACE('',#3259,0.0025527);
#24=CYLINDRICAL_SURFACE('',#3262,0.0025527);
#25=CYLINDRICAL_SURFACE('',#3265,0.0872365061711804);
#26=CYLINDRICAL_SURFACE('',#3268,0.0025527);
#27=CYLINDRICAL_SURFACE('',#3271,0.0025527);
#28=CYLINDRICAL_SURFACE('',#3274,0.0025527);
#29=CYLINDRICAL_SURFACE('',#3277,0.0872365061711804);
#30=CYLINDRICAL_SURFACE('',#3285,0.0025527);
#31=CYLINDRICAL_SURFACE('',#3289,0.0025527);
#32=CYLINDRICAL_SURFACE('',#3292,0.0025527);
#33=CYLINDRICAL_SURFACE('',#3297,0.01492);
#34=CYLINDRICAL_SURFACE('',#3305,0.00175);
#35=CYLINDRICAL_SURFACE('',#3308,0.00175);
#36=CYLINDRICAL_SURFACE('',#3325,0.01254);
#37=CYLINDRICAL_SURFACE('',#3332,0.01254);
#38=CYLINDRICAL_SURFACE('',#3336,0.011);
#39=CYLINDRICAL_SURFACE('',#3337,0.011);
#40=CYLINDRICAL_SURFACE('',#3341,0.005);
#41=CYLINDRICAL_SURFACE('',#3344,0.011);
#42=CYLINDRICAL_SURFACE('',#3349,0.00775);
#43=CYLINDRICAL_SURFACE('',#3353,0.009);
#44=CYLINDRICAL_SURFACE('',#3357,0.009);
#45=CYLINDRICAL_SURFACE('',#3361,0.00775);
#46=CYLINDRICAL_SURFACE('',#3365,0.005);
#47=CYLINDRICAL_SURFACE('',#3366,0.011);
#48=CYLINDRICAL_SURFACE('',#3380,0.011);
#49=CYLINDRICAL_SURFACE('',#3381,0.004);
#50=CIRCLE('',#3247,0.0872365061711804);
#51=CIRCLE('',#3248,0.0872365061711804);
#52=CIRCLE('',#3249,0.0872365061711804);
#53=CIRCLE('',#3251,0.0025527);
#54=CIRCLE('',#3252,0.0025527);
#55=CIRCLE('',#3254,0.0025527);
#56=CIRCLE('',#3255,0.0025527);
#57=CIRCLE('',#3257,0.0025527);
#58=CIRCLE('',#3258,0.0025527);
#59=CIRCLE('',#3260,0.0025527);
#60=CIRCLE('',#3261,0.0025527);
#61=CIRCLE('',#3263,0.0025527);
#62=CIRCLE('',#3264,0.0025527);
#63=CIRCLE('',#3266,0.0872365061711804);
#64=CIRCLE('',#3267,0.0872365061711804);
#65=CIRCLE('',#3269,0.0025527);
#66=CIRCLE('',#3270,0.0025527);
#67=CIRCLE('',#3272,0.0025527);
#68=CIRCLE('',#3273,0.0025527);
#69=CIRCLE('',#3275,0.0025527);
#70=CIRCLE('',#3276,0.0025527);
#71=CIRCLE('',#3278,0.0872365061711804);
#72=CIRCLE('',#3279,0.0872365061711804);
#73=CIRCLE('',#3280,0.0872365061711804);
#74=CIRCLE('',#3282,0.0025527);
#75=CIRCLE('',#3283,0.0025527);
#76=CIRCLE('',#3286,0.0025527);
#77=CIRCLE('',#3290,0.0025527);
#78=CIRCLE('',#3291,0.0025527);
#79=CIRCLE('',#3293,0.0025527);
#80=CIRCLE('',#3298,0.01492);
#81=CIRCLE('',#3299,0.01492);
#82=CIRCLE('',#3300,0.01492);
#83=CIRCLE('',#3301,0.01492);
#84=CIRCLE('',#3302,0.01492);
#85=CIRCLE('',#3304,0.009);
#86=CIRCLE('',#3306,0.00175);
#87=CIRCLE('',#3307,0.00175);
#88=CIRCLE('',#3309,0.00175);
#89=CIRCLE('',#3310,0.00175);
#90=CIRCLE('',#3312,0.011);
#91=CIRCLE('',#3315,0.005);
#92=CIRCLE('',#3320,0.01254);
#93=CIRCLE('',#3321,0.011);
#94=CIRCLE('',#3323,0.01254);
#95=CIRCLE('',#3324,0.011);
#96=CIRCLE('',#3327,0.01254);
#97=CIRCLE('',#3328,0.011);
#98=CIRCLE('',#3330,0.01254);
#99=CIRCLE('',#3331,0.011);
#100=CIRCLE('',#3334,0.011);
#101=CIRCLE('',#3338,0.011);
#102=CIRCLE('',#3340,0.004);
#103=CIRCLE('',#3342,0.005);
#104=CIRCLE('',#3343,0.005);
#105=CIRCLE('',#3345,0.011);
#106=CIRCLE('',#3348,0.00775);
#107=CIRCLE('',#3350,0.00775);
#108=CIRCLE('',#3352,0.009);
#109=CIRCLE('',#3355,0.011);
#110=CIRCLE('',#3356,0.009);
#111=CIRCLE('',#3358,0.009);
#112=CIRCLE('',#3360,0.00775);
#113=CIRCLE('',#3362,0.00775);
#114=CIRCLE('',#3364,0.005);
#115=CIRCLE('',#3378,0.011);
#116=CIRCLE('',#3379,0.004);
#117=CIRCLE('',#3391,0.0028067);
#118=CIRCLE('',#3407,0.0028067);
#119=ORIENTED_EDGE('',*,*,#1009,.F.);
#120=ORIENTED_EDGE('',*,*,#1010,.F.);
#121=ORIENTED_EDGE('',*,*,#1011,.F.);
#122=ORIENTED_EDGE('',*,*,#1012,.F.);
#123=ORIENTED_EDGE('',*,*,#1013,.F.);
#124=ORIENTED_EDGE('',*,*,#1014,.F.);
#125=ORIENTED_EDGE('',*,*,#1015,.F.);
#126=ORIENTED_EDGE('',*,*,#1016,.F.);
#127=ORIENTED_EDGE('',*,*,#1017,.F.);
#128=ORIENTED_EDGE('',*,*,#1018,.F.);
#129=ORIENTED_EDGE('',*,*,#1019,.F.);
#130=ORIENTED_EDGE('',*,*,#1020,.F.);
#131=ORIENTED_EDGE('',*,*,#1021,.F.);
#132=ORIENTED_EDGE('',*,*,#1022,.F.);
#133=ORIENTED_EDGE('',*,*,#1023,.F.);
#134=ORIENTED_EDGE('',*,*,#1024,.F.);
#135=ORIENTED_EDGE('',*,*,#1025,.F.);
#136=ORIENTED_EDGE('',*,*,#1026,.F.);
#137=ORIENTED_EDGE('',*,*,#1027,.F.);
#138=ORIENTED_EDGE('',*,*,#1028,.F.);
#139=ORIENTED_EDGE('',*,*,#1029,.F.);
#140=ORIENTED_EDGE('',*,*,#1030,.F.);
#141=ORIENTED_EDGE('',*,*,#1031,.T.);
#142=ORIENTED_EDGE('',*,*,#1032,.T.);
#143=ORIENTED_EDGE('',*,*,#1033,.T.);
#144=ORIENTED_EDGE('',*,*,#1034,.T.);
#145=ORIENTED_EDGE('',*,*,#1035,.F.);
#146=ORIENTED_EDGE('',*,*,#1036,.F.);
#147=ORIENTED_EDGE('',*,*,#1037,.F.);
#148=ORIENTED_EDGE('',*,*,#1038,.F.);
#149=ORIENTED_EDGE('',*,*,#1039,.F.);
#150=ORIENTED_EDGE('',*,*,#1040,.F.);
#151=ORIENTED_EDGE('',*,*,#1041,.F.);
#152=ORIENTED_EDGE('',*,*,#1042,.F.);
#153=ORIENTED_EDGE('',*,*,#1043,.F.);
#154=ORIENTED_EDGE('',*,*,#1044,.T.);
#155=ORIENTED_EDGE('',*,*,#1045,.F.);
#156=ORIENTED_EDGE('',*,*,#1046,.F.);
#157=ORIENTED_EDGE('',*,*,#1047,.F.);
#158=ORIENTED_EDGE('',*,*,#1048,.F.);
#159=ORIENTED_EDGE('',*,*,#1049,.T.);
#160=ORIENTED_EDGE('',*,*,#1050,.F.);
#161=ORIENTED_EDGE('',*,*,#1051,.F.);
#162=ORIENTED_EDGE('',*,*,#1052,.T.);
#163=ORIENTED_EDGE('',*,*,#1053,.F.);
#164=ORIENTED_EDGE('',*,*,#1054,.F.);
#165=ORIENTED_EDGE('',*,*,#1055,.F.);
#166=ORIENTED_EDGE('',*,*,#1056,.F.);
#167=ORIENTED_EDGE('',*,*,#1057,.F.);
#168=ORIENTED_EDGE('',*,*,#1058,.F.);
#169=ORIENTED_EDGE('',*,*,#1059,.F.);
#170=ORIENTED_EDGE('',*,*,#1060,.F.);
#171=ORIENTED_EDGE('',*,*,#1061,.F.);
#172=ORIENTED_EDGE('',*,*,#1062,.F.);
#173=ORIENTED_EDGE('',*,*,#1063,.F.);
#174=ORIENTED_EDGE('',*,*,#1064,.F.);
#175=ORIENTED_EDGE('',*,*,#1065,.F.);
#176=ORIENTED_EDGE('',*,*,#1066,.F.);
#177=ORIENTED_EDGE('',*,*,#1067,.F.);
#178=ORIENTED_EDGE('',*,*,#1068,.F.);
#179=ORIENTED_EDGE('',*,*,#1069,.F.);
#180=ORIENTED_EDGE('',*,*,#1070,.F.);
#181=ORIENTED_EDGE('',*,*,#1071,.F.);
#182=ORIENTED_EDGE('',*,*,#1072,.F.);
#183=ORIENTED_EDGE('',*,*,#1073,.F.);
#184=ORIENTED_EDGE('',*,*,#1074,.F.);
#185=ORIENTED_EDGE('',*,*,#1075,.F.);
#186=ORIENTED_EDGE('',*,*,#1076,.F.);
#187=ORIENTED_EDGE('',*,*,#1077,.F.);
#188=ORIENTED_EDGE('',*,*,#1078,.F.);
#189=ORIENTED_EDGE('',*,*,#1079,.F.);
#190=ORIENTED_EDGE('',*,*,#1080,.F.);
#191=ORIENTED_EDGE('',*,*,#1081,.F.);
#192=ORIENTED_EDGE('',*,*,#1082,.F.);
#193=ORIENTED_EDGE('',*,*,#1083,.F.);
#194=ORIENTED_EDGE('',*,*,#1084,.T.);
#195=ORIENTED_EDGE('',*,*,#1085,.T.);
#196=ORIENTED_EDGE('',*,*,#1086,.T.);
#197=ORIENTED_EDGE('',*,*,#1087,.T.);
#198=ORIENTED_EDGE('',*,*,#1088,.F.);
#199=ORIENTED_EDGE('',*,*,#1089,.F.);
#200=ORIENTED_EDGE('',*,*,#1090,.F.);
#201=ORIENTED_EDGE('',*,*,#1091,.F.);
#202=ORIENTED_EDGE('',*,*,#1092,.F.);
#203=ORIENTED_EDGE('',*,*,#1093,.F.);
#204=ORIENTED_EDGE('',*,*,#1094,.T.);
#205=ORIENTED_EDGE('',*,*,#1095,.T.);
#206=ORIENTED_EDGE('',*,*,#1053,.T.);
#207=ORIENTED_EDGE('',*,*,#1096,.F.);
#208=ORIENTED_EDGE('',*,*,#1097,.T.);
#209=ORIENTED_EDGE('',*,*,#1098,.F.);
#210=ORIENTED_EDGE('',*,*,#1099,.F.);
#211=ORIENTED_EDGE('',*,*,#1100,.F.);
#212=ORIENTED_EDGE('',*,*,#1101,.T.);
#213=ORIENTED_EDGE('',*,*,#1027,.T.);
#214=ORIENTED_EDGE('',*,*,#1102,.T.);
#215=ORIENTED_EDGE('',*,*,#1103,.F.);
#216=ORIENTED_EDGE('',*,*,#1104,.F.);
#217=ORIENTED_EDGE('',*,*,#1105,.F.);
#218=ORIENTED_EDGE('',*,*,#1106,.F.);
#219=ORIENTED_EDGE('',*,*,#1107,.F.);
#220=ORIENTED_EDGE('',*,*,#1108,.F.);
#221=ORIENTED_EDGE('',*,*,#1109,.F.);
#222=ORIENTED_EDGE('',*,*,#1110,.T.);
#223=ORIENTED_EDGE('',*,*,#1111,.T.);
#224=ORIENTED_EDGE('',*,*,#1112,.T.);
#225=ORIENTED_EDGE('',*,*,#1035,.T.);
#226=ORIENTED_EDGE('',*,*,#1113,.F.);
#227=ORIENTED_EDGE('',*,*,#1114,.F.);
#228=ORIENTED_EDGE('',*,*,#1115,.F.);
#229=ORIENTED_EDGE('',*,*,#1116,.T.);
#230=ORIENTED_EDGE('',*,*,#1107,.T.);
#231=ORIENTED_EDGE('',*,*,#1088,.T.);
#232=ORIENTED_EDGE('',*,*,#1090,.T.);
#233=ORIENTED_EDGE('',*,*,#1092,.T.);
#234=ORIENTED_EDGE('',*,*,#1117,.F.);
#235=ORIENTED_EDGE('',*,*,#1084,.F.);
#236=ORIENTED_EDGE('',*,*,#1118,.F.);
#237=ORIENTED_EDGE('',*,*,#1119,.F.);
#238=ORIENTED_EDGE('',*,*,#1120,.F.);
#239=ORIENTED_EDGE('',*,*,#1121,.F.);
#240=ORIENTED_EDGE('',*,*,#1122,.F.);
#241=ORIENTED_EDGE('',*,*,#1123,.T.);
#242=ORIENTED_EDGE('',*,*,#1124,.F.);
#243=ORIENTED_EDGE('',*,*,#1125,.F.);
#244=ORIENTED_EDGE('',*,*,#1126,.F.);
#245=ORIENTED_EDGE('',*,*,#1127,.F.);
#246=ORIENTED_EDGE('',*,*,#1128,.T.);
#247=ORIENTED_EDGE('',*,*,#1129,.T.);
#248=ORIENTED_EDGE('',*,*,#1130,.T.);
#249=ORIENTED_EDGE('',*,*,#1131,.T.);
#250=ORIENTED_EDGE('',*,*,#1132,.T.);
#251=ORIENTED_EDGE('',*,*,#1133,.T.);
#252=ORIENTED_EDGE('',*,*,#1134,.T.);
#253=ORIENTED_EDGE('',*,*,#1135,.T.);
#254=ORIENTED_EDGE('',*,*,#1136,.T.);
#255=ORIENTED_EDGE('',*,*,#1137,.T.);
#256=ORIENTED_EDGE('',*,*,#1138,.F.);
#257=ORIENTED_EDGE('',*,*,#1139,.T.);
#258=ORIENTED_EDGE('',*,*,#1140,.T.);
#259=ORIENTED_EDGE('',*,*,#1141,.F.);
#260=ORIENTED_EDGE('',*,*,#1142,.T.);
#261=ORIENTED_EDGE('',*,*,#1143,.F.);
#262=ORIENTED_EDGE('',*,*,#1144,.F.);
#263=ORIENTED_EDGE('',*,*,#1145,.T.);
#264=ORIENTED_EDGE('',*,*,#1146,.T.);
#265=ORIENTED_EDGE('',*,*,#1147,.T.);
#266=ORIENTED_EDGE('',*,*,#1148,.F.);
#267=ORIENTED_EDGE('',*,*,#1149,.T.);
#268=ORIENTED_EDGE('',*,*,#1150,.F.);
#269=ORIENTED_EDGE('',*,*,#1151,.T.);
#270=ORIENTED_EDGE('',*,*,#1152,.F.);
#271=ORIENTED_EDGE('',*,*,#1153,.T.);
#272=ORIENTED_EDGE('',*,*,#1154,.F.);
#273=ORIENTED_EDGE('',*,*,#1155,.F.);
#274=ORIENTED_EDGE('',*,*,#1156,.F.);
#275=ORIENTED_EDGE('',*,*,#1157,.F.);
#276=ORIENTED_EDGE('',*,*,#1158,.F.);
#277=ORIENTED_EDGE('',*,*,#1159,.F.);
#278=ORIENTED_EDGE('',*,*,#1160,.T.);
#279=ORIENTED_EDGE('',*,*,#1161,.F.);
#280=ORIENTED_EDGE('',*,*,#1162,.F.);
#281=ORIENTED_EDGE('',*,*,#1163,.T.);
#282=ORIENTED_EDGE('',*,*,#1164,.F.);
#283=ORIENTED_EDGE('',*,*,#1165,.T.);
#284=ORIENTED_EDGE('',*,*,#1166,.F.);
#285=ORIENTED_EDGE('',*,*,#1167,.F.);
#286=ORIENTED_EDGE('',*,*,#1168,.F.);
#287=ORIENTED_EDGE('',*,*,#1169,.F.);
#288=ORIENTED_EDGE('',*,*,#1170,.F.);
#289=ORIENTED_EDGE('',*,*,#1171,.F.);
#290=ORIENTED_EDGE('',*,*,#1172,.F.);
#291=ORIENTED_EDGE('',*,*,#1116,.F.);
#292=ORIENTED_EDGE('',*,*,#1173,.T.);
#293=ORIENTED_EDGE('',*,*,#1031,.F.);
#294=ORIENTED_EDGE('',*,*,#1174,.F.);
#295=ORIENTED_EDGE('',*,*,#1175,.T.);
#296=ORIENTED_EDGE('',*,*,#1175,.F.);
#297=ORIENTED_EDGE('',*,*,#1176,.T.);
#298=ORIENTED_EDGE('',*,*,#1177,.T.);
#299=ORIENTED_EDGE('',*,*,#1178,.F.);
#300=ORIENTED_EDGE('',*,*,#1109,.T.);
#301=ORIENTED_EDGE('',*,*,#1179,.F.);
#302=ORIENTED_EDGE('',*,*,#1180,.F.);
#303=ORIENTED_EDGE('',*,*,#1181,.F.);
#304=ORIENTED_EDGE('',*,*,#1182,.F.);
#305=ORIENTED_EDGE('',*,*,#1183,.T.);
#306=ORIENTED_EDGE('',*,*,#1184,.F.);
#307=ORIENTED_EDGE('',*,*,#1185,.F.);
#308=ORIENTED_EDGE('',*,*,#1117,.T.);
#309=ORIENTED_EDGE('',*,*,#1183,.F.);
#310=ORIENTED_EDGE('',*,*,#1086,.F.);
#311=ORIENTED_EDGE('',*,*,#1186,.T.);
#312=ORIENTED_EDGE('',*,*,#1187,.F.);
#313=ORIENTED_EDGE('',*,*,#1188,.T.);
#314=ORIENTED_EDGE('',*,*,#1189,.F.);
#315=ORIENTED_EDGE('',*,*,#1190,.F.);
#316=ORIENTED_EDGE('',*,*,#1191,.F.);
#317=ORIENTED_EDGE('',*,*,#1192,.T.);
#318=ORIENTED_EDGE('',*,*,#1193,.F.);
#319=ORIENTED_EDGE('',*,*,#1194,.F.);
#320=ORIENTED_EDGE('',*,*,#1111,.F.);
#321=ORIENTED_EDGE('',*,*,#1195,.F.);
#322=ORIENTED_EDGE('',*,*,#1196,.F.);
#323=ORIENTED_EDGE('',*,*,#1197,.T.);
#324=ORIENTED_EDGE('',*,*,#1198,.F.);
#325=ORIENTED_EDGE('',*,*,#1199,.T.);
#326=ORIENTED_EDGE('',*,*,#1200,.T.);
#327=ORIENTED_EDGE('',*,*,#1201,.F.);
#328=ORIENTED_EDGE('',*,*,#1202,.T.);
#329=ORIENTED_EDGE('',*,*,#1203,.T.);
#330=ORIENTED_EDGE('',*,*,#1204,.T.);
#331=ORIENTED_EDGE('',*,*,#1205,.T.);
#332=ORIENTED_EDGE('',*,*,#1206,.T.);
#333=ORIENTED_EDGE('',*,*,#1207,.T.);
#334=ORIENTED_EDGE('',*,*,#1208,.T.);
#335=ORIENTED_EDGE('',*,*,#1209,.T.);
#336=ORIENTED_EDGE('',*,*,#1210,.T.);
#337=ORIENTED_EDGE('',*,*,#1211,.T.);
#338=ORIENTED_EDGE('',*,*,#1103,.T.);
#339=ORIENTED_EDGE('',*,*,#1105,.T.);
#340=ORIENTED_EDGE('',*,*,#1212,.T.);
#341=ORIENTED_EDGE('',*,*,#1213,.F.);
#342=ORIENTED_EDGE('',*,*,#1214,.T.);
#343=ORIENTED_EDGE('',*,*,#1215,.F.);
#344=ORIENTED_EDGE('',*,*,#1216,.T.);
#345=ORIENTED_EDGE('',*,*,#1217,.F.);
#346=ORIENTED_EDGE('',*,*,#1218,.T.);
#347=ORIENTED_EDGE('',*,*,#1219,.T.);
#348=ORIENTED_EDGE('',*,*,#1220,.T.);
#349=ORIENTED_EDGE('',*,*,#1221,.T.);
#350=ORIENTED_EDGE('',*,*,#1097,.F.);
#351=ORIENTED_EDGE('',*,*,#1222,.T.);
#352=ORIENTED_EDGE('',*,*,#1223,.F.);
#353=ORIENTED_EDGE('',*,*,#1161,.T.);
#354=ORIENTED_EDGE('',*,*,#1224,.T.);
#355=ORIENTED_EDGE('',*,*,#1046,.T.);
#356=ORIENTED_EDGE('',*,*,#1225,.F.);
#357=ORIENTED_EDGE('',*,*,#1119,.T.);
#358=ORIENTED_EDGE('',*,*,#1226,.T.);
#359=ORIENTED_EDGE('',*,*,#1050,.T.);
#360=ORIENTED_EDGE('',*,*,#1227,.F.);
#361=ORIENTED_EDGE('',*,*,#1100,.T.);
#362=ORIENTED_EDGE('',*,*,#1228,.T.);
#363=ORIENTED_EDGE('',*,*,#1145,.F.);
#364=ORIENTED_EDGE('',*,*,#1229,.F.);
#365=ORIENTED_EDGE('',*,*,#1163,.F.);
#366=ORIENTED_EDGE('',*,*,#1230,.T.);
#367=ORIENTED_EDGE('',*,*,#1231,.F.);
#368=ORIENTED_EDGE('',*,*,#1232,.F.);
#369=ORIENTED_EDGE('',*,*,#1233,.F.);
#370=ORIENTED_EDGE('',*,*,#1234,.F.);
#371=ORIENTED_EDGE('',*,*,#1110,.F.);
#372=ORIENTED_EDGE('',*,*,#1178,.T.);
#373=ORIENTED_EDGE('',*,*,#1235,.T.);
#374=ORIENTED_EDGE('',*,*,#1232,.T.);
#375=ORIENTED_EDGE('',*,*,#1236,.T.);
#376=ORIENTED_EDGE('',*,*,#1164,.T.);
#377=ORIENTED_EDGE('',*,*,#1229,.T.);
#378=ORIENTED_EDGE('',*,*,#1144,.T.);
#379=ORIENTED_EDGE('',*,*,#1237,.T.);
#380=ORIENTED_EDGE('',*,*,#1195,.T.);
#381=ORIENTED_EDGE('',*,*,#1238,.F.);
#382=ORIENTED_EDGE('',*,*,#1239,.T.);
#383=ORIENTED_EDGE('',*,*,#1240,.F.);
#384=ORIENTED_EDGE('',*,*,#1241,.F.);
#385=ORIENTED_EDGE('',*,*,#1242,.T.);
#386=ORIENTED_EDGE('',*,*,#1124,.T.);
#387=ORIENTED_EDGE('',*,*,#1243,.F.);
#388=ORIENTED_EDGE('',*,*,#1244,.T.);
#389=ORIENTED_EDGE('',*,*,#1245,.F.);
#390=ORIENTED_EDGE('',*,*,#1189,.T.);
#391=ORIENTED_EDGE('',*,*,#1240,.T.);
#392=ORIENTED_EDGE('',*,*,#1238,.T.);
#393=ORIENTED_EDGE('',*,*,#1246,.T.);
#394=ORIENTED_EDGE('',*,*,#1037,.T.);
#395=ORIENTED_EDGE('',*,*,#1247,.F.);
#396=ORIENTED_EDGE('',*,*,#1193,.T.);
#397=ORIENTED_EDGE('',*,*,#1248,.T.);
#398=ORIENTED_EDGE('',*,*,#1223,.T.);
#399=ORIENTED_EDGE('',*,*,#1249,.T.);
#400=ORIENTED_EDGE('',*,*,#1051,.T.);
#401=ORIENTED_EDGE('',*,*,#1226,.F.);
#402=ORIENTED_EDGE('',*,*,#1118,.T.);
#403=ORIENTED_EDGE('',*,*,#1096,.T.);
#404=ORIENTED_EDGE('',*,*,#1052,.F.);
#405=ORIENTED_EDGE('',*,*,#1249,.F.);
#406=ORIENTED_EDGE('',*,*,#1222,.F.);
#407=ORIENTED_EDGE('',*,*,#1194,.T.);
#408=ORIENTED_EDGE('',*,*,#1247,.T.);
#409=ORIENTED_EDGE('',*,*,#1036,.T.);
#410=ORIENTED_EDGE('',*,*,#1112,.F.);
#411=ORIENTED_EDGE('',*,*,#1250,.T.);
#412=ORIENTED_EDGE('',*,*,#1120,.T.);
#413=ORIENTED_EDGE('',*,*,#1225,.T.);
#414=ORIENTED_EDGE('',*,*,#1045,.T.);
#415=ORIENTED_EDGE('',*,*,#1205,.F.);
#416=ORIENTED_EDGE('',*,*,#1251,.T.);
#417=ORIENTED_EDGE('',*,*,#1134,.F.);
#418=ORIENTED_EDGE('',*,*,#1252,.F.);
#419=ORIENTED_EDGE('',*,*,#1136,.F.);
#420=ORIENTED_EDGE('',*,*,#1253,.F.);
#421=ORIENTED_EDGE('',*,*,#1203,.F.);
#422=ORIENTED_EDGE('',*,*,#1254,.F.);
#423=ORIENTED_EDGE('',*,*,#1135,.F.);
#424=ORIENTED_EDGE('',*,*,#1251,.F.);
#425=ORIENTED_EDGE('',*,*,#1204,.F.);
#426=ORIENTED_EDGE('',*,*,#1253,.T.);
#427=ORIENTED_EDGE('',*,*,#1209,.F.);
#428=ORIENTED_EDGE('',*,*,#1255,.T.);
#429=ORIENTED_EDGE('',*,*,#1130,.F.);
#430=ORIENTED_EDGE('',*,*,#1256,.F.);
#431=ORIENTED_EDGE('',*,*,#1132,.F.);
#432=ORIENTED_EDGE('',*,*,#1257,.F.);
#433=ORIENTED_EDGE('',*,*,#1207,.F.);
#434=ORIENTED_EDGE('',*,*,#1258,.F.);
#435=ORIENTED_EDGE('',*,*,#1131,.F.);
#436=ORIENTED_EDGE('',*,*,#1255,.F.);
#437=ORIENTED_EDGE('',*,*,#1208,.F.);
#438=ORIENTED_EDGE('',*,*,#1257,.T.);
#439=ORIENTED_EDGE('',*,*,#1259,.F.);
#440=ORIENTED_EDGE('',*,*,#1146,.F.);
#441=ORIENTED_EDGE('',*,*,#1228,.F.);
#442=ORIENTED_EDGE('',*,*,#1099,.T.);
#443=ORIENTED_EDGE('',*,*,#1260,.F.);
#444=ORIENTED_EDGE('',*,*,#1261,.F.);
#445=ORIENTED_EDGE('',*,*,#1219,.F.);
#446=ORIENTED_EDGE('',*,*,#1221,.F.);
#447=ORIENTED_EDGE('',*,*,#1262,.T.);
#448=ORIENTED_EDGE('',*,*,#1260,.T.);
#449=ORIENTED_EDGE('',*,*,#1098,.T.);
#450=ORIENTED_EDGE('',*,*,#1220,.F.);
#451=ORIENTED_EDGE('',*,*,#1261,.T.);
#452=ORIENTED_EDGE('',*,*,#1262,.F.);
#453=ORIENTED_EDGE('',*,*,#1206,.F.);
#454=ORIENTED_EDGE('',*,*,#1252,.T.);
#455=ORIENTED_EDGE('',*,*,#1133,.F.);
#456=ORIENTED_EDGE('',*,*,#1258,.T.);
#457=ORIENTED_EDGE('',*,*,#1129,.F.);
#458=ORIENTED_EDGE('',*,*,#1263,.T.);
#459=ORIENTED_EDGE('',*,*,#1210,.F.);
#460=ORIENTED_EDGE('',*,*,#1256,.T.);
#461=ORIENTED_EDGE('',*,*,#1264,.T.);
#462=ORIENTED_EDGE('',*,*,#1211,.F.);
#463=ORIENTED_EDGE('',*,*,#1263,.F.);
#464=ORIENTED_EDGE('',*,*,#1128,.F.);
#465=ORIENTED_EDGE('',*,*,#1139,.F.);
#466=ORIENTED_EDGE('',*,*,#1265,.F.);
#467=ORIENTED_EDGE('',*,*,#1200,.F.);
#468=ORIENTED_EDGE('',*,*,#1266,.T.);
#469=ORIENTED_EDGE('',*,*,#1137,.F.);
#470=ORIENTED_EDGE('',*,*,#1254,.T.);
#471=ORIENTED_EDGE('',*,*,#1202,.F.);
#472=ORIENTED_EDGE('',*,*,#1267,.F.);
#473=ORIENTED_EDGE('',*,*,#1267,.T.);
#474=ORIENTED_EDGE('',*,*,#1201,.T.);
#475=ORIENTED_EDGE('',*,*,#1265,.T.);
#476=ORIENTED_EDGE('',*,*,#1138,.T.);
#477=ORIENTED_EDGE('',*,*,#1199,.F.);
#478=ORIENTED_EDGE('',*,*,#1268,.F.);
#479=ORIENTED_EDGE('',*,*,#1140,.F.);
#480=ORIENTED_EDGE('',*,*,#1266,.F.);
#481=ORIENTED_EDGE('',*,*,#1268,.T.);
#482=ORIENTED_EDGE('',*,*,#1198,.T.);
#483=ORIENTED_EDGE('',*,*,#1269,.F.);
#484=ORIENTED_EDGE('',*,*,#1141,.T.);
#485=ORIENTED_EDGE('',*,*,#1197,.F.);
#486=ORIENTED_EDGE('',*,*,#1270,.F.);
#487=ORIENTED_EDGE('',*,*,#1142,.F.);
#488=ORIENTED_EDGE('',*,*,#1269,.T.);
#489=ORIENTED_EDGE('',*,*,#1270,.T.);
#490=ORIENTED_EDGE('',*,*,#1196,.T.);
#491=ORIENTED_EDGE('',*,*,#1237,.F.);
#492=ORIENTED_EDGE('',*,*,#1143,.T.);
#493=ORIENTED_EDGE('',*,*,#1271,.T.);
#494=ORIENTED_EDGE('',*,*,#1217,.T.);
#495=ORIENTED_EDGE('',*,*,#1272,.F.);
#496=ORIENTED_EDGE('',*,*,#1148,.T.);
#497=ORIENTED_EDGE('',*,*,#1149,.F.);
#498=ORIENTED_EDGE('',*,*,#1272,.T.);
#499=ORIENTED_EDGE('',*,*,#1216,.F.);
#500=ORIENTED_EDGE('',*,*,#1273,.F.);
#501=ORIENTED_EDGE('',*,*,#1273,.T.);
#502=ORIENTED_EDGE('',*,*,#1215,.T.);
#503=ORIENTED_EDGE('',*,*,#1274,.F.);
#504=ORIENTED_EDGE('',*,*,#1150,.T.);
#505=ORIENTED_EDGE('',*,*,#1151,.F.);
#506=ORIENTED_EDGE('',*,*,#1274,.T.);
#507=ORIENTED_EDGE('',*,*,#1214,.F.);
#508=ORIENTED_EDGE('',*,*,#1275,.F.);
#509=ORIENTED_EDGE('',*,*,#1275,.T.);
#510=ORIENTED_EDGE('',*,*,#1213,.T.);
#511=ORIENTED_EDGE('',*,*,#1276,.T.);
#512=ORIENTED_EDGE('',*,*,#1152,.T.);
#513=ORIENTED_EDGE('',*,*,#1153,.F.);
#514=ORIENTED_EDGE('',*,*,#1276,.F.);
#515=ORIENTED_EDGE('',*,*,#1212,.F.);
#516=ORIENTED_EDGE('',*,*,#1248,.F.);
#517=ORIENTED_EDGE('',*,*,#1147,.F.);
#518=ORIENTED_EDGE('',*,*,#1259,.T.);
#519=ORIENTED_EDGE('',*,*,#1218,.F.);
#520=ORIENTED_EDGE('',*,*,#1271,.F.);
#521=ORIENTED_EDGE('',*,*,#1250,.F.);
#522=ORIENTED_EDGE('',*,*,#1044,.F.);
#523=ORIENTED_EDGE('',*,*,#1277,.T.);
#524=ORIENTED_EDGE('',*,*,#1121,.T.);
#525=ORIENTED_EDGE('',*,*,#1243,.T.);
#526=ORIENTED_EDGE('',*,*,#1123,.F.);
#527=ORIENTED_EDGE('',*,*,#1278,.F.);
#528=ORIENTED_EDGE('',*,*,#1279,.T.);
#529=ORIENTED_EDGE('',*,*,#1277,.F.);
#530=ORIENTED_EDGE('',*,*,#1043,.T.);
#531=ORIENTED_EDGE('',*,*,#1280,.T.);
#532=ORIENTED_EDGE('',*,*,#1281,.F.);
#533=ORIENTED_EDGE('',*,*,#1278,.T.);
#534=ORIENTED_EDGE('',*,*,#1122,.T.);
#535=ORIENTED_EDGE('',*,*,#1246,.F.);
#536=ORIENTED_EDGE('',*,*,#1192,.F.);
#537=ORIENTED_EDGE('',*,*,#1282,.T.);
#538=ORIENTED_EDGE('',*,*,#1038,.T.);
#539=ORIENTED_EDGE('',*,*,#1245,.T.);
#540=ORIENTED_EDGE('',*,*,#1283,.F.);
#541=ORIENTED_EDGE('',*,*,#1284,.F.);
#542=ORIENTED_EDGE('',*,*,#1190,.T.);
#543=ORIENTED_EDGE('',*,*,#1191,.T.);
#544=ORIENTED_EDGE('',*,*,#1284,.T.);
#545=ORIENTED_EDGE('',*,*,#1285,.F.);
#546=ORIENTED_EDGE('',*,*,#1286,.F.);
#547=ORIENTED_EDGE('',*,*,#1039,.T.);
#548=ORIENTED_EDGE('',*,*,#1282,.F.);
#549=ORIENTED_EDGE('',*,*,#1287,.T.);
#550=ORIENTED_EDGE('',*,*,#1165,.F.);
#551=ORIENTED_EDGE('',*,*,#1236,.F.);
#552=ORIENTED_EDGE('',*,*,#1231,.T.);
#553=ORIENTED_EDGE('',*,*,#1288,.T.);
#554=ORIENTED_EDGE('',*,*,#1048,.T.);
#555=ORIENTED_EDGE('',*,*,#1230,.F.);
#556=ORIENTED_EDGE('',*,*,#1162,.T.);
#557=ORIENTED_EDGE('',*,*,#1227,.T.);
#558=ORIENTED_EDGE('',*,*,#1049,.F.);
#559=ORIENTED_EDGE('',*,*,#1288,.F.);
#560=ORIENTED_EDGE('',*,*,#1101,.F.);
#561=ORIENTED_EDGE('',*,*,#1234,.T.);
#562=ORIENTED_EDGE('',*,*,#1289,.T.);
#563=ORIENTED_EDGE('',*,*,#1028,.T.);
#564=ORIENTED_EDGE('',*,*,#1290,.T.);
#565=ORIENTED_EDGE('',*,*,#1029,.T.);
#566=ORIENTED_EDGE('',*,*,#1289,.F.);
#567=ORIENTED_EDGE('',*,*,#1233,.T.);
#568=ORIENTED_EDGE('',*,*,#1235,.F.);
#569=ORIENTED_EDGE('',*,*,#1177,.F.);
#570=ORIENTED_EDGE('',*,*,#1126,.T.);
#571=ORIENTED_EDGE('',*,*,#1291,.F.);
#572=ORIENTED_EDGE('',*,*,#1187,.T.);
#573=ORIENTED_EDGE('',*,*,#1292,.F.);
#574=ORIENTED_EDGE('',*,*,#1188,.F.);
#575=ORIENTED_EDGE('',*,*,#1291,.T.);
#576=ORIENTED_EDGE('',*,*,#1125,.T.);
#577=ORIENTED_EDGE('',*,*,#1242,.F.);
#578=ORIENTED_EDGE('',*,*,#1264,.F.);
#579=ORIENTED_EDGE('',*,*,#1127,.T.);
#580=ORIENTED_EDGE('',*,*,#1292,.T.);
#581=ORIENTED_EDGE('',*,*,#1186,.F.);
#582=ORIENTED_EDGE('',*,*,#1239,.F.);
#583=ORIENTED_EDGE('',*,*,#1174,.T.);
#584=ORIENTED_EDGE('',*,*,#1030,.T.);
#585=ORIENTED_EDGE('',*,*,#1290,.F.);
#586=ORIENTED_EDGE('',*,*,#1176,.F.);
#587=ORIENTED_EDGE('',*,*,#1241,.T.);
#588=ORIENTED_EDGE('',*,*,#1287,.F.);
#589=ORIENTED_EDGE('',*,*,#1047,.T.);
#590=ORIENTED_EDGE('',*,*,#1224,.F.);
#591=ORIENTED_EDGE('',*,*,#1160,.F.);
#592=ORIENTED_EDGE('',*,*,#1293,.T.);
#593=ORIENTED_EDGE('',*,*,#1294,.T.);
#594=ORIENTED_EDGE('',*,*,#1295,.F.);
#595=ORIENTED_EDGE('',*,*,#1296,.F.);
#596=ORIENTED_EDGE('',*,*,#1295,.T.);
#597=ORIENTED_EDGE('',*,*,#1297,.T.);
#598=ORIENTED_EDGE('',*,*,#1298,.F.);
#599=ORIENTED_EDGE('',*,*,#1299,.F.);
#600=ORIENTED_EDGE('',*,*,#1298,.T.);
#601=ORIENTED_EDGE('',*,*,#1300,.T.);
#602=ORIENTED_EDGE('',*,*,#1301,.F.);
#603=ORIENTED_EDGE('',*,*,#1302,.F.);
#604=ORIENTED_EDGE('',*,*,#1301,.T.);
#605=ORIENTED_EDGE('',*,*,#1303,.T.);
#606=ORIENTED_EDGE('',*,*,#1304,.F.);
#607=ORIENTED_EDGE('',*,*,#1305,.F.);
#608=ORIENTED_EDGE('',*,*,#1304,.T.);
#609=ORIENTED_EDGE('',*,*,#1306,.T.);
#610=ORIENTED_EDGE('',*,*,#1307,.F.);
#611=ORIENTED_EDGE('',*,*,#1308,.F.);
#612=ORIENTED_EDGE('',*,*,#1307,.T.);
#613=ORIENTED_EDGE('',*,*,#1309,.T.);
#614=ORIENTED_EDGE('',*,*,#1293,.F.);
#615=ORIENTED_EDGE('',*,*,#1310,.F.);
#616=ORIENTED_EDGE('',*,*,#1311,.F.);
#617=ORIENTED_EDGE('',*,*,#1294,.F.);
#618=ORIENTED_EDGE('',*,*,#1309,.F.);
#619=ORIENTED_EDGE('',*,*,#1306,.F.);
#620=ORIENTED_EDGE('',*,*,#1303,.F.);
#621=ORIENTED_EDGE('',*,*,#1300,.F.);
#622=ORIENTED_EDGE('',*,*,#1297,.F.);
#623=ORIENTED_EDGE('',*,*,#1312,.T.);
#624=ORIENTED_EDGE('',*,*,#1168,.T.);
#625=ORIENTED_EDGE('',*,*,#1313,.T.);
#626=ORIENTED_EDGE('',*,*,#1305,.T.);
#627=ORIENTED_EDGE('',*,*,#1313,.F.);
#628=ORIENTED_EDGE('',*,*,#1167,.T.);
#629=ORIENTED_EDGE('',*,*,#1314,.T.);
#630=ORIENTED_EDGE('',*,*,#1302,.T.);
#631=ORIENTED_EDGE('',*,*,#1312,.F.);
#632=ORIENTED_EDGE('',*,*,#1308,.T.);
#633=ORIENTED_EDGE('',*,*,#1315,.T.);
#634=ORIENTED_EDGE('',*,*,#1169,.T.);
#635=ORIENTED_EDGE('',*,*,#1314,.F.);
#636=ORIENTED_EDGE('',*,*,#1166,.T.);
#637=ORIENTED_EDGE('',*,*,#1316,.T.);
#638=ORIENTED_EDGE('',*,*,#1299,.T.);
#639=ORIENTED_EDGE('',*,*,#1315,.F.);
#640=ORIENTED_EDGE('',*,*,#1310,.T.);
#641=ORIENTED_EDGE('',*,*,#1317,.T.);
#642=ORIENTED_EDGE('',*,*,#1170,.T.);
#643=ORIENTED_EDGE('',*,*,#1316,.F.);
#644=ORIENTED_EDGE('',*,*,#1171,.T.);
#645=ORIENTED_EDGE('',*,*,#1317,.F.);
#646=ORIENTED_EDGE('',*,*,#1296,.T.);
#647=ORIENTED_EDGE('',*,*,#1311,.T.);
#648=ORIENTED_EDGE('',*,*,#1185,.T.);
#649=ORIENTED_EDGE('',*,*,#1318,.F.);
#650=ORIENTED_EDGE('',*,*,#1033,.F.);
#651=ORIENTED_EDGE('',*,*,#1319,.T.);
#652=ORIENTED_EDGE('',*,*,#1320,.T.);
#653=ORIENTED_EDGE('',*,*,#1113,.T.);
#654=ORIENTED_EDGE('',*,*,#1034,.F.);
#655=ORIENTED_EDGE('',*,*,#1318,.T.);
#656=ORIENTED_EDGE('',*,*,#1321,.T.);
#657=ORIENTED_EDGE('',*,*,#1319,.F.);
#658=ORIENTED_EDGE('',*,*,#1032,.F.);
#659=ORIENTED_EDGE('',*,*,#1173,.F.);
#660=ORIENTED_EDGE('',*,*,#1182,.T.);
#661=ORIENTED_EDGE('',*,*,#1322,.T.);
#662=ORIENTED_EDGE('',*,*,#1323,.T.);
#663=ORIENTED_EDGE('',*,*,#1324,.F.);
#664=ORIENTED_EDGE('',*,*,#1180,.T.);
#665=ORIENTED_EDGE('',*,*,#1325,.T.);
#666=ORIENTED_EDGE('',*,*,#1326,.T.);
#667=ORIENTED_EDGE('',*,*,#1322,.F.);
#668=ORIENTED_EDGE('',*,*,#1181,.T.);
#669=ORIENTED_EDGE('',*,*,#1324,.T.);
#670=ORIENTED_EDGE('',*,*,#1327,.T.);
#671=ORIENTED_EDGE('',*,*,#1115,.T.);
#672=ORIENTED_EDGE('',*,*,#1328,.T.);
#673=ORIENTED_EDGE('',*,*,#1325,.F.);
#674=ORIENTED_EDGE('',*,*,#1179,.T.);
#675=ORIENTED_EDGE('',*,*,#1184,.T.);
#676=ORIENTED_EDGE('',*,*,#1328,.F.);
#677=ORIENTED_EDGE('',*,*,#1114,.T.);
#678=ORIENTED_EDGE('',*,*,#1321,.F.);
#679=ORIENTED_EDGE('',*,*,#1320,.F.);
#680=ORIENTED_EDGE('',*,*,#1323,.F.);
#681=ORIENTED_EDGE('',*,*,#1327,.F.);
#682=ORIENTED_EDGE('',*,*,#1326,.F.);
#683=ORIENTED_EDGE('',*,*,#1329,.F.);
#684=ORIENTED_EDGE('',*,*,#1330,.F.);
#685=ORIENTED_EDGE('',*,*,#1331,.F.);
#686=ORIENTED_EDGE('',*,*,#1332,.F.);
#687=ORIENTED_EDGE('',*,*,#1333,.F.);
#688=ORIENTED_EDGE('',*,*,#1334,.F.);
#689=ORIENTED_EDGE('',*,*,#1335,.F.);
#690=ORIENTED_EDGE('',*,*,#1336,.T.);
#691=ORIENTED_EDGE('',*,*,#1330,.T.);
#692=ORIENTED_EDGE('',*,*,#1337,.F.);
#693=ORIENTED_EDGE('',*,*,#1338,.F.);
#694=ORIENTED_EDGE('',*,*,#1337,.T.);
#695=ORIENTED_EDGE('',*,*,#1335,.T.);
#696=ORIENTED_EDGE('',*,*,#1339,.F.);
#697=ORIENTED_EDGE('',*,*,#1340,.F.);
#698=ORIENTED_EDGE('',*,*,#1339,.T.);
#699=ORIENTED_EDGE('',*,*,#1334,.T.);
#700=ORIENTED_EDGE('',*,*,#1341,.F.);
#701=ORIENTED_EDGE('',*,*,#1342,.F.);
#702=ORIENTED_EDGE('',*,*,#1341,.T.);
#703=ORIENTED_EDGE('',*,*,#1333,.T.);
#704=ORIENTED_EDGE('',*,*,#1343,.F.);
#705=ORIENTED_EDGE('',*,*,#1344,.F.);
#706=ORIENTED_EDGE('',*,*,#1343,.T.);
#707=ORIENTED_EDGE('',*,*,#1332,.T.);
#708=ORIENTED_EDGE('',*,*,#1345,.F.);
#709=ORIENTED_EDGE('',*,*,#1346,.F.);
#710=ORIENTED_EDGE('',*,*,#1345,.T.);
#711=ORIENTED_EDGE('',*,*,#1331,.T.);
#712=ORIENTED_EDGE('',*,*,#1336,.F.);
#713=ORIENTED_EDGE('',*,*,#1347,.F.);
#714=ORIENTED_EDGE('',*,*,#1348,.T.);
#715=ORIENTED_EDGE('',*,*,#1156,.T.);
#716=ORIENTED_EDGE('',*,*,#1349,.T.);
#717=ORIENTED_EDGE('',*,*,#1344,.T.);
#718=ORIENTED_EDGE('',*,*,#1349,.F.);
#719=ORIENTED_EDGE('',*,*,#1155,.T.);
#720=ORIENTED_EDGE('',*,*,#1350,.T.);
#721=ORIENTED_EDGE('',*,*,#1342,.T.);
#722=ORIENTED_EDGE('',*,*,#1348,.F.);
#723=ORIENTED_EDGE('',*,*,#1346,.T.);
#724=ORIENTED_EDGE('',*,*,#1351,.T.);
#725=ORIENTED_EDGE('',*,*,#1157,.T.);
#726=ORIENTED_EDGE('',*,*,#1350,.F.);
#727=ORIENTED_EDGE('',*,*,#1154,.T.);
#728=ORIENTED_EDGE('',*,*,#1352,.T.);
#729=ORIENTED_EDGE('',*,*,#1340,.T.);
#730=ORIENTED_EDGE('',*,*,#1351,.F.);
#731=ORIENTED_EDGE('',*,*,#1347,.T.);
#732=ORIENTED_EDGE('',*,*,#1353,.T.);
#733=ORIENTED_EDGE('',*,*,#1158,.T.);
#734=ORIENTED_EDGE('',*,*,#1352,.F.);
#735=ORIENTED_EDGE('',*,*,#1159,.T.);
#736=ORIENTED_EDGE('',*,*,#1353,.F.);
#737=ORIENTED_EDGE('',*,*,#1338,.T.);
#738=ORIENTED_EDGE('',*,*,#1172,.T.);
#739=ORIENTED_EDGE('',*,*,#1329,.T.);
#740=ORIENTED_EDGE('',*,*,#1285,.T.);
#741=ORIENTED_EDGE('',*,*,#1283,.T.);
#742=ORIENTED_EDGE('',*,*,#1244,.F.);
#743=ORIENTED_EDGE('',*,*,#1279,.F.);
#744=ORIENTED_EDGE('',*,*,#1281,.T.);
#745=ORIENTED_EDGE('',*,*,#1354,.T.);
#746=ORIENTED_EDGE('',*,*,#1355,.T.);
#747=ORIENTED_EDGE('',*,*,#1356,.T.);
#748=ORIENTED_EDGE('',*,*,#1356,.F.);
#749=ORIENTED_EDGE('',*,*,#1357,.F.);
#750=ORIENTED_EDGE('',*,*,#1040,.T.);
#751=ORIENTED_EDGE('',*,*,#1286,.T.);
#752=ORIENTED_EDGE('',*,*,#1355,.F.);
#753=ORIENTED_EDGE('',*,*,#1358,.F.);
#754=ORIENTED_EDGE('',*,*,#1041,.T.);
#755=ORIENTED_EDGE('',*,*,#1357,.T.);
#756=ORIENTED_EDGE('',*,*,#1354,.F.);
#757=ORIENTED_EDGE('',*,*,#1280,.F.);
#758=ORIENTED_EDGE('',*,*,#1042,.T.);
#759=ORIENTED_EDGE('',*,*,#1358,.T.);
#760=ORIENTED_EDGE('',*,*,#1359,.T.);
#761=ORIENTED_EDGE('',*,*,#1360,.T.);
#762=ORIENTED_EDGE('',*,*,#1361,.T.);
#763=ORIENTED_EDGE('',*,*,#1362,.T.);
#764=ORIENTED_EDGE('',*,*,#1363,.T.);
#765=ORIENTED_EDGE('',*,*,#1364,.T.);
#766=ORIENTED_EDGE('',*,*,#1108,.T.);
#767=ORIENTED_EDGE('',*,*,#1054,.T.);
#768=ORIENTED_EDGE('',*,*,#1365,.T.);
#769=ORIENTED_EDGE('',*,*,#1359,.F.);
#770=ORIENTED_EDGE('',*,*,#1366,.F.);
#771=ORIENTED_EDGE('',*,*,#1059,.T.);
#772=ORIENTED_EDGE('',*,*,#1367,.T.);
#773=ORIENTED_EDGE('',*,*,#1360,.F.);
#774=ORIENTED_EDGE('',*,*,#1365,.F.);
#775=ORIENTED_EDGE('',*,*,#1058,.T.);
#776=ORIENTED_EDGE('',*,*,#1368,.T.);
#777=ORIENTED_EDGE('',*,*,#1361,.F.);
#778=ORIENTED_EDGE('',*,*,#1367,.F.);
#779=ORIENTED_EDGE('',*,*,#1057,.T.);
#780=ORIENTED_EDGE('',*,*,#1369,.T.);
#781=ORIENTED_EDGE('',*,*,#1362,.F.);
#782=ORIENTED_EDGE('',*,*,#1368,.F.);
#783=ORIENTED_EDGE('',*,*,#1056,.T.);
#784=ORIENTED_EDGE('',*,*,#1370,.T.);
#785=ORIENTED_EDGE('',*,*,#1363,.F.);
#786=ORIENTED_EDGE('',*,*,#1369,.F.);
#787=ORIENTED_EDGE('',*,*,#1055,.T.);
#788=ORIENTED_EDGE('',*,*,#1366,.T.);
#789=ORIENTED_EDGE('',*,*,#1364,.F.);
#790=ORIENTED_EDGE('',*,*,#1370,.F.);
#791=ORIENTED_EDGE('',*,*,#1060,.T.);
#792=ORIENTED_EDGE('',*,*,#1371,.T.);
#793=ORIENTED_EDGE('',*,*,#1372,.F.);
#794=ORIENTED_EDGE('',*,*,#1373,.F.);
#795=ORIENTED_EDGE('',*,*,#1065,.T.);
#796=ORIENTED_EDGE('',*,*,#1374,.T.);
#797=ORIENTED_EDGE('',*,*,#1375,.F.);
#798=ORIENTED_EDGE('',*,*,#1371,.F.);
#799=ORIENTED_EDGE('',*,*,#1064,.T.);
#800=ORIENTED_EDGE('',*,*,#1376,.T.);
#801=ORIENTED_EDGE('',*,*,#1377,.F.);
#802=ORIENTED_EDGE('',*,*,#1374,.F.);
#803=ORIENTED_EDGE('',*,*,#1063,.T.);
#804=ORIENTED_EDGE('',*,*,#1378,.T.);
#805=ORIENTED_EDGE('',*,*,#1379,.F.);
#806=ORIENTED_EDGE('',*,*,#1376,.F.);
#807=ORIENTED_EDGE('',*,*,#1062,.T.);
#808=ORIENTED_EDGE('',*,*,#1380,.T.);
#809=ORIENTED_EDGE('',*,*,#1381,.F.);
#810=ORIENTED_EDGE('',*,*,#1378,.F.);
#811=ORIENTED_EDGE('',*,*,#1061,.T.);
#812=ORIENTED_EDGE('',*,*,#1373,.T.);
#813=ORIENTED_EDGE('',*,*,#1382,.F.);
#814=ORIENTED_EDGE('',*,*,#1380,.F.);
#815=ORIENTED_EDGE('',*,*,#1372,.T.);
#816=ORIENTED_EDGE('',*,*,#1375,.T.);
#817=ORIENTED_EDGE('',*,*,#1377,.T.);
#818=ORIENTED_EDGE('',*,*,#1379,.T.);
#819=ORIENTED_EDGE('',*,*,#1381,.T.);
#820=ORIENTED_EDGE('',*,*,#1382,.T.);
#821=ORIENTED_EDGE('',*,*,#1106,.T.);
#822=ORIENTED_EDGE('',*,*,#1025,.T.);
#823=ORIENTED_EDGE('',*,*,#1383,.T.);
#824=ORIENTED_EDGE('',*,*,#1384,.F.);
#825=ORIENTED_EDGE('',*,*,#1385,.F.);
#826=ORIENTED_EDGE('',*,*,#1024,.T.);
#827=ORIENTED_EDGE('',*,*,#1386,.T.);
#828=ORIENTED_EDGE('',*,*,#1387,.F.);
#829=ORIENTED_EDGE('',*,*,#1383,.F.);
#830=ORIENTED_EDGE('',*,*,#1023,.T.);
#831=ORIENTED_EDGE('',*,*,#1388,.T.);
#832=ORIENTED_EDGE('',*,*,#1389,.F.);
#833=ORIENTED_EDGE('',*,*,#1386,.F.);
#834=ORIENTED_EDGE('',*,*,#1022,.T.);
#835=ORIENTED_EDGE('',*,*,#1390,.T.);
#836=ORIENTED_EDGE('',*,*,#1391,.F.);
#837=ORIENTED_EDGE('',*,*,#1388,.F.);
#838=ORIENTED_EDGE('',*,*,#1021,.T.);
#839=ORIENTED_EDGE('',*,*,#1095,.F.);
#840=ORIENTED_EDGE('',*,*,#1392,.F.);
#841=ORIENTED_EDGE('',*,*,#1390,.F.);
#842=ORIENTED_EDGE('',*,*,#1026,.T.);
#843=ORIENTED_EDGE('',*,*,#1385,.T.);
#844=ORIENTED_EDGE('',*,*,#1393,.F.);
#845=ORIENTED_EDGE('',*,*,#1102,.F.);
#846=ORIENTED_EDGE('',*,*,#1393,.T.);
#847=ORIENTED_EDGE('',*,*,#1384,.T.);
#848=ORIENTED_EDGE('',*,*,#1387,.T.);
#849=ORIENTED_EDGE('',*,*,#1389,.T.);
#850=ORIENTED_EDGE('',*,*,#1391,.T.);
#851=ORIENTED_EDGE('',*,*,#1392,.T.);
#852=ORIENTED_EDGE('',*,*,#1094,.F.);
#853=ORIENTED_EDGE('',*,*,#1104,.T.);
#854=ORIENTED_EDGE('',*,*,#1066,.T.);
#855=ORIENTED_EDGE('',*,*,#1394,.T.);
#856=ORIENTED_EDGE('',*,*,#1395,.F.);
#857=ORIENTED_EDGE('',*,*,#1396,.F.);
#858=ORIENTED_EDGE('',*,*,#1071,.T.);
#859=ORIENTED_EDGE('',*,*,#1397,.T.);
#860=ORIENTED_EDGE('',*,*,#1398,.F.);
#861=ORIENTED_EDGE('',*,*,#1394,.F.);
#862=ORIENTED_EDGE('',*,*,#1070,.T.);
#863=ORIENTED_EDGE('',*,*,#1399,.T.);
#864=ORIENTED_EDGE('',*,*,#1400,.F.);
#865=ORIENTED_EDGE('',*,*,#1397,.F.);
#866=ORIENTED_EDGE('',*,*,#1069,.T.);
#867=ORIENTED_EDGE('',*,*,#1401,.T.);
#868=ORIENTED_EDGE('',*,*,#1402,.F.);
#869=ORIENTED_EDGE('',*,*,#1399,.F.);
#870=ORIENTED_EDGE('',*,*,#1068,.T.);
#871=ORIENTED_EDGE('',*,*,#1403,.T.);
#872=ORIENTED_EDGE('',*,*,#1404,.F.);
#873=ORIENTED_EDGE('',*,*,#1401,.F.);
#874=ORIENTED_EDGE('',*,*,#1067,.T.);
#875=ORIENTED_EDGE('',*,*,#1396,.T.);
#876=ORIENTED_EDGE('',*,*,#1405,.F.);
#877=ORIENTED_EDGE('',*,*,#1403,.F.);
#878=ORIENTED_EDGE('',*,*,#1395,.T.);
#879=ORIENTED_EDGE('',*,*,#1398,.T.);
#880=ORIENTED_EDGE('',*,*,#1400,.T.);
#881=ORIENTED_EDGE('',*,*,#1402,.T.);
#882=ORIENTED_EDGE('',*,*,#1404,.T.);
#883=ORIENTED_EDGE('',*,*,#1405,.T.);
#884=ORIENTED_EDGE('',*,*,#1093,.T.);
#885=ORIENTED_EDGE('',*,*,#1015,.T.);
#886=ORIENTED_EDGE('',*,*,#1406,.T.);
#887=ORIENTED_EDGE('',*,*,#1407,.F.);
#888=ORIENTED_EDGE('',*,*,#1408,.F.);
#889=ORIENTED_EDGE('',*,*,#1020,.T.);
#890=ORIENTED_EDGE('',*,*,#1409,.T.);
#891=ORIENTED_EDGE('',*,*,#1410,.F.);
#892=ORIENTED_EDGE('',*,*,#1406,.F.);
#893=ORIENTED_EDGE('',*,*,#1019,.T.);
#894=ORIENTED_EDGE('',*,*,#1411,.T.);
#895=ORIENTED_EDGE('',*,*,#1412,.F.);
#896=ORIENTED_EDGE('',*,*,#1409,.F.);
#897=ORIENTED_EDGE('',*,*,#1018,.T.);
#898=ORIENTED_EDGE('',*,*,#1413,.T.);
#899=ORIENTED_EDGE('',*,*,#1414,.F.);
#900=ORIENTED_EDGE('',*,*,#1411,.F.);
#901=ORIENTED_EDGE('',*,*,#1017,.T.);
#902=ORIENTED_EDGE('',*,*,#1415,.T.);
#903=ORIENTED_EDGE('',*,*,#1416,.F.);
#904=ORIENTED_EDGE('',*,*,#1413,.F.);
#905=ORIENTED_EDGE('',*,*,#1016,.T.);
#906=ORIENTED_EDGE('',*,*,#1408,.T.);
#907=ORIENTED_EDGE('',*,*,#1417,.F.);
#908=ORIENTED_EDGE('',*,*,#1415,.F.);
#909=ORIENTED_EDGE('',*,*,#1407,.T.);
#910=ORIENTED_EDGE('',*,*,#1410,.T.);
#911=ORIENTED_EDGE('',*,*,#1412,.T.);
#912=ORIENTED_EDGE('',*,*,#1414,.T.);
#913=ORIENTED_EDGE('',*,*,#1416,.T.);
#914=ORIENTED_EDGE('',*,*,#1417,.T.);
#915=ORIENTED_EDGE('',*,*,#1091,.T.);
#916=ORIENTED_EDGE('',*,*,#1072,.T.);
#917=ORIENTED_EDGE('',*,*,#1418,.T.);
#918=ORIENTED_EDGE('',*,*,#1419,.F.);
#919=ORIENTED_EDGE('',*,*,#1420,.F.);
#920=ORIENTED_EDGE('',*,*,#1077,.T.);
#921=ORIENTED_EDGE('',*,*,#1421,.T.);
#922=ORIENTED_EDGE('',*,*,#1422,.F.);
#923=ORIENTED_EDGE('',*,*,#1418,.F.);
#924=ORIENTED_EDGE('',*,*,#1076,.T.);
#925=ORIENTED_EDGE('',*,*,#1423,.T.);
#926=ORIENTED_EDGE('',*,*,#1424,.F.);
#927=ORIENTED_EDGE('',*,*,#1421,.F.);
#928=ORIENTED_EDGE('',*,*,#1075,.T.);
#929=ORIENTED_EDGE('',*,*,#1425,.T.);
#930=ORIENTED_EDGE('',*,*,#1426,.F.);
#931=ORIENTED_EDGE('',*,*,#1423,.F.);
#932=ORIENTED_EDGE('',*,*,#1074,.T.);
#933=ORIENTED_EDGE('',*,*,#1427,.T.);
#934=ORIENTED_EDGE('',*,*,#1428,.F.);
#935=ORIENTED_EDGE('',*,*,#1425,.F.);
#936=ORIENTED_EDGE('',*,*,#1073,.T.);
#937=ORIENTED_EDGE('',*,*,#1420,.T.);
#938=ORIENTED_EDGE('',*,*,#1429,.F.);
#939=ORIENTED_EDGE('',*,*,#1427,.F.);
#940=ORIENTED_EDGE('',*,*,#1419,.T.);
#941=ORIENTED_EDGE('',*,*,#1422,.T.);
#942=ORIENTED_EDGE('',*,*,#1424,.T.);
#943=ORIENTED_EDGE('',*,*,#1426,.T.);
#944=ORIENTED_EDGE('',*,*,#1428,.T.);
#945=ORIENTED_EDGE('',*,*,#1429,.T.);
#946=ORIENTED_EDGE('',*,*,#1089,.T.);
#947=ORIENTED_EDGE('',*,*,#1009,.T.);
#948=ORIENTED_EDGE('',*,*,#1430,.T.);
#949=ORIENTED_EDGE('',*,*,#1431,.F.);
#950=ORIENTED_EDGE('',*,*,#1432,.F.);
#951=ORIENTED_EDGE('',*,*,#1014,.T.);
#952=ORIENTED_EDGE('',*,*,#1433,.T.);
#953=ORIENTED_EDGE('',*,*,#1434,.F.);
#954=ORIENTED_EDGE('',*,*,#1430,.F.);
#955=ORIENTED_EDGE('',*,*,#1013,.T.);
#956=ORIENTED_EDGE('',*,*,#1435,.T.);
#957=ORIENTED_EDGE('',*,*,#1436,.F.);
#958=ORIENTED_EDGE('',*,*,#1433,.F.);
#959=ORIENTED_EDGE('',*,*,#1012,.T.);
#960=ORIENTED_EDGE('',*,*,#1437,.T.);
#961=ORIENTED_EDGE('',*,*,#1438,.F.);
#962=ORIENTED_EDGE('',*,*,#1435,.F.);
#963=ORIENTED_EDGE('',*,*,#1011,.T.);
#964=ORIENTED_EDGE('',*,*,#1439,.T.);
#965=ORIENTED_EDGE('',*,*,#1440,.F.);
#966=ORIENTED_EDGE('',*,*,#1437,.F.);
#967=ORIENTED_EDGE('',*,*,#1010,.T.);
#968=ORIENTED_EDGE('',*,*,#1432,.T.);
#969=ORIENTED_EDGE('',*,*,#1441,.F.);
#970=ORIENTED_EDGE('',*,*,#1439,.F.);
#971=ORIENTED_EDGE('',*,*,#1087,.F.);
#972=ORIENTED_EDGE('',*,*,#1431,.T.);
#973=ORIENTED_EDGE('',*,*,#1434,.T.);
#974=ORIENTED_EDGE('',*,*,#1436,.T.);
#975=ORIENTED_EDGE('',*,*,#1438,.T.);
#976=ORIENTED_EDGE('',*,*,#1440,.T.);
#977=ORIENTED_EDGE('',*,*,#1441,.T.);
#978=ORIENTED_EDGE('',*,*,#1078,.T.);
#979=ORIENTED_EDGE('',*,*,#1442,.T.);
#980=ORIENTED_EDGE('',*,*,#1443,.F.);
#981=ORIENTED_EDGE('',*,*,#1444,.F.);
#982=ORIENTED_EDGE('',*,*,#1083,.T.);
#983=ORIENTED_EDGE('',*,*,#1445,.T.);
#984=ORIENTED_EDGE('',*,*,#1446,.F.);
#985=ORIENTED_EDGE('',*,*,#1442,.F.);
#986=ORIENTED_EDGE('',*,*,#1082,.T.);
#987=ORIENTED_EDGE('',*,*,#1447,.T.);
#988=ORIENTED_EDGE('',*,*,#1448,.F.);
#989=ORIENTED_EDGE('',*,*,#1445,.F.);
#990=ORIENTED_EDGE('',*,*,#1081,.T.);
#991=ORIENTED_EDGE('',*,*,#1449,.T.);
#992=ORIENTED_EDGE('',*,*,#1450,.F.);
#993=ORIENTED_EDGE('',*,*,#1447,.F.);
#994=ORIENTED_EDGE('',*,*,#1080,.T.);
#995=ORIENTED_EDGE('',*,*,#1451,.T.);
#996=ORIENTED_EDGE('',*,*,#1452,.F.);
#997=ORIENTED_EDGE('',*,*,#1449,.F.);
#998=ORIENTED_EDGE('',*,*,#1079,.T.);
#999=ORIENTED_EDGE('',*,*,#1444,.T.);
#1000=ORIENTED_EDGE('',*,*,#1453,.F.);
#1001=ORIENTED_EDGE('',*,*,#1451,.F.);
#1002=ORIENTED_EDGE('',*,*,#1085,.F.);
#1003=ORIENTED_EDGE('',*,*,#1443,.T.);
#1004=ORIENTED_EDGE('',*,*,#1446,.T.);
#1005=ORIENTED_EDGE('',*,*,#1448,.T.);
#1006=ORIENTED_EDGE('',*,*,#1450,.T.);
#1007=ORIENTED_EDGE('',*,*,#1452,.T.);
#1008=ORIENTED_EDGE('',*,*,#1453,.T.);
#1009=EDGE_CURVE('',#1454,#1455,#1756,.T.);
#1010=EDGE_CURVE('',#1456,#1454,#1757,.T.);
#1011=EDGE_CURVE('',#1457,#1456,#1758,.T.);
#1012=EDGE_CURVE('',#1458,#1457,#1759,.T.);
#1013=EDGE_CURVE('',#1459,#1458,#1760,.T.);
#1014=EDGE_CURVE('',#1455,#1459,#1761,.T.);
#1015=EDGE_CURVE('',#1460,#1461,#1762,.T.);
#1016=EDGE_CURVE('',#1462,#1460,#1763,.T.);
#1017=EDGE_CURVE('',#1463,#1462,#1764,.T.);
#1018=EDGE_CURVE('',#1464,#1463,#1765,.T.);
#1019=EDGE_CURVE('',#1465,#1464,#1766,.T.);
#1020=EDGE_CURVE('',#1461,#1465,#1767,.T.);
#1021=EDGE_CURVE('',#1466,#1467,#1768,.T.);
#1022=EDGE_CURVE('',#1468,#1466,#1769,.T.);
#1023=EDGE_CURVE('',#1469,#1468,#1770,.T.);
#1024=EDGE_CURVE('',#1470,#1469,#1771,.T.);
#1025=EDGE_CURVE('',#1471,#1470,#1772,.T.);
#1026=EDGE_CURVE('',#1472,#1471,#1773,.T.);
#1027=EDGE_CURVE('',#1473,#1472,#50,.T.);
#1028=EDGE_CURVE('',#1474,#1473,#1774,.T.);
#1029=EDGE_CURVE('',#1475,#1474,#1775,.T.);
#1030=EDGE_CURVE('',#1476,#1475,#1776,.T.);
#1031=EDGE_CURVE('',#1476,#1477,#1777,.T.);
#1032=EDGE_CURVE('',#1477,#1478,#1778,.T.);
#1033=EDGE_CURVE('',#1478,#1479,#1779,.T.);
#1034=EDGE_CURVE('',#1479,#1480,#1780,.T.);
#1035=EDGE_CURVE('',#1481,#1480,#51,.T.);
#1036=EDGE_CURVE('',#1482,#1481,#1781,.T.);
#1037=EDGE_CURVE('',#1483,#1482,#1782,.T.);
#1038=EDGE_CURVE('',#1484,#1483,#1783,.T.);
#1039=EDGE_CURVE('',#1485,#1484,#1784,.T.);
#1040=EDGE_CURVE('',#1486,#1485,#1785,.T.);
#1041=EDGE_CURVE('',#1487,#1486,#1786,.T.);
#1042=EDGE_CURVE('',#1488,#1487,#1787,.T.);
#1043=EDGE_CURVE('',#1489,#1488,#1788,.T.);
#1044=EDGE_CURVE('',#1489,#1490,#1789,.T.);
#1045=EDGE_CURVE('',#1491,#1490,#1790,.T.);
#1046=EDGE_CURVE('',#1492,#1491,#1791,.T.);
#1047=EDGE_CURVE('',#1493,#1492,#1792,.T.);
#1048=EDGE_CURVE('',#1494,#1493,#1793,.T.);
#1049=EDGE_CURVE('',#1494,#1495,#1794,.T.);
#1050=EDGE_CURVE('',#1496,#1495,#1795,.T.);
#1051=EDGE_CURVE('',#1497,#1496,#1796,.T.);
#1052=EDGE_CURVE('',#1497,#1498,#1797,.T.);
#1053=EDGE_CURVE('',#1467,#1498,#52,.T.);
#1054=EDGE_CURVE('',#1499,#1500,#1798,.T.);
#1055=EDGE_CURVE('',#1501,#1499,#1799,.T.);
#1056=EDGE_CURVE('',#1502,#1501,#1800,.T.);
#1057=EDGE_CURVE('',#1503,#1502,#1801,.T.);
#1058=EDGE_CURVE('',#1504,#1503,#1802,.T.);
#1059=EDGE_CURVE('',#1500,#1504,#1803,.T.);
#1060=EDGE_CURVE('',#1505,#1506,#1804,.T.);
#1061=EDGE_CURVE('',#1507,#1505,#1805,.T.);
#1062=EDGE_CURVE('',#1508,#1507,#1806,.T.);
#1063=EDGE_CURVE('',#1509,#1508,#1807,.T.);
#1064=EDGE_CURVE('',#1510,#1509,#1808,.T.);
#1065=EDGE_CURVE('',#1506,#1510,#1809,.T.);
#1066=EDGE_CURVE('',#1511,#1512,#1810,.T.);
#1067=EDGE_CURVE('',#1513,#1511,#1811,.T.);
#1068=EDGE_CURVE('',#1514,#1513,#1812,.T.);
#1069=EDGE_CURVE('',#1515,#1514,#1813,.T.);
#1070=EDGE_CURVE('',#1516,#1515,#1814,.T.);
#1071=EDGE_CURVE('',#1512,#1516,#1815,.T.);
#1072=EDGE_CURVE('',#1517,#1518,#1816,.T.);
#1073=EDGE_CURVE('',#1519,#1517,#1817,.T.);
#1074=EDGE_CURVE('',#1520,#1519,#1818,.T.);
#1075=EDGE_CURVE('',#1521,#1520,#1819,.T.);
#1076=EDGE_CURVE('',#1522,#1521,#1820,.T.);
#1077=EDGE_CURVE('',#1518,#1522,#1821,.T.);
#1078=EDGE_CURVE('',#1523,#1524,#1822,.T.);
#1079=EDGE_CURVE('',#1525,#1523,#1823,.T.);
#1080=EDGE_CURVE('',#1526,#1525,#1824,.T.);
#1081=EDGE_CURVE('',#1527,#1526,#1825,.T.);
#1082=EDGE_CURVE('',#1528,#1527,#1826,.T.);
#1083=EDGE_CURVE('',#1524,#1528,#1827,.T.);
#1084=EDGE_CURVE('',#1529,#1529,#53,.T.);
#1085=EDGE_CURVE('',#1530,#1530,#54,.T.);
#1086=EDGE_CURVE('',#1531,#1531,#55,.T.);
#1087=EDGE_CURVE('',#1532,#1532,#56,.T.);
#1088=EDGE_CURVE('',#1533,#1533,#57,.T.);
#1089=EDGE_CURVE('',#1534,#1534,#58,.F.);
#1090=EDGE_CURVE('',#1535,#1535,#59,.T.);
#1091=EDGE_CURVE('',#1536,#1536,#60,.F.);
#1092=EDGE_CURVE('',#1537,#1537,#61,.T.);
#1093=EDGE_CURVE('',#1538,#1538,#62,.F.);
#1094=EDGE_CURVE('',#1539,#1540,#63,.T.);
#1095=EDGE_CURVE('',#1540,#1467,#1828,.T.);
#1096=EDGE_CURVE('',#1541,#1498,#1829,.T.);
#1097=EDGE_CURVE('',#1541,#1542,#64,.T.);
#1098=EDGE_CURVE('',#1543,#1542,#15,.T.);
#1099=EDGE_CURVE('',#1544,#1543,#1830,.F.);
#1100=EDGE_CURVE('',#1545,#1544,#16,.T.);
#1101=EDGE_CURVE('',#1545,#1473,#1831,.T.);
#1102=EDGE_CURVE('',#1472,#1539,#1832,.F.);
#1103=EDGE_CURVE('',#1546,#1546,#65,.T.);
#1104=EDGE_CURVE('',#1547,#1547,#66,.F.);
#1105=EDGE_CURVE('',#1548,#1548,#67,.T.);
#1106=EDGE_CURVE('',#1549,#1549,#68,.F.);
#1107=EDGE_CURVE('',#1550,#1550,#69,.T.);
#1108=EDGE_CURVE('',#1551,#1551,#70,.F.);
#1109=EDGE_CURVE('',#1552,#1553,#71,.T.);
#1110=EDGE_CURVE('',#1552,#1554,#1833,.F.);
#1111=EDGE_CURVE('',#1554,#1555,#72,.T.);
#1112=EDGE_CURVE('',#1555,#1481,#1834,.T.);
#1113=EDGE_CURVE('',#1556,#1480,#1835,.T.);
#1114=EDGE_CURVE('',#1557,#1556,#73,.T.);
#1115=EDGE_CURVE('',#1553,#1557,#1836,.F.);
#1116=EDGE_CURVE('',#1558,#1558,#74,.T.);
#1117=EDGE_CURVE('',#1559,#1559,#75,.T.);
#1118=EDGE_CURVE('',#1560,#1561,#1837,.T.);
#1119=EDGE_CURVE('',#1562,#1560,#1838,.T.);
#1120=EDGE_CURVE('',#1563,#1562,#1839,.T.);
#1121=EDGE_CURVE('',#1564,#1563,#1840,.T.);
#1122=EDGE_CURVE('',#1565,#1564,#1841,.T.);
#1123=EDGE_CURVE('',#1565,#1566,#1842,.T.);
#1124=EDGE_CURVE('',#1567,#1566,#1843,.T.);
#1125=EDGE_CURVE('',#1568,#1567,#1844,.T.);
#1126=EDGE_CURVE('',#1569,#1568,#1845,.T.);
#1127=EDGE_CURVE('',#1570,#1569,#1846,.T.);
#1128=EDGE_CURVE('',#1570,#1571,#1847,.T.);
#1129=EDGE_CURVE('',#1571,#1572,#1848,.F.);
#1130=EDGE_CURVE('',#1572,#1573,#1849,.T.);
#1131=EDGE_CURVE('',#1573,#1574,#1850,.F.);
#1132=EDGE_CURVE('',#1574,#1575,#1851,.T.);
#1133=EDGE_CURVE('',#1575,#1576,#1852,.F.);
#1134=EDGE_CURVE('',#1576,#1577,#1853,.T.);
#1135=EDGE_CURVE('',#1577,#1578,#1854,.F.);
#1136=EDGE_CURVE('',#1578,#1579,#1855,.T.);
#1137=EDGE_CURVE('',#1579,#1580,#1856,.F.);
#1138=EDGE_CURVE('',#1581,#1580,#1857,.T.);
#1139=EDGE_CURVE('',#1581,#1582,#1858,.F.);
#1140=EDGE_CURVE('',#1582,#1583,#1859,.T.);
#1141=EDGE_CURVE('',#1584,#1583,#1860,.F.);
#1142=EDGE_CURVE('',#1584,#1585,#1861,.T.);
#1143=EDGE_CURVE('',#1586,#1585,#1862,.F.);
#1144=EDGE_CURVE('',#1587,#1586,#1863,.T.);
#1145=EDGE_CURVE('',#1587,#1588,#1864,.T.);
#1146=EDGE_CURVE('',#1588,#1589,#1865,.T.);
#1147=EDGE_CURVE('',#1589,#1590,#1866,.F.);
#1148=EDGE_CURVE('',#1591,#1590,#1867,.T.);
#1149=EDGE_CURVE('',#1591,#1592,#1868,.F.);
#1150=EDGE_CURVE('',#1593,#1592,#1869,.T.);
#1151=EDGE_CURVE('',#1593,#1594,#1870,.F.);
#1152=EDGE_CURVE('',#1595,#1594,#1871,.T.);
#1153=EDGE_CURVE('',#1595,#1561,#1872,.F.);
#1154=EDGE_CURVE('',#1596,#1597,#1873,.T.);
#1155=EDGE_CURVE('',#1598,#1596,#1874,.T.);
#1156=EDGE_CURVE('',#1599,#1598,#1875,.T.);
#1157=EDGE_CURVE('',#1600,#1599,#1876,.T.);
#1158=EDGE_CURVE('',#1601,#1600,#1877,.T.);
#1159=EDGE_CURVE('',#1597,#1601,#1878,.T.);
#1160=EDGE_CURVE('',#1602,#1603,#1879,.T.);
#1161=EDGE_CURVE('',#1604,#1603,#1880,.T.);
#1162=EDGE_CURVE('',#1605,#1604,#1881,.T.);
#1163=EDGE_CURVE('',#1605,#1606,#1882,.F.);
#1164=EDGE_CURVE('',#1607,#1606,#1883,.T.);
#1165=EDGE_CURVE('',#1607,#1602,#1884,.T.);
#1166=EDGE_CURVE('',#1608,#1609,#1885,.T.);
#1167=EDGE_CURVE('',#1610,#1608,#1886,.T.);
#1168=EDGE_CURVE('',#1611,#1610,#1887,.T.);
#1169=EDGE_CURVE('',#1612,#1611,#1888,.T.);
#1170=EDGE_CURVE('',#1613,#1612,#1889,.T.);
#1171=EDGE_CURVE('',#1609,#1613,#1890,.T.);
#1172=EDGE_CURVE('',#1614,#1614,#76,.T.);
#1173=EDGE_CURVE('',#1615,#1477,#1891,.T.);
#1174=EDGE_CURVE('',#1616,#1476,#1892,.T.);
#1175=EDGE_CURVE('',#1616,#1615,#1893,.T.);
#1176=EDGE_CURVE('',#1616,#1617,#1894,.T.);
#1177=EDGE_CURVE('',#1617,#1618,#1895,.T.);
#1178=EDGE_CURVE('',#1552,#1618,#1896,.T.);
#1179=EDGE_CURVE('',#1619,#1553,#1897,.T.);
#1180=EDGE_CURVE('',#1620,#1619,#1898,.T.);
#1181=EDGE_CURVE('',#1621,#1620,#1899,.T.);
#1182=EDGE_CURVE('',#1615,#1621,#1900,.T.);
#1183=EDGE_CURVE('',#1622,#1622,#77,.T.);
#1184=EDGE_CURVE('',#1623,#1623,#78,.T.);
#1185=EDGE_CURVE('',#1624,#1624,#79,.T.);
#1186=EDGE_CURVE('',#1625,#1626,#1901,.T.);
#1187=EDGE_CURVE('',#1627,#1626,#1902,.T.);
#1188=EDGE_CURVE('',#1627,#1628,#1903,.T.);
#1189=EDGE_CURVE('',#1629,#1628,#1904,.T.);
#1190=EDGE_CURVE('',#1630,#1629,#1905,.T.);
#1191=EDGE_CURVE('',#1631,#1630,#1906,.T.);
#1192=EDGE_CURVE('',#1631,#1632,#1907,.T.);
#1193=EDGE_CURVE('',#1633,#1632,#1908,.T.);
#1194=EDGE_CURVE('',#1555,#1633,#1909,.T.);
#1195=EDGE_CURVE('',#1634,#1554,#1910,.T.);
#1196=EDGE_CURVE('',#1635,#1634,#1911,.T.);
#1197=EDGE_CURVE('',#1635,#1636,#1912,.T.);
#1198=EDGE_CURVE('',#1637,#1636,#1913,.T.);
#1199=EDGE_CURVE('',#1637,#1638,#1914,.T.);
#1200=EDGE_CURVE('',#1638,#1639,#1915,.T.);
#1201=EDGE_CURVE('',#1640,#1639,#1916,.T.);
#1202=EDGE_CURVE('',#1640,#1641,#1917,.T.);
#1203=EDGE_CURVE('',#1641,#1642,#1918,.T.);
#1204=EDGE_CURVE('',#1642,#1643,#1919,.T.);
#1205=EDGE_CURVE('',#1643,#1644,#1920,.T.);
#1206=EDGE_CURVE('',#1644,#1645,#1921,.T.);
#1207=EDGE_CURVE('',#1645,#1646,#1922,.T.);
#1208=EDGE_CURVE('',#1646,#1647,#1923,.T.);
#1209=EDGE_CURVE('',#1647,#1648,#1924,.T.);
#1210=EDGE_CURVE('',#1648,#1649,#1925,.T.);
#1211=EDGE_CURVE('',#1649,#1625,#1926,.T.);
#1212=EDGE_CURVE('',#1650,#1651,#1927,.T.);
#1213=EDGE_CURVE('',#1652,#1651,#1928,.T.);
#1214=EDGE_CURVE('',#1652,#1653,#1929,.T.);
#1215=EDGE_CURVE('',#1654,#1653,#1930,.T.);
#1216=EDGE_CURVE('',#1654,#1655,#1931,.T.);
#1217=EDGE_CURVE('',#1656,#1655,#1932,.T.);
#1218=EDGE_CURVE('',#1656,#1657,#1933,.T.);
#1219=EDGE_CURVE('',#1657,#1658,#1934,.T.);
#1220=EDGE_CURVE('',#1658,#1659,#1935,.T.);
#1221=EDGE_CURVE('',#1659,#1542,#17,.T.);
#1222=EDGE_CURVE('',#1541,#1660,#1936,.T.);
#1223=EDGE_CURVE('',#1650,#1660,#1937,.T.);
#1224=EDGE_CURVE('',#1603,#1492,#1938,.T.);
#1225=EDGE_CURVE('',#1562,#1491,#1939,.T.);
#1226=EDGE_CURVE('',#1560,#1496,#1940,.T.);
#1227=EDGE_CURVE('',#1604,#1495,#1941,.T.);
#1228=EDGE_CURVE('',#1544,#1588,#80,.T.);
#1229=EDGE_CURVE('',#1606,#1587,#81,.T.);
#1230=EDGE_CURVE('',#1605,#1661,#82,.T.);
#1231=EDGE_CURVE('',#1662,#1661,#1942,.T.);
#1232=EDGE_CURVE('',#1663,#1662,#83,.T.);
#1233=EDGE_CURVE('',#1664,#1663,#1943,.F.);
#1234=EDGE_CURVE('',#1545,#1664,#84,.T.);
#1235=EDGE_CURVE('',#1618,#1663,#1944,.T.);
#1236=EDGE_CURVE('',#1662,#1607,#1945,.T.);
#1237=EDGE_CURVE('',#1586,#1634,#85,.F.);
#1238=EDGE_CURVE('',#1665,#1665,#86,.T.);
#1239=EDGE_CURVE('',#1666,#1666,#87,.F.);
#1240=EDGE_CURVE('',#1667,#1667,#88,.T.);
#1241=EDGE_CURVE('',#1668,#1668,#89,.T.);
#1242=EDGE_CURVE('',#1628,#1567,#90,.T.);
#1243=EDGE_CURVE('',#1669,#1566,#1946,.T.);
#1244=EDGE_CURVE('',#1669,#1670,#1947,.T.);
#1245=EDGE_CURVE('',#1629,#1670,#1948,.T.);
#1246=EDGE_CURVE('',#1632,#1483,#1949,.T.);
#1247=EDGE_CURVE('',#1633,#1482,#1950,.T.);
#1248=EDGE_CURVE('',#1561,#1650,#91,.T.);
#1249=EDGE_CURVE('',#1660,#1497,#1951,.T.);
#1250=EDGE_CURVE('',#1490,#1563,#1952,.T.);
#1251=EDGE_CURVE('',#1643,#1577,#92,.T.);
#1252=EDGE_CURVE('',#1644,#1576,#93,.F.);
#1253=EDGE_CURVE('',#1642,#1578,#94,.T.);
#1254=EDGE_CURVE('',#1579,#1641,#95,.F.);
#1255=EDGE_CURVE('',#1647,#1573,#96,.T.);
#1256=EDGE_CURVE('',#1648,#1572,#97,.F.);
#1257=EDGE_CURVE('',#1646,#1574,#98,.T.);
#1258=EDGE_CURVE('',#1575,#1645,#99,.F.);
#1259=EDGE_CURVE('',#1589,#1657,#100,.F.);
#1260=EDGE_CURVE('',#1671,#1543,#18,.T.);
#1261=EDGE_CURVE('',#1658,#1671,#1953,.T.);
#1262=EDGE_CURVE('',#1659,#1671,#19,.T.);
#1263=EDGE_CURVE('',#1571,#1649,#101,.T.);
#1264=EDGE_CURVE('',#1570,#1625,#102,.T.);
#1265=EDGE_CURVE('',#1639,#1581,#103,.F.);
#1266=EDGE_CURVE('',#1638,#1582,#104,.F.);
#1267=EDGE_CURVE('',#1580,#1640,#105,.T.);
#1268=EDGE_CURVE('',#1583,#1637,#106,.T.);
#1269=EDGE_CURVE('',#1584,#1636,#107,.T.);
#1270=EDGE_CURVE('',#1585,#1635,#108,.T.);
#1271=EDGE_CURVE('',#1590,#1656,#109,.T.);
#1272=EDGE_CURVE('',#1591,#1655,#110,.T.);
#1273=EDGE_CURVE('',#1592,#1654,#111,.T.);
#1274=EDGE_CURVE('',#1593,#1653,#112,.T.);
#1275=EDGE_CURVE('',#1594,#1652,#113,.T.);
#1276=EDGE_CURVE('',#1651,#1595,#114,.F.);
#1277=EDGE_CURVE('',#1489,#1564,#1954,.T.);
#1278=EDGE_CURVE('',#1672,#1565,#1955,.T.);
#1279=EDGE_CURVE('',#1672,#1669,#1956,.T.);
#1280=EDGE_CURVE('',#1488,#1673,#1957,.T.);
#1281=EDGE_CURVE('',#1672,#1673,#1958,.T.);
#1282=EDGE_CURVE('',#1631,#1484,#1959,.T.);
#1283=EDGE_CURVE('',#1674,#1670,#1960,.T.);
#1284=EDGE_CURVE('',#1630,#1674,#1961,.T.);
#1285=EDGE_CURVE('',#1675,#1674,#1962,.T.);
#1286=EDGE_CURVE('',#1485,#1675,#1963,.T.);
#1287=EDGE_CURVE('',#1493,#1602,#1964,.T.);
#1288=EDGE_CURVE('',#1661,#1494,#1965,.T.);
#1289=EDGE_CURVE('',#1664,#1474,#1966,.T.);
#1290=EDGE_CURVE('',#1617,#1475,#1967,.T.);
#1291=EDGE_CURVE('',#1627,#1568,#115,.F.);
#1292=EDGE_CURVE('',#1569,#1626,#116,.T.);
#1293=EDGE_CURVE('',#1676,#1677,#1968,.T.);
#1294=EDGE_CURVE('',#1677,#1678,#1969,.T.);
#1295=EDGE_CURVE('',#1679,#1678,#1970,.T.);
#1296=EDGE_CURVE('',#1676,#1679,#1971,.T.);
#1297=EDGE_CURVE('',#1678,#1680,#1972,.T.);
#1298=EDGE_CURVE('',#1681,#1680,#1973,.T.);
#1299=EDGE_CURVE('',#1679,#1681,#1974,.T.);
#1300=EDGE_CURVE('',#1680,#1682,#1975,.T.);
#1301=EDGE_CURVE('',#1683,#1682,#1976,.T.);
#1302=EDGE_CURVE('',#1681,#1683,#1977,.T.);
#1303=EDGE_CURVE('',#1682,#1684,#1978,.T.);
#1304=EDGE_CURVE('',#1685,#1684,#1979,.T.);
#1305=EDGE_CURVE('',#1683,#1685,#1980,.T.);
#1306=EDGE_CURVE('',#1684,#1686,#1981,.T.);
#1307=EDGE_CURVE('',#1687,#1686,#1982,.T.);
#1308=EDGE_CURVE('',#1685,#1687,#1983,.T.);
#1309=EDGE_CURVE('',#1686,#1677,#1984,.T.);
#1310=EDGE_CURVE('',#1687,#1676,#1985,.T.);
#1311=EDGE_CURVE('',#1688,#1688,#117,.F.);
#1312=EDGE_CURVE('',#1685,#1611,#1986,.F.);
#1313=EDGE_CURVE('',#1610,#1683,#1987,.T.);
#1314=EDGE_CURVE('',#1608,#1681,#1988,.T.);
#1315=EDGE_CURVE('',#1687,#1612,#1989,.F.);
#1316=EDGE_CURVE('',#1609,#1679,#1990,.F.);
#1317=EDGE_CURVE('',#1676,#1613,#1991,.F.);
#1318=EDGE_CURVE('',#1479,#1689,#1992,.T.);
#1319=EDGE_CURVE('',#1478,#1690,#1993,.T.);
#1320=EDGE_CURVE('',#1690,#1689,#1994,.T.);
#1321=EDGE_CURVE('',#1689,#1556,#1995,.T.);
#1322=EDGE_CURVE('',#1621,#1691,#1996,.T.);
#1323=EDGE_CURVE('',#1691,#1690,#1997,.T.);
#1324=EDGE_CURVE('',#1620,#1692,#1998,.T.);
#1325=EDGE_CURVE('',#1619,#1693,#1999,.T.);
#1326=EDGE_CURVE('',#1693,#1692,#2000,.T.);
#1327=EDGE_CURVE('',#1692,#1691,#2001,.T.);
#1328=EDGE_CURVE('',#1557,#1693,#2002,.T.);
#1329=EDGE_CURVE('',#1694,#1694,#118,.F.);
#1330=EDGE_CURVE('',#1695,#1696,#2003,.T.);
#1331=EDGE_CURVE('',#1697,#1695,#2004,.T.);
#1332=EDGE_CURVE('',#1698,#1697,#2005,.T.);
#1333=EDGE_CURVE('',#1699,#1698,#2006,.T.);
#1334=EDGE_CURVE('',#1700,#1699,#2007,.T.);
#1335=EDGE_CURVE('',#1696,#1700,#2008,.T.);
#1336=EDGE_CURVE('',#1701,#1695,#2009,.T.);
#1337=EDGE_CURVE('',#1702,#1696,#2010,.T.);
#1338=EDGE_CURVE('',#1701,#1702,#2011,.T.);
#1339=EDGE_CURVE('',#1703,#1700,#2012,.T.);
#1340=EDGE_CURVE('',#1702,#1703,#2013,.T.);
#1341=EDGE_CURVE('',#1704,#1699,#2014,.T.);
#1342=EDGE_CURVE('',#1703,#1704,#2015,.T.);
#1343=EDGE_CURVE('',#1705,#1698,#2016,.T.);
#1344=EDGE_CURVE('',#1704,#1705,#2017,.T.);
#1345=EDGE_CURVE('',#1706,#1697,#2018,.T.);
#1346=EDGE_CURVE('',#1705,#1706,#2019,.T.);
#1347=EDGE_CURVE('',#1706,#1701,#2020,.T.);
#1348=EDGE_CURVE('',#1705,#1599,#2021,.F.);
#1349=EDGE_CURVE('',#1598,#1704,#2022,.T.);
#1350=EDGE_CURVE('',#1596,#1703,#2023,.T.);
#1351=EDGE_CURVE('',#1706,#1600,#2024,.F.);
#1352=EDGE_CURVE('',#1597,#1702,#2025,.F.);
#1353=EDGE_CURVE('',#1701,#1601,#2026,.F.);
#1354=EDGE_CURVE('',#1673,#1707,#2027,.T.);
#1355=EDGE_CURVE('',#1707,#1708,#2028,.T.);
#1356=EDGE_CURVE('',#1708,#1675,#2029,.T.);
#1357=EDGE_CURVE('',#1486,#1708,#2030,.T.);
#1358=EDGE_CURVE('',#1487,#1707,#2031,.T.);
#1359=EDGE_CURVE('',#1709,#1710,#2032,.T.);
#1360=EDGE_CURVE('',#1710,#1711,#2033,.T.);
#1361=EDGE_CURVE('',#1711,#1712,#2034,.T.);
#1362=EDGE_CURVE('',#1712,#1713,#2035,.T.);
#1363=EDGE_CURVE('',#1713,#1714,#2036,.T.);
#1364=EDGE_CURVE('',#1714,#1709,#2037,.T.);
#1365=EDGE_CURVE('',#1500,#1710,#2038,.T.);
#1366=EDGE_CURVE('',#1499,#1709,#2039,.T.);
#1367=EDGE_CURVE('',#1504,#1711,#2040,.T.);
#1368=EDGE_CURVE('',#1503,#1712,#2041,.T.);
#1369=EDGE_CURVE('',#1502,#1713,#2042,.T.);
#1370=EDGE_CURVE('',#1501,#1714,#2043,.T.);
#1371=EDGE_CURVE('',#1506,#1715,#2044,.T.);
#1372=EDGE_CURVE('',#1716,#1715,#2045,.T.);
#1373=EDGE_CURVE('',#1505,#1716,#2046,.T.);
#1374=EDGE_CURVE('',#1510,#1717,#2047,.T.);
#1375=EDGE_CURVE('',#1715,#1717,#2048,.T.);
#1376=EDGE_CURVE('',#1509,#1718,#2049,.T.);
#1377=EDGE_CURVE('',#1717,#1718,#2050,.T.);
#1378=EDGE_CURVE('',#1508,#1719,#2051,.T.);
#1379=EDGE_CURVE('',#1718,#1719,#2052,.T.);
#1380=EDGE_CURVE('',#1507,#1720,#2053,.T.);
#1381=EDGE_CURVE('',#1719,#1720,#2054,.T.);
#1382=EDGE_CURVE('',#1720,#1716,#2055,.T.);
#1383=EDGE_CURVE('',#1470,#1721,#2056,.T.);
#1384=EDGE_CURVE('',#1722,#1721,#2057,.T.);
#1385=EDGE_CURVE('',#1471,#1722,#2058,.T.);
#1386=EDGE_CURVE('',#1469,#1723,#2059,.T.);
#1387=EDGE_CURVE('',#1721,#1723,#2060,.T.);
#1388=EDGE_CURVE('',#1468,#1724,#2061,.T.);
#1389=EDGE_CURVE('',#1723,#1724,#2062,.T.);
#1390=EDGE_CURVE('',#1466,#1725,#2063,.T.);
#1391=EDGE_CURVE('',#1724,#1725,#2064,.T.);
#1392=EDGE_CURVE('',#1725,#1540,#2065,.T.);
#1393=EDGE_CURVE('',#1539,#1722,#2066,.T.);
#1394=EDGE_CURVE('',#1512,#1726,#2067,.T.);
#1395=EDGE_CURVE('',#1727,#1726,#2068,.T.);
#1396=EDGE_CURVE('',#1511,#1727,#2069,.T.);
#1397=EDGE_CURVE('',#1516,#1728,#2070,.T.);
#1398=EDGE_CURVE('',#1726,#1728,#2071,.T.);
#1399=EDGE_CURVE('',#1515,#1729,#2072,.T.);
#1400=EDGE_CURVE('',#1728,#1729,#2073,.T.);
#1401=EDGE_CURVE('',#1514,#1730,#2074,.T.);
#1402=EDGE_CURVE('',#1729,#1730,#2075,.T.);
#1403=EDGE_CURVE('',#1513,#1731,#2076,.T.);
#1404=EDGE_CURVE('',#1730,#1731,#2077,.T.);
#1405=EDGE_CURVE('',#1731,#1727,#2078,.T.);
#1406=EDGE_CURVE('',#1461,#1732,#2079,.T.);
#1407=EDGE_CURVE('',#1733,#1732,#2080,.T.);
#1408=EDGE_CURVE('',#1460,#1733,#2081,.T.);
#1409=EDGE_CURVE('',#1465,#1734,#2082,.T.);
#1410=EDGE_CURVE('',#1732,#1734,#2083,.T.);
#1411=EDGE_CURVE('',#1464,#1735,#2084,.T.);
#1412=EDGE_CURVE('',#1734,#1735,#2085,.T.);
#1413=EDGE_CURVE('',#1463,#1736,#2086,.T.);
#1414=EDGE_CURVE('',#1735,#1736,#2087,.T.);
#1415=EDGE_CURVE('',#1462,#1737,#2088,.T.);
#1416=EDGE_CURVE('',#1736,#1737,#2089,.T.);
#1417=EDGE_CURVE('',#1737,#1733,#2090,.T.);
#1418=EDGE_CURVE('',#1518,#1738,#2091,.T.);
#1419=EDGE_CURVE('',#1739,#1738,#2092,.T.);
#1420=EDGE_CURVE('',#1517,#1739,#2093,.T.);
#1421=EDGE_CURVE('',#1522,#1740,#2094,.T.);
#1422=EDGE_CURVE('',#1738,#1740,#2095,.T.);
#1423=EDGE_CURVE('',#1521,#1741,#2096,.T.);
#1424=EDGE_CURVE('',#1740,#1741,#2097,.T.);
#1425=EDGE_CURVE('',#1520,#1742,#2098,.T.);
#1426=EDGE_CURVE('',#1741,#1742,#2099,.T.);
#1427=EDGE_CURVE('',#1519,#1743,#2100,.T.);
#1428=EDGE_CURVE('',#1742,#1743,#2101,.T.);
#1429=EDGE_CURVE('',#1743,#1739,#2102,.T.);
#1430=EDGE_CURVE('',#1455,#1744,#2103,.T.);
#1431=EDGE_CURVE('',#1745,#1744,#2104,.T.);
#1432=EDGE_CURVE('',#1454,#1745,#2105,.T.);
#1433=EDGE_CURVE('',#1459,#1746,#2106,.T.);
#1434=EDGE_CURVE('',#1744,#1746,#2107,.T.);
#1435=EDGE_CURVE('',#1458,#1747,#2108,.T.);
#1436=EDGE_CURVE('',#1746,#1747,#2109,.T.);
#1437=EDGE_CURVE('',#1457,#1748,#2110,.T.);
#1438=EDGE_CURVE('',#1747,#1748,#2111,.T.);
#1439=EDGE_CURVE('',#1456,#1749,#2112,.T.);
#1440=EDGE_CURVE('',#1748,#1749,#2113,.T.);
#1441=EDGE_CURVE('',#1749,#1745,#2114,.T.);
#1442=EDGE_CURVE('',#1524,#1750,#2115,.T.);
#1443=EDGE_CURVE('',#1751,#1750,#2116,.T.);
#1444=EDGE_CURVE('',#1523,#1751,#2117,.T.);
#1445=EDGE_CURVE('',#1528,#1752,#2118,.T.);
#1446=EDGE_CURVE('',#1750,#1752,#2119,.T.);
#1447=EDGE_CURVE('',#1527,#1753,#2120,.T.);
#1448=EDGE_CURVE('',#1752,#1753,#2121,.T.);
#1449=EDGE_CURVE('',#1526,#1754,#2122,.T.);
#1450=EDGE_CURVE('',#1753,#1754,#2123,.T.);
#1451=EDGE_CURVE('',#1525,#1755,#2124,.T.);
#1452=EDGE_CURVE('',#1754,#1755,#2125,.T.);
#1453=EDGE_CURVE('',#1755,#1751,#2126,.T.);
#1454=VERTEX_POINT('',#4327);
#1455=VERTEX_POINT('',#4328);
#1456=VERTEX_POINT('',#4330);
#1457=VERTEX_POINT('',#4332);
#1458=VERTEX_POINT('',#4334);
#1459=VERTEX_POINT('',#4336);
#1460=VERTEX_POINT('',#4339);
#1461=VERTEX_POINT('',#4340);
#1462=VERTEX_POINT('',#4342);
#1463=VERTEX_POINT('',#4344);
#1464=VERTEX_POINT('',#4346);
#1465=VERTEX_POINT('',#4348);
#1466=VERTEX_POINT('',#4351);
#1467=VERTEX_POINT('',#4352);
#1468=VERTEX_POINT('',#4354);
#1469=VERTEX_POINT('',#4356);
#1470=VERTEX_POINT('',#4358);
#1471=VERTEX_POINT('',#4360);
#1472=VERTEX_POINT('',#4362);
#1473=VERTEX_POINT('',#4364);
#1474=VERTEX_POINT('',#4366);
#1475=VERTEX_POINT('',#4368);
#1476=VERTEX_POINT('',#4370);
#1477=VERTEX_POINT('',#4372);
#1478=VERTEX_POINT('',#4374);
#1479=VERTEX_POINT('',#4376);
#1480=VERTEX_POINT('',#4378);
#1481=VERTEX_POINT('',#4380);
#1482=VERTEX_POINT('',#4382);
#1483=VERTEX_POINT('',#4384);
#1484=VERTEX_POINT('',#4386);
#1485=VERTEX_POINT('',#4388);
#1486=VERTEX_POINT('',#4390);
#1487=VERTEX_POINT('',#4392);
#1488=VERTEX_POINT('',#4394);
#1489=VERTEX_POINT('',#4396);
#1490=VERTEX_POINT('',#4398);
#1491=VERTEX_POINT('',#4400);
#1492=VERTEX_POINT('',#4402);
#1493=VERTEX_POINT('',#4404);
#1494=VERTEX_POINT('',#4406);
#1495=VERTEX_POINT('',#4408);
#1496=VERTEX_POINT('',#4410);
#1497=VERTEX_POINT('',#4412);
#1498=VERTEX_POINT('',#4414);
#1499=VERTEX_POINT('',#4417);
#1500=VERTEX_POINT('',#4418);
#1501=VERTEX_POINT('',#4420);
#1502=VERTEX_POINT('',#4422);
#1503=VERTEX_POINT('',#4424);
#1504=VERTEX_POINT('',#4426);
#1505=VERTEX_POINT('',#4429);
#1506=VERTEX_POINT('',#4430);
#1507=VERTEX_POINT('',#4432);
#1508=VERTEX_POINT('',#4434);
#1509=VERTEX_POINT('',#4436);
#1510=VERTEX_POINT('',#4438);
#1511=VERTEX_POINT('',#4441);
#1512=VERTEX_POINT('',#4442);
#1513=VERTEX_POINT('',#4444);
#1514=VERTEX_POINT('',#4446);
#1515=VERTEX_POINT('',#4448);
#1516=VERTEX_POINT('',#4450);
#1517=VERTEX_POINT('',#4453);
#1518=VERTEX_POINT('',#4454);
#1519=VERTEX_POINT('',#4456);
#1520=VERTEX_POINT('',#4458);
#1521=VERTEX_POINT('',#4460);
#1522=VERTEX_POINT('',#4462);
#1523=VERTEX_POINT('',#4465);
#1524=VERTEX_POINT('',#4466);
#1525=VERTEX_POINT('',#4468);
#1526=VERTEX_POINT('',#4470);
#1527=VERTEX_POINT('',#4472);
#1528=VERTEX_POINT('',#4474);
#1529=VERTEX_POINT('',#4478);
#1530=VERTEX_POINT('',#4480);
#1531=VERTEX_POINT('',#4483);
#1532=VERTEX_POINT('',#4485);
#1533=VERTEX_POINT('',#4488);
#1534=VERTEX_POINT('',#4490);
#1535=VERTEX_POINT('',#4493);
#1536=VERTEX_POINT('',#4495);
#1537=VERTEX_POINT('',#4498);
#1538=VERTEX_POINT('',#4500);
#1539=VERTEX_POINT('',#4503);
#1540=VERTEX_POINT('',#4504);
#1541=VERTEX_POINT('',#4507);
#1542=VERTEX_POINT('',#4509);
#1543=VERTEX_POINT('',#4514);
#1544=VERTEX_POINT('',#4516);
#1545=VERTEX_POINT('',#4524);
#1546=VERTEX_POINT('',#4529);
#1547=VERTEX_POINT('',#4531);
#1548=VERTEX_POINT('',#4534);
#1549=VERTEX_POINT('',#4536);
#1550=VERTEX_POINT('',#4539);
#1551=VERTEX_POINT('',#4541);
#1552=VERTEX_POINT('',#4544);
#1553=VERTEX_POINT('',#4545);
#1554=VERTEX_POINT('',#4547);
#1555=VERTEX_POINT('',#4549);
#1556=VERTEX_POINT('',#4552);
#1557=VERTEX_POINT('',#4554);
#1558=VERTEX_POINT('',#4558);
#1559=VERTEX_POINT('',#4560);
#1560=VERTEX_POINT('',#4562);
#1561=VERTEX_POINT('',#4563);
#1562=VERTEX_POINT('',#4565);
#1563=VERTEX_POINT('',#4567);
#1564=VERTEX_POINT('',#4569);
#1565=VERTEX_POINT('',#4571);
#1566=VERTEX_POINT('',#4573);
#1567=VERTEX_POINT('',#4575);
#1568=VERTEX_POINT('',#4577);
#1569=VERTEX_POINT('',#4579);
#1570=VERTEX_POINT('',#4581);
#1571=VERTEX_POINT('',#4583);
#1572=VERTEX_POINT('',#4585);
#1573=VERTEX_POINT('',#4587);
#1574=VERTEX_POINT('',#4589);
#1575=VERTEX_POINT('',#4591);
#1576=VERTEX_POINT('',#4593);
#1577=VERTEX_POINT('',#4595);
#1578=VERTEX_POINT('',#4597);
#1579=VERTEX_POINT('',#4599);
#1580=VERTEX_POINT('',#4601);
#1581=VERTEX_POINT('',#4603);
#1582=VERTEX_POINT('',#4605);
#1583=VERTEX_POINT('',#4607);
#1584=VERTEX_POINT('',#4609);
#1585=VERTEX_POINT('',#4611);
#1586=VERTEX_POINT('',#4613);
#1587=VERTEX_POINT('',#4615);
#1588=VERTEX_POINT('',#4617);
#1589=VERTEX_POINT('',#4619);
#1590=VERTEX_POINT('',#4621);
#1591=VERTEX_POINT('',#4623);
#1592=VERTEX_POINT('',#4625);
#1593=VERTEX_POINT('',#4627);
#1594=VERTEX_POINT('',#4629);
#1595=VERTEX_POINT('',#4631);
#1596=VERTEX_POINT('',#4635);
#1597=VERTEX_POINT('',#4636);
#1598=VERTEX_POINT('',#4638);
#1599=VERTEX_POINT('',#4640);
#1600=VERTEX_POINT('',#4642);
#1601=VERTEX_POINT('',#4644);
#1602=VERTEX_POINT('',#4647);
#1603=VERTEX_POINT('',#4648);
#1604=VERTEX_POINT('',#4650);
#1605=VERTEX_POINT('',#4652);
#1606=VERTEX_POINT('',#4654);
#1607=VERTEX_POINT('',#4656);
#1608=VERTEX_POINT('',#4659);
#1609=VERTEX_POINT('',#4660);
#1610=VERTEX_POINT('',#4662);
#1611=VERTEX_POINT('',#4664);
#1612=VERTEX_POINT('',#4666);
#1613=VERTEX_POINT('',#4668);
#1614=VERTEX_POINT('',#4672);
#1615=VERTEX_POINT('',#4675);
#1616=VERTEX_POINT('',#4677);
#1617=VERTEX_POINT('',#4681);
#1618=VERTEX_POINT('',#4683);
#1619=VERTEX_POINT('',#4686);
#1620=VERTEX_POINT('',#4688);
#1621=VERTEX_POINT('',#4690);
#1622=VERTEX_POINT('',#4694);
#1623=VERTEX_POINT('',#4696);
#1624=VERTEX_POINT('',#4699);
#1625=VERTEX_POINT('',#4702);
#1626=VERTEX_POINT('',#4703);
#1627=VERTEX_POINT('',#4705);
#1628=VERTEX_POINT('',#4707);
#1629=VERTEX_POINT('',#4709);
#1630=VERTEX_POINT('',#4711);
#1631=VERTEX_POINT('',#4713);
#1632=VERTEX_POINT('',#4715);
#1633=VERTEX_POINT('',#4717);
#1634=VERTEX_POINT('',#4720);
#1635=VERTEX_POINT('',#4722);
#1636=VERTEX_POINT('',#4724);
#1637=VERTEX_POINT('',#4726);
#1638=VERTEX_POINT('',#4728);
#1639=VERTEX_POINT('',#4730);
#1640=VERTEX_POINT('',#4732);
#1641=VERTEX_POINT('',#4734);
#1642=VERTEX_POINT('',#4736);
#1643=VERTEX_POINT('',#4738);
#1644=VERTEX_POINT('',#4740);
#1645=VERTEX_POINT('',#4742);
#1646=VERTEX_POINT('',#4744);
#1647=VERTEX_POINT('',#4746);
#1648=VERTEX_POINT('',#4748);
#1649=VERTEX_POINT('',#4750);
#1650=VERTEX_POINT('',#4754);
#1651=VERTEX_POINT('',#4755);
#1652=VERTEX_POINT('',#4757);
#1653=VERTEX_POINT('',#4759);
#1654=VERTEX_POINT('',#4761);
#1655=VERTEX_POINT('',#4763);
#1656=VERTEX_POINT('',#4765);
#1657=VERTEX_POINT('',#4767);
#1658=VERTEX_POINT('',#4769);
#1659=VERTEX_POINT('',#4771);
#1660=VERTEX_POINT('',#4777);
#1661=VERTEX_POINT('',#4788);
#1662=VERTEX_POINT('',#4790);
#1663=VERTEX_POINT('',#4792);
#1664=VERTEX_POINT('',#4794);
#1665=VERTEX_POINT('',#4802);
#1666=VERTEX_POINT('',#4804);
#1667=VERTEX_POINT('',#4807);
#1668=VERTEX_POINT('',#4809);
#1669=VERTEX_POINT('',#4813);
#1670=VERTEX_POINT('',#4815);
#1671=VERTEX_POINT('',#4847);
#1672=VERTEX_POINT('',#4909);
#1673=VERTEX_POINT('',#4913);
#1674=VERTEX_POINT('',#4919);
#1675=VERTEX_POINT('',#4923);
#1676=VERTEX_POINT('',#4942);
#1677=VERTEX_POINT('',#4943);
#1678=VERTEX_POINT('',#4945);
#1679=VERTEX_POINT('',#4947);
#1680=VERTEX_POINT('',#4951);
#1681=VERTEX_POINT('',#4953);
#1682=VERTEX_POINT('',#4957);
#1683=VERTEX_POINT('',#4959);
#1684=VERTEX_POINT('',#4963);
#1685=VERTEX_POINT('',#4965);
#1686=VERTEX_POINT('',#4969);
#1687=VERTEX_POINT('',#4971);
#1688=VERTEX_POINT('',#4978);
#1689=VERTEX_POINT('',#4994);
#1690=VERTEX_POINT('',#4996);
#1691=VERTEX_POINT('',#5002);
#1692=VERTEX_POINT('',#5006);
#1693=VERTEX_POINT('',#5008);
#1694=VERTEX_POINT('',#5017);
#1695=VERTEX_POINT('',#5019);
#1696=VERTEX_POINT('',#5020);
#1697=VERTEX_POINT('',#5022);
#1698=VERTEX_POINT('',#5024);
#1699=VERTEX_POINT('',#5026);
#1700=VERTEX_POINT('',#5028);
#1701=VERTEX_POINT('',#5032);
#1702=VERTEX_POINT('',#5034);
#1703=VERTEX_POINT('',#5038);
#1704=VERTEX_POINT('',#5042);
#1705=VERTEX_POINT('',#5046);
#1706=VERTEX_POINT('',#5050);
#1707=VERTEX_POINT('',#5069);
#1708=VERTEX_POINT('',#5071);
#1709=VERTEX_POINT('',#5080);
#1710=VERTEX_POINT('',#5081);
#1711=VERTEX_POINT('',#5083);
#1712=VERTEX_POINT('',#5085);
#1713=VERTEX_POINT('',#5087);
#1714=VERTEX_POINT('',#5089);
#1715=VERTEX_POINT('',#5105);
#1716=VERTEX_POINT('',#5107);
#1717=VERTEX_POINT('',#5111);
#1718=VERTEX_POINT('',#5115);
#1719=VERTEX_POINT('',#5119);
#1720=VERTEX_POINT('',#5123);
#1721=VERTEX_POINT('',#5130);
#1722=VERTEX_POINT('',#5132);
#1723=VERTEX_POINT('',#5136);
#1724=VERTEX_POINT('',#5140);
#1725=VERTEX_POINT('',#5144);
#1726=VERTEX_POINT('',#5153);
#1727=VERTEX_POINT('',#5155);
#1728=VERTEX_POINT('',#5159);
#1729=VERTEX_POINT('',#5163);
#1730=VERTEX_POINT('',#5167);
#1731=VERTEX_POINT('',#5171);
#1732=VERTEX_POINT('',#5178);
#1733=VERTEX_POINT('',#5180);
#1734=VERTEX_POINT('',#5184);
#1735=VERTEX_POINT('',#5188);
#1736=VERTEX_POINT('',#5192);
#1737=VERTEX_POINT('',#5196);
#1738=VERTEX_POINT('',#5203);
#1739=VERTEX_POINT('',#5205);
#1740=VERTEX_POINT('',#5209);
#1741=VERTEX_POINT('',#5213);
#1742=VERTEX_POINT('',#5217);
#1743=VERTEX_POINT('',#5221);
#1744=VERTEX_POINT('',#5228);
#1745=VERTEX_POINT('',#5230);
#1746=VERTEX_POINT('',#5234);
#1747=VERTEX_POINT('',#5238);
#1748=VERTEX_POINT('',#5242);
#1749=VERTEX_POINT('',#5246);
#1750=VERTEX_POINT('',#5253);
#1751=VERTEX_POINT('',#5255);
#1752=VERTEX_POINT('',#5259);
#1753=VERTEX_POINT('',#5263);
#1754=VERTEX_POINT('',#5267);
#1755=VERTEX_POINT('',#5271);
#1756=LINE('',#4326,#2127);
#1757=LINE('',#4329,#2128);
#1758=LINE('',#4331,#2129);
#1759=LINE('',#4333,#2130);
#1760=LINE('',#4335,#2131);
#1761=LINE('',#4337,#2132);
#1762=LINE('',#4338,#2133);
#1763=LINE('',#4341,#2134);
#1764=LINE('',#4343,#2135);
#1765=LINE('',#4345,#2136);
#1766=LINE('',#4347,#2137);
#1767=LINE('',#4349,#2138);
#1768=LINE('',#4350,#2139);
#1769=LINE('',#4353,#2140);
#1770=LINE('',#4355,#2141);
#1771=LINE('',#4357,#2142);
#1772=LINE('',#4359,#2143);
#1773=LINE('',#4361,#2144);
#1774=LINE('',#4365,#2145);
#1775=LINE('',#4367,#2146);
#1776=LINE('',#4369,#2147);
#1777=LINE('',#4371,#2148);
#1778=LINE('',#4373,#2149);
#1779=LINE('',#4375,#2150);
#1780=LINE('',#4377,#2151);
#1781=LINE('',#4381,#2152);
#1782=LINE('',#4383,#2153);
#1783=LINE('',#4385,#2154);
#1784=LINE('',#4387,#2155);
#1785=LINE('',#4389,#2156);
#1786=LINE('',#4391,#2157);
#1787=LINE('',#4393,#2158);
#1788=LINE('',#4395,#2159);
#1789=LINE('',#4397,#2160);
#1790=LINE('',#4399,#2161);
#1791=LINE('',#4401,#2162);
#1792=LINE('',#4403,#2163);
#1793=LINE('',#4405,#2164);
#1794=LINE('',#4407,#2165);
#1795=LINE('',#4409,#2166);
#1796=LINE('',#4411,#2167);
#1797=LINE('',#4413,#2168);
#1798=LINE('',#4416,#2169);
#1799=LINE('',#4419,#2170);
#1800=LINE('',#4421,#2171);
#1801=LINE('',#4423,#2172);
#1802=LINE('',#4425,#2173);
#1803=LINE('',#4427,#2174);
#1804=LINE('',#4428,#2175);
#1805=LINE('',#4431,#2176);
#1806=LINE('',#4433,#2177);
#1807=LINE('',#4435,#2178);
#1808=LINE('',#4437,#2179);
#1809=LINE('',#4439,#2180);
#1810=LINE('',#4440,#2181);
#1811=LINE('',#4443,#2182);
#1812=LINE('',#4445,#2183);
#1813=LINE('',#4447,#2184);
#1814=LINE('',#4449,#2185);
#1815=LINE('',#4451,#2186);
#1816=LINE('',#4452,#2187);
#1817=LINE('',#4455,#2188);
#1818=LINE('',#4457,#2189);
#1819=LINE('',#4459,#2190);
#1820=LINE('',#4461,#2191);
#1821=LINE('',#4463,#2192);
#1822=LINE('',#4464,#2193);
#1823=LINE('',#4467,#2194);
#1824=LINE('',#4469,#2195);
#1825=LINE('',#4471,#2196);
#1826=LINE('',#4473,#2197);
#1827=LINE('',#4475,#2198);
#1828=LINE('',#4505,#2199);
#1829=LINE('',#4506,#2200);
#1830=LINE('',#4515,#2201);
#1831=LINE('',#4525,#2202);
#1832=LINE('',#4526,#2203);
#1833=LINE('',#4546,#2204);
#1834=LINE('',#4550,#2205);
#1835=LINE('',#4551,#2206);
#1836=LINE('',#4555,#2207);
#1837=LINE('',#4561,#2208);
#1838=LINE('',#4564,#2209);
#1839=LINE('',#4566,#2210);
#1840=LINE('',#4568,#2211);
#1841=LINE('',#4570,#2212);
#1842=LINE('',#4572,#2213);
#1843=LINE('',#4574,#2214);
#1844=LINE('',#4576,#2215);
#1845=LINE('',#4578,#2216);
#1846=LINE('',#4580,#2217);
#1847=LINE('',#4582,#2218);
#1848=LINE('',#4584,#2219);
#1849=LINE('',#4586,#2220);
#1850=LINE('',#4588,#2221);
#1851=LINE('',#4590,#2222);
#1852=LINE('',#4592,#2223);
#1853=LINE('',#4594,#2224);
#1854=LINE('',#4596,#2225);
#1855=LINE('',#4598,#2226);
#1856=LINE('',#4600,#2227);
#1857=LINE('',#4602,#2228);
#1858=LINE('',#4604,#2229);
#1859=LINE('',#4606,#2230);
#1860=LINE('',#4608,#2231);
#1861=LINE('',#4610,#2232);
#1862=LINE('',#4612,#2233);
#1863=LINE('',#4614,#2234);
#1864=LINE('',#4616,#2235);
#1865=LINE('',#4618,#2236);
#1866=LINE('',#4620,#2237);
#1867=LINE('',#4622,#2238);
#1868=LINE('',#4624,#2239);
#1869=LINE('',#4626,#2240);
#1870=LINE('',#4628,#2241);
#1871=LINE('',#4630,#2242);
#1872=LINE('',#4632,#2243);
#1873=LINE('',#4634,#2244);
#1874=LINE('',#4637,#2245);
#1875=LINE('',#4639,#2246);
#1876=LINE('',#4641,#2247);
#1877=LINE('',#4643,#2248);
#1878=LINE('',#4645,#2249);
#1879=LINE('',#4646,#2250);
#1880=LINE('',#4649,#2251);
#1881=LINE('',#4651,#2252);
#1882=LINE('',#4653,#2253);
#1883=LINE('',#4655,#2254);
#1884=LINE('',#4657,#2255);
#1885=LINE('',#4658,#2256);
#1886=LINE('',#4661,#2257);
#1887=LINE('',#4663,#2258);
#1888=LINE('',#4665,#2259);
#1889=LINE('',#4667,#2260);
#1890=LINE('',#4669,#2261);
#1891=LINE('',#4674,#2262);
#1892=LINE('',#4676,#2263);
#1893=LINE('',#4678,#2264);
#1894=LINE('',#4680,#2265);
#1895=LINE('',#4682,#2266);
#1896=LINE('',#4684,#2267);
#1897=LINE('',#4685,#2268);
#1898=LINE('',#4687,#2269);
#1899=LINE('',#4689,#2270);
#1900=LINE('',#4691,#2271);
#1901=LINE('',#4701,#2272);
#1902=LINE('',#4704,#2273);
#1903=LINE('',#4706,#2274);
#1904=LINE('',#4708,#2275);
#1905=LINE('',#4710,#2276);
#1906=LINE('',#4712,#2277);
#1907=LINE('',#4714,#2278);
#1908=LINE('',#4716,#2279);
#1909=LINE('',#4718,#2280);
#1910=LINE('',#4719,#2281);
#1911=LINE('',#4721,#2282);
#1912=LINE('',#4723,#2283);
#1913=LINE('',#4725,#2284);
#1914=LINE('',#4727,#2285);
#1915=LINE('',#4729,#2286);
#1916=LINE('',#4731,#2287);
#1917=LINE('',#4733,#2288);
#1918=LINE('',#4735,#2289);
#1919=LINE('',#4737,#2290);
#1920=LINE('',#4739,#2291);
#1921=LINE('',#4741,#2292);
#1922=LINE('',#4743,#2293);
#1923=LINE('',#4745,#2294);
#1924=LINE('',#4747,#2295);
#1925=LINE('',#4749,#2296);
#1926=LINE('',#4751,#2297);
#1927=LINE('',#4753,#2298);
#1928=LINE('',#4756,#2299);
#1929=LINE('',#4758,#2300);
#1930=LINE('',#4760,#2301);
#1931=LINE('',#4762,#2302);
#1932=LINE('',#4764,#2303);
#1933=LINE('',#4766,#2304);
#1934=LINE('',#4768,#2305);
#1935=LINE('',#4770,#2306);
#1936=LINE('',#4776,#2307);
#1937=LINE('',#4778,#2308);
#1938=LINE('',#4780,#2309);
#1939=LINE('',#4781,#2310);
#1940=LINE('',#4782,#2311);
#1941=LINE('',#4783,#2312);
#1942=LINE('',#4789,#2313);
#1943=LINE('',#4793,#2314);
#1944=LINE('',#4797,#2315);
#1945=LINE('',#4798,#2316);
#1946=LINE('',#4812,#2317);
#1947=LINE('',#4814,#2318);
#1948=LINE('',#4816,#2319);
#1949=LINE('',#4818,#2320);
#1950=LINE('',#4819,#2321);
#1951=LINE('',#4822,#2322);
#1952=LINE('',#4826,#2323);
#1953=LINE('',#4848,#2324);
#1954=LINE('',#4906,#2325);
#1955=LINE('',#4908,#2326);
#1956=LINE('',#4910,#2327);
#1957=LINE('',#4912,#2328);
#1958=LINE('',#4914,#2329);
#1959=LINE('',#4916,#2330);
#1960=LINE('',#4918,#2331);
#1961=LINE('',#4920,#2332);
#1962=LINE('',#4922,#2333);
#1963=LINE('',#4924,#2334);
#1964=LINE('',#4926,#2335);
#1965=LINE('',#4927,#2336);
#1966=LINE('',#4930,#2337);
#1967=LINE('',#4932,#2338);
#1968=LINE('',#4941,#2339);
#1969=LINE('',#4944,#2340);
#1970=LINE('',#4946,#2341);
#1971=LINE('',#4948,#2342);
#1972=LINE('',#4950,#2343);
#1973=LINE('',#4952,#2344);
#1974=LINE('',#4954,#2345);
#1975=LINE('',#4956,#2346);
#1976=LINE('',#4958,#2347);
#1977=LINE('',#4960,#2348);
#1978=LINE('',#4962,#2349);
#1979=LINE('',#4964,#2350);
#1980=LINE('',#4966,#2351);
#1981=LINE('',#4968,#2352);
#1982=LINE('',#4970,#2353);
#1983=LINE('',#4972,#2354);
#1984=LINE('',#4974,#2355);
#1985=LINE('',#4975,#2356);
#1986=LINE('',#4980,#2357);
#1987=LINE('',#4981,#2358);
#1988=LINE('',#4983,#2359);
#1989=LINE('',#4985,#2360);
#1990=LINE('',#4987,#2361);
#1991=LINE('',#4989,#2362);
#1992=LINE('',#4993,#2363);
#1993=LINE('',#4995,#2364);
#1994=LINE('',#4997,#2365);
#1995=LINE('',#4999,#2366);
#1996=LINE('',#5001,#2367);
#1997=LINE('',#5003,#2368);
#1998=LINE('',#5005,#2369);
#1999=LINE('',#5007,#2370);
#2000=LINE('',#5009,#2371);
#2001=LINE('',#5011,#2372);
#2002=LINE('',#5013,#2373);
#2003=LINE('',#5018,#2374);
#2004=LINE('',#5021,#2375);
#2005=LINE('',#5023,#2376);
#2006=LINE('',#5025,#2377);
#2007=LINE('',#5027,#2378);
#2008=LINE('',#5029,#2379);
#2009=LINE('',#5031,#2380);
#2010=LINE('',#5033,#2381);
#2011=LINE('',#5035,#2382);
#2012=LINE('',#5037,#2383);
#2013=LINE('',#5039,#2384);
#2014=LINE('',#5041,#2385);
#2015=LINE('',#5043,#2386);
#2016=LINE('',#5045,#2387);
#2017=LINE('',#5047,#2388);
#2018=LINE('',#5049,#2389);
#2019=LINE('',#5051,#2390);
#2020=LINE('',#5053,#2391);
#2021=LINE('',#5055,#2392);
#2022=LINE('',#5056,#2393);
#2023=LINE('',#5058,#2394);
#2024=LINE('',#5060,#2395);
#2025=LINE('',#5062,#2396);
#2026=LINE('',#5064,#2397);
#2027=LINE('',#5068,#2398);
#2028=LINE('',#5070,#2399);
#2029=LINE('',#5072,#2400);
#2030=LINE('',#5074,#2401);
#2031=LINE('',#5076,#2402);
#2032=LINE('',#5079,#2403);
#2033=LINE('',#5082,#2404);
#2034=LINE('',#5084,#2405);
#2035=LINE('',#5086,#2406);
#2036=LINE('',#5088,#2407);
#2037=LINE('',#5090,#2408);
#2038=LINE('',#5092,#2409);
#2039=LINE('',#5093,#2410);
#2040=LINE('',#5095,#2411);
#2041=LINE('',#5097,#2412);
#2042=LINE('',#5099,#2413);
#2043=LINE('',#5101,#2414);
#2044=LINE('',#5104,#2415);
#2045=LINE('',#5106,#2416);
#2046=LINE('',#5108,#2417);
#2047=LINE('',#5110,#2418);
#2048=LINE('',#5112,#2419);
#2049=LINE('',#5114,#2420);
#2050=LINE('',#5116,#2421);
#2051=LINE('',#5118,#2422);
#2052=LINE('',#5120,#2423);
#2053=LINE('',#5122,#2424);
#2054=LINE('',#5124,#2425);
#2055=LINE('',#5126,#2426);
#2056=LINE('',#5129,#2427);
#2057=LINE('',#5131,#2428);
#2058=LINE('',#5133,#2429);
#2059=LINE('',#5135,#2430);
#2060=LINE('',#5137,#2431);
#2061=LINE('',#5139,#2432);
#2062=LINE('',#5141,#2433);
#2063=LINE('',#5143,#2434);
#2064=LINE('',#5145,#2435);
#2065=LINE('',#5147,#2436);
#2066=LINE('',#5149,#2437);
#2067=LINE('',#5152,#2438);
#2068=LINE('',#5154,#2439);
#2069=LINE('',#5156,#2440);
#2070=LINE('',#5158,#2441);
#2071=LINE('',#5160,#2442);
#2072=LINE('',#5162,#2443);
#2073=LINE('',#5164,#2444);
#2074=LINE('',#5166,#2445);
#2075=LINE('',#5168,#2446);
#2076=LINE('',#5170,#2447);
#2077=LINE('',#5172,#2448);
#2078=LINE('',#5174,#2449);
#2079=LINE('',#5177,#2450);
#2080=LINE('',#5179,#2451);
#2081=LINE('',#5181,#2452);
#2082=LINE('',#5183,#2453);
#2083=LINE('',#5185,#2454);
#2084=LINE('',#5187,#2455);
#2085=LINE('',#5189,#2456);
#2086=LINE('',#5191,#2457);
#2087=LINE('',#5193,#2458);
#2088=LINE('',#5195,#2459);
#2089=LINE('',#5197,#2460);
#2090=LINE('',#5199,#2461);
#2091=LINE('',#5202,#2462);
#2092=LINE('',#5204,#2463);
#2093=LINE('',#5206,#2464);
#2094=LINE('',#5208,#2465);
#2095=LINE('',#5210,#2466);
#2096=LINE('',#5212,#2467);
#2097=LINE('',#5214,#2468);
#2098=LINE('',#5216,#2469);
#2099=LINE('',#5218,#2470);
#2100=LINE('',#5220,#2471);
#2101=LINE('',#5222,#2472);
#2102=LINE('',#5224,#2473);
#2103=LINE('',#5227,#2474);
#2104=LINE('',#5229,#2475);
#2105=LINE('',#5231,#2476);
#2106=LINE('',#5233,#2477);
#2107=LINE('',#5235,#2478);
#2108=LINE('',#5237,#2479);
#2109=LINE('',#5239,#2480);
#2110=LINE('',#5241,#2481);
#2111=LINE('',#5243,#2482);
#2112=LINE('',#5245,#2483);
#2113=LINE('',#5247,#2484);
#2114=LINE('',#5249,#2485);
#2115=LINE('',#5252,#2486);
#2116=LINE('',#5254,#2487);
#2117=LINE('',#5256,#2488);
#2118=LINE('',#5258,#2489);
#2119=LINE('',#5260,#2490);
#2120=LINE('',#5262,#2491);
#2121=LINE('',#5264,#2492);
#2122=LINE('',#5266,#2493);
#2123=LINE('',#5268,#2494);
#2124=LINE('',#5270,#2495);
#2125=LINE('',#5272,#2496);
#2126=LINE('',#5274,#2497);
#2127=VECTOR('',#3485,1.);
#2128=VECTOR('',#3486,1.);
#2129=VECTOR('',#3487,1.);
#2130=VECTOR('',#3488,1.);
#2131=VECTOR('',#3489,1.);
#2132=VECTOR('',#3490,1.);
#2133=VECTOR('',#3491,1.);
#2134=VECTOR('',#3492,1.);
#2135=VECTOR('',#3493,1.);
#2136=VECTOR('',#3494,1.);
#2137=VECTOR('',#3495,1.);
#2138=VECTOR('',#3496,1.);
#2139=VECTOR('',#3497,1.);
#2140=VECTOR('',#3498,1.);
#2141=VECTOR('',#3499,1.);
#2142=VECTOR('',#3500,1.);
#2143=VECTOR('',#3501,1.);
#2144=VECTOR('',#3502,1.);
#2145=VECTOR('',#3505,1.);
#2146=VECTOR('',#3506,1.);
#2147=VECTOR('',#3507,1.);
#2148=VECTOR('',#3508,1.);
#2149=VECTOR('',#3509,1.);
#2150=VECTOR('',#3510,1.);
#2151=VECTOR('',#3511,1.);
#2152=VECTOR('',#3514,1.);
#2153=VECTOR('',#3515,1.);
#2154=VECTOR('',#3516,1.);
#2155=VECTOR('',#3517,1.);
#2156=VECTOR('',#3518,1.);
#2157=VECTOR('',#3519,1.);
#2158=VECTOR('',#3520,1.);
#2159=VECTOR('',#3521,1.);
#2160=VECTOR('',#3522,1.);
#2161=VECTOR('',#3523,1.);
#2162=VECTOR('',#3524,1.);
#2163=VECTOR('',#3525,1.);
#2164=VECTOR('',#3526,1.);
#2165=VECTOR('',#3527,1.);
#2166=VECTOR('',#3528,1.);
#2167=VECTOR('',#3529,1.);
#2168=VECTOR('',#3530,1.);
#2169=VECTOR('',#3533,1.);
#2170=VECTOR('',#3534,1.);
#2171=VECTOR('',#3535,1.);
#2172=VECTOR('',#3536,1.);
#2173=VECTOR('',#3537,1.);
#2174=VECTOR('',#3538,1.);
#2175=VECTOR('',#3539,1.);
#2176=VECTOR('',#3540,1.);
#2177=VECTOR('',#3541,1.);
#2178=VECTOR('',#3542,1.);
#2179=VECTOR('',#3543,1.);
#2180=VECTOR('',#3544,1.);
#2181=VECTOR('',#3545,1.);
#2182=VECTOR('',#3546,1.);
#2183=VECTOR('',#3547,1.);
#2184=VECTOR('',#3548,1.);
#2185=VECTOR('',#3549,1.);
#2186=VECTOR('',#3550,1.);
#2187=VECTOR('',#3551,1.);
#2188=VECTOR('',#3552,1.);
#2189=VECTOR('',#3553,1.);
#2190=VECTOR('',#3554,1.);
#2191=VECTOR('',#3555,1.);
#2192=VECTOR('',#3556,1.);
#2193=VECTOR('',#3557,1.);
#2194=VECTOR('',#3558,1.);
#2195=VECTOR('',#3559,1.);
#2196=VECTOR('',#3560,1.);
#2197=VECTOR('',#3561,1.);
#2198=VECTOR('',#3562,1.);
#2199=VECTOR('',#3597,1.);
#2200=VECTOR('',#3598,1.);
#2201=VECTOR('',#3601,1.);
#2202=VECTOR('',#3602,1.);
#2203=VECTOR('',#3603,1.);
#2204=VECTOR('',#3626,1.);
#2205=VECTOR('',#3629,1.);
#2206=VECTOR('',#3630,1.);
#2207=VECTOR('',#3633,1.);
#2208=VECTOR('',#3640,1.);
#2209=VECTOR('',#3641,1.);
#2210=VECTOR('',#3642,1.);
#2211=VECTOR('',#3643,1.);
#2212=VECTOR('',#3644,1.);
#2213=VECTOR('',#3645,1.);
#2214=VECTOR('',#3646,1.);
#2215=VECTOR('',#3647,1.);
#2216=VECTOR('',#3648,1.);
#2217=VECTOR('',#3649,1.);
#2218=VECTOR('',#3650,1.);
#2219=VECTOR('',#3651,1.);
#2220=VECTOR('',#3652,1.);
#2221=VECTOR('',#3653,1.);
#2222=VECTOR('',#3654,1.);
#2223=VECTOR('',#3655,1.);
#2224=VECTOR('',#3656,1.);
#2225=VECTOR('',#3657,1.);
#2226=VECTOR('',#3658,1.);
#2227=VECTOR('',#3659,1.);
#2228=VECTOR('',#3660,1.);
#2229=VECTOR('',#3661,1.);
#2230=VECTOR('',#3662,1.);
#2231=VECTOR('',#3663,1.);
#2232=VECTOR('',#3664,1.);
#2233=VECTOR('',#3665,1.);
#2234=VECTOR('',#3666,1.);
#2235=VECTOR('',#3667,1.);
#2236=VECTOR('',#3668,1.);
#2237=VECTOR('',#3669,1.);
#2238=VECTOR('',#3670,1.);
#2239=VECTOR('',#3671,1.);
#2240=VECTOR('',#3672,1.);
#2241=VECTOR('',#3673,1.);
#2242=VECTOR('',#3674,1.);
#2243=VECTOR('',#3675,1.);
#2244=VECTOR('',#3678,1.);
#2245=VECTOR('',#3679,1.);
#2246=VECTOR('',#3680,1.);
#2247=VECTOR('',#3681,1.);
#2248=VECTOR('',#3682,1.);
#2249=VECTOR('',#3683,1.);
#2250=VECTOR('',#3684,1.);
#2251=VECTOR('',#3685,1.);
#2252=VECTOR('',#3686,1.);
#2253=VECTOR('',#3687,1.);
#2254=VECTOR('',#3688,1.);
#2255=VECTOR('',#3689,1.);
#2256=VECTOR('',#3690,1.);
#2257=VECTOR('',#3691,1.);
#2258=VECTOR('',#3692,1.);
#2259=VECTOR('',#3693,1.);
#2260=VECTOR('',#3694,1.);
#2261=VECTOR('',#3695,1.);
#2262=VECTOR('',#3702,1.);
#2263=VECTOR('',#3703,1.);
#2264=VECTOR('',#3704,1.);
#2265=VECTOR('',#3707,1.);
#2266=VECTOR('',#3708,1.);
#2267=VECTOR('',#3709,1.);
#2268=VECTOR('',#3710,1.);
#2269=VECTOR('',#3711,1.);
#2270=VECTOR('',#3712,1.);
#2271=VECTOR('',#3713,1.);
#2272=VECTOR('',#3726,1.);
#2273=VECTOR('',#3727,1.);
#2274=VECTOR('',#3728,1.);
#2275=VECTOR('',#3729,1.);
#2276=VECTOR('',#3730,1.);
#2277=VECTOR('',#3731,1.);
#2278=VECTOR('',#3732,1.);
#2279=VECTOR('',#3733,1.);
#2280=VECTOR('',#3734,1.);
#2281=VECTOR('',#3735,1.);
#2282=VECTOR('',#3736,1.);
#2283=VECTOR('',#3737,1.);
#2284=VECTOR('',#3738,1.);
#2285=VECTOR('',#3739,1.);
#2286=VECTOR('',#3740,1.);
#2287=VECTOR('',#3741,1.);
#2288=VECTOR('',#3742,1.);
#2289=VECTOR('',#3743,1.);
#2290=VECTOR('',#3744,1.);
#2291=VECTOR('',#3745,1.);
#2292=VECTOR('',#3746,1.);
#2293=VECTOR('',#3747,1.);
#2294=VECTOR('',#3748,1.);
#2295=VECTOR('',#3749,1.);
#2296=VECTOR('',#3750,1.);
#2297=VECTOR('',#3751,1.);
#2298=VECTOR('',#3754,1.);
#2299=VECTOR('',#3755,1.);
#2300=VECTOR('',#3756,1.);
#2301=VECTOR('',#3757,1.);
#2302=VECTOR('',#3758,1.);
#2303=VECTOR('',#3759,1.);
#2304=VECTOR('',#3760,1.);
#2305=VECTOR('',#3761,1.);
#2306=VECTOR('',#3762,1.);
#2307=VECTOR('',#3763,1.);
#2308=VECTOR('',#3764,1.);
#2309=VECTOR('',#3767,1.);
#2310=VECTOR('',#3768,1.);
#2311=VECTOR('',#3769,1.);
#2312=VECTOR('',#3770,1.);
#2313=VECTOR('',#3779,1.);
#2314=VECTOR('',#3782,1.);
#2315=VECTOR('',#3787,1.);
#2316=VECTOR('',#3788,1.);
#2317=VECTOR('',#3807,1.);
#2318=VECTOR('',#3808,1.);
#2319=VECTOR('',#3809,1.);
#2320=VECTOR('',#3812,1.);
#2321=VECTOR('',#3813,1.);
#2322=VECTOR('',#3818,1.);
#2323=VECTOR('',#3825,1.);
#2324=VECTOR('',#3858,1.);
#2325=VECTOR('',#3925,1.);
#2326=VECTOR('',#3928,1.);
#2327=VECTOR('',#3929,1.);
#2328=VECTOR('',#3932,1.);
#2329=VECTOR('',#3933,1.);
#2330=VECTOR('',#3936,1.);
#2331=VECTOR('',#3939,1.);
#2332=VECTOR('',#3940,1.);
#2333=VECTOR('',#3943,1.);
#2334=VECTOR('',#3944,1.);
#2335=VECTOR('',#3947,1.);
#2336=VECTOR('',#3948,1.);
#2337=VECTOR('',#3953,1.);
#2338=VECTOR('',#3956,1.);
#2339=VECTOR('',#3973,1.);
#2340=VECTOR('',#3974,1.);
#2341=VECTOR('',#3975,1.);
#2342=VECTOR('',#3976,1.);
#2343=VECTOR('',#3979,1.);
#2344=VECTOR('',#3980,1.);
#2345=VECTOR('',#3981,1.);
#2346=VECTOR('',#3984,1.);
#2347=VECTOR('',#3985,1.);
#2348=VECTOR('',#3986,1.);
#2349=VECTOR('',#3989,1.);
#2350=VECTOR('',#3990,1.);
#2351=VECTOR('',#3991,1.);
#2352=VECTOR('',#3994,1.);
#2353=VECTOR('',#3995,1.);
#2354=VECTOR('',#3996,1.);
#2355=VECTOR('',#3999,1.);
#2356=VECTOR('',#4000,1.);
#2357=VECTOR('',#4007,1.);
#2358=VECTOR('',#4008,1.);
#2359=VECTOR('',#4011,1.);
#2360=VECTOR('',#4014,1.);
#2361=VECTOR('',#4017,1.);
#2362=VECTOR('',#4020,1.);
#2363=VECTOR('',#4027,1.);
#2364=VECTOR('',#4028,1.);
#2365=VECTOR('',#4029,1.);
#2366=VECTOR('',#4032,1.);
#2367=VECTOR('',#4035,1.);
#2368=VECTOR('',#4036,1.);
#2369=VECTOR('',#4039,1.);
#2370=VECTOR('',#4040,1.);
#2371=VECTOR('',#4041,1.);
#2372=VECTOR('',#4044,1.);
#2373=VECTOR('',#4047,1.);
#2374=VECTOR('',#4054,1.);
#2375=VECTOR('',#4055,1.);
#2376=VECTOR('',#4056,1.);
#2377=VECTOR('',#4057,1.);
#2378=VECTOR('',#4058,1.);
#2379=VECTOR('',#4059,1.);
#2380=VECTOR('',#4062,1.);
#2381=VECTOR('',#4063,1.);
#2382=VECTOR('',#4064,1.);
#2383=VECTOR('',#4067,1.);
#2384=VECTOR('',#4068,1.);
#2385=VECTOR('',#4071,1.);
#2386=VECTOR('',#4072,1.);
#2387=VECTOR('',#4075,1.);
#2388=VECTOR('',#4076,1.);
#2389=VECTOR('',#4079,1.);
#2390=VECTOR('',#4080,1.);
#2391=VECTOR('',#4083,1.);
#2392=VECTOR('',#4086,1.);
#2393=VECTOR('',#4087,1.);
#2394=VECTOR('',#4090,1.);
#2395=VECTOR('',#4093,1.);
#2396=VECTOR('',#4096,1.);
#2397=VECTOR('',#4099,1.);
#2398=VECTOR('',#4106,1.);
#2399=VECTOR('',#4107,1.);
#2400=VECTOR('',#4108,1.);
#2401=VECTOR('',#4111,1.);
#2402=VECTOR('',#4114,1.);
#2403=VECTOR('',#4119,1.);
#2404=VECTOR('',#4120,1.);
#2405=VECTOR('',#4121,1.);
#2406=VECTOR('',#4122,1.);
#2407=VECTOR('',#4123,1.);
#2408=VECTOR('',#4124,1.);
#2409=VECTOR('',#4127,1.);
#2410=VECTOR('',#4128,1.);
#2411=VECTOR('',#4131,1.);
#2412=VECTOR('',#4134,1.);
#2413=VECTOR('',#4137,1.);
#2414=VECTOR('',#4140,1.);
#2415=VECTOR('',#4145,1.);
#2416=VECTOR('',#4146,1.);
#2417=VECTOR('',#4147,1.);
#2418=VECTOR('',#4150,1.);
#2419=VECTOR('',#4151,1.);
#2420=VECTOR('',#4154,1.);
#2421=VECTOR('',#4155,1.);
#2422=VECTOR('',#4158,1.);
#2423=VECTOR('',#4159,1.);
#2424=VECTOR('',#4162,1.);
#2425=VECTOR('',#4163,1.);
#2426=VECTOR('',#4166,1.);
#2427=VECTOR('',#4171,1.);
#2428=VECTOR('',#4172,1.);
#2429=VECTOR('',#4173,1.);
#2430=VECTOR('',#4176,1.);
#2431=VECTOR('',#4177,1.);
#2432=VECTOR('',#4180,1.);
#2433=VECTOR('',#4181,1.);
#2434=VECTOR('',#4184,1.);
#2435=VECTOR('',#4185,1.);
#2436=VECTOR('',#4188,1.);
#2437=VECTOR('',#4191,1.);
#2438=VECTOR('',#4196,1.);
#2439=VECTOR('',#4197,1.);
#2440=VECTOR('',#4198,1.);
#2441=VECTOR('',#4201,1.);
#2442=VECTOR('',#4202,1.);
#2443=VECTOR('',#4205,1.);
#2444=VECTOR('',#4206,1.);
#2445=VECTOR('',#4209,1.);
#2446=VECTOR('',#4210,1.);
#2447=VECTOR('',#4213,1.);
#2448=VECTOR('',#4214,1.);
#2449=VECTOR('',#4217,1.);
#2450=VECTOR('',#4222,1.);
#2451=VECTOR('',#4223,1.);
#2452=VECTOR('',#4224,1.);
#2453=VECTOR('',#4227,1.);
#2454=VECTOR('',#4228,1.);
#2455=VECTOR('',#4231,1.);
#2456=VECTOR('',#4232,1.);
#2457=VECTOR('',#4235,1.);
#2458=VECTOR('',#4236,1.);
#2459=VECTOR('',#4239,1.);
#2460=VECTOR('',#4240,1.);
#2461=VECTOR('',#4243,1.);
#2462=VECTOR('',#4248,1.);
#2463=VECTOR('',#4249,1.);
#2464=VECTOR('',#4250,1.);
#2465=VECTOR('',#4253,1.);
#2466=VECTOR('',#4254,1.);
#2467=VECTOR('',#4257,1.);
#2468=VECTOR('',#4258,1.);
#2469=VECTOR('',#4261,1.);
#2470=VECTOR('',#4262,1.);
#2471=VECTOR('',#4265,1.);
#2472=VECTOR('',#4266,1.);
#2473=VECTOR('',#4269,1.);
#2474=VECTOR('',#4274,1.);
#2475=VECTOR('',#4275,1.);
#2476=VECTOR('',#4276,1.);
#2477=VECTOR('',#4279,1.);
#2478=VECTOR('',#4280,1.);
#2479=VECTOR('',#4283,1.);
#2480=VECTOR('',#4284,1.);
#2481=VECTOR('',#4287,1.);
#2482=VECTOR('',#4288,1.);
#2483=VECTOR('',#4291,1.);
#2484=VECTOR('',#4292,1.);
#2485=VECTOR('',#4295,1.);
#2486=VECTOR('',#4300,1.);
#2487=VECTOR('',#4301,1.);
#2488=VECTOR('',#4302,1.);
#2489=VECTOR('',#4305,1.);
#2490=VECTOR('',#4306,1.);
#2491=VECTOR('',#4309,1.);
#2492=VECTOR('',#4310,1.);
#2493=VECTOR('',#4313,1.);
#2494=VECTOR('',#4314,1.);
#2495=VECTOR('',#4317,1.);
#2496=VECTOR('',#4318,1.);
#2497=VECTOR('',#4321,1.);
#2498=EDGE_LOOP('',(#119,#120,#121,#122,#123,#124));
#2499=EDGE_LOOP('',(#125,#126,#127,#128,#129,#130));
#2500=EDGE_LOOP('',(#131,#132,#133,#134,#135,#136,#137,#138,#139,#140,#141,
#142,#143,#144,#145,#146,#147,#148,#149,#150,#151,#152,#153,#154,#155,#156,
#157,#158,#159,#160,#161,#162,#163));
#2501=EDGE_LOOP('',(#164,#165,#166,#167,#168,#169));
#2502=EDGE_LOOP('',(#170,#171,#172,#173,#174,#175));
#2503=EDGE_LOOP('',(#176,#177,#178,#179,#180,#181));
#2504=EDGE_LOOP('',(#182,#183,#184,#185,#186,#187));
#2505=EDGE_LOOP('',(#188,#189,#190,#191,#192,#193));
#2506=EDGE_LOOP('',(#194));
#2507=EDGE_LOOP('',(#195));
#2508=EDGE_LOOP('',(#196));
#2509=EDGE_LOOP('',(#197));
#2510=EDGE_LOOP('',(#198));
#2511=EDGE_LOOP('',(#199));
#2512=EDGE_LOOP('',(#200));
#2513=EDGE_LOOP('',(#201));
#2514=EDGE_LOOP('',(#202));
#2515=EDGE_LOOP('',(#203));
#2516=EDGE_LOOP('',(#204,#205,#206,#207,#208,#209,#210,#211,#212,#213,#214));
#2517=EDGE_LOOP('',(#215));
#2518=EDGE_LOOP('',(#216));
#2519=EDGE_LOOP('',(#217));
#2520=EDGE_LOOP('',(#218));
#2521=EDGE_LOOP('',(#219));
#2522=EDGE_LOOP('',(#220));
#2523=EDGE_LOOP('',(#221,#222,#223,#224,#225,#226,#227,#228));
#2524=EDGE_LOOP('',(#229));
#2525=EDGE_LOOP('',(#230));
#2526=EDGE_LOOP('',(#231));
#2527=EDGE_LOOP('',(#232));
#2528=EDGE_LOOP('',(#233));
#2529=EDGE_LOOP('',(#234));
#2530=EDGE_LOOP('',(#235));
#2531=EDGE_LOOP('',(#236,#237,#238,#239,#240,#241,#242,#243,#244,#245,#246,
#247,#248,#249,#250,#251,#252,#253,#254,#255,#256,#257,#258,#259,#260,#261,
#262,#263,#264,#265,#266,#267,#268,#269,#270,#271));
#2532=EDGE_LOOP('',(#272,#273,#274,#275,#276,#277));
#2533=EDGE_LOOP('',(#278,#279,#280,#281,#282,#283));
#2534=EDGE_LOOP('',(#284,#285,#286,#287,#288,#289));
#2535=EDGE_LOOP('',(#290));
#2536=EDGE_LOOP('',(#291));
#2537=EDGE_LOOP('',(#292,#293,#294,#295));
#2538=EDGE_LOOP('',(#296,#297,#298,#299,#300,#301,#302,#303,#304));
#2539=EDGE_LOOP('',(#305));
#2540=EDGE_LOOP('',(#306));
#2541=EDGE_LOOP('',(#307));
#2542=EDGE_LOOP('',(#308));
#2543=EDGE_LOOP('',(#309));
#2544=EDGE_LOOP('',(#310));
#2545=EDGE_LOOP('',(#311,#312,#313,#314,#315,#316,#317,#318,#319,#320,#321,
#322,#323,#324,#325,#326,#327,#328,#329,#330,#331,#332,#333,#334,#335,#336,
#337));
#2546=EDGE_LOOP('',(#338));
#2547=EDGE_LOOP('',(#339));
#2548=EDGE_LOOP('',(#340,#341,#342,#343,#344,#345,#346,#347,#348,#349,#350,
#351,#352));
#2549=EDGE_LOOP('',(#353,#354,#355,#356,#357,#358,#359,#360));
#2550=EDGE_LOOP('',(#361,#362,#363,#364,#365,#366,#367,#368,#369,#370));
#2551=EDGE_LOOP('',(#371,#372,#373,#374,#375,#376,#377,#378,#379,#380));
#2552=EDGE_LOOP('',(#381));
#2553=EDGE_LOOP('',(#382));
#2554=EDGE_LOOP('',(#383));
#2555=EDGE_LOOP('',(#384));
#2556=EDGE_LOOP('',(#385,#386,#387,#388,#389,#390));
#2557=EDGE_LOOP('',(#391));
#2558=EDGE_LOOP('',(#392));
#2559=EDGE_LOOP('',(#393,#394,#395,#396));
#2560=EDGE_LOOP('',(#397,#398,#399,#400,#401,#402));
#2561=EDGE_LOOP('',(#403,#404,#405,#406));
#2562=EDGE_LOOP('',(#407,#408,#409,#410));
#2563=EDGE_LOOP('',(#411,#412,#413,#414));
#2564=EDGE_LOOP('',(#415,#416,#417,#418));
#2565=EDGE_LOOP('',(#419,#420,#421,#422));
#2566=EDGE_LOOP('',(#423,#424,#425,#426));
#2567=EDGE_LOOP('',(#427,#428,#429,#430));
#2568=EDGE_LOOP('',(#431,#432,#433,#434));
#2569=EDGE_LOOP('',(#435,#436,#437,#438));
#2570=EDGE_LOOP('',(#439,#440,#441,#442,#443,#444,#445));
#2571=EDGE_LOOP('',(#446,#447,#448,#449));
#2572=EDGE_LOOP('',(#450,#451,#452));
#2573=EDGE_LOOP('',(#453,#454,#455,#456));
#2574=EDGE_LOOP('',(#457,#458,#459,#460));
#2575=EDGE_LOOP('',(#461,#462,#463,#464));
#2576=EDGE_LOOP('',(#465,#466,#467,#468));
#2577=EDGE_LOOP('',(#469,#470,#471,#472));
#2578=EDGE_LOOP('',(#473,#474,#475,#476));
#2579=EDGE_LOOP('',(#477,#478,#479,#480));
#2580=EDGE_LOOP('',(#481,#482,#483,#484));
#2581=EDGE_LOOP('',(#485,#486,#487,#488));
#2582=EDGE_LOOP('',(#489,#490,#491,#492));
#2583=EDGE_LOOP('',(#493,#494,#495,#496));
#2584=EDGE_LOOP('',(#497,#498,#499,#500));
#2585=EDGE_LOOP('',(#501,#502,#503,#504));
#2586=EDGE_LOOP('',(#505,#506,#507,#508));
#2587=EDGE_LOOP('',(#509,#510,#511,#512));
#2588=EDGE_LOOP('',(#513,#514,#515,#516));
#2589=EDGE_LOOP('',(#517,#518,#519,#520));
#2590=EDGE_LOOP('',(#521,#522,#523,#524));
#2591=EDGE_LOOP('',(#525,#526,#527,#528));
#2592=EDGE_LOOP('',(#529,#530,#531,#532,#533,#534));
#2593=EDGE_LOOP('',(#535,#536,#537,#538));
#2594=EDGE_LOOP('',(#539,#540,#541,#542));
#2595=EDGE_LOOP('',(#543,#544,#545,#546,#547,#548));
#2596=EDGE_LOOP('',(#549,#550,#551,#552,#553,#554));
#2597=EDGE_LOOP('',(#555,#556,#557,#558,#559));
#2598=EDGE_LOOP('',(#560,#561,#562,#563));
#2599=EDGE_LOOP('',(#564,#565,#566,#567,#568,#569));
#2600=EDGE_LOOP('',(#570,#571,#572,#573));
#2601=EDGE_LOOP('',(#574,#575,#576,#577));
#2602=EDGE_LOOP('',(#578,#579,#580,#581));
#2603=EDGE_LOOP('',(#582));
#2604=EDGE_LOOP('',(#583,#584,#585,#586));
#2605=EDGE_LOOP('',(#587));
#2606=EDGE_LOOP('',(#588,#589,#590,#591));
#2607=EDGE_LOOP('',(#592,#593,#594,#595));
#2608=EDGE_LOOP('',(#596,#597,#598,#599));
#2609=EDGE_LOOP('',(#600,#601,#602,#603));
#2610=EDGE_LOOP('',(#604,#605,#606,#607));
#2611=EDGE_LOOP('',(#608,#609,#610,#611));
#2612=EDGE_LOOP('',(#612,#613,#614,#615));
#2613=EDGE_LOOP('',(#616));
#2614=EDGE_LOOP('',(#617,#618,#619,#620,#621,#622));
#2615=EDGE_LOOP('',(#623,#624,#625,#626));
#2616=EDGE_LOOP('',(#627,#628,#629,#630));
#2617=EDGE_LOOP('',(#631,#632,#633,#634));
#2618=EDGE_LOOP('',(#635,#636,#637,#638));
#2619=EDGE_LOOP('',(#639,#640,#641,#642));
#2620=EDGE_LOOP('',(#643,#644,#645,#646));
#2621=EDGE_LOOP('',(#647));
#2622=EDGE_LOOP('',(#648));
#2623=EDGE_LOOP('',(#649,#650,#651,#652));
#2624=EDGE_LOOP('',(#653,#654,#655,#656));
#2625=EDGE_LOOP('',(#657,#658,#659,#660,#661,#662));
#2626=EDGE_LOOP('',(#663,#664,#665,#666));
#2627=EDGE_LOOP('',(#667,#668,#669,#670));
#2628=EDGE_LOOP('',(#671,#672,#673,#674));
#2629=EDGE_LOOP('',(#675));
#2630=EDGE_LOOP('',(#676,#677,#678,#679,#680,#681,#682));
#2631=EDGE_LOOP('',(#683));
#2632=EDGE_LOOP('',(#684,#685,#686,#687,#688,#689));
#2633=EDGE_LOOP('',(#690,#691,#692,#693));
#2634=EDGE_LOOP('',(#694,#695,#696,#697));
#2635=EDGE_LOOP('',(#698,#699,#700,#701));
#2636=EDGE_LOOP('',(#702,#703,#704,#705));
#2637=EDGE_LOOP('',(#706,#707,#708,#709));
#2638=EDGE_LOOP('',(#710,#711,#712,#713));
#2639=EDGE_LOOP('',(#714,#715,#716,#717));
#2640=EDGE_LOOP('',(#718,#719,#720,#721));
#2641=EDGE_LOOP('',(#722,#723,#724,#725));
#2642=EDGE_LOOP('',(#726,#727,#728,#729));
#2643=EDGE_LOOP('',(#730,#731,#732,#733));
#2644=EDGE_LOOP('',(#734,#735,#736,#737));
#2645=EDGE_LOOP('',(#738));
#2646=EDGE_LOOP('',(#739));
#2647=EDGE_LOOP('',(#740,#741,#742,#743,#744,#745,#746,#747));
#2648=EDGE_LOOP('',(#748,#749,#750,#751));
#2649=EDGE_LOOP('',(#752,#753,#754,#755));
#2650=EDGE_LOOP('',(#756,#757,#758,#759));
#2651=EDGE_LOOP('',(#760,#761,#762,#763,#764,#765));
#2652=EDGE_LOOP('',(#766));
#2653=EDGE_LOOP('',(#767,#768,#769,#770));
#2654=EDGE_LOOP('',(#771,#772,#773,#774));
#2655=EDGE_LOOP('',(#775,#776,#777,#778));
#2656=EDGE_LOOP('',(#779,#780,#781,#782));
#2657=EDGE_LOOP('',(#783,#784,#785,#786));
#2658=EDGE_LOOP('',(#787,#788,#789,#790));
#2659=EDGE_LOOP('',(#791,#792,#793,#794));
#2660=EDGE_LOOP('',(#795,#796,#797,#798));
#2661=EDGE_LOOP('',(#799,#800,#801,#802));
#2662=EDGE_LOOP('',(#803,#804,#805,#806));
#2663=EDGE_LOOP('',(#807,#808,#809,#810));
#2664=EDGE_LOOP('',(#811,#812,#813,#814));
#2665=EDGE_LOOP('',(#815,#816,#817,#818,#819,#820));
#2666=EDGE_LOOP('',(#821));
#2667=EDGE_LOOP('',(#822,#823,#824,#825));
#2668=EDGE_LOOP('',(#826,#827,#828,#829));
#2669=EDGE_LOOP('',(#830,#831,#832,#833));
#2670=EDGE_LOOP('',(#834,#835,#836,#837));
#2671=EDGE_LOOP('',(#838,#839,#840,#841));
#2672=EDGE_LOOP('',(#842,#843,#844,#845));
#2673=EDGE_LOOP('',(#846,#847,#848,#849,#850,#851,#852));
#2674=EDGE_LOOP('',(#853));
#2675=EDGE_LOOP('',(#854,#855,#856,#857));
#2676=EDGE_LOOP('',(#858,#859,#860,#861));
#2677=EDGE_LOOP('',(#862,#863,#864,#865));
#2678=EDGE_LOOP('',(#866,#867,#868,#869));
#2679=EDGE_LOOP('',(#870,#871,#872,#873));
#2680=EDGE_LOOP('',(#874,#875,#876,#877));
#2681=EDGE_LOOP('',(#878,#879,#880,#881,#882,#883));
#2682=EDGE_LOOP('',(#884));
#2683=EDGE_LOOP('',(#885,#886,#887,#888));
#2684=EDGE_LOOP('',(#889,#890,#891,#892));
#2685=EDGE_LOOP('',(#893,#894,#895,#896));
#2686=EDGE_LOOP('',(#897,#898,#899,#900));
#2687=EDGE_LOOP('',(#901,#902,#903,#904));
#2688=EDGE_LOOP('',(#905,#906,#907,#908));
#2689=EDGE_LOOP('',(#909,#910,#911,#912,#913,#914));
#2690=EDGE_LOOP('',(#915));
#2691=EDGE_LOOP('',(#916,#917,#918,#919));
#2692=EDGE_LOOP('',(#920,#921,#922,#923));
#2693=EDGE_LOOP('',(#924,#925,#926,#927));
#2694=EDGE_LOOP('',(#928,#929,#930,#931));
#2695=EDGE_LOOP('',(#932,#933,#934,#935));
#2696=EDGE_LOOP('',(#936,#937,#938,#939));
#2697=EDGE_LOOP('',(#940,#941,#942,#943,#944,#945));
#2698=EDGE_LOOP('',(#946));
#2699=EDGE_LOOP('',(#947,#948,#949,#950));
#2700=EDGE_LOOP('',(#951,#952,#953,#954));
#2701=EDGE_LOOP('',(#955,#956,#957,#958));
#2702=EDGE_LOOP('',(#959,#960,#961,#962));
#2703=EDGE_LOOP('',(#963,#964,#965,#966));
#2704=EDGE_LOOP('',(#967,#968,#969,#970));
#2705=EDGE_LOOP('',(#971));
#2706=EDGE_LOOP('',(#972,#973,#974,#975,#976,#977));
#2707=EDGE_LOOP('',(#978,#979,#980,#981));
#2708=EDGE_LOOP('',(#982,#983,#984,#985));
#2709=EDGE_LOOP('',(#986,#987,#988,#989));
#2710=EDGE_LOOP('',(#990,#991,#992,#993));
#2711=EDGE_LOOP('',(#994,#995,#996,#997));
#2712=EDGE_LOOP('',(#998,#999,#1000,#1001));
#2713=EDGE_LOOP('',(#1002));
#2714=EDGE_LOOP('',(#1003,#1004,#1005,#1006,#1007,#1008));
#2715=FACE_BOUND('',#2498,.T.);
#2716=FACE_BOUND('',#2499,.T.);
#2717=FACE_BOUND('',#2500,.T.);
#2718=FACE_BOUND('',#2501,.T.);
#2719=FACE_BOUND('',#2502,.T.);
#2720=FACE_BOUND('',#2503,.T.);
#2721=FACE_BOUND('',#2504,.T.);
#2722=FACE_BOUND('',#2505,.T.);
#2723=FACE_BOUND('',#2506,.T.);
#2724=FACE_BOUND('',#2507,.T.);
#2725=FACE_BOUND('',#2508,.T.);
#2726=FACE_BOUND('',#2509,.T.);
#2727=FACE_BOUND('',#2510,.T.);
#2728=FACE_BOUND('',#2511,.T.);
#2729=FACE_BOUND('',#2512,.T.);
#2730=FACE_BOUND('',#2513,.T.);
#2731=FACE_BOUND('',#2514,.T.);
#2732=FACE_BOUND('',#2515,.T.);
#2733=FACE_BOUND('',#2516,.T.);
#2734=FACE_BOUND('',#2517,.T.);
#2735=FACE_BOUND('',#2518,.T.);
#2736=FACE_BOUND('',#2519,.T.);
#2737=FACE_BOUND('',#2520,.T.);
#2738=FACE_BOUND('',#2521,.T.);
#2739=FACE_BOUND('',#2522,.T.);
#2740=FACE_BOUND('',#2523,.T.);
#2741=FACE_BOUND('',#2524,.T.);
#2742=FACE_BOUND('',#2525,.T.);
#2743=FACE_BOUND('',#2526,.T.);
#2744=FACE_BOUND('',#2527,.T.);
#2745=FACE_BOUND('',#2528,.T.);
#2746=FACE_BOUND('',#2529,.T.);
#2747=FACE_BOUND('',#2530,.T.);
#2748=FACE_BOUND('',#2531,.T.);
#2749=FACE_BOUND('',#2532,.T.);
#2750=FACE_BOUND('',#2533,.T.);
#2751=FACE_BOUND('',#2534,.T.);
#2752=FACE_BOUND('',#2535,.T.);
#2753=FACE_BOUND('',#2536,.T.);
#2754=FACE_BOUND('',#2537,.T.);
#2755=FACE_BOUND('',#2538,.T.);
#2756=FACE_BOUND('',#2539,.T.);
#2757=FACE_BOUND('',#2540,.T.);
#2758=FACE_BOUND('',#2541,.T.);
#2759=FACE_BOUND('',#2542,.T.);
#2760=FACE_BOUND('',#2543,.T.);
#2761=FACE_BOUND('',#2544,.T.);
#2762=FACE_BOUND('',#2545,.T.);
#2763=FACE_BOUND('',#2546,.T.);
#2764=FACE_BOUND('',#2547,.T.);
#2765=FACE_BOUND('',#2548,.T.);
#2766=FACE_BOUND('',#2549,.T.);
#2767=FACE_BOUND('',#2550,.T.);
#2768=FACE_BOUND('',#2551,.T.);
#2769=FACE_BOUND('',#2552,.T.);
#2770=FACE_BOUND('',#2553,.T.);
#2771=FACE_BOUND('',#2554,.T.);
#2772=FACE_BOUND('',#2555,.T.);
#2773=FACE_BOUND('',#2556,.T.);
#2774=FACE_BOUND('',#2557,.T.);
#2775=FACE_BOUND('',#2558,.T.);
#2776=FACE_BOUND('',#2559,.T.);
#2777=FACE_BOUND('',#2560,.T.);
#2778=FACE_BOUND('',#2561,.T.);
#2779=FACE_BOUND('',#2562,.T.);
#2780=FACE_BOUND('',#2563,.T.);
#2781=FACE_BOUND('',#2564,.T.);
#2782=FACE_BOUND('',#2565,.T.);
#2783=FACE_BOUND('',#2566,.T.);
#2784=FACE_BOUND('',#2567,.T.);
#2785=FACE_BOUND('',#2568,.T.);
#2786=FACE_BOUND('',#2569,.T.);
#2787=FACE_BOUND('',#2570,.T.);
#2788=FACE_BOUND('',#2571,.T.);
#2789=FACE_BOUND('',#2572,.T.);
#2790=FACE_BOUND('',#2573,.T.);
#2791=FACE_BOUND('',#2574,.T.);
#2792=FACE_BOUND('',#2575,.T.);
#2793=FACE_BOUND('',#2576,.T.);
#2794=FACE_BOUND('',#2577,.T.);
#2795=FACE_BOUND('',#2578,.T.);
#2796=FACE_BOUND('',#2579,.T.);
#2797=FACE_BOUND('',#2580,.T.);
#2798=FACE_BOUND('',#2581,.T.);
#2799=FACE_BOUND('',#2582,.T.);
#2800=FACE_BOUND('',#2583,.T.);
#2801=FACE_BOUND('',#2584,.T.);
#2802=FACE_BOUND('',#2585,.T.);
#2803=FACE_BOUND('',#2586,.T.);
#2804=FACE_BOUND('',#2587,.T.);
#2805=FACE_BOUND('',#2588,.T.);
#2806=FACE_BOUND('',#2589,.T.);
#2807=FACE_BOUND('',#2590,.T.);
#2808=FACE_BOUND('',#2591,.T.);
#2809=FACE_BOUND('',#2592,.T.);
#2810=FACE_BOUND('',#2593,.T.);
#2811=FACE_BOUND('',#2594,.T.);
#2812=FACE_BOUND('',#2595,.T.);
#2813=FACE_BOUND('',#2596,.T.);
#2814=FACE_BOUND('',#2597,.T.);
#2815=FACE_BOUND('',#2598,.T.);
#2816=FACE_BOUND('',#2599,.T.);
#2817=FACE_BOUND('',#2600,.T.);
#2818=FACE_BOUND('',#2601,.T.);
#2819=FACE_BOUND('',#2602,.T.);
#2820=FACE_BOUND('',#2603,.T.);
#2821=FACE_BOUND('',#2604,.T.);
#2822=FACE_BOUND('',#2605,.T.);
#2823=FACE_BOUND('',#2606,.T.);
#2824=FACE_BOUND('',#2607,.T.);
#2825=FACE_BOUND('',#2608,.T.);
#2826=FACE_BOUND('',#2609,.T.);
#2827=FACE_BOUND('',#2610,.T.);
#2828=FACE_BOUND('',#2611,.T.);
#2829=FACE_BOUND('',#2612,.T.);
#2830=FACE_BOUND('',#2613,.T.);
#2831=FACE_BOUND('',#2614,.T.);
#2832=FACE_BOUND('',#2615,.T.);
#2833=FACE_BOUND('',#2616,.T.);
#2834=FACE_BOUND('',#2617,.T.);
#2835=FACE_BOUND('',#2618,.T.);
#2836=FACE_BOUND('',#2619,.T.);
#2837=FACE_BOUND('',#2620,.T.);
#2838=FACE_BOUND('',#2621,.T.);
#2839=FACE_BOUND('',#2622,.T.);
#2840=FACE_BOUND('',#2623,.T.);
#2841=FACE_BOUND('',#2624,.T.);
#2842=FACE_BOUND('',#2625,.T.);
#2843=FACE_BOUND('',#2626,.T.);
#2844=FACE_BOUND('',#2627,.T.);
#2845=FACE_BOUND('',#2628,.T.);
#2846=FACE_BOUND('',#2629,.T.);
#2847=FACE_BOUND('',#2630,.T.);
#2848=FACE_BOUND('',#2631,.T.);
#2849=FACE_BOUND('',#2632,.T.);
#2850=FACE_BOUND('',#2633,.T.);
#2851=FACE_BOUND('',#2634,.T.);
#2852=FACE_BOUND('',#2635,.T.);
#2853=FACE_BOUND('',#2636,.T.);
#2854=FACE_BOUND('',#2637,.T.);
#2855=FACE_BOUND('',#2638,.T.);
#2856=FACE_BOUND('',#2639,.T.);
#2857=FACE_BOUND('',#2640,.T.);
#2858=FACE_BOUND('',#2641,.T.);
#2859=FACE_BOUND('',#2642,.T.);
#2860=FACE_BOUND('',#2643,.T.);
#2861=FACE_BOUND('',#2644,.T.);
#2862=FACE_BOUND('',#2645,.T.);
#2863=FACE_BOUND('',#2646,.T.);
#2864=FACE_BOUND('',#2647,.T.);
#2865=FACE_BOUND('',#2648,.T.);
#2866=FACE_BOUND('',#2649,.T.);
#2867=FACE_BOUND('',#2650,.T.);
#2868=FACE_BOUND('',#2651,.T.);
#2869=FACE_BOUND('',#2652,.T.);
#2870=FACE_BOUND('',#2653,.T.);
#2871=FACE_BOUND('',#2654,.T.);
#2872=FACE_BOUND('',#2655,.T.);
#2873=FACE_BOUND('',#2656,.T.);
#2874=FACE_BOUND('',#2657,.T.);
#2875=FACE_BOUND('',#2658,.T.);
#2876=FACE_BOUND('',#2659,.T.);
#2877=FACE_BOUND('',#2660,.T.);
#2878=FACE_BOUND('',#2661,.T.);
#2879=FACE_BOUND('',#2662,.T.);
#2880=FACE_BOUND('',#2663,.T.);
#2881=FACE_BOUND('',#2664,.T.);
#2882=FACE_BOUND('',#2665,.T.);
#2883=FACE_BOUND('',#2666,.T.);
#2884=FACE_BOUND('',#2667,.T.);
#2885=FACE_BOUND('',#2668,.T.);
#2886=FACE_BOUND('',#2669,.T.);
#2887=FACE_BOUND('',#2670,.T.);
#2888=FACE_BOUND('',#2671,.T.);
#2889=FACE_BOUND('',#2672,.T.);
#2890=FACE_BOUND('',#2673,.T.);
#2891=FACE_BOUND('',#2674,.T.);
#2892=FACE_BOUND('',#2675,.T.);
#2893=FACE_BOUND('',#2676,.T.);
#2894=FACE_BOUND('',#2677,.T.);
#2895=FACE_BOUND('',#2678,.T.);
#2896=FACE_BOUND('',#2679,.T.);
#2897=FACE_BOUND('',#2680,.T.);
#2898=FACE_BOUND('',#2681,.T.);
#2899=FACE_BOUND('',#2682,.T.);
#2900=FACE_BOUND('',#2683,.T.);
#2901=FACE_BOUND('',#2684,.T.);
#2902=FACE_BOUND('',#2685,.T.);
#2903=FACE_BOUND('',#2686,.T.);
#2904=FACE_BOUND('',#2687,.T.);
#2905=FACE_BOUND('',#2688,.T.);
#2906=FACE_BOUND('',#2689,.T.);
#2907=FACE_BOUND('',#2690,.T.);
#2908=FACE_BOUND('',#2691,.T.);
#2909=FACE_BOUND('',#2692,.T.);
#2910=FACE_BOUND('',#2693,.T.);
#2911=FACE_BOUND('',#2694,.T.);
#2912=FACE_BOUND('',#2695,.T.);
#2913=FACE_BOUND('',#2696,.T.);
#2914=FACE_BOUND('',#2697,.T.);
#2915=FACE_BOUND('',#2698,.T.);
#2916=FACE_BOUND('',#2699,.T.);
#2917=FACE_BOUND('',#2700,.T.);
#2918=FACE_BOUND('',#2701,.T.);
#2919=FACE_BOUND('',#2702,.T.);
#2920=FACE_BOUND('',#2703,.T.);
#2921=FACE_BOUND('',#2704,.T.);
#2922=FACE_BOUND('',#2705,.T.);
#2923=FACE_BOUND('',#2706,.T.);
#2924=FACE_BOUND('',#2707,.T.);
#2925=FACE_BOUND('',#2708,.T.);
#2926=FACE_BOUND('',#2709,.T.);
#2927=FACE_BOUND('',#2710,.T.);
#2928=FACE_BOUND('',#2711,.T.);
#2929=FACE_BOUND('',#2712,.T.);
#2930=FACE_BOUND('',#2713,.T.);
#2931=FACE_BOUND('',#2714,.T.);
#2932=PLANE('',#3246);
#2933=PLANE('',#3281);
#2934=PLANE('',#3284);
#2935=PLANE('',#3287);
#2936=PLANE('',#3288);
#2937=PLANE('',#3294);
#2938=PLANE('',#3295);
#2939=PLANE('',#3296);
#2940=PLANE('',#3303);
#2941=PLANE('',#3311);
#2942=PLANE('',#3313);
#2943=PLANE('',#3314);
#2944=PLANE('',#3316);
#2945=PLANE('',#3317);
#2946=PLANE('',#3318);
#2947=PLANE('',#3319);
#2948=PLANE('',#3322);
#2949=PLANE('',#3326);
#2950=PLANE('',#3329);
#2951=PLANE('',#3333);
#2952=PLANE('',#3335);
#2953=PLANE('',#3339);
#2954=PLANE('',#3346);
#2955=PLANE('',#3347);
#2956=PLANE('',#3351);
#2957=PLANE('',#3354);
#2958=PLANE('',#3359);
#2959=PLANE('',#3363);
#2960=PLANE('',#3367);
#2961=PLANE('',#3368);
#2962=PLANE('',#3369);
#2963=PLANE('',#3370);
#2964=PLANE('',#3371);
#2965=PLANE('',#3372);
#2966=PLANE('',#3373);
#2967=PLANE('',#3374);
#2968=PLANE('',#3375);
#2969=PLANE('',#3376);
#2970=PLANE('',#3377);
#2971=PLANE('',#3382);
#2972=PLANE('',#3383);
#2973=PLANE('',#3384);
#2974=PLANE('',#3385);
#2975=PLANE('',#3386);
#2976=PLANE('',#3387);
#2977=PLANE('',#3388);
#2978=PLANE('',#3389);
#2979=PLANE('',#3390);
#2980=PLANE('',#3392);
#2981=PLANE('',#3393);
#2982=PLANE('',#3394);
#2983=PLANE('',#3395);
#2984=PLANE('',#3396);
#2985=PLANE('',#3397);
#2986=PLANE('',#3399);
#2987=PLANE('',#3400);
#2988=PLANE('',#3401);
#2989=PLANE('',#3402);
#2990=PLANE('',#3403);
#2991=PLANE('',#3404);
#2992=PLANE('',#3405);
#2993=PLANE('',#3406);
#2994=PLANE('',#3408);
#2995=PLANE('',#3409);
#2996=PLANE('',#3410);
#2997=PLANE('',#3411);
#2998=PLANE('',#3412);
#2999=PLANE('',#3413);
#3000=PLANE('',#3414);
#3001=PLANE('',#3415);
#3002=PLANE('',#3416);
#3003=PLANE('',#3417);
#3004=PLANE('',#3418);
#3005=PLANE('',#3419);
#3006=PLANE('',#3421);
#3007=PLANE('',#3422);
#3008=PLANE('',#3423);
#3009=PLANE('',#3424);
#3010=PLANE('',#3425);
#3011=PLANE('',#3426);
#3012=PLANE('',#3427);
#3013=PLANE('',#3428);
#3014=PLANE('',#3429);
#3015=PLANE('',#3430);
#3016=PLANE('',#3431);
#3017=PLANE('',#3432);
#3018=PLANE('',#3433);
#3019=PLANE('',#3434);
#3020=PLANE('',#3435);
#3021=PLANE('',#3436);
#3022=PLANE('',#3437);
#3023=PLANE('',#3438);
#3024=PLANE('',#3439);
#3025=PLANE('',#3440);
#3026=PLANE('',#3441);
#3027=PLANE('',#3442);
#3028=PLANE('',#3443);
#3029=PLANE('',#3444);
#3030=PLANE('',#3445);
#3031=PLANE('',#3446);
#3032=PLANE('',#3447);
#3033=PLANE('',#3448);
#3034=PLANE('',#3449);
#3035=PLANE('',#3450);
#3036=PLANE('',#3451);
#3037=PLANE('',#3452);
#3038=PLANE('',#3453);
#3039=PLANE('',#3454);
#3040=PLANE('',#3455);
#3041=PLANE('',#3456);
#3042=PLANE('',#3457);
#3043=PLANE('',#3458);
#3044=PLANE('',#3459);
#3045=PLANE('',#3460);
#3046=PLANE('',#3461);
#3047=PLANE('',#3462);
#3048=PLANE('',#3463);
#3049=PLANE('',#3464);
#3050=PLANE('',#3465);
#3051=PLANE('',#3466);
#3052=PLANE('',#3467);
#3053=PLANE('',#3468);
#3054=PLANE('',#3469);
#3055=PLANE('',#3470);
#3056=PLANE('',#3471);
#3057=PLANE('',#3472);
#3058=PLANE('',#3473);
#3059=PLANE('',#3474);
#3060=PLANE('',#3475);
#3061=PLANE('',#3476);
#3062=PLANE('',#3477);
#3063=PLANE('',#3478);
#3064=PLANE('',#3479);
#3065=PLANE('',#3480);
#3066=ADVANCED_FACE('',(#2715,#2716,#2717,#2718,#2719,#2720,#2721,#2722),
#2932,.F.);
#3067=ADVANCED_FACE('',(#2723,#2724),#20,.F.);
#3068=ADVANCED_FACE('',(#2725,#2726),#21,.F.);
#3069=ADVANCED_FACE('',(#2727,#2728),#22,.F.);
#3070=ADVANCED_FACE('',(#2729,#2730),#23,.F.);
#3071=ADVANCED_FACE('',(#2731,#2732),#24,.F.);
#3072=ADVANCED_FACE('',(#2733),#25,.F.);
#3073=ADVANCED_FACE('',(#2734,#2735),#26,.F.);
#3074=ADVANCED_FACE('',(#2736,#2737),#27,.F.);
#3075=ADVANCED_FACE('',(#2738,#2739),#28,.F.);
#3076=ADVANCED_FACE('',(#2740),#29,.F.);
#3077=ADVANCED_FACE('',(#2741,#2742,#2743,#2744,#2745,#2746,#2747,#2748),
#2933,.F.);
#3078=ADVANCED_FACE('',(#2749,#2750,#2751),#2934,.T.);
#3079=ADVANCED_FACE('',(#2752,#2753),#30,.F.);
#3080=ADVANCED_FACE('',(#2754),#2935,.F.);
#3081=ADVANCED_FACE('',(#2755),#2936,.T.);
#3082=ADVANCED_FACE('',(#2756,#2757),#31,.F.);
#3083=ADVANCED_FACE('',(#2758,#2759),#32,.F.);
#3084=ADVANCED_FACE('',(#2760,#2761,#2762),#2937,.F.);
#3085=ADVANCED_FACE('',(#2763,#2764,#2765),#2938,.F.);
#3086=ADVANCED_FACE('',(#2766),#2939,.T.);
#3087=ADVANCED_FACE('',(#2767),#33,.F.);
#3088=ADVANCED_FACE('',(#2768),#2940,.F.);
#3089=ADVANCED_FACE('',(#2769,#2770),#34,.F.);
#3090=ADVANCED_FACE('',(#2771,#2772),#35,.F.);
#3091=ADVANCED_FACE('',(#2773,#2774,#2775),#2941,.T.);
#3092=ADVANCED_FACE('',(#2776),#2942,.T.);
#3093=ADVANCED_FACE('',(#2777),#2943,.T.);
#3094=ADVANCED_FACE('',(#2778),#2944,.F.);
#3095=ADVANCED_FACE('',(#2779),#2945,.T.);
#3096=ADVANCED_FACE('',(#2780),#2946,.T.);
#3097=ADVANCED_FACE('',(#2781),#2947,.T.);
#3098=ADVANCED_FACE('',(#2782),#2948,.T.);
#3099=ADVANCED_FACE('',(#2783),#36,.F.);
#3100=ADVANCED_FACE('',(#2784),#2949,.T.);
#3101=ADVANCED_FACE('',(#2785),#2950,.T.);
#3102=ADVANCED_FACE('',(#2786),#37,.F.);
#3103=ADVANCED_FACE('',(#2787),#2951,.T.);
#3104=ADVANCED_FACE('',(#2788),#14,.F.);
#3105=ADVANCED_FACE('',(#2789),#2952,.T.);
#3106=ADVANCED_FACE('',(#2790),#38,.F.);
#3107=ADVANCED_FACE('',(#2791),#39,.F.);
#3108=ADVANCED_FACE('',(#2792),#2953,.T.);
#3109=ADVANCED_FACE('',(#2793),#40,.F.);
#3110=ADVANCED_FACE('',(#2794),#41,.F.);
#3111=ADVANCED_FACE('',(#2795),#2954,.F.);
#3112=ADVANCED_FACE('',(#2796),#2955,.T.);
#3113=ADVANCED_FACE('',(#2797),#42,.F.);
#3114=ADVANCED_FACE('',(#2798),#2956,.T.);
#3115=ADVANCED_FACE('',(#2799),#43,.F.);
#3116=ADVANCED_FACE('',(#2800),#2957,.F.);
#3117=ADVANCED_FACE('',(#2801),#44,.F.);
#3118=ADVANCED_FACE('',(#2802),#2958,.F.);
#3119=ADVANCED_FACE('',(#2803),#45,.F.);
#3120=ADVANCED_FACE('',(#2804),#2959,.F.);
#3121=ADVANCED_FACE('',(#2805),#46,.F.);
#3122=ADVANCED_FACE('',(#2806),#47,.F.);
#3123=ADVANCED_FACE('',(#2807),#2960,.F.);
#3124=ADVANCED_FACE('',(#2808),#2961,.T.);
#3125=ADVANCED_FACE('',(#2809),#2962,.T.);
#3126=ADVANCED_FACE('',(#2810),#2963,.F.);
#3127=ADVANCED_FACE('',(#2811),#2964,.T.);
#3128=ADVANCED_FACE('',(#2812),#2965,.T.);
#3129=ADVANCED_FACE('',(#2813),#2966,.T.);
#3130=ADVANCED_FACE('',(#2814),#2967,.F.);
#3131=ADVANCED_FACE('',(#2815),#2968,.T.);
#3132=ADVANCED_FACE('',(#2816),#2969,.T.);
#3133=ADVANCED_FACE('',(#2817),#2970,.F.);
#3134=ADVANCED_FACE('',(#2818),#48,.F.);
#3135=ADVANCED_FACE('',(#2819),#49,.F.);
#3136=ADVANCED_FACE('',(#2820,#2821),#2971,.T.);
#3137=ADVANCED_FACE('',(#2822,#2823),#2972,.T.);
#3138=ADVANCED_FACE('',(#2824),#2973,.T.);
#3139=ADVANCED_FACE('',(#2825),#2974,.T.);
#3140=ADVANCED_FACE('',(#2826),#2975,.T.);
#3141=ADVANCED_FACE('',(#2827),#2976,.T.);
#3142=ADVANCED_FACE('',(#2828),#2977,.T.);
#3143=ADVANCED_FACE('',(#2829),#2978,.T.);
#3144=ADVANCED_FACE('',(#2830,#2831),#2979,.T.);
#3145=ADVANCED_FACE('',(#2832),#2980,.F.);
#3146=ADVANCED_FACE('',(#2833),#2981,.F.);
#3147=ADVANCED_FACE('',(#2834),#2982,.F.);
#3148=ADVANCED_FACE('',(#2835),#2983,.F.);
#3149=ADVANCED_FACE('',(#2836),#2984,.F.);
#3150=ADVANCED_FACE('',(#2837),#2985,.F.);
#3151=ADVANCED_FACE('',(#2838,#2839),#12,.F.);
#3152=ADVANCED_FACE('',(#2840),#2986,.T.);
#3153=ADVANCED_FACE('',(#2841),#2987,.T.);
#3154=ADVANCED_FACE('',(#2842),#2988,.T.);
#3155=ADVANCED_FACE('',(#2843),#2989,.T.);
#3156=ADVANCED_FACE('',(#2844),#2990,.T.);
#3157=ADVANCED_FACE('',(#2845),#2991,.T.);
#3158=ADVANCED_FACE('',(#2846,#2847),#2992,.T.);
#3159=ADVANCED_FACE('',(#2848,#2849),#2993,.T.);
#3160=ADVANCED_FACE('',(#2850),#2994,.T.);
#3161=ADVANCED_FACE('',(#2851),#2995,.T.);
#3162=ADVANCED_FACE('',(#2852),#2996,.T.);
#3163=ADVANCED_FACE('',(#2853),#2997,.T.);
#3164=ADVANCED_FACE('',(#2854),#2998,.T.);
#3165=ADVANCED_FACE('',(#2855),#2999,.T.);
#3166=ADVANCED_FACE('',(#2856),#3000,.F.);
#3167=ADVANCED_FACE('',(#2857),#3001,.F.);
#3168=ADVANCED_FACE('',(#2858),#3002,.F.);
#3169=ADVANCED_FACE('',(#2859),#3003,.F.);
#3170=ADVANCED_FACE('',(#2860),#3004,.F.);
#3171=ADVANCED_FACE('',(#2861),#3005,.F.);
#3172=ADVANCED_FACE('',(#2862,#2863),#13,.F.);
#3173=ADVANCED_FACE('',(#2864),#3006,.T.);
#3174=ADVANCED_FACE('',(#2865),#3007,.T.);
#3175=ADVANCED_FACE('',(#2866),#3008,.T.);
#3176=ADVANCED_FACE('',(#2867),#3009,.T.);
#3177=ADVANCED_FACE('',(#2868,#2869),#3010,.T.);
#3178=ADVANCED_FACE('',(#2870),#3011,.T.);
#3179=ADVANCED_FACE('',(#2871),#3012,.T.);
#3180=ADVANCED_FACE('',(#2872),#3013,.T.);
#3181=ADVANCED_FACE('',(#2873),#3014,.T.);
#3182=ADVANCED_FACE('',(#2874),#3015,.T.);
#3183=ADVANCED_FACE('',(#2875),#3016,.T.);
#3184=ADVANCED_FACE('',(#2876),#3017,.T.);
#3185=ADVANCED_FACE('',(#2877),#3018,.T.);
#3186=ADVANCED_FACE('',(#2878),#3019,.T.);
#3187=ADVANCED_FACE('',(#2879),#3020,.T.);
#3188=ADVANCED_FACE('',(#2880),#3021,.T.);
#3189=ADVANCED_FACE('',(#2881),#3022,.T.);
#3190=ADVANCED_FACE('',(#2882,#2883),#3023,.T.);
#3191=ADVANCED_FACE('',(#2884),#3024,.T.);
#3192=ADVANCED_FACE('',(#2885),#3025,.T.);
#3193=ADVANCED_FACE('',(#2886),#3026,.T.);
#3194=ADVANCED_FACE('',(#2887),#3027,.T.);
#3195=ADVANCED_FACE('',(#2888),#3028,.T.);
#3196=ADVANCED_FACE('',(#2889),#3029,.T.);
#3197=ADVANCED_FACE('',(#2890,#2891),#3030,.T.);
#3198=ADVANCED_FACE('',(#2892),#3031,.T.);
#3199=ADVANCED_FACE('',(#2893),#3032,.T.);
#3200=ADVANCED_FACE('',(#2894),#3033,.T.);
#3201=ADVANCED_FACE('',(#2895),#3034,.T.);
#3202=ADVANCED_FACE('',(#2896),#3035,.T.);
#3203=ADVANCED_FACE('',(#2897),#3036,.T.);
#3204=ADVANCED_FACE('',(#2898,#2899),#3037,.T.);
#3205=ADVANCED_FACE('',(#2900),#3038,.T.);
#3206=ADVANCED_FACE('',(#2901),#3039,.T.);
#3207=ADVANCED_FACE('',(#2902),#3040,.T.);
#3208=ADVANCED_FACE('',(#2903),#3041,.T.);
#3209=ADVANCED_FACE('',(#2904),#3042,.T.);
#3210=ADVANCED_FACE('',(#2905),#3043,.T.);
#3211=ADVANCED_FACE('',(#2906,#2907),#3044,.T.);
#3212=ADVANCED_FACE('',(#2908),#3045,.T.);
#3213=ADVANCED_FACE('',(#2909),#3046,.T.);
#3214=ADVANCED_FACE('',(#2910),#3047,.T.);
#3215=ADVANCED_FACE('',(#2911),#3048,.T.);
#3216=ADVANCED_FACE('',(#2912),#3049,.T.);
#3217=ADVANCED_FACE('',(#2913),#3050,.T.);
#3218=ADVANCED_FACE('',(#2914,#2915),#3051,.T.);
#3219=ADVANCED_FACE('',(#2916),#3052,.T.);
#3220=ADVANCED_FACE('',(#2917),#3053,.T.);
#3221=ADVANCED_FACE('',(#2918),#3054,.T.);
#3222=ADVANCED_FACE('',(#2919),#3055,.T.);
#3223=ADVANCED_FACE('',(#2920),#3056,.T.);
#3224=ADVANCED_FACE('',(#2921),#3057,.T.);
#3225=ADVANCED_FACE('',(#2922,#2923),#3058,.T.);
#3226=ADVANCED_FACE('',(#2924),#3059,.T.);
#3227=ADVANCED_FACE('',(#2925),#3060,.T.);
#3228=ADVANCED_FACE('',(#2926),#3061,.T.);
#3229=ADVANCED_FACE('',(#2927),#3062,.T.);
#3230=ADVANCED_FACE('',(#2928),#3063,.T.);
#3231=ADVANCED_FACE('',(#2929),#3064,.T.);
#3232=ADVANCED_FACE('',(#2930,#2931),#3065,.T.);
#3233=CLOSED_SHELL('',(#3066,#3067,#3068,#3069,#3070,#3071,#3072,#3073,
#3074,#3075,#3076,#3077,#3078,#3079,#3080,#3081,#3082,#3083,#3084,#3085,
#3086,#3087,#3088,#3089,#3090,#3091,#3092,#3093,#3094,#3095,#3096,#3097,
#3098,#3099,#3100,#3101,#3102,#3103,#3104,#3105,#3106,#3107,#3108,#3109,
#3110,#3111,#3112,#3113,#3114,#3115,#3116,#3117,#3118,#3119,#3120,#3121,
#3122,#3123,#3124,#3125,#3126,#3127,#3128,#3129,#3130,#3131,#3132,#3133,
#3134,#3135,#3136,#3137,#3138,#3139,#3140,#3141,#3142,#3143,#3144,#3145,
#3146,#3147,#3148,#3149,#3150,#3151,#3152,#3153,#3154,#3155,#3156,#3157,
#3158,#3159,#3160,#3161,#3162,#3163,#3164,#3165,#3166,#3167,#3168,#3169,
#3170,#3171,#3172,#3173,#3174,#3175,#3176,#3177,#3178,#3179,#3180,#3181,
#3182,#3183,#3184,#3185,#3186,#3187,#3188,#3189,#3190,#3191,#3192,#3193,
#3194,#3195,#3196,#3197,#3198,#3199,#3200,#3201,#3202,#3203,#3204,#3205,
#3206,#3207,#3208,#3209,#3210,#3211,#3212,#3213,#3214,#3215,#3216,#3217,
#3218,#3219,#3220,#3221,#3222,#3223,#3224,#3225,#3226,#3227,#3228,#3229,
#3230,#3231,#3232));
#3234=STYLED_ITEM('',(#3235),#3242);
#3235=PRESENTATION_STYLE_ASSIGNMENT((#3236));
#3236=SURFACE_STYLE_USAGE(.BOTH.,#3237);
#3237=SURFACE_SIDE_STYLE('',(#3238));
#3238=SURFACE_STYLE_FILL_AREA(#3239);
#3239=FILL_AREA_STYLE('',(#3240));
#3240=FILL_AREA_STYLE_COLOUR('',#3241);
#3241=COLOUR_RGB('',0.980392156862745,0.713725490196078,0.00392156862745098);
#3242=MANIFOLD_SOLID_BREP('House Top',#3233);
#3243=SHAPE_DEFINITION_REPRESENTATION(#5282,#3244);
#3244=SHAPE_REPRESENTATION('House Top',(#3245),#5277);
#3245=AXIS2_PLACEMENT_3D('',#4324,#3481,#3482);
#3246=AXIS2_PLACEMENT_3D('',#4325,#3483,#3484);
#3247=AXIS2_PLACEMENT_3D('',#4363,#3503,#3504);
#3248=AXIS2_PLACEMENT_3D('',#4379,#3512,#3513);
#3249=AXIS2_PLACEMENT_3D('',#4415,#3531,#3532);
#3250=AXIS2_PLACEMENT_3D('',#4476,#3563,#3564);
#3251=AXIS2_PLACEMENT_3D('',#4477,#3565,#3566);
#3252=AXIS2_PLACEMENT_3D('',#4479,#3567,#3568);
#3253=AXIS2_PLACEMENT_3D('',#4481,#3569,#3570);
#3254=AXIS2_PLACEMENT_3D('',#4482,#3571,#3572);
#3255=AXIS2_PLACEMENT_3D('',#4484,#3573,#3574);
#3256=AXIS2_PLACEMENT_3D('',#4486,#3575,#3576);
#3257=AXIS2_PLACEMENT_3D('',#4487,#3577,#3578);
#3258=AXIS2_PLACEMENT_3D('',#4489,#3579,#3580);
#3259=AXIS2_PLACEMENT_3D('',#4491,#3581,#3582);
#3260=AXIS2_PLACEMENT_3D('',#4492,#3583,#3584);
#3261=AXIS2_PLACEMENT_3D('',#4494,#3585,#3586);
#3262=AXIS2_PLACEMENT_3D('',#4496,#3587,#3588);
#3263=AXIS2_PLACEMENT_3D('',#4497,#3589,#3590);
#3264=AXIS2_PLACEMENT_3D('',#4499,#3591,#3592);
#3265=AXIS2_PLACEMENT_3D('',#4501,#3593,#3594);
#3266=AXIS2_PLACEMENT_3D('',#4502,#3595,#3596);
#3267=AXIS2_PLACEMENT_3D('',#4508,#3599,#3600);
#3268=AXIS2_PLACEMENT_3D('',#4527,#3604,#3605);
#3269=AXIS2_PLACEMENT_3D('',#4528,#3606,#3607);
#3270=AXIS2_PLACEMENT_3D('',#4530,#3608,#3609);
#3271=AXIS2_PLACEMENT_3D('',#4532,#3610,#3611);
#3272=AXIS2_PLACEMENT_3D('',#4533,#3612,#3613);
#3273=AXIS2_PLACEMENT_3D('',#4535,#3614,#3615);
#3274=AXIS2_PLACEMENT_3D('',#4537,#3616,#3617);
#3275=AXIS2_PLACEMENT_3D('',#4538,#3618,#3619);
#3276=AXIS2_PLACEMENT_3D('',#4540,#3620,#3621);
#3277=AXIS2_PLACEMENT_3D('',#4542,#3622,#3623);
#3278=AXIS2_PLACEMENT_3D('',#4543,#3624,#3625);
#3279=AXIS2_PLACEMENT_3D('',#4548,#3627,#3628);
#3280=AXIS2_PLACEMENT_3D('',#4553,#3631,#3632);
#3281=AXIS2_PLACEMENT_3D('',#4556,#3634,#3635);
#3282=AXIS2_PLACEMENT_3D('',#4557,#3636,#3637);
#3283=AXIS2_PLACEMENT_3D('',#4559,#3638,#3639);
#3284=AXIS2_PLACEMENT_3D('',#4633,#3676,#3677);
#3285=AXIS2_PLACEMENT_3D('',#4670,#3696,#3697);
#3286=AXIS2_PLACEMENT_3D('',#4671,#3698,#3699);
#3287=AXIS2_PLACEMENT_3D('',#4673,#3700,#3701);
#3288=AXIS2_PLACEMENT_3D('',#4679,#3705,#3706);
#3289=AXIS2_PLACEMENT_3D('',#4692,#3714,#3715);
#3290=AXIS2_PLACEMENT_3D('',#4693,#3716,#3717);
#3291=AXIS2_PLACEMENT_3D('',#4695,#3718,#3719);
#3292=AXIS2_PLACEMENT_3D('',#4697,#3720,#3721);
#3293=AXIS2_PLACEMENT_3D('',#4698,#3722,#3723);
#3294=AXIS2_PLACEMENT_3D('',#4700,#3724,#3725);
#3295=AXIS2_PLACEMENT_3D('',#4752,#3752,#3753);
#3296=AXIS2_PLACEMENT_3D('',#4779,#3765,#3766);
#3297=AXIS2_PLACEMENT_3D('',#4784,#3771,#3772);
#3298=AXIS2_PLACEMENT_3D('',#4785,#3773,#3774);
#3299=AXIS2_PLACEMENT_3D('',#4786,#3775,#3776);
#3300=AXIS2_PLACEMENT_3D('',#4787,#3777,#3778);
#3301=AXIS2_PLACEMENT_3D('',#4791,#3780,#3781);
#3302=AXIS2_PLACEMENT_3D('',#4795,#3783,#3784);
#3303=AXIS2_PLACEMENT_3D('',#4796,#3785,#3786);
#3304=AXIS2_PLACEMENT_3D('',#4799,#3789,#3790);
#3305=AXIS2_PLACEMENT_3D('',#4800,#3791,#3792);
#3306=AXIS2_PLACEMENT_3D('',#4801,#3793,#3794);
#3307=AXIS2_PLACEMENT_3D('',#4803,#3795,#3796);
#3308=AXIS2_PLACEMENT_3D('',#4805,#3797,#3798);
#3309=AXIS2_PLACEMENT_3D('',#4806,#3799,#3800);
#3310=AXIS2_PLACEMENT_3D('',#4808,#3801,#3802);
#3311=AXIS2_PLACEMENT_3D('',#4810,#3803,#3804);
#3312=AXIS2_PLACEMENT_3D('',#4811,#3805,#3806);
#3313=AXIS2_PLACEMENT_3D('',#4817,#3810,#3811);
#3314=AXIS2_PLACEMENT_3D('',#4820,#3814,#3815);
#3315=AXIS2_PLACEMENT_3D('',#4821,#3816,#3817);
#3316=AXIS2_PLACEMENT_3D('',#4823,#3819,#3820);
#3317=AXIS2_PLACEMENT_3D('',#4824,#3821,#3822);
#3318=AXIS2_PLACEMENT_3D('',#4825,#3823,#3824);
#3319=AXIS2_PLACEMENT_3D('',#4827,#3826,#3827);
#3320=AXIS2_PLACEMENT_3D('',#4828,#3828,#3829);
#3321=AXIS2_PLACEMENT_3D('',#4829,#3830,#3831);
#3322=AXIS2_PLACEMENT_3D('',#4830,#3832,#3833);
#3323=AXIS2_PLACEMENT_3D('',#4831,#3834,#3835);
#3324=AXIS2_PLACEMENT_3D('',#4832,#3836,#3837);
#3325=AXIS2_PLACEMENT_3D('',#4833,#3838,#3839);
#3326=AXIS2_PLACEMENT_3D('',#4834,#3840,#3841);
#3327=AXIS2_PLACEMENT_3D('',#4835,#3842,#3843);
#3328=AXIS2_PLACEMENT_3D('',#4836,#3844,#3845);
#3329=AXIS2_PLACEMENT_3D('',#4837,#3846,#3847);
#3330=AXIS2_PLACEMENT_3D('',#4838,#3848,#3849);
#3331=AXIS2_PLACEMENT_3D('',#4839,#3850,#3851);
#3332=AXIS2_PLACEMENT_3D('',#4840,#3852,#3853);
#3333=AXIS2_PLACEMENT_3D('',#4841,#3854,#3855);
#3334=AXIS2_PLACEMENT_3D('',#4842,#3856,#3857);
#3335=AXIS2_PLACEMENT_3D('',#4873,#3859,#3860);
#3336=AXIS2_PLACEMENT_3D('',#4874,#3861,#3862);
#3337=AXIS2_PLACEMENT_3D('',#4875,#3863,#3864);
#3338=AXIS2_PLACEMENT_3D('',#4876,#3865,#3866);
#3339=AXIS2_PLACEMENT_3D('',#4877,#3867,#3868);
#3340=AXIS2_PLACEMENT_3D('',#4878,#3869,#3870);
#3341=AXIS2_PLACEMENT_3D('',#4879,#3871,#3872);
#3342=AXIS2_PLACEMENT_3D('',#4880,#3873,#3874);
#3343=AXIS2_PLACEMENT_3D('',#4881,#3875,#3876);
#3344=AXIS2_PLACEMENT_3D('',#4882,#3877,#3878);
#3345=AXIS2_PLACEMENT_3D('',#4883,#3879,#3880);
#3346=AXIS2_PLACEMENT_3D('',#4884,#3881,#3882);
#3347=AXIS2_PLACEMENT_3D('',#4885,#3883,#3884);
#3348=AXIS2_PLACEMENT_3D('',#4886,#3885,#3886);
#3349=AXIS2_PLACEMENT_3D('',#4887,#3887,#3888);
#3350=AXIS2_PLACEMENT_3D('',#4888,#3889,#3890);
#3351=AXIS2_PLACEMENT_3D('',#4889,#3891,#3892);
#3352=AXIS2_PLACEMENT_3D('',#4890,#3893,#3894);
#3353=AXIS2_PLACEMENT_3D('',#4891,#3895,#3896);
#3354=AXIS2_PLACEMENT_3D('',#4892,#3897,#3898);
#3355=AXIS2_PLACEMENT_3D('',#4893,#3899,#3900);
#3356=AXIS2_PLACEMENT_3D('',#4894,#3901,#3902);
#3357=AXIS2_PLACEMENT_3D('',#4895,#3903,#3904);
#3358=AXIS2_PLACEMENT_3D('',#4896,#3905,#3906);
#3359=AXIS2_PLACEMENT_3D('',#4897,#3907,#3908);
#3360=AXIS2_PLACEMENT_3D('',#4898,#3909,#3910);
#3361=AXIS2_PLACEMENT_3D('',#4899,#3911,#3912);
#3362=AXIS2_PLACEMENT_3D('',#4900,#3913,#3914);
#3363=AXIS2_PLACEMENT_3D('',#4901,#3915,#3916);
#3364=AXIS2_PLACEMENT_3D('',#4902,#3917,#3918);
#3365=AXIS2_PLACEMENT_3D('',#4903,#3919,#3920);
#3366=AXIS2_PLACEMENT_3D('',#4904,#3921,#3922);
#3367=AXIS2_PLACEMENT_3D('',#4905,#3923,#3924);
#3368=AXIS2_PLACEMENT_3D('',#4907,#3926,#3927);
#3369=AXIS2_PLACEMENT_3D('',#4911,#3930,#3931);
#3370=AXIS2_PLACEMENT_3D('',#4915,#3934,#3935);
#3371=AXIS2_PLACEMENT_3D('',#4917,#3937,#3938);
#3372=AXIS2_PLACEMENT_3D('',#4921,#3941,#3942);
#3373=AXIS2_PLACEMENT_3D('',#4925,#3945,#3946);
#3374=AXIS2_PLACEMENT_3D('',#4928,#3949,#3950);
#3375=AXIS2_PLACEMENT_3D('',#4929,#3951,#3952);
#3376=AXIS2_PLACEMENT_3D('',#4931,#3954,#3955);
#3377=AXIS2_PLACEMENT_3D('',#4933,#3957,#3958);
#3378=AXIS2_PLACEMENT_3D('',#4934,#3959,#3960);
#3379=AXIS2_PLACEMENT_3D('',#4935,#3961,#3962);
#3380=AXIS2_PLACEMENT_3D('',#4936,#3963,#3964);
#3381=AXIS2_PLACEMENT_3D('',#4937,#3965,#3966);
#3382=AXIS2_PLACEMENT_3D('',#4938,#3967,#3968);
#3383=AXIS2_PLACEMENT_3D('',#4939,#3969,#3970);
#3384=AXIS2_PLACEMENT_3D('',#4940,#3971,#3972);
#3385=AXIS2_PLACEMENT_3D('',#4949,#3977,#3978);
#3386=AXIS2_PLACEMENT_3D('',#4955,#3982,#3983);
#3387=AXIS2_PLACEMENT_3D('',#4961,#3987,#3988);
#3388=AXIS2_PLACEMENT_3D('',#4967,#3992,#3993);
#3389=AXIS2_PLACEMENT_3D('',#4973,#3997,#3998);
#3390=AXIS2_PLACEMENT_3D('',#4976,#4001,#4002);
#3391=AXIS2_PLACEMENT_3D('',#4977,#4003,#4004);
#3392=AXIS2_PLACEMENT_3D('',#4979,#4005,#4006);
#3393=AXIS2_PLACEMENT_3D('',#4982,#4009,#4010);
#3394=AXIS2_PLACEMENT_3D('',#4984,#4012,#4013);
#3395=AXIS2_PLACEMENT_3D('',#4986,#4015,#4016);
#3396=AXIS2_PLACEMENT_3D('',#4988,#4018,#4019);
#3397=AXIS2_PLACEMENT_3D('',#4990,#4021,#4022);
#3398=AXIS2_PLACEMENT_3D('',#4991,#4023,#4024);
#3399=AXIS2_PLACEMENT_3D('',#4992,#4025,#4026);
#3400=AXIS2_PLACEMENT_3D('',#4998,#4030,#4031);
#3401=AXIS2_PLACEMENT_3D('',#5000,#4033,#4034);
#3402=AXIS2_PLACEMENT_3D('',#5004,#4037,#4038);
#3403=AXIS2_PLACEMENT_3D('',#5010,#4042,#4043);
#3404=AXIS2_PLACEMENT_3D('',#5012,#4045,#4046);
#3405=AXIS2_PLACEMENT_3D('',#5014,#4048,#4049);
#3406=AXIS2_PLACEMENT_3D('',#5015,#4050,#4051);
#3407=AXIS2_PLACEMENT_3D('',#5016,#4052,#4053);
#3408=AXIS2_PLACEMENT_3D('',#5030,#4060,#4061);
#3409=AXIS2_PLACEMENT_3D('',#5036,#4065,#4066);
#3410=AXIS2_PLACEMENT_3D('',#5040,#4069,#4070);
#3411=AXIS2_PLACEMENT_3D('',#5044,#4073,#4074);
#3412=AXIS2_PLACEMENT_3D('',#5048,#4077,#4078);
#3413=AXIS2_PLACEMENT_3D('',#5052,#4081,#4082);
#3414=AXIS2_PLACEMENT_3D('',#5054,#4084,#4085);
#3415=AXIS2_PLACEMENT_3D('',#5057,#4088,#4089);
#3416=AXIS2_PLACEMENT_3D('',#5059,#4091,#4092);
#3417=AXIS2_PLACEMENT_3D('',#5061,#4094,#4095);
#3418=AXIS2_PLACEMENT_3D('',#5063,#4097,#4098);
#3419=AXIS2_PLACEMENT_3D('',#5065,#4100,#4101);
#3420=AXIS2_PLACEMENT_3D('',#5066,#4102,#4103);
#3421=AXIS2_PLACEMENT_3D('',#5067,#4104,#4105);
#3422=AXIS2_PLACEMENT_3D('',#5073,#4109,#4110);
#3423=AXIS2_PLACEMENT_3D('',#5075,#4112,#4113);
#3424=AXIS2_PLACEMENT_3D('',#5077,#4115,#4116);
#3425=AXIS2_PLACEMENT_3D('',#5078,#4117,#4118);
#3426=AXIS2_PLACEMENT_3D('',#5091,#4125,#4126);
#3427=AXIS2_PLACEMENT_3D('',#5094,#4129,#4130);
#3428=AXIS2_PLACEMENT_3D('',#5096,#4132,#4133);
#3429=AXIS2_PLACEMENT_3D('',#5098,#4135,#4136);
#3430=AXIS2_PLACEMENT_3D('',#5100,#4138,#4139);
#3431=AXIS2_PLACEMENT_3D('',#5102,#4141,#4142);
#3432=AXIS2_PLACEMENT_3D('',#5103,#4143,#4144);
#3433=AXIS2_PLACEMENT_3D('',#5109,#4148,#4149);
#3434=AXIS2_PLACEMENT_3D('',#5113,#4152,#4153);
#3435=AXIS2_PLACEMENT_3D('',#5117,#4156,#4157);
#3436=AXIS2_PLACEMENT_3D('',#5121,#4160,#4161);
#3437=AXIS2_PLACEMENT_3D('',#5125,#4164,#4165);
#3438=AXIS2_PLACEMENT_3D('',#5127,#4167,#4168);
#3439=AXIS2_PLACEMENT_3D('',#5128,#4169,#4170);
#3440=AXIS2_PLACEMENT_3D('',#5134,#4174,#4175);
#3441=AXIS2_PLACEMENT_3D('',#5138,#4178,#4179);
#3442=AXIS2_PLACEMENT_3D('',#5142,#4182,#4183);
#3443=AXIS2_PLACEMENT_3D('',#5146,#4186,#4187);
#3444=AXIS2_PLACEMENT_3D('',#5148,#4189,#4190);
#3445=AXIS2_PLACEMENT_3D('',#5150,#4192,#4193);
#3446=AXIS2_PLACEMENT_3D('',#5151,#4194,#4195);
#3447=AXIS2_PLACEMENT_3D('',#5157,#4199,#4200);
#3448=AXIS2_PLACEMENT_3D('',#5161,#4203,#4204);
#3449=AXIS2_PLACEMENT_3D('',#5165,#4207,#4208);
#3450=AXIS2_PLACEMENT_3D('',#5169,#4211,#4212);
#3451=AXIS2_PLACEMENT_3D('',#5173,#4215,#4216);
#3452=AXIS2_PLACEMENT_3D('',#5175,#4218,#4219);
#3453=AXIS2_PLACEMENT_3D('',#5176,#4220,#4221);
#3454=AXIS2_PLACEMENT_3D('',#5182,#4225,#4226);
#3455=AXIS2_PLACEMENT_3D('',#5186,#4229,#4230);
#3456=AXIS2_PLACEMENT_3D('',#5190,#4233,#4234);
#3457=AXIS2_PLACEMENT_3D('',#5194,#4237,#4238);
#3458=AXIS2_PLACEMENT_3D('',#5198,#4241,#4242);
#3459=AXIS2_PLACEMENT_3D('',#5200,#4244,#4245);
#3460=AXIS2_PLACEMENT_3D('',#5201,#4246,#4247);
#3461=AXIS2_PLACEMENT_3D('',#5207,#4251,#4252);
#3462=AXIS2_PLACEMENT_3D('',#5211,#4255,#4256);
#3463=AXIS2_PLACEMENT_3D('',#5215,#4259,#4260);
#3464=AXIS2_PLACEMENT_3D('',#5219,#4263,#4264);
#3465=AXIS2_PLACEMENT_3D('',#5223,#4267,#4268);
#3466=AXIS2_PLACEMENT_3D('',#5225,#4270,#4271);
#3467=AXIS2_PLACEMENT_3D('',#5226,#4272,#4273);
#3468=AXIS2_PLACEMENT_3D('',#5232,#4277,#4278);
#3469=AXIS2_PLACEMENT_3D('',#5236,#4281,#4282);
#3470=AXIS2_PLACEMENT_3D('',#5240,#4285,#4286);
#3471=AXIS2_PLACEMENT_3D('',#5244,#4289,#4290);
#3472=AXIS2_PLACEMENT_3D('',#5248,#4293,#4294);
#3473=AXIS2_PLACEMENT_3D('',#5250,#4296,#4297);
#3474=AXIS2_PLACEMENT_3D('',#5251,#4298,#4299);
#3475=AXIS2_PLACEMENT_3D('',#5257,#4303,#4304);
#3476=AXIS2_PLACEMENT_3D('',#5261,#4307,#4308);
#3477=AXIS2_PLACEMENT_3D('',#5265,#4311,#4312);
#3478=AXIS2_PLACEMENT_3D('',#5269,#4315,#4316);
#3479=AXIS2_PLACEMENT_3D('',#5273,#4319,#4320);
#3480=AXIS2_PLACEMENT_3D('',#5275,#4322,#4323);
#3481=DIRECTION('',(0.,0.,1.));
#3482=DIRECTION('',(1.,0.,0.));
#3483=DIRECTION('',(8.67361737988403E-16,0.,-1.));
#3484=DIRECTION('',(1.,0.,8.67361737988403E-16));
#3485=DIRECTION('',(0.5,0.866025403784439,4.33680868994202E-16));
#3486=DIRECTION('',(1.,0.,8.67361737988403E-16));
#3487=DIRECTION('',(0.5,-0.866025403784439,4.33680868994202E-16));
#3488=DIRECTION('',(-0.5,-0.866025403784439,-4.33680868994202E-16));
#3489=DIRECTION('',(-1.,0.,-8.67361737988403E-16));
#3490=DIRECTION('',(-0.5,0.866025403784439,-4.33680868994202E-16));
#3491=DIRECTION('',(0.5,0.866025403784438,4.33680868994203E-16));
#3492=DIRECTION('',(1.,0.,8.67361737988403E-16));
#3493=DIRECTION('',(0.5,-0.866025403784439,4.33680868994201E-16));
#3494=DIRECTION('',(-0.5,-0.866025403784439,-4.33680868994202E-16));
#3495=DIRECTION('',(-1.,0.,-8.67361737988403E-16));
#3496=DIRECTION('',(-0.5,0.866025403784438,-4.33680868994203E-16));
#3497=DIRECTION('',(0.5,-0.866025403784439,4.33680868994201E-16));
#3498=DIRECTION('',(-0.5,-0.866025403784439,-4.33680868994202E-16));
#3499=DIRECTION('',(-1.,0.,-8.67361737988403E-16));
#3500=DIRECTION('',(-0.5,0.866025403784439,-4.33680868994202E-16));
#3501=DIRECTION('',(0.5,0.866025403784439,4.33680868994202E-16));
#3502=DIRECTION('',(1.,0.,8.67361737988403E-16));
#3503=DIRECTION('',(-8.67361737988403E-16,0.,1.));
#3504=DIRECTION('',(1.,0.,8.67361737988403E-16));
#3505=DIRECTION('',(-1.,0.,-8.67361737988403E-16));
#3506=DIRECTION('',(0.,1.,0.));
#3507=DIRECTION('',(1.,0.,8.67361737988403E-16));
#3508=DIRECTION('',(0.,1.,0.));
#3509=DIRECTION('',(-1.,0.,-8.67361737988403E-16));
#3510=DIRECTION('',(-0.5,0.866025403784439,-4.33680868994202E-16));
#3511=DIRECTION('',(0.5,0.866025403784439,4.33680868994201E-16));
#3512=DIRECTION('',(-8.67361737988403E-16,0.,1.));
#3513=DIRECTION('',(1.,0.,8.67361737988403E-16));
#3514=DIRECTION('',(0.,1.,0.));
#3515=DIRECTION('',(-1.,0.,-8.67361737988403E-16));
#3516=DIRECTION('',(0.,1.,0.));
#3517=DIRECTION('',(-1.,0.,-8.67361737988403E-16));
#3518=DIRECTION('',(0.,-1.,0.));
#3519=DIRECTION('',(-1.,0.,-8.67361737988403E-16));
#3520=DIRECTION('',(0.,1.,0.));
#3521=DIRECTION('',(-1.,0.,-8.67361737988403E-16));
#3522=DIRECTION('',(0.,1.,0.));
#3523=DIRECTION('',(-1.,0.,-8.67361737988403E-16));
#3524=DIRECTION('',(3.12211199275916E-16,-1.,2.70800048423402E-31));
#3525=DIRECTION('',(1.,0.,8.67361737988403E-16));
#3526=DIRECTION('',(0.,-1.,0.));
#3527=DIRECTION('',(1.,0.,8.67361737988403E-16));
#3528=DIRECTION('',(3.12211199275916E-16,-1.,2.70800048423402E-31));
#3529=DIRECTION('',(1.,3.64246399155235E-16,8.67361737988403E-16));
#3530=DIRECTION('',(0.,-1.,0.));
#3531=DIRECTION('',(-8.67361737988403E-16,0.,1.));
#3532=DIRECTION('',(1.,0.,8.67361737988403E-16));
#3533=DIRECTION('',(0.5,0.866025403784439,4.33680868994202E-16));
#3534=DIRECTION('',(1.,0.,8.67361737988403E-16));
#3535=DIRECTION('',(0.5,-0.866025403784439,4.33680868994202E-16));
#3536=DIRECTION('',(-0.5,-0.866025403784439,-4.33680868994202E-16));
#3537=DIRECTION('',(-1.,0.,-8.67361737988403E-16));
#3538=DIRECTION('',(-0.5,0.866025403784439,-4.33680868994202E-16));
#3539=DIRECTION('',(0.5,0.866025403784439,4.33680868994202E-16));
#3540=DIRECTION('',(1.,0.,8.67361737988403E-16));
#3541=DIRECTION('',(0.5,-0.866025403784439,4.33680868994202E-16));
#3542=DIRECTION('',(-0.5,-0.866025403784439,-4.33680868994202E-16));
#3543=DIRECTION('',(-1.,0.,-8.67361737988403E-16));
#3544=DIRECTION('',(-0.5,0.866025403784439,-4.33680868994202E-16));
#3545=DIRECTION('',(0.5,0.866025403784438,4.33680868994203E-16));
#3546=DIRECTION('',(1.,0.,8.67361737988403E-16));
#3547=DIRECTION('',(0.5,-0.866025403784439,4.33680868994201E-16));
#3548=DIRECTION('',(-0.5,-0.866025403784439,-4.33680868994202E-16));
#3549=DIRECTION('',(-1.,0.,-8.67361737988403E-16));
#3550=DIRECTION('',(-0.5,0.866025403784438,-4.33680868994204E-16));
#3551=DIRECTION('',(0.5,0.866025403784438,4.33680868994203E-16));
#3552=DIRECTION('',(1.,-6.63167417460632E-16,8.67361737988403E-16));
#3553=DIRECTION('',(0.5,-0.866025403784439,4.33680868994202E-16));
#3554=DIRECTION('',(-0.5,-0.866025403784439,-4.33680868994202E-16));
#3555=DIRECTION('',(-1.,0.,-8.67361737988403E-16));
#3556=DIRECTION('',(-0.5,0.866025403784438,-4.33680868994203E-16));
#3557=DIRECTION('',(0.5,0.866025403784439,4.33680868994202E-16));
#3558=DIRECTION('',(1.,0.,8.67361737988403E-16));
#3559=DIRECTION('',(0.5,-0.866025403784439,4.33680868994202E-16));
#3560=DIRECTION('',(-0.5,-0.866025403784439,-4.33680868994202E-16));
#3561=DIRECTION('',(-1.,0.,-8.67361737988403E-16));
#3562=DIRECTION('',(-0.5,0.866025403784439,-4.33680868994202E-16));
#3563=DIRECTION('',(4.33680868994202E-16,0.,-1.));
#3564=DIRECTION('',(1.,0.,4.33680868994202E-16));
#3565=DIRECTION('',(4.33680868994202E-16,0.,-1.));
#3566=DIRECTION('',(1.,0.,4.33680868994202E-16));
#3567=DIRECTION('',(-8.67361737988403E-16,0.,1.));
#3568=DIRECTION('',(1.,0.,8.67361737988403E-16));
#3569=DIRECTION('',(4.33680868994202E-16,0.,-1.));
#3570=DIRECTION('',(1.,0.,4.33680868994202E-16));
#3571=DIRECTION('',(4.33680868994202E-16,0.,-1.));
#3572=DIRECTION('',(1.,0.,4.33680868994202E-16));
#3573=DIRECTION('',(-8.67361737988403E-16,0.,1.));
#3574=DIRECTION('',(1.,0.,8.67361737988403E-16));
#3575=DIRECTION('',(4.33680868994202E-16,0.,-1.));
#3576=DIRECTION('',(1.,0.,4.33680868994202E-16));
#3577=DIRECTION('',(-4.33680868994202E-16,0.,1.));
#3578=DIRECTION('',(1.,0.,4.33680868994202E-16));
#3579=DIRECTION('',(-8.67361737988403E-16,0.,1.));
#3580=DIRECTION('',(1.,0.,8.67361737988403E-16));
#3581=DIRECTION('',(4.33680868994202E-16,0.,-1.));
#3582=DIRECTION('',(1.,0.,4.33680868994202E-16));
#3583=DIRECTION('',(-4.33680868994202E-16,0.,1.));
#3584=DIRECTION('',(1.,0.,4.33680868994202E-16));
#3585=DIRECTION('',(-8.67361737988403E-16,0.,1.));
#3586=DIRECTION('',(1.,0.,8.67361737988403E-16));
#3587=DIRECTION('',(4.33680868994202E-16,0.,-1.));
#3588=DIRECTION('',(1.,0.,4.33680868994202E-16));
#3589=DIRECTION('',(-4.33680868994202E-16,0.,1.));
#3590=DIRECTION('',(1.,0.,4.33680868994202E-16));
#3591=DIRECTION('',(-8.67361737988403E-16,0.,1.));
#3592=DIRECTION('',(1.,0.,8.67361737988403E-16));
#3593=DIRECTION('',(-8.67361737988403E-16,0.,1.));
#3594=DIRECTION('',(-1.,0.,-8.67361737988403E-16));
#3595=DIRECTION('',(-8.67361737988403E-16,0.,1.));
#3596=DIRECTION('',(1.,0.,8.67361737988403E-16));
#3597=DIRECTION('',(-8.67361737988403E-16,0.,1.));
#3598=DIRECTION('',(-8.67361737988403E-16,0.,1.));
#3599=DIRECTION('',(4.33680868994202E-16,0.,-1.));
#3600=DIRECTION('',(-1.,0.,-4.33680868994202E-16));
#3601=DIRECTION('',(-8.67361737988403E-16,0.,1.));
#3602=DIRECTION('',(-8.67361737988403E-16,0.,1.));
#3603=DIRECTION('',(-8.67361737988403E-16,0.,1.));
#3604=DIRECTION('',(4.33680868994202E-16,0.,-1.));
#3605=DIRECTION('',(1.,0.,4.33680868994202E-16));
#3606=DIRECTION('',(-4.33680868994202E-16,0.,1.));
#3607=DIRECTION('',(1.,0.,4.33680868994202E-16));
#3608=DIRECTION('',(-8.67361737988403E-16,0.,1.));
#3609=DIRECTION('',(1.,0.,8.67361737988403E-16));
#3610=DIRECTION('',(4.33680868994202E-16,0.,-1.));
#3611=DIRECTION('',(1.,0.,4.33680868994202E-16));
#3612=DIRECTION('',(-4.33680868994202E-16,0.,1.));
#3613=DIRECTION('',(1.,0.,4.33680868994202E-16));
#3614=DIRECTION('',(-8.67361737988403E-16,0.,1.));
#3615=DIRECTION('',(1.,0.,8.67361737988403E-16));
#3616=DIRECTION('',(4.33680868994202E-16,0.,-1.));
#3617=DIRECTION('',(1.,0.,4.33680868994202E-16));
#3618=DIRECTION('',(-4.33680868994202E-16,0.,1.));
#3619=DIRECTION('',(1.,0.,4.33680868994202E-16));
#3620=DIRECTION('',(-8.67361737988403E-16,0.,1.));
#3621=DIRECTION('',(1.,0.,8.67361737988403E-16));
#3622=DIRECTION('',(-8.67361737988403E-16,0.,1.));
#3623=DIRECTION('',(-1.,0.,-8.67361737988403E-16));
#3624=DIRECTION('',(8.67361737988403E-16,0.,-1.));
#3625=DIRECTION('',(-1.,0.,-8.67361737988403E-16));
#3626=DIRECTION('',(-8.67361737988403E-16,0.,1.));
#3627=DIRECTION('',(4.33680868994202E-16,0.,-1.));
#3628=DIRECTION('',(-1.,0.,-4.33680868994202E-16));
#3629=DIRECTION('',(-8.67361737988403E-16,0.,1.));
#3630=DIRECTION('',(-8.67361737988403E-16,0.,1.));
#3631=DIRECTION('',(8.67361737988403E-16,0.,-1.));
#3632=DIRECTION('',(-1.,0.,-8.67361737988403E-16));
#3633=DIRECTION('',(-8.67361737988403E-16,0.,1.));
#3634=DIRECTION('',(-4.33680868994202E-16,0.,1.));
#3635=DIRECTION('',(1.,0.,4.33680868994202E-16));
#3636=DIRECTION('',(-4.33680868994202E-16,0.,1.));
#3637=DIRECTION('',(1.,0.,4.33680868994202E-16));
#3638=DIRECTION('',(4.33680868994202E-16,0.,-1.));
#3639=DIRECTION('',(1.,0.,4.33680868994202E-16));
#3640=DIRECTION('',(-1.,-3.64246399155235E-16,-4.33680868994202E-16));
#3641=DIRECTION('',(-3.12211199275916E-16,1.,-1.35400024211701E-31));
#3642=DIRECTION('',(1.,0.,4.33680868994202E-16));
#3643=DIRECTION('',(0.,1.,0.));
#3644=DIRECTION('',(1.,0.,4.33680868994202E-16));
#3645=DIRECTION('',(0.,1.,0.));
#3646=DIRECTION('',(1.,0.,4.33680868994202E-16));
#3647=DIRECTION('',(0.,-1.,0.));
#3648=DIRECTION('',(1.,0.,4.33680868994202E-16));
#3649=DIRECTION('',(0.,-1.,0.));
#3650=DIRECTION('',(1.,0.,4.33680868994202E-16));
#3651=DIRECTION('',(0.,-1.,0.));
#3652=DIRECTION('',(1.,0.,4.33680868994202E-16));
#3653=DIRECTION('',(0.,-1.,0.));
#3654=DIRECTION('',(-1.,0.,-4.33680868994202E-16));
#3655=DIRECTION('',(0.,-1.,0.));
#3656=DIRECTION('',(1.,0.,4.33680868994202E-16));
#3657=DIRECTION('',(0.,-1.,0.));
#3658=DIRECTION('',(-1.,0.,-4.33680868994202E-16));
#3659=DIRECTION('',(0.,-1.,0.));
#3660=DIRECTION('',(1.,0.,4.33680868994202E-16));
#3661=DIRECTION('',(0.,-1.,0.));
#3662=DIRECTION('',(1.,0.,4.33680868994202E-16));
#3663=DIRECTION('',(0.,1.,0.));
#3664=DIRECTION('',(1.,0.,4.33680868994202E-16));
#3665=DIRECTION('',(0.,1.,0.));
#3666=DIRECTION('',(-1.,0.,-4.33680868994202E-16));
#3667=DIRECTION('',(0.,1.,0.));
#3668=DIRECTION('',(-1.,0.,-4.33680868994202E-16));
#3669=DIRECTION('',(0.,-1.,0.));
#3670=DIRECTION('',(1.,0.,4.33680868994202E-16));
#3671=DIRECTION('',(0.,-1.,0.));
#3672=DIRECTION('',(1.,0.,4.33680868994202E-16));
#3673=DIRECTION('',(0.,-1.,0.));
#3674=DIRECTION('',(1.,0.,4.33680868994202E-16));
#3675=DIRECTION('',(0.,-1.,0.));
#3676=DIRECTION('',(-8.67361737988403E-16,0.,1.));
#3677=DIRECTION('',(1.,0.,8.67361737988403E-16));
#3678=DIRECTION('',(0.5,0.866025403784439,4.33680868994202E-16));
#3679=DIRECTION('',(1.,0.,8.67361737988403E-16));
#3680=DIRECTION('',(0.5,-0.866025403784439,4.33680868994202E-16));
#3681=DIRECTION('',(-0.5,-0.866025403784439,-4.33680868994202E-16));
#3682=DIRECTION('',(-1.,0.,-8.67361737988403E-16));
#3683=DIRECTION('',(-0.5,0.866025403784438,-4.33680868994203E-16));
#3684=DIRECTION('',(1.,0.,8.67361737988403E-16));
#3685=DIRECTION('',(3.12211199275916E-16,-1.,2.70800048423402E-31));
#3686=DIRECTION('',(1.,0.,8.67361737988403E-16));
#3687=DIRECTION('',(0.,1.,0.));
#3688=DIRECTION('',(1.,0.,8.67361737988403E-16));
#3689=DIRECTION('',(0.,-1.,0.));
#3690=DIRECTION('',(0.5,0.866025403784439,4.33680868994202E-16));
#3691=DIRECTION('',(1.,0.,8.67361737988403E-16));
#3692=DIRECTION('',(0.5,-0.866025403784439,4.33680868994202E-16));
#3693=DIRECTION('',(-0.5,-0.866025403784439,-4.33680868994201E-16));
#3694=DIRECTION('',(-1.,0.,-8.67361737988403E-16));
#3695=DIRECTION('',(-0.5,0.866025403784438,-4.33680868994204E-16));
#3696=DIRECTION('',(4.33680868994202E-16,0.,-1.));
#3697=DIRECTION('',(1.,0.,4.33680868994202E-16));
#3698=DIRECTION('',(8.67361737988403E-16,0.,-1.));
#3699=DIRECTION('',(-1.,0.,-8.67361737988403E-16));
#3700=DIRECTION('',(-1.,0.,-8.67361737988403E-16));
#3701=DIRECTION('',(8.67361737988403E-16,0.,-1.));
#3702=DIRECTION('',(-8.67361737988403E-16,0.,1.));
#3703=DIRECTION('',(-8.67361737988403E-16,0.,1.));
#3704=DIRECTION('',(0.,1.,0.));
#3705=DIRECTION('',(-8.67361737988403E-16,0.,1.));
#3706=DIRECTION('',(1.,0.,8.67361737988403E-16));
#3707=DIRECTION('',(1.,0.,8.67361737988403E-16));
#3708=DIRECTION('',(0.,1.,0.));
#3709=DIRECTION('',(1.,0.,8.67361737988403E-16));
#3710=DIRECTION('',(-1.,0.,-8.67361737988403E-16));
#3711=DIRECTION('',(-0.5,0.866025403784438,-4.33680868994204E-16));
#3712=DIRECTION('',(0.5,0.866025403784439,4.33680868994202E-16));
#3713=DIRECTION('',(1.,0.,8.67361737988403E-16));
#3714=DIRECTION('',(4.33680868994202E-16,0.,-1.));
#3715=DIRECTION('',(1.,0.,4.33680868994202E-16));
#3716=DIRECTION('',(4.33680868994202E-16,0.,-1.));
#3717=DIRECTION('',(1.,0.,4.33680868994202E-16));
#3718=DIRECTION('',(8.67361737988403E-16,0.,-1.));
#3719=DIRECTION('',(-1.,0.,-8.67361737988403E-16));
#3720=DIRECTION('',(4.33680868994202E-16,0.,-1.));
#3721=DIRECTION('',(1.,0.,4.33680868994202E-16));
#3722=DIRECTION('',(8.67361737988403E-16,0.,-1.));
#3723=DIRECTION('',(-1.,0.,-8.67361737988403E-16));
#3724=DIRECTION('',(-4.33680868994202E-16,0.,1.));
#3725=DIRECTION('',(1.,0.,4.33680868994202E-16));
#3726=DIRECTION('',(0.,-1.,0.));
#3727=DIRECTION('',(1.,0.,4.33680868994202E-16));
#3728=DIRECTION('',(0.,-1.,0.));
#3729=DIRECTION('',(1.,0.,4.33680868994202E-16));
#3730=DIRECTION('',(0.,1.,0.));
#3731=DIRECTION('',(1.,0.,4.33680868994202E-16));
#3732=DIRECTION('',(0.,1.,0.));
#3733=DIRECTION('',(1.,0.,4.33680868994202E-16));
#3734=DIRECTION('',(0.,-1.,0.));
#3735=DIRECTION('',(-1.,0.,-4.33680868994202E-16));
#3736=DIRECTION('',(0.,1.,0.));
#3737=DIRECTION('',(1.,0.,4.33680868994202E-16));
#3738=DIRECTION('',(0.,1.,0.));
#3739=DIRECTION('',(1.,0.,4.33680868994202E-16));
#3740=DIRECTION('',(0.,-1.,0.));
#3741=DIRECTION('',(1.,0.,4.33680868994202E-16));
#3742=DIRECTION('',(0.,-1.,0.));
#3743=DIRECTION('',(-1.,0.,-4.33680868994202E-16));
#3744=DIRECTION('',(0.,-1.,0.));
#3745=DIRECTION('',(1.,0.,4.33680868994202E-16));
#3746=DIRECTION('',(0.,-1.,0.));
#3747=DIRECTION('',(-1.,0.,-4.33680868994202E-16));
#3748=DIRECTION('',(0.,-1.,0.));
#3749=DIRECTION('',(1.,0.,4.33680868994202E-16));
#3750=DIRECTION('',(0.,-1.,0.));
#3751=DIRECTION('',(1.,0.,4.33680868994202E-16));
#3752=DIRECTION('',(-4.33680868994202E-16,0.,1.));
#3753=DIRECTION('',(1.,0.,4.33680868994202E-16));
#3754=DIRECTION('',(0.,-1.,0.));
#3755=DIRECTION('',(1.,0.,4.33680868994202E-16));
#3756=DIRECTION('',(0.,-1.,0.));
#3757=DIRECTION('',(1.,0.,4.33680868994202E-16));
#3758=DIRECTION('',(0.,-1.,0.));
#3759=DIRECTION('',(1.,0.,4.33680868994202E-16));
#3760=DIRECTION('',(0.,-1.,0.));
#3761=DIRECTION('',(-1.,0.,-4.33680868994202E-16));
#3762=DIRECTION('',(0.,1.,0.));
#3763=DIRECTION('',(0.,1.,0.));
#3764=DIRECTION('',(-1.,-3.64246399155235E-16,-4.33680868994202E-16));
#3765=DIRECTION('',(1.,3.12211199275916E-16,8.67361737988403E-16));
#3766=DIRECTION('',(-3.12211199275916E-16,1.,-2.70800048423402E-31));
#3767=DIRECTION('',(-8.67361737988403E-16,0.,1.));
#3768=DIRECTION('',(-8.67361737988403E-16,0.,1.));
#3769=DIRECTION('',(-8.67361737988403E-16,0.,1.));
#3770=DIRECTION('',(-8.67361737988403E-16,0.,1.));
#3771=DIRECTION('',(0.,1.,0.));
#3772=DIRECTION('',(8.67361737988403E-16,0.,-1.));
#3773=DIRECTION('',(0.,1.,0.));
#3774=DIRECTION('',(-8.67361737988403E-16,0.,1.));
#3775=DIRECTION('',(0.,1.,0.));
#3776=DIRECTION('',(-8.67361737988403E-16,0.,1.));
#3777=DIRECTION('',(0.,-1.,0.));
#3778=DIRECTION('',(8.67361737988403E-16,0.,-1.));
#3779=DIRECTION('',(0.,1.,0.));
#3780=DIRECTION('',(0.,1.,0.));
#3781=DIRECTION('',(-8.67361737988403E-16,0.,1.));
#3782=DIRECTION('',(0.,1.,0.));
#3783=DIRECTION('',(0.,1.,0.));
#3784=DIRECTION('',(-8.67361737988403E-16,0.,1.));
#3785=DIRECTION('',(0.,-1.,0.));
#3786=DIRECTION('',(1.,0.,8.67361737988403E-16));
#3787=DIRECTION('',(-8.67361737988403E-16,0.,1.));
#3788=DIRECTION('',(8.67361737988403E-16,0.,-1.));
#3789=DIRECTION('',(0.,1.,0.));
#3790=DIRECTION('',(-8.67361737988403E-16,0.,1.));
#3791=DIRECTION('',(0.,-1.,0.));
#3792=DIRECTION('',(-8.67361737988403E-16,0.,1.));
#3793=DIRECTION('',(0.,1.,0.));
#3794=DIRECTION('',(-8.67361737988403E-16,0.,1.));
#3795=DIRECTION('',(0.,-1.,0.));
#3796=DIRECTION('',(8.67361737988403E-16,0.,-1.));
#3797=DIRECTION('',(0.,-1.,0.));
#3798=DIRECTION('',(-8.67361737988403E-16,0.,1.));
#3799=DIRECTION('',(0.,1.,0.));
#3800=DIRECTION('',(-8.67361737988403E-16,0.,1.));
#3801=DIRECTION('',(0.,-1.,0.));
#3802=DIRECTION('',(8.67361737988403E-16,0.,-1.));
#3803=DIRECTION('',(0.,-1.,0.));
#3804=DIRECTION('',(-8.67361737988403E-16,0.,1.));
#3805=DIRECTION('',(0.,1.,0.));
#3806=DIRECTION('',(-8.67361737988403E-16,0.,1.));
#3807=DIRECTION('',(1.90973132256323E-15,0.,-1.));
#3808=DIRECTION('',(-1.,0.,-8.67361737988403E-16));
#3809=DIRECTION('',(-8.67361737988403E-16,0.,1.));
#3810=DIRECTION('',(0.,-1.,0.));
#3811=DIRECTION('',(-8.67361737988403E-16,0.,1.));
#3812=DIRECTION('',(-8.67361737988403E-16,0.,1.));
#3813=DIRECTION('',(-8.67361737988403E-16,0.,1.));
#3814=DIRECTION('',(-3.64246399155235E-16,1.,-3.15933389827302E-31));
#3815=DIRECTION('',(-1.,-3.64246399155235E-16,-8.67361737988403E-16));
#3816=DIRECTION('',(3.64246399155235E-16,-1.,3.15933389827302E-31));
#3817=DIRECTION('',(-1.,-3.64246399155235E-16,-8.67361737988403E-16));
#3818=DIRECTION('',(-8.67361737988403E-16,0.,1.));
#3819=DIRECTION('',(1.,0.,8.67361737988403E-16));
#3820=DIRECTION('',(-8.67361737988403E-16,0.,1.));
#3821=DIRECTION('',(-1.,0.,-8.67361737988403E-16));
#3822=DIRECTION('',(8.67361737988403E-16,0.,-1.));
#3823=DIRECTION('',(0.,-1.,0.));
#3824=DIRECTION('',(-8.67361737988403E-16,0.,1.));
#3825=DIRECTION('',(8.67361737988403E-16,0.,-1.));
#3826=DIRECTION('',(0.,1.,0.));
#3827=DIRECTION('',(8.67361737988403E-16,0.,-1.));
#3828=DIRECTION('',(0.,1.,0.));
#3829=DIRECTION('',(-8.67361737988403E-16,0.,1.));
#3830=DIRECTION('',(0.,-1.,0.));
#3831=DIRECTION('',(8.67361737988403E-16,0.,-1.));
#3832=DIRECTION('',(0.,-1.,0.));
#3833=DIRECTION('',(-8.67361737988403E-16,0.,1.));
#3834=DIRECTION('',(0.,1.,0.));
#3835=DIRECTION('',(-8.67361737988403E-16,0.,1.));
#3836=DIRECTION('',(0.,1.,0.));
#3837=DIRECTION('',(-8.67361737988403E-16,0.,1.));
#3838=DIRECTION('',(0.,-1.,0.));
#3839=DIRECTION('',(-8.67361737988403E-16,0.,1.));
#3840=DIRECTION('',(0.,1.,0.));
#3841=DIRECTION('',(8.67361737988403E-16,0.,-1.));
#3842=DIRECTION('',(0.,1.,0.));
#3843=DIRECTION('',(-8.67361737988403E-16,0.,1.));
#3844=DIRECTION('',(0.,-1.,0.));
#3845=DIRECTION('',(8.67361737988403E-16,0.,-1.));
#3846=DIRECTION('',(0.,-1.,0.));
#3847=DIRECTION('',(-8.67361737988403E-16,0.,1.));
#3848=DIRECTION('',(0.,1.,0.));
#3849=DIRECTION('',(-8.67361737988403E-16,0.,1.));
#3850=DIRECTION('',(0.,1.,0.));
#3851=DIRECTION('',(-8.67361737988403E-16,0.,1.));
#3852=DIRECTION('',(0.,-1.,0.));
#3853=DIRECTION('',(-8.67361737988403E-16,0.,1.));
#3854=DIRECTION('',(0.,-1.,0.));
#3855=DIRECTION('',(1.,0.,8.67361737988403E-16));
#3856=DIRECTION('',(4.55429091900134E-31,1.,-5.25073993875232E-16));
#3857=DIRECTION('',(-8.67361737988403E-16,5.25073993875232E-16,1.));
#3858=DIRECTION('',(-8.67361737988403E-16,5.25073993875232E-16,1.));
#3859=DIRECTION('',(-1.,0.,-8.67361737988403E-16));
#3860=DIRECTION('',(-5.09474809179319E-31,-1.,5.87384463558307E-16));
#3861=DIRECTION('',(0.,-1.,0.));
#3862=DIRECTION('',(-8.67361737988403E-16,0.,1.));
#3863=DIRECTION('',(0.,-1.,0.));
#3864=DIRECTION('',(-8.67361737988403E-16,0.,1.));
#3865=DIRECTION('',(0.,-1.,0.));
#3866=DIRECTION('',(8.67361737988403E-16,0.,-1.));
#3867=DIRECTION('',(0.,1.,0.));
#3868=DIRECTION('',(-1.,0.,-8.67361737988403E-16));
#3869=DIRECTION('',(0.,-1.,0.));
#3870=DIRECTION('',(8.67361737988403E-16,0.,-1.));
#3871=DIRECTION('',(0.,-1.,0.));
#3872=DIRECTION('',(-8.67361737988403E-16,0.,1.));
#3873=DIRECTION('',(0.,-1.,0.));
#3874=DIRECTION('',(8.67361737988403E-16,0.,-1.));
#3875=DIRECTION('',(0.,-1.,0.));
#3876=DIRECTION('',(8.67361737988403E-16,0.,-1.));
#3877=DIRECTION('',(0.,-1.,0.));
#3878=DIRECTION('',(-8.67361737988403E-16,0.,1.));
#3879=DIRECTION('',(0.,-1.,0.));
#3880=DIRECTION('',(8.67361737988403E-16,0.,-1.));
#3881=DIRECTION('',(0.,1.,0.));
#3882=DIRECTION('',(-1.,0.,-8.67361737988403E-16));
#3883=DIRECTION('',(0.,1.,0.));
#3884=DIRECTION('',(-1.,0.,-8.67361737988403E-16));
#3885=DIRECTION('',(0.,-1.,0.));
#3886=DIRECTION('',(8.67361737988403E-16,0.,-1.));
#3887=DIRECTION('',(0.,1.,0.));
#3888=DIRECTION('',(8.67361737988403E-16,0.,-1.));
#3889=DIRECTION('',(0.,-1.,0.));
#3890=DIRECTION('',(8.67361737988403E-16,0.,-1.));
#3891=DIRECTION('',(0.,1.,0.));
#3892=DIRECTION('',(-1.,0.,-8.67361737988403E-16));
#3893=DIRECTION('',(0.,-1.,0.));
#3894=DIRECTION('',(8.67361737988403E-16,0.,-1.));
#3895=DIRECTION('',(0.,1.,0.));
#3896=DIRECTION('',(8.67361737988403E-16,0.,-1.));
#3897=DIRECTION('',(0.,1.,0.));
#3898=DIRECTION('',(-1.,0.,-8.67361737988403E-16));
#3899=DIRECTION('',(0.,-1.,0.));
#3900=DIRECTION('',(8.67361737988403E-16,0.,-1.));
#3901=DIRECTION('',(0.,-1.,0.));
#3902=DIRECTION('',(8.67361737988403E-16,0.,-1.));
#3903=DIRECTION('',(0.,-1.,0.));
#3904=DIRECTION('',(-8.67361737988403E-16,0.,1.));
#3905=DIRECTION('',(0.,-1.,0.));
#3906=DIRECTION('',(8.67361737988403E-16,0.,-1.));
#3907=DIRECTION('',(0.,1.,0.));
#3908=DIRECTION('',(-1.,0.,-8.67361737988403E-16));
#3909=DIRECTION('',(0.,-1.,0.));
#3910=DIRECTION('',(8.67361737988403E-16,0.,-1.));
#3911=DIRECTION('',(0.,-1.,0.));
#3912=DIRECTION('',(-8.67361737988403E-16,0.,1.));
#3913=DIRECTION('',(0.,-1.,0.));
#3914=DIRECTION('',(8.67361737988403E-16,0.,-1.));
#3915=DIRECTION('',(0.,1.,0.));
#3916=DIRECTION('',(-1.,0.,-8.67361737988403E-16));
#3917=DIRECTION('',(0.,-1.,0.));
#3918=DIRECTION('',(8.67361737988403E-16,0.,-1.));
#3919=DIRECTION('',(0.,-1.,0.));
#3920=DIRECTION('',(-8.67361737988403E-16,0.,1.));
#3921=DIRECTION('',(0.,-1.,0.));
#3922=DIRECTION('',(-8.67361737988403E-16,0.,1.));
#3923=DIRECTION('',(-1.,0.,-8.67361737988403E-16));
#3924=DIRECTION('',(8.67361737988403E-16,0.,-1.));
#3925=DIRECTION('',(8.67361737988403E-16,0.,-1.));
#3926=DIRECTION('',(-1.,0.,-1.90973132256323E-15));
#3927=DIRECTION('',(1.90973132256323E-15,0.,-1.));
#3928=DIRECTION('',(1.90973132256323E-15,0.,-1.));
#3929=DIRECTION('',(0.,1.,0.));
#3930=DIRECTION('',(0.,-1.,0.));
#3931=DIRECTION('',(1.,0.,8.67361737988403E-16));
#3932=DIRECTION('',(8.67361737988403E-16,0.,-1.));
#3933=DIRECTION('',(-1.,0.,-8.67361737988403E-16));
#3934=DIRECTION('',(1.,0.,8.67361737988403E-16));
#3935=DIRECTION('',(-8.67361737988403E-16,0.,1.));
#3936=DIRECTION('',(-8.67361737988403E-16,0.,1.));
#3937=DIRECTION('',(1.,0.,8.67361737988403E-16));
#3938=DIRECTION('',(-8.67361737988403E-16,0.,1.));
#3939=DIRECTION('',(0.,1.,0.));
#3940=DIRECTION('',(-8.67361737988403E-16,0.,1.));
#3941=DIRECTION('',(0.,-1.,0.));
#3942=DIRECTION('',(1.,0.,8.67361737988403E-16));
#3943=DIRECTION('',(-1.,0.,-8.67361737988403E-16));
#3944=DIRECTION('',(8.67361737988403E-16,0.,-1.));
#3945=DIRECTION('',(1.,0.,8.67361737988403E-16));
#3946=DIRECTION('',(-8.67361737988403E-16,0.,1.));
#3947=DIRECTION('',(8.67361737988403E-16,0.,-1.));
#3948=DIRECTION('',(-8.67361737988403E-16,0.,1.));
#3949=DIRECTION('',(0.,1.,0.));
#3950=DIRECTION('',(8.67361737988403E-16,0.,-1.));
#3951=DIRECTION('',(0.,-1.,0.));
#3952=DIRECTION('',(-8.67361737988403E-16,0.,1.));
#3953=DIRECTION('',(-8.67361737988403E-16,0.,1.));
#3954=DIRECTION('',(-1.,0.,-8.67361737988403E-16));
#3955=DIRECTION('',(8.67361737988403E-16,0.,-1.));
#3956=DIRECTION('',(-8.67361737988403E-16,0.,1.));
#3957=DIRECTION('',(0.,1.,0.));
#3958=DIRECTION('',(1.,0.,8.67361737988403E-16));
#3959=DIRECTION('',(0.,-1.,0.));
#3960=DIRECTION('',(8.67361737988403E-16,0.,-1.));
#3961=DIRECTION('',(0.,-1.,0.));
#3962=DIRECTION('',(8.67361737988403E-16,0.,-1.));
#3963=DIRECTION('',(0.,-1.,0.));
#3964=DIRECTION('',(-8.67361737988403E-16,0.,1.));
#3965=DIRECTION('',(0.,-1.,0.));
#3966=DIRECTION('',(-8.67361737988403E-16,0.,1.));
#3967=DIRECTION('',(0.,1.,0.));
#3968=DIRECTION('',(-1.,0.,-8.67361737988403E-16));
#3969=DIRECTION('',(0.,1.,0.));
#3970=DIRECTION('',(-1.,0.,-8.67361737988403E-16));
#3971=DIRECTION('',(-0.866025403784438,-0.5,-7.51157299368579E-16));
#3972=DIRECTION('',(0.5,-0.866025403784438,4.33680868994204E-16));
#3973=DIRECTION('',(8.67361737988403E-16,0.,-1.));
#3974=DIRECTION('',(0.5,-0.866025403784438,4.33680868994204E-16));
#3975=DIRECTION('',(8.67361737988403E-16,0.,-1.));
#3976=DIRECTION('',(0.5,-0.866025403784438,4.33680868994204E-16));
#3977=DIRECTION('',(-0.866025403784439,0.5,-7.5115729936858E-16));
#3978=DIRECTION('',(-0.5,-0.866025403784439,-4.33680868994202E-16));
#3979=DIRECTION('',(-0.5,-0.866025403784439,-4.33680868994202E-16));
#3980=DIRECTION('',(8.67361737988403E-16,0.,-1.));
#3981=DIRECTION('',(-0.5,-0.866025403784439,-4.33680868994202E-16));
#3982=DIRECTION('',(0.,1.,0.));
#3983=DIRECTION('',(8.67361737988403E-16,0.,-1.));
#3984=DIRECTION('',(-1.,0.,-8.67361737988403E-16));
#3985=DIRECTION('',(8.67361737988403E-16,0.,-1.));
#3986=DIRECTION('',(-1.,0.,-8.67361737988403E-16));
#3987=DIRECTION('',(0.866025403784439,0.5,7.5115729936858E-16));
#3988=DIRECTION('',(-0.5,0.866025403784439,-4.33680868994202E-16));
#3989=DIRECTION('',(-0.5,0.866025403784439,-4.33680868994202E-16));
#3990=DIRECTION('',(8.67361737988403E-16,0.,-1.));
#3991=DIRECTION('',(-0.5,0.866025403784439,-4.33680868994202E-16));
#3992=DIRECTION('',(0.866025403784439,-0.5,7.5115729936858E-16));
#3993=DIRECTION('',(0.5,0.866025403784439,4.33680868994201E-16));
#3994=DIRECTION('',(0.5,0.866025403784439,4.33680868994201E-16));
#3995=DIRECTION('',(8.67361737988403E-16,0.,-1.));
#3996=DIRECTION('',(0.5,0.866025403784439,4.33680868994201E-16));
#3997=DIRECTION('',(0.,-1.,0.));
#3998=DIRECTION('',(-8.67361737988403E-16,0.,1.));
#3999=DIRECTION('',(1.,0.,8.67361737988403E-16));
#4000=DIRECTION('',(1.,0.,8.67361737988403E-16));
#4001=DIRECTION('',(-8.67361737988403E-16,0.,1.));
#4002=DIRECTION('',(1.,0.,8.67361737988403E-16));
#4003=DIRECTION('',(8.67361737988403E-16,0.,-1.));
#4004=DIRECTION('',(-1.,0.,-8.67361737988403E-16));
#4005=DIRECTION('',(-0.612372435695781,-0.353553390593267,-0.707106781186563));
#4006=DIRECTION('',(0.5,-0.866025403784439,4.33680868994202E-16));
#4007=DIRECTION('',(0.755928946018469,-4.10723272894334E-15,-0.65465367070796));
#4008=DIRECTION('',(0.377964473009261,0.654653670707963,-0.654653670707972));
#4009=DIRECTION('',(6.13317366673345E-16,-0.707106781186553,-0.707106781186543));
#4010=DIRECTION('',(1.,0.,8.67361737988403E-16));
#4011=DIRECTION('',(-0.377964473009216,0.654653670707976,-0.654653670707985));
#4012=DIRECTION('',(-0.61237243569578,0.353553390593265,-0.707106781186565));
#4013=DIRECTION('',(-0.5,-0.866025403784439,-4.33680868994201E-16));
#4014=DIRECTION('',(0.377964473009266,-0.654653670707962,-0.65465367070797));
#4015=DIRECTION('',(0.612372435695804,-0.353553390593279,-0.707106781186537));
#4016=DIRECTION('',(0.5,0.866025403784439,4.33680868994202E-16));
#4017=DIRECTION('',(0.755928946018447,9.65137178977853E-15,0.654653670707985));
#4018=DIRECTION('',(6.13317366673345E-16,0.707106781186553,-0.707106781186543));
#4019=DIRECTION('',(-1.,0.,-8.67361737988403E-16));
#4020=DIRECTION('',(-0.377964473009224,-0.654653670707974,-0.654653670707983));
#4021=DIRECTION('',(0.612372435695799,0.353553390593278,-0.707106781186542));
#4022=DIRECTION('',(-0.5,0.866025403784438,-4.33680868994204E-16));
#4023=DIRECTION('',(-8.67361737988403E-16,0.,1.));
#4024=DIRECTION('',(-1.,0.,-8.67361737988403E-16));
#4025=DIRECTION('',(0.866025403784439,0.5,7.5115729936858E-16));
#4026=DIRECTION('',(-0.5,0.866025403784439,-4.33680868994202E-16));
#4027=DIRECTION('',(8.67361737988403E-16,0.,-1.));
#4028=DIRECTION('',(8.67361737988403E-16,0.,-1.));
#4029=DIRECTION('',(-0.5,0.866025403784439,-4.33680868994202E-16));
#4030=DIRECTION('',(0.866025403784439,-0.5,7.5115729936858E-16));
#4031=DIRECTION('',(0.5,0.866025403784439,4.33680868994201E-16));
#4032=DIRECTION('',(0.5,0.866025403784439,4.33680868994201E-16));
#4033=DIRECTION('',(0.,1.,0.));
#4034=DIRECTION('',(8.67361737988403E-16,0.,-1.));
#4035=DIRECTION('',(8.67361737988403E-16,0.,-1.));
#4036=DIRECTION('',(-1.,0.,-8.67361737988403E-16));
#4037=DIRECTION('',(-0.866025403784438,-0.5,-7.51157299368579E-16));
#4038=DIRECTION('',(0.5,-0.866025403784438,4.33680868994204E-16));
#4039=DIRECTION('',(8.67361737988403E-16,0.,-1.));
#4040=DIRECTION('',(8.67361737988403E-16,0.,-1.));
#4041=DIRECTION('',(0.5,-0.866025403784438,4.33680868994204E-16));
#4042=DIRECTION('',(-0.866025403784439,0.5,-7.5115729936858E-16));
#4043=DIRECTION('',(-0.5,-0.866025403784439,-4.33680868994202E-16));
#4044=DIRECTION('',(-0.5,-0.866025403784439,-4.33680868994202E-16));
#4045=DIRECTION('',(0.,-1.,0.));
#4046=DIRECTION('',(-8.67361737988403E-16,0.,1.));
#4047=DIRECTION('',(1.,0.,8.67361737988403E-16));
#4048=DIRECTION('',(-8.67361737988403E-16,0.,1.));
#4049=DIRECTION('',(1.,0.,8.67361737988403E-16));
#4050=DIRECTION('',(-8.67361737988403E-16,0.,1.));
#4051=DIRECTION('',(1.,0.,8.67361737988403E-16));
#4052=DIRECTION('',(8.67361737988403E-16,0.,-1.));
#4053=DIRECTION('',(-1.,0.,-8.67361737988403E-16));
#4054=DIRECTION('',(0.5,-0.866025403784438,4.33680868994203E-16));
#4055=DIRECTION('',(1.,0.,8.67361737988403E-16));
#4056=DIRECTION('',(0.5,0.866025403784439,4.33680868994202E-16));
#4057=DIRECTION('',(-0.5,0.866025403784439,-4.33680868994202E-16));
#4058=DIRECTION('',(-1.,0.,-8.67361737988403E-16));
#4059=DIRECTION('',(-0.5,-0.866025403784439,-4.33680868994202E-16));
#4060=DIRECTION('',(-0.866025403784438,-0.5,-7.51157299368579E-16));
#4061=DIRECTION('',(0.5,-0.866025403784438,4.33680868994203E-16));
#4062=DIRECTION('',(8.67361737988403E-16,0.,-1.));
#4063=DIRECTION('',(8.67361737988403E-16,0.,-1.));
#4064=DIRECTION('',(0.5,-0.866025403784438,4.33680868994203E-16));
#4065=DIRECTION('',(-0.866025403784439,0.5,-7.5115729936858E-16));
#4066=DIRECTION('',(-0.5,-0.866025403784439,-4.33680868994202E-16));
#4067=DIRECTION('',(8.67361737988403E-16,0.,-1.));
#4068=DIRECTION('',(-0.5,-0.866025403784439,-4.33680868994202E-16));
#4069=DIRECTION('',(0.,1.,0.));
#4070=DIRECTION('',(8.67361737988403E-16,0.,-1.));
#4071=DIRECTION('',(8.67361737988403E-16,0.,-1.));
#4072=DIRECTION('',(-1.,0.,-8.67361737988403E-16));
#4073=DIRECTION('',(0.866025403784439,0.5,7.5115729936858E-16));
#4074=DIRECTION('',(-0.5,0.866025403784439,-4.33680868994202E-16));
#4075=DIRECTION('',(8.67361737988403E-16,0.,-1.));
#4076=DIRECTION('',(-0.5,0.866025403784439,-4.33680868994202E-16));
#4077=DIRECTION('',(0.866025403784439,-0.5,7.5115729936858E-16));
#4078=DIRECTION('',(0.5,0.866025403784439,4.33680868994202E-16));
#4079=DIRECTION('',(8.67361737988403E-16,0.,-1.));
#4080=DIRECTION('',(0.5,0.866025403784439,4.33680868994202E-16));
#4081=DIRECTION('',(0.,-1.,0.));
#4082=DIRECTION('',(-8.67361737988403E-16,0.,1.));
#4083=DIRECTION('',(1.,0.,8.67361737988403E-16));
#4084=DIRECTION('',(-0.61237243569579,-0.353553390593272,-0.707106781186553));
#4085=DIRECTION('',(0.5,-0.866025403784439,4.33680868994202E-16));
#4086=DIRECTION('',(0.755928946018459,1.73784335857286E-15,-0.654653670707972));
#4087=DIRECTION('',(0.377964473009237,0.654653670707975,-0.654653670707974));
#4088=DIRECTION('',(6.13317366673349E-16,-0.707106781186548,-0.707106781186548));
#4089=DIRECTION('',(1.,0.,8.67361737988403E-16));
#4090=DIRECTION('',(-0.377964473009235,0.654653670707975,-0.654653670707975));
#4091=DIRECTION('',(-0.612372435695791,0.353553390593272,-0.707106781186552));
#4092=DIRECTION('',(-0.5,-0.866025403784439,-4.33680868994202E-16));
#4093=DIRECTION('',(0.377964473009236,-0.654653670707975,-0.654653670707975));
#4094=DIRECTION('',(0.612372435695792,-0.353553390593272,-0.707106781186551));
#4095=DIRECTION('',(0.5,0.866025403784439,4.33680868994202E-16));
#4096=DIRECTION('',(0.755928946018457,-3.21882089766732E-15,0.654653670707974));
#4097=DIRECTION('',(6.13317366673349E-16,0.707106781186548,-0.707106781186548));
#4098=DIRECTION('',(-1.,0.,-8.67361737988403E-16));
#4099=DIRECTION('',(-0.377964473009231,-0.654653670707976,-0.654653670707976));
#4100=DIRECTION('',(0.612372435695793,0.353553390593273,-0.707106781186549));
#4101=DIRECTION('',(-0.5,0.866025403784438,-4.33680868994203E-16));
#4102=DIRECTION('',(-8.67361737988403E-16,0.,1.));
#4103=DIRECTION('',(-1.,0.,-8.67361737988403E-16));
#4104=DIRECTION('',(8.67361737988403E-16,0.,-1.));
#4105=DIRECTION('',(1.,0.,8.67361737988403E-16));
#4106=DIRECTION('',(0.,1.,0.));
#4107=DIRECTION('',(-1.,0.,-8.67361737988403E-16));
#4108=DIRECTION('',(0.,-1.,0.));
#4109=DIRECTION('',(1.,0.,8.67361737988403E-16));
#4110=DIRECTION('',(8.67361737988403E-16,0.,-1.));
#4111=DIRECTION('',(8.67361737988403E-16,0.,-1.));
#4112=DIRECTION('',(0.,-1.,0.));
#4113=DIRECTION('',(0.,0.,-1.));
#4114=DIRECTION('',(8.67361737988403E-16,0.,-1.));
#4115=DIRECTION('',(-1.,0.,-8.67361737988403E-16));
#4116=DIRECTION('',(-8.67361737988403E-16,0.,1.));
#4117=DIRECTION('',(-8.67361737988403E-16,0.,1.));
#4118=DIRECTION('',(1.,0.,8.67361737988403E-16));
#4119=DIRECTION('',(0.5,0.866025403784439,4.33680868994202E-16));
#4120=DIRECTION('',(-0.5,0.866025403784439,-4.33680868994202E-16));
#4121=DIRECTION('',(-1.,0.,-8.67361737988403E-16));
#4122=DIRECTION('',(-0.5,-0.866025403784439,-4.33680868994202E-16));
#4123=DIRECTION('',(0.5,-0.866025403784439,4.33680868994202E-16));
#4124=DIRECTION('',(1.,0.,8.67361737988403E-16));
#4125=DIRECTION('',(-0.866025403784439,0.5,-7.5115729936858E-16));
#4126=DIRECTION('',(-0.5,-0.866025403784439,0.));
#4127=DIRECTION('',(8.67361737988403E-16,0.,-1.));
#4128=DIRECTION('',(8.67361737988403E-16,0.,-1.));
#4129=DIRECTION('',(-0.866025403784439,-0.5,-7.5115729936858E-16));
#4130=DIRECTION('',(0.5,-0.866025403784439,0.));
#4131=DIRECTION('',(8.67361737988403E-16,0.,-1.));
#4132=DIRECTION('',(0.,-1.,0.));
#4133=DIRECTION('',(0.,0.,-1.));
#4134=DIRECTION('',(8.67361737988403E-16,0.,-1.));
#4135=DIRECTION('',(0.866025403784439,-0.5,7.5115729936858E-16));
#4136=DIRECTION('',(0.5,0.866025403784439,0.));
#4137=DIRECTION('',(8.67361737988403E-16,0.,-1.));
#4138=DIRECTION('',(0.866025403784439,0.5,7.5115729936858E-16));
#4139=DIRECTION('',(-0.5,0.866025403784439,0.));
#4140=DIRECTION('',(8.67361737988403E-16,0.,-1.));
#4141=DIRECTION('',(0.,1.,0.));
#4142=DIRECTION('',(0.,0.,1.));
#4143=DIRECTION('',(-0.866025403784439,0.5,-7.5115729936858E-16));
#4144=DIRECTION('',(-0.5,-0.866025403784439,0.));
#4145=DIRECTION('',(8.67361737988403E-16,0.,-1.));
#4146=DIRECTION('',(0.5,0.866025403784439,4.33680868994202E-16));
#4147=DIRECTION('',(8.67361737988403E-16,0.,-1.));
#4148=DIRECTION('',(-0.866025403784439,-0.5,-7.5115729936858E-16));
#4149=DIRECTION('',(0.5,-0.866025403784439,0.));
#4150=DIRECTION('',(8.67361737988403E-16,0.,-1.));
#4151=DIRECTION('',(-0.5,0.866025403784439,-4.33680868994202E-16));
#4152=DIRECTION('',(0.,-1.,0.));
#4153=DIRECTION('',(0.,0.,-1.));
#4154=DIRECTION('',(8.67361737988403E-16,0.,-1.));
#4155=DIRECTION('',(-1.,0.,-8.67361737988403E-16));
#4156=DIRECTION('',(0.866025403784439,-0.5,7.5115729936858E-16));
#4157=DIRECTION('',(0.5,0.866025403784439,0.));
#4158=DIRECTION('',(8.67361737988403E-16,0.,-1.));
#4159=DIRECTION('',(-0.5,-0.866025403784439,-4.33680868994202E-16));
#4160=DIRECTION('',(0.866025403784439,0.5,7.5115729936858E-16));
#4161=DIRECTION('',(-0.5,0.866025403784439,0.));
#4162=DIRECTION('',(8.67361737988403E-16,0.,-1.));
#4163=DIRECTION('',(0.5,-0.866025403784439,4.33680868994202E-16));
#4164=DIRECTION('',(0.,1.,0.));
#4165=DIRECTION('',(0.,0.,1.));
#4166=DIRECTION('',(1.,0.,8.67361737988403E-16));
#4167=DIRECTION('',(-8.67361737988403E-16,0.,1.));
#4168=DIRECTION('',(1.,0.,8.67361737988403E-16));
#4169=DIRECTION('',(-0.866025403784439,0.5,-7.5115729936858E-16));
#4170=DIRECTION('',(-0.5,-0.866025403784439,0.));
#4171=DIRECTION('',(8.67361737988403E-16,0.,-1.));
#4172=DIRECTION('',(0.5,0.866025403784439,4.33680868994202E-16));
#4173=DIRECTION('',(8.67361737988403E-16,0.,-1.));
#4174=DIRECTION('',(-0.866025403784439,-0.5,-7.5115729936858E-16));
#4175=DIRECTION('',(0.5,-0.866025403784439,0.));
#4176=DIRECTION('',(8.67361737988403E-16,0.,-1.));
#4177=DIRECTION('',(-0.5,0.866025403784439,-4.33680868994202E-16));
#4178=DIRECTION('',(0.,-1.,0.));
#4179=DIRECTION('',(0.,0.,-1.));
#4180=DIRECTION('',(8.67361737988403E-16,0.,-1.));
#4181=DIRECTION('',(-1.,0.,-8.67361737988403E-16));
#4182=DIRECTION('',(0.866025403784439,-0.5,7.5115729936858E-16));
#4183=DIRECTION('',(0.5,0.866025403784439,0.));
#4184=DIRECTION('',(8.67361737988403E-16,0.,-1.));
#4185=DIRECTION('',(-0.5,-0.866025403784439,-4.33680868994202E-16));
#4186=DIRECTION('',(0.866025403784439,0.5,7.5115729936858E-16));
#4187=DIRECTION('',(-0.5,0.866025403784439,0.));
#4188=DIRECTION('',(0.5,-0.866025403784439,4.33680868994201E-16));
#4189=DIRECTION('',(0.,1.,0.));
#4190=DIRECTION('',(0.,0.,1.));
#4191=DIRECTION('',(1.,0.,8.67361737988403E-16));
#4192=DIRECTION('',(-8.67361737988403E-16,0.,1.));
#4193=DIRECTION('',(1.,0.,8.67361737988403E-16));
#4194=DIRECTION('',(-0.866025403784438,0.5,-7.51157299368579E-16));
#4195=DIRECTION('',(-0.5,-0.866025403784438,0.));
#4196=DIRECTION('',(8.67361737988403E-16,0.,-1.));
#4197=DIRECTION('',(0.5,0.866025403784438,4.33680868994203E-16));
#4198=DIRECTION('',(8.67361737988403E-16,0.,-1.));
#4199=DIRECTION('',(-0.866025403784438,-0.5,-7.51157299368579E-16));
#4200=DIRECTION('',(0.5,-0.866025403784438,0.));
#4201=DIRECTION('',(8.67361737988403E-16,0.,-1.));
#4202=DIRECTION('',(-0.5,0.866025403784438,-4.33680868994204E-16));
#4203=DIRECTION('',(0.,-1.,0.));
#4204=DIRECTION('',(0.,0.,-1.));
#4205=DIRECTION('',(8.67361737988403E-16,0.,-1.));
#4206=DIRECTION('',(-1.,0.,-8.67361737988403E-16));
#4207=DIRECTION('',(0.866025403784439,-0.5,7.5115729936858E-16));
#4208=DIRECTION('',(0.5,0.866025403784439,0.));
#4209=DIRECTION('',(8.67361737988403E-16,0.,-1.));
#4210=DIRECTION('',(-0.5,-0.866025403784439,-4.33680868994202E-16));
#4211=DIRECTION('',(0.866025403784439,0.5,7.5115729936858E-16));
#4212=DIRECTION('',(-0.5,0.866025403784439,0.));
#4213=DIRECTION('',(8.67361737988403E-16,0.,-1.));
#4214=DIRECTION('',(0.5,-0.866025403784439,4.33680868994201E-16));
#4215=DIRECTION('',(0.,1.,0.));
#4216=DIRECTION('',(0.,0.,1.));
#4217=DIRECTION('',(1.,0.,8.67361737988403E-16));
#4218=DIRECTION('',(-8.67361737988403E-16,0.,1.));
#4219=DIRECTION('',(1.,0.,8.67361737988403E-16));
#4220=DIRECTION('',(-0.866025403784438,0.5,-7.51157299368579E-16));
#4221=DIRECTION('',(-0.5,-0.866025403784438,0.));
#4222=DIRECTION('',(8.67361737988403E-16,0.,-1.));
#4223=DIRECTION('',(0.5,0.866025403784438,4.33680868994203E-16));
#4224=DIRECTION('',(8.67361737988403E-16,0.,-1.));
#4225=DIRECTION('',(-0.866025403784438,-0.5,-7.51157299368579E-16));
#4226=DIRECTION('',(0.5,-0.866025403784438,0.));
#4227=DIRECTION('',(8.67361737988403E-16,0.,-1.));
#4228=DIRECTION('',(-0.5,0.866025403784438,-4.33680868994203E-16));
#4229=DIRECTION('',(0.,-1.,0.));
#4230=DIRECTION('',(0.,0.,-1.));
#4231=DIRECTION('',(8.67361737988403E-16,0.,-1.));
#4232=DIRECTION('',(-1.,0.,-8.67361737988403E-16));
#4233=DIRECTION('',(0.866025403784439,-0.5,7.5115729936858E-16));
#4234=DIRECTION('',(0.5,0.866025403784439,0.));
#4235=DIRECTION('',(8.67361737988403E-16,0.,-1.));
#4236=DIRECTION('',(-0.5,-0.866025403784439,-4.33680868994202E-16));
#4237=DIRECTION('',(0.866025403784439,0.5,7.5115729936858E-16));
#4238=DIRECTION('',(-0.5,0.866025403784439,0.));
#4239=DIRECTION('',(8.67361737988403E-16,0.,-1.));
#4240=DIRECTION('',(0.5,-0.866025403784439,4.33680868994201E-16));
#4241=DIRECTION('',(0.,1.,0.));
#4242=DIRECTION('',(0.,0.,1.));
#4243=DIRECTION('',(1.,0.,8.67361737988403E-16));
#4244=DIRECTION('',(-8.67361737988403E-16,0.,1.));
#4245=DIRECTION('',(1.,0.,8.67361737988403E-16));
#4246=DIRECTION('',(-0.866025403784438,0.5,-7.51157299368579E-16));
#4247=DIRECTION('',(-0.5,-0.866025403784438,0.));
#4248=DIRECTION('',(8.67361737988403E-16,0.,-1.));
#4249=DIRECTION('',(0.5,0.866025403784438,4.33680868994203E-16));
#4250=DIRECTION('',(8.67361737988403E-16,0.,-1.));
#4251=DIRECTION('',(-0.866025403784438,-0.5,-7.51157299368579E-16));
#4252=DIRECTION('',(0.5,-0.866025403784438,0.));
#4253=DIRECTION('',(8.67361737988403E-16,0.,-1.));
#4254=DIRECTION('',(-0.5,0.866025403784438,-4.33680868994203E-16));
#4255=DIRECTION('',(0.,-1.,0.));
#4256=DIRECTION('',(0.,0.,-1.));
#4257=DIRECTION('',(8.67361737988403E-16,0.,-1.));
#4258=DIRECTION('',(-1.,0.,-8.67361737988403E-16));
#4259=DIRECTION('',(0.866025403784439,-0.5,7.5115729936858E-16));
#4260=DIRECTION('',(0.5,0.866025403784439,0.));
#4261=DIRECTION('',(8.67361737988403E-16,0.,-1.));
#4262=DIRECTION('',(-0.5,-0.866025403784439,-4.33680868994202E-16));
#4263=DIRECTION('',(0.866025403784439,0.5,7.5115729936858E-16));
#4264=DIRECTION('',(-0.5,0.866025403784439,0.));
#4265=DIRECTION('',(8.67361737988403E-16,0.,-1.));
#4266=DIRECTION('',(0.5,-0.866025403784439,4.33680868994202E-16));
#4267=DIRECTION('',(6.63167417460632E-16,1.,5.75206043785934E-31));
#4268=DIRECTION('',(-1.,6.63167417460632E-16,0.));
#4269=DIRECTION('',(1.,-6.63167417460632E-16,8.67361737988403E-16));
#4270=DIRECTION('',(-8.67361737988403E-16,0.,1.));
#4271=DIRECTION('',(1.,0.,8.67361737988403E-16));
#4272=DIRECTION('',(-0.866025403784439,0.5,-7.5115729936858E-16));
#4273=DIRECTION('',(-0.5,-0.866025403784439,0.));
#4274=DIRECTION('',(8.67361737988403E-16,0.,-1.));
#4275=DIRECTION('',(0.5,0.866025403784439,4.33680868994202E-16));
#4276=DIRECTION('',(8.67361737988403E-16,0.,-1.));
#4277=DIRECTION('',(-0.866025403784439,-0.5,-7.5115729936858E-16));
#4278=DIRECTION('',(0.5,-0.866025403784439,0.));
#4279=DIRECTION('',(8.67361737988403E-16,0.,-1.));
#4280=DIRECTION('',(-0.5,0.866025403784439,-4.33680868994202E-16));
#4281=DIRECTION('',(0.,-1.,0.));
#4282=DIRECTION('',(0.,0.,-1.));
#4283=DIRECTION('',(8.67361737988403E-16,0.,-1.));
#4284=DIRECTION('',(-1.,0.,-8.67361737988403E-16));
#4285=DIRECTION('',(0.866025403784439,-0.5,7.5115729936858E-16));
#4286=DIRECTION('',(0.5,0.866025403784439,0.));
#4287=DIRECTION('',(8.67361737988403E-16,0.,-1.));
#4288=DIRECTION('',(-0.5,-0.866025403784439,-4.33680868994202E-16));
#4289=DIRECTION('',(0.866025403784439,0.5,7.5115729936858E-16));
#4290=DIRECTION('',(-0.5,0.866025403784439,0.));
#4291=DIRECTION('',(8.67361737988403E-16,0.,-1.));
#4292=DIRECTION('',(0.5,-0.866025403784439,4.33680868994202E-16));
#4293=DIRECTION('',(0.,1.,0.));
#4294=DIRECTION('',(0.,0.,1.));
#4295=DIRECTION('',(1.,0.,8.67361737988403E-16));
#4296=DIRECTION('',(-8.67361737988403E-16,0.,1.));
#4297=DIRECTION('',(1.,0.,8.67361737988403E-16));
#4298=DIRECTION('',(-0.866025403784439,0.5,-7.5115729936858E-16));
#4299=DIRECTION('',(-0.5,-0.866025403784439,0.));
#4300=DIRECTION('',(8.67361737988403E-16,0.,-1.));
#4301=DIRECTION('',(0.5,0.866025403784439,4.33680868994202E-16));
#4302=DIRECTION('',(8.67361737988403E-16,0.,-1.));
#4303=DIRECTION('',(-0.866025403784439,-0.5,-7.5115729936858E-16));
#4304=DIRECTION('',(0.5,-0.866025403784439,0.));
#4305=DIRECTION('',(8.67361737988403E-16,0.,-1.));
#4306=DIRECTION('',(-0.5,0.866025403784439,-4.33680868994202E-16));
#4307=DIRECTION('',(0.,-1.,0.));
#4308=DIRECTION('',(0.,0.,-1.));
#4309=DIRECTION('',(8.67361737988403E-16,0.,-1.));
#4310=DIRECTION('',(-1.,0.,-8.67361737988403E-16));
#4311=DIRECTION('',(0.866025403784439,-0.5,7.5115729936858E-16));
#4312=DIRECTION('',(0.5,0.866025403784439,0.));
#4313=DIRECTION('',(8.67361737988403E-16,0.,-1.));
#4314=DIRECTION('',(-0.5,-0.866025403784439,-4.33680868994202E-16));
#4315=DIRECTION('',(0.866025403784439,0.5,7.5115729936858E-16));
#4316=DIRECTION('',(-0.5,0.866025403784439,0.));
#4317=DIRECTION('',(8.67361737988403E-16,0.,-1.));
#4318=DIRECTION('',(0.5,-0.866025403784439,4.33680868994202E-16));
#4319=DIRECTION('',(0.,1.,0.));
#4320=DIRECTION('',(0.,0.,1.));
#4321=DIRECTION('',(1.,0.,8.67361737988403E-16));
#4322=DIRECTION('',(-8.67361737988403E-16,0.,1.));
#4323=DIRECTION('',(1.,0.,8.67361737988403E-16));
#4324=CARTESIAN_POINT('',(0.,0.,0.));
#4325=CARTESIAN_POINT('',(-1.64798730217796E-17,-0.0134153000348836,0.04532));
#4326=CARTESIAN_POINT('',(0.0882602955169486,-0.0643724054103498,0.04532));
#4327=CARTESIAN_POINT('',(0.0788158152983742,-0.080730725,0.04532));
#4328=CARTESIAN_POINT('',(0.0814316305967483,-0.0762,0.04532));
#4329=CARTESIAN_POINT('',(-1.64798730217796E-17,-0.080730725,0.04532));
#4330=CARTESIAN_POINT('',(0.0735841847016258,-0.080730725,0.04532));
#4331=CARTESIAN_POINT('',(0.0260397044830514,0.00161873035802439,0.04532));
#4332=CARTESIAN_POINT('',(0.0709683694032517,-0.0762,0.04532));
#4333=CARTESIAN_POINT('',(0.0804128496218261,-0.0598416804103498,0.04532));
#4334=CARTESIAN_POINT('',(0.0735841847016258,-0.071669275,0.04532));
#4335=CARTESIAN_POINT('',(-1.64798730217796E-17,-0.071669275,0.04532));
#4336=CARTESIAN_POINT('',(0.0788158152983742,-0.071669275,0.04532));
#4337=CARTESIAN_POINT('',(0.0338871503781739,0.0061494553580244,0.04532));
#4338=CARTESIAN_POINT('',(0.077603705004699,-0.058219820009459,0.04532));
#4339=CARTESIAN_POINT('',(0.123265815298374,0.020869275,0.04532));
#4340=CARTESIAN_POINT('',(0.125881630596748,0.0254,0.04532));
#4341=CARTESIAN_POINT('',(-1.64798730217796E-17,0.020869275,0.04532));
#4342=CARTESIAN_POINT('',(0.118034184701626,0.020869275,0.04532));
#4343=CARTESIAN_POINT('',(0.103371294995301,0.0462661449571334,0.04532));
#4344=CARTESIAN_POINT('',(0.115418369403252,0.0254,0.04532));
#4345=CARTESIAN_POINT('',(0.0697562591095766,-0.053689095009459,0.04532));
#4346=CARTESIAN_POINT('',(0.118034184701626,0.029930725,0.04532));
#4347=CARTESIAN_POINT('',(-1.64798730217796E-17,0.029930725,0.04532));
#4348=CARTESIAN_POINT('',(0.123265815298374,0.029930725,0.04532));
#4349=CARTESIAN_POINT('',(0.111218740890423,0.0507968699571336,0.04532));
#4350=CARTESIAN_POINT('',(0.0810323176233632,0.0333687303580243,0.04532));
#4351=CARTESIAN_POINT('',(0.0709683694032516,0.0508,0.04532));
#4352=CARTESIAN_POINT('',(0.071177427781277,0.0504379002675121,0.04532));
#4353=CARTESIAN_POINT('',(0.0254202364815142,-0.0280916804103498,0.04532));
#4354=CARTESIAN_POINT('',(0.0735841847016258,0.055330725,0.04532));
#4355=CARTESIAN_POINT('',(-1.64798730217796E-17,0.055330725,0.04532));
#4356=CARTESIAN_POINT('',(0.0788158152983741,0.055330725,0.04532));
#4357=CARTESIAN_POINT('',(0.0888797635184857,0.0378994553580244,0.04532));
#4358=CARTESIAN_POINT('',(0.0814316305967483,0.0508,0.04532));
#4359=CARTESIAN_POINT('',(0.0332676823766367,-0.0326224054103499,0.04532));
#4360=CARTESIAN_POINT('',(0.0788158152983741,0.046269275,0.04532));
#4361=CARTESIAN_POINT('',(-1.64798730217796E-17,0.046269275,0.04532));
#4362=CARTESIAN_POINT('',(0.0739551363999065,0.046269275,0.04532));
#4363=CARTESIAN_POINT('',(-1.30104260698261E-17,2.08166817117217E-17,0.04532));
#4364=CARTESIAN_POINT('',(0.086596221100891,-0.01055,0.04532));
#4365=CARTESIAN_POINT('',(0.0858373,-0.01055,0.04532));
#4366=CARTESIAN_POINT('',(0.0883373,-0.01055,0.04532));
#4367=CARTESIAN_POINT('',(0.0883373,-0.04655,0.04532));
#4368=CARTESIAN_POINT('',(0.0883373,-0.0635,0.04532));
#4369=CARTESIAN_POINT('',(0.0858373,-0.0635,0.04532));
#4370=CARTESIAN_POINT('',(0.0758373,-0.0635,0.04532));
#4371=CARTESIAN_POINT('',(0.0758373,-0.04655,0.04532));
#4372=CARTESIAN_POINT('',(0.0758373,-0.055330725,0.04532));
#4373=CARTESIAN_POINT('',(-1.64798730217796E-17,-0.055330725,0.04532));
#4374=CARTESIAN_POINT('',(0.0735841847016258,-0.055330725,0.04532));
#4375=CARTESIAN_POINT('',(0.0370382271111138,0.00796873035802439,0.04532));
#4376=CARTESIAN_POINT('',(0.0709683694032516,-0.0508,0.04532));
#4377=CARTESIAN_POINT('',(0.0694143269937638,-0.0534916804103498,0.04532));
#4378=CARTESIAN_POINT('',(0.0711774277812775,-0.0504379002675113,0.04532));
#4379=CARTESIAN_POINT('',(-1.30104260698261E-17,2.08166817117217E-17,0.04532));
#4380=CARTESIAN_POINT('',(0.05715,-0.0659096768991807,0.04532));
#4381=CARTESIAN_POINT('',(0.05715,-0.0774048384495903,0.04532));
#4382=CARTESIAN_POINT('',(0.05715,-0.0889,0.04532));
#4383=CARTESIAN_POINT('',(0.09525,-0.0889,0.04532));
#4384=CARTESIAN_POINT('',(0.0736873066,-0.0889,0.04532));
#4385=CARTESIAN_POINT('',(0.0736873066,-0.1139,0.04532));
#4386=CARTESIAN_POINT('',(0.0736873066,-0.1139,0.04532));
#4387=CARTESIAN_POINT('',(0.09525,-0.1139,0.04532));
#4388=CARTESIAN_POINT('',(0.0891882787245089,-0.1139,0.04532));
#4389=CARTESIAN_POINT('',(0.0891882787245089,-0.11136,0.04532));
#4390=CARTESIAN_POINT('',(0.0891882787245089,-0.10882,0.04532));
#4391=CARTESIAN_POINT('',(0.0975873,-0.10882,0.04532));
#4392=CARTESIAN_POINT('',(0.105986321275491,-0.10882,0.04532));
#4393=CARTESIAN_POINT('',(0.105986321275491,-0.11136,0.04532));
#4394=CARTESIAN_POINT('',(0.105986321275491,-0.1139,0.04532));
#4395=CARTESIAN_POINT('',(0.09525,-0.1139,0.04532));
#4396=CARTESIAN_POINT('',(0.1214872934,-0.1139,0.04532));
#4397=CARTESIAN_POINT('',(0.1214872934,-0.1139,0.04532));
#4398=CARTESIAN_POINT('',(0.1214872934,-0.0889,0.04532));
#4399=CARTESIAN_POINT('',(0.09525,-0.0889,0.04532));
#4400=CARTESIAN_POINT('',(0.13335,-0.0889,0.04532));
#4401=CARTESIAN_POINT('',(0.13335,0.,0.04532));
#4402=CARTESIAN_POINT('',(0.13335,-0.0635,0.04532));
#4403=CARTESIAN_POINT('',(0.12634365,-0.0635,0.04532));
#4404=CARTESIAN_POINT('',(0.1068373,-0.0635,0.04532));
#4405=CARTESIAN_POINT('',(0.1068373,-0.04655,0.04532));
#4406=CARTESIAN_POINT('',(0.1068373,-0.01055,0.04532));
#4407=CARTESIAN_POINT('',(0.1130873,-0.01055,0.04532));
#4408=CARTESIAN_POINT('',(0.13335,-0.01055,0.04532));
#4409=CARTESIAN_POINT('',(0.13335,0.,0.04532));
#4410=CARTESIAN_POINT('',(0.13335,0.0889,0.04532));
#4411=CARTESIAN_POINT('',(0.09525,0.0889,0.04532));
#4412=CARTESIAN_POINT('',(0.05715,0.0889,0.04532));
#4413=CARTESIAN_POINT('',(0.05715,0.0774048384495903,0.04532));
#4414=CARTESIAN_POINT('',(0.05715,0.0659096768991807,0.04532));
#4415=CARTESIAN_POINT('',(-1.30104260698261E-17,2.08166817117217E-17,0.04532));
#4416=CARTESIAN_POINT('',(0.0556066597485744,-0.045519820009459,0.04532));
#4417=CARTESIAN_POINT('',(0.123265815298374,0.071669275,0.04532));
#4418=CARTESIAN_POINT('',(0.125881630596748,0.0762,0.04532));
#4419=CARTESIAN_POINT('',(-1.64798730217796E-17,0.071669275,0.04532));
#4420=CARTESIAN_POINT('',(0.118034184701626,0.071669275,0.04532));
#4421=CARTESIAN_POINT('',(0.125368340251426,0.0589661449571335,0.04532));
#4422=CARTESIAN_POINT('',(0.115418369403252,0.0762,0.04532));
#4423=CARTESIAN_POINT('',(0.0477592138534519,-0.040989095009459,0.04532));
#4424=CARTESIAN_POINT('',(0.118034184701626,0.080730725,0.04532));
#4425=CARTESIAN_POINT('',(-1.64798730217796E-17,0.080730725,0.04532));
#4426=CARTESIAN_POINT('',(0.123265815298374,0.080730725,0.04532));
#4427=CARTESIAN_POINT('',(0.133215786146548,0.0634968699571335,0.04532));
#4428=CARTESIAN_POINT('',(0.0222691597485743,-0.0262724054103498,0.04532));
#4429=CARTESIAN_POINT('',(0.0788158152983741,0.071669275,0.04532));
#4430=CARTESIAN_POINT('',(0.0814316305967483,0.0762,0.04532));
#4431=CARTESIAN_POINT('',(-1.64798730217796E-17,0.071669275,0.04532));
#4432=CARTESIAN_POINT('',(0.0735841847016258,0.071669275,0.04532));
#4433=CARTESIAN_POINT('',(0.0920308402514256,0.0397187303580244,0.04532));
#4434=CARTESIAN_POINT('',(0.0709683694032516,0.0762,0.04532));
#4435=CARTESIAN_POINT('',(0.0144217138534518,-0.0217416804103498,0.04532));
#4436=CARTESIAN_POINT('',(0.0735841847016258,0.080730725,0.04532));
#4437=CARTESIAN_POINT('',(-1.64798730217796E-17,0.080730725,0.04532));
#4438=CARTESIAN_POINT('',(0.0788158152983741,0.080730725,0.04532));
#4439=CARTESIAN_POINT('',(0.0998782861465481,0.0442494553580244,0.04532));
#4440=CARTESIAN_POINT('',(0.0666051823766365,-0.051869820009459,0.04532));
#4441=CARTESIAN_POINT('',(0.123265815298374,0.046269275,0.04532));
#4442=CARTESIAN_POINT('',(0.125881630596748,0.0508,0.04532));
#4443=CARTESIAN_POINT('',(-1.64798730217796E-17,0.046269275,0.04532));
#4444=CARTESIAN_POINT('',(0.118034184701626,0.046269275,0.04532));
#4445=CARTESIAN_POINT('',(0.114369817623363,0.0526161449571334,0.04532));
#4446=CARTESIAN_POINT('',(0.115418369403252,0.0508,0.04532));
#4447=CARTESIAN_POINT('',(0.0587577364815142,-0.047339095009459,0.04532));
#4448=CARTESIAN_POINT('',(0.118034184701626,0.055330725,0.04532));
#4449=CARTESIAN_POINT('',(-1.64798730217796E-17,0.055330725,0.04532));
#4450=CARTESIAN_POINT('',(0.123265815298374,0.055330725,0.04532));
#4451=CARTESIAN_POINT('',(0.122217263518485,0.0571468699571338,0.04532));
#4452=CARTESIAN_POINT('',(0.0886022276327614,-0.064569820009459,0.04532));
#4453=CARTESIAN_POINT('',(0.123265815298374,-0.004530725,0.04532));
#4454=CARTESIAN_POINT('',(0.125881630596748,-9.10729824887824E-18,0.04532));
#4455=CARTESIAN_POINT('',(-1.05879123406606E-17,-0.00453072499999994,0.04532));
#4456=CARTESIAN_POINT('',(0.118034184701626,-0.004530725,0.04532));
#4457=CARTESIAN_POINT('',(0.0923727723672385,0.0399161449571335,0.04532));
#4458=CARTESIAN_POINT('',(0.115418369403252,-1.86482773667507E-17,0.04532));
#4459=CARTESIAN_POINT('',(0.080754781737639,-0.060039095009459,0.04532));
#4460=CARTESIAN_POINT('',(0.118034184701626,0.004530725,0.04532));
#4461=CARTESIAN_POINT('',(-1.64798730217796E-17,0.004530725,0.04532));
#4462=CARTESIAN_POINT('',(0.123265815298374,0.004530725,0.04532));
#4463=CARTESIAN_POINT('',(0.100220218262361,0.0444468699571336,0.04532));
#4464=CARTESIAN_POINT('',(0.121597795516949,-0.083619820009459,0.04532));
#4465=CARTESIAN_POINT('',(0.123265815298374,-0.080730725,0.04532));
#4466=CARTESIAN_POINT('',(0.125881630596748,-0.0762,0.04532));
#4467=CARTESIAN_POINT('',(-1.64798730217796E-17,-0.080730725,0.04532));
#4468=CARTESIAN_POINT('',(0.118034184701626,-0.080730725,0.04532));
#4469=CARTESIAN_POINT('',(0.0593772044830514,0.0208661449571335,0.04532));
#4470=CARTESIAN_POINT('',(0.115418369403252,-0.0762,0.04532));
#4471=CARTESIAN_POINT('',(0.113750349621826,-0.079089095009459,0.04532));
#4472=CARTESIAN_POINT('',(0.118034184701626,-0.071669275,0.04532));
#4473=CARTESIAN_POINT('',(-1.64798730217796E-17,-0.071669275,0.04532));
#4474=CARTESIAN_POINT('',(0.123265815298374,-0.071669275,0.04532));
#4475=CARTESIAN_POINT('',(0.0672246503781739,0.0253968699571336,0.04532));
#4476=CARTESIAN_POINT('',(0.12065,-0.0762,0.048672));
#4477=CARTESIAN_POINT('',(0.12065,-0.0762,0.02116));
#4478=CARTESIAN_POINT('',(0.1232027,-0.0762,0.02116));
#4479=CARTESIAN_POINT('',(0.12065,-0.0762,0.0419799));
#4480=CARTESIAN_POINT('',(0.1232027,-0.0762,0.0419799));
#4481=CARTESIAN_POINT('',(0.0762,-0.0762,0.048672));
#4482=CARTESIAN_POINT('',(0.0762,-0.0762,0.02116));
#4483=CARTESIAN_POINT('',(0.0787527,-0.0762,0.02116));
#4484=CARTESIAN_POINT('',(0.0762,-0.0762,0.0419799));
#4485=CARTESIAN_POINT('',(0.0787527,-0.0762,0.0419799));
#4486=CARTESIAN_POINT('',(0.12065,-1.37214800136053E-17,0.048672));
#4487=CARTESIAN_POINT('',(0.12065,-1.37214800136053E-17,0.02116));
#4488=CARTESIAN_POINT('',(0.1232027,-1.37214800136053E-17,0.02116));
#4489=CARTESIAN_POINT('',(0.12065,-1.37214800136053E-17,0.0419799));
#4490=CARTESIAN_POINT('',(0.1232027,-1.37214800136053E-17,0.0419799));
#4491=CARTESIAN_POINT('',(0.12065,0.0254,0.048672));
#4492=CARTESIAN_POINT('',(0.12065,0.0254,0.02116));
#4493=CARTESIAN_POINT('',(0.1232027,0.0254,0.02116));
#4494=CARTESIAN_POINT('',(0.12065,0.0254,0.0419799));
#4495=CARTESIAN_POINT('',(0.1232027,0.0254,0.0419799));
#4496=CARTESIAN_POINT('',(0.12065,0.0508,0.048672));
#4497=CARTESIAN_POINT('',(0.12065,0.0508,0.02116));
#4498=CARTESIAN_POINT('',(0.1232027,0.0508,0.02116));
#4499=CARTESIAN_POINT('',(0.12065,0.0508,0.0419799));
#4500=CARTESIAN_POINT('',(0.1232027,0.0508,0.0419799));
#4501=CARTESIAN_POINT('',(7.94676824344975E-18,2.08166817117217E-17,0.021158));
#4502=CARTESIAN_POINT('',(-1.0113351128771E-17,2.08166817117217E-17,0.0419799));
#4503=CARTESIAN_POINT('',(0.0739551363999065,0.046269275,0.0419799));
#4504=CARTESIAN_POINT('',(0.0711774277812771,0.0504379002675119,0.0419799));
#4505=CARTESIAN_POINT('',(0.071177427781277,0.0504379002675121,0.021158));
#4506=CARTESIAN_POINT('',(0.05715,0.0659096768991807,0.021158));
#4507=CARTESIAN_POINT('',(0.05715,0.0659096768991807,0.02116));
#4508=CARTESIAN_POINT('',(7.94503351997373E-18,2.08166817117217E-17,0.02116));
#4509=CARTESIAN_POINT('',(0.0856901350759,0.0163526376963598,0.02116));
#4510=CARTESIAN_POINT('',(0.0857566790923855,0.016,0.0244675396435365));
#4511=CARTESIAN_POINT('',(0.0857263800359371,0.016162396653791,0.0233718782193541));
#4512=CARTESIAN_POINT('',(0.0857032097999611,0.0162841242924876,0.0222700101766119));
#4513=CARTESIAN_POINT('',(0.0856901350759001,0.0163526376963598,0.02116));
#4514=CARTESIAN_POINT('',(0.0857566790923855,0.016,0.0244675396435365));
#4515=CARTESIAN_POINT('',(0.0857566790923855,0.016,0.021158));
#4516=CARTESIAN_POINT('',(0.0857566790923855,0.016,0.0302508090366213));
#4517=CARTESIAN_POINT('',(0.086596221100891,-0.01055,0.0312497266877536));
#4518=CARTESIAN_POINT('',(0.0868637370655436,-0.00835418278454284,0.0315411408325824));
#4519=CARTESIAN_POINT('',(0.087234925064457,-0.00392337813938903,0.0319051210424779));
#4520=CARTESIAN_POINT('',(0.0872766839751763,0.00283658185420997,0.0319444534720631));
#4521=CARTESIAN_POINT('',(0.0868044708825296,0.00947714111153116,0.0314865419078218));
#4522=CARTESIAN_POINT('',(0.0861593840068068,0.0138415852428155,0.0307748822143725));
#4523=CARTESIAN_POINT('',(0.0857566790923855,0.016,0.0302508090366213));
#4524=CARTESIAN_POINT('',(0.086596221100891,-0.01055,0.0312497266877532));
#4525=CARTESIAN_POINT('',(0.086596221100891,-0.01055,0.02982));
#4526=CARTESIAN_POINT('',(0.0739551363999065,0.046269275,0.021158));
#4527=CARTESIAN_POINT('',(0.0762,0.0508,0.048672));
#4528=CARTESIAN_POINT('',(0.0762,0.0508,0.02116));
#4529=CARTESIAN_POINT('',(0.0787527,0.0508,0.02116));
#4530=CARTESIAN_POINT('',(0.0762,0.0508,0.0419799));
#4531=CARTESIAN_POINT('',(0.0787527,0.0508,0.0419799));
#4532=CARTESIAN_POINT('',(0.0762,0.0762,0.048672));
#4533=CARTESIAN_POINT('',(0.0762,0.0762,0.02116));
#4534=CARTESIAN_POINT('',(0.0787527,0.0762,0.02116));
#4535=CARTESIAN_POINT('',(0.0762,0.0762,0.0419799));
#4536=CARTESIAN_POINT('',(0.0787527,0.0762,0.0419799));
#4537=CARTESIAN_POINT('',(0.12065,0.0762,0.048672));
#4538=CARTESIAN_POINT('',(0.12065,0.0762,0.02116));
#4539=CARTESIAN_POINT('',(0.1232027,0.0762,0.02116));
#4540=CARTESIAN_POINT('',(0.12065,0.0762,0.0419799));
#4541=CARTESIAN_POINT('',(0.1232027,0.0762,0.0419799));
#4542=CARTESIAN_POINT('',(7.94676824344975E-18,2.08166817117217E-17,0.021158));
#4543=CARTESIAN_POINT('',(4.33680868994202E-19,2.08166817117217E-17,0.02982));
#4544=CARTESIAN_POINT('',(0.0857566790923855,-0.016,0.02982));
#4545=CARTESIAN_POINT('',(0.0739551363999065,-0.046269275,0.02982));
#4546=CARTESIAN_POINT('',(0.0857566790923855,-0.016,0.021158));
#4547=CARTESIAN_POINT('',(0.0857566790923855,-0.016,0.02116));
#4548=CARTESIAN_POINT('',(7.94503351997373E-18,2.08166817117217E-17,0.02116));
#4549=CARTESIAN_POINT('',(0.05715,-0.0659096768991807,0.02116));
#4550=CARTESIAN_POINT('',(0.05715,-0.0659096768991807,0.021158));
#4551=CARTESIAN_POINT('',(0.0711774277812775,-0.0504379002675113,0.021158));
#4552=CARTESIAN_POINT('',(0.0711774277812775,-0.0504379002675113,0.0264799));
#4553=CARTESIAN_POINT('',(3.33075581004927E-18,2.08166817117217E-17,0.0264799));
#4554=CARTESIAN_POINT('',(0.0739551363999065,-0.046269275,0.0264799));
#4555=CARTESIAN_POINT('',(0.0739551363999065,-0.046269275,0.021158));
#4556=CARTESIAN_POINT('',(0.0975873,0.,0.02116));
#4557=CARTESIAN_POINT('',(0.12065,-0.0254,0.02116));
#4558=CARTESIAN_POINT('',(0.1232027,-0.0254,0.02116));
#4559=CARTESIAN_POINT('',(0.12065,-0.0508,0.02116));
#4560=CARTESIAN_POINT('',(0.1232027,-0.0508,0.02116));
#4561=CARTESIAN_POINT('',(0.09525,0.0889,0.02116));
#4562=CARTESIAN_POINT('',(0.13335,0.0889,0.02116));
#4563=CARTESIAN_POINT('',(0.1025873,0.0889,0.02116));
#4564=CARTESIAN_POINT('',(0.13335,-2.70800048421103E-37,0.02116));
#4565=CARTESIAN_POINT('',(0.13335,-0.0889,0.02116));
#4566=CARTESIAN_POINT('',(0.09525,-0.0889,0.02116));
#4567=CARTESIAN_POINT('',(0.1214872934,-0.0889,0.02116));
#4568=CARTESIAN_POINT('',(0.1214872934,-0.1139,0.02116));
#4569=CARTESIAN_POINT('',(0.1214872934,-0.1139,0.02116));
#4570=CARTESIAN_POINT('',(0.09525,-0.1139,0.02116));
#4571=CARTESIAN_POINT('',(0.1187473,-0.1139,0.02116));
#4572=CARTESIAN_POINT('',(0.1187473,-0.1139,0.02116));
#4573=CARTESIAN_POINT('',(0.1187473,-0.0889,0.02116));
#4574=CARTESIAN_POINT('',(0.09525,-0.0889,0.02116));
#4575=CARTESIAN_POINT('',(0.1085873,-0.0889,0.02116));
#4576=CARTESIAN_POINT('',(0.1085873,-0.086898,0.02116));
#4577=CARTESIAN_POINT('',(0.1085873,-0.0869,0.02116));
#4578=CARTESIAN_POINT('',(0.09525,-0.0869,0.02116));
#4579=CARTESIAN_POINT('',(0.1015873,-0.0869,0.02116));
#4580=CARTESIAN_POINT('',(0.1015873,-0.067898,0.02116));
#4581=CARTESIAN_POINT('',(0.1015873,-0.0804,0.02116));
#4582=CARTESIAN_POINT('',(0.0975873,-0.0804,0.02116));
#4583=CARTESIAN_POINT('',(0.1085873,-0.0804,0.02116));
#4584=CARTESIAN_POINT('',(0.1085873,-0.0544,0.02116));
#4585=CARTESIAN_POINT('',(0.1085873,-0.0768654185000897,0.02116));
#4586=CARTESIAN_POINT('',(0.0975873,-0.0768654185000897,0.02116));
#4587=CARTESIAN_POINT('',(0.1101273,-0.0768654185000897,0.02116));
#4588=CARTESIAN_POINT('',(0.1101273,-0.0669,0.02116));
#4589=CARTESIAN_POINT('',(0.1101273,-0.0694345814999104,0.02116));
#4590=CARTESIAN_POINT('',(0.0975873,-0.0694345814999104,0.02116));
#4591=CARTESIAN_POINT('',(0.1085873,-0.0694345814999104,0.02116));
#4592=CARTESIAN_POINT('',(0.1085873,-0.0544,0.02116));
#4593=CARTESIAN_POINT('',(0.1085873,-0.0643654185000896,0.02116));
#4594=CARTESIAN_POINT('',(0.0975873,-0.0643654185000896,0.02116));
#4595=CARTESIAN_POINT('',(0.1101273,-0.0643654185000896,0.02116));
#4596=CARTESIAN_POINT('',(0.1101273,-0.0669,0.02116));
#4597=CARTESIAN_POINT('',(0.1101273,-0.0569345814999104,0.02116));
#4598=CARTESIAN_POINT('',(0.0975873,-0.0569345814999104,0.02116));
#4599=CARTESIAN_POINT('',(0.1085873,-0.0569345814999104,0.02116));
#4600=CARTESIAN_POINT('',(0.1085873,-0.0544,0.02116));
#4601=CARTESIAN_POINT('',(0.1085873,-0.0534,0.02116));
#4602=CARTESIAN_POINT('',(0.0975873,-0.0534,0.02116));
#4603=CARTESIAN_POINT('',(0.1025873,-0.0534,0.02116));
#4604=CARTESIAN_POINT('',(0.1025873,0.0831,0.02116));
#4605=CARTESIAN_POINT('',(0.1025873,-0.0245,0.02116));
#4606=CARTESIAN_POINT('',(0.0975873,-0.0245,0.02116));
#4607=CARTESIAN_POINT('',(0.1053373,-0.0245,0.02116));
#4608=CARTESIAN_POINT('',(0.1053373,-0.0235,0.02116));
#4609=CARTESIAN_POINT('',(0.1053373,-0.021,0.02116));
#4610=CARTESIAN_POINT('',(0.0975873,-0.021,0.02116));
#4611=CARTESIAN_POINT('',(0.1065873,-0.021,0.02116));
#4612=CARTESIAN_POINT('',(0.1065873,-0.02,0.02116));
#4613=CARTESIAN_POINT('',(0.1065873,-0.016,0.02116));
#4614=CARTESIAN_POINT('',(0.0975873,-0.016,0.02116));
#4615=CARTESIAN_POINT('',(0.1125073,-0.016,0.02116));
#4616=CARTESIAN_POINT('',(0.1125073,-0.015,0.02116));
#4617=CARTESIAN_POINT('',(0.1125073,0.016,0.02116));
#4618=CARTESIAN_POINT('',(0.0975873,0.016,0.02116));
#4619=CARTESIAN_POINT('',(0.1085873,0.016,0.02116));
#4620=CARTESIAN_POINT('',(0.1085873,0.0243,0.02116));
#4621=CARTESIAN_POINT('',(0.1085873,0.0253,0.02116));
#4622=CARTESIAN_POINT('',(0.0975873,0.0253,0.02116));
#4623=CARTESIAN_POINT('',(0.1065873,0.0253,0.02116));
#4624=CARTESIAN_POINT('',(0.1065873,0.0293,0.02116));
#4625=CARTESIAN_POINT('',(0.1065873,0.0303,0.02116));
#4626=CARTESIAN_POINT('',(0.0975873,0.0303,0.02116));
#4627=CARTESIAN_POINT('',(0.1053373,0.0303,0.02116));
#4628=CARTESIAN_POINT('',(0.1053373,0.0328,0.02116));
#4629=CARTESIAN_POINT('',(0.1053373,0.0338,0.02116));
#4630=CARTESIAN_POINT('',(0.0975873,0.0338,0.02116));
#4631=CARTESIAN_POINT('',(0.1025873,0.0338,0.02116));
#4632=CARTESIAN_POINT('',(0.1025873,0.0831,0.02116));
#4633=CARTESIAN_POINT('',(0.09525,-0.0125,0.02982));
#4634=CARTESIAN_POINT('',(0.124029557254532,-0.0291158851280623,0.02982));
#4635=CARTESIAN_POINT('',(0.123412462266748,-0.030184725,0.02982));
#4636=CARTESIAN_POINT('',(0.126174924533497,-0.0254,0.02982));
#4637=CARTESIAN_POINT('',(0.09525,-0.030184725,0.02982));
#4638=CARTESIAN_POINT('',(0.117887537733252,-0.030184725,0.02982));
#4639=CARTESIAN_POINT('',(0.104570442745468,-0.00711883987193765,0.02982));
#4640=CARTESIAN_POINT('',(0.115125075466503,-0.0254,0.02982));
#4641=CARTESIAN_POINT('',(0.115742170454287,-0.0243311601280623,0.02982));
#4642=CARTESIAN_POINT('',(0.117887537733252,-0.020615275,0.02982));
#4643=CARTESIAN_POINT('',(0.09525,-0.020615275,0.02982));
#4644=CARTESIAN_POINT('',(0.123412462266748,-0.020615275,0.02982));
#4645=CARTESIAN_POINT('',(0.112857829545713,-0.00233411487193764,0.02982));
#4646=CARTESIAN_POINT('',(0.1130873,-0.0635,0.02982));
#4647=CARTESIAN_POINT('',(0.1068373,-0.0635,0.02982));
#4648=CARTESIAN_POINT('',(0.13335,-0.0635,0.02982));
#4649=CARTESIAN_POINT('',(0.13335,0.,0.02982));
#4650=CARTESIAN_POINT('',(0.13335,-0.01055,0.02982));
#4651=CARTESIAN_POINT('',(0.1130873,-0.01055,0.02982));
#4652=CARTESIAN_POINT('',(0.109736818508978,-0.01055,0.02982));
#4653=CARTESIAN_POINT('',(0.109736818508978,-0.015,0.02982));
#4654=CARTESIAN_POINT('',(0.109736818508978,-0.016,0.02982));
#4655=CARTESIAN_POINT('',(0.02371865,-0.016,0.02982));
#4656=CARTESIAN_POINT('',(0.1068373,-0.016,0.02982));
#4657=CARTESIAN_POINT('',(0.1068373,-0.04655,0.02982));
#4658=CARTESIAN_POINT('',(0.135028079882594,-0.0354658851280623,0.02982));
#4659=CARTESIAN_POINT('',(0.123412462266748,-0.055584725,0.02982));
#4660=CARTESIAN_POINT('',(0.126174924533497,-0.0508,0.02982));
#4661=CARTESIAN_POINT('',(0.09525,-0.055584725,0.02982));
#4662=CARTESIAN_POINT('',(0.117887537733252,-0.055584725,0.02982));
#4663=CARTESIAN_POINT('',(0.0935719201174055,-0.0134688398719376,0.02982));
#4664=CARTESIAN_POINT('',(0.115125075466503,-0.0508,0.02982));
#4665=CARTESIAN_POINT('',(0.126740693082349,-0.0306811601280624,0.02982));
#4666=CARTESIAN_POINT('',(0.117887537733252,-0.046015275,0.02982));
#4667=CARTESIAN_POINT('',(0.09525,-0.046015275,0.02982));
#4668=CARTESIAN_POINT('',(0.123412462266748,-0.046015275,0.02982));
#4669=CARTESIAN_POINT('',(0.10185930691765,-0.00868411487193768,0.02982));
#4670=CARTESIAN_POINT('',(0.12065,-0.0254,0.048672));
#4671=CARTESIAN_POINT('',(0.12065,-0.0254,0.0262259));
#4672=CARTESIAN_POINT('',(0.1180973,-0.0254,0.0262259));
#4673=CARTESIAN_POINT('',(0.0758373,-0.04655,0.02982));
#4674=CARTESIAN_POINT('',(0.0758373,-0.055330725,0.02982));
#4675=CARTESIAN_POINT('',(0.0758373,-0.055330725,0.02982));
#4676=CARTESIAN_POINT('',(0.0758373,-0.0635,0.02982));
#4677=CARTESIAN_POINT('',(0.0758373,-0.0635,0.02982));
#4678=CARTESIAN_POINT('',(0.0758373,-0.04655,0.02982));
#4679=CARTESIAN_POINT('',(0.09525,-0.0125,0.02982));
#4680=CARTESIAN_POINT('',(0.0858373,-0.0635,0.02982));
#4681=CARTESIAN_POINT('',(0.0883373,-0.0635,0.02982));
#4682=CARTESIAN_POINT('',(0.0883373,-0.04655,0.02982));
#4683=CARTESIAN_POINT('',(0.0883373,-0.016,0.02982));
#4684=CARTESIAN_POINT('',(0.02371865,-0.016,0.02982));
#4685=CARTESIAN_POINT('',(0.09525,-0.046269275,0.02982));
#4686=CARTESIAN_POINT('',(0.0788158152983741,-0.046269275,0.02982));
#4687=CARTESIAN_POINT('',(0.0683018364650892,-0.0280585294710469,0.02982));
#4688=CARTESIAN_POINT('',(0.0814316305967483,-0.0508,0.02982));
#4689=CARTESIAN_POINT('',(0.101470609430033,-0.0160914705289532,0.02982));
#4690=CARTESIAN_POINT('',(0.0788158152983742,-0.055330725,0.02982));
#4691=CARTESIAN_POINT('',(0.09525,-0.055330725,0.02982));
#4692=CARTESIAN_POINT('',(0.0762,-0.0508,0.048672));
#4693=CARTESIAN_POINT('',(0.0762,-0.0508,0.02116));
#4694=CARTESIAN_POINT('',(0.0787527,-0.0508,0.02116));
#4695=CARTESIAN_POINT('',(0.0762,-0.0508,0.0264799));
#4696=CARTESIAN_POINT('',(0.0736473,-0.0508,0.0264799));
#4697=CARTESIAN_POINT('',(0.12065,-0.0508,0.048672));
#4698=CARTESIAN_POINT('',(0.12065,-0.0508,0.0262259));
#4699=CARTESIAN_POINT('',(0.1180973,-0.0508,0.0262259));
#4700=CARTESIAN_POINT('',(0.0975873,0.,0.02116));
#4701=CARTESIAN_POINT('',(0.0935873,-0.067898,0.02116));
#4702=CARTESIAN_POINT('',(0.0935873,-0.0804,0.02116));
#4703=CARTESIAN_POINT('',(0.0935873,-0.0869,0.02116));
#4704=CARTESIAN_POINT('',(0.09525,-0.0869,0.02116));
#4705=CARTESIAN_POINT('',(0.0865873,-0.0869,0.02116));
#4706=CARTESIAN_POINT('',(0.0865873,-0.086898,0.02116));
#4707=CARTESIAN_POINT('',(0.0865873,-0.0889,0.02116));
#4708=CARTESIAN_POINT('',(0.09525,-0.0889,0.02116));
#4709=CARTESIAN_POINT('',(0.0764273,-0.0889,0.02116));
#4710=CARTESIAN_POINT('',(0.0764273,-0.1139,0.02116));
#4711=CARTESIAN_POINT('',(0.0764273,-0.1139,0.02116));
#4712=CARTESIAN_POINT('',(0.09525,-0.1139,0.02116));
#4713=CARTESIAN_POINT('',(0.0736873066,-0.1139,0.02116));
#4714=CARTESIAN_POINT('',(0.0736873066,-0.1139,0.02116));
#4715=CARTESIAN_POINT('',(0.0736873066,-0.0889,0.02116));
#4716=CARTESIAN_POINT('',(0.09525,-0.0889,0.02116));
#4717=CARTESIAN_POINT('',(0.05715,-0.0889,0.02116));
#4718=CARTESIAN_POINT('',(0.05715,-0.0774048384495903,0.02116));
#4719=CARTESIAN_POINT('',(0.0975873,-0.016,0.02116));
#4720=CARTESIAN_POINT('',(0.0885873,-0.016,0.02116));
#4721=CARTESIAN_POINT('',(0.0885873,-0.02,0.02116));
#4722=CARTESIAN_POINT('',(0.0885873,-0.021,0.02116));
#4723=CARTESIAN_POINT('',(0.0975873,-0.021,0.02116));
#4724=CARTESIAN_POINT('',(0.0898373,-0.021,0.02116));
#4725=CARTESIAN_POINT('',(0.0898373,-0.0235,0.02116));
#4726=CARTESIAN_POINT('',(0.0898373,-0.0245,0.02116));
#4727=CARTESIAN_POINT('',(0.0975873,-0.0245,0.02116));
#4728=CARTESIAN_POINT('',(0.0925873,-0.0245,0.02116));
#4729=CARTESIAN_POINT('',(0.0925873,0.0831,0.02116));
#4730=CARTESIAN_POINT('',(0.0925873,-0.0534,0.02116));
#4731=CARTESIAN_POINT('',(0.0975873,-0.0534,0.02116));
#4732=CARTESIAN_POINT('',(0.0865873,-0.0534,0.02116));
#4733=CARTESIAN_POINT('',(0.0865873,-0.0544,0.02116));
#4734=CARTESIAN_POINT('',(0.0865873,-0.0569345814999104,0.02116));
#4735=CARTESIAN_POINT('',(0.0975873,-0.0569345814999104,0.02116));
#4736=CARTESIAN_POINT('',(0.0850473,-0.0569345814999104,0.02116));
#4737=CARTESIAN_POINT('',(0.0850473,-0.0669,0.02116));
#4738=CARTESIAN_POINT('',(0.0850473,-0.0643654185000896,0.02116));
#4739=CARTESIAN_POINT('',(0.0975873,-0.0643654185000896,0.02116));
#4740=CARTESIAN_POINT('',(0.0865873,-0.0643654185000896,0.02116));
#4741=CARTESIAN_POINT('',(0.0865873,-0.0544,0.02116));
#4742=CARTESIAN_POINT('',(0.0865873,-0.0694345814999104,0.02116));
#4743=CARTESIAN_POINT('',(0.0975873,-0.0694345814999104,0.02116));
#4744=CARTESIAN_POINT('',(0.0850473,-0.0694345814999104,0.02116));
#4745=CARTESIAN_POINT('',(0.0850473,-0.0669,0.02116));
#4746=CARTESIAN_POINT('',(0.0850473,-0.0768654185000897,0.02116));
#4747=CARTESIAN_POINT('',(0.0975873,-0.0768654185000897,0.02116));
#4748=CARTESIAN_POINT('',(0.0865873,-0.0768654185000897,0.02116));
#4749=CARTESIAN_POINT('',(0.0865873,-0.0544,0.02116));
#4750=CARTESIAN_POINT('',(0.0865873,-0.0804,0.02116));
#4751=CARTESIAN_POINT('',(0.0975873,-0.0804,0.02116));
#4752=CARTESIAN_POINT('',(0.0975873,0.,0.02116));
#4753=CARTESIAN_POINT('',(0.0925873,0.0831,0.02116));
#4754=CARTESIAN_POINT('',(0.0925873,0.0889,0.02116));
#4755=CARTESIAN_POINT('',(0.0925873,0.0338,0.02116));
#4756=CARTESIAN_POINT('',(0.0975873,0.0338,0.02116));
#4757=CARTESIAN_POINT('',(0.0898373,0.0338,0.02116));
#4758=CARTESIAN_POINT('',(0.0898373,0.0328,0.02116));
#4759=CARTESIAN_POINT('',(0.0898373,0.0303,0.02116));
#4760=CARTESIAN_POINT('',(0.0975873,0.0303,0.02116));
#4761=CARTESIAN_POINT('',(0.0885873,0.0303,0.02116));
#4762=CARTESIAN_POINT('',(0.0885873,0.0293,0.02116));
#4763=CARTESIAN_POINT('',(0.0885873,0.0253,0.02116));
#4764=CARTESIAN_POINT('',(0.0975873,0.0253,0.02116));
#4765=CARTESIAN_POINT('',(0.0865873,0.0253,0.02116));
#4766=CARTESIAN_POINT('',(0.0865873,0.0243,0.02116));
#4767=CARTESIAN_POINT('',(0.0865873,0.016,0.02116));
#4768=CARTESIAN_POINT('',(0.0975873,0.016,0.02116));
#4769=CARTESIAN_POINT('',(0.0860873,0.016,0.02116));
#4770=CARTESIAN_POINT('',(0.0860873,0.,0.02116));
#4771=CARTESIAN_POINT('',(0.0860873,0.0164973440186702,0.02116));
#4772=CARTESIAN_POINT('',(0.0860873,0.0164973440186703,0.02116));
#4773=CARTESIAN_POINT('',(0.0859549125420339,0.0164491062446014,0.02116));
#4774=CARTESIAN_POINT('',(0.0858225241958999,0.0164008709084128,0.02116));
#4775=CARTESIAN_POINT('',(0.0856901350759004,0.0163526376963599,0.02116));
#4776=CARTESIAN_POINT('',(0.05715,0.0774048384495903,0.02116));
#4777=CARTESIAN_POINT('',(0.05715,0.0889,0.02116));
#4778=CARTESIAN_POINT('',(0.09525,0.0889,0.02116));
#4779=CARTESIAN_POINT('',(0.13335,0.,0.021158));
#4780=CARTESIAN_POINT('',(0.13335,-0.0635,0.03607));
#4781=CARTESIAN_POINT('',(0.13335,-0.0889,0.021158));
#4782=CARTESIAN_POINT('',(0.13335,0.0889,0.021158));
#4783=CARTESIAN_POINT('',(0.13335,-0.01055,0.02982));
#4784=CARTESIAN_POINT('',(0.0975873,-0.015,0.02116));
#4785=CARTESIAN_POINT('',(0.0975873,0.016,0.02116));
#4786=CARTESIAN_POINT('',(0.0975873,-0.016,0.02116));
#4787=CARTESIAN_POINT('',(0.0975873,-0.01055,0.02116));
#4788=CARTESIAN_POINT('',(0.1068373,-0.01055,0.0328665750755718));
#4789=CARTESIAN_POINT('',(0.1068373,-0.015,0.0328665750755718));
#4790=CARTESIAN_POINT('',(0.1068373,-0.016,0.0328665750755718));
#4791=CARTESIAN_POINT('',(0.0975873,-0.016,0.02116));
#4792=CARTESIAN_POINT('',(0.0883373,-0.016,0.0328665750755718));
#4793=CARTESIAN_POINT('',(0.0883373,-0.015,0.0328665750755718));
#4794=CARTESIAN_POINT('',(0.0883373,-0.01055,0.0328665750755718));
#4795=CARTESIAN_POINT('',(0.0975873,-0.01055,0.02116));
#4796=CARTESIAN_POINT('',(0.02371865,-0.016,0.023915));
#4797=CARTESIAN_POINT('',(0.0883373,-0.016,0.023915));
#4798=CARTESIAN_POINT('',(0.1068373,-0.016,0.023915));
#4799=CARTESIAN_POINT('',(0.0975873,-0.016,0.02116));
#4800=CARTESIAN_POINT('',(0.0820873,-0.0619,0.03666));
#4801=CARTESIAN_POINT('',(0.0820873,-0.0889,0.03666));
#4802=CARTESIAN_POINT('',(0.0820873,-0.0889,0.03841));
#4803=CARTESIAN_POINT('',(0.0820873,-0.0635,0.03666));
#4804=CARTESIAN_POINT('',(0.0820873,-0.0635,0.03491));
#4805=CARTESIAN_POINT('',(0.1130873,-0.0619,0.03666));
#4806=CARTESIAN_POINT('',(0.1130873,-0.0889,0.03666));
#4807=CARTESIAN_POINT('',(0.1130873,-0.0889,0.03841));
#4808=CARTESIAN_POINT('',(0.1130873,-0.0635,0.03666));
#4809=CARTESIAN_POINT('',(0.1130873,-0.0635,0.03491));
#4810=CARTESIAN_POINT('',(0.09525,-0.0889,0.021158));
#4811=CARTESIAN_POINT('',(0.0975873,-0.0889,0.02116));
#4812=CARTESIAN_POINT('',(0.1187473,-0.0889,0.0278168461000688));
#4813=CARTESIAN_POINT('',(0.1187473,-0.0889,0.04232));
#4814=CARTESIAN_POINT('',(0.09525,-0.0889,0.04232));
#4815=CARTESIAN_POINT('',(0.0764273,-0.0889,0.04232));
#4816=CARTESIAN_POINT('',(0.0764273,-0.0889,0.0383968461000687));
#4817=CARTESIAN_POINT('',(0.09525,-0.0889,0.021158));
#4818=CARTESIAN_POINT('',(0.0736873066,-0.0889,0.03174));
#4819=CARTESIAN_POINT('',(0.05715,-0.0889,0.021158));
#4820=CARTESIAN_POINT('',(0.09525,0.0889,0.021158));
#4821=CARTESIAN_POINT('',(0.0975873,0.0889,0.02116));
#4822=CARTESIAN_POINT('',(0.05715,0.0889,0.021158));
#4823=CARTESIAN_POINT('',(0.05715,0.0774048384495903,0.021158));
#4824=CARTESIAN_POINT('',(0.05715,-0.0774048384495903,0.021158));
#4825=CARTESIAN_POINT('',(0.09525,-0.0889,0.021158));
#4826=CARTESIAN_POINT('',(0.1214872934,-0.0889,0.03174));
#4827=CARTESIAN_POINT('',(0.1088573,-0.0643654185000896,0.02116));
#4828=CARTESIAN_POINT('',(0.0975873,-0.0643654185000896,0.02116));
#4829=CARTESIAN_POINT('',(0.0975873,-0.0643654185000896,0.02116));
#4830=CARTESIAN_POINT('',(0.1088573,-0.0569345814999104,0.02116));
#4831=CARTESIAN_POINT('',(0.0975873,-0.0569345814999104,0.02116));
#4832=CARTESIAN_POINT('',(0.0975873,-0.0569345814999104,0.02116));
#4833=CARTESIAN_POINT('',(0.0975873,-0.0669,0.02116));
#4834=CARTESIAN_POINT('',(0.1088573,-0.0768654185000897,0.02116));
#4835=CARTESIAN_POINT('',(0.0975873,-0.0768654185000897,0.02116));
#4836=CARTESIAN_POINT('',(0.0975873,-0.0768654185000897,0.02116));
#4837=CARTESIAN_POINT('',(0.1088573,-0.0694345814999104,0.02116));
#4838=CARTESIAN_POINT('',(0.0975873,-0.0694345814999104,0.02116));
#4839=CARTESIAN_POINT('',(0.0975873,-0.0694345814999104,0.02116));
#4840=CARTESIAN_POINT('',(0.0975873,-0.0669,0.02116));
#4841=CARTESIAN_POINT('',(0.02371865,0.016,0.023915));
#4842=CARTESIAN_POINT('',(0.0975873,0.016,0.02116));
#4843=CARTESIAN_POINT('',(0.0860873000000001,0.016,0.0251198266565904));
#4844=CARTESIAN_POINT('',(0.0859709291798419,0.016,0.0249057726728955));
#4845=CARTESIAN_POINT('',(0.0858607094340495,0.016,0.0246883506643731));
#4846=CARTESIAN_POINT('',(0.0857566790923855,0.016,0.0244675396435365));
#4847=CARTESIAN_POINT('',(0.0860873,0.016,0.0251198266565905));
#4848=CARTESIAN_POINT('',(0.0860873,0.016,0.02116));
#4849=CARTESIAN_POINT('',(0.0859752866987056,0.0159525988500915,0.0251825116119822));
#4850=CARTESIAN_POINT('',(0.0857540084046225,0.0159934616009133,0.0245442728115557));
#4851=CARTESIAN_POINT('',(0.0854117568632495,0.0160787040431938,0.0232123112497055));
#4852=CARTESIAN_POINT('',(0.0852962893095188,0.0161676169071245,0.0218217304962712));
#4853=CARTESIAN_POINT('',(0.0852984002725363,0.0162120547959315,0.0211263979597528));
#4854=CARTESIAN_POINT('',(0.0862260928718663,0.0160488091858136,0.0250983227864944));
#4855=CARTESIAN_POINT('',(0.0860094624865008,0.0160896692882695,0.0244739138698325));
#4856=CARTESIAN_POINT('',(0.0856743129672673,0.0161749075241391,0.023170770078942));
#4857=CARTESIAN_POINT('',(0.085561027271156,0.0162638189863882,0.0218101742184073));
#4858=CARTESIAN_POINT('',(0.0855629406831067,0.0163082569493653,0.0211298086004936));
#4859=CARTESIAN_POINT('',(0.0864769287515569,0.0161450125682655,0.0250142132124507));
#4860=CARTESIAN_POINT('',(0.086264942507272,0.0161858697630122,0.0244036372618974));
#4861=CARTESIAN_POINT('',(0.0859368863057565,0.0162711033807422,0.0231293162314345));
#4862=CARTESIAN_POINT('',(0.0858257724187999,0.0163600133041768,0.0217987071597565));
#4863=CARTESIAN_POINT('',(0.0858274832238883,0.0164044513485778,0.0211333085368705));
#4864=CARTESIAN_POINT('',(0.0867278013217597,0.0162412067943803,0.0249302008810234));
#4865=CARTESIAN_POINT('',(0.0865204546020208,0.0162820607403427,0.0243334616849128));
#4866=CARTESIAN_POINT('',(0.0861994810478987,0.0163672891985433,0.0230879695544164));
#4867=CARTESIAN_POINT('',(0.0860905266401387,0.0164561974028781,0.0217873496243212));
#4868=CARTESIAN_POINT('',(0.0860920286309425,0.016500635538238,0.0211369181046943));
#4869=CARTESIAN_POINT('',(0.0860873,0.0164973440186703,0.02116));
#4870=CARTESIAN_POINT('',(0.0860873,0.0164070574362437,0.0224820209109389));
#4871=CARTESIAN_POINT('',(0.0860873,0.0162317394011611,0.0238062775478558));
#4872=CARTESIAN_POINT('',(0.0860873,0.016,0.0251198266565905));
#4873=CARTESIAN_POINT('',(0.0860873,0.0127398630133604,0.02116));
#4874=CARTESIAN_POINT('',(0.0975873,-0.0544,0.02116));
#4875=CARTESIAN_POINT('',(0.0975873,-0.0544,0.02116));
#4876=CARTESIAN_POINT('',(0.0975873,-0.0804,0.02116));
#4877=CARTESIAN_POINT('',(0.0975873,-0.0804,0.02116));
#4878=CARTESIAN_POINT('',(0.0975873,-0.0804,0.02116));
#4879=CARTESIAN_POINT('',(0.0975873,0.0831,0.02116));
#4880=CARTESIAN_POINT('',(0.0975873,-0.0534,0.02116));
#4881=CARTESIAN_POINT('',(0.0975873,-0.0245,0.02116));
#4882=CARTESIAN_POINT('',(0.0975873,-0.0544,0.02116));
#4883=CARTESIAN_POINT('',(0.0975873,-0.0534,0.02116));
#4884=CARTESIAN_POINT('',(0.0975873,-0.0534,0.02116));
#4885=CARTESIAN_POINT('',(0.0975873,-0.0245,0.02116));
#4886=CARTESIAN_POINT('',(0.0975873,-0.0245,0.02116));
#4887=CARTESIAN_POINT('',(0.0975873,-0.0235,0.02116));
#4888=CARTESIAN_POINT('',(0.0975873,-0.021,0.02116));
#4889=CARTESIAN_POINT('',(0.0975873,-0.021,0.02116));
#4890=CARTESIAN_POINT('',(0.0975873,-0.021,0.02116));
#4891=CARTESIAN_POINT('',(0.0975873,-0.02,0.02116));
#4892=CARTESIAN_POINT('',(0.0975873,0.0253,0.02116));
#4893=CARTESIAN_POINT('',(0.0975873,0.0253,0.02116));
#4894=CARTESIAN_POINT('',(0.0975873,0.0253,0.02116));
#4895=CARTESIAN_POINT('',(0.0975873,0.0293,0.02116));
#4896=CARTESIAN_POINT('',(0.0975873,0.0303,0.02116));
#4897=CARTESIAN_POINT('',(0.0975873,0.0303,0.02116));
#4898=CARTESIAN_POINT('',(0.0975873,0.0303,0.02116));
#4899=CARTESIAN_POINT('',(0.0975873,0.0328,0.02116));
#4900=CARTESIAN_POINT('',(0.0975873,0.0338,0.02116));
#4901=CARTESIAN_POINT('',(0.0975873,0.0338,0.02116));
#4902=CARTESIAN_POINT('',(0.0975873,0.0338,0.02116));
#4903=CARTESIAN_POINT('',(0.0975873,0.0831,0.02116));
#4904=CARTESIAN_POINT('',(0.0975873,0.0243,0.02116));
#4905=CARTESIAN_POINT('',(0.1214872934,-0.1139,0.03174));
#4906=CARTESIAN_POINT('',(0.1214872934,-0.1139,0.03174));
#4907=CARTESIAN_POINT('',(0.1187473,-0.1139,0.0278168461000688));
#4908=CARTESIAN_POINT('',(0.1187473,-0.1139,0.0278168461000688));
#4909=CARTESIAN_POINT('',(0.1187473,-0.1139,0.04232));
#4910=CARTESIAN_POINT('',(0.1187473,-0.1139,0.04232));
#4911=CARTESIAN_POINT('',(0.09525,-0.1139,0.0250831538999313));
#4912=CARTESIAN_POINT('',(0.105986321275491,-0.1139,0.04532));
#4913=CARTESIAN_POINT('',(0.105986321275491,-0.1139,0.04232));
#4914=CARTESIAN_POINT('',(0.09525,-0.1139,0.04232));
#4915=CARTESIAN_POINT('',(0.0736873066,-0.1139,0.03174));
#4916=CARTESIAN_POINT('',(0.0736873066,-0.1139,0.03174));
#4917=CARTESIAN_POINT('',(0.0764273,-0.1139,0.0383968461000687));
#4918=CARTESIAN_POINT('',(0.0764273,-0.1139,0.04232));
#4919=CARTESIAN_POINT('',(0.0764273,-0.1139,0.04232));
#4920=CARTESIAN_POINT('',(0.0764273,-0.1139,0.0383968461000687));
#4921=CARTESIAN_POINT('',(0.09525,-0.1139,0.0250831538999313));
#4922=CARTESIAN_POINT('',(0.09525,-0.1139,0.04232));
#4923=CARTESIAN_POINT('',(0.0891882787245089,-0.1139,0.04232));
#4924=CARTESIAN_POINT('',(0.0891882787245089,-0.1139,0.04532));
#4925=CARTESIAN_POINT('',(0.1068373,-0.04655,0.02982));
#4926=CARTESIAN_POINT('',(0.1068373,-0.0635,0.03607));
#4927=CARTESIAN_POINT('',(0.1068373,-0.01055,0.02982));
#4928=CARTESIAN_POINT('',(0.1130873,-0.01055,0.02982));
#4929=CARTESIAN_POINT('',(0.0858373,-0.01055,0.02982));
#4930=CARTESIAN_POINT('',(0.0883373,-0.01055,0.02982));
#4931=CARTESIAN_POINT('',(0.0883373,-0.04655,0.02982));
#4932=CARTESIAN_POINT('',(0.0883373,-0.0635,0.02982));
#4933=CARTESIAN_POINT('',(0.0975873,-0.0869,0.02116));
#4934=CARTESIAN_POINT('',(0.0975873,-0.0869,0.02116));
#4935=CARTESIAN_POINT('',(0.0975873,-0.0869,0.02116));
#4936=CARTESIAN_POINT('',(0.0975873,-0.086898,0.02116));
#4937=CARTESIAN_POINT('',(0.0975873,-0.067898,0.02116));
#4938=CARTESIAN_POINT('',(0.10459365,-0.0635,0.03607));
#4939=CARTESIAN_POINT('',(0.10459365,-0.0635,0.03607));
#4940=CARTESIAN_POINT('',(0.124573722947561,-0.0485346375,0.0299851));
#4941=CARTESIAN_POINT('',(0.123265815298374,-0.046269275,0.0299851));
#4942=CARTESIAN_POINT('',(0.123265815298374,-0.046269275,0.029566));
#4943=CARTESIAN_POINT('',(0.123265815298374,-0.046269275,0.0264799));
#4944=CARTESIAN_POINT('',(0.124573722947561,-0.0485346375,0.0264799));
#4945=CARTESIAN_POINT('',(0.125881630596748,-0.0508,0.0264799));
#4946=CARTESIAN_POINT('',(0.125881630596748,-0.0508,0.0299851));
#4947=CARTESIAN_POINT('',(0.125881630596748,-0.0508,0.029566));
#4948=CARTESIAN_POINT('',(0.124573722947561,-0.0485346375,0.029566));
#4949=CARTESIAN_POINT('',(0.124573722947561,-0.0530653625,0.0299851));
#4950=CARTESIAN_POINT('',(0.124573722947561,-0.0530653625,0.0264799));
#4951=CARTESIAN_POINT('',(0.123265815298374,-0.055330725,0.0264799));
#4952=CARTESIAN_POINT('',(0.123265815298374,-0.055330725,0.0299851));
#4953=CARTESIAN_POINT('',(0.123265815298374,-0.055330725,0.029566));
#4954=CARTESIAN_POINT('',(0.124573722947561,-0.0530653625,0.029566));
#4955=CARTESIAN_POINT('',(0.12065,-0.055330725,0.0299851));
#4956=CARTESIAN_POINT('',(0.12065,-0.055330725,0.0264799));
#4957=CARTESIAN_POINT('',(0.118034184701626,-0.055330725,0.0264799));
#4958=CARTESIAN_POINT('',(0.118034184701626,-0.055330725,0.0299851));
#4959=CARTESIAN_POINT('',(0.118034184701626,-0.055330725,0.029566));
#4960=CARTESIAN_POINT('',(0.12065,-0.055330725,0.029566));
#4961=CARTESIAN_POINT('',(0.116726277052439,-0.0530653625,0.0299851));
#4962=CARTESIAN_POINT('',(0.116726277052439,-0.0530653625,0.0264799));
#4963=CARTESIAN_POINT('',(0.115418369403252,-0.0508,0.0264799));
#4964=CARTESIAN_POINT('',(0.115418369403252,-0.0508,0.0299851));
#4965=CARTESIAN_POINT('',(0.115418369403252,-0.0508,0.029566));
#4966=CARTESIAN_POINT('',(0.116726277052439,-0.0530653625,0.029566));
#4967=CARTESIAN_POINT('',(0.116726277052439,-0.0485346375,0.0299851));
#4968=CARTESIAN_POINT('',(0.116726277052439,-0.0485346375,0.0264799));
#4969=CARTESIAN_POINT('',(0.118034184701626,-0.046269275,0.0264799));
#4970=CARTESIAN_POINT('',(0.118034184701626,-0.046269275,0.0299851));
#4971=CARTESIAN_POINT('',(0.118034184701626,-0.046269275,0.029566));
#4972=CARTESIAN_POINT('',(0.116726277052439,-0.0485346375,0.029566));
#4973=CARTESIAN_POINT('',(0.12065,-0.046269275,0.0299851));
#4974=CARTESIAN_POINT('',(0.12065,-0.046269275,0.0264799));
#4975=CARTESIAN_POINT('',(0.12065,-0.046269275,0.029566));
#4976=CARTESIAN_POINT('',(0.12065,-0.0508,0.0264799));
#4977=CARTESIAN_POINT('',(0.12065,-0.0508,0.0264799));
#4978=CARTESIAN_POINT('',(0.1178433,-0.0508,0.0264799));
#4979=CARTESIAN_POINT('',(0.0935719201174055,-0.0134688398719376,0.02982));
#4980=CARTESIAN_POINT('',(0.121762571246987,-0.0508,0.0240717600365894));
#4981=CARTESIAN_POINT('',(0.124834857052065,-0.0435516149634119,0.0177868899634118));
#4982=CARTESIAN_POINT('',(0.09525,-0.055584725,0.02982));
#4983=CARTESIAN_POINT('',(0.119389253371499,-0.0486163227839646,0.0228515977839645));
#4984=CARTESIAN_POINT('',(0.126740693082349,-0.0306811601280624,0.02982));
#4985=CARTESIAN_POINT('',(0.114653603771358,-0.0404139370696782,0.0354213379303219));
#4986=CARTESIAN_POINT('',(0.135028079882594,-0.0354658851280623,0.02982));
#4987=CARTESIAN_POINT('',(0.112280285895871,-0.0508,0.0177868899634109));
#4988=CARTESIAN_POINT('',(0.09525,-0.046015275,0.02982));
#4989=CARTESIAN_POINT('',(0.129570506652205,-0.0353492292491252,0.040486045750875));
#4990=CARTESIAN_POINT('',(0.10185930691765,-0.00868411487193768,0.02982));
#4991=CARTESIAN_POINT('',(0.12065,-0.0508,0.0262259));
#4992=CARTESIAN_POINT('',(0.0722762770524388,-0.0530653625,0.0299851));
#4993=CARTESIAN_POINT('',(0.0709683694032517,-0.0508,0.0299851));
#4994=CARTESIAN_POINT('',(0.0709683694032517,-0.0508,0.0264799));
#4995=CARTESIAN_POINT('',(0.0735841847016258,-0.055330725,0.0299851));
#4996=CARTESIAN_POINT('',(0.0735841847016258,-0.055330725,0.0264799));
#4997=CARTESIAN_POINT('',(0.0722762770524388,-0.0530653625,0.0264799));
#4998=CARTESIAN_POINT('',(0.0722762770524388,-0.0485346375,0.0299851));
#4999=CARTESIAN_POINT('',(0.0722762770524388,-0.0485346375,0.0264799));
#5000=CARTESIAN_POINT('',(0.0762,-0.055330725,0.0299851));
#5001=CARTESIAN_POINT('',(0.0788158152983742,-0.055330725,0.0299851));
#5002=CARTESIAN_POINT('',(0.0788158152983742,-0.055330725,0.0264799));
#5003=CARTESIAN_POINT('',(0.0762,-0.055330725,0.0264799));
#5004=CARTESIAN_POINT('',(0.0801237229475612,-0.0485346375,0.0299851));
#5005=CARTESIAN_POINT('',(0.0814316305967483,-0.0508,0.0299851));
#5006=CARTESIAN_POINT('',(0.0814316305967483,-0.0508,0.0264799));
#5007=CARTESIAN_POINT('',(0.0788158152983741,-0.046269275,0.0299851));
#5008=CARTESIAN_POINT('',(0.0788158152983741,-0.046269275,0.0264799));
#5009=CARTESIAN_POINT('',(0.0801237229475612,-0.0485346375,0.0264799));
#5010=CARTESIAN_POINT('',(0.0801237229475612,-0.0530653625,0.0299851));
#5011=CARTESIAN_POINT('',(0.0801237229475612,-0.0530653625,0.0264799));
#5012=CARTESIAN_POINT('',(0.0762,-0.046269275,0.0299851));
#5013=CARTESIAN_POINT('',(0.0762,-0.046269275,0.0264799));
#5014=CARTESIAN_POINT('',(0.0762,-0.0508,0.0264799));
#5015=CARTESIAN_POINT('',(0.12065,-0.0254,0.0264799));
#5016=CARTESIAN_POINT('',(0.12065,-0.0254,0.0264799));
#5017=CARTESIAN_POINT('',(0.1178433,-0.0254,0.0264799));
#5018=CARTESIAN_POINT('',(0.124573722947561,-0.0231346375,0.0264799));
#5019=CARTESIAN_POINT('',(0.123265815298374,-0.020869275,0.0264799));
#5020=CARTESIAN_POINT('',(0.125881630596748,-0.0254,0.0264799));
#5021=CARTESIAN_POINT('',(0.12065,-0.020869275,0.0264799));
#5022=CARTESIAN_POINT('',(0.118034184701626,-0.020869275,0.0264799));
#5023=CARTESIAN_POINT('',(0.116726277052439,-0.0231346375,0.0264799));
#5024=CARTESIAN_POINT('',(0.115418369403252,-0.0254,0.0264799));
#5025=CARTESIAN_POINT('',(0.116726277052439,-0.0276653625,0.0264799));
#5026=CARTESIAN_POINT('',(0.118034184701626,-0.029930725,0.0264799));
#5027=CARTESIAN_POINT('',(0.12065,-0.029930725,0.0264799));
#5028=CARTESIAN_POINT('',(0.123265815298374,-0.029930725,0.0264799));
#5029=CARTESIAN_POINT('',(0.124573722947561,-0.0276653625,0.0264799));
#5030=CARTESIAN_POINT('',(0.124573722947561,-0.0231346375,0.0299851));
#5031=CARTESIAN_POINT('',(0.123265815298374,-0.020869275,0.0299851));
#5032=CARTESIAN_POINT('',(0.123265815298374,-0.020869275,0.029566));
#5033=CARTESIAN_POINT('',(0.125881630596748,-0.0254,0.0299851));
#5034=CARTESIAN_POINT('',(0.125881630596748,-0.0254,0.029566));
#5035=CARTESIAN_POINT('',(0.124573722947561,-0.0231346375,0.029566));
#5036=CARTESIAN_POINT('',(0.124573722947561,-0.0276653625,0.0299851));
#5037=CARTESIAN_POINT('',(0.123265815298374,-0.029930725,0.0299851));
#5038=CARTESIAN_POINT('',(0.123265815298374,-0.029930725,0.029566));
#5039=CARTESIAN_POINT('',(0.124573722947561,-0.0276653625,0.029566));
#5040=CARTESIAN_POINT('',(0.12065,-0.029930725,0.0299851));
#5041=CARTESIAN_POINT('',(0.118034184701626,-0.029930725,0.0299851));
#5042=CARTESIAN_POINT('',(0.118034184701626,-0.029930725,0.029566));
#5043=CARTESIAN_POINT('',(0.12065,-0.029930725,0.029566));
#5044=CARTESIAN_POINT('',(0.116726277052439,-0.0276653625,0.0299851));
#5045=CARTESIAN_POINT('',(0.115418369403252,-0.0254,0.0299851));
#5046=CARTESIAN_POINT('',(0.115418369403252,-0.0254,0.029566));
#5047=CARTESIAN_POINT('',(0.116726277052439,-0.0276653625,0.029566));
#5048=CARTESIAN_POINT('',(0.116726277052439,-0.0231346375,0.0299851));
#5049=CARTESIAN_POINT('',(0.118034184701626,-0.020869275,0.0299851));
#5050=CARTESIAN_POINT('',(0.118034184701626,-0.020869275,0.029566));
#5051=CARTESIAN_POINT('',(0.116726277052439,-0.0231346375,0.029566));
#5052=CARTESIAN_POINT('',(0.12065,-0.020869275,0.0299851));
#5053=CARTESIAN_POINT('',(0.12065,-0.020869275,0.029566));
#5054=CARTESIAN_POINT('',(0.104570442745468,-0.00711883987193764,0.02982));
#5055=CARTESIAN_POINT('',(0.115477701173808,-0.0254,0.0295146171794464));
#5056=CARTESIAN_POINT('',(0.121692422015476,-0.023594472106268,0.023229747106268));
#5057=CARTESIAN_POINT('',(0.09525,-0.030184725,0.02982));
#5058=CARTESIAN_POINT('',(0.119389253371498,-0.0232163227839642,0.0228515977839642));
#5059=CARTESIAN_POINT('',(0.115742170454287,-0.0243311601280623,0.02982));
#5060=CARTESIAN_POINT('',(0.114653603771358,-0.0150139370696785,0.0354213379303214));
#5061=CARTESIAN_POINT('',(0.124029557254532,-0.0291158851280623,0.02982));
#5062=CARTESIAN_POINT('',(0.118565155969049,-0.0254,0.0232297471062679));
#5063=CARTESIAN_POINT('',(0.09525,-0.020615275,0.02982));
#5064=CARTESIAN_POINT('',(0.126428071615616,-0.0153920863919822,0.0350431886080178));
#5065=CARTESIAN_POINT('',(0.112857829545713,-0.00233411487193764,0.02982));
#5066=CARTESIAN_POINT('',(0.12065,-0.0254,0.0264799));
#5067=CARTESIAN_POINT('',(-1.38777878078145E-17,-0.0134153000348836,0.04232));
#5068=CARTESIAN_POINT('',(0.105986321275491,-0.11136,0.04232));
#5069=CARTESIAN_POINT('',(0.105986321275491,-0.10882,0.04232));
#5070=CARTESIAN_POINT('',(0.0975873,-0.10882,0.04232));
#5071=CARTESIAN_POINT('',(0.0891882787245089,-0.10882,0.04232));
#5072=CARTESIAN_POINT('',(0.0891882787245089,-0.11136,0.04232));
#5073=CARTESIAN_POINT('',(0.0891882787245089,-0.11136,0.04532));
#5074=CARTESIAN_POINT('',(0.0891882787245089,-0.10882,0.04532));
#5075=CARTESIAN_POINT('',(0.0975873,-0.10882,0.04532));
#5076=CARTESIAN_POINT('',(0.105986321275491,-0.10882,0.04532));
#5077=CARTESIAN_POINT('',(0.105986321275491,-0.11136,0.04532));
#5078=CARTESIAN_POINT('',(0.12065,0.0762,0.0419799));
#5079=CARTESIAN_POINT('',(0.124573722947561,0.0739346375,0.0419799));
#5080=CARTESIAN_POINT('',(0.123265815298374,0.071669275,0.0419799));
#5081=CARTESIAN_POINT('',(0.125881630596748,0.0762,0.0419799));
#5082=CARTESIAN_POINT('',(0.124573722947561,0.0784653625,0.0419799));
#5083=CARTESIAN_POINT('',(0.123265815298374,0.080730725,0.0419799));
#5084=CARTESIAN_POINT('',(0.12065,0.080730725,0.0419799));
#5085=CARTESIAN_POINT('',(0.118034184701626,0.080730725,0.0419799));
#5086=CARTESIAN_POINT('',(0.116726277052439,0.0784653625,0.0419799));
#5087=CARTESIAN_POINT('',(0.115418369403252,0.0762,0.0419799));
#5088=CARTESIAN_POINT('',(0.116726277052439,0.0739346375,0.0419799));
#5089=CARTESIAN_POINT('',(0.118034184701626,0.071669275,0.0419799));
#5090=CARTESIAN_POINT('',(0.12065,0.071669275,0.0419799));
#5091=CARTESIAN_POINT('',(0.124573722947561,0.0739346375,0.0454851));
#5092=CARTESIAN_POINT('',(0.125881630596748,0.0762,0.0454851));
#5093=CARTESIAN_POINT('',(0.123265815298374,0.071669275,0.0454851));
#5094=CARTESIAN_POINT('',(0.124573722947561,0.0784653625,0.0454851));
#5095=CARTESIAN_POINT('',(0.123265815298374,0.080730725,0.0454851));
#5096=CARTESIAN_POINT('',(0.12065,0.080730725,0.0454851));
#5097=CARTESIAN_POINT('',(0.118034184701626,0.080730725,0.0454851));
#5098=CARTESIAN_POINT('',(0.116726277052439,0.0784653625,0.0454851));
#5099=CARTESIAN_POINT('',(0.115418369403252,0.0762,0.0454851));
#5100=CARTESIAN_POINT('',(0.116726277052439,0.0739346375,0.0454851));
#5101=CARTESIAN_POINT('',(0.118034184701626,0.071669275,0.0454851));
#5102=CARTESIAN_POINT('',(0.12065,0.071669275,0.0454851));
#5103=CARTESIAN_POINT('',(0.0801237229475612,0.0739346375,0.0454851));
#5104=CARTESIAN_POINT('',(0.0814316305967483,0.0762,0.0454851));
#5105=CARTESIAN_POINT('',(0.0814316305967483,0.0762,0.0419799));
#5106=CARTESIAN_POINT('',(0.0801237229475612,0.0739346375,0.0419799));
#5107=CARTESIAN_POINT('',(0.0788158152983741,0.071669275,0.0419799));
#5108=CARTESIAN_POINT('',(0.0788158152983741,0.071669275,0.0454851));
#5109=CARTESIAN_POINT('',(0.0801237229475612,0.0784653625,0.0454851));
#5110=CARTESIAN_POINT('',(0.0788158152983741,0.080730725,0.0454851));
#5111=CARTESIAN_POINT('',(0.0788158152983741,0.080730725,0.0419799));
#5112=CARTESIAN_POINT('',(0.0801237229475612,0.0784653625,0.0419799));
#5113=CARTESIAN_POINT('',(0.0762,0.080730725,0.0454851));
#5114=CARTESIAN_POINT('',(0.0735841847016258,0.080730725,0.0454851));
#5115=CARTESIAN_POINT('',(0.0735841847016258,0.080730725,0.0419799));
#5116=CARTESIAN_POINT('',(0.0762,0.080730725,0.0419799));
#5117=CARTESIAN_POINT('',(0.0722762770524387,0.0784653625,0.0454851));
#5118=CARTESIAN_POINT('',(0.0709683694032516,0.0762,0.0454851));
#5119=CARTESIAN_POINT('',(0.0709683694032516,0.0762,0.0419799));
#5120=CARTESIAN_POINT('',(0.0722762770524387,0.0784653625,0.0419799));
#5121=CARTESIAN_POINT('',(0.0722762770524387,0.0739346375,0.0454851));
#5122=CARTESIAN_POINT('',(0.0735841847016258,0.071669275,0.0454851));
#5123=CARTESIAN_POINT('',(0.0735841847016258,0.071669275,0.0419799));
#5124=CARTESIAN_POINT('',(0.0722762770524387,0.0739346375,0.0419799));
#5125=CARTESIAN_POINT('',(0.0762,0.071669275,0.0454851));
#5126=CARTESIAN_POINT('',(0.0762,0.071669275,0.0419799));
#5127=CARTESIAN_POINT('',(0.0762,0.0762,0.0419799));
#5128=CARTESIAN_POINT('',(0.0801237229475612,0.0485346375,0.0454851));
#5129=CARTESIAN_POINT('',(0.0814316305967483,0.0508,0.0454851));
#5130=CARTESIAN_POINT('',(0.0814316305967483,0.0508,0.0419799));
#5131=CARTESIAN_POINT('',(0.0801237229475612,0.0485346375,0.0419799));
#5132=CARTESIAN_POINT('',(0.0788158152983741,0.046269275,0.0419799));
#5133=CARTESIAN_POINT('',(0.0788158152983741,0.046269275,0.0454851));
#5134=CARTESIAN_POINT('',(0.0801237229475612,0.0530653625,0.0454851));
#5135=CARTESIAN_POINT('',(0.0788158152983741,0.055330725,0.0454851));
#5136=CARTESIAN_POINT('',(0.0788158152983741,0.055330725,0.0419799));
#5137=CARTESIAN_POINT('',(0.0801237229475612,0.0530653625,0.0419799));
#5138=CARTESIAN_POINT('',(0.0762,0.055330725,0.0454851));
#5139=CARTESIAN_POINT('',(0.0735841847016258,0.055330725,0.0454851));
#5140=CARTESIAN_POINT('',(0.0735841847016258,0.055330725,0.0419799));
#5141=CARTESIAN_POINT('',(0.0762,0.055330725,0.0419799));
#5142=CARTESIAN_POINT('',(0.0722762770524387,0.0530653625,0.0454851));
#5143=CARTESIAN_POINT('',(0.0709683694032516,0.0508,0.0454851));
#5144=CARTESIAN_POINT('',(0.0709683694032516,0.0508,0.0419799));
#5145=CARTESIAN_POINT('',(0.0722762770524387,0.0530653625,0.0419799));
#5146=CARTESIAN_POINT('',(0.0722762770524387,0.0485346375,0.0454851));
#5147=CARTESIAN_POINT('',(0.0722762770524387,0.0485346375,0.0419799));
#5148=CARTESIAN_POINT('',(0.0762,0.046269275,0.0454851));
#5149=CARTESIAN_POINT('',(0.0762,0.046269275,0.0419799));
#5150=CARTESIAN_POINT('',(0.0762,0.0508,0.0419799));
#5151=CARTESIAN_POINT('',(0.124573722947561,0.0485346375,0.0454851));
#5152=CARTESIAN_POINT('',(0.125881630596748,0.0508,0.0454851));
#5153=CARTESIAN_POINT('',(0.125881630596748,0.0508,0.0419799));
#5154=CARTESIAN_POINT('',(0.124573722947561,0.0485346375,0.0419799));
#5155=CARTESIAN_POINT('',(0.123265815298374,0.046269275,0.0419799));
#5156=CARTESIAN_POINT('',(0.123265815298374,0.046269275,0.0454851));
#5157=CARTESIAN_POINT('',(0.124573722947561,0.0530653625,0.0454851));
#5158=CARTESIAN_POINT('',(0.123265815298374,0.055330725,0.0454851));
#5159=CARTESIAN_POINT('',(0.123265815298374,0.055330725,0.0419799));
#5160=CARTESIAN_POINT('',(0.124573722947561,0.0530653625,0.0419799));
#5161=CARTESIAN_POINT('',(0.12065,0.055330725,0.0454851));
#5162=CARTESIAN_POINT('',(0.118034184701626,0.055330725,0.0454851));
#5163=CARTESIAN_POINT('',(0.118034184701626,0.055330725,0.0419799));
#5164=CARTESIAN_POINT('',(0.12065,0.055330725,0.0419799));
#5165=CARTESIAN_POINT('',(0.116726277052439,0.0530653625,0.0454851));
#5166=CARTESIAN_POINT('',(0.115418369403252,0.0508,0.0454851));
#5167=CARTESIAN_POINT('',(0.115418369403252,0.0508,0.0419799));
#5168=CARTESIAN_POINT('',(0.116726277052439,0.0530653625,0.0419799));
#5169=CARTESIAN_POINT('',(0.116726277052439,0.0485346375,0.0454851));
#5170=CARTESIAN_POINT('',(0.118034184701626,0.046269275,0.0454851));
#5171=CARTESIAN_POINT('',(0.118034184701626,0.046269275,0.0419799));
#5172=CARTESIAN_POINT('',(0.116726277052439,0.0485346375,0.0419799));
#5173=CARTESIAN_POINT('',(0.12065,0.046269275,0.0454851));
#5174=CARTESIAN_POINT('',(0.12065,0.046269275,0.0419799));
#5175=CARTESIAN_POINT('',(0.12065,0.0508,0.0419799));
#5176=CARTESIAN_POINT('',(0.124573722947561,0.0231346375,0.0454851));
#5177=CARTESIAN_POINT('',(0.125881630596748,0.0254,0.0454851));
#5178=CARTESIAN_POINT('',(0.125881630596748,0.0254,0.0419799));
#5179=CARTESIAN_POINT('',(0.124573722947561,0.0231346375,0.0419799));
#5180=CARTESIAN_POINT('',(0.123265815298374,0.020869275,0.0419799));
#5181=CARTESIAN_POINT('',(0.123265815298374,0.020869275,0.0454851));
#5182=CARTESIAN_POINT('',(0.124573722947561,0.0276653625,0.0454851));
#5183=CARTESIAN_POINT('',(0.123265815298374,0.029930725,0.0454851));
#5184=CARTESIAN_POINT('',(0.123265815298374,0.029930725,0.0419799));
#5185=CARTESIAN_POINT('',(0.124573722947561,0.0276653625,0.0419799));
#5186=CARTESIAN_POINT('',(0.12065,0.029930725,0.0454851));
#5187=CARTESIAN_POINT('',(0.118034184701626,0.029930725,0.0454851));
#5188=CARTESIAN_POINT('',(0.118034184701626,0.029930725,0.0419799));
#5189=CARTESIAN_POINT('',(0.12065,0.029930725,0.0419799));
#5190=CARTESIAN_POINT('',(0.116726277052439,0.0276653625,0.0454851));
#5191=CARTESIAN_POINT('',(0.115418369403252,0.0254,0.0454851));
#5192=CARTESIAN_POINT('',(0.115418369403252,0.0254,0.0419799));
#5193=CARTESIAN_POINT('',(0.116726277052439,0.0276653625,0.0419799));
#5194=CARTESIAN_POINT('',(0.116726277052439,0.0231346375,0.0454851));
#5195=CARTESIAN_POINT('',(0.118034184701626,0.020869275,0.0454851));
#5196=CARTESIAN_POINT('',(0.118034184701626,0.020869275,0.0419799));
#5197=CARTESIAN_POINT('',(0.116726277052439,0.0231346375,0.0419799));
#5198=CARTESIAN_POINT('',(0.12065,0.020869275,0.0454851));
#5199=CARTESIAN_POINT('',(0.12065,0.020869275,0.0419799));
#5200=CARTESIAN_POINT('',(0.12065,0.0254,0.0419799));
#5201=CARTESIAN_POINT('',(0.124573722947561,-0.00226536250000002,0.0454851));
#5202=CARTESIAN_POINT('',(0.125881630596748,-9.10729824887824E-18,0.0454851));
#5203=CARTESIAN_POINT('',(0.125881630596748,-9.10729824887824E-18,0.0419799));
#5204=CARTESIAN_POINT('',(0.124573722947561,-0.00226536250000002,0.0419799));
#5205=CARTESIAN_POINT('',(0.123265815298374,-0.004530725,0.0419799));
#5206=CARTESIAN_POINT('',(0.123265815298374,-0.004530725,0.0454851));
#5207=CARTESIAN_POINT('',(0.124573722947561,0.00226536249999999,0.0454851));
#5208=CARTESIAN_POINT('',(0.123265815298374,0.004530725,0.0454851));
#5209=CARTESIAN_POINT('',(0.123265815298374,0.004530725,0.0419799));
#5210=CARTESIAN_POINT('',(0.124573722947561,0.00226536249999999,0.0419799));
#5211=CARTESIAN_POINT('',(0.12065,0.004530725,0.0454851));
#5212=CARTESIAN_POINT('',(0.118034184701626,0.004530725,0.0454851));
#5213=CARTESIAN_POINT('',(0.118034184701626,0.004530725,0.0419799));
#5214=CARTESIAN_POINT('',(0.12065,0.004530725,0.0419799));
#5215=CARTESIAN_POINT('',(0.116726277052439,0.0022653625,0.0454851));
#5216=CARTESIAN_POINT('',(0.115418369403252,-1.86482773667507E-17,0.0454851));
#5217=CARTESIAN_POINT('',(0.115418369403252,-1.86482773667507E-17,0.0419799));
#5218=CARTESIAN_POINT('',(0.116726277052439,0.0022653625,0.0419799));
#5219=CARTESIAN_POINT('',(0.116726277052439,-0.00226536250000002,0.0454851));
#5220=CARTESIAN_POINT('',(0.118034184701626,-0.004530725,0.0454851));
#5221=CARTESIAN_POINT('',(0.118034184701626,-0.004530725,0.0419799));
#5222=CARTESIAN_POINT('',(0.116726277052439,-0.00226536250000002,0.0419799));
#5223=CARTESIAN_POINT('',(0.12065,-0.004530725,0.0454851));
#5224=CARTESIAN_POINT('',(0.12065,-0.004530725,0.0419799));
#5225=CARTESIAN_POINT('',(0.12065,-1.37152588078656E-17,0.0419799));
#5226=CARTESIAN_POINT('',(0.0801237229475612,-0.0784653625,0.0454851));
#5227=CARTESIAN_POINT('',(0.0814316305967483,-0.0762,0.0454851));
#5228=CARTESIAN_POINT('',(0.0814316305967483,-0.0762,0.0419799));
#5229=CARTESIAN_POINT('',(0.0801237229475612,-0.0784653625,0.0419799));
#5230=CARTESIAN_POINT('',(0.0788158152983742,-0.080730725,0.0419799));
#5231=CARTESIAN_POINT('',(0.0788158152983742,-0.080730725,0.0454851));
#5232=CARTESIAN_POINT('',(0.0801237229475613,-0.0739346375,0.0454851));
#5233=CARTESIAN_POINT('',(0.0788158152983742,-0.071669275,0.0454851));
#5234=CARTESIAN_POINT('',(0.0788158152983742,-0.071669275,0.0419799));
#5235=CARTESIAN_POINT('',(0.0801237229475613,-0.0739346375,0.0419799));
#5236=CARTESIAN_POINT('',(0.0762,-0.071669275,0.0454851));
#5237=CARTESIAN_POINT('',(0.0735841847016258,-0.071669275,0.0454851));
#5238=CARTESIAN_POINT('',(0.0735841847016258,-0.071669275,0.0419799));
#5239=CARTESIAN_POINT('',(0.0762,-0.071669275,0.0419799));
#5240=CARTESIAN_POINT('',(0.0722762770524387,-0.0739346375,0.0454851));
#5241=CARTESIAN_POINT('',(0.0709683694032517,-0.0762,0.0454851));
#5242=CARTESIAN_POINT('',(0.0709683694032517,-0.0762,0.0419799));
#5243=CARTESIAN_POINT('',(0.0722762770524387,-0.0739346375,0.0419799));
#5244=CARTESIAN_POINT('',(0.0722762770524388,-0.0784653625,0.0454851));
#5245=CARTESIAN_POINT('',(0.0735841847016258,-0.080730725,0.0454851));
#5246=CARTESIAN_POINT('',(0.0735841847016258,-0.080730725,0.0419799));
#5247=CARTESIAN_POINT('',(0.0722762770524388,-0.0784653625,0.0419799));
#5248=CARTESIAN_POINT('',(0.0762,-0.080730725,0.0454851));
#5249=CARTESIAN_POINT('',(0.0762,-0.080730725,0.0419799));
#5250=CARTESIAN_POINT('',(0.0762,-0.0762,0.0419799));
#5251=CARTESIAN_POINT('',(0.124573722947561,-0.0784653625,0.0454851));
#5252=CARTESIAN_POINT('',(0.125881630596748,-0.0762,0.0454851));
#5253=CARTESIAN_POINT('',(0.125881630596748,-0.0762,0.0419799));
#5254=CARTESIAN_POINT('',(0.124573722947561,-0.0784653625,0.0419799));
#5255=CARTESIAN_POINT('',(0.123265815298374,-0.080730725,0.0419799));
#5256=CARTESIAN_POINT('',(0.123265815298374,-0.080730725,0.0454851));
#5257=CARTESIAN_POINT('',(0.124573722947561,-0.0739346375,0.0454851));
#5258=CARTESIAN_POINT('',(0.123265815298374,-0.071669275,0.0454851));
#5259=CARTESIAN_POINT('',(0.123265815298374,-0.071669275,0.0419799));
#5260=CARTESIAN_POINT('',(0.124573722947561,-0.0739346375,0.0419799));
#5261=CARTESIAN_POINT('',(0.12065,-0.071669275,0.0454851));
#5262=CARTESIAN_POINT('',(0.118034184701626,-0.071669275,0.0454851));
#5263=CARTESIAN_POINT('',(0.118034184701626,-0.071669275,0.0419799));
#5264=CARTESIAN_POINT('',(0.12065,-0.071669275,0.0419799));
#5265=CARTESIAN_POINT('',(0.116726277052439,-0.0739346375,0.0454851));
#5266=CARTESIAN_POINT('',(0.115418369403252,-0.0762,0.0454851));
#5267=CARTESIAN_POINT('',(0.115418369403252,-0.0762,0.0419799));
#5268=CARTESIAN_POINT('',(0.116726277052439,-0.0739346375,0.0419799));
#5269=CARTESIAN_POINT('',(0.116726277052439,-0.0784653625,0.0454851));
#5270=CARTESIAN_POINT('',(0.118034184701626,-0.080730725,0.0454851));
#5271=CARTESIAN_POINT('',(0.118034184701626,-0.080730725,0.0419799));
#5272=CARTESIAN_POINT('',(0.116726277052439,-0.0784653625,0.0419799));
#5273=CARTESIAN_POINT('',(0.12065,-0.080730725,0.0454851));
#5274=CARTESIAN_POINT('',(0.12065,-0.080730725,0.0419799));
#5275=CARTESIAN_POINT('',(0.12065,-0.0762,0.0419799));
#5276=MECHANICAL_DESIGN_GEOMETRIC_PRESENTATION_REPRESENTATION('',(#3234),
#5277);
#5277=(
GEOMETRIC_REPRESENTATION_CONTEXT(3)
GLOBAL_UNCERTAINTY_ASSIGNED_CONTEXT((#5278))
GLOBAL_UNIT_ASSIGNED_CONTEXT((#5281,#5280,#5279))
REPRESENTATION_CONTEXT('House Top','TOP_LEVEL_ASSEMBLY_PART')
);
#5278=UNCERTAINTY_MEASURE_WITH_UNIT(LENGTH_MEASURE(2.E-5),#5281,
'DISTANCE_ACCURACY_VALUE','Maximum Tolerance applied to model');
#5279=(
NAMED_UNIT(*)
SI_UNIT($,.STERADIAN.)
SOLID_ANGLE_UNIT()
);
#5280=(
NAMED_UNIT(*)
PLANE_ANGLE_UNIT()
SI_UNIT($,.RADIAN.)
);
#5281=(
LENGTH_UNIT()
NAMED_UNIT(*)
SI_UNIT($,.METRE.)
);
#5282=PRODUCT_DEFINITION_SHAPE('','',#5283);
#5283=PRODUCT_DEFINITION('','',#5285,#5284);
#5284=PRODUCT_DEFINITION_CONTEXT('',#5291,'design');
#5285=PRODUCT_DEFINITION_FORMATION_WITH_SPECIFIED_SOURCE('','',#5287,
 .NOT_KNOWN.);
#5286=PRODUCT_RELATED_PRODUCT_CATEGORY('','',(#5287));
#5287=PRODUCT('House Top','House Top','House Top',(#5289));
#5288=PRODUCT_CATEGORY('','');
#5289=PRODUCT_CONTEXT('',#5291,'mechanical');
#5290=APPLICATION_PROTOCOL_DEFINITION('international standard',
'ap242_managed_model_based_3d_engineering',2011,#5291);
#5291=APPLICATION_CONTEXT('managed model based 3d engineering');
ENDSEC;
END-ISO-10303-21;
