ISO-10303-21;
HEADER;
/* Generated by software containing ST-Developer
 * from STEP Tools, Inc. (www.steptools.com) 
 */
/* OPTION: using custom renumber hook */

FILE_DESCRIPTION(
/* description */ ('STEP AP242',
'CAx-IF Rec.Pracs.---Representation and Presentation of Product Manufa
cturing Information (PMI)---4.0---2014-10-13',
'CAx-IF Rec.Pracs.---3D Tessellated Geometry---0.4---2014-09-14','2;1'),

/* implementation_level */ '2;1');

FILE_NAME(
/* name */ '68fb19e878a1d30a472b1b78',
/* time_stamp */ '2025-10-24T06:17:13Z',
/* author */ (''),
/* organization */ (''),
/* preprocessor_version */ 'ST-DEVELOPER v20',
/* originating_system */ 'ONSHAPE BY PTC INC, 1.205',
/* authorisation */ '  ');

FILE_SCHEMA (('AP242_MANAGED_MODEL_BASED_3D_ENGINEERING_MIM_LF { 1 0 10303 442 1 1 4 }'));
ENDSEC;

DATA;
#10=SHAPE_REPRESENTATION_RELATIONSHIP('','',#4244,#11);
#11=ADVANCED_BREP_SHAPE_REPRESENTATION('',(#4242),#6940);
#12=CONICAL_SURFACE('',#4404,0.0025527,0.785398163397455);
#13=CONICAL_SURFACE('',#4418,0.0872365061711804,0.785398163397455);
#14=CONICAL_SURFACE('',#4424,0.0025527,0.785398163397455);
#15=CONICAL_SURFACE('',#4456,0.0028067,0.785398163397462);
#16=CONICAL_SURFACE('',#4471,0.0028067,0.785398163397453);
#17=CONICAL_SURFACE('',#4481,0.0872365061711804,0.785398163397462);
#18=CONICAL_SURFACE('',#4487,0.0028067,0.785398163397462);
#19=CONICAL_SURFACE('',#4502,0.0028067,0.785398163397462);
#20=CONICAL_SURFACE('',#4517,0.0028067,0.785398163397462);
#21=CONICAL_SURFACE('',#4532,0.0028067,0.785398163397462);
#22=CONICAL_SURFACE('',#4547,0.0028067,0.785398163397462);
#23=B_SPLINE_CURVE_WITH_KNOTS('',3,(#6025,#6026,#6027,#6028),
 .UNSPECIFIED.,.F.,.F.,(4,4),(0.,1.),.UNSPECIFIED.);
#24=B_SPLINE_CURVE_WITH_KNOTS('',3,(#6032,#6033,#6034,#6035),
 .UNSPECIFIED.,.F.,.F.,(4,4),(0.,1.),.UNSPECIFIED.);
#25=B_SPLINE_CURVE_WITH_KNOTS('',3,(#6134,#6135,#6136,#6137),
 .UNSPECIFIED.,.F.,.F.,(4,4),(0.,1.),.UNSPECIFIED.);
#26=B_SPLINE_CURVE_WITH_KNOTS('',3,(#6141,#6142,#6143,#6144),
 .UNSPECIFIED.,.F.,.F.,(4,4),(0.,1.),.UNSPECIFIED.);
#27=B_SPLINE_CURVE_WITH_KNOTS('',3,(#6150,#6151,#6152,#6153),
 .UNSPECIFIED.,.F.,.F.,(4,4),(0.000364033491081545,0.291590826356024),
 .UNSPECIFIED.);
#28=B_SPLINE_CURVE_WITH_KNOTS('',3,(#6184,#6185,#6186,#6187),
 .UNSPECIFIED.,.F.,.F.,(4,4),(0.,0.00590744074448587),.UNSPECIFIED.);
#29=B_SPLINE_CURVE_WITH_KNOTS('',3,(#6261,#6262,#6263,#6264),
 .UNSPECIFIED.,.F.,.F.,(4,4),(0.,0.0064493691283084),.UNSPECIFIED.);
#30=B_SPLINE_CURVE_WITH_KNOTS('',3,(#6403,#6404,#6405,#6406),
 .UNSPECIFIED.,.F.,.F.,(4,4),(0.000375690179375486,0.0049492821188892),
 .UNSPECIFIED.);
#31=B_SPLINE_CURVE_WITH_KNOTS('',3,(#6429,#6430,#6431,#6432),
 .UNSPECIFIED.,.F.,.F.,(4,4),(0.,0.000527409268959662),.UNSPECIFIED.);
#32=B_SPLINE_CURVE_WITH_KNOTS('',3,(#6438,#6439,#6440,#6441),
 .UNSPECIFIED.,.F.,.F.,(4,4),(0.,0.000386003263570141),.UNSPECIFIED.);
#33=B_SPLINE_CURVE_WITH_KNOTS('',3,(#6645,#6646,#6647,#6648),
 .UNSPECIFIED.,.F.,.F.,(4,4),(0.000375690179373986,0.00494928211888926),
 .UNSPECIFIED.);
#34=B_SPLINE_CURVE_WITH_KNOTS('',3,(#6655,#6656,#6657,#6658),
 .UNSPECIFIED.,.F.,.F.,(4,4),(0.,0.00052740926895831),.UNSPECIFIED.);
#35=B_SPLINE_CURVE_WITH_KNOTS('',3,(#6660,#6661,#6662,#6663),
 .UNSPECIFIED.,.F.,.F.,(4,4),(0.,0.000386003263570141),.UNSPECIFIED.);
#36=CYLINDRICAL_SURFACE('',#4254,0.0025527);
#37=CYLINDRICAL_SURFACE('',#4257,0.0025527);
#38=CYLINDRICAL_SURFACE('',#4260,0.0025527);
#39=CYLINDRICAL_SURFACE('',#4263,0.0025527);
#40=CYLINDRICAL_SURFACE('',#4266,0.0872365061711804);
#41=CYLINDRICAL_SURFACE('',#4273,0.0025527);
#42=CYLINDRICAL_SURFACE('',#4276,0.0025527);
#43=CYLINDRICAL_SURFACE('',#4279,0.0025527);
#44=CYLINDRICAL_SURFACE('',#4282,0.00255);
#45=CYLINDRICAL_SURFACE('',#4285,0.00255);
#46=CYLINDRICAL_SURFACE('',#4293,0.0025527);
#47=CYLINDRICAL_SURFACE('',#4297,0.0025527);
#48=CYLINDRICAL_SURFACE('',#4300,0.01492);
#49=CYLINDRICAL_SURFACE('',#4321,0.0175000000006601);
#50=CYLINDRICAL_SURFACE('',#4328,0.0175000000006601);
#51=CYLINDRICAL_SURFACE('',#4333,0.0135);
#52=CYLINDRICAL_SURFACE('',#4340,0.00775);
#53=CYLINDRICAL_SURFACE('',#4344,0.009);
#54=CYLINDRICAL_SURFACE('',#4345,0.0135);
#55=CYLINDRICAL_SURFACE('',#4346,0.0135);
#56=CYLINDRICAL_SURFACE('',#4353,0.009);
#57=CYLINDRICAL_SURFACE('',#4357,0.00775);
#58=CYLINDRICAL_SURFACE('',#4361,0.011);
#59=CYLINDRICAL_SURFACE('',#4372,0.0025527);
#60=CYLINDRICAL_SURFACE('',#4374,0.0025527);
#61=CYLINDRICAL_SURFACE('',#4381,0.0195500000005909);
#62=CYLINDRICAL_SURFACE('',#4382,0.00600041661053025);
#63=CYLINDRICAL_SURFACE('',#4384,0.00450000000000728);
#64=CYLINDRICAL_SURFACE('',#4385,0.00450000000000728);
#65=CYLINDRICAL_SURFACE('',#4557,0.00304);
#66=CYLINDRICAL_SURFACE('',#4559,0.00304);
#67=CYLINDRICAL_SURFACE('',#4561,0.00304);
#68=CYLINDRICAL_SURFACE('',#4563,0.00304);
#69=CYLINDRICAL_SURFACE('',#4567,0.00125);
#70=CYLINDRICAL_SURFACE('',#4570,0.00125);
#71=CYLINDRICAL_SURFACE('',#4573,0.00125);
#72=CYLINDRICAL_SURFACE('',#4576,0.00125);
#73=CIRCLE('',#4247,0.0872365061711804);
#74=CIRCLE('',#4248,0.0872365061711804);
#75=CIRCLE('',#4249,0.0908306061711805);
#76=CIRCLE('',#4250,0.00304);
#77=CIRCLE('',#4251,0.00304);
#78=CIRCLE('',#4252,0.00304);
#79=CIRCLE('',#4253,0.00304);
#80=CIRCLE('',#4255,0.0025527);
#81=CIRCLE('',#4256,0.0025527);
#82=CIRCLE('',#4258,0.0025527);
#83=CIRCLE('',#4259,0.0025527);
#84=CIRCLE('',#4261,0.0025527);
#85=CIRCLE('',#4262,0.0025527);
#86=CIRCLE('',#4264,0.0025527);
#87=CIRCLE('',#4265,0.0025527);
#88=CIRCLE('',#4267,0.0872365061711804);
#89=CIRCLE('',#4268,0.0872365061711804);
#90=CIRCLE('',#4269,0.0872365061711804);
#91=CIRCLE('',#4270,0.0872365061711804);
#92=CIRCLE('',#4271,0.0872365061711804);
#93=CIRCLE('',#4272,0.0872365061711804);
#94=CIRCLE('',#4274,0.0025527);
#95=CIRCLE('',#4275,0.0025527);
#96=CIRCLE('',#4277,0.0025527);
#97=CIRCLE('',#4278,0.0025527);
#98=CIRCLE('',#4280,0.0025527);
#99=CIRCLE('',#4281,0.0025527);
#100=CIRCLE('',#4283,0.00255);
#101=CIRCLE('',#4284,0.00255);
#102=CIRCLE('',#4286,0.00255);
#103=CIRCLE('',#4287,0.00255);
#104=CIRCLE('',#4291,0.0908306061711804);
#105=CIRCLE('',#4294,0.0025527);
#106=CIRCLE('',#4295,0.0025527);
#107=CIRCLE('',#4298,0.0025527);
#108=CIRCLE('',#4299,0.0025527);
#109=CIRCLE('',#4301,0.01492);
#110=CIRCLE('',#4302,0.01492);
#111=CIRCLE('',#4304,0.0025527);
#112=CIRCLE('',#4306,0.0025527);
#113=CIRCLE('',#4310,0.00450000000000728);
#114=CIRCLE('',#4316,0.0135);
#115=CIRCLE('',#4317,0.0175000000006601);
#116=CIRCLE('',#4319,0.0135);
#117=CIRCLE('',#4320,0.0175000000006601);
#118=CIRCLE('',#4323,0.0175000000006601);
#119=CIRCLE('',#4324,0.0135);
#120=CIRCLE('',#4326,0.0175000000006601);
#121=CIRCLE('',#4327,0.0135);
#122=CIRCLE('',#4330,0.009);
#123=CIRCLE('',#4332,0.011);
#124=CIRCLE('',#4334,0.0135);
#125=CIRCLE('',#4336,0.00450000000000728);
#126=CIRCLE('',#4338,0.00775);
#127=CIRCLE('',#4339,0.00450000000000728);
#128=CIRCLE('',#4341,0.00775);
#129=CIRCLE('',#4343,0.009);
#130=CIRCLE('',#4347,0.0135);
#131=CIRCLE('',#4349,0.00600041661053025);
#132=CIRCLE('',#4351,0.011);
#133=CIRCLE('',#4352,0.009);
#134=CIRCLE('',#4354,0.009);
#135=CIRCLE('',#4356,0.00775);
#136=CIRCLE('',#4358,0.00775);
#137=CIRCLE('',#4360,0.00450000000000728);
#138=CIRCLE('',#4373,0.0025527);
#139=CIRCLE('',#4375,0.0025527);
#140=CIRCLE('',#4377,0.0195500000005909);
#141=CIRCLE('',#4379,0.0195500000005909);
#142=CIRCLE('',#4380,0.00600041661053025);
#143=CIRCLE('',#4397,0.0028067);
#144=CIRCLE('',#4411,0.0028067);
#145=CIRCLE('',#4412,0.0874905061711804);
#146=CIRCLE('',#4443,0.0028067);
#147=CIRCLE('',#4458,0.0028067);
#148=CIRCLE('',#4473,0.0028067);
#149=CIRCLE('',#4474,0.0874905061711804);
#150=CIRCLE('',#4489,0.0028067);
#151=CIRCLE('',#4504,0.0028067);
#152=CIRCLE('',#4519,0.0028067);
#153=CIRCLE('',#4534,0.0028067);
#154=CIRCLE('',#4549,0.00125);
#155=CIRCLE('',#4550,0.00125);
#156=CIRCLE('',#4551,0.00125);
#157=CIRCLE('',#4552,0.00304);
#158=CIRCLE('',#4553,0.00304);
#159=CIRCLE('',#4554,0.00304);
#160=CIRCLE('',#4555,0.00304);
#161=CIRCLE('',#4556,0.00125);
#162=CIRCLE('',#4566,0.00125);
#163=CIRCLE('',#4569,0.00125);
#164=CIRCLE('',#4572,0.00125);
#165=CIRCLE('',#4575,0.00125);
#166=ORIENTED_EDGE('',*,*,#1312,.T.);
#167=ORIENTED_EDGE('',*,*,#1313,.T.);
#168=ORIENTED_EDGE('',*,*,#1314,.T.);
#169=ORIENTED_EDGE('',*,*,#1315,.T.);
#170=ORIENTED_EDGE('',*,*,#1316,.T.);
#171=ORIENTED_EDGE('',*,*,#1317,.T.);
#172=ORIENTED_EDGE('',*,*,#1318,.T.);
#173=ORIENTED_EDGE('',*,*,#1319,.T.);
#174=ORIENTED_EDGE('',*,*,#1320,.T.);
#175=ORIENTED_EDGE('',*,*,#1321,.T.);
#176=ORIENTED_EDGE('',*,*,#1322,.T.);
#177=ORIENTED_EDGE('',*,*,#1323,.T.);
#178=ORIENTED_EDGE('',*,*,#1324,.T.);
#179=ORIENTED_EDGE('',*,*,#1325,.T.);
#180=ORIENTED_EDGE('',*,*,#1326,.F.);
#181=ORIENTED_EDGE('',*,*,#1327,.F.);
#182=ORIENTED_EDGE('',*,*,#1328,.F.);
#183=ORIENTED_EDGE('',*,*,#1329,.F.);
#184=ORIENTED_EDGE('',*,*,#1330,.F.);
#185=ORIENTED_EDGE('',*,*,#1331,.F.);
#186=ORIENTED_EDGE('',*,*,#1332,.F.);
#187=ORIENTED_EDGE('',*,*,#1333,.T.);
#188=ORIENTED_EDGE('',*,*,#1334,.F.);
#189=ORIENTED_EDGE('',*,*,#1335,.F.);
#190=ORIENTED_EDGE('',*,*,#1336,.F.);
#191=ORIENTED_EDGE('',*,*,#1337,.F.);
#192=ORIENTED_EDGE('',*,*,#1338,.F.);
#193=ORIENTED_EDGE('',*,*,#1339,.T.);
#194=ORIENTED_EDGE('',*,*,#1340,.F.);
#195=ORIENTED_EDGE('',*,*,#1341,.F.);
#196=ORIENTED_EDGE('',*,*,#1342,.F.);
#197=ORIENTED_EDGE('',*,*,#1343,.T.);
#198=ORIENTED_EDGE('',*,*,#1344,.T.);
#199=ORIENTED_EDGE('',*,*,#1345,.T.);
#200=ORIENTED_EDGE('',*,*,#1346,.T.);
#201=ORIENTED_EDGE('',*,*,#1347,.T.);
#202=ORIENTED_EDGE('',*,*,#1348,.T.);
#203=ORIENTED_EDGE('',*,*,#1349,.T.);
#204=ORIENTED_EDGE('',*,*,#1350,.T.);
#205=ORIENTED_EDGE('',*,*,#1351,.T.);
#206=ORIENTED_EDGE('',*,*,#1352,.T.);
#207=ORIENTED_EDGE('',*,*,#1353,.T.);
#208=ORIENTED_EDGE('',*,*,#1354,.T.);
#209=ORIENTED_EDGE('',*,*,#1355,.F.);
#210=ORIENTED_EDGE('',*,*,#1356,.T.);
#211=ORIENTED_EDGE('',*,*,#1357,.F.);
#212=ORIENTED_EDGE('',*,*,#1358,.T.);
#213=ORIENTED_EDGE('',*,*,#1359,.T.);
#214=ORIENTED_EDGE('',*,*,#1360,.T.);
#215=ORIENTED_EDGE('',*,*,#1361,.T.);
#216=ORIENTED_EDGE('',*,*,#1362,.T.);
#217=ORIENTED_EDGE('',*,*,#1363,.T.);
#218=ORIENTED_EDGE('',*,*,#1364,.T.);
#219=ORIENTED_EDGE('',*,*,#1365,.T.);
#220=ORIENTED_EDGE('',*,*,#1366,.T.);
#221=ORIENTED_EDGE('',*,*,#1367,.T.);
#222=ORIENTED_EDGE('',*,*,#1368,.T.);
#223=ORIENTED_EDGE('',*,*,#1369,.T.);
#224=ORIENTED_EDGE('',*,*,#1370,.T.);
#225=ORIENTED_EDGE('',*,*,#1371,.T.);
#226=ORIENTED_EDGE('',*,*,#1372,.T.);
#227=ORIENTED_EDGE('',*,*,#1373,.T.);
#228=ORIENTED_EDGE('',*,*,#1374,.T.);
#229=ORIENTED_EDGE('',*,*,#1375,.T.);
#230=ORIENTED_EDGE('',*,*,#1376,.T.);
#231=ORIENTED_EDGE('',*,*,#1377,.F.);
#232=ORIENTED_EDGE('',*,*,#1378,.F.);
#233=ORIENTED_EDGE('',*,*,#1379,.F.);
#234=ORIENTED_EDGE('',*,*,#1380,.F.);
#235=ORIENTED_EDGE('',*,*,#1381,.F.);
#236=ORIENTED_EDGE('',*,*,#1382,.F.);
#237=ORIENTED_EDGE('',*,*,#1383,.F.);
#238=ORIENTED_EDGE('',*,*,#1384,.F.);
#239=ORIENTED_EDGE('',*,*,#1385,.T.);
#240=ORIENTED_EDGE('',*,*,#1386,.F.);
#241=ORIENTED_EDGE('',*,*,#1387,.T.);
#242=ORIENTED_EDGE('',*,*,#1388,.F.);
#243=ORIENTED_EDGE('',*,*,#1389,.T.);
#244=ORIENTED_EDGE('',*,*,#1390,.F.);
#245=ORIENTED_EDGE('',*,*,#1391,.T.);
#246=ORIENTED_EDGE('',*,*,#1392,.F.);
#247=ORIENTED_EDGE('',*,*,#1326,.T.);
#248=ORIENTED_EDGE('',*,*,#1393,.T.);
#249=ORIENTED_EDGE('',*,*,#1394,.T.);
#250=ORIENTED_EDGE('',*,*,#1395,.F.);
#251=ORIENTED_EDGE('',*,*,#1396,.T.);
#252=ORIENTED_EDGE('',*,*,#1397,.F.);
#253=ORIENTED_EDGE('',*,*,#1398,.T.);
#254=ORIENTED_EDGE('',*,*,#1399,.T.);
#255=ORIENTED_EDGE('',*,*,#1400,.T.);
#256=ORIENTED_EDGE('',*,*,#1401,.T.);
#257=ORIENTED_EDGE('',*,*,#1334,.T.);
#258=ORIENTED_EDGE('',*,*,#1402,.F.);
#259=ORIENTED_EDGE('',*,*,#1403,.F.);
#260=ORIENTED_EDGE('',*,*,#1404,.F.);
#261=ORIENTED_EDGE('',*,*,#1405,.F.);
#262=ORIENTED_EDGE('',*,*,#1406,.T.);
#263=ORIENTED_EDGE('',*,*,#1407,.T.);
#264=ORIENTED_EDGE('',*,*,#1408,.F.);
#265=ORIENTED_EDGE('',*,*,#1409,.T.);
#266=ORIENTED_EDGE('',*,*,#1410,.F.);
#267=ORIENTED_EDGE('',*,*,#1411,.T.);
#268=ORIENTED_EDGE('',*,*,#1412,.F.);
#269=ORIENTED_EDGE('',*,*,#1413,.F.);
#270=ORIENTED_EDGE('',*,*,#1414,.T.);
#271=ORIENTED_EDGE('',*,*,#1415,.F.);
#272=ORIENTED_EDGE('',*,*,#1416,.T.);
#273=ORIENTED_EDGE('',*,*,#1417,.F.);
#274=ORIENTED_EDGE('',*,*,#1418,.F.);
#275=ORIENTED_EDGE('',*,*,#1328,.T.);
#276=ORIENTED_EDGE('',*,*,#1419,.F.);
#277=ORIENTED_EDGE('',*,*,#1420,.F.);
#278=ORIENTED_EDGE('',*,*,#1421,.F.);
#279=ORIENTED_EDGE('',*,*,#1422,.F.);
#280=ORIENTED_EDGE('',*,*,#1423,.F.);
#281=ORIENTED_EDGE('',*,*,#1424,.F.);
#282=ORIENTED_EDGE('',*,*,#1425,.T.);
#283=ORIENTED_EDGE('',*,*,#1331,.T.);
#284=ORIENTED_EDGE('',*,*,#1426,.T.);
#285=ORIENTED_EDGE('',*,*,#1427,.F.);
#286=ORIENTED_EDGE('',*,*,#1428,.F.);
#287=ORIENTED_EDGE('',*,*,#1429,.F.);
#288=ORIENTED_EDGE('',*,*,#1430,.F.);
#289=ORIENTED_EDGE('',*,*,#1431,.F.);
#290=ORIENTED_EDGE('',*,*,#1432,.F.);
#291=ORIENTED_EDGE('',*,*,#1433,.T.);
#292=ORIENTED_EDGE('',*,*,#1424,.T.);
#293=ORIENTED_EDGE('',*,*,#1434,.F.);
#294=ORIENTED_EDGE('',*,*,#1420,.T.);
#295=ORIENTED_EDGE('',*,*,#1435,.T.);
#296=ORIENTED_EDGE('',*,*,#1405,.T.);
#297=ORIENTED_EDGE('',*,*,#1436,.F.);
#298=ORIENTED_EDGE('',*,*,#1437,.F.);
#299=ORIENTED_EDGE('',*,*,#1438,.F.);
#300=ORIENTED_EDGE('',*,*,#1439,.F.);
#301=ORIENTED_EDGE('',*,*,#1440,.T.);
#302=ORIENTED_EDGE('',*,*,#1441,.F.);
#303=ORIENTED_EDGE('',*,*,#1442,.F.);
#304=ORIENTED_EDGE('',*,*,#1443,.F.);
#305=ORIENTED_EDGE('',*,*,#1444,.F.);
#306=ORIENTED_EDGE('',*,*,#1445,.F.);
#307=ORIENTED_EDGE('',*,*,#1446,.F.);
#308=ORIENTED_EDGE('',*,*,#1447,.T.);
#309=ORIENTED_EDGE('',*,*,#1448,.T.);
#310=ORIENTED_EDGE('',*,*,#1449,.F.);
#311=ORIENTED_EDGE('',*,*,#1450,.T.);
#312=ORIENTED_EDGE('',*,*,#1451,.F.);
#313=ORIENTED_EDGE('',*,*,#1452,.T.);
#314=ORIENTED_EDGE('',*,*,#1453,.T.);
#315=ORIENTED_EDGE('',*,*,#1454,.F.);
#316=ORIENTED_EDGE('',*,*,#1455,.F.);
#317=ORIENTED_EDGE('',*,*,#1456,.T.);
#318=ORIENTED_EDGE('',*,*,#1440,.F.);
#319=ORIENTED_EDGE('',*,*,#1457,.F.);
#320=ORIENTED_EDGE('',*,*,#1458,.T.);
#321=ORIENTED_EDGE('',*,*,#1459,.F.);
#322=ORIENTED_EDGE('',*,*,#1460,.T.);
#323=ORIENTED_EDGE('',*,*,#1461,.F.);
#324=ORIENTED_EDGE('',*,*,#1462,.T.);
#325=ORIENTED_EDGE('',*,*,#1463,.F.);
#326=ORIENTED_EDGE('',*,*,#1464,.F.);
#327=ORIENTED_EDGE('',*,*,#1465,.T.);
#328=ORIENTED_EDGE('',*,*,#1466,.F.);
#329=ORIENTED_EDGE('',*,*,#1467,.F.);
#330=ORIENTED_EDGE('',*,*,#1400,.F.);
#331=ORIENTED_EDGE('',*,*,#1468,.F.);
#332=ORIENTED_EDGE('',*,*,#1469,.F.);
#333=ORIENTED_EDGE('',*,*,#1470,.T.);
#334=ORIENTED_EDGE('',*,*,#1471,.F.);
#335=ORIENTED_EDGE('',*,*,#1472,.T.);
#336=ORIENTED_EDGE('',*,*,#1473,.F.);
#337=ORIENTED_EDGE('',*,*,#1474,.F.);
#338=ORIENTED_EDGE('',*,*,#1475,.T.);
#339=ORIENTED_EDGE('',*,*,#1476,.T.);
#340=ORIENTED_EDGE('',*,*,#1477,.T.);
#341=ORIENTED_EDGE('',*,*,#1478,.T.);
#342=ORIENTED_EDGE('',*,*,#1479,.T.);
#343=ORIENTED_EDGE('',*,*,#1480,.F.);
#344=ORIENTED_EDGE('',*,*,#1481,.F.);
#345=ORIENTED_EDGE('',*,*,#1482,.F.);
#346=ORIENTED_EDGE('',*,*,#1483,.T.);
#347=ORIENTED_EDGE('',*,*,#1484,.T.);
#348=ORIENTED_EDGE('',*,*,#1485,.F.);
#349=ORIENTED_EDGE('',*,*,#1452,.F.);
#350=ORIENTED_EDGE('',*,*,#1392,.T.);
#351=ORIENTED_EDGE('',*,*,#1390,.T.);
#352=ORIENTED_EDGE('',*,*,#1388,.T.);
#353=ORIENTED_EDGE('',*,*,#1412,.T.);
#354=ORIENTED_EDGE('',*,*,#1386,.T.);
#355=ORIENTED_EDGE('',*,*,#1486,.F.);
#356=ORIENTED_EDGE('',*,*,#1487,.T.);
#357=ORIENTED_EDGE('',*,*,#1488,.T.);
#358=ORIENTED_EDGE('',*,*,#1489,.F.);
#359=ORIENTED_EDGE('',*,*,#1490,.F.);
#360=ORIENTED_EDGE('',*,*,#1491,.F.);
#361=ORIENTED_EDGE('',*,*,#1492,.T.);
#362=ORIENTED_EDGE('',*,*,#1493,.T.);
#363=ORIENTED_EDGE('',*,*,#1494,.T.);
#364=ORIENTED_EDGE('',*,*,#1495,.T.);
#365=ORIENTED_EDGE('',*,*,#1496,.T.);
#366=ORIENTED_EDGE('',*,*,#1497,.F.);
#367=ORIENTED_EDGE('',*,*,#1498,.T.);
#368=ORIENTED_EDGE('',*,*,#1499,.T.);
#369=ORIENTED_EDGE('',*,*,#1500,.F.);
#370=ORIENTED_EDGE('',*,*,#1501,.T.);
#371=ORIENTED_EDGE('',*,*,#1502,.F.);
#372=ORIENTED_EDGE('',*,*,#1503,.F.);
#373=ORIENTED_EDGE('',*,*,#1454,.T.);
#374=ORIENTED_EDGE('',*,*,#1504,.T.);
#375=ORIENTED_EDGE('',*,*,#1505,.T.);
#376=ORIENTED_EDGE('',*,*,#1506,.F.);
#377=ORIENTED_EDGE('',*,*,#1507,.T.);
#378=ORIENTED_EDGE('',*,*,#1508,.F.);
#379=ORIENTED_EDGE('',*,*,#1509,.T.);
#380=ORIENTED_EDGE('',*,*,#1510,.F.);
#381=ORIENTED_EDGE('',*,*,#1511,.T.);
#382=ORIENTED_EDGE('',*,*,#1512,.F.);
#383=ORIENTED_EDGE('',*,*,#1513,.F.);
#384=ORIENTED_EDGE('',*,*,#1514,.F.);
#385=ORIENTED_EDGE('',*,*,#1515,.F.);
#386=ORIENTED_EDGE('',*,*,#1516,.F.);
#387=ORIENTED_EDGE('',*,*,#1517,.T.);
#388=ORIENTED_EDGE('',*,*,#1518,.F.);
#389=ORIENTED_EDGE('',*,*,#1519,.F.);
#390=ORIENTED_EDGE('',*,*,#1520,.F.);
#391=ORIENTED_EDGE('',*,*,#1521,.F.);
#392=ORIENTED_EDGE('',*,*,#1522,.T.);
#393=ORIENTED_EDGE('',*,*,#1514,.T.);
#394=ORIENTED_EDGE('',*,*,#1523,.T.);
#395=ORIENTED_EDGE('',*,*,#1340,.T.);
#396=ORIENTED_EDGE('',*,*,#1410,.T.);
#397=ORIENTED_EDGE('',*,*,#1408,.T.);
#398=ORIENTED_EDGE('',*,*,#1524,.T.);
#399=ORIENTED_EDGE('',*,*,#1525,.T.);
#400=ORIENTED_EDGE('',*,*,#1396,.F.);
#401=ORIENTED_EDGE('',*,*,#1526,.T.);
#402=ORIENTED_EDGE('',*,*,#1527,.F.);
#403=ORIENTED_EDGE('',*,*,#1528,.F.);
#404=ORIENTED_EDGE('',*,*,#1529,.F.);
#405=ORIENTED_EDGE('',*,*,#1530,.T.);
#406=ORIENTED_EDGE('',*,*,#1531,.F.);
#407=ORIENTED_EDGE('',*,*,#1532,.T.);
#408=ORIENTED_EDGE('',*,*,#1533,.F.);
#409=ORIENTED_EDGE('',*,*,#1527,.T.);
#410=ORIENTED_EDGE('',*,*,#1534,.T.);
#411=ORIENTED_EDGE('',*,*,#1342,.T.);
#412=ORIENTED_EDGE('',*,*,#1535,.F.);
#413=ORIENTED_EDGE('',*,*,#1512,.T.);
#414=ORIENTED_EDGE('',*,*,#1536,.T.);
#415=ORIENTED_EDGE('',*,*,#1395,.T.);
#416=ORIENTED_EDGE('',*,*,#1537,.T.);
#417=ORIENTED_EDGE('',*,*,#1343,.F.);
#418=ORIENTED_EDGE('',*,*,#1534,.F.);
#419=ORIENTED_EDGE('',*,*,#1526,.F.);
#420=ORIENTED_EDGE('',*,*,#1467,.T.);
#421=ORIENTED_EDGE('',*,*,#1538,.T.);
#422=ORIENTED_EDGE('',*,*,#1335,.T.);
#423=ORIENTED_EDGE('',*,*,#1401,.F.);
#424=ORIENTED_EDGE('',*,*,#1539,.T.);
#425=ORIENTED_EDGE('',*,*,#1336,.T.);
#426=ORIENTED_EDGE('',*,*,#1538,.F.);
#427=ORIENTED_EDGE('',*,*,#1466,.T.);
#428=ORIENTED_EDGE('',*,*,#1513,.T.);
#429=ORIENTED_EDGE('',*,*,#1535,.T.);
#430=ORIENTED_EDGE('',*,*,#1341,.T.);
#431=ORIENTED_EDGE('',*,*,#1523,.F.);
#432=ORIENTED_EDGE('',*,*,#1540,.T.);
#433=ORIENTED_EDGE('',*,*,#1482,.T.);
#434=ORIENTED_EDGE('',*,*,#1541,.T.);
#435=ORIENTED_EDGE('',*,*,#1489,.T.);
#436=ORIENTED_EDGE('',*,*,#1542,.T.);
#437=ORIENTED_EDGE('',*,*,#1491,.T.);
#438=ORIENTED_EDGE('',*,*,#1543,.F.);
#439=ORIENTED_EDGE('',*,*,#1480,.T.);
#440=ORIENTED_EDGE('',*,*,#1543,.T.);
#441=ORIENTED_EDGE('',*,*,#1490,.T.);
#442=ORIENTED_EDGE('',*,*,#1541,.F.);
#443=ORIENTED_EDGE('',*,*,#1481,.T.);
#444=ORIENTED_EDGE('',*,*,#1478,.F.);
#445=ORIENTED_EDGE('',*,*,#1544,.T.);
#446=ORIENTED_EDGE('',*,*,#1493,.F.);
#447=ORIENTED_EDGE('',*,*,#1545,.F.);
#448=ORIENTED_EDGE('',*,*,#1495,.F.);
#449=ORIENTED_EDGE('',*,*,#1546,.F.);
#450=ORIENTED_EDGE('',*,*,#1476,.F.);
#451=ORIENTED_EDGE('',*,*,#1547,.F.);
#452=ORIENTED_EDGE('',*,*,#1494,.F.);
#453=ORIENTED_EDGE('',*,*,#1544,.F.);
#454=ORIENTED_EDGE('',*,*,#1477,.F.);
#455=ORIENTED_EDGE('',*,*,#1546,.T.);
#456=ORIENTED_EDGE('',*,*,#1468,.T.);
#457=ORIENTED_EDGE('',*,*,#1399,.F.);
#458=ORIENTED_EDGE('',*,*,#1548,.T.);
#459=ORIENTED_EDGE('',*,*,#1455,.T.);
#460=ORIENTED_EDGE('',*,*,#1503,.T.);
#461=ORIENTED_EDGE('',*,*,#1549,.T.);
#462=ORIENTED_EDGE('',*,*,#1397,.T.);
#463=ORIENTED_EDGE('',*,*,#1525,.F.);
#464=ORIENTED_EDGE('',*,*,#1550,.F.);
#465=ORIENTED_EDGE('',*,*,#1504,.F.);
#466=ORIENTED_EDGE('',*,*,#1453,.F.);
#467=ORIENTED_EDGE('',*,*,#1551,.F.);
#468=ORIENTED_EDGE('',*,*,#1496,.F.);
#469=ORIENTED_EDGE('',*,*,#1547,.T.);
#470=ORIENTED_EDGE('',*,*,#1475,.F.);
#471=ORIENTED_EDGE('',*,*,#1552,.F.);
#472=ORIENTED_EDGE('',*,*,#1552,.T.);
#473=ORIENTED_EDGE('',*,*,#1474,.T.);
#474=ORIENTED_EDGE('',*,*,#1553,.T.);
#475=ORIENTED_EDGE('',*,*,#1497,.T.);
#476=ORIENTED_EDGE('',*,*,#1472,.F.);
#477=ORIENTED_EDGE('',*,*,#1554,.F.);
#478=ORIENTED_EDGE('',*,*,#1499,.F.);
#479=ORIENTED_EDGE('',*,*,#1555,.T.);
#480=ORIENTED_EDGE('',*,*,#1554,.T.);
#481=ORIENTED_EDGE('',*,*,#1471,.T.);
#482=ORIENTED_EDGE('',*,*,#1556,.F.);
#483=ORIENTED_EDGE('',*,*,#1500,.T.);
#484=ORIENTED_EDGE('',*,*,#1470,.F.);
#485=ORIENTED_EDGE('',*,*,#1557,.F.);
#486=ORIENTED_EDGE('',*,*,#1501,.F.);
#487=ORIENTED_EDGE('',*,*,#1556,.T.);
#488=ORIENTED_EDGE('',*,*,#1557,.T.);
#489=ORIENTED_EDGE('',*,*,#1469,.T.);
#490=ORIENTED_EDGE('',*,*,#1549,.F.);
#491=ORIENTED_EDGE('',*,*,#1502,.T.);
#492=ORIENTED_EDGE('',*,*,#1542,.F.);
#493=ORIENTED_EDGE('',*,*,#1479,.F.);
#494=ORIENTED_EDGE('',*,*,#1545,.T.);
#495=ORIENTED_EDGE('',*,*,#1492,.F.);
#496=ORIENTED_EDGE('',*,*,#1488,.F.);
#497=ORIENTED_EDGE('',*,*,#1558,.T.);
#498=ORIENTED_EDGE('',*,*,#1483,.F.);
#499=ORIENTED_EDGE('',*,*,#1540,.F.);
#500=ORIENTED_EDGE('',*,*,#1559,.T.);
#501=ORIENTED_EDGE('',*,*,#1484,.F.);
#502=ORIENTED_EDGE('',*,*,#1558,.F.);
#503=ORIENTED_EDGE('',*,*,#1487,.F.);
#504=ORIENTED_EDGE('',*,*,#1560,.T.);
#505=ORIENTED_EDGE('',*,*,#1533,.T.);
#506=ORIENTED_EDGE('',*,*,#1561,.F.);
#507=ORIENTED_EDGE('',*,*,#1506,.T.);
#508=ORIENTED_EDGE('',*,*,#1507,.F.);
#509=ORIENTED_EDGE('',*,*,#1561,.T.);
#510=ORIENTED_EDGE('',*,*,#1532,.F.);
#511=ORIENTED_EDGE('',*,*,#1562,.F.);
#512=ORIENTED_EDGE('',*,*,#1562,.T.);
#513=ORIENTED_EDGE('',*,*,#1531,.T.);
#514=ORIENTED_EDGE('',*,*,#1563,.F.);
#515=ORIENTED_EDGE('',*,*,#1508,.T.);
#516=ORIENTED_EDGE('',*,*,#1509,.F.);
#517=ORIENTED_EDGE('',*,*,#1563,.T.);
#518=ORIENTED_EDGE('',*,*,#1530,.F.);
#519=ORIENTED_EDGE('',*,*,#1564,.F.);
#520=ORIENTED_EDGE('',*,*,#1564,.T.);
#521=ORIENTED_EDGE('',*,*,#1529,.T.);
#522=ORIENTED_EDGE('',*,*,#1565,.T.);
#523=ORIENTED_EDGE('',*,*,#1510,.T.);
#524=ORIENTED_EDGE('',*,*,#1505,.F.);
#525=ORIENTED_EDGE('',*,*,#1550,.T.);
#526=ORIENTED_EDGE('',*,*,#1524,.F.);
#527=ORIENTED_EDGE('',*,*,#1560,.F.);
#528=ORIENTED_EDGE('',*,*,#1517,.F.);
#529=ORIENTED_EDGE('',*,*,#1566,.T.);
#530=ORIENTED_EDGE('',*,*,#1567,.T.);
#531=ORIENTED_EDGE('',*,*,#1568,.F.);
#532=ORIENTED_EDGE('',*,*,#1518,.T.);
#533=ORIENTED_EDGE('',*,*,#1522,.F.);
#534=ORIENTED_EDGE('',*,*,#1339,.F.);
#535=ORIENTED_EDGE('',*,*,#1569,.T.);
#536=ORIENTED_EDGE('',*,*,#1515,.T.);
#537=ORIENTED_EDGE('',*,*,#1570,.F.);
#538=ORIENTED_EDGE('',*,*,#1571,.F.);
#539=ORIENTED_EDGE('',*,*,#1463,.T.);
#540=ORIENTED_EDGE('',*,*,#1462,.F.);
#541=ORIENTED_EDGE('',*,*,#1572,.F.);
#542=ORIENTED_EDGE('',*,*,#1539,.F.);
#543=ORIENTED_EDGE('',*,*,#1465,.F.);
#544=ORIENTED_EDGE('',*,*,#1573,.T.);
#545=ORIENTED_EDGE('',*,*,#1337,.T.);
#546=ORIENTED_EDGE('',*,*,#1571,.T.);
#547=ORIENTED_EDGE('',*,*,#1574,.F.);
#548=ORIENTED_EDGE('',*,*,#1566,.F.);
#549=ORIENTED_EDGE('',*,*,#1516,.T.);
#550=ORIENTED_EDGE('',*,*,#1569,.F.);
#551=ORIENTED_EDGE('',*,*,#1338,.T.);
#552=ORIENTED_EDGE('',*,*,#1573,.F.);
#553=ORIENTED_EDGE('',*,*,#1464,.T.);
#554=ORIENTED_EDGE('',*,*,#1432,.T.);
#555=ORIENTED_EDGE('',*,*,#1575,.F.);
#556=ORIENTED_EDGE('',*,*,#1402,.T.);
#557=ORIENTED_EDGE('',*,*,#1333,.F.);
#558=ORIENTED_EDGE('',*,*,#1576,.F.);
#559=ORIENTED_EDGE('',*,*,#1419,.T.);
#560=ORIENTED_EDGE('',*,*,#1327,.T.);
#561=ORIENTED_EDGE('',*,*,#1406,.F.);
#562=ORIENTED_EDGE('',*,*,#1435,.F.);
#563=ORIENTED_EDGE('',*,*,#1577,.T.);
#564=ORIENTED_EDGE('',*,*,#1450,.F.);
#565=ORIENTED_EDGE('',*,*,#1578,.T.);
#566=ORIENTED_EDGE('',*,*,#1357,.T.);
#567=ORIENTED_EDGE('',*,*,#1579,.T.);
#568=ORIENTED_EDGE('',*,*,#1358,.F.);
#569=ORIENTED_EDGE('',*,*,#1578,.F.);
#570=ORIENTED_EDGE('',*,*,#1449,.T.);
#571=ORIENTED_EDGE('',*,*,#1580,.T.);
#572=ORIENTED_EDGE('',*,*,#1355,.T.);
#573=ORIENTED_EDGE('',*,*,#1579,.F.);
#574=ORIENTED_EDGE('',*,*,#1448,.F.);
#575=ORIENTED_EDGE('',*,*,#1581,.T.);
#576=ORIENTED_EDGE('',*,*,#1485,.T.);
#577=ORIENTED_EDGE('',*,*,#1582,.T.);
#578=ORIENTED_EDGE('',*,*,#1457,.T.);
#579=ORIENTED_EDGE('',*,*,#1415,.T.);
#580=ORIENTED_EDGE('',*,*,#1413,.T.);
#581=ORIENTED_EDGE('',*,*,#1583,.T.);
#582=ORIENTED_EDGE('',*,*,#1572,.T.);
#583=ORIENTED_EDGE('',*,*,#1461,.T.);
#584=ORIENTED_EDGE('',*,*,#1584,.T.);
#585=ORIENTED_EDGE('',*,*,#1519,.T.);
#586=ORIENTED_EDGE('',*,*,#1568,.T.);
#587=ORIENTED_EDGE('',*,*,#1585,.F.);
#588=ORIENTED_EDGE('',*,*,#1459,.T.);
#589=ORIENTED_EDGE('',*,*,#1586,.T.);
#590=ORIENTED_EDGE('',*,*,#1521,.T.);
#591=ORIENTED_EDGE('',*,*,#1584,.F.);
#592=ORIENTED_EDGE('',*,*,#1460,.F.);
#593=ORIENTED_EDGE('',*,*,#1585,.T.);
#594=ORIENTED_EDGE('',*,*,#1520,.T.);
#595=ORIENTED_EDGE('',*,*,#1586,.F.);
#596=ORIENTED_EDGE('',*,*,#1458,.F.);
#597=ORIENTED_EDGE('',*,*,#1559,.F.);
#598=ORIENTED_EDGE('',*,*,#1486,.T.);
#599=ORIENTED_EDGE('',*,*,#1398,.F.);
#600=ORIENTED_EDGE('',*,*,#1551,.T.);
#601=ORIENTED_EDGE('',*,*,#1456,.F.);
#602=ORIENTED_EDGE('',*,*,#1548,.F.);
#603=ORIENTED_EDGE('',*,*,#1528,.T.);
#604=ORIENTED_EDGE('',*,*,#1536,.F.);
#605=ORIENTED_EDGE('',*,*,#1511,.F.);
#606=ORIENTED_EDGE('',*,*,#1565,.F.);
#607=ORIENTED_EDGE('',*,*,#1473,.T.);
#608=ORIENTED_EDGE('',*,*,#1555,.F.);
#609=ORIENTED_EDGE('',*,*,#1498,.F.);
#610=ORIENTED_EDGE('',*,*,#1553,.F.);
#611=ORIENTED_EDGE('',*,*,#1582,.F.);
#612=ORIENTED_EDGE('',*,*,#1581,.F.);
#613=ORIENTED_EDGE('',*,*,#1587,.T.);
#614=ORIENTED_EDGE('',*,*,#1588,.T.);
#615=ORIENTED_EDGE('',*,*,#1589,.T.);
#616=ORIENTED_EDGE('',*,*,#1590,.T.);
#617=ORIENTED_EDGE('',*,*,#1591,.T.);
#618=ORIENTED_EDGE('',*,*,#1592,.T.);
#619=ORIENTED_EDGE('',*,*,#1580,.F.);
#620=ORIENTED_EDGE('',*,*,#1447,.F.);
#621=ORIENTED_EDGE('',*,*,#1577,.F.);
#622=ORIENTED_EDGE('',*,*,#1356,.F.);
#623=ORIENTED_EDGE('',*,*,#1593,.T.);
#624=ORIENTED_EDGE('',*,*,#1594,.T.);
#625=ORIENTED_EDGE('',*,*,#1595,.T.);
#626=ORIENTED_EDGE('',*,*,#1596,.T.);
#627=ORIENTED_EDGE('',*,*,#1597,.T.);
#628=ORIENTED_EDGE('',*,*,#1598,.T.);
#629=ORIENTED_EDGE('',*,*,#1576,.T.);
#630=ORIENTED_EDGE('',*,*,#1332,.T.);
#631=ORIENTED_EDGE('',*,*,#1425,.F.);
#632=ORIENTED_EDGE('',*,*,#1433,.F.);
#633=ORIENTED_EDGE('',*,*,#1599,.T.);
#634=ORIENTED_EDGE('',*,*,#1600,.T.);
#635=ORIENTED_EDGE('',*,*,#1601,.F.);
#636=ORIENTED_EDGE('',*,*,#1602,.F.);
#637=ORIENTED_EDGE('',*,*,#1601,.T.);
#638=ORIENTED_EDGE('',*,*,#1603,.T.);
#639=ORIENTED_EDGE('',*,*,#1604,.F.);
#640=ORIENTED_EDGE('',*,*,#1605,.F.);
#641=ORIENTED_EDGE('',*,*,#1604,.T.);
#642=ORIENTED_EDGE('',*,*,#1606,.T.);
#643=ORIENTED_EDGE('',*,*,#1607,.F.);
#644=ORIENTED_EDGE('',*,*,#1608,.F.);
#645=ORIENTED_EDGE('',*,*,#1607,.T.);
#646=ORIENTED_EDGE('',*,*,#1609,.T.);
#647=ORIENTED_EDGE('',*,*,#1610,.F.);
#648=ORIENTED_EDGE('',*,*,#1611,.F.);
#649=ORIENTED_EDGE('',*,*,#1610,.T.);
#650=ORIENTED_EDGE('',*,*,#1612,.T.);
#651=ORIENTED_EDGE('',*,*,#1613,.F.);
#652=ORIENTED_EDGE('',*,*,#1614,.F.);
#653=ORIENTED_EDGE('',*,*,#1613,.T.);
#654=ORIENTED_EDGE('',*,*,#1615,.T.);
#655=ORIENTED_EDGE('',*,*,#1599,.F.);
#656=ORIENTED_EDGE('',*,*,#1616,.F.);
#657=ORIENTED_EDGE('',*,*,#1617,.F.);
#658=ORIENTED_EDGE('',*,*,#1600,.F.);
#659=ORIENTED_EDGE('',*,*,#1615,.F.);
#660=ORIENTED_EDGE('',*,*,#1612,.F.);
#661=ORIENTED_EDGE('',*,*,#1609,.F.);
#662=ORIENTED_EDGE('',*,*,#1606,.F.);
#663=ORIENTED_EDGE('',*,*,#1603,.F.);
#664=ORIENTED_EDGE('',*,*,#1618,.T.);
#665=ORIENTED_EDGE('',*,*,#1443,.T.);
#666=ORIENTED_EDGE('',*,*,#1619,.T.);
#667=ORIENTED_EDGE('',*,*,#1611,.T.);
#668=ORIENTED_EDGE('',*,*,#1619,.F.);
#669=ORIENTED_EDGE('',*,*,#1442,.T.);
#670=ORIENTED_EDGE('',*,*,#1620,.T.);
#671=ORIENTED_EDGE('',*,*,#1608,.T.);
#672=ORIENTED_EDGE('',*,*,#1618,.F.);
#673=ORIENTED_EDGE('',*,*,#1614,.T.);
#674=ORIENTED_EDGE('',*,*,#1621,.T.);
#675=ORIENTED_EDGE('',*,*,#1444,.T.);
#676=ORIENTED_EDGE('',*,*,#1620,.F.);
#677=ORIENTED_EDGE('',*,*,#1441,.T.);
#678=ORIENTED_EDGE('',*,*,#1622,.T.);
#679=ORIENTED_EDGE('',*,*,#1605,.T.);
#680=ORIENTED_EDGE('',*,*,#1621,.F.);
#681=ORIENTED_EDGE('',*,*,#1616,.T.);
#682=ORIENTED_EDGE('',*,*,#1623,.T.);
#683=ORIENTED_EDGE('',*,*,#1445,.T.);
#684=ORIENTED_EDGE('',*,*,#1622,.F.);
#685=ORIENTED_EDGE('',*,*,#1446,.T.);
#686=ORIENTED_EDGE('',*,*,#1623,.F.);
#687=ORIENTED_EDGE('',*,*,#1602,.T.);
#688=ORIENTED_EDGE('',*,*,#1617,.T.);
#689=ORIENTED_EDGE('',*,*,#1451,.T.);
#690=ORIENTED_EDGE('',*,*,#1624,.T.);
#691=ORIENTED_EDGE('',*,*,#1625,.T.);
#692=ORIENTED_EDGE('',*,*,#1626,.F.);
#693=ORIENTED_EDGE('',*,*,#1627,.F.);
#694=ORIENTED_EDGE('',*,*,#1628,.F.);
#695=ORIENTED_EDGE('',*,*,#1629,.F.);
#696=ORIENTED_EDGE('',*,*,#1630,.F.);
#697=ORIENTED_EDGE('',*,*,#1631,.F.);
#698=ORIENTED_EDGE('',*,*,#1626,.T.);
#699=ORIENTED_EDGE('',*,*,#1632,.T.);
#700=ORIENTED_EDGE('',*,*,#1633,.F.);
#701=ORIENTED_EDGE('',*,*,#1634,.F.);
#702=ORIENTED_EDGE('',*,*,#1633,.T.);
#703=ORIENTED_EDGE('',*,*,#1635,.T.);
#704=ORIENTED_EDGE('',*,*,#1636,.F.);
#705=ORIENTED_EDGE('',*,*,#1637,.F.);
#706=ORIENTED_EDGE('',*,*,#1636,.T.);
#707=ORIENTED_EDGE('',*,*,#1638,.T.);
#708=ORIENTED_EDGE('',*,*,#1639,.F.);
#709=ORIENTED_EDGE('',*,*,#1640,.F.);
#710=ORIENTED_EDGE('',*,*,#1641,.F.);
#711=ORIENTED_EDGE('',*,*,#1642,.T.);
#712=ORIENTED_EDGE('',*,*,#1624,.F.);
#713=ORIENTED_EDGE('',*,*,#1643,.F.);
#714=ORIENTED_EDGE('',*,*,#1644,.F.);
#715=ORIENTED_EDGE('',*,*,#1638,.F.);
#716=ORIENTED_EDGE('',*,*,#1635,.F.);
#717=ORIENTED_EDGE('',*,*,#1632,.F.);
#718=ORIENTED_EDGE('',*,*,#1625,.F.);
#719=ORIENTED_EDGE('',*,*,#1642,.F.);
#720=ORIENTED_EDGE('',*,*,#1645,.F.);
#721=ORIENTED_EDGE('',*,*,#1646,.F.);
#722=ORIENTED_EDGE('',*,*,#1423,.T.);
#723=ORIENTED_EDGE('',*,*,#1647,.T.);
#724=ORIENTED_EDGE('',*,*,#1634,.T.);
#725=ORIENTED_EDGE('',*,*,#1648,.T.);
#726=ORIENTED_EDGE('',*,*,#1434,.T.);
#727=ORIENTED_EDGE('',*,*,#1648,.F.);
#728=ORIENTED_EDGE('',*,*,#1637,.T.);
#729=ORIENTED_EDGE('',*,*,#1649,.T.);
#730=ORIENTED_EDGE('',*,*,#1429,.T.);
#731=ORIENTED_EDGE('',*,*,#1647,.F.);
#732=ORIENTED_EDGE('',*,*,#1428,.T.);
#733=ORIENTED_EDGE('',*,*,#1650,.T.);
#734=ORIENTED_EDGE('',*,*,#1630,.T.);
#735=ORIENTED_EDGE('',*,*,#1649,.F.);
#736=ORIENTED_EDGE('',*,*,#1640,.T.);
#737=ORIENTED_EDGE('',*,*,#1651,.T.);
#738=ORIENTED_EDGE('',*,*,#1430,.T.);
#739=ORIENTED_EDGE('',*,*,#1650,.F.);
#740=ORIENTED_EDGE('',*,*,#1427,.T.);
#741=ORIENTED_EDGE('',*,*,#1652,.T.);
#742=ORIENTED_EDGE('',*,*,#1653,.T.);
#743=ORIENTED_EDGE('',*,*,#1631,.T.);
#744=ORIENTED_EDGE('',*,*,#1575,.T.);
#745=ORIENTED_EDGE('',*,*,#1431,.T.);
#746=ORIENTED_EDGE('',*,*,#1651,.F.);
#747=ORIENTED_EDGE('',*,*,#1639,.T.);
#748=ORIENTED_EDGE('',*,*,#1646,.T.);
#749=ORIENTED_EDGE('',*,*,#1654,.T.);
#750=ORIENTED_EDGE('',*,*,#1403,.T.);
#751=ORIENTED_EDGE('',*,*,#1653,.F.);
#752=ORIENTED_EDGE('',*,*,#1655,.T.);
#753=ORIENTED_EDGE('',*,*,#1417,.T.);
#754=ORIENTED_EDGE('',*,*,#1656,.T.);
#755=ORIENTED_EDGE('',*,*,#1627,.T.);
#756=ORIENTED_EDGE('',*,*,#1404,.T.);
#757=ORIENTED_EDGE('',*,*,#1654,.F.);
#758=ORIENTED_EDGE('',*,*,#1645,.T.);
#759=ORIENTED_EDGE('',*,*,#1641,.T.);
#760=ORIENTED_EDGE('',*,*,#1657,.T.);
#761=ORIENTED_EDGE('',*,*,#1436,.T.);
#762=ORIENTED_EDGE('',*,*,#1656,.F.);
#763=ORIENTED_EDGE('',*,*,#1422,.T.);
#764=ORIENTED_EDGE('',*,*,#1658,.T.);
#765=ORIENTED_EDGE('',*,*,#1628,.T.);
#766=ORIENTED_EDGE('',*,*,#1657,.F.);
#767=ORIENTED_EDGE('',*,*,#1643,.T.);
#768=ORIENTED_EDGE('',*,*,#1659,.T.);
#769=ORIENTED_EDGE('',*,*,#1437,.T.);
#770=ORIENTED_EDGE('',*,*,#1658,.F.);
#771=ORIENTED_EDGE('',*,*,#1421,.T.);
#772=ORIENTED_EDGE('',*,*,#1438,.T.);
#773=ORIENTED_EDGE('',*,*,#1659,.F.);
#774=ORIENTED_EDGE('',*,*,#1629,.T.);
#775=ORIENTED_EDGE('',*,*,#1644,.T.);
#776=ORIENTED_EDGE('',*,*,#1439,.T.);
#777=ORIENTED_EDGE('',*,*,#1660,.F.);
#778=ORIENTED_EDGE('',*,*,#1661,.F.);
#779=ORIENTED_EDGE('',*,*,#1662,.F.);
#780=ORIENTED_EDGE('',*,*,#1663,.F.);
#781=ORIENTED_EDGE('',*,*,#1664,.F.);
#782=ORIENTED_EDGE('',*,*,#1665,.F.);
#783=ORIENTED_EDGE('',*,*,#1416,.F.);
#784=ORIENTED_EDGE('',*,*,#1593,.F.);
#785=ORIENTED_EDGE('',*,*,#1666,.F.);
#786=ORIENTED_EDGE('',*,*,#1660,.T.);
#787=ORIENTED_EDGE('',*,*,#1667,.T.);
#788=ORIENTED_EDGE('',*,*,#1594,.F.);
#789=ORIENTED_EDGE('',*,*,#1667,.F.);
#790=ORIENTED_EDGE('',*,*,#1665,.T.);
#791=ORIENTED_EDGE('',*,*,#1668,.T.);
#792=ORIENTED_EDGE('',*,*,#1595,.F.);
#793=ORIENTED_EDGE('',*,*,#1668,.F.);
#794=ORIENTED_EDGE('',*,*,#1664,.T.);
#795=ORIENTED_EDGE('',*,*,#1669,.T.);
#796=ORIENTED_EDGE('',*,*,#1596,.F.);
#797=ORIENTED_EDGE('',*,*,#1669,.F.);
#798=ORIENTED_EDGE('',*,*,#1663,.T.);
#799=ORIENTED_EDGE('',*,*,#1670,.T.);
#800=ORIENTED_EDGE('',*,*,#1597,.F.);
#801=ORIENTED_EDGE('',*,*,#1670,.F.);
#802=ORIENTED_EDGE('',*,*,#1662,.T.);
#803=ORIENTED_EDGE('',*,*,#1671,.T.);
#804=ORIENTED_EDGE('',*,*,#1598,.F.);
#805=ORIENTED_EDGE('',*,*,#1671,.F.);
#806=ORIENTED_EDGE('',*,*,#1661,.T.);
#807=ORIENTED_EDGE('',*,*,#1666,.T.);
#808=ORIENTED_EDGE('',*,*,#1672,.F.);
#809=ORIENTED_EDGE('',*,*,#1673,.F.);
#810=ORIENTED_EDGE('',*,*,#1674,.F.);
#811=ORIENTED_EDGE('',*,*,#1675,.F.);
#812=ORIENTED_EDGE('',*,*,#1676,.F.);
#813=ORIENTED_EDGE('',*,*,#1677,.F.);
#814=ORIENTED_EDGE('',*,*,#1414,.F.);
#815=ORIENTED_EDGE('',*,*,#1587,.F.);
#816=ORIENTED_EDGE('',*,*,#1678,.F.);
#817=ORIENTED_EDGE('',*,*,#1672,.T.);
#818=ORIENTED_EDGE('',*,*,#1679,.T.);
#819=ORIENTED_EDGE('',*,*,#1588,.F.);
#820=ORIENTED_EDGE('',*,*,#1679,.F.);
#821=ORIENTED_EDGE('',*,*,#1677,.T.);
#822=ORIENTED_EDGE('',*,*,#1680,.T.);
#823=ORIENTED_EDGE('',*,*,#1589,.F.);
#824=ORIENTED_EDGE('',*,*,#1680,.F.);
#825=ORIENTED_EDGE('',*,*,#1676,.T.);
#826=ORIENTED_EDGE('',*,*,#1681,.T.);
#827=ORIENTED_EDGE('',*,*,#1590,.F.);
#828=ORIENTED_EDGE('',*,*,#1681,.F.);
#829=ORIENTED_EDGE('',*,*,#1675,.T.);
#830=ORIENTED_EDGE('',*,*,#1682,.T.);
#831=ORIENTED_EDGE('',*,*,#1591,.F.);
#832=ORIENTED_EDGE('',*,*,#1682,.F.);
#833=ORIENTED_EDGE('',*,*,#1674,.T.);
#834=ORIENTED_EDGE('',*,*,#1683,.T.);
#835=ORIENTED_EDGE('',*,*,#1592,.F.);
#836=ORIENTED_EDGE('',*,*,#1683,.F.);
#837=ORIENTED_EDGE('',*,*,#1673,.T.);
#838=ORIENTED_EDGE('',*,*,#1678,.T.);
#839=ORIENTED_EDGE('',*,*,#1574,.T.);
#840=ORIENTED_EDGE('',*,*,#1570,.T.);
#841=ORIENTED_EDGE('',*,*,#1583,.F.);
#842=ORIENTED_EDGE('',*,*,#1567,.F.);
#843=ORIENTED_EDGE('',*,*,#1684,.F.);
#844=ORIENTED_EDGE('',*,*,#1329,.T.);
#845=ORIENTED_EDGE('',*,*,#1418,.T.);
#846=ORIENTED_EDGE('',*,*,#1655,.F.);
#847=ORIENTED_EDGE('',*,*,#1426,.F.);
#848=ORIENTED_EDGE('',*,*,#1330,.T.);
#849=ORIENTED_EDGE('',*,*,#1684,.T.);
#850=ORIENTED_EDGE('',*,*,#1652,.F.);
#851=ORIENTED_EDGE('',*,*,#1685,.T.);
#852=ORIENTED_EDGE('',*,*,#1686,.T.);
#853=ORIENTED_EDGE('',*,*,#1687,.T.);
#854=ORIENTED_EDGE('',*,*,#1688,.T.);
#855=ORIENTED_EDGE('',*,*,#1689,.T.);
#856=ORIENTED_EDGE('',*,*,#1690,.T.);
#857=ORIENTED_EDGE('',*,*,#1691,.T.);
#858=ORIENTED_EDGE('',*,*,#1692,.F.);
#859=ORIENTED_EDGE('',*,*,#1693,.T.);
#860=ORIENTED_EDGE('',*,*,#1694,.T.);
#861=ORIENTED_EDGE('',*,*,#1686,.F.);
#862=ORIENTED_EDGE('',*,*,#1694,.F.);
#863=ORIENTED_EDGE('',*,*,#1695,.T.);
#864=ORIENTED_EDGE('',*,*,#1696,.T.);
#865=ORIENTED_EDGE('',*,*,#1687,.F.);
#866=ORIENTED_EDGE('',*,*,#1696,.F.);
#867=ORIENTED_EDGE('',*,*,#1697,.T.);
#868=ORIENTED_EDGE('',*,*,#1698,.T.);
#869=ORIENTED_EDGE('',*,*,#1688,.F.);
#870=ORIENTED_EDGE('',*,*,#1698,.F.);
#871=ORIENTED_EDGE('',*,*,#1699,.T.);
#872=ORIENTED_EDGE('',*,*,#1700,.T.);
#873=ORIENTED_EDGE('',*,*,#1689,.F.);
#874=ORIENTED_EDGE('',*,*,#1700,.F.);
#875=ORIENTED_EDGE('',*,*,#1701,.T.);
#876=ORIENTED_EDGE('',*,*,#1702,.T.);
#877=ORIENTED_EDGE('',*,*,#1690,.F.);
#878=ORIENTED_EDGE('',*,*,#1702,.F.);
#879=ORIENTED_EDGE('',*,*,#1703,.T.);
#880=ORIENTED_EDGE('',*,*,#1692,.T.);
#881=ORIENTED_EDGE('',*,*,#1691,.F.);
#882=ORIENTED_EDGE('',*,*,#1704,.F.);
#883=ORIENTED_EDGE('',*,*,#1699,.F.);
#884=ORIENTED_EDGE('',*,*,#1705,.F.);
#885=ORIENTED_EDGE('',*,*,#1363,.F.);
#886=ORIENTED_EDGE('',*,*,#1705,.T.);
#887=ORIENTED_EDGE('',*,*,#1697,.F.);
#888=ORIENTED_EDGE('',*,*,#1706,.F.);
#889=ORIENTED_EDGE('',*,*,#1364,.F.);
#890=ORIENTED_EDGE('',*,*,#1704,.T.);
#891=ORIENTED_EDGE('',*,*,#1362,.F.);
#892=ORIENTED_EDGE('',*,*,#1707,.F.);
#893=ORIENTED_EDGE('',*,*,#1701,.F.);
#894=ORIENTED_EDGE('',*,*,#1706,.T.);
#895=ORIENTED_EDGE('',*,*,#1695,.F.);
#896=ORIENTED_EDGE('',*,*,#1708,.F.);
#897=ORIENTED_EDGE('',*,*,#1359,.F.);
#898=ORIENTED_EDGE('',*,*,#1707,.T.);
#899=ORIENTED_EDGE('',*,*,#1361,.F.);
#900=ORIENTED_EDGE('',*,*,#1709,.F.);
#901=ORIENTED_EDGE('',*,*,#1703,.F.);
#902=ORIENTED_EDGE('',*,*,#1708,.T.);
#903=ORIENTED_EDGE('',*,*,#1693,.F.);
#904=ORIENTED_EDGE('',*,*,#1709,.T.);
#905=ORIENTED_EDGE('',*,*,#1360,.F.);
#906=ORIENTED_EDGE('',*,*,#1411,.F.);
#907=ORIENTED_EDGE('',*,*,#1685,.F.);
#908=ORIENTED_EDGE('',*,*,#1710,.T.);
#909=ORIENTED_EDGE('',*,*,#1711,.T.);
#910=ORIENTED_EDGE('',*,*,#1712,.T.);
#911=ORIENTED_EDGE('',*,*,#1713,.T.);
#912=ORIENTED_EDGE('',*,*,#1714,.T.);
#913=ORIENTED_EDGE('',*,*,#1715,.T.);
#914=ORIENTED_EDGE('',*,*,#1716,.T.);
#915=ORIENTED_EDGE('',*,*,#1717,.F.);
#916=ORIENTED_EDGE('',*,*,#1718,.T.);
#917=ORIENTED_EDGE('',*,*,#1719,.T.);
#918=ORIENTED_EDGE('',*,*,#1711,.F.);
#919=ORIENTED_EDGE('',*,*,#1719,.F.);
#920=ORIENTED_EDGE('',*,*,#1720,.T.);
#921=ORIENTED_EDGE('',*,*,#1721,.T.);
#922=ORIENTED_EDGE('',*,*,#1712,.F.);
#923=ORIENTED_EDGE('',*,*,#1721,.F.);
#924=ORIENTED_EDGE('',*,*,#1722,.T.);
#925=ORIENTED_EDGE('',*,*,#1723,.T.);
#926=ORIENTED_EDGE('',*,*,#1713,.F.);
#927=ORIENTED_EDGE('',*,*,#1723,.F.);
#928=ORIENTED_EDGE('',*,*,#1724,.T.);
#929=ORIENTED_EDGE('',*,*,#1725,.T.);
#930=ORIENTED_EDGE('',*,*,#1714,.F.);
#931=ORIENTED_EDGE('',*,*,#1725,.F.);
#932=ORIENTED_EDGE('',*,*,#1726,.T.);
#933=ORIENTED_EDGE('',*,*,#1727,.T.);
#934=ORIENTED_EDGE('',*,*,#1715,.F.);
#935=ORIENTED_EDGE('',*,*,#1727,.F.);
#936=ORIENTED_EDGE('',*,*,#1728,.T.);
#937=ORIENTED_EDGE('',*,*,#1717,.T.);
#938=ORIENTED_EDGE('',*,*,#1716,.F.);
#939=ORIENTED_EDGE('',*,*,#1729,.F.);
#940=ORIENTED_EDGE('',*,*,#1724,.F.);
#941=ORIENTED_EDGE('',*,*,#1730,.F.);
#942=ORIENTED_EDGE('',*,*,#1353,.F.);
#943=ORIENTED_EDGE('',*,*,#1730,.T.);
#944=ORIENTED_EDGE('',*,*,#1722,.F.);
#945=ORIENTED_EDGE('',*,*,#1731,.F.);
#946=ORIENTED_EDGE('',*,*,#1354,.F.);
#947=ORIENTED_EDGE('',*,*,#1729,.T.);
#948=ORIENTED_EDGE('',*,*,#1352,.F.);
#949=ORIENTED_EDGE('',*,*,#1732,.F.);
#950=ORIENTED_EDGE('',*,*,#1726,.F.);
#951=ORIENTED_EDGE('',*,*,#1731,.T.);
#952=ORIENTED_EDGE('',*,*,#1720,.F.);
#953=ORIENTED_EDGE('',*,*,#1733,.F.);
#954=ORIENTED_EDGE('',*,*,#1349,.F.);
#955=ORIENTED_EDGE('',*,*,#1732,.T.);
#956=ORIENTED_EDGE('',*,*,#1351,.F.);
#957=ORIENTED_EDGE('',*,*,#1734,.F.);
#958=ORIENTED_EDGE('',*,*,#1728,.F.);
#959=ORIENTED_EDGE('',*,*,#1733,.T.);
#960=ORIENTED_EDGE('',*,*,#1718,.F.);
#961=ORIENTED_EDGE('',*,*,#1734,.T.);
#962=ORIENTED_EDGE('',*,*,#1350,.F.);
#963=ORIENTED_EDGE('',*,*,#1409,.F.);
#964=ORIENTED_EDGE('',*,*,#1710,.F.);
#965=ORIENTED_EDGE('',*,*,#1735,.T.);
#966=ORIENTED_EDGE('',*,*,#1736,.T.);
#967=ORIENTED_EDGE('',*,*,#1737,.T.);
#968=ORIENTED_EDGE('',*,*,#1738,.T.);
#969=ORIENTED_EDGE('',*,*,#1739,.T.);
#970=ORIENTED_EDGE('',*,*,#1740,.T.);
#971=ORIENTED_EDGE('',*,*,#1741,.T.);
#972=ORIENTED_EDGE('',*,*,#1742,.T.);
#973=ORIENTED_EDGE('',*,*,#1743,.F.);
#974=ORIENTED_EDGE('',*,*,#1744,.T.);
#975=ORIENTED_EDGE('',*,*,#1745,.T.);
#976=ORIENTED_EDGE('',*,*,#1740,.F.);
#977=ORIENTED_EDGE('',*,*,#1745,.F.);
#978=ORIENTED_EDGE('',*,*,#1746,.T.);
#979=ORIENTED_EDGE('',*,*,#1747,.T.);
#980=ORIENTED_EDGE('',*,*,#1741,.F.);
#981=ORIENTED_EDGE('',*,*,#1747,.F.);
#982=ORIENTED_EDGE('',*,*,#1748,.T.);
#983=ORIENTED_EDGE('',*,*,#1749,.T.);
#984=ORIENTED_EDGE('',*,*,#1742,.F.);
#985=ORIENTED_EDGE('',*,*,#1749,.F.);
#986=ORIENTED_EDGE('',*,*,#1750,.T.);
#987=ORIENTED_EDGE('',*,*,#1751,.T.);
#988=ORIENTED_EDGE('',*,*,#1736,.F.);
#989=ORIENTED_EDGE('',*,*,#1752,.T.);
#990=ORIENTED_EDGE('',*,*,#1753,.T.);
#991=ORIENTED_EDGE('',*,*,#1743,.T.);
#992=ORIENTED_EDGE('',*,*,#1739,.F.);
#993=ORIENTED_EDGE('',*,*,#1754,.F.);
#994=ORIENTED_EDGE('',*,*,#1345,.F.);
#995=ORIENTED_EDGE('',*,*,#1755,.F.);
#996=ORIENTED_EDGE('',*,*,#1750,.F.);
#997=ORIENTED_EDGE('',*,*,#1537,.F.);
#998=ORIENTED_EDGE('',*,*,#1394,.F.);
#999=ORIENTED_EDGE('',*,*,#1756,.F.);
#1000=ORIENTED_EDGE('',*,*,#1737,.F.);
#1001=ORIENTED_EDGE('',*,*,#1751,.F.);
#1002=ORIENTED_EDGE('',*,*,#1755,.T.);
#1003=ORIENTED_EDGE('',*,*,#1344,.F.);
#1004=ORIENTED_EDGE('',*,*,#1754,.T.);
#1005=ORIENTED_EDGE('',*,*,#1748,.F.);
#1006=ORIENTED_EDGE('',*,*,#1757,.F.);
#1007=ORIENTED_EDGE('',*,*,#1346,.F.);
#1008=ORIENTED_EDGE('',*,*,#1393,.F.);
#1009=ORIENTED_EDGE('',*,*,#1325,.F.);
#1010=ORIENTED_EDGE('',*,*,#1758,.F.);
#1011=ORIENTED_EDGE('',*,*,#1752,.F.);
#1012=ORIENTED_EDGE('',*,*,#1738,.F.);
#1013=ORIENTED_EDGE('',*,*,#1756,.T.);
#1014=ORIENTED_EDGE('',*,*,#1757,.T.);
#1015=ORIENTED_EDGE('',*,*,#1746,.F.);
#1016=ORIENTED_EDGE('',*,*,#1759,.F.);
#1017=ORIENTED_EDGE('',*,*,#1347,.F.);
#1018=ORIENTED_EDGE('',*,*,#1758,.T.);
#1019=ORIENTED_EDGE('',*,*,#1324,.F.);
#1020=ORIENTED_EDGE('',*,*,#1760,.F.);
#1021=ORIENTED_EDGE('',*,*,#1753,.F.);
#1022=ORIENTED_EDGE('',*,*,#1759,.T.);
#1023=ORIENTED_EDGE('',*,*,#1744,.F.);
#1024=ORIENTED_EDGE('',*,*,#1760,.T.);
#1025=ORIENTED_EDGE('',*,*,#1348,.F.);
#1026=ORIENTED_EDGE('',*,*,#1407,.F.);
#1027=ORIENTED_EDGE('',*,*,#1735,.F.);
#1028=ORIENTED_EDGE('',*,*,#1761,.T.);
#1029=ORIENTED_EDGE('',*,*,#1762,.T.);
#1030=ORIENTED_EDGE('',*,*,#1763,.T.);
#1031=ORIENTED_EDGE('',*,*,#1764,.T.);
#1032=ORIENTED_EDGE('',*,*,#1765,.T.);
#1033=ORIENTED_EDGE('',*,*,#1766,.T.);
#1034=ORIENTED_EDGE('',*,*,#1767,.T.);
#1035=ORIENTED_EDGE('',*,*,#1768,.F.);
#1036=ORIENTED_EDGE('',*,*,#1769,.T.);
#1037=ORIENTED_EDGE('',*,*,#1770,.T.);
#1038=ORIENTED_EDGE('',*,*,#1762,.F.);
#1039=ORIENTED_EDGE('',*,*,#1770,.F.);
#1040=ORIENTED_EDGE('',*,*,#1771,.T.);
#1041=ORIENTED_EDGE('',*,*,#1772,.T.);
#1042=ORIENTED_EDGE('',*,*,#1763,.F.);
#1043=ORIENTED_EDGE('',*,*,#1772,.F.);
#1044=ORIENTED_EDGE('',*,*,#1773,.T.);
#1045=ORIENTED_EDGE('',*,*,#1774,.T.);
#1046=ORIENTED_EDGE('',*,*,#1764,.F.);
#1047=ORIENTED_EDGE('',*,*,#1774,.F.);
#1048=ORIENTED_EDGE('',*,*,#1775,.T.);
#1049=ORIENTED_EDGE('',*,*,#1776,.T.);
#1050=ORIENTED_EDGE('',*,*,#1765,.F.);
#1051=ORIENTED_EDGE('',*,*,#1776,.F.);
#1052=ORIENTED_EDGE('',*,*,#1777,.T.);
#1053=ORIENTED_EDGE('',*,*,#1778,.T.);
#1054=ORIENTED_EDGE('',*,*,#1766,.F.);
#1055=ORIENTED_EDGE('',*,*,#1778,.F.);
#1056=ORIENTED_EDGE('',*,*,#1779,.T.);
#1057=ORIENTED_EDGE('',*,*,#1768,.T.);
#1058=ORIENTED_EDGE('',*,*,#1767,.F.);
#1059=ORIENTED_EDGE('',*,*,#1780,.F.);
#1060=ORIENTED_EDGE('',*,*,#1775,.F.);
#1061=ORIENTED_EDGE('',*,*,#1781,.F.);
#1062=ORIENTED_EDGE('',*,*,#1322,.F.);
#1063=ORIENTED_EDGE('',*,*,#1781,.T.);
#1064=ORIENTED_EDGE('',*,*,#1773,.F.);
#1065=ORIENTED_EDGE('',*,*,#1782,.F.);
#1066=ORIENTED_EDGE('',*,*,#1323,.F.);
#1067=ORIENTED_EDGE('',*,*,#1780,.T.);
#1068=ORIENTED_EDGE('',*,*,#1321,.F.);
#1069=ORIENTED_EDGE('',*,*,#1783,.F.);
#1070=ORIENTED_EDGE('',*,*,#1777,.F.);
#1071=ORIENTED_EDGE('',*,*,#1782,.T.);
#1072=ORIENTED_EDGE('',*,*,#1771,.F.);
#1073=ORIENTED_EDGE('',*,*,#1784,.F.);
#1074=ORIENTED_EDGE('',*,*,#1318,.F.);
#1075=ORIENTED_EDGE('',*,*,#1783,.T.);
#1076=ORIENTED_EDGE('',*,*,#1320,.F.);
#1077=ORIENTED_EDGE('',*,*,#1785,.F.);
#1078=ORIENTED_EDGE('',*,*,#1779,.F.);
#1079=ORIENTED_EDGE('',*,*,#1784,.T.);
#1080=ORIENTED_EDGE('',*,*,#1769,.F.);
#1081=ORIENTED_EDGE('',*,*,#1785,.T.);
#1082=ORIENTED_EDGE('',*,*,#1319,.F.);
#1083=ORIENTED_EDGE('',*,*,#1391,.F.);
#1084=ORIENTED_EDGE('',*,*,#1761,.F.);
#1085=ORIENTED_EDGE('',*,*,#1786,.T.);
#1086=ORIENTED_EDGE('',*,*,#1787,.T.);
#1087=ORIENTED_EDGE('',*,*,#1788,.T.);
#1088=ORIENTED_EDGE('',*,*,#1789,.T.);
#1089=ORIENTED_EDGE('',*,*,#1790,.T.);
#1090=ORIENTED_EDGE('',*,*,#1791,.T.);
#1091=ORIENTED_EDGE('',*,*,#1792,.T.);
#1092=ORIENTED_EDGE('',*,*,#1793,.F.);
#1093=ORIENTED_EDGE('',*,*,#1794,.T.);
#1094=ORIENTED_EDGE('',*,*,#1795,.T.);
#1095=ORIENTED_EDGE('',*,*,#1787,.F.);
#1096=ORIENTED_EDGE('',*,*,#1795,.F.);
#1097=ORIENTED_EDGE('',*,*,#1796,.T.);
#1098=ORIENTED_EDGE('',*,*,#1797,.T.);
#1099=ORIENTED_EDGE('',*,*,#1788,.F.);
#1100=ORIENTED_EDGE('',*,*,#1797,.F.);
#1101=ORIENTED_EDGE('',*,*,#1798,.T.);
#1102=ORIENTED_EDGE('',*,*,#1799,.T.);
#1103=ORIENTED_EDGE('',*,*,#1789,.F.);
#1104=ORIENTED_EDGE('',*,*,#1799,.F.);
#1105=ORIENTED_EDGE('',*,*,#1800,.T.);
#1106=ORIENTED_EDGE('',*,*,#1801,.T.);
#1107=ORIENTED_EDGE('',*,*,#1790,.F.);
#1108=ORIENTED_EDGE('',*,*,#1801,.F.);
#1109=ORIENTED_EDGE('',*,*,#1802,.T.);
#1110=ORIENTED_EDGE('',*,*,#1803,.T.);
#1111=ORIENTED_EDGE('',*,*,#1791,.F.);
#1112=ORIENTED_EDGE('',*,*,#1803,.F.);
#1113=ORIENTED_EDGE('',*,*,#1804,.T.);
#1114=ORIENTED_EDGE('',*,*,#1793,.T.);
#1115=ORIENTED_EDGE('',*,*,#1792,.F.);
#1116=ORIENTED_EDGE('',*,*,#1805,.F.);
#1117=ORIENTED_EDGE('',*,*,#1800,.F.);
#1118=ORIENTED_EDGE('',*,*,#1806,.F.);
#1119=ORIENTED_EDGE('',*,*,#1369,.F.);
#1120=ORIENTED_EDGE('',*,*,#1806,.T.);
#1121=ORIENTED_EDGE('',*,*,#1798,.F.);
#1122=ORIENTED_EDGE('',*,*,#1807,.F.);
#1123=ORIENTED_EDGE('',*,*,#1370,.F.);
#1124=ORIENTED_EDGE('',*,*,#1805,.T.);
#1125=ORIENTED_EDGE('',*,*,#1368,.F.);
#1126=ORIENTED_EDGE('',*,*,#1808,.F.);
#1127=ORIENTED_EDGE('',*,*,#1802,.F.);
#1128=ORIENTED_EDGE('',*,*,#1807,.T.);
#1129=ORIENTED_EDGE('',*,*,#1796,.F.);
#1130=ORIENTED_EDGE('',*,*,#1809,.F.);
#1131=ORIENTED_EDGE('',*,*,#1365,.F.);
#1132=ORIENTED_EDGE('',*,*,#1808,.T.);
#1133=ORIENTED_EDGE('',*,*,#1367,.F.);
#1134=ORIENTED_EDGE('',*,*,#1810,.F.);
#1135=ORIENTED_EDGE('',*,*,#1804,.F.);
#1136=ORIENTED_EDGE('',*,*,#1809,.T.);
#1137=ORIENTED_EDGE('',*,*,#1794,.F.);
#1138=ORIENTED_EDGE('',*,*,#1810,.T.);
#1139=ORIENTED_EDGE('',*,*,#1366,.F.);
#1140=ORIENTED_EDGE('',*,*,#1389,.F.);
#1141=ORIENTED_EDGE('',*,*,#1786,.F.);
#1142=ORIENTED_EDGE('',*,*,#1811,.T.);
#1143=ORIENTED_EDGE('',*,*,#1812,.T.);
#1144=ORIENTED_EDGE('',*,*,#1813,.T.);
#1145=ORIENTED_EDGE('',*,*,#1814,.T.);
#1146=ORIENTED_EDGE('',*,*,#1815,.T.);
#1147=ORIENTED_EDGE('',*,*,#1816,.T.);
#1148=ORIENTED_EDGE('',*,*,#1817,.T.);
#1149=ORIENTED_EDGE('',*,*,#1818,.F.);
#1150=ORIENTED_EDGE('',*,*,#1819,.T.);
#1151=ORIENTED_EDGE('',*,*,#1820,.T.);
#1152=ORIENTED_EDGE('',*,*,#1812,.F.);
#1153=ORIENTED_EDGE('',*,*,#1820,.F.);
#1154=ORIENTED_EDGE('',*,*,#1821,.T.);
#1155=ORIENTED_EDGE('',*,*,#1822,.T.);
#1156=ORIENTED_EDGE('',*,*,#1813,.F.);
#1157=ORIENTED_EDGE('',*,*,#1822,.F.);
#1158=ORIENTED_EDGE('',*,*,#1823,.T.);
#1159=ORIENTED_EDGE('',*,*,#1824,.T.);
#1160=ORIENTED_EDGE('',*,*,#1814,.F.);
#1161=ORIENTED_EDGE('',*,*,#1824,.F.);
#1162=ORIENTED_EDGE('',*,*,#1825,.T.);
#1163=ORIENTED_EDGE('',*,*,#1826,.T.);
#1164=ORIENTED_EDGE('',*,*,#1815,.F.);
#1165=ORIENTED_EDGE('',*,*,#1826,.F.);
#1166=ORIENTED_EDGE('',*,*,#1827,.T.);
#1167=ORIENTED_EDGE('',*,*,#1828,.T.);
#1168=ORIENTED_EDGE('',*,*,#1816,.F.);
#1169=ORIENTED_EDGE('',*,*,#1828,.F.);
#1170=ORIENTED_EDGE('',*,*,#1829,.T.);
#1171=ORIENTED_EDGE('',*,*,#1818,.T.);
#1172=ORIENTED_EDGE('',*,*,#1817,.F.);
#1173=ORIENTED_EDGE('',*,*,#1830,.F.);
#1174=ORIENTED_EDGE('',*,*,#1825,.F.);
#1175=ORIENTED_EDGE('',*,*,#1831,.F.);
#1176=ORIENTED_EDGE('',*,*,#1316,.F.);
#1177=ORIENTED_EDGE('',*,*,#1831,.T.);
#1178=ORIENTED_EDGE('',*,*,#1823,.F.);
#1179=ORIENTED_EDGE('',*,*,#1832,.F.);
#1180=ORIENTED_EDGE('',*,*,#1317,.F.);
#1181=ORIENTED_EDGE('',*,*,#1830,.T.);
#1182=ORIENTED_EDGE('',*,*,#1315,.F.);
#1183=ORIENTED_EDGE('',*,*,#1833,.F.);
#1184=ORIENTED_EDGE('',*,*,#1827,.F.);
#1185=ORIENTED_EDGE('',*,*,#1832,.T.);
#1186=ORIENTED_EDGE('',*,*,#1821,.F.);
#1187=ORIENTED_EDGE('',*,*,#1834,.F.);
#1188=ORIENTED_EDGE('',*,*,#1312,.F.);
#1189=ORIENTED_EDGE('',*,*,#1833,.T.);
#1190=ORIENTED_EDGE('',*,*,#1314,.F.);
#1191=ORIENTED_EDGE('',*,*,#1835,.F.);
#1192=ORIENTED_EDGE('',*,*,#1829,.F.);
#1193=ORIENTED_EDGE('',*,*,#1834,.T.);
#1194=ORIENTED_EDGE('',*,*,#1819,.F.);
#1195=ORIENTED_EDGE('',*,*,#1835,.T.);
#1196=ORIENTED_EDGE('',*,*,#1313,.F.);
#1197=ORIENTED_EDGE('',*,*,#1387,.F.);
#1198=ORIENTED_EDGE('',*,*,#1811,.F.);
#1199=ORIENTED_EDGE('',*,*,#1836,.T.);
#1200=ORIENTED_EDGE('',*,*,#1837,.T.);
#1201=ORIENTED_EDGE('',*,*,#1838,.T.);
#1202=ORIENTED_EDGE('',*,*,#1839,.T.);
#1203=ORIENTED_EDGE('',*,*,#1840,.T.);
#1204=ORIENTED_EDGE('',*,*,#1841,.T.);
#1205=ORIENTED_EDGE('',*,*,#1842,.T.);
#1206=ORIENTED_EDGE('',*,*,#1843,.F.);
#1207=ORIENTED_EDGE('',*,*,#1844,.T.);
#1208=ORIENTED_EDGE('',*,*,#1845,.T.);
#1209=ORIENTED_EDGE('',*,*,#1837,.F.);
#1210=ORIENTED_EDGE('',*,*,#1845,.F.);
#1211=ORIENTED_EDGE('',*,*,#1846,.T.);
#1212=ORIENTED_EDGE('',*,*,#1847,.T.);
#1213=ORIENTED_EDGE('',*,*,#1838,.F.);
#1214=ORIENTED_EDGE('',*,*,#1847,.F.);
#1215=ORIENTED_EDGE('',*,*,#1848,.T.);
#1216=ORIENTED_EDGE('',*,*,#1849,.T.);
#1217=ORIENTED_EDGE('',*,*,#1839,.F.);
#1218=ORIENTED_EDGE('',*,*,#1849,.F.);
#1219=ORIENTED_EDGE('',*,*,#1850,.T.);
#1220=ORIENTED_EDGE('',*,*,#1851,.T.);
#1221=ORIENTED_EDGE('',*,*,#1840,.F.);
#1222=ORIENTED_EDGE('',*,*,#1851,.F.);
#1223=ORIENTED_EDGE('',*,*,#1852,.T.);
#1224=ORIENTED_EDGE('',*,*,#1853,.T.);
#1225=ORIENTED_EDGE('',*,*,#1841,.F.);
#1226=ORIENTED_EDGE('',*,*,#1853,.F.);
#1227=ORIENTED_EDGE('',*,*,#1854,.T.);
#1228=ORIENTED_EDGE('',*,*,#1843,.T.);
#1229=ORIENTED_EDGE('',*,*,#1842,.F.);
#1230=ORIENTED_EDGE('',*,*,#1855,.F.);
#1231=ORIENTED_EDGE('',*,*,#1850,.F.);
#1232=ORIENTED_EDGE('',*,*,#1856,.F.);
#1233=ORIENTED_EDGE('',*,*,#1375,.F.);
#1234=ORIENTED_EDGE('',*,*,#1856,.T.);
#1235=ORIENTED_EDGE('',*,*,#1848,.F.);
#1236=ORIENTED_EDGE('',*,*,#1857,.F.);
#1237=ORIENTED_EDGE('',*,*,#1376,.F.);
#1238=ORIENTED_EDGE('',*,*,#1855,.T.);
#1239=ORIENTED_EDGE('',*,*,#1374,.F.);
#1240=ORIENTED_EDGE('',*,*,#1858,.F.);
#1241=ORIENTED_EDGE('',*,*,#1852,.F.);
#1242=ORIENTED_EDGE('',*,*,#1857,.T.);
#1243=ORIENTED_EDGE('',*,*,#1846,.F.);
#1244=ORIENTED_EDGE('',*,*,#1859,.F.);
#1245=ORIENTED_EDGE('',*,*,#1371,.F.);
#1246=ORIENTED_EDGE('',*,*,#1858,.T.);
#1247=ORIENTED_EDGE('',*,*,#1373,.F.);
#1248=ORIENTED_EDGE('',*,*,#1860,.F.);
#1249=ORIENTED_EDGE('',*,*,#1854,.F.);
#1250=ORIENTED_EDGE('',*,*,#1859,.T.);
#1251=ORIENTED_EDGE('',*,*,#1844,.F.);
#1252=ORIENTED_EDGE('',*,*,#1860,.T.);
#1253=ORIENTED_EDGE('',*,*,#1372,.F.);
#1254=ORIENTED_EDGE('',*,*,#1385,.F.);
#1255=ORIENTED_EDGE('',*,*,#1836,.F.);
#1256=ORIENTED_EDGE('',*,*,#1861,.T.);
#1257=ORIENTED_EDGE('',*,*,#1862,.T.);
#1258=ORIENTED_EDGE('',*,*,#1863,.T.);
#1259=ORIENTED_EDGE('',*,*,#1864,.F.);
#1260=ORIENTED_EDGE('',*,*,#1865,.F.);
#1261=ORIENTED_EDGE('',*,*,#1866,.F.);
#1262=ORIENTED_EDGE('',*,*,#1867,.F.);
#1263=ORIENTED_EDGE('',*,*,#1868,.F.);
#1264=ORIENTED_EDGE('',*,*,#1869,.F.);
#1265=ORIENTED_EDGE('',*,*,#1870,.F.);
#1266=ORIENTED_EDGE('',*,*,#1871,.F.);
#1267=ORIENTED_EDGE('',*,*,#1872,.T.);
#1268=ORIENTED_EDGE('',*,*,#1871,.T.);
#1269=ORIENTED_EDGE('',*,*,#1873,.T.);
#1270=ORIENTED_EDGE('',*,*,#1378,.T.);
#1271=ORIENTED_EDGE('',*,*,#1874,.F.);
#1272=ORIENTED_EDGE('',*,*,#1870,.T.);
#1273=ORIENTED_EDGE('',*,*,#1875,.T.);
#1274=ORIENTED_EDGE('',*,*,#1379,.T.);
#1275=ORIENTED_EDGE('',*,*,#1873,.F.);
#1276=ORIENTED_EDGE('',*,*,#1869,.T.);
#1277=ORIENTED_EDGE('',*,*,#1876,.T.);
#1278=ORIENTED_EDGE('',*,*,#1380,.T.);
#1279=ORIENTED_EDGE('',*,*,#1875,.F.);
#1280=ORIENTED_EDGE('',*,*,#1868,.T.);
#1281=ORIENTED_EDGE('',*,*,#1877,.T.);
#1282=ORIENTED_EDGE('',*,*,#1381,.T.);
#1283=ORIENTED_EDGE('',*,*,#1876,.F.);
#1284=ORIENTED_EDGE('',*,*,#1867,.T.);
#1285=ORIENTED_EDGE('',*,*,#1878,.T.);
#1286=ORIENTED_EDGE('',*,*,#1382,.T.);
#1287=ORIENTED_EDGE('',*,*,#1877,.F.);
#1288=ORIENTED_EDGE('',*,*,#1866,.T.);
#1289=ORIENTED_EDGE('',*,*,#1879,.T.);
#1290=ORIENTED_EDGE('',*,*,#1383,.T.);
#1291=ORIENTED_EDGE('',*,*,#1878,.F.);
#1292=ORIENTED_EDGE('',*,*,#1865,.T.);
#1293=ORIENTED_EDGE('',*,*,#1880,.T.);
#1294=ORIENTED_EDGE('',*,*,#1384,.T.);
#1295=ORIENTED_EDGE('',*,*,#1879,.F.);
#1296=ORIENTED_EDGE('',*,*,#1864,.T.);
#1297=ORIENTED_EDGE('',*,*,#1874,.T.);
#1298=ORIENTED_EDGE('',*,*,#1377,.T.);
#1299=ORIENTED_EDGE('',*,*,#1880,.F.);
#1300=ORIENTED_EDGE('',*,*,#1881,.T.);
#1301=ORIENTED_EDGE('',*,*,#1861,.F.);
#1302=ORIENTED_EDGE('',*,*,#1881,.F.);
#1303=ORIENTED_EDGE('',*,*,#1882,.T.);
#1304=ORIENTED_EDGE('',*,*,#1872,.F.);
#1305=ORIENTED_EDGE('',*,*,#1882,.F.);
#1306=ORIENTED_EDGE('',*,*,#1883,.T.);
#1307=ORIENTED_EDGE('',*,*,#1863,.F.);
#1308=ORIENTED_EDGE('',*,*,#1883,.F.);
#1309=ORIENTED_EDGE('',*,*,#1884,.T.);
#1310=ORIENTED_EDGE('',*,*,#1862,.F.);
#1311=ORIENTED_EDGE('',*,*,#1884,.F.);
#1312=EDGE_CURVE('',#1885,#1886,#2265,.T.);
#1313=EDGE_CURVE('',#1886,#1887,#2266,.T.);
#1314=EDGE_CURVE('',#1887,#1888,#2267,.T.);
#1315=EDGE_CURVE('',#1888,#1889,#2268,.T.);
#1316=EDGE_CURVE('',#1889,#1890,#2269,.T.);
#1317=EDGE_CURVE('',#1890,#1885,#2270,.T.);
#1318=EDGE_CURVE('',#1891,#1892,#2271,.T.);
#1319=EDGE_CURVE('',#1892,#1893,#2272,.T.);
#1320=EDGE_CURVE('',#1893,#1894,#2273,.T.);
#1321=EDGE_CURVE('',#1894,#1895,#2274,.T.);
#1322=EDGE_CURVE('',#1895,#1896,#2275,.T.);
#1323=EDGE_CURVE('',#1896,#1891,#2276,.T.);
#1324=EDGE_CURVE('',#1897,#1898,#2277,.T.);
#1325=EDGE_CURVE('',#1898,#1899,#2278,.T.);
#1326=EDGE_CURVE('',#1900,#1899,#73,.T.);
#1327=EDGE_CURVE('',#1901,#1900,#2279,.T.);
#1328=EDGE_CURVE('',#1902,#1901,#2280,.T.);
#1329=EDGE_CURVE('',#1903,#1902,#2281,.T.);
#1330=EDGE_CURVE('',#1904,#1903,#2282,.T.);
#1331=EDGE_CURVE('',#1905,#1904,#2283,.T.);
#1332=EDGE_CURVE('',#1906,#1905,#2284,.T.);
#1333=EDGE_CURVE('',#1906,#1907,#2285,.T.);
#1334=EDGE_CURVE('',#1908,#1907,#74,.T.);
#1335=EDGE_CURVE('',#1909,#1908,#2286,.T.);
#1336=EDGE_CURVE('',#1910,#1909,#2287,.T.);
#1337=EDGE_CURVE('',#1911,#1910,#2288,.T.);
#1338=EDGE_CURVE('',#1912,#1911,#2289,.T.);
#1339=EDGE_CURVE('',#1912,#1913,#2290,.T.);
#1340=EDGE_CURVE('',#1914,#1913,#2291,.T.);
#1341=EDGE_CURVE('',#1915,#1914,#2292,.T.);
#1342=EDGE_CURVE('',#1916,#1915,#2293,.T.);
#1343=EDGE_CURVE('',#1916,#1917,#2294,.T.);
#1344=EDGE_CURVE('',#1917,#1918,#75,.F.);
#1345=EDGE_CURVE('',#1918,#1919,#2295,.T.);
#1346=EDGE_CURVE('',#1919,#1920,#2296,.T.);
#1347=EDGE_CURVE('',#1920,#1921,#2297,.T.);
#1348=EDGE_CURVE('',#1921,#1897,#2298,.T.);
#1349=EDGE_CURVE('',#1922,#1923,#2299,.T.);
#1350=EDGE_CURVE('',#1923,#1924,#2300,.T.);
#1351=EDGE_CURVE('',#1924,#1925,#2301,.T.);
#1352=EDGE_CURVE('',#1925,#1926,#2302,.T.);
#1353=EDGE_CURVE('',#1926,#1927,#2303,.T.);
#1354=EDGE_CURVE('',#1927,#1922,#2304,.T.);
#1355=EDGE_CURVE('',#1928,#1929,#2305,.T.);
#1356=EDGE_CURVE('',#1928,#1930,#2306,.T.);
#1357=EDGE_CURVE('',#1931,#1930,#2307,.T.);
#1358=EDGE_CURVE('',#1931,#1929,#2308,.T.);
#1359=EDGE_CURVE('',#1932,#1933,#2309,.T.);
#1360=EDGE_CURVE('',#1933,#1934,#2310,.T.);
#1361=EDGE_CURVE('',#1934,#1935,#2311,.T.);
#1362=EDGE_CURVE('',#1935,#1936,#2312,.T.);
#1363=EDGE_CURVE('',#1936,#1937,#2313,.T.);
#1364=EDGE_CURVE('',#1937,#1932,#2314,.T.);
#1365=EDGE_CURVE('',#1938,#1939,#2315,.T.);
#1366=EDGE_CURVE('',#1939,#1940,#2316,.T.);
#1367=EDGE_CURVE('',#1940,#1941,#2317,.T.);
#1368=EDGE_CURVE('',#1941,#1942,#2318,.T.);
#1369=EDGE_CURVE('',#1942,#1943,#2319,.T.);
#1370=EDGE_CURVE('',#1943,#1938,#2320,.T.);
#1371=EDGE_CURVE('',#1944,#1945,#2321,.T.);
#1372=EDGE_CURVE('',#1945,#1946,#2322,.T.);
#1373=EDGE_CURVE('',#1946,#1947,#2323,.T.);
#1374=EDGE_CURVE('',#1947,#1948,#2324,.T.);
#1375=EDGE_CURVE('',#1948,#1949,#2325,.T.);
#1376=EDGE_CURVE('',#1949,#1944,#2326,.T.);
#1377=EDGE_CURVE('',#1950,#1951,#2327,.T.);
#1378=EDGE_CURVE('',#1952,#1950,#76,.T.);
#1379=EDGE_CURVE('',#1953,#1952,#2328,.T.);
#1380=EDGE_CURVE('',#1954,#1953,#77,.T.);
#1381=EDGE_CURVE('',#1955,#1954,#2329,.T.);
#1382=EDGE_CURVE('',#1956,#1955,#78,.T.);
#1383=EDGE_CURVE('',#1957,#1956,#2330,.T.);
#1384=EDGE_CURVE('',#1951,#1957,#79,.T.);
#1385=EDGE_CURVE('',#1958,#1958,#80,.T.);
#1386=EDGE_CURVE('',#1959,#1959,#81,.T.);
#1387=EDGE_CURVE('',#1960,#1960,#82,.T.);
#1388=EDGE_CURVE('',#1961,#1961,#83,.T.);
#1389=EDGE_CURVE('',#1962,#1962,#84,.T.);
#1390=EDGE_CURVE('',#1963,#1963,#85,.T.);
#1391=EDGE_CURVE('',#1964,#1964,#86,.T.);
#1392=EDGE_CURVE('',#1965,#1965,#87,.T.);
#1393=EDGE_CURVE('',#1899,#1966,#2331,.F.);
#1394=EDGE_CURVE('',#1966,#1967,#88,.T.);
#1395=EDGE_CURVE('',#1968,#1967,#2332,.T.);
#1396=EDGE_CURVE('',#1968,#1969,#89,.T.);
#1397=EDGE_CURVE('',#1970,#1969,#2333,.F.);
#1398=EDGE_CURVE('',#1970,#1971,#90,.T.);
#1399=EDGE_CURVE('',#1971,#1972,#2334,.F.);
#1400=EDGE_CURVE('',#1972,#1973,#91,.T.);
#1401=EDGE_CURVE('',#1973,#1908,#2335,.T.);
#1402=EDGE_CURVE('',#1974,#1907,#2336,.T.);
#1403=EDGE_CURVE('',#1975,#1974,#92,.T.);
#1404=EDGE_CURVE('',#1976,#1975,#2337,.F.);
#1405=EDGE_CURVE('',#1977,#1976,#93,.T.);
#1406=EDGE_CURVE('',#1977,#1900,#2338,.T.);
#1407=EDGE_CURVE('',#1978,#1978,#94,.T.);
#1408=EDGE_CURVE('',#1979,#1979,#95,.T.);
#1409=EDGE_CURVE('',#1980,#1980,#96,.T.);
#1410=EDGE_CURVE('',#1981,#1981,#97,.T.);
#1411=EDGE_CURVE('',#1982,#1982,#98,.T.);
#1412=EDGE_CURVE('',#1983,#1983,#99,.T.);
#1413=EDGE_CURVE('',#1984,#1984,#100,.F.);
#1414=EDGE_CURVE('',#1985,#1985,#101,.F.);
#1415=EDGE_CURVE('',#1986,#1986,#102,.F.);
#1416=EDGE_CURVE('',#1987,#1987,#103,.F.);
#1417=EDGE_CURVE('',#1988,#1989,#2339,.T.);
#1418=EDGE_CURVE('',#1902,#1988,#2340,.T.);
#1419=EDGE_CURVE('',#1990,#1901,#2341,.T.);
#1420=EDGE_CURVE('',#1991,#1990,#2342,.T.);
#1421=EDGE_CURVE('',#1992,#1991,#2343,.F.);
#1422=EDGE_CURVE('',#1989,#1992,#2344,.T.);
#1423=EDGE_CURVE('',#1993,#1994,#2345,.F.);
#1424=EDGE_CURVE('',#1995,#1993,#2346,.T.);
#1425=EDGE_CURVE('',#1995,#1905,#2347,.T.);
#1426=EDGE_CURVE('',#1904,#1996,#2348,.T.);
#1427=EDGE_CURVE('',#1997,#1996,#2349,.T.);
#1428=EDGE_CURVE('',#1994,#1997,#2350,.T.);
#1429=EDGE_CURVE('',#1998,#1999,#2351,.T.);
#1430=EDGE_CURVE('',#2000,#1998,#2352,.T.);
#1431=EDGE_CURVE('',#2001,#2000,#104,.F.);
#1432=EDGE_CURVE('',#2002,#2001,#2353,.T.);
#1433=EDGE_CURVE('',#2002,#1995,#2354,.T.);
#1434=EDGE_CURVE('',#1999,#1993,#2355,.T.);
#1435=EDGE_CURVE('',#1990,#1977,#2356,.T.);
#1436=EDGE_CURVE('',#2003,#1976,#2357,.T.);
#1437=EDGE_CURVE('',#2004,#2003,#2358,.T.);
#1438=EDGE_CURVE('',#1991,#2004,#2359,.T.);
#1439=EDGE_CURVE('',#2005,#2005,#105,.T.);
#1440=EDGE_CURVE('',#2006,#2006,#106,.T.);
#1441=EDGE_CURVE('',#2007,#2008,#2360,.T.);
#1442=EDGE_CURVE('',#2009,#2007,#2361,.T.);
#1443=EDGE_CURVE('',#2010,#2009,#2362,.T.);
#1444=EDGE_CURVE('',#2011,#2010,#2363,.T.);
#1445=EDGE_CURVE('',#2012,#2011,#2364,.T.);
#1446=EDGE_CURVE('',#2008,#2012,#2365,.T.);
#1447=EDGE_CURVE('',#2013,#2014,#2366,.T.);
#1448=EDGE_CURVE('',#2014,#2015,#2367,.T.);
#1449=EDGE_CURVE('',#2016,#2015,#2368,.T.);
#1450=EDGE_CURVE('',#2016,#2013,#2369,.T.);
#1451=EDGE_CURVE('',#2017,#2017,#107,.T.);
#1452=EDGE_CURVE('',#2018,#2018,#108,.T.);
#1453=EDGE_CURVE('',#2019,#2020,#109,.F.);
#1454=EDGE_CURVE('',#2021,#2020,#2370,.T.);
#1455=EDGE_CURVE('',#2022,#2021,#110,.T.);
#1456=EDGE_CURVE('',#2022,#2019,#2371,.T.);
#1457=EDGE_CURVE('',#2023,#2023,#111,.T.);
#1458=EDGE_CURVE('',#2024,#2025,#2372,.T.);
#1459=EDGE_CURVE('',#2026,#2025,#2373,.T.);
#1460=EDGE_CURVE('',#2026,#2027,#2374,.T.);
#1461=EDGE_CURVE('',#2028,#2027,#2375,.T.);
#1462=EDGE_CURVE('',#2028,#2029,#2376,.T.);
#1463=EDGE_CURVE('',#2030,#2029,#23,.T.);
#1464=EDGE_CURVE('',#2031,#2030,#2377,.T.);
#1465=EDGE_CURVE('',#2031,#2032,#24,.F.);
#1466=EDGE_CURVE('',#2033,#2032,#2378,.T.);
#1467=EDGE_CURVE('',#1973,#2033,#2379,.T.);
#1468=EDGE_CURVE('',#2034,#1972,#2380,.T.);
#1469=EDGE_CURVE('',#2035,#2034,#2381,.T.);
#1470=EDGE_CURVE('',#2035,#2036,#2382,.T.);
#1471=EDGE_CURVE('',#2037,#2036,#2383,.T.);
#1472=EDGE_CURVE('',#2037,#2038,#2384,.T.);
#1473=EDGE_CURVE('',#2039,#2038,#2385,.T.);
#1474=EDGE_CURVE('',#2040,#2039,#2386,.T.);
#1475=EDGE_CURVE('',#2040,#2041,#2387,.T.);
#1476=EDGE_CURVE('',#2041,#2042,#2388,.T.);
#1477=EDGE_CURVE('',#2042,#2043,#2389,.T.);
#1478=EDGE_CURVE('',#2043,#2044,#2390,.T.);
#1479=EDGE_CURVE('',#2044,#2045,#2391,.T.);
#1480=EDGE_CURVE('',#2046,#2045,#2392,.T.);
#1481=EDGE_CURVE('',#2047,#2046,#2393,.F.);
#1482=EDGE_CURVE('',#2048,#2047,#2394,.T.);
#1483=EDGE_CURVE('',#2048,#2049,#2395,.T.);
#1484=EDGE_CURVE('',#2049,#2024,#2396,.T.);
#1485=EDGE_CURVE('',#2050,#2050,#112,.T.);
#1486=EDGE_CURVE('',#2051,#2052,#2397,.T.);
#1487=EDGE_CURVE('',#2051,#2053,#2398,.T.);
#1488=EDGE_CURVE('',#2053,#2054,#2399,.F.);
#1489=EDGE_CURVE('',#2055,#2054,#2400,.T.);
#1490=EDGE_CURVE('',#2056,#2055,#2401,.T.);
#1491=EDGE_CURVE('',#2057,#2056,#2402,.T.);
#1492=EDGE_CURVE('',#2057,#2058,#2403,.F.);
#1493=EDGE_CURVE('',#2058,#2059,#2404,.T.);
#1494=EDGE_CURVE('',#2059,#2060,#2405,.F.);
#1495=EDGE_CURVE('',#2060,#2061,#2406,.T.);
#1496=EDGE_CURVE('',#2061,#2062,#2407,.F.);
#1497=EDGE_CURVE('',#2063,#2062,#2408,.T.);
#1498=EDGE_CURVE('',#2063,#2064,#2409,.T.);
#1499=EDGE_CURVE('',#2064,#2065,#2410,.T.);
#1500=EDGE_CURVE('',#2066,#2065,#2411,.F.);
#1501=EDGE_CURVE('',#2066,#2067,#2412,.T.);
#1502=EDGE_CURVE('',#2068,#2067,#2413,.F.);
#1503=EDGE_CURVE('',#2021,#2068,#2414,.T.);
#1504=EDGE_CURVE('',#2020,#2069,#2415,.T.);
#1505=EDGE_CURVE('',#2069,#2070,#2416,.F.);
#1506=EDGE_CURVE('',#2071,#2070,#2417,.T.);
#1507=EDGE_CURVE('',#2071,#2072,#2418,.F.);
#1508=EDGE_CURVE('',#2073,#2072,#2419,.T.);
#1509=EDGE_CURVE('',#2073,#2074,#2420,.F.);
#1510=EDGE_CURVE('',#2075,#2074,#2421,.T.);
#1511=EDGE_CURVE('',#2075,#2076,#2422,.T.);
#1512=EDGE_CURVE('',#2077,#2076,#2423,.T.);
#1513=EDGE_CURVE('',#2078,#2077,#2424,.T.);
#1514=EDGE_CURVE('',#2079,#2078,#2425,.T.);
#1515=EDGE_CURVE('',#2080,#2079,#25,.T.);
#1516=EDGE_CURVE('',#2081,#2080,#2426,.T.);
#1517=EDGE_CURVE('',#2081,#2082,#26,.F.);
#1518=EDGE_CURVE('',#2083,#2082,#2427,.T.);
#1519=EDGE_CURVE('',#2084,#2083,#2428,.T.);
#1520=EDGE_CURVE('',#2085,#2084,#27,.F.);
#1521=EDGE_CURVE('',#2052,#2085,#2429,.T.);
#1522=EDGE_CURVE('',#1913,#2079,#2430,.T.);
#1523=EDGE_CURVE('',#2078,#1914,#2431,.T.);
#1524=EDGE_CURVE('',#2086,#2087,#2432,.T.);
#1525=EDGE_CURVE('',#2087,#1969,#2433,.T.);
#1526=EDGE_CURVE('',#1968,#2088,#2434,.T.);
#1527=EDGE_CURVE('',#2089,#2088,#2435,.T.);
#1528=EDGE_CURVE('',#2090,#2089,#2436,.T.);
#1529=EDGE_CURVE('',#2091,#2090,#2437,.T.);
#1530=EDGE_CURVE('',#2091,#2092,#2438,.T.);
#1531=EDGE_CURVE('',#2093,#2092,#2439,.T.);
#1532=EDGE_CURVE('',#2093,#2094,#2440,.T.);
#1533=EDGE_CURVE('',#2086,#2094,#2441,.T.);
#1534=EDGE_CURVE('',#2088,#1916,#2442,.T.);
#1535=EDGE_CURVE('',#2077,#1915,#2443,.T.);
#1536=EDGE_CURVE('',#2076,#2089,#113,.T.);
#1537=EDGE_CURVE('',#1967,#1917,#28,.T.);
#1538=EDGE_CURVE('',#2033,#1909,#2444,.T.);
#1539=EDGE_CURVE('',#2032,#1910,#2445,.T.);
#1540=EDGE_CURVE('',#2054,#2048,#114,.F.);
#1541=EDGE_CURVE('',#2047,#2055,#115,.T.);
#1542=EDGE_CURVE('',#2045,#2057,#116,.F.);
#1543=EDGE_CURVE('',#2046,#2056,#117,.T.);
#1544=EDGE_CURVE('',#2043,#2059,#118,.T.);
#1545=EDGE_CURVE('',#2044,#2058,#119,.F.);
#1546=EDGE_CURVE('',#2042,#2060,#120,.T.);
#1547=EDGE_CURVE('',#2061,#2041,#121,.F.);
#1548=EDGE_CURVE('',#1971,#2022,#2446,.T.);
#1549=EDGE_CURVE('',#2068,#2034,#122,.F.);
#1550=EDGE_CURVE('',#2069,#2087,#123,.F.);
#1551=EDGE_CURVE('',#1970,#2019,#2447,.T.);
#1552=EDGE_CURVE('',#2062,#2040,#124,.T.);
#1553=EDGE_CURVE('',#2039,#2063,#125,.F.);
#1554=EDGE_CURVE('',#2065,#2037,#126,.T.);
#1555=EDGE_CURVE('',#2064,#2038,#127,.T.);
#1556=EDGE_CURVE('',#2066,#2036,#128,.T.);
#1557=EDGE_CURVE('',#2067,#2035,#129,.T.);
#1558=EDGE_CURVE('',#2053,#2049,#130,.T.);
#1559=EDGE_CURVE('',#2051,#2024,#131,.T.);
#1560=EDGE_CURVE('',#2070,#2086,#132,.T.);
#1561=EDGE_CURVE('',#2071,#2094,#133,.T.);
#1562=EDGE_CURVE('',#2072,#2093,#134,.T.);
#1563=EDGE_CURVE('',#2073,#2092,#135,.T.);
#1564=EDGE_CURVE('',#2074,#2091,#136,.T.);
#1565=EDGE_CURVE('',#2090,#2075,#137,.F.);
#1566=EDGE_CURVE('',#2081,#2095,#2448,.T.);
#1567=EDGE_CURVE('',#2095,#2096,#2449,.T.);
#1568=EDGE_CURVE('',#2083,#2096,#2450,.T.);
#1569=EDGE_CURVE('',#1912,#2080,#2451,.T.);
#1570=EDGE_CURVE('',#2097,#2098,#2452,.T.);
#1571=EDGE_CURVE('',#2030,#2097,#2453,.T.);
#1572=EDGE_CURVE('',#2098,#2028,#2454,.T.);
#1573=EDGE_CURVE('',#2031,#1911,#2455,.T.);
#1574=EDGE_CURVE('',#2095,#2097,#2456,.T.);
#1575=EDGE_CURVE('',#1974,#2001,#29,.T.);
#1576=EDGE_CURVE('',#2002,#1906,#2457,.T.);
#1577=EDGE_CURVE('',#1930,#2013,#2458,.T.);
#1578=EDGE_CURVE('',#2016,#1931,#2459,.T.);
#1579=EDGE_CURVE('',#2015,#1929,#2460,.T.);
#1580=EDGE_CURVE('',#2014,#1928,#2461,.T.);
#1581=EDGE_CURVE('',#2099,#2099,#138,.F.);
#1582=EDGE_CURVE('',#2100,#2100,#139,.F.);
#1583=EDGE_CURVE('',#2096,#2098,#2462,.T.);
#1584=EDGE_CURVE('',#2027,#2084,#140,.F.);
#1585=EDGE_CURVE('',#2026,#2085,#141,.F.);
#1586=EDGE_CURVE('',#2025,#2052,#142,.F.);
#1587=EDGE_CURVE('',#2101,#2102,#2463,.T.);
#1588=EDGE_CURVE('',#2102,#2103,#2464,.T.);
#1589=EDGE_CURVE('',#2103,#2104,#2465,.T.);
#1590=EDGE_CURVE('',#2104,#2105,#2466,.T.);
#1591=EDGE_CURVE('',#2105,#2106,#2467,.T.);
#1592=EDGE_CURVE('',#2106,#2101,#2468,.T.);
#1593=EDGE_CURVE('',#2107,#2108,#2469,.T.);
#1594=EDGE_CURVE('',#2108,#2109,#2470,.T.);
#1595=EDGE_CURVE('',#2109,#2110,#2471,.T.);
#1596=EDGE_CURVE('',#2110,#2111,#2472,.T.);
#1597=EDGE_CURVE('',#2111,#2112,#2473,.T.);
#1598=EDGE_CURVE('',#2112,#2107,#2474,.T.);
#1599=EDGE_CURVE('',#2113,#2114,#2475,.T.);
#1600=EDGE_CURVE('',#2114,#2115,#2476,.T.);
#1601=EDGE_CURVE('',#2116,#2115,#2477,.T.);
#1602=EDGE_CURVE('',#2113,#2116,#2478,.T.);
#1603=EDGE_CURVE('',#2115,#2117,#2479,.T.);
#1604=EDGE_CURVE('',#2118,#2117,#2480,.T.);
#1605=EDGE_CURVE('',#2116,#2118,#2481,.T.);
#1606=EDGE_CURVE('',#2117,#2119,#2482,.T.);
#1607=EDGE_CURVE('',#2120,#2119,#2483,.T.);
#1608=EDGE_CURVE('',#2118,#2120,#2484,.T.);
#1609=EDGE_CURVE('',#2119,#2121,#2485,.T.);
#1610=EDGE_CURVE('',#2122,#2121,#2486,.T.);
#1611=EDGE_CURVE('',#2120,#2122,#2487,.T.);
#1612=EDGE_CURVE('',#2121,#2123,#2488,.T.);
#1613=EDGE_CURVE('',#2124,#2123,#2489,.T.);
#1614=EDGE_CURVE('',#2122,#2124,#2490,.T.);
#1615=EDGE_CURVE('',#2123,#2114,#2491,.T.);
#1616=EDGE_CURVE('',#2124,#2113,#2492,.T.);
#1617=EDGE_CURVE('',#2125,#2125,#143,.F.);
#1618=EDGE_CURVE('',#2122,#2010,#2493,.F.);
#1619=EDGE_CURVE('',#2009,#2120,#2494,.T.);
#1620=EDGE_CURVE('',#2007,#2118,#2495,.T.);
#1621=EDGE_CURVE('',#2124,#2011,#2496,.F.);
#1622=EDGE_CURVE('',#2008,#2116,#2497,.F.);
#1623=EDGE_CURVE('',#2113,#2012,#2498,.F.);
#1624=EDGE_CURVE('',#2126,#2127,#2499,.T.);
#1625=EDGE_CURVE('',#2127,#2128,#2500,.T.);
#1626=EDGE_CURVE('',#2129,#2128,#2501,.T.);
#1627=EDGE_CURVE('',#2130,#2129,#2502,.T.);
#1628=EDGE_CURVE('',#2131,#2130,#2503,.T.);
#1629=EDGE_CURVE('',#2126,#2131,#2504,.T.);
#1630=EDGE_CURVE('',#2132,#2133,#2505,.T.);
#1631=EDGE_CURVE('',#2129,#2132,#2506,.T.);
#1632=EDGE_CURVE('',#2128,#2134,#2507,.T.);
#1633=EDGE_CURVE('',#2135,#2134,#2508,.T.);
#1634=EDGE_CURVE('',#2133,#2135,#2509,.T.);
#1635=EDGE_CURVE('',#2134,#2136,#2510,.T.);
#1636=EDGE_CURVE('',#2137,#2136,#2511,.T.);
#1637=EDGE_CURVE('',#2135,#2137,#2512,.T.);
#1638=EDGE_CURVE('',#2136,#2138,#2513,.T.);
#1639=EDGE_CURVE('',#2139,#2138,#30,.T.);
#1640=EDGE_CURVE('',#2137,#2139,#2514,.T.);
#1641=EDGE_CURVE('',#2140,#2141,#2515,.T.);
#1642=EDGE_CURVE('',#2140,#2127,#2516,.T.);
#1643=EDGE_CURVE('',#2141,#2126,#2517,.T.);
#1644=EDGE_CURVE('',#2142,#2142,#144,.F.);
#1645=EDGE_CURVE('',#2143,#2140,#2518,.T.);
#1646=EDGE_CURVE('',#2138,#2143,#145,.F.);
#1647=EDGE_CURVE('',#1994,#2133,#2519,.T.);
#1648=EDGE_CURVE('',#2135,#1999,#2520,.F.);
#1649=EDGE_CURVE('',#2137,#1998,#2521,.F.);
#1650=EDGE_CURVE('',#1997,#2132,#2522,.F.);
#1651=EDGE_CURVE('',#2139,#2000,#31,.F.);
#1652=EDGE_CURVE('',#1996,#2144,#2523,.T.);
#1653=EDGE_CURVE('',#2144,#2129,#2524,.F.);
#1654=EDGE_CURVE('',#2143,#1975,#32,.F.);
#1655=EDGE_CURVE('',#2144,#1988,#2525,.T.);
#1656=EDGE_CURVE('',#1989,#2130,#2526,.T.);
#1657=EDGE_CURVE('',#2141,#2003,#2527,.T.);
#1658=EDGE_CURVE('',#1992,#2131,#2528,.F.);
#1659=EDGE_CURVE('',#2126,#2004,#2529,.F.);
#1660=EDGE_CURVE('',#2145,#2146,#2530,.T.);
#1661=EDGE_CURVE('',#2147,#2145,#2531,.T.);
#1662=EDGE_CURVE('',#2148,#2147,#2532,.T.);
#1663=EDGE_CURVE('',#2149,#2148,#2533,.T.);
#1664=EDGE_CURVE('',#2150,#2149,#2534,.T.);
#1665=EDGE_CURVE('',#2146,#2150,#2535,.T.);
#1666=EDGE_CURVE('',#2145,#2107,#2536,.T.);
#1667=EDGE_CURVE('',#2146,#2108,#2537,.T.);
#1668=EDGE_CURVE('',#2150,#2109,#2538,.T.);
#1669=EDGE_CURVE('',#2149,#2110,#2539,.T.);
#1670=EDGE_CURVE('',#2148,#2111,#2540,.T.);
#1671=EDGE_CURVE('',#2147,#2112,#2541,.T.);
#1672=EDGE_CURVE('',#2151,#2152,#2542,.T.);
#1673=EDGE_CURVE('',#2153,#2151,#2543,.T.);
#1674=EDGE_CURVE('',#2154,#2153,#2544,.T.);
#1675=EDGE_CURVE('',#2155,#2154,#2545,.T.);
#1676=EDGE_CURVE('',#2156,#2155,#2546,.T.);
#1677=EDGE_CURVE('',#2152,#2156,#2547,.T.);
#1678=EDGE_CURVE('',#2151,#2101,#2548,.T.);
#1679=EDGE_CURVE('',#2152,#2102,#2549,.T.);
#1680=EDGE_CURVE('',#2156,#2103,#2550,.T.);
#1681=EDGE_CURVE('',#2155,#2104,#2551,.T.);
#1682=EDGE_CURVE('',#2154,#2105,#2552,.T.);
#1683=EDGE_CURVE('',#2153,#2106,#2553,.T.);
#1684=EDGE_CURVE('',#1903,#2144,#2554,.T.);
#1685=EDGE_CURVE('',#2157,#2157,#146,.F.);
#1686=EDGE_CURVE('',#2158,#2159,#2555,.T.);
#1687=EDGE_CURVE('',#2159,#2160,#2556,.T.);
#1688=EDGE_CURVE('',#2160,#2161,#2557,.T.);
#1689=EDGE_CURVE('',#2161,#2162,#2558,.T.);
#1690=EDGE_CURVE('',#2162,#2163,#2559,.T.);
#1691=EDGE_CURVE('',#2163,#2158,#2560,.T.);
#1692=EDGE_CURVE('',#2164,#2158,#2561,.T.);
#1693=EDGE_CURVE('',#2164,#2165,#2562,.T.);
#1694=EDGE_CURVE('',#2165,#2159,#2563,.T.);
#1695=EDGE_CURVE('',#2165,#2166,#2564,.T.);
#1696=EDGE_CURVE('',#2166,#2160,#2565,.T.);
#1697=EDGE_CURVE('',#2166,#2167,#2566,.T.);
#1698=EDGE_CURVE('',#2167,#2161,#2567,.T.);
#1699=EDGE_CURVE('',#2167,#2168,#2568,.T.);
#1700=EDGE_CURVE('',#2168,#2162,#2569,.T.);
#1701=EDGE_CURVE('',#2168,#2169,#2570,.T.);
#1702=EDGE_CURVE('',#2169,#2163,#2571,.T.);
#1703=EDGE_CURVE('',#2169,#2164,#2572,.T.);
#1704=EDGE_CURVE('',#2168,#1936,#2573,.F.);
#1705=EDGE_CURVE('',#1937,#2167,#2574,.T.);
#1706=EDGE_CURVE('',#1932,#2166,#2575,.T.);
#1707=EDGE_CURVE('',#2169,#1935,#2576,.F.);
#1708=EDGE_CURVE('',#1933,#2165,#2577,.F.);
#1709=EDGE_CURVE('',#2164,#1934,#2578,.F.);
#1710=EDGE_CURVE('',#2170,#2170,#147,.F.);
#1711=EDGE_CURVE('',#2171,#2172,#2579,.T.);
#1712=EDGE_CURVE('',#2172,#2173,#2580,.T.);
#1713=EDGE_CURVE('',#2173,#2174,#2581,.T.);
#1714=EDGE_CURVE('',#2174,#2175,#2582,.T.);
#1715=EDGE_CURVE('',#2175,#2176,#2583,.T.);
#1716=EDGE_CURVE('',#2176,#2171,#2584,.T.);
#1717=EDGE_CURVE('',#2177,#2171,#2585,.T.);
#1718=EDGE_CURVE('',#2177,#2178,#2586,.T.);
#1719=EDGE_CURVE('',#2178,#2172,#2587,.T.);
#1720=EDGE_CURVE('',#2178,#2179,#2588,.T.);
#1721=EDGE_CURVE('',#2179,#2173,#2589,.T.);
#1722=EDGE_CURVE('',#2179,#2180,#2590,.T.);
#1723=EDGE_CURVE('',#2180,#2174,#2591,.T.);
#1724=EDGE_CURVE('',#2180,#2181,#2592,.T.);
#1725=EDGE_CURVE('',#2181,#2175,#2593,.T.);
#1726=EDGE_CURVE('',#2181,#2182,#2594,.T.);
#1727=EDGE_CURVE('',#2182,#2176,#2595,.T.);
#1728=EDGE_CURVE('',#2182,#2177,#2596,.T.);
#1729=EDGE_CURVE('',#2181,#1926,#2597,.F.);
#1730=EDGE_CURVE('',#1927,#2180,#2598,.T.);
#1731=EDGE_CURVE('',#1922,#2179,#2599,.T.);
#1732=EDGE_CURVE('',#2182,#1925,#2600,.F.);
#1733=EDGE_CURVE('',#1923,#2178,#2601,.F.);
#1734=EDGE_CURVE('',#2177,#1924,#2602,.F.);
#1735=EDGE_CURVE('',#2183,#2183,#148,.F.);
#1736=EDGE_CURVE('',#2184,#2185,#2603,.T.);
#1737=EDGE_CURVE('',#2185,#2186,#149,.F.);
#1738=EDGE_CURVE('',#2186,#2187,#2604,.T.);
#1739=EDGE_CURVE('',#2187,#2188,#2605,.T.);
#1740=EDGE_CURVE('',#2188,#2189,#2606,.T.);
#1741=EDGE_CURVE('',#2189,#2190,#2607,.T.);
#1742=EDGE_CURVE('',#2190,#2184,#2608,.T.);
#1743=EDGE_CURVE('',#2191,#2188,#2609,.T.);
#1744=EDGE_CURVE('',#2191,#2192,#2610,.T.);
#1745=EDGE_CURVE('',#2192,#2189,#2611,.T.);
#1746=EDGE_CURVE('',#2192,#2193,#2612,.T.);
#1747=EDGE_CURVE('',#2193,#2190,#2613,.T.);
#1748=EDGE_CURVE('',#2193,#2194,#2614,.T.);
#1749=EDGE_CURVE('',#2194,#2184,#2615,.T.);
#1750=EDGE_CURVE('',#2194,#2195,#2616,.T.);
#1751=EDGE_CURVE('',#2195,#2185,#33,.T.);
#1752=EDGE_CURVE('',#2187,#2196,#2617,.T.);
#1753=EDGE_CURVE('',#2196,#2191,#2618,.T.);
#1754=EDGE_CURVE('',#1919,#2194,#2619,.T.);
#1755=EDGE_CURVE('',#2195,#1918,#34,.F.);
#1756=EDGE_CURVE('',#2186,#1966,#35,.F.);
#1757=EDGE_CURVE('',#1920,#2193,#2620,.T.);
#1758=EDGE_CURVE('',#2196,#1898,#2621,.T.);
#1759=EDGE_CURVE('',#1921,#2192,#2622,.F.);
#1760=EDGE_CURVE('',#2191,#1897,#2623,.F.);
#1761=EDGE_CURVE('',#2197,#2197,#150,.F.);
#1762=EDGE_CURVE('',#2198,#2199,#2624,.T.);
#1763=EDGE_CURVE('',#2199,#2200,#2625,.T.);
#1764=EDGE_CURVE('',#2200,#2201,#2626,.T.);
#1765=EDGE_CURVE('',#2201,#2202,#2627,.T.);
#1766=EDGE_CURVE('',#2202,#2203,#2628,.T.);
#1767=EDGE_CURVE('',#2203,#2198,#2629,.T.);
#1768=EDGE_CURVE('',#2204,#2198,#2630,.T.);
#1769=EDGE_CURVE('',#2204,#2205,#2631,.T.);
#1770=EDGE_CURVE('',#2205,#2199,#2632,.T.);
#1771=EDGE_CURVE('',#2205,#2206,#2633,.T.);
#1772=EDGE_CURVE('',#2206,#2200,#2634,.T.);
#1773=EDGE_CURVE('',#2206,#2207,#2635,.T.);
#1774=EDGE_CURVE('',#2207,#2201,#2636,.T.);
#1775=EDGE_CURVE('',#2207,#2208,#2637,.T.);
#1776=EDGE_CURVE('',#2208,#2202,#2638,.T.);
#1777=EDGE_CURVE('',#2208,#2209,#2639,.T.);
#1778=EDGE_CURVE('',#2209,#2203,#2640,.T.);
#1779=EDGE_CURVE('',#2209,#2204,#2641,.T.);
#1780=EDGE_CURVE('',#2208,#1895,#2642,.F.);
#1781=EDGE_CURVE('',#1896,#2207,#2643,.T.);
#1782=EDGE_CURVE('',#1891,#2206,#2644,.T.);
#1783=EDGE_CURVE('',#2209,#1894,#2645,.F.);
#1784=EDGE_CURVE('',#1892,#2205,#2646,.F.);
#1785=EDGE_CURVE('',#2204,#1893,#2647,.F.);
#1786=EDGE_CURVE('',#2210,#2210,#151,.F.);
#1787=EDGE_CURVE('',#2211,#2212,#2648,.T.);
#1788=EDGE_CURVE('',#2212,#2213,#2649,.T.);
#1789=EDGE_CURVE('',#2213,#2214,#2650,.T.);
#1790=EDGE_CURVE('',#2214,#2215,#2651,.T.);
#1791=EDGE_CURVE('',#2215,#2216,#2652,.T.);
#1792=EDGE_CURVE('',#2216,#2211,#2653,.T.);
#1793=EDGE_CURVE('',#2217,#2211,#2654,.T.);
#1794=EDGE_CURVE('',#2217,#2218,#2655,.T.);
#1795=EDGE_CURVE('',#2218,#2212,#2656,.T.);
#1796=EDGE_CURVE('',#2218,#2219,#2657,.T.);
#1797=EDGE_CURVE('',#2219,#2213,#2658,.T.);
#1798=EDGE_CURVE('',#2219,#2220,#2659,.T.);
#1799=EDGE_CURVE('',#2220,#2214,#2660,.T.);
#1800=EDGE_CURVE('',#2220,#2221,#2661,.T.);
#1801=EDGE_CURVE('',#2221,#2215,#2662,.T.);
#1802=EDGE_CURVE('',#2221,#2222,#2663,.T.);
#1803=EDGE_CURVE('',#2222,#2216,#2664,.T.);
#1804=EDGE_CURVE('',#2222,#2217,#2665,.T.);
#1805=EDGE_CURVE('',#2221,#1942,#2666,.F.);
#1806=EDGE_CURVE('',#1943,#2220,#2667,.T.);
#1807=EDGE_CURVE('',#1938,#2219,#2668,.T.);
#1808=EDGE_CURVE('',#2222,#1941,#2669,.F.);
#1809=EDGE_CURVE('',#1939,#2218,#2670,.F.);
#1810=EDGE_CURVE('',#2217,#1940,#2671,.F.);
#1811=EDGE_CURVE('',#2223,#2223,#152,.F.);
#1812=EDGE_CURVE('',#2224,#2225,#2672,.T.);
#1813=EDGE_CURVE('',#2225,#2226,#2673,.T.);
#1814=EDGE_CURVE('',#2226,#2227,#2674,.T.);
#1815=EDGE_CURVE('',#2227,#2228,#2675,.T.);
#1816=EDGE_CURVE('',#2228,#2229,#2676,.T.);
#1817=EDGE_CURVE('',#2229,#2224,#2677,.T.);
#1818=EDGE_CURVE('',#2230,#2224,#2678,.T.);
#1819=EDGE_CURVE('',#2230,#2231,#2679,.T.);
#1820=EDGE_CURVE('',#2231,#2225,#2680,.T.);
#1821=EDGE_CURVE('',#2231,#2232,#2681,.T.);
#1822=EDGE_CURVE('',#2232,#2226,#2682,.T.);
#1823=EDGE_CURVE('',#2232,#2233,#2683,.T.);
#1824=EDGE_CURVE('',#2233,#2227,#2684,.T.);
#1825=EDGE_CURVE('',#2233,#2234,#2685,.T.);
#1826=EDGE_CURVE('',#2234,#2228,#2686,.T.);
#1827=EDGE_CURVE('',#2234,#2235,#2687,.T.);
#1828=EDGE_CURVE('',#2235,#2229,#2688,.T.);
#1829=EDGE_CURVE('',#2235,#2230,#2689,.T.);
#1830=EDGE_CURVE('',#2234,#1889,#2690,.F.);
#1831=EDGE_CURVE('',#1890,#2233,#2691,.T.);
#1832=EDGE_CURVE('',#1885,#2232,#2692,.T.);
#1833=EDGE_CURVE('',#2235,#1888,#2693,.F.);
#1834=EDGE_CURVE('',#1886,#2231,#2694,.F.);
#1835=EDGE_CURVE('',#2230,#1887,#2695,.F.);
#1836=EDGE_CURVE('',#2236,#2236,#153,.F.);
#1837=EDGE_CURVE('',#2237,#2238,#2696,.T.);
#1838=EDGE_CURVE('',#2238,#2239,#2697,.T.);
#1839=EDGE_CURVE('',#2239,#2240,#2698,.T.);
#1840=EDGE_CURVE('',#2240,#2241,#2699,.T.);
#1841=EDGE_CURVE('',#2241,#2242,#2700,.T.);
#1842=EDGE_CURVE('',#2242,#2237,#2701,.T.);
#1843=EDGE_CURVE('',#2243,#2237,#2702,.T.);
#1844=EDGE_CURVE('',#2243,#2244,#2703,.T.);
#1845=EDGE_CURVE('',#2244,#2238,#2704,.T.);
#1846=EDGE_CURVE('',#2244,#2245,#2705,.T.);
#1847=EDGE_CURVE('',#2245,#2239,#2706,.T.);
#1848=EDGE_CURVE('',#2245,#2246,#2707,.T.);
#1849=EDGE_CURVE('',#2246,#2240,#2708,.T.);
#1850=EDGE_CURVE('',#2246,#2247,#2709,.T.);
#1851=EDGE_CURVE('',#2247,#2241,#2710,.T.);
#1852=EDGE_CURVE('',#2247,#2248,#2711,.T.);
#1853=EDGE_CURVE('',#2248,#2242,#2712,.T.);
#1854=EDGE_CURVE('',#2248,#2243,#2713,.T.);
#1855=EDGE_CURVE('',#2247,#1948,#2714,.F.);
#1856=EDGE_CURVE('',#1949,#2246,#2715,.T.);
#1857=EDGE_CURVE('',#1944,#2245,#2716,.T.);
#1858=EDGE_CURVE('',#2248,#1947,#2717,.F.);
#1859=EDGE_CURVE('',#1945,#2244,#2718,.F.);
#1860=EDGE_CURVE('',#2243,#1946,#2719,.F.);
#1861=EDGE_CURVE('',#2249,#2249,#154,.F.);
#1862=EDGE_CURVE('',#2250,#2250,#155,.F.);
#1863=EDGE_CURVE('',#2251,#2251,#156,.F.);
#1864=EDGE_CURVE('',#2252,#2253,#2720,.T.);
#1865=EDGE_CURVE('',#2254,#2252,#157,.F.);
#1866=EDGE_CURVE('',#2255,#2254,#2721,.T.);
#1867=EDGE_CURVE('',#2256,#2255,#158,.F.);
#1868=EDGE_CURVE('',#2257,#2256,#2722,.T.);
#1869=EDGE_CURVE('',#2258,#2257,#159,.F.);
#1870=EDGE_CURVE('',#2259,#2258,#2723,.T.);
#1871=EDGE_CURVE('',#2253,#2259,#160,.F.);
#1872=EDGE_CURVE('',#2260,#2260,#161,.F.);
#1873=EDGE_CURVE('',#2259,#1952,#2724,.T.);
#1874=EDGE_CURVE('',#2253,#1950,#2725,.T.);
#1875=EDGE_CURVE('',#2258,#1953,#2726,.T.);
#1876=EDGE_CURVE('',#2257,#1954,#2727,.T.);
#1877=EDGE_CURVE('',#2256,#1955,#2728,.T.);
#1878=EDGE_CURVE('',#2255,#1956,#2729,.T.);
#1879=EDGE_CURVE('',#2254,#1957,#2730,.T.);
#1880=EDGE_CURVE('',#2252,#1951,#2731,.T.);
#1881=EDGE_CURVE('',#2261,#2261,#162,.T.);
#1882=EDGE_CURVE('',#2262,#2262,#163,.T.);
#1883=EDGE_CURVE('',#2263,#2263,#164,.T.);
#1884=EDGE_CURVE('',#2264,#2264,#165,.T.);
#1885=VERTEX_POINT('',#5711);
#1886=VERTEX_POINT('',#5712);
#1887=VERTEX_POINT('',#5714);
#1888=VERTEX_POINT('',#5716);
#1889=VERTEX_POINT('',#5718);
#1890=VERTEX_POINT('',#5720);
#1891=VERTEX_POINT('',#5723);
#1892=VERTEX_POINT('',#5724);
#1893=VERTEX_POINT('',#5726);
#1894=VERTEX_POINT('',#5728);
#1895=VERTEX_POINT('',#5730);
#1896=VERTEX_POINT('',#5732);
#1897=VERTEX_POINT('',#5735);
#1898=VERTEX_POINT('',#5736);
#1899=VERTEX_POINT('',#5738);
#1900=VERTEX_POINT('',#5740);
#1901=VERTEX_POINT('',#5742);
#1902=VERTEX_POINT('',#5744);
#1903=VERTEX_POINT('',#5746);
#1904=VERTEX_POINT('',#5748);
#1905=VERTEX_POINT('',#5750);
#1906=VERTEX_POINT('',#5752);
#1907=VERTEX_POINT('',#5754);
#1908=VERTEX_POINT('',#5756);
#1909=VERTEX_POINT('',#5758);
#1910=VERTEX_POINT('',#5760);
#1911=VERTEX_POINT('',#5762);
#1912=VERTEX_POINT('',#5764);
#1913=VERTEX_POINT('',#5766);
#1914=VERTEX_POINT('',#5768);
#1915=VERTEX_POINT('',#5770);
#1916=VERTEX_POINT('',#5772);
#1917=VERTEX_POINT('',#5774);
#1918=VERTEX_POINT('',#5776);
#1919=VERTEX_POINT('',#5778);
#1920=VERTEX_POINT('',#5780);
#1921=VERTEX_POINT('',#5782);
#1922=VERTEX_POINT('',#5785);
#1923=VERTEX_POINT('',#5786);
#1924=VERTEX_POINT('',#5788);
#1925=VERTEX_POINT('',#5790);
#1926=VERTEX_POINT('',#5792);
#1927=VERTEX_POINT('',#5794);
#1928=VERTEX_POINT('',#5797);
#1929=VERTEX_POINT('',#5798);
#1930=VERTEX_POINT('',#5800);
#1931=VERTEX_POINT('',#5802);
#1932=VERTEX_POINT('',#5805);
#1933=VERTEX_POINT('',#5806);
#1934=VERTEX_POINT('',#5808);
#1935=VERTEX_POINT('',#5810);
#1936=VERTEX_POINT('',#5812);
#1937=VERTEX_POINT('',#5814);
#1938=VERTEX_POINT('',#5817);
#1939=VERTEX_POINT('',#5818);
#1940=VERTEX_POINT('',#5820);
#1941=VERTEX_POINT('',#5822);
#1942=VERTEX_POINT('',#5824);
#1943=VERTEX_POINT('',#5826);
#1944=VERTEX_POINT('',#5829);
#1945=VERTEX_POINT('',#5830);
#1946=VERTEX_POINT('',#5832);
#1947=VERTEX_POINT('',#5834);
#1948=VERTEX_POINT('',#5836);
#1949=VERTEX_POINT('',#5838);
#1950=VERTEX_POINT('',#5841);
#1951=VERTEX_POINT('',#5842);
#1952=VERTEX_POINT('',#5844);
#1953=VERTEX_POINT('',#5846);
#1954=VERTEX_POINT('',#5848);
#1955=VERTEX_POINT('',#5850);
#1956=VERTEX_POINT('',#5852);
#1957=VERTEX_POINT('',#5854);
#1958=VERTEX_POINT('',#5858);
#1959=VERTEX_POINT('',#5860);
#1960=VERTEX_POINT('',#5863);
#1961=VERTEX_POINT('',#5865);
#1962=VERTEX_POINT('',#5868);
#1963=VERTEX_POINT('',#5870);
#1964=VERTEX_POINT('',#5873);
#1965=VERTEX_POINT('',#5875);
#1966=VERTEX_POINT('',#5878);
#1967=VERTEX_POINT('',#5880);
#1968=VERTEX_POINT('',#5882);
#1969=VERTEX_POINT('',#5884);
#1970=VERTEX_POINT('',#5886);
#1971=VERTEX_POINT('',#5888);
#1972=VERTEX_POINT('',#5890);
#1973=VERTEX_POINT('',#5892);
#1974=VERTEX_POINT('',#5895);
#1975=VERTEX_POINT('',#5897);
#1976=VERTEX_POINT('',#5899);
#1977=VERTEX_POINT('',#5901);
#1978=VERTEX_POINT('',#5905);
#1979=VERTEX_POINT('',#5907);
#1980=VERTEX_POINT('',#5910);
#1981=VERTEX_POINT('',#5912);
#1982=VERTEX_POINT('',#5915);
#1983=VERTEX_POINT('',#5917);
#1984=VERTEX_POINT('',#5920);
#1985=VERTEX_POINT('',#5922);
#1986=VERTEX_POINT('',#5925);
#1987=VERTEX_POINT('',#5927);
#1988=VERTEX_POINT('',#5930);
#1989=VERTEX_POINT('',#5931);
#1990=VERTEX_POINT('',#5934);
#1991=VERTEX_POINT('',#5936);
#1992=VERTEX_POINT('',#5938);
#1993=VERTEX_POINT('',#5942);
#1994=VERTEX_POINT('',#5943);
#1995=VERTEX_POINT('',#5945);
#1996=VERTEX_POINT('',#5948);
#1997=VERTEX_POINT('',#5950);
#1998=VERTEX_POINT('',#5954);
#1999=VERTEX_POINT('',#5955);
#2000=VERTEX_POINT('',#5957);
#2001=VERTEX_POINT('',#5959);
#2002=VERTEX_POINT('',#5961);
#2003=VERTEX_POINT('',#5967);
#2004=VERTEX_POINT('',#5969);
#2005=VERTEX_POINT('',#5973);
#2006=VERTEX_POINT('',#5975);
#2007=VERTEX_POINT('',#5978);
#2008=VERTEX_POINT('',#5979);
#2009=VERTEX_POINT('',#5981);
#2010=VERTEX_POINT('',#5983);
#2011=VERTEX_POINT('',#5985);
#2012=VERTEX_POINT('',#5987);
#2013=VERTEX_POINT('',#5990);
#2014=VERTEX_POINT('',#5991);
#2015=VERTEX_POINT('',#5993);
#2016=VERTEX_POINT('',#5995);
#2017=VERTEX_POINT('',#5999);
#2018=VERTEX_POINT('',#6001);
#2019=VERTEX_POINT('',#6004);
#2020=VERTEX_POINT('',#6005);
#2021=VERTEX_POINT('',#6007);
#2022=VERTEX_POINT('',#6009);
#2023=VERTEX_POINT('',#6013);
#2024=VERTEX_POINT('',#6015);
#2025=VERTEX_POINT('',#6016);
#2026=VERTEX_POINT('',#6018);
#2027=VERTEX_POINT('',#6020);
#2028=VERTEX_POINT('',#6022);
#2029=VERTEX_POINT('',#6024);
#2030=VERTEX_POINT('',#6029);
#2031=VERTEX_POINT('',#6031);
#2032=VERTEX_POINT('',#6036);
#2033=VERTEX_POINT('',#6038);
#2034=VERTEX_POINT('',#6041);
#2035=VERTEX_POINT('',#6043);
#2036=VERTEX_POINT('',#6045);
#2037=VERTEX_POINT('',#6047);
#2038=VERTEX_POINT('',#6049);
#2039=VERTEX_POINT('',#6051);
#2040=VERTEX_POINT('',#6053);
#2041=VERTEX_POINT('',#6055);
#2042=VERTEX_POINT('',#6057);
#2043=VERTEX_POINT('',#6059);
#2044=VERTEX_POINT('',#6061);
#2045=VERTEX_POINT('',#6063);
#2046=VERTEX_POINT('',#6065);
#2047=VERTEX_POINT('',#6067);
#2048=VERTEX_POINT('',#6069);
#2049=VERTEX_POINT('',#6071);
#2050=VERTEX_POINT('',#6075);
#2051=VERTEX_POINT('',#6077);
#2052=VERTEX_POINT('',#6078);
#2053=VERTEX_POINT('',#6080);
#2054=VERTEX_POINT('',#6082);
#2055=VERTEX_POINT('',#6084);
#2056=VERTEX_POINT('',#6086);
#2057=VERTEX_POINT('',#6088);
#2058=VERTEX_POINT('',#6090);
#2059=VERTEX_POINT('',#6092);
#2060=VERTEX_POINT('',#6094);
#2061=VERTEX_POINT('',#6096);
#2062=VERTEX_POINT('',#6098);
#2063=VERTEX_POINT('',#6100);
#2064=VERTEX_POINT('',#6102);
#2065=VERTEX_POINT('',#6104);
#2066=VERTEX_POINT('',#6106);
#2067=VERTEX_POINT('',#6108);
#2068=VERTEX_POINT('',#6110);
#2069=VERTEX_POINT('',#6113);
#2070=VERTEX_POINT('',#6115);
#2071=VERTEX_POINT('',#6117);
#2072=VERTEX_POINT('',#6119);
#2073=VERTEX_POINT('',#6121);
#2074=VERTEX_POINT('',#6123);
#2075=VERTEX_POINT('',#6125);
#2076=VERTEX_POINT('',#6127);
#2077=VERTEX_POINT('',#6129);
#2078=VERTEX_POINT('',#6131);
#2079=VERTEX_POINT('',#6133);
#2080=VERTEX_POINT('',#6138);
#2081=VERTEX_POINT('',#6140);
#2082=VERTEX_POINT('',#6145);
#2083=VERTEX_POINT('',#6147);
#2084=VERTEX_POINT('',#6149);
#2085=VERTEX_POINT('',#6154);
#2086=VERTEX_POINT('',#6161);
#2087=VERTEX_POINT('',#6162);
#2088=VERTEX_POINT('',#6165);
#2089=VERTEX_POINT('',#6167);
#2090=VERTEX_POINT('',#6169);
#2091=VERTEX_POINT('',#6171);
#2092=VERTEX_POINT('',#6173);
#2093=VERTEX_POINT('',#6175);
#2094=VERTEX_POINT('',#6177);
#2095=VERTEX_POINT('',#6244);
#2096=VERTEX_POINT('',#6246);
#2097=VERTEX_POINT('',#6252);
#2098=VERTEX_POINT('',#6253);
#2099=VERTEX_POINT('',#6276);
#2100=VERTEX_POINT('',#6279);
#2101=VERTEX_POINT('',#6295);
#2102=VERTEX_POINT('',#6296);
#2103=VERTEX_POINT('',#6298);
#2104=VERTEX_POINT('',#6300);
#2105=VERTEX_POINT('',#6302);
#2106=VERTEX_POINT('',#6304);
#2107=VERTEX_POINT('',#6308);
#2108=VERTEX_POINT('',#6309);
#2109=VERTEX_POINT('',#6311);
#2110=VERTEX_POINT('',#6313);
#2111=VERTEX_POINT('',#6315);
#2112=VERTEX_POINT('',#6317);
#2113=VERTEX_POINT('',#6321);
#2114=VERTEX_POINT('',#6322);
#2115=VERTEX_POINT('',#6324);
#2116=VERTEX_POINT('',#6326);
#2117=VERTEX_POINT('',#6330);
#2118=VERTEX_POINT('',#6332);
#2119=VERTEX_POINT('',#6336);
#2120=VERTEX_POINT('',#6338);
#2121=VERTEX_POINT('',#6342);
#2122=VERTEX_POINT('',#6344);
#2123=VERTEX_POINT('',#6348);
#2124=VERTEX_POINT('',#6350);
#2125=VERTEX_POINT('',#6357);
#2126=VERTEX_POINT('',#6373);
#2127=VERTEX_POINT('',#6374);
#2128=VERTEX_POINT('',#6376);
#2129=VERTEX_POINT('',#6378);
#2130=VERTEX_POINT('',#6380);
#2131=VERTEX_POINT('',#6382);
#2132=VERTEX_POINT('',#6386);
#2133=VERTEX_POINT('',#6387);
#2134=VERTEX_POINT('',#6390);
#2135=VERTEX_POINT('',#6392);
#2136=VERTEX_POINT('',#6396);
#2137=VERTEX_POINT('',#6398);
#2138=VERTEX_POINT('',#6402);
#2139=VERTEX_POINT('',#6407);
#2140=VERTEX_POINT('',#6411);
#2141=VERTEX_POINT('',#6412);
#2142=VERTEX_POINT('',#6417);
#2143=VERTEX_POINT('',#6419);
#2144=VERTEX_POINT('',#6435);
#2145=VERTEX_POINT('',#6455);
#2146=VERTEX_POINT('',#6456);
#2147=VERTEX_POINT('',#6458);
#2148=VERTEX_POINT('',#6460);
#2149=VERTEX_POINT('',#6462);
#2150=VERTEX_POINT('',#6464);
#2151=VERTEX_POINT('',#6480);
#2152=VERTEX_POINT('',#6481);
#2153=VERTEX_POINT('',#6483);
#2154=VERTEX_POINT('',#6485);
#2155=VERTEX_POINT('',#6487);
#2156=VERTEX_POINT('',#6489);
#2157=VERTEX_POINT('',#6509);
#2158=VERTEX_POINT('',#6511);
#2159=VERTEX_POINT('',#6512);
#2160=VERTEX_POINT('',#6514);
#2161=VERTEX_POINT('',#6516);
#2162=VERTEX_POINT('',#6518);
#2163=VERTEX_POINT('',#6520);
#2164=VERTEX_POINT('',#6524);
#2165=VERTEX_POINT('',#6526);
#2166=VERTEX_POINT('',#6530);
#2167=VERTEX_POINT('',#6534);
#2168=VERTEX_POINT('',#6538);
#2169=VERTEX_POINT('',#6542);
#2170=VERTEX_POINT('',#6561);
#2171=VERTEX_POINT('',#6563);
#2172=VERTEX_POINT('',#6564);
#2173=VERTEX_POINT('',#6566);
#2174=VERTEX_POINT('',#6568);
#2175=VERTEX_POINT('',#6570);
#2176=VERTEX_POINT('',#6572);
#2177=VERTEX_POINT('',#6576);
#2178=VERTEX_POINT('',#6578);
#2179=VERTEX_POINT('',#6582);
#2180=VERTEX_POINT('',#6586);
#2181=VERTEX_POINT('',#6590);
#2182=VERTEX_POINT('',#6594);
#2183=VERTEX_POINT('',#6613);
#2184=VERTEX_POINT('',#6615);
#2185=VERTEX_POINT('',#6616);
#2186=VERTEX_POINT('',#6618);
#2187=VERTEX_POINT('',#6620);
#2188=VERTEX_POINT('',#6622);
#2189=VERTEX_POINT('',#6624);
#2190=VERTEX_POINT('',#6626);
#2191=VERTEX_POINT('',#6630);
#2192=VERTEX_POINT('',#6632);
#2193=VERTEX_POINT('',#6636);
#2194=VERTEX_POINT('',#6640);
#2195=VERTEX_POINT('',#6644);
#2196=VERTEX_POINT('',#6651);
#2197=VERTEX_POINT('',#6676);
#2198=VERTEX_POINT('',#6678);
#2199=VERTEX_POINT('',#6679);
#2200=VERTEX_POINT('',#6681);
#2201=VERTEX_POINT('',#6683);
#2202=VERTEX_POINT('',#6685);
#2203=VERTEX_POINT('',#6687);
#2204=VERTEX_POINT('',#6691);
#2205=VERTEX_POINT('',#6693);
#2206=VERTEX_POINT('',#6697);
#2207=VERTEX_POINT('',#6701);
#2208=VERTEX_POINT('',#6705);
#2209=VERTEX_POINT('',#6709);
#2210=VERTEX_POINT('',#6728);
#2211=VERTEX_POINT('',#6730);
#2212=VERTEX_POINT('',#6731);
#2213=VERTEX_POINT('',#6733);
#2214=VERTEX_POINT('',#6735);
#2215=VERTEX_POINT('',#6737);
#2216=VERTEX_POINT('',#6739);
#2217=VERTEX_POINT('',#6743);
#2218=VERTEX_POINT('',#6745);
#2219=VERTEX_POINT('',#6749);
#2220=VERTEX_POINT('',#6753);
#2221=VERTEX_POINT('',#6757);
#2222=VERTEX_POINT('',#6761);
#2223=VERTEX_POINT('',#6780);
#2224=VERTEX_POINT('',#6782);
#2225=VERTEX_POINT('',#6783);
#2226=VERTEX_POINT('',#6785);
#2227=VERTEX_POINT('',#6787);
#2228=VERTEX_POINT('',#6789);
#2229=VERTEX_POINT('',#6791);
#2230=VERTEX_POINT('',#6795);
#2231=VERTEX_POINT('',#6797);
#2232=VERTEX_POINT('',#6801);
#2233=VERTEX_POINT('',#6805);
#2234=VERTEX_POINT('',#6809);
#2235=VERTEX_POINT('',#6813);
#2236=VERTEX_POINT('',#6832);
#2237=VERTEX_POINT('',#6834);
#2238=VERTEX_POINT('',#6835);
#2239=VERTEX_POINT('',#6837);
#2240=VERTEX_POINT('',#6839);
#2241=VERTEX_POINT('',#6841);
#2242=VERTEX_POINT('',#6843);
#2243=VERTEX_POINT('',#6847);
#2244=VERTEX_POINT('',#6849);
#2245=VERTEX_POINT('',#6853);
#2246=VERTEX_POINT('',#6857);
#2247=VERTEX_POINT('',#6861);
#2248=VERTEX_POINT('',#6865);
#2249=VERTEX_POINT('',#6884);
#2250=VERTEX_POINT('',#6886);
#2251=VERTEX_POINT('',#6888);
#2252=VERTEX_POINT('',#6890);
#2253=VERTEX_POINT('',#6891);
#2254=VERTEX_POINT('',#6893);
#2255=VERTEX_POINT('',#6895);
#2256=VERTEX_POINT('',#6897);
#2257=VERTEX_POINT('',#6899);
#2258=VERTEX_POINT('',#6901);
#2259=VERTEX_POINT('',#6903);
#2260=VERTEX_POINT('',#6906);
#2261=VERTEX_POINT('',#6925);
#2262=VERTEX_POINT('',#6929);
#2263=VERTEX_POINT('',#6933);
#2264=VERTEX_POINT('',#6937);
#2265=LINE('',#5710,#2732);
#2266=LINE('',#5713,#2733);
#2267=LINE('',#5715,#2734);
#2268=LINE('',#5717,#2735);
#2269=LINE('',#5719,#2736);
#2270=LINE('',#5721,#2737);
#2271=LINE('',#5722,#2738);
#2272=LINE('',#5725,#2739);
#2273=LINE('',#5727,#2740);
#2274=LINE('',#5729,#2741);
#2275=LINE('',#5731,#2742);
#2276=LINE('',#5733,#2743);
#2277=LINE('',#5734,#2744);
#2278=LINE('',#5737,#2745);
#2279=LINE('',#5741,#2746);
#2280=LINE('',#5743,#2747);
#2281=LINE('',#5745,#2748);
#2282=LINE('',#5747,#2749);
#2283=LINE('',#5749,#2750);
#2284=LINE('',#5751,#2751);
#2285=LINE('',#5753,#2752);
#2286=LINE('',#5757,#2753);
#2287=LINE('',#5759,#2754);
#2288=LINE('',#5761,#2755);
#2289=LINE('',#5763,#2756);
#2290=LINE('',#5765,#2757);
#2291=LINE('',#5767,#2758);
#2292=LINE('',#5769,#2759);
#2293=LINE('',#5771,#2760);
#2294=LINE('',#5773,#2761);
#2295=LINE('',#5777,#2762);
#2296=LINE('',#5779,#2763);
#2297=LINE('',#5781,#2764);
#2298=LINE('',#5783,#2765);
#2299=LINE('',#5784,#2766);
#2300=LINE('',#5787,#2767);
#2301=LINE('',#5789,#2768);
#2302=LINE('',#5791,#2769);
#2303=LINE('',#5793,#2770);
#2304=LINE('',#5795,#2771);
#2305=LINE('',#5796,#2772);
#2306=LINE('',#5799,#2773);
#2307=LINE('',#5801,#2774);
#2308=LINE('',#5803,#2775);
#2309=LINE('',#5804,#2776);
#2310=LINE('',#5807,#2777);
#2311=LINE('',#5809,#2778);
#2312=LINE('',#5811,#2779);
#2313=LINE('',#5813,#2780);
#2314=LINE('',#5815,#2781);
#2315=LINE('',#5816,#2782);
#2316=LINE('',#5819,#2783);
#2317=LINE('',#5821,#2784);
#2318=LINE('',#5823,#2785);
#2319=LINE('',#5825,#2786);
#2320=LINE('',#5827,#2787);
#2321=LINE('',#5828,#2788);
#2322=LINE('',#5831,#2789);
#2323=LINE('',#5833,#2790);
#2324=LINE('',#5835,#2791);
#2325=LINE('',#5837,#2792);
#2326=LINE('',#5839,#2793);
#2327=LINE('',#5840,#2794);
#2328=LINE('',#5845,#2795);
#2329=LINE('',#5849,#2796);
#2330=LINE('',#5853,#2797);
#2331=LINE('',#5877,#2798);
#2332=LINE('',#5881,#2799);
#2333=LINE('',#5885,#2800);
#2334=LINE('',#5889,#2801);
#2335=LINE('',#5893,#2802);
#2336=LINE('',#5894,#2803);
#2337=LINE('',#5898,#2804);
#2338=LINE('',#5902,#2805);
#2339=LINE('',#5929,#2806);
#2340=LINE('',#5932,#2807);
#2341=LINE('',#5933,#2808);
#2342=LINE('',#5935,#2809);
#2343=LINE('',#5937,#2810);
#2344=LINE('',#5939,#2811);
#2345=LINE('',#5941,#2812);
#2346=LINE('',#5944,#2813);
#2347=LINE('',#5946,#2814);
#2348=LINE('',#5947,#2815);
#2349=LINE('',#5949,#2816);
#2350=LINE('',#5951,#2817);
#2351=LINE('',#5953,#2818);
#2352=LINE('',#5956,#2819);
#2353=LINE('',#5960,#2820);
#2354=LINE('',#5962,#2821);
#2355=LINE('',#5963,#2822);
#2356=LINE('',#5965,#2823);
#2357=LINE('',#5966,#2824);
#2358=LINE('',#5968,#2825);
#2359=LINE('',#5970,#2826);
#2360=LINE('',#5977,#2827);
#2361=LINE('',#5980,#2828);
#2362=LINE('',#5982,#2829);
#2363=LINE('',#5984,#2830);
#2364=LINE('',#5986,#2831);
#2365=LINE('',#5988,#2832);
#2366=LINE('',#5989,#2833);
#2367=LINE('',#5992,#2834);
#2368=LINE('',#5994,#2835);
#2369=LINE('',#5996,#2836);
#2370=LINE('',#6006,#2837);
#2371=LINE('',#6010,#2838);
#2372=LINE('',#6014,#2839);
#2373=LINE('',#6017,#2840);
#2374=LINE('',#6019,#2841);
#2375=LINE('',#6021,#2842);
#2376=LINE('',#6023,#2843);
#2377=LINE('',#6030,#2844);
#2378=LINE('',#6037,#2845);
#2379=LINE('',#6039,#2846);
#2380=LINE('',#6040,#2847);
#2381=LINE('',#6042,#2848);
#2382=LINE('',#6044,#2849);
#2383=LINE('',#6046,#2850);
#2384=LINE('',#6048,#2851);
#2385=LINE('',#6050,#2852);
#2386=LINE('',#6052,#2853);
#2387=LINE('',#6054,#2854);
#2388=LINE('',#6056,#2855);
#2389=LINE('',#6058,#2856);
#2390=LINE('',#6060,#2857);
#2391=LINE('',#6062,#2858);
#2392=LINE('',#6064,#2859);
#2393=LINE('',#6066,#2860);
#2394=LINE('',#6068,#2861);
#2395=LINE('',#6070,#2862);
#2396=LINE('',#6072,#2863);
#2397=LINE('',#6076,#2864);
#2398=LINE('',#6079,#2865);
#2399=LINE('',#6081,#2866);
#2400=LINE('',#6083,#2867);
#2401=LINE('',#6085,#2868);
#2402=LINE('',#6087,#2869);
#2403=LINE('',#6089,#2870);
#2404=LINE('',#6091,#2871);
#2405=LINE('',#6093,#2872);
#2406=LINE('',#6095,#2873);
#2407=LINE('',#6097,#2874);
#2408=LINE('',#6099,#2875);
#2409=LINE('',#6101,#2876);
#2410=LINE('',#6103,#2877);
#2411=LINE('',#6105,#2878);
#2412=LINE('',#6107,#2879);
#2413=LINE('',#6109,#2880);
#2414=LINE('',#6111,#2881);
#2415=LINE('',#6112,#2882);
#2416=LINE('',#6114,#2883);
#2417=LINE('',#6116,#2884);
#2418=LINE('',#6118,#2885);
#2419=LINE('',#6120,#2886);
#2420=LINE('',#6122,#2887);
#2421=LINE('',#6124,#2888);
#2422=LINE('',#6126,#2889);
#2423=LINE('',#6128,#2890);
#2424=LINE('',#6130,#2891);
#2425=LINE('',#6132,#2892);
#2426=LINE('',#6139,#2893);
#2427=LINE('',#6146,#2894);
#2428=LINE('',#6148,#2895);
#2429=LINE('',#6155,#2896);
#2430=LINE('',#6157,#2897);
#2431=LINE('',#6158,#2898);
#2432=LINE('',#6160,#2899);
#2433=LINE('',#6163,#2900);
#2434=LINE('',#6164,#2901);
#2435=LINE('',#6166,#2902);
#2436=LINE('',#6168,#2903);
#2437=LINE('',#6170,#2904);
#2438=LINE('',#6172,#2905);
#2439=LINE('',#6174,#2906);
#2440=LINE('',#6176,#2907);
#2441=LINE('',#6178,#2908);
#2442=LINE('',#6180,#2909);
#2443=LINE('',#6181,#2910);
#2444=LINE('',#6189,#2911);
#2445=LINE('',#6191,#2912);
#2446=LINE('',#6208,#2913);
#2447=LINE('',#6212,#2914);
#2448=LINE('',#6243,#2915);
#2449=LINE('',#6245,#2916);
#2450=LINE('',#6247,#2917);
#2451=LINE('',#6249,#2918);
#2452=LINE('',#6251,#2919);
#2453=LINE('',#6254,#2920);
#2454=LINE('',#6255,#2921);
#2455=LINE('',#6257,#2922);
#2456=LINE('',#6259,#2923);
#2457=LINE('',#6265,#2924);
#2458=LINE('',#6268,#2925);
#2459=LINE('',#6269,#2926);
#2460=LINE('',#6271,#2927);
#2461=LINE('',#6273,#2928);
#2462=LINE('',#6281,#2929);
#2463=LINE('',#6294,#2930);
#2464=LINE('',#6297,#2931);
#2465=LINE('',#6299,#2932);
#2466=LINE('',#6301,#2933);
#2467=LINE('',#6303,#2934);
#2468=LINE('',#6305,#2935);
#2469=LINE('',#6307,#2936);
#2470=LINE('',#6310,#2937);
#2471=LINE('',#6312,#2938);
#2472=LINE('',#6314,#2939);
#2473=LINE('',#6316,#2940);
#2474=LINE('',#6318,#2941);
#2475=LINE('',#6320,#2942);
#2476=LINE('',#6323,#2943);
#2477=LINE('',#6325,#2944);
#2478=LINE('',#6327,#2945);
#2479=LINE('',#6329,#2946);
#2480=LINE('',#6331,#2947);
#2481=LINE('',#6333,#2948);
#2482=LINE('',#6335,#2949);
#2483=LINE('',#6337,#2950);
#2484=LINE('',#6339,#2951);
#2485=LINE('',#6341,#2952);
#2486=LINE('',#6343,#2953);
#2487=LINE('',#6345,#2954);
#2488=LINE('',#6347,#2955);
#2489=LINE('',#6349,#2956);
#2490=LINE('',#6351,#2957);
#2491=LINE('',#6353,#2958);
#2492=LINE('',#6354,#2959);
#2493=LINE('',#6359,#2960);
#2494=LINE('',#6360,#2961);
#2495=LINE('',#6362,#2962);
#2496=LINE('',#6364,#2963);
#2497=LINE('',#6366,#2964);
#2498=LINE('',#6368,#2965);
#2499=LINE('',#6372,#2966);
#2500=LINE('',#6375,#2967);
#2501=LINE('',#6377,#2968);
#2502=LINE('',#6379,#2969);
#2503=LINE('',#6381,#2970);
#2504=LINE('',#6383,#2971);
#2505=LINE('',#6385,#2972);
#2506=LINE('',#6388,#2973);
#2507=LINE('',#6389,#2974);
#2508=LINE('',#6391,#2975);
#2509=LINE('',#6393,#2976);
#2510=LINE('',#6395,#2977);
#2511=LINE('',#6397,#2978);
#2512=LINE('',#6399,#2979);
#2513=LINE('',#6401,#2980);
#2514=LINE('',#6408,#2981);
#2515=LINE('',#6410,#2982);
#2516=LINE('',#6413,#2983);
#2517=LINE('',#6414,#2984);
#2518=LINE('',#6418,#2985);
#2519=LINE('',#6422,#2986);
#2520=LINE('',#6423,#2987);
#2521=LINE('',#6425,#2988);
#2522=LINE('',#6427,#2989);
#2523=LINE('',#6434,#2990);
#2524=LINE('',#6436,#2991);
#2525=LINE('',#6443,#2992);
#2526=LINE('',#6444,#2993);
#2527=LINE('',#6446,#2994);
#2528=LINE('',#6448,#2995);
#2529=LINE('',#6450,#2996);
#2530=LINE('',#6454,#2997);
#2531=LINE('',#6457,#2998);
#2532=LINE('',#6459,#2999);
#2533=LINE('',#6461,#3000);
#2534=LINE('',#6463,#3001);
#2535=LINE('',#6465,#3002);
#2536=LINE('',#6467,#3003);
#2537=LINE('',#6468,#3004);
#2538=LINE('',#6470,#3005);
#2539=LINE('',#6472,#3006);
#2540=LINE('',#6474,#3007);
#2541=LINE('',#6476,#3008);
#2542=LINE('',#6479,#3009);
#2543=LINE('',#6482,#3010);
#2544=LINE('',#6484,#3011);
#2545=LINE('',#6486,#3012);
#2546=LINE('',#6488,#3013);
#2547=LINE('',#6490,#3014);
#2548=LINE('',#6492,#3015);
#2549=LINE('',#6493,#3016);
#2550=LINE('',#6495,#3017);
#2551=LINE('',#6497,#3018);
#2552=LINE('',#6499,#3019);
#2553=LINE('',#6501,#3020);
#2554=LINE('',#6505,#3021);
#2555=LINE('',#6510,#3022);
#2556=LINE('',#6513,#3023);
#2557=LINE('',#6515,#3024);
#2558=LINE('',#6517,#3025);
#2559=LINE('',#6519,#3026);
#2560=LINE('',#6521,#3027);
#2561=LINE('',#6523,#3028);
#2562=LINE('',#6525,#3029);
#2563=LINE('',#6527,#3030);
#2564=LINE('',#6529,#3031);
#2565=LINE('',#6531,#3032);
#2566=LINE('',#6533,#3033);
#2567=LINE('',#6535,#3034);
#2568=LINE('',#6537,#3035);
#2569=LINE('',#6539,#3036);
#2570=LINE('',#6541,#3037);
#2571=LINE('',#6543,#3038);
#2572=LINE('',#6545,#3039);
#2573=LINE('',#6547,#3040);
#2574=LINE('',#6548,#3041);
#2575=LINE('',#6550,#3042);
#2576=LINE('',#6552,#3043);
#2577=LINE('',#6554,#3044);
#2578=LINE('',#6556,#3045);
#2579=LINE('',#6562,#3046);
#2580=LINE('',#6565,#3047);
#2581=LINE('',#6567,#3048);
#2582=LINE('',#6569,#3049);
#2583=LINE('',#6571,#3050);
#2584=LINE('',#6573,#3051);
#2585=LINE('',#6575,#3052);
#2586=LINE('',#6577,#3053);
#2587=LINE('',#6579,#3054);
#2588=LINE('',#6581,#3055);
#2589=LINE('',#6583,#3056);
#2590=LINE('',#6585,#3057);
#2591=LINE('',#6587,#3058);
#2592=LINE('',#6589,#3059);
#2593=LINE('',#6591,#3060);
#2594=LINE('',#6593,#3061);
#2595=LINE('',#6595,#3062);
#2596=LINE('',#6597,#3063);
#2597=LINE('',#6599,#3064);
#2598=LINE('',#6600,#3065);
#2599=LINE('',#6602,#3066);
#2600=LINE('',#6604,#3067);
#2601=LINE('',#6606,#3068);
#2602=LINE('',#6608,#3069);
#2603=LINE('',#6614,#3070);
#2604=LINE('',#6619,#3071);
#2605=LINE('',#6621,#3072);
#2606=LINE('',#6623,#3073);
#2607=LINE('',#6625,#3074);
#2608=LINE('',#6627,#3075);
#2609=LINE('',#6629,#3076);
#2610=LINE('',#6631,#3077);
#2611=LINE('',#6633,#3078);
#2612=LINE('',#6635,#3079);
#2613=LINE('',#6637,#3080);
#2614=LINE('',#6639,#3081);
#2615=LINE('',#6641,#3082);
#2616=LINE('',#6643,#3083);
#2617=LINE('',#6650,#3084);
#2618=LINE('',#6652,#3085);
#2619=LINE('',#6654,#3086);
#2620=LINE('',#6665,#3087);
#2621=LINE('',#6667,#3088);
#2622=LINE('',#6669,#3089);
#2623=LINE('',#6671,#3090);
#2624=LINE('',#6677,#3091);
#2625=LINE('',#6680,#3092);
#2626=LINE('',#6682,#3093);
#2627=LINE('',#6684,#3094);
#2628=LINE('',#6686,#3095);
#2629=LINE('',#6688,#3096);
#2630=LINE('',#6690,#3097);
#2631=LINE('',#6692,#3098);
#2632=LINE('',#6694,#3099);
#2633=LINE('',#6696,#3100);
#2634=LINE('',#6698,#3101);
#2635=LINE('',#6700,#3102);
#2636=LINE('',#6702,#3103);
#2637=LINE('',#6704,#3104);
#2638=LINE('',#6706,#3105);
#2639=LINE('',#6708,#3106);
#2640=LINE('',#6710,#3107);
#2641=LINE('',#6712,#3108);
#2642=LINE('',#6714,#3109);
#2643=LINE('',#6715,#3110);
#2644=LINE('',#6717,#3111);
#2645=LINE('',#6719,#3112);
#2646=LINE('',#6721,#3113);
#2647=LINE('',#6723,#3114);
#2648=LINE('',#6729,#3115);
#2649=LINE('',#6732,#3116);
#2650=LINE('',#6734,#3117);
#2651=LINE('',#6736,#3118);
#2652=LINE('',#6738,#3119);
#2653=LINE('',#6740,#3120);
#2654=LINE('',#6742,#3121);
#2655=LINE('',#6744,#3122);
#2656=LINE('',#6746,#3123);
#2657=LINE('',#6748,#3124);
#2658=LINE('',#6750,#3125);
#2659=LINE('',#6752,#3126);
#2660=LINE('',#6754,#3127);
#2661=LINE('',#6756,#3128);
#2662=LINE('',#6758,#3129);
#2663=LINE('',#6760,#3130);
#2664=LINE('',#6762,#3131);
#2665=LINE('',#6764,#3132);
#2666=LINE('',#6766,#3133);
#2667=LINE('',#6767,#3134);
#2668=LINE('',#6769,#3135);
#2669=LINE('',#6771,#3136);
#2670=LINE('',#6773,#3137);
#2671=LINE('',#6775,#3138);
#2672=LINE('',#6781,#3139);
#2673=LINE('',#6784,#3140);
#2674=LINE('',#6786,#3141);
#2675=LINE('',#6788,#3142);
#2676=LINE('',#6790,#3143);
#2677=LINE('',#6792,#3144);
#2678=LINE('',#6794,#3145);
#2679=LINE('',#6796,#3146);
#2680=LINE('',#6798,#3147);
#2681=LINE('',#6800,#3148);
#2682=LINE('',#6802,#3149);
#2683=LINE('',#6804,#3150);
#2684=LINE('',#6806,#3151);
#2685=LINE('',#6808,#3152);
#2686=LINE('',#6810,#3153);
#2687=LINE('',#6812,#3154);
#2688=LINE('',#6814,#3155);
#2689=LINE('',#6816,#3156);
#2690=LINE('',#6818,#3157);
#2691=LINE('',#6819,#3158);
#2692=LINE('',#6821,#3159);
#2693=LINE('',#6823,#3160);
#2694=LINE('',#6825,#3161);
#2695=LINE('',#6827,#3162);
#2696=LINE('',#6833,#3163);
#2697=LINE('',#6836,#3164);
#2698=LINE('',#6838,#3165);
#2699=LINE('',#6840,#3166);
#2700=LINE('',#6842,#3167);
#2701=LINE('',#6844,#3168);
#2702=LINE('',#6846,#3169);
#2703=LINE('',#6848,#3170);
#2704=LINE('',#6850,#3171);
#2705=LINE('',#6852,#3172);
#2706=LINE('',#6854,#3173);
#2707=LINE('',#6856,#3174);
#2708=LINE('',#6858,#3175);
#2709=LINE('',#6860,#3176);
#2710=LINE('',#6862,#3177);
#2711=LINE('',#6864,#3178);
#2712=LINE('',#6866,#3179);
#2713=LINE('',#6868,#3180);
#2714=LINE('',#6870,#3181);
#2715=LINE('',#6871,#3182);
#2716=LINE('',#6873,#3183);
#2717=LINE('',#6875,#3184);
#2718=LINE('',#6877,#3185);
#2719=LINE('',#6879,#3186);
#2720=LINE('',#6889,#3187);
#2721=LINE('',#6894,#3188);
#2722=LINE('',#6898,#3189);
#2723=LINE('',#6902,#3190);
#2724=LINE('',#6908,#3191);
#2725=LINE('',#6909,#3192);
#2726=LINE('',#6911,#3193);
#2727=LINE('',#6913,#3194);
#2728=LINE('',#6915,#3195);
#2729=LINE('',#6917,#3196);
#2730=LINE('',#6919,#3197);
#2731=LINE('',#6921,#3198);
#2732=VECTOR('',#4581,1.);
#2733=VECTOR('',#4582,1.);
#2734=VECTOR('',#4583,1.);
#2735=VECTOR('',#4584,1.);
#2736=VECTOR('',#4585,1.);
#2737=VECTOR('',#4586,1.);
#2738=VECTOR('',#4587,1.);
#2739=VECTOR('',#4588,1.);
#2740=VECTOR('',#4589,1.);
#2741=VECTOR('',#4590,1.);
#2742=VECTOR('',#4591,1.);
#2743=VECTOR('',#4592,1.);
#2744=VECTOR('',#4593,1.);
#2745=VECTOR('',#4594,1.);
#2746=VECTOR('',#4597,1.);
#2747=VECTOR('',#4598,1.);
#2748=VECTOR('',#4599,1.);
#2749=VECTOR('',#4600,1.);
#2750=VECTOR('',#4601,1.);
#2751=VECTOR('',#4602,1.);
#2752=VECTOR('',#4603,1.);
#2753=VECTOR('',#4606,1.);
#2754=VECTOR('',#4607,1.);
#2755=VECTOR('',#4608,1.);
#2756=VECTOR('',#4609,1.);
#2757=VECTOR('',#4610,1.);
#2758=VECTOR('',#4611,1.);
#2759=VECTOR('',#4612,1.);
#2760=VECTOR('',#4613,1.);
#2761=VECTOR('',#4614,1.);
#2762=VECTOR('',#4617,1.);
#2763=VECTOR('',#4618,1.);
#2764=VECTOR('',#4619,1.);
#2765=VECTOR('',#4620,1.);
#2766=VECTOR('',#4621,1.);
#2767=VECTOR('',#4622,1.);
#2768=VECTOR('',#4623,1.);
#2769=VECTOR('',#4624,1.);
#2770=VECTOR('',#4625,1.);
#2771=VECTOR('',#4626,1.);
#2772=VECTOR('',#4627,1.);
#2773=VECTOR('',#4628,1.);
#2774=VECTOR('',#4629,1.);
#2775=VECTOR('',#4630,1.);
#2776=VECTOR('',#4631,1.);
#2777=VECTOR('',#4632,1.);
#2778=VECTOR('',#4633,1.);
#2779=VECTOR('',#4634,1.);
#2780=VECTOR('',#4635,1.);
#2781=VECTOR('',#4636,1.);
#2782=VECTOR('',#4637,1.);
#2783=VECTOR('',#4638,1.);
#2784=VECTOR('',#4639,1.);
#2785=VECTOR('',#4640,1.);
#2786=VECTOR('',#4641,1.);
#2787=VECTOR('',#4642,1.);
#2788=VECTOR('',#4643,1.);
#2789=VECTOR('',#4644,1.);
#2790=VECTOR('',#4645,1.);
#2791=VECTOR('',#4646,1.);
#2792=VECTOR('',#4647,1.);
#2793=VECTOR('',#4648,1.);
#2794=VECTOR('',#4649,1.);
#2795=VECTOR('',#4652,1.);
#2796=VECTOR('',#4655,1.);
#2797=VECTOR('',#4658,1.);
#2798=VECTOR('',#4687,1.);
#2799=VECTOR('',#4690,1.);
#2800=VECTOR('',#4693,1.);
#2801=VECTOR('',#4696,1.);
#2802=VECTOR('',#4699,1.);
#2803=VECTOR('',#4700,1.);
#2804=VECTOR('',#4703,1.);
#2805=VECTOR('',#4706,1.);
#2806=VECTOR('',#4739,1.);
#2807=VECTOR('',#4740,1.);
#2808=VECTOR('',#4741,1.);
#2809=VECTOR('',#4742,1.);
#2810=VECTOR('',#4743,1.);
#2811=VECTOR('',#4744,1.);
#2812=VECTOR('',#4747,1.);
#2813=VECTOR('',#4748,1.);
#2814=VECTOR('',#4749,1.);
#2815=VECTOR('',#4750,1.);
#2816=VECTOR('',#4751,1.);
#2817=VECTOR('',#4752,1.);
#2818=VECTOR('',#4755,1.);
#2819=VECTOR('',#4756,1.);
#2820=VECTOR('',#4759,1.);
#2821=VECTOR('',#4760,1.);
#2822=VECTOR('',#4761,1.);
#2823=VECTOR('',#4764,1.);
#2824=VECTOR('',#4765,1.);
#2825=VECTOR('',#4766,1.);
#2826=VECTOR('',#4767,1.);
#2827=VECTOR('',#4776,1.);
#2828=VECTOR('',#4777,1.);
#2829=VECTOR('',#4778,1.);
#2830=VECTOR('',#4779,1.);
#2831=VECTOR('',#4780,1.);
#2832=VECTOR('',#4781,1.);
#2833=VECTOR('',#4782,1.);
#2834=VECTOR('',#4783,1.);
#2835=VECTOR('',#4784,1.);
#2836=VECTOR('',#4785,1.);
#2837=VECTOR('',#4796,1.);
#2838=VECTOR('',#4799,1.);
#2839=VECTOR('',#4804,1.);
#2840=VECTOR('',#4805,1.);
#2841=VECTOR('',#4806,1.);
#2842=VECTOR('',#4807,1.);
#2843=VECTOR('',#4808,1.);
#2844=VECTOR('',#4809,1.);
#2845=VECTOR('',#4810,1.);
#2846=VECTOR('',#4811,1.);
#2847=VECTOR('',#4812,1.);
#2848=VECTOR('',#4813,1.);
#2849=VECTOR('',#4814,1.);
#2850=VECTOR('',#4815,1.);
#2851=VECTOR('',#4816,1.);
#2852=VECTOR('',#4817,1.);
#2853=VECTOR('',#4818,1.);
#2854=VECTOR('',#4819,1.);
#2855=VECTOR('',#4820,1.);
#2856=VECTOR('',#4821,1.);
#2857=VECTOR('',#4822,1.);
#2858=VECTOR('',#4823,1.);
#2859=VECTOR('',#4824,1.);
#2860=VECTOR('',#4825,1.);
#2861=VECTOR('',#4826,1.);
#2862=VECTOR('',#4827,1.);
#2863=VECTOR('',#4828,1.);
#2864=VECTOR('',#4833,1.);
#2865=VECTOR('',#4834,1.);
#2866=VECTOR('',#4835,1.);
#2867=VECTOR('',#4836,1.);
#2868=VECTOR('',#4837,1.);
#2869=VECTOR('',#4838,1.);
#2870=VECTOR('',#4839,1.);
#2871=VECTOR('',#4840,1.);
#2872=VECTOR('',#4841,1.);
#2873=VECTOR('',#4842,1.);
#2874=VECTOR('',#4843,1.);
#2875=VECTOR('',#4844,1.);
#2876=VECTOR('',#4845,1.);
#2877=VECTOR('',#4846,1.);
#2878=VECTOR('',#4847,1.);
#2879=VECTOR('',#4848,1.);
#2880=VECTOR('',#4849,1.);
#2881=VECTOR('',#4850,1.);
#2882=VECTOR('',#4851,1.);
#2883=VECTOR('',#4852,1.);
#2884=VECTOR('',#4853,1.);
#2885=VECTOR('',#4854,1.);
#2886=VECTOR('',#4855,1.);
#2887=VECTOR('',#4856,1.);
#2888=VECTOR('',#4857,1.);
#2889=VECTOR('',#4858,1.);
#2890=VECTOR('',#4859,1.);
#2891=VECTOR('',#4860,1.);
#2892=VECTOR('',#4861,1.);
#2893=VECTOR('',#4862,1.);
#2894=VECTOR('',#4863,1.);
#2895=VECTOR('',#4864,1.);
#2896=VECTOR('',#4865,1.);
#2897=VECTOR('',#4868,1.);
#2898=VECTOR('',#4869,1.);
#2899=VECTOR('',#4872,1.);
#2900=VECTOR('',#4873,1.);
#2901=VECTOR('',#4874,1.);
#2902=VECTOR('',#4875,1.);
#2903=VECTOR('',#4876,1.);
#2904=VECTOR('',#4877,1.);
#2905=VECTOR('',#4878,1.);
#2906=VECTOR('',#4879,1.);
#2907=VECTOR('',#4880,1.);
#2908=VECTOR('',#4881,1.);
#2909=VECTOR('',#4884,1.);
#2910=VECTOR('',#4885,1.);
#2911=VECTOR('',#4892,1.);
#2912=VECTOR('',#4895,1.);
#2913=VECTOR('',#4928,1.);
#2914=VECTOR('',#4935,1.);
#2915=VECTOR('',#4996,1.);
#2916=VECTOR('',#4997,1.);
#2917=VECTOR('',#4998,1.);
#2918=VECTOR('',#5001,1.);
#2919=VECTOR('',#5004,1.);
#2920=VECTOR('',#5005,1.);
#2921=VECTOR('',#5006,1.);
#2922=VECTOR('',#5009,1.);
#2923=VECTOR('',#5012,1.);
#2924=VECTOR('',#5015,1.);
#2925=VECTOR('',#5020,1.);
#2926=VECTOR('',#5021,1.);
#2927=VECTOR('',#5024,1.);
#2928=VECTOR('',#5027,1.);
#2929=VECTOR('',#5038,1.);
#2930=VECTOR('',#5063,1.);
#2931=VECTOR('',#5064,1.);
#2932=VECTOR('',#5065,1.);
#2933=VECTOR('',#5066,1.);
#2934=VECTOR('',#5067,1.);
#2935=VECTOR('',#5068,1.);
#2936=VECTOR('',#5071,1.);
#2937=VECTOR('',#5072,1.);
#2938=VECTOR('',#5073,1.);
#2939=VECTOR('',#5074,1.);
#2940=VECTOR('',#5075,1.);
#2941=VECTOR('',#5076,1.);
#2942=VECTOR('',#5079,1.);
#2943=VECTOR('',#5080,1.);
#2944=VECTOR('',#5081,1.);
#2945=VECTOR('',#5082,1.);
#2946=VECTOR('',#5085,1.);
#2947=VECTOR('',#5086,1.);
#2948=VECTOR('',#5087,1.);
#2949=VECTOR('',#5090,1.);
#2950=VECTOR('',#5091,1.);
#2951=VECTOR('',#5092,1.);
#2952=VECTOR('',#5095,1.);
#2953=VECTOR('',#5096,1.);
#2954=VECTOR('',#5097,1.);
#2955=VECTOR('',#5100,1.);
#2956=VECTOR('',#5101,1.);
#2957=VECTOR('',#5102,1.);
#2958=VECTOR('',#5105,1.);
#2959=VECTOR('',#5106,1.);
#2960=VECTOR('',#5113,1.);
#2961=VECTOR('',#5114,1.);
#2962=VECTOR('',#5117,1.);
#2963=VECTOR('',#5120,1.);
#2964=VECTOR('',#5123,1.);
#2965=VECTOR('',#5126,1.);
#2966=VECTOR('',#5133,1.);
#2967=VECTOR('',#5134,1.);
#2968=VECTOR('',#5135,1.);
#2969=VECTOR('',#5136,1.);
#2970=VECTOR('',#5137,1.);
#2971=VECTOR('',#5138,1.);
#2972=VECTOR('',#5141,1.);
#2973=VECTOR('',#5142,1.);
#2974=VECTOR('',#5143,1.);
#2975=VECTOR('',#5144,1.);
#2976=VECTOR('',#5145,1.);
#2977=VECTOR('',#5148,1.);
#2978=VECTOR('',#5149,1.);
#2979=VECTOR('',#5150,1.);
#2980=VECTOR('',#5153,1.);
#2981=VECTOR('',#5154,1.);
#2982=VECTOR('',#5157,1.);
#2983=VECTOR('',#5158,1.);
#2984=VECTOR('',#5159,1.);
#2985=VECTOR('',#5164,1.);
#2986=VECTOR('',#5169,1.);
#2987=VECTOR('',#5170,1.);
#2988=VECTOR('',#5173,1.);
#2989=VECTOR('',#5176,1.);
#2990=VECTOR('',#5181,1.);
#2991=VECTOR('',#5182,1.);
#2992=VECTOR('',#5187,1.);
#2993=VECTOR('',#5188,1.);
#2994=VECTOR('',#5191,1.);
#2995=VECTOR('',#5194,1.);
#2996=VECTOR('',#5197,1.);
#2997=VECTOR('',#5204,1.);
#2998=VECTOR('',#5205,1.);
#2999=VECTOR('',#5206,1.);
#3000=VECTOR('',#5207,1.);
#3001=VECTOR('',#5208,1.);
#3002=VECTOR('',#5209,1.);
#3003=VECTOR('',#5212,1.);
#3004=VECTOR('',#5213,1.);
#3005=VECTOR('',#5216,1.);
#3006=VECTOR('',#5219,1.);
#3007=VECTOR('',#5222,1.);
#3008=VECTOR('',#5225,1.);
#3009=VECTOR('',#5230,1.);
#3010=VECTOR('',#5231,1.);
#3011=VECTOR('',#5232,1.);
#3012=VECTOR('',#5233,1.);
#3013=VECTOR('',#5234,1.);
#3014=VECTOR('',#5235,1.);
#3015=VECTOR('',#5238,1.);
#3016=VECTOR('',#5239,1.);
#3017=VECTOR('',#5242,1.);
#3018=VECTOR('',#5245,1.);
#3019=VECTOR('',#5248,1.);
#3020=VECTOR('',#5251,1.);
#3021=VECTOR('',#5258,1.);
#3022=VECTOR('',#5265,1.);
#3023=VECTOR('',#5266,1.);
#3024=VECTOR('',#5267,1.);
#3025=VECTOR('',#5268,1.);
#3026=VECTOR('',#5269,1.);
#3027=VECTOR('',#5270,1.);
#3028=VECTOR('',#5273,1.);
#3029=VECTOR('',#5274,1.);
#3030=VECTOR('',#5275,1.);
#3031=VECTOR('',#5278,1.);
#3032=VECTOR('',#5279,1.);
#3033=VECTOR('',#5282,1.);
#3034=VECTOR('',#5283,1.);
#3035=VECTOR('',#5286,1.);
#3036=VECTOR('',#5287,1.);
#3037=VECTOR('',#5290,1.);
#3038=VECTOR('',#5291,1.);
#3039=VECTOR('',#5294,1.);
#3040=VECTOR('',#5297,1.);
#3041=VECTOR('',#5298,1.);
#3042=VECTOR('',#5301,1.);
#3043=VECTOR('',#5304,1.);
#3044=VECTOR('',#5307,1.);
#3045=VECTOR('',#5310,1.);
#3046=VECTOR('',#5319,1.);
#3047=VECTOR('',#5320,1.);
#3048=VECTOR('',#5321,1.);
#3049=VECTOR('',#5322,1.);
#3050=VECTOR('',#5323,1.);
#3051=VECTOR('',#5324,1.);
#3052=VECTOR('',#5327,1.);
#3053=VECTOR('',#5328,1.);
#3054=VECTOR('',#5329,1.);
#3055=VECTOR('',#5332,1.);
#3056=VECTOR('',#5333,1.);
#3057=VECTOR('',#5336,1.);
#3058=VECTOR('',#5337,1.);
#3059=VECTOR('',#5340,1.);
#3060=VECTOR('',#5341,1.);
#3061=VECTOR('',#5344,1.);
#3062=VECTOR('',#5345,1.);
#3063=VECTOR('',#5348,1.);
#3064=VECTOR('',#5351,1.);
#3065=VECTOR('',#5352,1.);
#3066=VECTOR('',#5355,1.);
#3067=VECTOR('',#5358,1.);
#3068=VECTOR('',#5361,1.);
#3069=VECTOR('',#5364,1.);
#3070=VECTOR('',#5373,1.);
#3071=VECTOR('',#5376,1.);
#3072=VECTOR('',#5377,1.);
#3073=VECTOR('',#5378,1.);
#3074=VECTOR('',#5379,1.);
#3075=VECTOR('',#5380,1.);
#3076=VECTOR('',#5383,1.);
#3077=VECTOR('',#5384,1.);
#3078=VECTOR('',#5385,1.);
#3079=VECTOR('',#5388,1.);
#3080=VECTOR('',#5389,1.);
#3081=VECTOR('',#5392,1.);
#3082=VECTOR('',#5393,1.);
#3083=VECTOR('',#5396,1.);
#3084=VECTOR('',#5399,1.);
#3085=VECTOR('',#5400,1.);
#3086=VECTOR('',#5403,1.);
#3087=VECTOR('',#5408,1.);
#3088=VECTOR('',#5411,1.);
#3089=VECTOR('',#5414,1.);
#3090=VECTOR('',#5417,1.);
#3091=VECTOR('',#5426,1.);
#3092=VECTOR('',#5427,1.);
#3093=VECTOR('',#5428,1.);
#3094=VECTOR('',#5429,1.);
#3095=VECTOR('',#5430,1.);
#3096=VECTOR('',#5431,1.);
#3097=VECTOR('',#5434,1.);
#3098=VECTOR('',#5435,1.);
#3099=VECTOR('',#5436,1.);
#3100=VECTOR('',#5439,1.);
#3101=VECTOR('',#5440,1.);
#3102=VECTOR('',#5443,1.);
#3103=VECTOR('',#5444,1.);
#3104=VECTOR('',#5447,1.);
#3105=VECTOR('',#5448,1.);
#3106=VECTOR('',#5451,1.);
#3107=VECTOR('',#5452,1.);
#3108=VECTOR('',#5455,1.);
#3109=VECTOR('',#5458,1.);
#3110=VECTOR('',#5459,1.);
#3111=VECTOR('',#5462,1.);
#3112=VECTOR('',#5465,1.);
#3113=VECTOR('',#5468,1.);
#3114=VECTOR('',#5471,1.);
#3115=VECTOR('',#5480,1.);
#3116=VECTOR('',#5481,1.);
#3117=VECTOR('',#5482,1.);
#3118=VECTOR('',#5483,1.);
#3119=VECTOR('',#5484,1.);
#3120=VECTOR('',#5485,1.);
#3121=VECTOR('',#5488,1.);
#3122=VECTOR('',#5489,1.);
#3123=VECTOR('',#5490,1.);
#3124=VECTOR('',#5493,1.);
#3125=VECTOR('',#5494,1.);
#3126=VECTOR('',#5497,1.);
#3127=VECTOR('',#5498,1.);
#3128=VECTOR('',#5501,1.);
#3129=VECTOR('',#5502,1.);
#3130=VECTOR('',#5505,1.);
#3131=VECTOR('',#5506,1.);
#3132=VECTOR('',#5509,1.);
#3133=VECTOR('',#5512,1.);
#3134=VECTOR('',#5513,1.);
#3135=VECTOR('',#5516,1.);
#3136=VECTOR('',#5519,1.);
#3137=VECTOR('',#5522,1.);
#3138=VECTOR('',#5525,1.);
#3139=VECTOR('',#5534,1.);
#3140=VECTOR('',#5535,1.);
#3141=VECTOR('',#5536,1.);
#3142=VECTOR('',#5537,1.);
#3143=VECTOR('',#5538,1.);
#3144=VECTOR('',#5539,1.);
#3145=VECTOR('',#5542,1.);
#3146=VECTOR('',#5543,1.);
#3147=VECTOR('',#5544,1.);
#3148=VECTOR('',#5547,1.);
#3149=VECTOR('',#5548,1.);
#3150=VECTOR('',#5551,1.);
#3151=VECTOR('',#5552,1.);
#3152=VECTOR('',#5555,1.);
#3153=VECTOR('',#5556,1.);
#3154=VECTOR('',#5559,1.);
#3155=VECTOR('',#5560,1.);
#3156=VECTOR('',#5563,1.);
#3157=VECTOR('',#5566,1.);
#3158=VECTOR('',#5567,1.);
#3159=VECTOR('',#5570,1.);
#3160=VECTOR('',#5573,1.);
#3161=VECTOR('',#5576,1.);
#3162=VECTOR('',#5579,1.);
#3163=VECTOR('',#5588,1.);
#3164=VECTOR('',#5589,1.);
#3165=VECTOR('',#5590,1.);
#3166=VECTOR('',#5591,1.);
#3167=VECTOR('',#5592,1.);
#3168=VECTOR('',#5593,1.);
#3169=VECTOR('',#5596,1.);
#3170=VECTOR('',#5597,1.);
#3171=VECTOR('',#5598,1.);
#3172=VECTOR('',#5601,1.);
#3173=VECTOR('',#5602,1.);
#3174=VECTOR('',#5605,1.);
#3175=VECTOR('',#5606,1.);
#3176=VECTOR('',#5609,1.);
#3177=VECTOR('',#5610,1.);
#3178=VECTOR('',#5613,1.);
#3179=VECTOR('',#5614,1.);
#3180=VECTOR('',#5617,1.);
#3181=VECTOR('',#5620,1.);
#3182=VECTOR('',#5621,1.);
#3183=VECTOR('',#5624,1.);
#3184=VECTOR('',#5627,1.);
#3185=VECTOR('',#5630,1.);
#3186=VECTOR('',#5633,1.);
#3187=VECTOR('',#5646,1.);
#3188=VECTOR('',#5649,1.);
#3189=VECTOR('',#5652,1.);
#3190=VECTOR('',#5655,1.);
#3191=VECTOR('',#5662,1.);
#3192=VECTOR('',#5663,1.);
#3193=VECTOR('',#5666,1.);
#3194=VECTOR('',#5669,1.);
#3195=VECTOR('',#5672,1.);
#3196=VECTOR('',#5675,1.);
#3197=VECTOR('',#5678,1.);
#3198=VECTOR('',#5681,1.);
#3199=EDGE_LOOP('',(#166,#167,#168,#169,#170,#171));
#3200=EDGE_LOOP('',(#172,#173,#174,#175,#176,#177));
#3201=EDGE_LOOP('',(#178,#179,#180,#181,#182,#183,#184,#185,#186,#187,#188,
#189,#190,#191,#192,#193,#194,#195,#196,#197,#198,#199,#200,#201,#202));
#3202=EDGE_LOOP('',(#203,#204,#205,#206,#207,#208));
#3203=EDGE_LOOP('',(#209,#210,#211,#212));
#3204=EDGE_LOOP('',(#213,#214,#215,#216,#217,#218));
#3205=EDGE_LOOP('',(#219,#220,#221,#222,#223,#224));
#3206=EDGE_LOOP('',(#225,#226,#227,#228,#229,#230));
#3207=EDGE_LOOP('',(#231,#232,#233,#234,#235,#236,#237,#238));
#3208=EDGE_LOOP('',(#239));
#3209=EDGE_LOOP('',(#240));
#3210=EDGE_LOOP('',(#241));
#3211=EDGE_LOOP('',(#242));
#3212=EDGE_LOOP('',(#243));
#3213=EDGE_LOOP('',(#244));
#3214=EDGE_LOOP('',(#245));
#3215=EDGE_LOOP('',(#246));
#3216=EDGE_LOOP('',(#247,#248,#249,#250,#251,#252,#253,#254,#255,#256,#257,
#258,#259,#260,#261,#262));
#3217=EDGE_LOOP('',(#263));
#3218=EDGE_LOOP('',(#264));
#3219=EDGE_LOOP('',(#265));
#3220=EDGE_LOOP('',(#266));
#3221=EDGE_LOOP('',(#267));
#3222=EDGE_LOOP('',(#268));
#3223=EDGE_LOOP('',(#269));
#3224=EDGE_LOOP('',(#270));
#3225=EDGE_LOOP('',(#271));
#3226=EDGE_LOOP('',(#272));
#3227=EDGE_LOOP('',(#273,#274,#275,#276,#277,#278,#279));
#3228=EDGE_LOOP('',(#280,#281,#282,#283,#284,#285,#286));
#3229=EDGE_LOOP('',(#287,#288,#289,#290,#291,#292,#293));
#3230=EDGE_LOOP('',(#294,#295,#296,#297,#298,#299));
#3231=EDGE_LOOP('',(#300));
#3232=EDGE_LOOP('',(#301));
#3233=EDGE_LOOP('',(#302,#303,#304,#305,#306,#307));
#3234=EDGE_LOOP('',(#308,#309,#310,#311));
#3235=EDGE_LOOP('',(#312));
#3236=EDGE_LOOP('',(#313));
#3237=EDGE_LOOP('',(#314,#315,#316,#317));
#3238=EDGE_LOOP('',(#318));
#3239=EDGE_LOOP('',(#319));
#3240=EDGE_LOOP('',(#320,#321,#322,#323,#324,#325,#326,#327,#328,#329,#330,
#331,#332,#333,#334,#335,#336,#337,#338,#339,#340,#341,#342,#343,#344,#345,
#346,#347));
#3241=EDGE_LOOP('',(#348));
#3242=EDGE_LOOP('',(#349));
#3243=EDGE_LOOP('',(#350));
#3244=EDGE_LOOP('',(#351));
#3245=EDGE_LOOP('',(#352));
#3246=EDGE_LOOP('',(#353));
#3247=EDGE_LOOP('',(#354));
#3248=EDGE_LOOP('',(#355,#356,#357,#358,#359,#360,#361,#362,#363,#364,#365,
#366,#367,#368,#369,#370,#371,#372,#373,#374,#375,#376,#377,#378,#379,#380,
#381,#382,#383,#384,#385,#386,#387,#388,#389,#390,#391));
#3249=EDGE_LOOP('',(#392,#393,#394,#395));
#3250=EDGE_LOOP('',(#396));
#3251=EDGE_LOOP('',(#397));
#3252=EDGE_LOOP('',(#398,#399,#400,#401,#402,#403,#404,#405,#406,#407,#408));
#3253=EDGE_LOOP('',(#409,#410,#411,#412,#413,#414));
#3254=EDGE_LOOP('',(#415,#416,#417,#418,#419));
#3255=EDGE_LOOP('',(#420,#421,#422,#423));
#3256=EDGE_LOOP('',(#424,#425,#426,#427));
#3257=EDGE_LOOP('',(#428,#429,#430,#431));
#3258=EDGE_LOOP('',(#432,#433,#434,#435));
#3259=EDGE_LOOP('',(#436,#437,#438,#439));
#3260=EDGE_LOOP('',(#440,#441,#442,#443));
#3261=EDGE_LOOP('',(#444,#445,#446,#447));
#3262=EDGE_LOOP('',(#448,#449,#450,#451));
#3263=EDGE_LOOP('',(#452,#453,#454,#455));
#3264=EDGE_LOOP('',(#456,#457,#458,#459,#460,#461));
#3265=EDGE_LOOP('',(#462,#463,#464,#465,#466,#467));
#3266=EDGE_LOOP('',(#468,#469,#470,#471));
#3267=EDGE_LOOP('',(#472,#473,#474,#475));
#3268=EDGE_LOOP('',(#476,#477,#478,#479));
#3269=EDGE_LOOP('',(#480,#481,#482,#483));
#3270=EDGE_LOOP('',(#484,#485,#486,#487));
#3271=EDGE_LOOP('',(#488,#489,#490,#491));
#3272=EDGE_LOOP('',(#492,#493,#494,#495));
#3273=EDGE_LOOP('',(#496,#497,#498,#499));
#3274=EDGE_LOOP('',(#500,#501,#502,#503));
#3275=EDGE_LOOP('',(#504,#505,#506,#507));
#3276=EDGE_LOOP('',(#508,#509,#510,#511));
#3277=EDGE_LOOP('',(#512,#513,#514,#515));
#3278=EDGE_LOOP('',(#516,#517,#518,#519));
#3279=EDGE_LOOP('',(#520,#521,#522,#523));
#3280=EDGE_LOOP('',(#524,#525,#526,#527));
#3281=EDGE_LOOP('',(#528,#529,#530,#531,#532));
#3282=EDGE_LOOP('',(#533,#534,#535,#536));
#3283=EDGE_LOOP('',(#537,#538,#539,#540,#541));
#3284=EDGE_LOOP('',(#542,#543,#544,#545));
#3285=EDGE_LOOP('',(#546,#547,#548,#549,#550,#551,#552,#553));
#3286=EDGE_LOOP('',(#554,#555,#556,#557,#558));
#3287=EDGE_LOOP('',(#559,#560,#561,#562));
#3288=EDGE_LOOP('',(#563,#564,#565,#566));
#3289=EDGE_LOOP('',(#567,#568,#569,#570));
#3290=EDGE_LOOP('',(#571,#572,#573,#574));
#3291=EDGE_LOOP('',(#575));
#3292=EDGE_LOOP('',(#576));
#3293=EDGE_LOOP('',(#577));
#3294=EDGE_LOOP('',(#578));
#3295=EDGE_LOOP('',(#579));
#3296=EDGE_LOOP('',(#580));
#3297=EDGE_LOOP('',(#581,#582,#583,#584,#585,#586));
#3298=EDGE_LOOP('',(#587,#588,#589,#590));
#3299=EDGE_LOOP('',(#591,#592,#593,#594));
#3300=EDGE_LOOP('',(#595,#596,#597,#598));
#3301=EDGE_LOOP('',(#599,#600,#601,#602));
#3302=EDGE_LOOP('',(#603,#604,#605,#606));
#3303=EDGE_LOOP('',(#607,#608,#609,#610));
#3304=EDGE_LOOP('',(#611));
#3305=EDGE_LOOP('',(#612));
#3306=EDGE_LOOP('',(#613,#614,#615,#616,#617,#618));
#3307=EDGE_LOOP('',(#619,#620,#621,#622));
#3308=EDGE_LOOP('',(#623,#624,#625,#626,#627,#628));
#3309=EDGE_LOOP('',(#629,#630,#631,#632));
#3310=EDGE_LOOP('',(#633,#634,#635,#636));
#3311=EDGE_LOOP('',(#637,#638,#639,#640));
#3312=EDGE_LOOP('',(#641,#642,#643,#644));
#3313=EDGE_LOOP('',(#645,#646,#647,#648));
#3314=EDGE_LOOP('',(#649,#650,#651,#652));
#3315=EDGE_LOOP('',(#653,#654,#655,#656));
#3316=EDGE_LOOP('',(#657));
#3317=EDGE_LOOP('',(#658,#659,#660,#661,#662,#663));
#3318=EDGE_LOOP('',(#664,#665,#666,#667));
#3319=EDGE_LOOP('',(#668,#669,#670,#671));
#3320=EDGE_LOOP('',(#672,#673,#674,#675));
#3321=EDGE_LOOP('',(#676,#677,#678,#679));
#3322=EDGE_LOOP('',(#680,#681,#682,#683));
#3323=EDGE_LOOP('',(#684,#685,#686,#687));
#3324=EDGE_LOOP('',(#688));
#3325=EDGE_LOOP('',(#689));
#3326=EDGE_LOOP('',(#690,#691,#692,#693,#694,#695));
#3327=EDGE_LOOP('',(#696,#697,#698,#699,#700,#701));
#3328=EDGE_LOOP('',(#702,#703,#704,#705));
#3329=EDGE_LOOP('',(#706,#707,#708,#709));
#3330=EDGE_LOOP('',(#710,#711,#712,#713));
#3331=EDGE_LOOP('',(#714));
#3332=EDGE_LOOP('',(#715,#716,#717,#718,#719,#720,#721));
#3333=EDGE_LOOP('',(#722,#723,#724,#725,#726));
#3334=EDGE_LOOP('',(#727,#728,#729,#730));
#3335=EDGE_LOOP('',(#731,#732,#733,#734));
#3336=EDGE_LOOP('',(#735,#736,#737,#738));
#3337=EDGE_LOOP('',(#739,#740,#741,#742,#743));
#3338=EDGE_LOOP('',(#744,#745,#746,#747,#748,#749,#750));
#3339=EDGE_LOOP('',(#751,#752,#753,#754,#755));
#3340=EDGE_LOOP('',(#756,#757,#758,#759,#760,#761));
#3341=EDGE_LOOP('',(#762,#763,#764,#765));
#3342=EDGE_LOOP('',(#766,#767,#768,#769));
#3343=EDGE_LOOP('',(#770,#771,#772,#773,#774));
#3344=EDGE_LOOP('',(#775));
#3345=EDGE_LOOP('',(#776));
#3346=EDGE_LOOP('',(#777,#778,#779,#780,#781,#782));
#3347=EDGE_LOOP('',(#783));
#3348=EDGE_LOOP('',(#784,#785,#786,#787));
#3349=EDGE_LOOP('',(#788,#789,#790,#791));
#3350=EDGE_LOOP('',(#792,#793,#794,#795));
#3351=EDGE_LOOP('',(#796,#797,#798,#799));
#3352=EDGE_LOOP('',(#800,#801,#802,#803));
#3353=EDGE_LOOP('',(#804,#805,#806,#807));
#3354=EDGE_LOOP('',(#808,#809,#810,#811,#812,#813));
#3355=EDGE_LOOP('',(#814));
#3356=EDGE_LOOP('',(#815,#816,#817,#818));
#3357=EDGE_LOOP('',(#819,#820,#821,#822));
#3358=EDGE_LOOP('',(#823,#824,#825,#826));
#3359=EDGE_LOOP('',(#827,#828,#829,#830));
#3360=EDGE_LOOP('',(#831,#832,#833,#834));
#3361=EDGE_LOOP('',(#835,#836,#837,#838));
#3362=EDGE_LOOP('',(#839,#840,#841,#842));
#3363=EDGE_LOOP('',(#843,#844,#845,#846));
#3364=EDGE_LOOP('',(#847,#848,#849,#850));
#3365=EDGE_LOOP('',(#851));
#3366=EDGE_LOOP('',(#852,#853,#854,#855,#856,#857));
#3367=EDGE_LOOP('',(#858,#859,#860,#861));
#3368=EDGE_LOOP('',(#862,#863,#864,#865));
#3369=EDGE_LOOP('',(#866,#867,#868,#869));
#3370=EDGE_LOOP('',(#870,#871,#872,#873));
#3371=EDGE_LOOP('',(#874,#875,#876,#877));
#3372=EDGE_LOOP('',(#878,#879,#880,#881));
#3373=EDGE_LOOP('',(#882,#883,#884,#885));
#3374=EDGE_LOOP('',(#886,#887,#888,#889));
#3375=EDGE_LOOP('',(#890,#891,#892,#893));
#3376=EDGE_LOOP('',(#894,#895,#896,#897));
#3377=EDGE_LOOP('',(#898,#899,#900,#901));
#3378=EDGE_LOOP('',(#902,#903,#904,#905));
#3379=EDGE_LOOP('',(#906));
#3380=EDGE_LOOP('',(#907));
#3381=EDGE_LOOP('',(#908));
#3382=EDGE_LOOP('',(#909,#910,#911,#912,#913,#914));
#3383=EDGE_LOOP('',(#915,#916,#917,#918));
#3384=EDGE_LOOP('',(#919,#920,#921,#922));
#3385=EDGE_LOOP('',(#923,#924,#925,#926));
#3386=EDGE_LOOP('',(#927,#928,#929,#930));
#3387=EDGE_LOOP('',(#931,#932,#933,#934));
#3388=EDGE_LOOP('',(#935,#936,#937,#938));
#3389=EDGE_LOOP('',(#939,#940,#941,#942));
#3390=EDGE_LOOP('',(#943,#944,#945,#946));
#3391=EDGE_LOOP('',(#947,#948,#949,#950));
#3392=EDGE_LOOP('',(#951,#952,#953,#954));
#3393=EDGE_LOOP('',(#955,#956,#957,#958));
#3394=EDGE_LOOP('',(#959,#960,#961,#962));
#3395=EDGE_LOOP('',(#963));
#3396=EDGE_LOOP('',(#964));
#3397=EDGE_LOOP('',(#965));
#3398=EDGE_LOOP('',(#966,#967,#968,#969,#970,#971,#972));
#3399=EDGE_LOOP('',(#973,#974,#975,#976));
#3400=EDGE_LOOP('',(#977,#978,#979,#980));
#3401=EDGE_LOOP('',(#981,#982,#983,#984));
#3402=EDGE_LOOP('',(#985,#986,#987,#988));
#3403=EDGE_LOOP('',(#989,#990,#991,#992));
#3404=EDGE_LOOP('',(#993,#994,#995,#996));
#3405=EDGE_LOOP('',(#997,#998,#999,#1000,#1001,#1002,#1003));
#3406=EDGE_LOOP('',(#1004,#1005,#1006,#1007));
#3407=EDGE_LOOP('',(#1008,#1009,#1010,#1011,#1012,#1013));
#3408=EDGE_LOOP('',(#1014,#1015,#1016,#1017));
#3409=EDGE_LOOP('',(#1018,#1019,#1020,#1021));
#3410=EDGE_LOOP('',(#1022,#1023,#1024,#1025));
#3411=EDGE_LOOP('',(#1026));
#3412=EDGE_LOOP('',(#1027));
#3413=EDGE_LOOP('',(#1028));
#3414=EDGE_LOOP('',(#1029,#1030,#1031,#1032,#1033,#1034));
#3415=EDGE_LOOP('',(#1035,#1036,#1037,#1038));
#3416=EDGE_LOOP('',(#1039,#1040,#1041,#1042));
#3417=EDGE_LOOP('',(#1043,#1044,#1045,#1046));
#3418=EDGE_LOOP('',(#1047,#1048,#1049,#1050));
#3419=EDGE_LOOP('',(#1051,#1052,#1053,#1054));
#3420=EDGE_LOOP('',(#1055,#1056,#1057,#1058));
#3421=EDGE_LOOP('',(#1059,#1060,#1061,#1062));
#3422=EDGE_LOOP('',(#1063,#1064,#1065,#1066));
#3423=EDGE_LOOP('',(#1067,#1068,#1069,#1070));
#3424=EDGE_LOOP('',(#1071,#1072,#1073,#1074));
#3425=EDGE_LOOP('',(#1075,#1076,#1077,#1078));
#3426=EDGE_LOOP('',(#1079,#1080,#1081,#1082));
#3427=EDGE_LOOP('',(#1083));
#3428=EDGE_LOOP('',(#1084));
#3429=EDGE_LOOP('',(#1085));
#3430=EDGE_LOOP('',(#1086,#1087,#1088,#1089,#1090,#1091));
#3431=EDGE_LOOP('',(#1092,#1093,#1094,#1095));
#3432=EDGE_LOOP('',(#1096,#1097,#1098,#1099));
#3433=EDGE_LOOP('',(#1100,#1101,#1102,#1103));
#3434=EDGE_LOOP('',(#1104,#1105,#1106,#1107));
#3435=EDGE_LOOP('',(#1108,#1109,#1110,#1111));
#3436=EDGE_LOOP('',(#1112,#1113,#1114,#1115));
#3437=EDGE_LOOP('',(#1116,#1117,#1118,#1119));
#3438=EDGE_LOOP('',(#1120,#1121,#1122,#1123));
#3439=EDGE_LOOP('',(#1124,#1125,#1126,#1127));
#3440=EDGE_LOOP('',(#1128,#1129,#1130,#1131));
#3441=EDGE_LOOP('',(#1132,#1133,#1134,#1135));
#3442=EDGE_LOOP('',(#1136,#1137,#1138,#1139));
#3443=EDGE_LOOP('',(#1140));
#3444=EDGE_LOOP('',(#1141));
#3445=EDGE_LOOP('',(#1142));
#3446=EDGE_LOOP('',(#1143,#1144,#1145,#1146,#1147,#1148));
#3447=EDGE_LOOP('',(#1149,#1150,#1151,#1152));
#3448=EDGE_LOOP('',(#1153,#1154,#1155,#1156));
#3449=EDGE_LOOP('',(#1157,#1158,#1159,#1160));
#3450=EDGE_LOOP('',(#1161,#1162,#1163,#1164));
#3451=EDGE_LOOP('',(#1165,#1166,#1167,#1168));
#3452=EDGE_LOOP('',(#1169,#1170,#1171,#1172));
#3453=EDGE_LOOP('',(#1173,#1174,#1175,#1176));
#3454=EDGE_LOOP('',(#1177,#1178,#1179,#1180));
#3455=EDGE_LOOP('',(#1181,#1182,#1183,#1184));
#3456=EDGE_LOOP('',(#1185,#1186,#1187,#1188));
#3457=EDGE_LOOP('',(#1189,#1190,#1191,#1192));
#3458=EDGE_LOOP('',(#1193,#1194,#1195,#1196));
#3459=EDGE_LOOP('',(#1197));
#3460=EDGE_LOOP('',(#1198));
#3461=EDGE_LOOP('',(#1199));
#3462=EDGE_LOOP('',(#1200,#1201,#1202,#1203,#1204,#1205));
#3463=EDGE_LOOP('',(#1206,#1207,#1208,#1209));
#3464=EDGE_LOOP('',(#1210,#1211,#1212,#1213));
#3465=EDGE_LOOP('',(#1214,#1215,#1216,#1217));
#3466=EDGE_LOOP('',(#1218,#1219,#1220,#1221));
#3467=EDGE_LOOP('',(#1222,#1223,#1224,#1225));
#3468=EDGE_LOOP('',(#1226,#1227,#1228,#1229));
#3469=EDGE_LOOP('',(#1230,#1231,#1232,#1233));
#3470=EDGE_LOOP('',(#1234,#1235,#1236,#1237));
#3471=EDGE_LOOP('',(#1238,#1239,#1240,#1241));
#3472=EDGE_LOOP('',(#1242,#1243,#1244,#1245));
#3473=EDGE_LOOP('',(#1246,#1247,#1248,#1249));
#3474=EDGE_LOOP('',(#1250,#1251,#1252,#1253));
#3475=EDGE_LOOP('',(#1254));
#3476=EDGE_LOOP('',(#1255));
#3477=EDGE_LOOP('',(#1256));
#3478=EDGE_LOOP('',(#1257));
#3479=EDGE_LOOP('',(#1258));
#3480=EDGE_LOOP('',(#1259,#1260,#1261,#1262,#1263,#1264,#1265,#1266));
#3481=EDGE_LOOP('',(#1267));
#3482=EDGE_LOOP('',(#1268,#1269,#1270,#1271));
#3483=EDGE_LOOP('',(#1272,#1273,#1274,#1275));
#3484=EDGE_LOOP('',(#1276,#1277,#1278,#1279));
#3485=EDGE_LOOP('',(#1280,#1281,#1282,#1283));
#3486=EDGE_LOOP('',(#1284,#1285,#1286,#1287));
#3487=EDGE_LOOP('',(#1288,#1289,#1290,#1291));
#3488=EDGE_LOOP('',(#1292,#1293,#1294,#1295));
#3489=EDGE_LOOP('',(#1296,#1297,#1298,#1299));
#3490=EDGE_LOOP('',(#1300));
#3491=EDGE_LOOP('',(#1301));
#3492=EDGE_LOOP('',(#1302));
#3493=EDGE_LOOP('',(#1303));
#3494=EDGE_LOOP('',(#1304));
#3495=EDGE_LOOP('',(#1305));
#3496=EDGE_LOOP('',(#1306));
#3497=EDGE_LOOP('',(#1307));
#3498=EDGE_LOOP('',(#1308));
#3499=EDGE_LOOP('',(#1309));
#3500=EDGE_LOOP('',(#1310));
#3501=EDGE_LOOP('',(#1311));
#3502=FACE_BOUND('',#3199,.T.);
#3503=FACE_BOUND('',#3200,.T.);
#3504=FACE_BOUND('',#3201,.T.);
#3505=FACE_BOUND('',#3202,.T.);
#3506=FACE_BOUND('',#3203,.T.);
#3507=FACE_BOUND('',#3204,.T.);
#3508=FACE_BOUND('',#3205,.T.);
#3509=FACE_BOUND('',#3206,.T.);
#3510=FACE_BOUND('',#3207,.T.);
#3511=FACE_BOUND('',#3208,.T.);
#3512=FACE_BOUND('',#3209,.T.);
#3513=FACE_BOUND('',#3210,.T.);
#3514=FACE_BOUND('',#3211,.T.);
#3515=FACE_BOUND('',#3212,.T.);
#3516=FACE_BOUND('',#3213,.T.);
#3517=FACE_BOUND('',#3214,.T.);
#3518=FACE_BOUND('',#3215,.T.);
#3519=FACE_BOUND('',#3216,.T.);
#3520=FACE_BOUND('',#3217,.T.);
#3521=FACE_BOUND('',#3218,.T.);
#3522=FACE_BOUND('',#3219,.T.);
#3523=FACE_BOUND('',#3220,.T.);
#3524=FACE_BOUND('',#3221,.T.);
#3525=FACE_BOUND('',#3222,.T.);
#3526=FACE_BOUND('',#3223,.T.);
#3527=FACE_BOUND('',#3224,.T.);
#3528=FACE_BOUND('',#3225,.T.);
#3529=FACE_BOUND('',#3226,.T.);
#3530=FACE_BOUND('',#3227,.T.);
#3531=FACE_BOUND('',#3228,.T.);
#3532=FACE_BOUND('',#3229,.T.);
#3533=FACE_BOUND('',#3230,.T.);
#3534=FACE_BOUND('',#3231,.T.);
#3535=FACE_BOUND('',#3232,.T.);
#3536=FACE_BOUND('',#3233,.T.);
#3537=FACE_BOUND('',#3234,.T.);
#3538=FACE_BOUND('',#3235,.T.);
#3539=FACE_BOUND('',#3236,.T.);
#3540=FACE_BOUND('',#3237,.T.);
#3541=FACE_BOUND('',#3238,.T.);
#3542=FACE_BOUND('',#3239,.T.);
#3543=FACE_BOUND('',#3240,.T.);
#3544=FACE_BOUND('',#3241,.T.);
#3545=FACE_BOUND('',#3242,.T.);
#3546=FACE_BOUND('',#3243,.T.);
#3547=FACE_BOUND('',#3244,.T.);
#3548=FACE_BOUND('',#3245,.T.);
#3549=FACE_BOUND('',#3246,.T.);
#3550=FACE_BOUND('',#3247,.T.);
#3551=FACE_BOUND('',#3248,.T.);
#3552=FACE_BOUND('',#3249,.T.);
#3553=FACE_BOUND('',#3250,.T.);
#3554=FACE_BOUND('',#3251,.T.);
#3555=FACE_BOUND('',#3252,.T.);
#3556=FACE_BOUND('',#3253,.T.);
#3557=FACE_BOUND('',#3254,.T.);
#3558=FACE_BOUND('',#3255,.T.);
#3559=FACE_BOUND('',#3256,.T.);
#3560=FACE_BOUND('',#3257,.T.);
#3561=FACE_BOUND('',#3258,.T.);
#3562=FACE_BOUND('',#3259,.T.);
#3563=FACE_BOUND('',#3260,.T.);
#3564=FACE_BOUND('',#3261,.T.);
#3565=FACE_BOUND('',#3262,.T.);
#3566=FACE_BOUND('',#3263,.T.);
#3567=FACE_BOUND('',#3264,.T.);
#3568=FACE_BOUND('',#3265,.T.);
#3569=FACE_BOUND('',#3266,.T.);
#3570=FACE_BOUND('',#3267,.T.);
#3571=FACE_BOUND('',#3268,.T.);
#3572=FACE_BOUND('',#3269,.T.);
#3573=FACE_BOUND('',#3270,.T.);
#3574=FACE_BOUND('',#3271,.T.);
#3575=FACE_BOUND('',#3272,.T.);
#3576=FACE_BOUND('',#3273,.T.);
#3577=FACE_BOUND('',#3274,.T.);
#3578=FACE_BOUND('',#3275,.T.);
#3579=FACE_BOUND('',#3276,.T.);
#3580=FACE_BOUND('',#3277,.T.);
#3581=FACE_BOUND('',#3278,.T.);
#3582=FACE_BOUND('',#3279,.T.);
#3583=FACE_BOUND('',#3280,.T.);
#3584=FACE_BOUND('',#3281,.T.);
#3585=FACE_BOUND('',#3282,.T.);
#3586=FACE_BOUND('',#3283,.T.);
#3587=FACE_BOUND('',#3284,.T.);
#3588=FACE_BOUND('',#3285,.T.);
#3589=FACE_BOUND('',#3286,.T.);
#3590=FACE_BOUND('',#3287,.T.);
#3591=FACE_BOUND('',#3288,.T.);
#3592=FACE_BOUND('',#3289,.T.);
#3593=FACE_BOUND('',#3290,.T.);
#3594=FACE_BOUND('',#3291,.T.);
#3595=FACE_BOUND('',#3292,.T.);
#3596=FACE_BOUND('',#3293,.T.);
#3597=FACE_BOUND('',#3294,.T.);
#3598=FACE_BOUND('',#3295,.T.);
#3599=FACE_BOUND('',#3296,.T.);
#3600=FACE_BOUND('',#3297,.T.);
#3601=FACE_BOUND('',#3298,.T.);
#3602=FACE_BOUND('',#3299,.T.);
#3603=FACE_BOUND('',#3300,.T.);
#3604=FACE_BOUND('',#3301,.T.);
#3605=FACE_BOUND('',#3302,.T.);
#3606=FACE_BOUND('',#3303,.T.);
#3607=FACE_BOUND('',#3304,.T.);
#3608=FACE_BOUND('',#3305,.T.);
#3609=FACE_BOUND('',#3306,.T.);
#3610=FACE_BOUND('',#3307,.T.);
#3611=FACE_BOUND('',#3308,.T.);
#3612=FACE_BOUND('',#3309,.T.);
#3613=FACE_BOUND('',#3310,.T.);
#3614=FACE_BOUND('',#3311,.T.);
#3615=FACE_BOUND('',#3312,.T.);
#3616=FACE_BOUND('',#3313,.T.);
#3617=FACE_BOUND('',#3314,.T.);
#3618=FACE_BOUND('',#3315,.T.);
#3619=FACE_BOUND('',#3316,.T.);
#3620=FACE_BOUND('',#3317,.T.);
#3621=FACE_BOUND('',#3318,.T.);
#3622=FACE_BOUND('',#3319,.T.);
#3623=FACE_BOUND('',#3320,.T.);
#3624=FACE_BOUND('',#3321,.T.);
#3625=FACE_BOUND('',#3322,.T.);
#3626=FACE_BOUND('',#3323,.T.);
#3627=FACE_BOUND('',#3324,.T.);
#3628=FACE_BOUND('',#3325,.T.);
#3629=FACE_BOUND('',#3326,.T.);
#3630=FACE_BOUND('',#3327,.T.);
#3631=FACE_BOUND('',#3328,.T.);
#3632=FACE_BOUND('',#3329,.T.);
#3633=FACE_BOUND('',#3330,.T.);
#3634=FACE_BOUND('',#3331,.T.);
#3635=FACE_BOUND('',#3332,.T.);
#3636=FACE_BOUND('',#3333,.T.);
#3637=FACE_BOUND('',#3334,.T.);
#3638=FACE_BOUND('',#3335,.T.);
#3639=FACE_BOUND('',#3336,.T.);
#3640=FACE_BOUND('',#3337,.T.);
#3641=FACE_BOUND('',#3338,.T.);
#3642=FACE_BOUND('',#3339,.T.);
#3643=FACE_BOUND('',#3340,.T.);
#3644=FACE_BOUND('',#3341,.T.);
#3645=FACE_BOUND('',#3342,.T.);
#3646=FACE_BOUND('',#3343,.T.);
#3647=FACE_BOUND('',#3344,.T.);
#3648=FACE_BOUND('',#3345,.T.);
#3649=FACE_BOUND('',#3346,.T.);
#3650=FACE_BOUND('',#3347,.T.);
#3651=FACE_BOUND('',#3348,.T.);
#3652=FACE_BOUND('',#3349,.T.);
#3653=FACE_BOUND('',#3350,.T.);
#3654=FACE_BOUND('',#3351,.T.);
#3655=FACE_BOUND('',#3352,.T.);
#3656=FACE_BOUND('',#3353,.T.);
#3657=FACE_BOUND('',#3354,.T.);
#3658=FACE_BOUND('',#3355,.T.);
#3659=FACE_BOUND('',#3356,.T.);
#3660=FACE_BOUND('',#3357,.T.);
#3661=FACE_BOUND('',#3358,.T.);
#3662=FACE_BOUND('',#3359,.T.);
#3663=FACE_BOUND('',#3360,.T.);
#3664=FACE_BOUND('',#3361,.T.);
#3665=FACE_BOUND('',#3362,.T.);
#3666=FACE_BOUND('',#3363,.T.);
#3667=FACE_BOUND('',#3364,.T.);
#3668=FACE_BOUND('',#3365,.T.);
#3669=FACE_BOUND('',#3366,.T.);
#3670=FACE_BOUND('',#3367,.T.);
#3671=FACE_BOUND('',#3368,.T.);
#3672=FACE_BOUND('',#3369,.T.);
#3673=FACE_BOUND('',#3370,.T.);
#3674=FACE_BOUND('',#3371,.T.);
#3675=FACE_BOUND('',#3372,.T.);
#3676=FACE_BOUND('',#3373,.T.);
#3677=FACE_BOUND('',#3374,.T.);
#3678=FACE_BOUND('',#3375,.T.);
#3679=FACE_BOUND('',#3376,.T.);
#3680=FACE_BOUND('',#3377,.T.);
#3681=FACE_BOUND('',#3378,.T.);
#3682=FACE_BOUND('',#3379,.T.);
#3683=FACE_BOUND('',#3380,.T.);
#3684=FACE_BOUND('',#3381,.T.);
#3685=FACE_BOUND('',#3382,.T.);
#3686=FACE_BOUND('',#3383,.T.);
#3687=FACE_BOUND('',#3384,.T.);
#3688=FACE_BOUND('',#3385,.T.);
#3689=FACE_BOUND('',#3386,.T.);
#3690=FACE_BOUND('',#3387,.T.);
#3691=FACE_BOUND('',#3388,.T.);
#3692=FACE_BOUND('',#3389,.T.);
#3693=FACE_BOUND('',#3390,.T.);
#3694=FACE_BOUND('',#3391,.T.);
#3695=FACE_BOUND('',#3392,.T.);
#3696=FACE_BOUND('',#3393,.T.);
#3697=FACE_BOUND('',#3394,.T.);
#3698=FACE_BOUND('',#3395,.T.);
#3699=FACE_BOUND('',#3396,.T.);
#3700=FACE_BOUND('',#3397,.T.);
#3701=FACE_BOUND('',#3398,.T.);
#3702=FACE_BOUND('',#3399,.T.);
#3703=FACE_BOUND('',#3400,.T.);
#3704=FACE_BOUND('',#3401,.T.);
#3705=FACE_BOUND('',#3402,.T.);
#3706=FACE_BOUND('',#3403,.T.);
#3707=FACE_BOUND('',#3404,.T.);
#3708=FACE_BOUND('',#3405,.T.);
#3709=FACE_BOUND('',#3406,.T.);
#3710=FACE_BOUND('',#3407,.T.);
#3711=FACE_BOUND('',#3408,.T.);
#3712=FACE_BOUND('',#3409,.T.);
#3713=FACE_BOUND('',#3410,.T.);
#3714=FACE_BOUND('',#3411,.T.);
#3715=FACE_BOUND('',#3412,.T.);
#3716=FACE_BOUND('',#3413,.T.);
#3717=FACE_BOUND('',#3414,.T.);
#3718=FACE_BOUND('',#3415,.T.);
#3719=FACE_BOUND('',#3416,.T.);
#3720=FACE_BOUND('',#3417,.T.);
#3721=FACE_BOUND('',#3418,.T.);
#3722=FACE_BOUND('',#3419,.T.);
#3723=FACE_BOUND('',#3420,.T.);
#3724=FACE_BOUND('',#3421,.T.);
#3725=FACE_BOUND('',#3422,.T.);
#3726=FACE_BOUND('',#3423,.T.);
#3727=FACE_BOUND('',#3424,.T.);
#3728=FACE_BOUND('',#3425,.T.);
#3729=FACE_BOUND('',#3426,.T.);
#3730=FACE_BOUND('',#3427,.T.);
#3731=FACE_BOUND('',#3428,.T.);
#3732=FACE_BOUND('',#3429,.T.);
#3733=FACE_BOUND('',#3430,.T.);
#3734=FACE_BOUND('',#3431,.T.);
#3735=FACE_BOUND('',#3432,.T.);
#3736=FACE_BOUND('',#3433,.T.);
#3737=FACE_BOUND('',#3434,.T.);
#3738=FACE_BOUND('',#3435,.T.);
#3739=FACE_BOUND('',#3436,.T.);
#3740=FACE_BOUND('',#3437,.T.);
#3741=FACE_BOUND('',#3438,.T.);
#3742=FACE_BOUND('',#3439,.T.);
#3743=FACE_BOUND('',#3440,.T.);
#3744=FACE_BOUND('',#3441,.T.);
#3745=FACE_BOUND('',#3442,.T.);
#3746=FACE_BOUND('',#3443,.T.);
#3747=FACE_BOUND('',#3444,.T.);
#3748=FACE_BOUND('',#3445,.T.);
#3749=FACE_BOUND('',#3446,.T.);
#3750=FACE_BOUND('',#3447,.T.);
#3751=FACE_BOUND('',#3448,.T.);
#3752=FACE_BOUND('',#3449,.T.);
#3753=FACE_BOUND('',#3450,.T.);
#3754=FACE_BOUND('',#3451,.T.);
#3755=FACE_BOUND('',#3452,.T.);
#3756=FACE_BOUND('',#3453,.T.);
#3757=FACE_BOUND('',#3454,.T.);
#3758=FACE_BOUND('',#3455,.T.);
#3759=FACE_BOUND('',#3456,.T.);
#3760=FACE_BOUND('',#3457,.T.);
#3761=FACE_BOUND('',#3458,.T.);
#3762=FACE_BOUND('',#3459,.T.);
#3763=FACE_BOUND('',#3460,.T.);
#3764=FACE_BOUND('',#3461,.T.);
#3765=FACE_BOUND('',#3462,.T.);
#3766=FACE_BOUND('',#3463,.T.);
#3767=FACE_BOUND('',#3464,.T.);
#3768=FACE_BOUND('',#3465,.T.);
#3769=FACE_BOUND('',#3466,.T.);
#3770=FACE_BOUND('',#3467,.T.);
#3771=FACE_BOUND('',#3468,.T.);
#3772=FACE_BOUND('',#3469,.T.);
#3773=FACE_BOUND('',#3470,.T.);
#3774=FACE_BOUND('',#3471,.T.);
#3775=FACE_BOUND('',#3472,.T.);
#3776=FACE_BOUND('',#3473,.T.);
#3777=FACE_BOUND('',#3474,.T.);
#3778=FACE_BOUND('',#3475,.T.);
#3779=FACE_BOUND('',#3476,.T.);
#3780=FACE_BOUND('',#3477,.T.);
#3781=FACE_BOUND('',#3478,.T.);
#3782=FACE_BOUND('',#3479,.T.);
#3783=FACE_BOUND('',#3480,.T.);
#3784=FACE_BOUND('',#3481,.T.);
#3785=FACE_BOUND('',#3482,.T.);
#3786=FACE_BOUND('',#3483,.T.);
#3787=FACE_BOUND('',#3484,.T.);
#3788=FACE_BOUND('',#3485,.T.);
#3789=FACE_BOUND('',#3486,.T.);
#3790=FACE_BOUND('',#3487,.T.);
#3791=FACE_BOUND('',#3488,.T.);
#3792=FACE_BOUND('',#3489,.T.);
#3793=FACE_BOUND('',#3490,.T.);
#3794=FACE_BOUND('',#3491,.T.);
#3795=FACE_BOUND('',#3492,.T.);
#3796=FACE_BOUND('',#3493,.T.);
#3797=FACE_BOUND('',#3494,.T.);
#3798=FACE_BOUND('',#3495,.T.);
#3799=FACE_BOUND('',#3496,.T.);
#3800=FACE_BOUND('',#3497,.T.);
#3801=FACE_BOUND('',#3498,.T.);
#3802=FACE_BOUND('',#3499,.T.);
#3803=FACE_BOUND('',#3500,.T.);
#3804=FACE_BOUND('',#3501,.T.);
#3805=PLANE('',#4246);
#3806=PLANE('',#4288);
#3807=PLANE('',#4289);
#3808=PLANE('',#4290);
#3809=PLANE('',#4292);
#3810=PLANE('',#4296);
#3811=PLANE('',#4303);
#3812=PLANE('',#4305);
#3813=PLANE('',#4307);
#3814=PLANE('',#4308);
#3815=PLANE('',#4309);
#3816=PLANE('',#4311);
#3817=PLANE('',#4312);
#3818=PLANE('',#4313);
#3819=PLANE('',#4314);
#3820=PLANE('',#4315);
#3821=PLANE('',#4318);
#3822=PLANE('',#4322);
#3823=PLANE('',#4325);
#3824=PLANE('',#4329);
#3825=PLANE('',#4331);
#3826=PLANE('',#4335);
#3827=PLANE('',#4337);
#3828=PLANE('',#4342);
#3829=PLANE('',#4348);
#3830=PLANE('',#4350);
#3831=PLANE('',#4355);
#3832=PLANE('',#4359);
#3833=PLANE('',#4362);
#3834=PLANE('',#4363);
#3835=PLANE('',#4364);
#3836=PLANE('',#4365);
#3837=PLANE('',#4366);
#3838=PLANE('',#4367);
#3839=PLANE('',#4368);
#3840=PLANE('',#4369);
#3841=PLANE('',#4370);
#3842=PLANE('',#4371);
#3843=PLANE('',#4376);
#3844=PLANE('',#4378);
#3845=PLANE('',#4383);
#3846=PLANE('',#4386);
#3847=PLANE('',#4387);
#3848=PLANE('',#4388);
#3849=PLANE('',#4389);
#3850=PLANE('',#4390);
#3851=PLANE('',#4391);
#3852=PLANE('',#4392);
#3853=PLANE('',#4393);
#3854=PLANE('',#4394);
#3855=PLANE('',#4395);
#3856=PLANE('',#4396);
#3857=PLANE('',#4398);
#3858=PLANE('',#4399);
#3859=PLANE('',#4400);
#3860=PLANE('',#4401);
#3861=PLANE('',#4402);
#3862=PLANE('',#4403);
#3863=PLANE('',#4405);
#3864=PLANE('',#4406);
#3865=PLANE('',#4407);
#3866=PLANE('',#4408);
#3867=PLANE('',#4409);
#3868=PLANE('',#4410);
#3869=PLANE('',#4413);
#3870=PLANE('',#4414);
#3871=PLANE('',#4415);
#3872=PLANE('',#4416);
#3873=PLANE('',#4417);
#3874=PLANE('',#4419);
#3875=PLANE('',#4420);
#3876=PLANE('',#4421);
#3877=PLANE('',#4422);
#3878=PLANE('',#4423);
#3879=PLANE('',#4425);
#3880=PLANE('',#4426);
#3881=PLANE('',#4427);
#3882=PLANE('',#4428);
#3883=PLANE('',#4429);
#3884=PLANE('',#4430);
#3885=PLANE('',#4431);
#3886=PLANE('',#4432);
#3887=PLANE('',#4433);
#3888=PLANE('',#4434);
#3889=PLANE('',#4435);
#3890=PLANE('',#4436);
#3891=PLANE('',#4437);
#3892=PLANE('',#4438);
#3893=PLANE('',#4439);
#3894=PLANE('',#4440);
#3895=PLANE('',#4441);
#3896=PLANE('',#4442);
#3897=PLANE('',#4444);
#3898=PLANE('',#4445);
#3899=PLANE('',#4446);
#3900=PLANE('',#4447);
#3901=PLANE('',#4448);
#3902=PLANE('',#4449);
#3903=PLANE('',#4450);
#3904=PLANE('',#4451);
#3905=PLANE('',#4452);
#3906=PLANE('',#4453);
#3907=PLANE('',#4454);
#3908=PLANE('',#4455);
#3909=PLANE('',#4457);
#3910=PLANE('',#4459);
#3911=PLANE('',#4460);
#3912=PLANE('',#4461);
#3913=PLANE('',#4462);
#3914=PLANE('',#4463);
#3915=PLANE('',#4464);
#3916=PLANE('',#4465);
#3917=PLANE('',#4466);
#3918=PLANE('',#4467);
#3919=PLANE('',#4468);
#3920=PLANE('',#4469);
#3921=PLANE('',#4470);
#3922=PLANE('',#4472);
#3923=PLANE('',#4475);
#3924=PLANE('',#4476);
#3925=PLANE('',#4477);
#3926=PLANE('',#4478);
#3927=PLANE('',#4479);
#3928=PLANE('',#4480);
#3929=PLANE('',#4482);
#3930=PLANE('',#4483);
#3931=PLANE('',#4484);
#3932=PLANE('',#4485);
#3933=PLANE('',#4486);
#3934=PLANE('',#4488);
#3935=PLANE('',#4490);
#3936=PLANE('',#4491);
#3937=PLANE('',#4492);
#3938=PLANE('',#4493);
#3939=PLANE('',#4494);
#3940=PLANE('',#4495);
#3941=PLANE('',#4496);
#3942=PLANE('',#4497);
#3943=PLANE('',#4498);
#3944=PLANE('',#4499);
#3945=PLANE('',#4500);
#3946=PLANE('',#4501);
#3947=PLANE('',#4503);
#3948=PLANE('',#4505);
#3949=PLANE('',#4506);
#3950=PLANE('',#4507);
#3951=PLANE('',#4508);
#3952=PLANE('',#4509);
#3953=PLANE('',#4510);
#3954=PLANE('',#4511);
#3955=PLANE('',#4512);
#3956=PLANE('',#4513);
#3957=PLANE('',#4514);
#3958=PLANE('',#4515);
#3959=PLANE('',#4516);
#3960=PLANE('',#4518);
#3961=PLANE('',#4520);
#3962=PLANE('',#4521);
#3963=PLANE('',#4522);
#3964=PLANE('',#4523);
#3965=PLANE('',#4524);
#3966=PLANE('',#4525);
#3967=PLANE('',#4526);
#3968=PLANE('',#4527);
#3969=PLANE('',#4528);
#3970=PLANE('',#4529);
#3971=PLANE('',#4530);
#3972=PLANE('',#4531);
#3973=PLANE('',#4533);
#3974=PLANE('',#4535);
#3975=PLANE('',#4536);
#3976=PLANE('',#4537);
#3977=PLANE('',#4538);
#3978=PLANE('',#4539);
#3979=PLANE('',#4540);
#3980=PLANE('',#4541);
#3981=PLANE('',#4542);
#3982=PLANE('',#4543);
#3983=PLANE('',#4544);
#3984=PLANE('',#4545);
#3985=PLANE('',#4546);
#3986=PLANE('',#4548);
#3987=PLANE('',#4558);
#3988=PLANE('',#4560);
#3989=PLANE('',#4562);
#3990=PLANE('',#4564);
#3991=PLANE('',#4565);
#3992=PLANE('',#4568);
#3993=PLANE('',#4571);
#3994=PLANE('',#4574);
#3995=ADVANCED_FACE('',(#3502,#3503,#3504,#3505,#3506,#3507,#3508,#3509,
#3510),#3805,.T.);
#3996=ADVANCED_FACE('',(#3511,#3512),#36,.F.);
#3997=ADVANCED_FACE('',(#3513,#3514),#37,.F.);
#3998=ADVANCED_FACE('',(#3515,#3516),#38,.F.);
#3999=ADVANCED_FACE('',(#3517,#3518),#39,.F.);
#4000=ADVANCED_FACE('',(#3519),#40,.F.);
#4001=ADVANCED_FACE('',(#3520,#3521),#41,.F.);
#4002=ADVANCED_FACE('',(#3522,#3523),#42,.F.);
#4003=ADVANCED_FACE('',(#3524,#3525),#43,.F.);
#4004=ADVANCED_FACE('',(#3526,#3527),#44,.F.);
#4005=ADVANCED_FACE('',(#3528,#3529),#45,.F.);
#4006=ADVANCED_FACE('',(#3530),#3806,.T.);
#4007=ADVANCED_FACE('',(#3531),#3807,.T.);
#4008=ADVANCED_FACE('',(#3532),#3808,.T.);
#4009=ADVANCED_FACE('',(#3533),#3809,.T.);
#4010=ADVANCED_FACE('',(#3534,#3535),#46,.F.);
#4011=ADVANCED_FACE('',(#3536,#3537),#3810,.T.);
#4012=ADVANCED_FACE('',(#3538,#3539),#47,.F.);
#4013=ADVANCED_FACE('',(#3540),#48,.F.);
#4014=ADVANCED_FACE('',(#3541,#3542,#3543),#3811,.F.);
#4015=ADVANCED_FACE('',(#3544,#3545,#3546,#3547,#3548,#3549,#3550,#3551),
#3812,.F.);
#4016=ADVANCED_FACE('',(#3552),#3813,.T.);
#4017=ADVANCED_FACE('',(#3553,#3554,#3555),#3814,.F.);
#4018=ADVANCED_FACE('',(#3556),#3815,.T.);
#4019=ADVANCED_FACE('',(#3557),#3816,.F.);
#4020=ADVANCED_FACE('',(#3558),#3817,.T.);
#4021=ADVANCED_FACE('',(#3559),#3818,.T.);
#4022=ADVANCED_FACE('',(#3560),#3819,.T.);
#4023=ADVANCED_FACE('',(#3561),#3820,.F.);
#4024=ADVANCED_FACE('',(#3562),#3821,.F.);
#4025=ADVANCED_FACE('',(#3563),#49,.F.);
#4026=ADVANCED_FACE('',(#3564),#3822,.T.);
#4027=ADVANCED_FACE('',(#3565),#3823,.T.);
#4028=ADVANCED_FACE('',(#3566),#50,.F.);
#4029=ADVANCED_FACE('',(#3567),#3824,.F.);
#4030=ADVANCED_FACE('',(#3568),#3825,.T.);
#4031=ADVANCED_FACE('',(#3569),#51,.F.);
#4032=ADVANCED_FACE('',(#3570),#3826,.F.);
#4033=ADVANCED_FACE('',(#3571),#3827,.T.);
#4034=ADVANCED_FACE('',(#3572),#52,.F.);
#4035=ADVANCED_FACE('',(#3573),#3828,.T.);
#4036=ADVANCED_FACE('',(#3574),#53,.F.);
#4037=ADVANCED_FACE('',(#3575),#54,.F.);
#4038=ADVANCED_FACE('',(#3576),#55,.F.);
#4039=ADVANCED_FACE('',(#3577),#3829,.T.);
#4040=ADVANCED_FACE('',(#3578),#3830,.F.);
#4041=ADVANCED_FACE('',(#3579),#56,.F.);
#4042=ADVANCED_FACE('',(#3580),#3831,.F.);
#4043=ADVANCED_FACE('',(#3581),#57,.F.);
#4044=ADVANCED_FACE('',(#3582),#3832,.F.);
#4045=ADVANCED_FACE('',(#3583),#58,.F.);
#4046=ADVANCED_FACE('',(#3584),#3833,.F.);
#4047=ADVANCED_FACE('',(#3585),#3834,.F.);
#4048=ADVANCED_FACE('',(#3586),#3835,.T.);
#4049=ADVANCED_FACE('',(#3587),#3836,.F.);
#4050=ADVANCED_FACE('',(#3588),#3837,.T.);
#4051=ADVANCED_FACE('',(#3589),#3838,.F.);
#4052=ADVANCED_FACE('',(#3590),#3839,.T.);
#4053=ADVANCED_FACE('',(#3591),#3840,.T.);
#4054=ADVANCED_FACE('',(#3592),#3841,.F.);
#4055=ADVANCED_FACE('',(#3593),#3842,.T.);
#4056=ADVANCED_FACE('',(#3594,#3595),#59,.F.);
#4057=ADVANCED_FACE('',(#3596,#3597),#60,.F.);
#4058=ADVANCED_FACE('',(#3598,#3599,#3600),#3843,.F.);
#4059=ADVANCED_FACE('',(#3601),#3844,.F.);
#4060=ADVANCED_FACE('',(#3602),#61,.F.);
#4061=ADVANCED_FACE('',(#3603),#62,.F.);
#4062=ADVANCED_FACE('',(#3604),#3845,.F.);
#4063=ADVANCED_FACE('',(#3605),#63,.F.);
#4064=ADVANCED_FACE('',(#3606),#64,.F.);
#4065=ADVANCED_FACE('',(#3607),#3846,.F.);
#4066=ADVANCED_FACE('',(#3608),#3847,.F.);
#4067=ADVANCED_FACE('',(#3609,#3610),#3848,.T.);
#4068=ADVANCED_FACE('',(#3611,#3612),#3849,.T.);
#4069=ADVANCED_FACE('',(#3613),#3850,.T.);
#4070=ADVANCED_FACE('',(#3614),#3851,.T.);
#4071=ADVANCED_FACE('',(#3615),#3852,.T.);
#4072=ADVANCED_FACE('',(#3616),#3853,.T.);
#4073=ADVANCED_FACE('',(#3617),#3854,.T.);
#4074=ADVANCED_FACE('',(#3618),#3855,.T.);
#4075=ADVANCED_FACE('',(#3619,#3620),#3856,.T.);
#4076=ADVANCED_FACE('',(#3621),#3857,.F.);
#4077=ADVANCED_FACE('',(#3622),#3858,.F.);
#4078=ADVANCED_FACE('',(#3623),#3859,.F.);
#4079=ADVANCED_FACE('',(#3624),#3860,.F.);
#4080=ADVANCED_FACE('',(#3625),#3861,.F.);
#4081=ADVANCED_FACE('',(#3626),#3862,.F.);
#4082=ADVANCED_FACE('',(#3627,#3628),#12,.F.);
#4083=ADVANCED_FACE('',(#3629),#3863,.T.);
#4084=ADVANCED_FACE('',(#3630),#3864,.T.);
#4085=ADVANCED_FACE('',(#3631),#3865,.T.);
#4086=ADVANCED_FACE('',(#3632),#3866,.T.);
#4087=ADVANCED_FACE('',(#3633),#3867,.T.);
#4088=ADVANCED_FACE('',(#3634,#3635),#3868,.T.);
#4089=ADVANCED_FACE('',(#3636),#3869,.F.);
#4090=ADVANCED_FACE('',(#3637),#3870,.F.);
#4091=ADVANCED_FACE('',(#3638),#3871,.F.);
#4092=ADVANCED_FACE('',(#3639),#3872,.F.);
#4093=ADVANCED_FACE('',(#3640),#3873,.T.);
#4094=ADVANCED_FACE('',(#3641),#13,.F.);
#4095=ADVANCED_FACE('',(#3642),#3874,.T.);
#4096=ADVANCED_FACE('',(#3643),#3875,.T.);
#4097=ADVANCED_FACE('',(#3644),#3876,.F.);
#4098=ADVANCED_FACE('',(#3645),#3877,.F.);
#4099=ADVANCED_FACE('',(#3646),#3878,.F.);
#4100=ADVANCED_FACE('',(#3647,#3648),#14,.F.);
#4101=ADVANCED_FACE('',(#3649,#3650),#3879,.T.);
#4102=ADVANCED_FACE('',(#3651),#3880,.F.);
#4103=ADVANCED_FACE('',(#3652),#3881,.F.);
#4104=ADVANCED_FACE('',(#3653),#3882,.F.);
#4105=ADVANCED_FACE('',(#3654),#3883,.F.);
#4106=ADVANCED_FACE('',(#3655),#3884,.F.);
#4107=ADVANCED_FACE('',(#3656),#3885,.F.);
#4108=ADVANCED_FACE('',(#3657,#3658),#3886,.T.);
#4109=ADVANCED_FACE('',(#3659),#3887,.F.);
#4110=ADVANCED_FACE('',(#3660),#3888,.F.);
#4111=ADVANCED_FACE('',(#3661),#3889,.F.);
#4112=ADVANCED_FACE('',(#3662),#3890,.F.);
#4113=ADVANCED_FACE('',(#3663),#3891,.F.);
#4114=ADVANCED_FACE('',(#3664),#3892,.F.);
#4115=ADVANCED_FACE('',(#3665),#3893,.F.);
#4116=ADVANCED_FACE('',(#3666),#3894,.T.);
#4117=ADVANCED_FACE('',(#3667),#3895,.T.);
#4118=ADVANCED_FACE('',(#3668,#3669),#3896,.T.);
#4119=ADVANCED_FACE('',(#3670),#3897,.T.);
#4120=ADVANCED_FACE('',(#3671),#3898,.T.);
#4121=ADVANCED_FACE('',(#3672),#3899,.T.);
#4122=ADVANCED_FACE('',(#3673),#3900,.T.);
#4123=ADVANCED_FACE('',(#3674),#3901,.T.);
#4124=ADVANCED_FACE('',(#3675),#3902,.T.);
#4125=ADVANCED_FACE('',(#3676),#3903,.F.);
#4126=ADVANCED_FACE('',(#3677),#3904,.F.);
#4127=ADVANCED_FACE('',(#3678),#3905,.F.);
#4128=ADVANCED_FACE('',(#3679),#3906,.F.);
#4129=ADVANCED_FACE('',(#3680),#3907,.F.);
#4130=ADVANCED_FACE('',(#3681),#3908,.F.);
#4131=ADVANCED_FACE('',(#3682,#3683),#15,.F.);
#4132=ADVANCED_FACE('',(#3684,#3685),#3909,.T.);
#4133=ADVANCED_FACE('',(#3686),#3910,.T.);
#4134=ADVANCED_FACE('',(#3687),#3911,.T.);
#4135=ADVANCED_FACE('',(#3688),#3912,.T.);
#4136=ADVANCED_FACE('',(#3689),#3913,.T.);
#4137=ADVANCED_FACE('',(#3690),#3914,.T.);
#4138=ADVANCED_FACE('',(#3691),#3915,.T.);
#4139=ADVANCED_FACE('',(#3692),#3916,.F.);
#4140=ADVANCED_FACE('',(#3693),#3917,.F.);
#4141=ADVANCED_FACE('',(#3694),#3918,.F.);
#4142=ADVANCED_FACE('',(#3695),#3919,.F.);
#4143=ADVANCED_FACE('',(#3696),#3920,.F.);
#4144=ADVANCED_FACE('',(#3697),#3921,.F.);
#4145=ADVANCED_FACE('',(#3698,#3699),#16,.F.);
#4146=ADVANCED_FACE('',(#3700,#3701),#3922,.T.);
#4147=ADVANCED_FACE('',(#3702),#3923,.T.);
#4148=ADVANCED_FACE('',(#3703),#3924,.T.);
#4149=ADVANCED_FACE('',(#3704),#3925,.T.);
#4150=ADVANCED_FACE('',(#3705),#3926,.T.);
#4151=ADVANCED_FACE('',(#3706),#3927,.T.);
#4152=ADVANCED_FACE('',(#3707),#3928,.F.);
#4153=ADVANCED_FACE('',(#3708),#17,.F.);
#4154=ADVANCED_FACE('',(#3709),#3929,.F.);
#4155=ADVANCED_FACE('',(#3710),#3930,.T.);
#4156=ADVANCED_FACE('',(#3711),#3931,.F.);
#4157=ADVANCED_FACE('',(#3712),#3932,.F.);
#4158=ADVANCED_FACE('',(#3713),#3933,.F.);
#4159=ADVANCED_FACE('',(#3714,#3715),#18,.F.);
#4160=ADVANCED_FACE('',(#3716,#3717),#3934,.T.);
#4161=ADVANCED_FACE('',(#3718),#3935,.T.);
#4162=ADVANCED_FACE('',(#3719),#3936,.T.);
#4163=ADVANCED_FACE('',(#3720),#3937,.T.);
#4164=ADVANCED_FACE('',(#3721),#3938,.T.);
#4165=ADVANCED_FACE('',(#3722),#3939,.T.);
#4166=ADVANCED_FACE('',(#3723),#3940,.T.);
#4167=ADVANCED_FACE('',(#3724),#3941,.F.);
#4168=ADVANCED_FACE('',(#3725),#3942,.F.);
#4169=ADVANCED_FACE('',(#3726),#3943,.F.);
#4170=ADVANCED_FACE('',(#3727),#3944,.F.);
#4171=ADVANCED_FACE('',(#3728),#3945,.F.);
#4172=ADVANCED_FACE('',(#3729),#3946,.F.);
#4173=ADVANCED_FACE('',(#3730,#3731),#19,.F.);
#4174=ADVANCED_FACE('',(#3732,#3733),#3947,.T.);
#4175=ADVANCED_FACE('',(#3734),#3948,.T.);
#4176=ADVANCED_FACE('',(#3735),#3949,.T.);
#4177=ADVANCED_FACE('',(#3736),#3950,.T.);
#4178=ADVANCED_FACE('',(#3737),#3951,.T.);
#4179=ADVANCED_FACE('',(#3738),#3952,.T.);
#4180=ADVANCED_FACE('',(#3739),#3953,.T.);
#4181=ADVANCED_FACE('',(#3740),#3954,.F.);
#4182=ADVANCED_FACE('',(#3741),#3955,.F.);
#4183=ADVANCED_FACE('',(#3742),#3956,.F.);
#4184=ADVANCED_FACE('',(#3743),#3957,.F.);
#4185=ADVANCED_FACE('',(#3744),#3958,.F.);
#4186=ADVANCED_FACE('',(#3745),#3959,.F.);
#4187=ADVANCED_FACE('',(#3746,#3747),#20,.F.);
#4188=ADVANCED_FACE('',(#3748,#3749),#3960,.T.);
#4189=ADVANCED_FACE('',(#3750),#3961,.T.);
#4190=ADVANCED_FACE('',(#3751),#3962,.T.);
#4191=ADVANCED_FACE('',(#3752),#3963,.T.);
#4192=ADVANCED_FACE('',(#3753),#3964,.T.);
#4193=ADVANCED_FACE('',(#3754),#3965,.T.);
#4194=ADVANCED_FACE('',(#3755),#3966,.T.);
#4195=ADVANCED_FACE('',(#3756),#3967,.F.);
#4196=ADVANCED_FACE('',(#3757),#3968,.F.);
#4197=ADVANCED_FACE('',(#3758),#3969,.F.);
#4198=ADVANCED_FACE('',(#3759),#3970,.F.);
#4199=ADVANCED_FACE('',(#3760),#3971,.F.);
#4200=ADVANCED_FACE('',(#3761),#3972,.F.);
#4201=ADVANCED_FACE('',(#3762,#3763),#21,.F.);
#4202=ADVANCED_FACE('',(#3764,#3765),#3973,.T.);
#4203=ADVANCED_FACE('',(#3766),#3974,.T.);
#4204=ADVANCED_FACE('',(#3767),#3975,.T.);
#4205=ADVANCED_FACE('',(#3768),#3976,.T.);
#4206=ADVANCED_FACE('',(#3769),#3977,.T.);
#4207=ADVANCED_FACE('',(#3770),#3978,.T.);
#4208=ADVANCED_FACE('',(#3771),#3979,.T.);
#4209=ADVANCED_FACE('',(#3772),#3980,.F.);
#4210=ADVANCED_FACE('',(#3773),#3981,.F.);
#4211=ADVANCED_FACE('',(#3774),#3982,.F.);
#4212=ADVANCED_FACE('',(#3775),#3983,.F.);
#4213=ADVANCED_FACE('',(#3776),#3984,.F.);
#4214=ADVANCED_FACE('',(#3777),#3985,.F.);
#4215=ADVANCED_FACE('',(#3778,#3779),#22,.F.);
#4216=ADVANCED_FACE('',(#3780,#3781,#3782,#3783,#3784),#3986,.T.);
#4217=ADVANCED_FACE('',(#3785),#65,.F.);
#4218=ADVANCED_FACE('',(#3786),#3987,.F.);
#4219=ADVANCED_FACE('',(#3787),#66,.F.);
#4220=ADVANCED_FACE('',(#3788),#3988,.F.);
#4221=ADVANCED_FACE('',(#3789),#67,.F.);
#4222=ADVANCED_FACE('',(#3790),#3989,.F.);
#4223=ADVANCED_FACE('',(#3791),#68,.F.);
#4224=ADVANCED_FACE('',(#3792),#3990,.F.);
#4225=ADVANCED_FACE('',(#3793),#3991,.T.);
#4226=ADVANCED_FACE('',(#3794,#3795),#69,.F.);
#4227=ADVANCED_FACE('',(#3796),#3992,.T.);
#4228=ADVANCED_FACE('',(#3797,#3798),#70,.F.);
#4229=ADVANCED_FACE('',(#3799),#3993,.T.);
#4230=ADVANCED_FACE('',(#3800,#3801),#71,.F.);
#4231=ADVANCED_FACE('',(#3802),#3994,.T.);
#4232=ADVANCED_FACE('',(#3803,#3804),#72,.F.);
#4233=CLOSED_SHELL('',(#3995,#3996,#3997,#3998,#3999,#4000,#4001,#4002,
#4003,#4004,#4005,#4006,#4007,#4008,#4009,#4010,#4011,#4012,#4013,#4014,
#4015,#4016,#4017,#4018,#4019,#4020,#4021,#4022,#4023,#4024,#4025,#4026,
#4027,#4028,#4029,#4030,#4031,#4032,#4033,#4034,#4035,#4036,#4037,#4038,
#4039,#4040,#4041,#4042,#4043,#4044,#4045,#4046,#4047,#4048,#4049,#4050,
#4051,#4052,#4053,#4054,#4055,#4056,#4057,#4058,#4059,#4060,#4061,#4062,
#4063,#4064,#4065,#4066,#4067,#4068,#4069,#4070,#4071,#4072,#4073,#4074,
#4075,#4076,#4077,#4078,#4079,#4080,#4081,#4082,#4083,#4084,#4085,#4086,
#4087,#4088,#4089,#4090,#4091,#4092,#4093,#4094,#4095,#4096,#4097,#4098,
#4099,#4100,#4101,#4102,#4103,#4104,#4105,#4106,#4107,#4108,#4109,#4110,
#4111,#4112,#4113,#4114,#4115,#4116,#4117,#4118,#4119,#4120,#4121,#4122,
#4123,#4124,#4125,#4126,#4127,#4128,#4129,#4130,#4131,#4132,#4133,#4134,
#4135,#4136,#4137,#4138,#4139,#4140,#4141,#4142,#4143,#4144,#4145,#4146,
#4147,#4148,#4149,#4150,#4151,#4152,#4153,#4154,#4155,#4156,#4157,#4158,
#4159,#4160,#4161,#4162,#4163,#4164,#4165,#4166,#4167,#4168,#4169,#4170,
#4171,#4172,#4173,#4174,#4175,#4176,#4177,#4178,#4179,#4180,#4181,#4182,
#4183,#4184,#4185,#4186,#4187,#4188,#4189,#4190,#4191,#4192,#4193,#4194,
#4195,#4196,#4197,#4198,#4199,#4200,#4201,#4202,#4203,#4204,#4205,#4206,
#4207,#4208,#4209,#4210,#4211,#4212,#4213,#4214,#4215,#4216,#4217,#4218,
#4219,#4220,#4221,#4222,#4223,#4224,#4225,#4226,#4227,#4228,#4229,#4230,
#4231,#4232));
#4234=STYLED_ITEM('',(#4235),#4242);
#4235=PRESENTATION_STYLE_ASSIGNMENT((#4236));
#4236=SURFACE_STYLE_USAGE(.BOTH.,#4237);
#4237=SURFACE_SIDE_STYLE('',(#4238));
#4238=SURFACE_STYLE_FILL_AREA(#4239);
#4239=FILL_AREA_STYLE('',(#4240));
#4240=FILL_AREA_STYLE_COLOUR('',#4241);
#4241=COLOUR_RGB('',0.980392156862745,0.713725490196078,0.00392156862745098);
#4242=MANIFOLD_SOLID_BREP('House Top',#4233);
#4243=SHAPE_DEFINITION_REPRESENTATION(#6945,#4244);
#4244=SHAPE_REPRESENTATION('House Top',(#4245),#6940);
#4245=AXIS2_PLACEMENT_3D('',#5708,#4577,#4578);
#4246=AXIS2_PLACEMENT_3D('',#5709,#4579,#4580);
#4247=AXIS2_PLACEMENT_3D('',#5739,#4595,#4596);
#4248=AXIS2_PLACEMENT_3D('',#5755,#4604,#4605);
#4249=AXIS2_PLACEMENT_3D('',#5775,#4615,#4616);
#4250=AXIS2_PLACEMENT_3D('',#5843,#4650,#4651);
#4251=AXIS2_PLACEMENT_3D('',#5847,#4653,#4654);
#4252=AXIS2_PLACEMENT_3D('',#5851,#4656,#4657);
#4253=AXIS2_PLACEMENT_3D('',#5855,#4659,#4660);
#4254=AXIS2_PLACEMENT_3D('',#5856,#4661,#4662);
#4255=AXIS2_PLACEMENT_3D('',#5857,#4663,#4664);
#4256=AXIS2_PLACEMENT_3D('',#5859,#4665,#4666);
#4257=AXIS2_PLACEMENT_3D('',#5861,#4667,#4668);
#4258=AXIS2_PLACEMENT_3D('',#5862,#4669,#4670);
#4259=AXIS2_PLACEMENT_3D('',#5864,#4671,#4672);
#4260=AXIS2_PLACEMENT_3D('',#5866,#4673,#4674);
#4261=AXIS2_PLACEMENT_3D('',#5867,#4675,#4676);
#4262=AXIS2_PLACEMENT_3D('',#5869,#4677,#4678);
#4263=AXIS2_PLACEMENT_3D('',#5871,#4679,#4680);
#4264=AXIS2_PLACEMENT_3D('',#5872,#4681,#4682);
#4265=AXIS2_PLACEMENT_3D('',#5874,#4683,#4684);
#4266=AXIS2_PLACEMENT_3D('',#5876,#4685,#4686);
#4267=AXIS2_PLACEMENT_3D('',#5879,#4688,#4689);
#4268=AXIS2_PLACEMENT_3D('',#5883,#4691,#4692);
#4269=AXIS2_PLACEMENT_3D('',#5887,#4694,#4695);
#4270=AXIS2_PLACEMENT_3D('',#5891,#4697,#4698);
#4271=AXIS2_PLACEMENT_3D('',#5896,#4701,#4702);
#4272=AXIS2_PLACEMENT_3D('',#5900,#4704,#4705);
#4273=AXIS2_PLACEMENT_3D('',#5903,#4707,#4708);
#4274=AXIS2_PLACEMENT_3D('',#5904,#4709,#4710);
#4275=AXIS2_PLACEMENT_3D('',#5906,#4711,#4712);
#4276=AXIS2_PLACEMENT_3D('',#5908,#4713,#4714);
#4277=AXIS2_PLACEMENT_3D('',#5909,#4715,#4716);
#4278=AXIS2_PLACEMENT_3D('',#5911,#4717,#4718);
#4279=AXIS2_PLACEMENT_3D('',#5913,#4719,#4720);
#4280=AXIS2_PLACEMENT_3D('',#5914,#4721,#4722);
#4281=AXIS2_PLACEMENT_3D('',#5916,#4723,#4724);
#4282=AXIS2_PLACEMENT_3D('',#5918,#4725,#4726);
#4283=AXIS2_PLACEMENT_3D('',#5919,#4727,#4728);
#4284=AXIS2_PLACEMENT_3D('',#5921,#4729,#4730);
#4285=AXIS2_PLACEMENT_3D('',#5923,#4731,#4732);
#4286=AXIS2_PLACEMENT_3D('',#5924,#4733,#4734);
#4287=AXIS2_PLACEMENT_3D('',#5926,#4735,#4736);
#4288=AXIS2_PLACEMENT_3D('',#5928,#4737,#4738);
#4289=AXIS2_PLACEMENT_3D('',#5940,#4745,#4746);
#4290=AXIS2_PLACEMENT_3D('',#5952,#4753,#4754);
#4291=AXIS2_PLACEMENT_3D('',#5958,#4757,#4758);
#4292=AXIS2_PLACEMENT_3D('',#5964,#4762,#4763);
#4293=AXIS2_PLACEMENT_3D('',#5971,#4768,#4769);
#4294=AXIS2_PLACEMENT_3D('',#5972,#4770,#4771);
#4295=AXIS2_PLACEMENT_3D('',#5974,#4772,#4773);
#4296=AXIS2_PLACEMENT_3D('',#5976,#4774,#4775);
#4297=AXIS2_PLACEMENT_3D('',#5997,#4786,#4787);
#4298=AXIS2_PLACEMENT_3D('',#5998,#4788,#4789);
#4299=AXIS2_PLACEMENT_3D('',#6000,#4790,#4791);
#4300=AXIS2_PLACEMENT_3D('',#6002,#4792,#4793);
#4301=AXIS2_PLACEMENT_3D('',#6003,#4794,#4795);
#4302=AXIS2_PLACEMENT_3D('',#6008,#4797,#4798);
#4303=AXIS2_PLACEMENT_3D('',#6011,#4800,#4801);
#4304=AXIS2_PLACEMENT_3D('',#6012,#4802,#4803);
#4305=AXIS2_PLACEMENT_3D('',#6073,#4829,#4830);
#4306=AXIS2_PLACEMENT_3D('',#6074,#4831,#4832);
#4307=AXIS2_PLACEMENT_3D('',#6156,#4866,#4867);
#4308=AXIS2_PLACEMENT_3D('',#6159,#4870,#4871);
#4309=AXIS2_PLACEMENT_3D('',#6179,#4882,#4883);
#4310=AXIS2_PLACEMENT_3D('',#6182,#4886,#4887);
#4311=AXIS2_PLACEMENT_3D('',#6183,#4888,#4889);
#4312=AXIS2_PLACEMENT_3D('',#6188,#4890,#4891);
#4313=AXIS2_PLACEMENT_3D('',#6190,#4893,#4894);
#4314=AXIS2_PLACEMENT_3D('',#6192,#4896,#4897);
#4315=AXIS2_PLACEMENT_3D('',#6193,#4898,#4899);
#4316=AXIS2_PLACEMENT_3D('',#6194,#4900,#4901);
#4317=AXIS2_PLACEMENT_3D('',#6195,#4902,#4903);
#4318=AXIS2_PLACEMENT_3D('',#6196,#4904,#4905);
#4319=AXIS2_PLACEMENT_3D('',#6197,#4906,#4907);
#4320=AXIS2_PLACEMENT_3D('',#6198,#4908,#4909);
#4321=AXIS2_PLACEMENT_3D('',#6199,#4910,#4911);
#4322=AXIS2_PLACEMENT_3D('',#6200,#4912,#4913);
#4323=AXIS2_PLACEMENT_3D('',#6201,#4914,#4915);
#4324=AXIS2_PLACEMENT_3D('',#6202,#4916,#4917);
#4325=AXIS2_PLACEMENT_3D('',#6203,#4918,#4919);
#4326=AXIS2_PLACEMENT_3D('',#6204,#4920,#4921);
#4327=AXIS2_PLACEMENT_3D('',#6205,#4922,#4923);
#4328=AXIS2_PLACEMENT_3D('',#6206,#4924,#4925);
#4329=AXIS2_PLACEMENT_3D('',#6207,#4926,#4927);
#4330=AXIS2_PLACEMENT_3D('',#6209,#4929,#4930);
#4331=AXIS2_PLACEMENT_3D('',#6210,#4931,#4932);
#4332=AXIS2_PLACEMENT_3D('',#6211,#4933,#4934);
#4333=AXIS2_PLACEMENT_3D('',#6213,#4936,#4937);
#4334=AXIS2_PLACEMENT_3D('',#6214,#4938,#4939);
#4335=AXIS2_PLACEMENT_3D('',#6215,#4940,#4941);
#4336=AXIS2_PLACEMENT_3D('',#6216,#4942,#4943);
#4337=AXIS2_PLACEMENT_3D('',#6217,#4944,#4945);
#4338=AXIS2_PLACEMENT_3D('',#6218,#4946,#4947);
#4339=AXIS2_PLACEMENT_3D('',#6219,#4948,#4949);
#4340=AXIS2_PLACEMENT_3D('',#6220,#4950,#4951);
#4341=AXIS2_PLACEMENT_3D('',#6221,#4952,#4953);
#4342=AXIS2_PLACEMENT_3D('',#6222,#4954,#4955);
#4343=AXIS2_PLACEMENT_3D('',#6223,#4956,#4957);
#4344=AXIS2_PLACEMENT_3D('',#6224,#4958,#4959);
#4345=AXIS2_PLACEMENT_3D('',#6225,#4960,#4961);
#4346=AXIS2_PLACEMENT_3D('',#6226,#4962,#4963);
#4347=AXIS2_PLACEMENT_3D('',#6227,#4964,#4965);
#4348=AXIS2_PLACEMENT_3D('',#6228,#4966,#4967);
#4349=AXIS2_PLACEMENT_3D('',#6229,#4968,#4969);
#4350=AXIS2_PLACEMENT_3D('',#6230,#4970,#4971);
#4351=AXIS2_PLACEMENT_3D('',#6231,#4972,#4973);
#4352=AXIS2_PLACEMENT_3D('',#6232,#4974,#4975);
#4353=AXIS2_PLACEMENT_3D('',#6233,#4976,#4977);
#4354=AXIS2_PLACEMENT_3D('',#6234,#4978,#4979);
#4355=AXIS2_PLACEMENT_3D('',#6235,#4980,#4981);
#4356=AXIS2_PLACEMENT_3D('',#6236,#4982,#4983);
#4357=AXIS2_PLACEMENT_3D('',#6237,#4984,#4985);
#4358=AXIS2_PLACEMENT_3D('',#6238,#4986,#4987);
#4359=AXIS2_PLACEMENT_3D('',#6239,#4988,#4989);
#4360=AXIS2_PLACEMENT_3D('',#6240,#4990,#4991);
#4361=AXIS2_PLACEMENT_3D('',#6241,#4992,#4993);
#4362=AXIS2_PLACEMENT_3D('',#6242,#4994,#4995);
#4363=AXIS2_PLACEMENT_3D('',#6248,#4999,#5000);
#4364=AXIS2_PLACEMENT_3D('',#6250,#5002,#5003);
#4365=AXIS2_PLACEMENT_3D('',#6256,#5007,#5008);
#4366=AXIS2_PLACEMENT_3D('',#6258,#5010,#5011);
#4367=AXIS2_PLACEMENT_3D('',#6260,#5013,#5014);
#4368=AXIS2_PLACEMENT_3D('',#6266,#5016,#5017);
#4369=AXIS2_PLACEMENT_3D('',#6267,#5018,#5019);
#4370=AXIS2_PLACEMENT_3D('',#6270,#5022,#5023);
#4371=AXIS2_PLACEMENT_3D('',#6272,#5025,#5026);
#4372=AXIS2_PLACEMENT_3D('',#6274,#5028,#5029);
#4373=AXIS2_PLACEMENT_3D('',#6275,#5030,#5031);
#4374=AXIS2_PLACEMENT_3D('',#6277,#5032,#5033);
#4375=AXIS2_PLACEMENT_3D('',#6278,#5034,#5035);
#4376=AXIS2_PLACEMENT_3D('',#6280,#5036,#5037);
#4377=AXIS2_PLACEMENT_3D('',#6282,#5039,#5040);
#4378=AXIS2_PLACEMENT_3D('',#6283,#5041,#5042);
#4379=AXIS2_PLACEMENT_3D('',#6284,#5043,#5044);
#4380=AXIS2_PLACEMENT_3D('',#6285,#5045,#5046);
#4381=AXIS2_PLACEMENT_3D('',#6286,#5047,#5048);
#4382=AXIS2_PLACEMENT_3D('',#6287,#5049,#5050);
#4383=AXIS2_PLACEMENT_3D('',#6288,#5051,#5052);
#4384=AXIS2_PLACEMENT_3D('',#6289,#5053,#5054);
#4385=AXIS2_PLACEMENT_3D('',#6290,#5055,#5056);
#4386=AXIS2_PLACEMENT_3D('',#6291,#5057,#5058);
#4387=AXIS2_PLACEMENT_3D('',#6292,#5059,#5060);
#4388=AXIS2_PLACEMENT_3D('',#6293,#5061,#5062);
#4389=AXIS2_PLACEMENT_3D('',#6306,#5069,#5070);
#4390=AXIS2_PLACEMENT_3D('',#6319,#5077,#5078);
#4391=AXIS2_PLACEMENT_3D('',#6328,#5083,#5084);
#4392=AXIS2_PLACEMENT_3D('',#6334,#5088,#5089);
#4393=AXIS2_PLACEMENT_3D('',#6340,#5093,#5094);
#4394=AXIS2_PLACEMENT_3D('',#6346,#5098,#5099);
#4395=AXIS2_PLACEMENT_3D('',#6352,#5103,#5104);
#4396=AXIS2_PLACEMENT_3D('',#6355,#5107,#5108);
#4397=AXIS2_PLACEMENT_3D('',#6356,#5109,#5110);
#4398=AXIS2_PLACEMENT_3D('',#6358,#5111,#5112);
#4399=AXIS2_PLACEMENT_3D('',#6361,#5115,#5116);
#4400=AXIS2_PLACEMENT_3D('',#6363,#5118,#5119);
#4401=AXIS2_PLACEMENT_3D('',#6365,#5121,#5122);
#4402=AXIS2_PLACEMENT_3D('',#6367,#5124,#5125);
#4403=AXIS2_PLACEMENT_3D('',#6369,#5127,#5128);
#4404=AXIS2_PLACEMENT_3D('',#6370,#5129,#5130);
#4405=AXIS2_PLACEMENT_3D('',#6371,#5131,#5132);
#4406=AXIS2_PLACEMENT_3D('',#6384,#5139,#5140);
#4407=AXIS2_PLACEMENT_3D('',#6394,#5146,#5147);
#4408=AXIS2_PLACEMENT_3D('',#6400,#5151,#5152);
#4409=AXIS2_PLACEMENT_3D('',#6409,#5155,#5156);
#4410=AXIS2_PLACEMENT_3D('',#6415,#5160,#5161);
#4411=AXIS2_PLACEMENT_3D('',#6416,#5162,#5163);
#4412=AXIS2_PLACEMENT_3D('',#6420,#5165,#5166);
#4413=AXIS2_PLACEMENT_3D('',#6421,#5167,#5168);
#4414=AXIS2_PLACEMENT_3D('',#6424,#5171,#5172);
#4415=AXIS2_PLACEMENT_3D('',#6426,#5174,#5175);
#4416=AXIS2_PLACEMENT_3D('',#6428,#5177,#5178);
#4417=AXIS2_PLACEMENT_3D('',#6433,#5179,#5180);
#4418=AXIS2_PLACEMENT_3D('',#6437,#5183,#5184);
#4419=AXIS2_PLACEMENT_3D('',#6442,#5185,#5186);
#4420=AXIS2_PLACEMENT_3D('',#6445,#5189,#5190);
#4421=AXIS2_PLACEMENT_3D('',#6447,#5192,#5193);
#4422=AXIS2_PLACEMENT_3D('',#6449,#5195,#5196);
#4423=AXIS2_PLACEMENT_3D('',#6451,#5198,#5199);
#4424=AXIS2_PLACEMENT_3D('',#6452,#5200,#5201);
#4425=AXIS2_PLACEMENT_3D('',#6453,#5202,#5203);
#4426=AXIS2_PLACEMENT_3D('',#6466,#5210,#5211);
#4427=AXIS2_PLACEMENT_3D('',#6469,#5214,#5215);
#4428=AXIS2_PLACEMENT_3D('',#6471,#5217,#5218);
#4429=AXIS2_PLACEMENT_3D('',#6473,#5220,#5221);
#4430=AXIS2_PLACEMENT_3D('',#6475,#5223,#5224);
#4431=AXIS2_PLACEMENT_3D('',#6477,#5226,#5227);
#4432=AXIS2_PLACEMENT_3D('',#6478,#5228,#5229);
#4433=AXIS2_PLACEMENT_3D('',#6491,#5236,#5237);
#4434=AXIS2_PLACEMENT_3D('',#6494,#5240,#5241);
#4435=AXIS2_PLACEMENT_3D('',#6496,#5243,#5244);
#4436=AXIS2_PLACEMENT_3D('',#6498,#5246,#5247);
#4437=AXIS2_PLACEMENT_3D('',#6500,#5249,#5250);
#4438=AXIS2_PLACEMENT_3D('',#6502,#5252,#5253);
#4439=AXIS2_PLACEMENT_3D('',#6503,#5254,#5255);
#4440=AXIS2_PLACEMENT_3D('',#6504,#5256,#5257);
#4441=AXIS2_PLACEMENT_3D('',#6506,#5259,#5260);
#4442=AXIS2_PLACEMENT_3D('',#6507,#5261,#5262);
#4443=AXIS2_PLACEMENT_3D('',#6508,#5263,#5264);
#4444=AXIS2_PLACEMENT_3D('',#6522,#5271,#5272);
#4445=AXIS2_PLACEMENT_3D('',#6528,#5276,#5277);
#4446=AXIS2_PLACEMENT_3D('',#6532,#5280,#5281);
#4447=AXIS2_PLACEMENT_3D('',#6536,#5284,#5285);
#4448=AXIS2_PLACEMENT_3D('',#6540,#5288,#5289);
#4449=AXIS2_PLACEMENT_3D('',#6544,#5292,#5293);
#4450=AXIS2_PLACEMENT_3D('',#6546,#5295,#5296);
#4451=AXIS2_PLACEMENT_3D('',#6549,#5299,#5300);
#4452=AXIS2_PLACEMENT_3D('',#6551,#5302,#5303);
#4453=AXIS2_PLACEMENT_3D('',#6553,#5305,#5306);
#4454=AXIS2_PLACEMENT_3D('',#6555,#5308,#5309);
#4455=AXIS2_PLACEMENT_3D('',#6557,#5311,#5312);
#4456=AXIS2_PLACEMENT_3D('',#6558,#5313,#5314);
#4457=AXIS2_PLACEMENT_3D('',#6559,#5315,#5316);
#4458=AXIS2_PLACEMENT_3D('',#6560,#5317,#5318);
#4459=AXIS2_PLACEMENT_3D('',#6574,#5325,#5326);
#4460=AXIS2_PLACEMENT_3D('',#6580,#5330,#5331);
#4461=AXIS2_PLACEMENT_3D('',#6584,#5334,#5335);
#4462=AXIS2_PLACEMENT_3D('',#6588,#5338,#5339);
#4463=AXIS2_PLACEMENT_3D('',#6592,#5342,#5343);
#4464=AXIS2_PLACEMENT_3D('',#6596,#5346,#5347);
#4465=AXIS2_PLACEMENT_3D('',#6598,#5349,#5350);
#4466=AXIS2_PLACEMENT_3D('',#6601,#5353,#5354);
#4467=AXIS2_PLACEMENT_3D('',#6603,#5356,#5357);
#4468=AXIS2_PLACEMENT_3D('',#6605,#5359,#5360);
#4469=AXIS2_PLACEMENT_3D('',#6607,#5362,#5363);
#4470=AXIS2_PLACEMENT_3D('',#6609,#5365,#5366);
#4471=AXIS2_PLACEMENT_3D('',#6610,#5367,#5368);
#4472=AXIS2_PLACEMENT_3D('',#6611,#5369,#5370);
#4473=AXIS2_PLACEMENT_3D('',#6612,#5371,#5372);
#4474=AXIS2_PLACEMENT_3D('',#6617,#5374,#5375);
#4475=AXIS2_PLACEMENT_3D('',#6628,#5381,#5382);
#4476=AXIS2_PLACEMENT_3D('',#6634,#5386,#5387);
#4477=AXIS2_PLACEMENT_3D('',#6638,#5390,#5391);
#4478=AXIS2_PLACEMENT_3D('',#6642,#5394,#5395);
#4479=AXIS2_PLACEMENT_3D('',#6649,#5397,#5398);
#4480=AXIS2_PLACEMENT_3D('',#6653,#5401,#5402);
#4481=AXIS2_PLACEMENT_3D('',#6659,#5404,#5405);
#4482=AXIS2_PLACEMENT_3D('',#6664,#5406,#5407);
#4483=AXIS2_PLACEMENT_3D('',#6666,#5409,#5410);
#4484=AXIS2_PLACEMENT_3D('',#6668,#5412,#5413);
#4485=AXIS2_PLACEMENT_3D('',#6670,#5415,#5416);
#4486=AXIS2_PLACEMENT_3D('',#6672,#5418,#5419);
#4487=AXIS2_PLACEMENT_3D('',#6673,#5420,#5421);
#4488=AXIS2_PLACEMENT_3D('',#6674,#5422,#5423);
#4489=AXIS2_PLACEMENT_3D('',#6675,#5424,#5425);
#4490=AXIS2_PLACEMENT_3D('',#6689,#5432,#5433);
#4491=AXIS2_PLACEMENT_3D('',#6695,#5437,#5438);
#4492=AXIS2_PLACEMENT_3D('',#6699,#5441,#5442);
#4493=AXIS2_PLACEMENT_3D('',#6703,#5445,#5446);
#4494=AXIS2_PLACEMENT_3D('',#6707,#5449,#5450);
#4495=AXIS2_PLACEMENT_3D('',#6711,#5453,#5454);
#4496=AXIS2_PLACEMENT_3D('',#6713,#5456,#5457);
#4497=AXIS2_PLACEMENT_3D('',#6716,#5460,#5461);
#4498=AXIS2_PLACEMENT_3D('',#6718,#5463,#5464);
#4499=AXIS2_PLACEMENT_3D('',#6720,#5466,#5467);
#4500=AXIS2_PLACEMENT_3D('',#6722,#5469,#5470);
#4501=AXIS2_PLACEMENT_3D('',#6724,#5472,#5473);
#4502=AXIS2_PLACEMENT_3D('',#6725,#5474,#5475);
#4503=AXIS2_PLACEMENT_3D('',#6726,#5476,#5477);
#4504=AXIS2_PLACEMENT_3D('',#6727,#5478,#5479);
#4505=AXIS2_PLACEMENT_3D('',#6741,#5486,#5487);
#4506=AXIS2_PLACEMENT_3D('',#6747,#5491,#5492);
#4507=AXIS2_PLACEMENT_3D('',#6751,#5495,#5496);
#4508=AXIS2_PLACEMENT_3D('',#6755,#5499,#5500);
#4509=AXIS2_PLACEMENT_3D('',#6759,#5503,#5504);
#4510=AXIS2_PLACEMENT_3D('',#6763,#5507,#5508);
#4511=AXIS2_PLACEMENT_3D('',#6765,#5510,#5511);
#4512=AXIS2_PLACEMENT_3D('',#6768,#5514,#5515);
#4513=AXIS2_PLACEMENT_3D('',#6770,#5517,#5518);
#4514=AXIS2_PLACEMENT_3D('',#6772,#5520,#5521);
#4515=AXIS2_PLACEMENT_3D('',#6774,#5523,#5524);
#4516=AXIS2_PLACEMENT_3D('',#6776,#5526,#5527);
#4517=AXIS2_PLACEMENT_3D('',#6777,#5528,#5529);
#4518=AXIS2_PLACEMENT_3D('',#6778,#5530,#5531);
#4519=AXIS2_PLACEMENT_3D('',#6779,#5532,#5533);
#4520=AXIS2_PLACEMENT_3D('',#6793,#5540,#5541);
#4521=AXIS2_PLACEMENT_3D('',#6799,#5545,#5546);
#4522=AXIS2_PLACEMENT_3D('',#6803,#5549,#5550);
#4523=AXIS2_PLACEMENT_3D('',#6807,#5553,#5554);
#4524=AXIS2_PLACEMENT_3D('',#6811,#5557,#5558);
#4525=AXIS2_PLACEMENT_3D('',#6815,#5561,#5562);
#4526=AXIS2_PLACEMENT_3D('',#6817,#5564,#5565);
#4527=AXIS2_PLACEMENT_3D('',#6820,#5568,#5569);
#4528=AXIS2_PLACEMENT_3D('',#6822,#5571,#5572);
#4529=AXIS2_PLACEMENT_3D('',#6824,#5574,#5575);
#4530=AXIS2_PLACEMENT_3D('',#6826,#5577,#5578);
#4531=AXIS2_PLACEMENT_3D('',#6828,#5580,#5581);
#4532=AXIS2_PLACEMENT_3D('',#6829,#5582,#5583);
#4533=AXIS2_PLACEMENT_3D('',#6830,#5584,#5585);
#4534=AXIS2_PLACEMENT_3D('',#6831,#5586,#5587);
#4535=AXIS2_PLACEMENT_3D('',#6845,#5594,#5595);
#4536=AXIS2_PLACEMENT_3D('',#6851,#5599,#5600);
#4537=AXIS2_PLACEMENT_3D('',#6855,#5603,#5604);
#4538=AXIS2_PLACEMENT_3D('',#6859,#5607,#5608);
#4539=AXIS2_PLACEMENT_3D('',#6863,#5611,#5612);
#4540=AXIS2_PLACEMENT_3D('',#6867,#5615,#5616);
#4541=AXIS2_PLACEMENT_3D('',#6869,#5618,#5619);
#4542=AXIS2_PLACEMENT_3D('',#6872,#5622,#5623);
#4543=AXIS2_PLACEMENT_3D('',#6874,#5625,#5626);
#4544=AXIS2_PLACEMENT_3D('',#6876,#5628,#5629);
#4545=AXIS2_PLACEMENT_3D('',#6878,#5631,#5632);
#4546=AXIS2_PLACEMENT_3D('',#6880,#5634,#5635);
#4547=AXIS2_PLACEMENT_3D('',#6881,#5636,#5637);
#4548=AXIS2_PLACEMENT_3D('',#6882,#5638,#5639);
#4549=AXIS2_PLACEMENT_3D('',#6883,#5640,#5641);
#4550=AXIS2_PLACEMENT_3D('',#6885,#5642,#5643);
#4551=AXIS2_PLACEMENT_3D('',#6887,#5644,#5645);
#4552=AXIS2_PLACEMENT_3D('',#6892,#5647,#5648);
#4553=AXIS2_PLACEMENT_3D('',#6896,#5650,#5651);
#4554=AXIS2_PLACEMENT_3D('',#6900,#5653,#5654);
#4555=AXIS2_PLACEMENT_3D('',#6904,#5656,#5657);
#4556=AXIS2_PLACEMENT_3D('',#6905,#5658,#5659);
#4557=AXIS2_PLACEMENT_3D('',#6907,#5660,#5661);
#4558=AXIS2_PLACEMENT_3D('',#6910,#5664,#5665);
#4559=AXIS2_PLACEMENT_3D('',#6912,#5667,#5668);
#4560=AXIS2_PLACEMENT_3D('',#6914,#5670,#5671);
#4561=AXIS2_PLACEMENT_3D('',#6916,#5673,#5674);
#4562=AXIS2_PLACEMENT_3D('',#6918,#5676,#5677);
#4563=AXIS2_PLACEMENT_3D('',#6920,#5679,#5680);
#4564=AXIS2_PLACEMENT_3D('',#6922,#5682,#5683);
#4565=AXIS2_PLACEMENT_3D('',#6923,#5684,#5685);
#4566=AXIS2_PLACEMENT_3D('',#6924,#5686,#5687);
#4567=AXIS2_PLACEMENT_3D('',#6926,#5688,#5689);
#4568=AXIS2_PLACEMENT_3D('',#6927,#5690,#5691);
#4569=AXIS2_PLACEMENT_3D('',#6928,#5692,#5693);
#4570=AXIS2_PLACEMENT_3D('',#6930,#5694,#5695);
#4571=AXIS2_PLACEMENT_3D('',#6931,#5696,#5697);
#4572=AXIS2_PLACEMENT_3D('',#6932,#5698,#5699);
#4573=AXIS2_PLACEMENT_3D('',#6934,#5700,#5701);
#4574=AXIS2_PLACEMENT_3D('',#6935,#5702,#5703);
#4575=AXIS2_PLACEMENT_3D('',#6936,#5704,#5705);
#4576=AXIS2_PLACEMENT_3D('',#6938,#5706,#5707);
#4577=DIRECTION('',(0.,0.,1.));
#4578=DIRECTION('',(1.,0.,0.));
#4579=DIRECTION('',(0.,0.,1.));
#4580=DIRECTION('',(1.,0.,0.));
#4581=DIRECTION('',(0.5,-0.866025403784439,0.));
#4582=DIRECTION('',(-0.5,-0.866025403784438,0.));
#4583=DIRECTION('',(-1.,6.63167417460632E-16,0.));
#4584=DIRECTION('',(-0.5,0.866025403784439,0.));
#4585=DIRECTION('',(0.5,0.866025403784439,0.));
#4586=DIRECTION('',(1.,0.,0.));
#4587=DIRECTION('',(0.5,-0.866025403784439,0.));
#4588=DIRECTION('',(-0.5,-0.866025403784438,0.));
#4589=DIRECTION('',(-1.,0.,0.));
#4590=DIRECTION('',(-0.5,0.866025403784439,0.));
#4591=DIRECTION('',(0.5,0.866025403784439,0.));
#4592=DIRECTION('',(1.,0.,0.));
#4593=DIRECTION('',(-1.,0.,0.));
#4594=DIRECTION('',(-0.48685422728513,-0.873483234741571,0.));
#4595=DIRECTION('',(0.,0.,1.));
#4596=DIRECTION('',(1.,0.,0.));
#4597=DIRECTION('',(-1.,0.,0.));
#4598=DIRECTION('',(0.,1.,0.));
#4599=DIRECTION('',(-0.5,0.866025403784438,0.));
#4600=DIRECTION('',(0.5,0.866025403784439,0.));
#4601=DIRECTION('',(0.,1.,0.));
#4602=DIRECTION('',(1.,0.,0.));
#4603=DIRECTION('',(0.,1.,0.));
#4604=DIRECTION('',(0.,0.,1.));
#4605=DIRECTION('',(1.,0.,0.));
#4606=DIRECTION('',(0.,1.,0.));
#4607=DIRECTION('',(-1.,0.,0.));
#4608=DIRECTION('',(0.,1.,0.));
#4609=DIRECTION('',(-1.,0.,0.));
#4610=DIRECTION('',(0.,1.,0.));
#4611=DIRECTION('',(-1.,0.,0.));
#4612=DIRECTION('',(3.12211199275916E-16,-1.,0.));
#4613=DIRECTION('',(1.,3.64246399155235E-16,0.));
#4614=DIRECTION('',(0.,-1.,0.));
#4615=DIRECTION('',(0.,0.,1.));
#4616=DIRECTION('',(1.,0.,0.));
#4617=DIRECTION('',(0.5,0.866025403784439,0.));
#4618=DIRECTION('',(1.,0.,0.));
#4619=DIRECTION('',(0.5,-0.866025403784439,0.));
#4620=DIRECTION('',(-0.5,-0.866025403784438,0.));
#4621=DIRECTION('',(0.5,-0.866025403784439,0.));
#4622=DIRECTION('',(-0.5,-0.866025403784439,0.));
#4623=DIRECTION('',(-1.,0.,0.));
#4624=DIRECTION('',(-0.5,0.866025403784439,0.));
#4625=DIRECTION('',(0.5,0.866025403784439,0.));
#4626=DIRECTION('',(1.,0.,0.));
#4627=DIRECTION('',(0.,1.,0.));
#4628=DIRECTION('',(-1.,0.,0.));
#4629=DIRECTION('',(0.,-1.,0.));
#4630=DIRECTION('',(1.,0.,0.));
#4631=DIRECTION('',(0.5,-0.86602540378444,0.));
#4632=DIRECTION('',(-0.5,-0.866025403784439,0.));
#4633=DIRECTION('',(-1.,0.,0.));
#4634=DIRECTION('',(-0.5,0.866025403784439,0.));
#4635=DIRECTION('',(0.5,0.866025403784439,0.));
#4636=DIRECTION('',(1.,0.,0.));
#4637=DIRECTION('',(0.5,-0.866025403784439,0.));
#4638=DIRECTION('',(-0.5,-0.866025403784439,0.));
#4639=DIRECTION('',(-1.,0.,0.));
#4640=DIRECTION('',(-0.5,0.866025403784439,0.));
#4641=DIRECTION('',(0.5,0.866025403784439,0.));
#4642=DIRECTION('',(1.,0.,0.));
#4643=DIRECTION('',(0.5,-0.866025403784439,0.));
#4644=DIRECTION('',(-0.5,-0.866025403784438,0.));
#4645=DIRECTION('',(-1.,0.,0.));
#4646=DIRECTION('',(-0.5,0.866025403784439,0.));
#4647=DIRECTION('',(0.5,0.866025403784439,0.));
#4648=DIRECTION('',(1.,0.,0.));
#4649=DIRECTION('',(-1.,0.,0.));
#4650=DIRECTION('',(0.,0.,1.));
#4651=DIRECTION('',(1.,0.,0.));
#4652=DIRECTION('',(-7.80527998189789E-16,1.,0.));
#4653=DIRECTION('',(0.,0.,1.));
#4654=DIRECTION('',(1.,0.,0.));
#4655=DIRECTION('',(1.,0.,0.));
#4656=DIRECTION('',(0.,0.,1.));
#4657=DIRECTION('',(1.,0.,0.));
#4658=DIRECTION('',(0.,-1.,0.));
#4659=DIRECTION('',(0.,0.,1.));
#4660=DIRECTION('',(1.,0.,0.));
#4661=DIRECTION('',(0.,0.,-1.));
#4662=DIRECTION('',(1.,0.,0.));
#4663=DIRECTION('',(0.,0.,1.));
#4664=DIRECTION('',(1.,0.,0.));
#4665=DIRECTION('',(0.,0.,1.));
#4666=DIRECTION('',(1.,0.,0.));
#4667=DIRECTION('',(0.,0.,-1.));
#4668=DIRECTION('',(1.,0.,0.));
#4669=DIRECTION('',(0.,0.,1.));
#4670=DIRECTION('',(1.,0.,0.));
#4671=DIRECTION('',(0.,0.,1.));
#4672=DIRECTION('',(1.,0.,0.));
#4673=DIRECTION('',(0.,0.,-1.));
#4674=DIRECTION('',(1.,0.,0.));
#4675=DIRECTION('',(0.,0.,1.));
#4676=DIRECTION('',(1.,0.,0.));
#4677=DIRECTION('',(0.,0.,1.));
#4678=DIRECTION('',(1.,0.,0.));
#4679=DIRECTION('',(0.,0.,-1.));
#4680=DIRECTION('',(1.,0.,0.));
#4681=DIRECTION('',(0.,0.,1.));
#4682=DIRECTION('',(1.,0.,0.));
#4683=DIRECTION('',(0.,0.,1.));
#4684=DIRECTION('',(1.,0.,0.));
#4685=DIRECTION('',(0.,0.,1.));
#4686=DIRECTION('',(-1.,0.,0.));
#4687=DIRECTION('',(0.,0.,1.));
#4688=DIRECTION('',(0.,0.,1.));
#4689=DIRECTION('',(1.,0.,0.));
#4690=DIRECTION('',(0.,0.,1.));
#4691=DIRECTION('',(0.,0.,-1.));
#4692=DIRECTION('',(-1.,0.,0.));
#4693=DIRECTION('',(0.,0.,1.));
#4694=DIRECTION('',(-1.65211759616839E-16,0.,-1.));
#4695=DIRECTION('',(-1.,0.,1.65211759616839E-16));
#4696=DIRECTION('',(0.,0.,1.));
#4697=DIRECTION('',(0.,0.,-1.));
#4698=DIRECTION('',(-1.,0.,0.));
#4699=DIRECTION('',(0.,0.,1.));
#4700=DIRECTION('',(0.,0.,1.));
#4701=DIRECTION('',(0.,0.,-1.));
#4702=DIRECTION('',(-1.,0.,0.));
#4703=DIRECTION('',(0.,0.,1.));
#4704=DIRECTION('',(0.,0.,-1.));
#4705=DIRECTION('',(-1.,0.,0.));
#4706=DIRECTION('',(0.,0.,1.));
#4707=DIRECTION('',(0.,0.,-1.));
#4708=DIRECTION('',(1.,0.,0.));
#4709=DIRECTION('',(0.,0.,1.));
#4710=DIRECTION('',(1.,0.,0.));
#4711=DIRECTION('',(0.,0.,1.));
#4712=DIRECTION('',(1.,0.,0.));
#4713=DIRECTION('',(0.,0.,-1.));
#4714=DIRECTION('',(1.,0.,0.));
#4715=DIRECTION('',(0.,0.,1.));
#4716=DIRECTION('',(1.,0.,0.));
#4717=DIRECTION('',(0.,0.,1.));
#4718=DIRECTION('',(1.,0.,0.));
#4719=DIRECTION('',(0.,0.,-1.));
#4720=DIRECTION('',(1.,0.,0.));
#4721=DIRECTION('',(0.,0.,1.));
#4722=DIRECTION('',(1.,0.,0.));
#4723=DIRECTION('',(0.,0.,1.));
#4724=DIRECTION('',(1.,0.,0.));
#4725=DIRECTION('',(0.,-1.,0.));
#4726=DIRECTION('',(0.,0.,1.));
#4727=DIRECTION('',(0.,-1.,0.));
#4728=DIRECTION('',(0.,0.,-1.));
#4729=DIRECTION('',(0.,-1.,0.));
#4730=DIRECTION('',(0.,0.,-1.));
#4731=DIRECTION('',(0.,-1.,0.));
#4732=DIRECTION('',(0.,0.,1.));
#4733=DIRECTION('',(0.,-1.,0.));
#4734=DIRECTION('',(0.,0.,-1.));
#4735=DIRECTION('',(0.,-1.,0.));
#4736=DIRECTION('',(0.,0.,-1.));
#4737=DIRECTION('',(-1.,0.,0.));
#4738=DIRECTION('',(0.,0.,-1.));
#4739=DIRECTION('',(0.,-0.894427190999905,-0.447213595499979));
#4740=DIRECTION('',(0.,0.,-1.));
#4741=DIRECTION('',(0.,0.,1.));
#4742=DIRECTION('',(0.,1.,0.));
#4743=DIRECTION('',(0.,-0.894427190999921,-0.447213595499947));
#4744=DIRECTION('',(0.,0.,-1.));
#4745=DIRECTION('',(-1.,0.,0.));
#4746=DIRECTION('',(0.,0.,-1.));
#4747=DIRECTION('',(0.,-0.894427190999914,0.447213595499963));
#4748=DIRECTION('',(0.,1.,0.));
#4749=DIRECTION('',(0.,0.,1.));
#4750=DIRECTION('',(0.,0.,-1.));
#4751=DIRECTION('',(0.,-0.894427190999924,0.447213595499942));
#4752=DIRECTION('',(0.,0.,1.));
#4753=DIRECTION('',(0.,0.,1.));
#4754=DIRECTION('',(1.,0.,0.));
#4755=DIRECTION('',(1.,0.,0.));
#4756=DIRECTION('',(0.5,-0.866025403784439,0.));
#4757=DIRECTION('',(0.,0.,-1.));
#4758=DIRECTION('',(-1.,0.,0.));
#4759=DIRECTION('',(0.,1.,0.));
#4760=DIRECTION('',(1.,0.,0.));
#4761=DIRECTION('',(0.5,0.866025403784439,0.));
#4762=DIRECTION('',(0.,0.,1.));
#4763=DIRECTION('',(1.,0.,0.));
#4764=DIRECTION('',(-1.,0.,0.));
#4765=DIRECTION('',(-0.486854227285107,0.873483234741584,0.));
#4766=DIRECTION('',(-1.,0.,0.));
#4767=DIRECTION('',(-0.5,0.866025403784438,0.));
#4768=DIRECTION('',(0.,0.,-1.));
#4769=DIRECTION('',(1.,0.,0.));
#4770=DIRECTION('',(0.,0.,-1.));
#4771=DIRECTION('',(-1.,0.,0.));
#4772=DIRECTION('',(0.,0.,-1.));
#4773=DIRECTION('',(1.,0.,0.));
#4774=DIRECTION('',(0.,0.,1.));
#4775=DIRECTION('',(1.,0.,0.));
#4776=DIRECTION('',(0.5,0.866025403784439,0.));
#4777=DIRECTION('',(1.,0.,0.));
#4778=DIRECTION('',(0.5,-0.866025403784439,0.));
#4779=DIRECTION('',(-0.5,-0.866025403784439,0.));
#4780=DIRECTION('',(-1.,0.,0.));
#4781=DIRECTION('',(-0.5,0.866025403784438,0.));
#4782=DIRECTION('',(1.,0.,0.));
#4783=DIRECTION('',(0.,1.,0.));
#4784=DIRECTION('',(1.,0.,0.));
#4785=DIRECTION('',(0.,-1.,0.));
#4786=DIRECTION('',(0.,0.,-1.));
#4787=DIRECTION('',(1.,0.,0.));
#4788=DIRECTION('',(0.,0.,-1.));
#4789=DIRECTION('',(-1.,0.,0.));
#4790=DIRECTION('',(0.,0.,-1.));
#4791=DIRECTION('',(1.,0.,0.));
#4792=DIRECTION('',(0.,1.,0.));
#4793=DIRECTION('',(0.,0.,-1.));
#4794=DIRECTION('',(0.,-1.,0.));
#4795=DIRECTION('',(0.,0.,1.));
#4796=DIRECTION('',(0.,1.,0.));
#4797=DIRECTION('',(0.,1.,0.));
#4798=DIRECTION('',(0.,0.,1.));
#4799=DIRECTION('',(0.,1.,0.));
#4800=DIRECTION('',(0.,0.,1.));
#4801=DIRECTION('',(1.,0.,0.));
#4802=DIRECTION('',(0.,0.,-1.));
#4803=DIRECTION('',(1.,0.,0.));
#4804=DIRECTION('',(0.,-1.,0.));
#4805=DIRECTION('',(1.,0.,0.));
#4806=DIRECTION('',(0.,-1.,0.));
#4807=DIRECTION('',(1.,0.,0.));
#4808=DIRECTION('',(0.,-1.,0.));
#4809=DIRECTION('',(1.,0.,0.));
#4810=DIRECTION('',(1.,0.,0.));
#4811=DIRECTION('',(0.,-1.,0.));
#4812=DIRECTION('',(-1.,0.,0.));
#4813=DIRECTION('',(0.,1.,0.));
#4814=DIRECTION('',(1.,0.,0.));
#4815=DIRECTION('',(0.,1.,0.));
#4816=DIRECTION('',(1.,0.,0.));
#4817=DIRECTION('',(-3.64246399155235E-16,1.,0.));
#4818=DIRECTION('',(1.,0.,0.));
#4819=DIRECTION('',(0.,-1.,0.));
#4820=DIRECTION('',(-1.,0.,0.));
#4821=DIRECTION('',(0.,-1.,0.));
#4822=DIRECTION('',(1.,0.,0.));
#4823=DIRECTION('',(0.,-1.,0.));
#4824=DIRECTION('',(1.,0.,0.));
#4825=DIRECTION('',(0.,-1.,0.));
#4826=DIRECTION('',(-1.,0.,0.));
#4827=DIRECTION('',(0.,-1.,0.));
#4828=DIRECTION('',(1.,0.,0.));
#4829=DIRECTION('',(0.,0.,1.));
#4830=DIRECTION('',(1.,0.,0.));
#4831=DIRECTION('',(0.,0.,-1.));
#4832=DIRECTION('',(1.,0.,0.));
#4833=DIRECTION('',(0.,-1.,0.));
#4834=DIRECTION('',(1.,0.,0.));
#4835=DIRECTION('',(0.,-1.,0.));
#4836=DIRECTION('',(-1.,0.,0.));
#4837=DIRECTION('',(0.,-1.,0.));
#4838=DIRECTION('',(1.,0.,0.));
#4839=DIRECTION('',(0.,-1.,0.));
#4840=DIRECTION('',(1.,0.,0.));
#4841=DIRECTION('',(0.,-1.,0.));
#4842=DIRECTION('',(-1.,0.,0.));
#4843=DIRECTION('',(0.,-1.,0.));
#4844=DIRECTION('',(1.,0.,0.));
#4845=DIRECTION('',(-3.64246399155235E-16,1.,0.));
#4846=DIRECTION('',(1.,0.,0.));
#4847=DIRECTION('',(0.,1.,0.));
#4848=DIRECTION('',(1.,0.,0.));
#4849=DIRECTION('',(0.,1.,0.));
#4850=DIRECTION('',(-1.,0.,0.));
#4851=DIRECTION('',(-1.,0.,0.));
#4852=DIRECTION('',(0.,-1.,0.));
#4853=DIRECTION('',(1.,0.,0.));
#4854=DIRECTION('',(0.,-1.,0.));
#4855=DIRECTION('',(1.,0.,0.));
#4856=DIRECTION('',(0.,-1.,0.));
#4857=DIRECTION('',(1.,0.,0.));
#4858=DIRECTION('',(-3.64246399155235E-16,1.,0.));
#4859=DIRECTION('',(-1.,-3.64246399155235E-16,0.));
#4860=DIRECTION('',(-3.12211199275916E-16,1.,0.));
#4861=DIRECTION('',(1.,0.,0.));
#4862=DIRECTION('',(1.,0.,0.));
#4863=DIRECTION('',(0.,-1.,0.));
#4864=DIRECTION('',(1.,0.,0.));
#4865=DIRECTION('',(1.,0.,0.));
#4866=DIRECTION('',(0.,-1.,0.));
#4867=DIRECTION('',(0.,0.,1.));
#4868=DIRECTION('',(0.,0.,-1.));
#4869=DIRECTION('',(0.,0.,1.));
#4870=DIRECTION('',(0.,0.,1.));
#4871=DIRECTION('',(1.,0.,0.));
#4872=DIRECTION('',(0.,-1.,0.));
#4873=DIRECTION('',(-1.,0.,0.));
#4874=DIRECTION('',(0.,1.,0.));
#4875=DIRECTION('',(-1.,-3.64246399155235E-16,0.));
#4876=DIRECTION('',(-3.64246399155235E-16,1.,0.));
#4877=DIRECTION('',(1.,0.,0.));
#4878=DIRECTION('',(0.,-1.,0.));
#4879=DIRECTION('',(1.,0.,0.));
#4880=DIRECTION('',(0.,-1.,0.));
#4881=DIRECTION('',(1.,0.,0.));
#4882=DIRECTION('',(-3.64246399155235E-16,1.,0.));
#4883=DIRECTION('',(-1.,-3.64246399155235E-16,0.));
#4884=DIRECTION('',(0.,0.,1.));
#4885=DIRECTION('',(0.,0.,1.));
#4886=DIRECTION('',(3.64246399155235E-16,-1.,0.));
#4887=DIRECTION('',(-1.,-3.64246399155235E-16,0.));
#4888=DIRECTION('',(1.,0.,0.));
#4889=DIRECTION('',(0.,0.,1.));
#4890=DIRECTION('',(-1.,0.,0.));
#4891=DIRECTION('',(0.,0.,-1.));
#4892=DIRECTION('',(0.,0.,1.));
#4893=DIRECTION('',(0.,-1.,0.));
#4894=DIRECTION('',(0.,0.,1.));
#4895=DIRECTION('',(0.,0.,1.));
#4896=DIRECTION('',(1.,3.12211199275916E-16,0.));
#4897=DIRECTION('',(-3.12211199275916E-16,1.,0.));
#4898=DIRECTION('',(0.,-1.,0.));
#4899=DIRECTION('',(0.,0.,1.));
#4900=DIRECTION('',(0.,1.,0.));
#4901=DIRECTION('',(0.,0.,1.));
#4902=DIRECTION('',(0.,1.,0.));
#4903=DIRECTION('',(0.,0.,1.));
#4904=DIRECTION('',(0.,1.,0.));
#4905=DIRECTION('',(0.,0.,-1.));
#4906=DIRECTION('',(0.,-1.,0.));
#4907=DIRECTION('',(0.,0.,-1.));
#4908=DIRECTION('',(0.,1.,0.));
#4909=DIRECTION('',(0.,0.,1.));
#4910=DIRECTION('',(0.,-1.,0.));
#4911=DIRECTION('',(0.,0.,1.));
#4912=DIRECTION('',(0.,1.,0.));
#4913=DIRECTION('',(0.,0.,-1.));
#4914=DIRECTION('',(0.,1.,0.));
#4915=DIRECTION('',(0.,0.,1.));
#4916=DIRECTION('',(0.,-1.,0.));
#4917=DIRECTION('',(0.,0.,-1.));
#4918=DIRECTION('',(0.,-1.,0.));
#4919=DIRECTION('',(0.,0.,1.));
#4920=DIRECTION('',(0.,1.,0.));
#4921=DIRECTION('',(0.,0.,1.));
#4922=DIRECTION('',(0.,1.,0.));
#4923=DIRECTION('',(0.,0.,1.));
#4924=DIRECTION('',(0.,-1.,0.));
#4925=DIRECTION('',(0.,0.,1.));
#4926=DIRECTION('',(0.,-1.,0.));
#4927=DIRECTION('',(1.,0.,0.));
#4928=DIRECTION('',(1.,0.,-1.65211759616839E-16));
#4929=DIRECTION('',(0.,1.,0.));
#4930=DIRECTION('',(0.,0.,1.));
#4931=DIRECTION('',(0.,-1.,0.));
#4932=DIRECTION('',(1.,0.,0.));
#4933=DIRECTION('',(0.,1.,-5.25073993875232E-16));
#4934=DIRECTION('',(0.,5.25073993875232E-16,1.));
#4935=DIRECTION('',(1.,0.,-1.65211759616839E-16));
#4936=DIRECTION('',(0.,-1.,0.));
#4937=DIRECTION('',(0.,0.,1.));
#4938=DIRECTION('',(0.,-1.,0.));
#4939=DIRECTION('',(0.,0.,-1.));
#4940=DIRECTION('',(0.,1.,0.));
#4941=DIRECTION('',(-1.,0.,0.));
#4942=DIRECTION('',(0.,-1.,0.));
#4943=DIRECTION('',(0.,0.,-1.));
#4944=DIRECTION('',(0.,1.,0.));
#4945=DIRECTION('',(-1.,0.,0.));
#4946=DIRECTION('',(0.,-1.,0.));
#4947=DIRECTION('',(0.,0.,-1.));
#4948=DIRECTION('',(3.64246399155235E-16,-1.,0.));
#4949=DIRECTION('',(-1.,-3.64246399155235E-16,0.));
#4950=DIRECTION('',(0.,1.,0.));
#4951=DIRECTION('',(0.,0.,-1.));
#4952=DIRECTION('',(0.,-1.,0.));
#4953=DIRECTION('',(0.,0.,-1.));
#4954=DIRECTION('',(0.,1.,0.));
#4955=DIRECTION('',(-1.,0.,0.));
#4956=DIRECTION('',(0.,-1.,0.));
#4957=DIRECTION('',(0.,0.,-1.));
#4958=DIRECTION('',(0.,1.,0.));
#4959=DIRECTION('',(0.,0.,-1.));
#4960=DIRECTION('',(0.,-1.,0.));
#4961=DIRECTION('',(0.,0.,1.));
#4962=DIRECTION('',(0.,-1.,0.));
#4963=DIRECTION('',(0.,0.,1.));
#4964=DIRECTION('',(0.,-1.,0.));
#4965=DIRECTION('',(0.,0.,-1.));
#4966=DIRECTION('',(0.,1.,0.));
#4967=DIRECTION('',(-1.,0.,0.));
#4968=DIRECTION('',(0.,-1.,0.));
#4969=DIRECTION('',(0.,0.,-1.));
#4970=DIRECTION('',(0.,1.,0.));
#4971=DIRECTION('',(-1.,0.,0.));
#4972=DIRECTION('',(0.,-1.,0.));
#4973=DIRECTION('',(0.,0.,-1.));
#4974=DIRECTION('',(0.,-1.,0.));
#4975=DIRECTION('',(0.,0.,-1.));
#4976=DIRECTION('',(0.,-1.,0.));
#4977=DIRECTION('',(0.,0.,1.));
#4978=DIRECTION('',(0.,-1.,0.));
#4979=DIRECTION('',(0.,0.,-1.));
#4980=DIRECTION('',(0.,1.,0.));
#4981=DIRECTION('',(-1.,0.,0.));
#4982=DIRECTION('',(0.,-1.,0.));
#4983=DIRECTION('',(0.,0.,-1.));
#4984=DIRECTION('',(0.,-1.,0.));
#4985=DIRECTION('',(0.,0.,1.));
#4986=DIRECTION('',(0.,-1.,0.));
#4987=DIRECTION('',(0.,0.,-1.));
#4988=DIRECTION('',(0.,1.,0.));
#4989=DIRECTION('',(-1.,0.,0.));
#4990=DIRECTION('',(0.,-1.,0.));
#4991=DIRECTION('',(0.,0.,-1.));
#4992=DIRECTION('',(0.,-1.,0.));
#4993=DIRECTION('',(0.,0.,1.));
#4994=DIRECTION('',(1.,0.,0.));
#4995=DIRECTION('',(0.,0.,1.));
#4996=DIRECTION('',(0.,0.,1.));
#4997=DIRECTION('',(0.,1.,0.));
#4998=DIRECTION('',(0.,0.,1.));
#4999=DIRECTION('',(-1.,0.,0.));
#5000=DIRECTION('',(0.,0.,-1.));
#5001=DIRECTION('',(0.,0.,-1.));
#5002=DIRECTION('',(1.,0.,0.));
#5003=DIRECTION('',(0.,0.,1.));
#5004=DIRECTION('',(0.,1.,0.));
#5005=DIRECTION('',(0.,0.,1.));
#5006=DIRECTION('',(0.,0.,-1.));
#5007=DIRECTION('',(1.,0.,0.));
#5008=DIRECTION('',(0.,0.,1.));
#5009=DIRECTION('',(0.,0.,1.));
#5010=DIRECTION('',(0.,-1.,0.));
#5011=DIRECTION('',(1.,0.,0.));
#5012=DIRECTION('',(-1.,0.,0.));
#5013=DIRECTION('',(-1.,0.,0.));
#5014=DIRECTION('',(0.,0.,-1.));
#5015=DIRECTION('',(0.,0.,1.));
#5016=DIRECTION('',(0.,-1.,0.));
#5017=DIRECTION('',(0.,0.,1.));
#5018=DIRECTION('',(1.,0.,0.));
#5019=DIRECTION('',(0.,0.,1.));
#5020=DIRECTION('',(0.,0.,-1.));
#5021=DIRECTION('',(0.,0.,1.));
#5022=DIRECTION('',(0.,1.,0.));
#5023=DIRECTION('',(0.,0.,-1.));
#5024=DIRECTION('',(0.,0.,1.));
#5025=DIRECTION('',(-1.,0.,0.));
#5026=DIRECTION('',(0.,0.,-1.));
#5027=DIRECTION('',(0.,0.,1.));
#5028=DIRECTION('',(0.,0.,-1.));
#5029=DIRECTION('',(1.,0.,0.));
#5030=DIRECTION('',(0.,0.,-1.));
#5031=DIRECTION('',(-1.,0.,0.));
#5032=DIRECTION('',(0.,0.,-1.));
#5033=DIRECTION('',(1.,0.,0.));
#5034=DIRECTION('',(0.,0.,-1.));
#5035=DIRECTION('',(-1.,0.,0.));
#5036=DIRECTION('',(0.,1.,0.));
#5037=DIRECTION('',(1.,0.,-1.21734980770302E-16));
#5038=DIRECTION('',(-1.,0.,0.));
#5039=DIRECTION('',(0.,-1.,0.));
#5040=DIRECTION('',(0.,0.,-1.));
#5041=DIRECTION('',(0.,1.,0.));
#5042=DIRECTION('',(1.,0.,-1.21734980770302E-16));
#5043=DIRECTION('',(0.,-1.,0.));
#5044=DIRECTION('',(0.,0.,-1.));
#5045=DIRECTION('',(0.,-1.,0.));
#5046=DIRECTION('',(0.,0.,-1.));
#5047=DIRECTION('',(0.,-1.,0.));
#5048=DIRECTION('',(0.,0.,1.));
#5049=DIRECTION('',(0.,-1.,0.));
#5050=DIRECTION('',(0.000199653484588738,0.,0.999999980069243));
#5051=DIRECTION('',(1.65211759616839E-16,0.,1.));
#5052=DIRECTION('',(-1.,0.,1.65211759616839E-16));
#5053=DIRECTION('',(-3.64246399155235E-16,1.,0.));
#5054=DIRECTION('',(-1.,-3.64246399155235E-16,0.));
#5055=DIRECTION('',(-3.64246399155235E-16,1.,0.));
#5056=DIRECTION('',(-1.,-3.64246399155235E-16,0.));
#5057=DIRECTION('',(0.,0.,1.));
#5058=DIRECTION('',(-1.,0.,0.));
#5059=DIRECTION('',(0.,0.,1.));
#5060=DIRECTION('',(-1.,0.,0.));
#5061=DIRECTION('',(0.,1.,0.));
#5062=DIRECTION('',(-1.,0.,0.));
#5063=DIRECTION('',(-0.5,0.,-0.866025403784438));
#5064=DIRECTION('',(0.5,0.,-0.866025403784439));
#5065=DIRECTION('',(1.,0.,0.));
#5066=DIRECTION('',(0.5,0.,0.866025403784438));
#5067=DIRECTION('',(-0.5,0.,0.866025403784439));
#5068=DIRECTION('',(-1.,0.,6.43849113744497E-16));
#5069=DIRECTION('',(0.,1.,0.));
#5070=DIRECTION('',(-1.,0.,0.));
#5071=DIRECTION('',(-0.5,0.,-0.866025403784438));
#5072=DIRECTION('',(0.5,0.,-0.866025403784439));
#5073=DIRECTION('',(1.,0.,0.));
#5074=DIRECTION('',(0.5,0.,0.866025403784438));
#5075=DIRECTION('',(-0.5,0.,0.866025403784439));
#5076=DIRECTION('',(-1.,0.,6.43849113744497E-16));
#5077=DIRECTION('',(-0.866025403784438,-0.5,0.));
#5078=DIRECTION('',(0.5,-0.866025403784438,0.));
#5079=DIRECTION('',(0.,0.,-1.));
#5080=DIRECTION('',(0.5,-0.866025403784438,0.));
#5081=DIRECTION('',(0.,0.,-1.));
#5082=DIRECTION('',(0.5,-0.866025403784438,0.));
#5083=DIRECTION('',(-0.866025403784439,0.5,0.));
#5084=DIRECTION('',(-0.5,-0.866025403784439,0.));
#5085=DIRECTION('',(-0.5,-0.866025403784439,0.));
#5086=DIRECTION('',(0.,0.,-1.));
#5087=DIRECTION('',(-0.5,-0.866025403784439,0.));
#5088=DIRECTION('',(0.,1.,0.));
#5089=DIRECTION('',(0.,0.,-1.));
#5090=DIRECTION('',(-1.,0.,0.));
#5091=DIRECTION('',(0.,0.,-1.));
#5092=DIRECTION('',(-1.,0.,0.));
#5093=DIRECTION('',(0.866025403784439,0.5,0.));
#5094=DIRECTION('',(-0.5,0.866025403784439,0.));
#5095=DIRECTION('',(-0.5,0.866025403784439,0.));
#5096=DIRECTION('',(0.,0.,-1.));
#5097=DIRECTION('',(-0.5,0.866025403784439,0.));
#5098=DIRECTION('',(0.866025403784439,-0.5,0.));
#5099=DIRECTION('',(0.5,0.866025403784439,0.));
#5100=DIRECTION('',(0.5,0.866025403784439,0.));
#5101=DIRECTION('',(0.,0.,-1.));
#5102=DIRECTION('',(0.5,0.866025403784439,0.));
#5103=DIRECTION('',(0.,-1.,0.));
#5104=DIRECTION('',(0.,0.,1.));
#5105=DIRECTION('',(1.,0.,0.));
#5106=DIRECTION('',(1.,0.,0.));
#5107=DIRECTION('',(0.,0.,1.));
#5108=DIRECTION('',(1.,0.,0.));
#5109=DIRECTION('',(0.,0.,-1.));
#5110=DIRECTION('',(-1.,0.,0.));
#5111=DIRECTION('',(-0.61237243569579,-0.353553390593272,-0.707106781186553));
#5112=DIRECTION('',(0.5,-0.866025403784439,0.));
#5113=DIRECTION('',(0.755928946018461,-8.64427212475833E-15,-0.654653670707969));
#5114=DIRECTION('',(0.377964473009243,0.654653670707968,-0.654653670707977));
#5115=DIRECTION('',(0.,-0.707106781186553,-0.707106781186543));
#5116=DIRECTION('',(1.,0.,0.));
#5117=DIRECTION('',(-0.377964473009234,0.654653670707971,-0.65465367070798));
#5118=DIRECTION('',(-0.612372435695787,0.353553390593269,-0.707106781186557));
#5119=DIRECTION('',(-0.5,-0.866025403784439,0.));
#5120=DIRECTION('',(0.377964473009252,-0.654653670707966,-0.654653670707974));
#5121=DIRECTION('',(0.612372435695795,-0.353553390593274,-0.707106781186548));
#5122=DIRECTION('',(0.5,0.866025403784439,0.));
#5123=DIRECTION('',(0.755928946018457,9.62169983134253E-15,0.654653670707974));
#5124=DIRECTION('',(0.,0.707106781186553,-0.707106781186543));
#5125=DIRECTION('',(-1.,0.,0.));
#5126=DIRECTION('',(-0.377964473009242,-0.654653670707968,-0.654653670707977));
#5127=DIRECTION('',(0.61237243569579,0.353553390593273,-0.707106781186552));
#5128=DIRECTION('',(-0.5,0.866025403784438,0.));
#5129=DIRECTION('',(0.,0.,1.));
#5130=DIRECTION('',(-1.,0.,0.));
#5131=DIRECTION('',(-0.866025403784438,-0.5,0.));
#5132=DIRECTION('',(0.5,-0.866025403784438,0.));
#5133=DIRECTION('',(0.,0.,-1.));
#5134=DIRECTION('',(0.5,-0.866025403784438,0.));
#5135=DIRECTION('',(0.,0.,-1.));
#5136=DIRECTION('',(0.5,-0.866025403784438,0.));
#5137=DIRECTION('',(0.,0.,1.));
#5138=DIRECTION('',(0.5,-0.866025403784438,0.));
#5139=DIRECTION('',(-0.866025403784439,0.5,0.));
#5140=DIRECTION('',(-0.5,-0.866025403784439,0.));
#5141=DIRECTION('',(0.,0.,-1.));
#5142=DIRECTION('',(-0.5,-0.866025403784439,0.));
#5143=DIRECTION('',(-0.5,-0.866025403784439,0.));
#5144=DIRECTION('',(0.,0.,-1.));
#5145=DIRECTION('',(-0.5,-0.866025403784439,0.));
#5146=DIRECTION('',(0.,1.,0.));
#5147=DIRECTION('',(0.,0.,-1.));
#5148=DIRECTION('',(-1.,0.,0.));
#5149=DIRECTION('',(0.,0.,-1.));
#5150=DIRECTION('',(-1.,0.,0.));
#5151=DIRECTION('',(0.866025403784439,0.5,0.));
#5152=DIRECTION('',(-0.5,0.866025403784439,0.));
#5153=DIRECTION('',(-0.5,0.866025403784439,0.));
#5154=DIRECTION('',(-0.5,0.866025403784439,0.));
#5155=DIRECTION('',(0.,-1.,0.));
#5156=DIRECTION('',(0.,0.,1.));
#5157=DIRECTION('',(-9.35208550226842E-17,0.,1.));
#5158=DIRECTION('',(1.,0.,0.));
#5159=DIRECTION('',(1.,0.,0.));
#5160=DIRECTION('',(0.,0.,1.));
#5161=DIRECTION('',(1.,0.,0.));
#5162=DIRECTION('',(0.,0.,-1.));
#5163=DIRECTION('',(-1.,0.,0.));
#5164=DIRECTION('',(0.486854227285107,-0.873483234741584,0.));
#5165=DIRECTION('',(0.,0.,-1.));
#5166=DIRECTION('',(-1.,0.,0.));
#5167=DIRECTION('',(0.612372435695799,-0.353553390593276,-0.707106781186543));
#5168=DIRECTION('',(0.5,0.866025403784439,0.));
#5169=DIRECTION('',(0.250562807085709,0.935113126531029,-0.250562807085754));
#5170=DIRECTION('',(-0.377964473009225,0.654653670707973,-0.654653670707982));
#5171=DIRECTION('',(0.,-0.707106781186553,-0.707106781186543));
#5172=DIRECTION('',(1.,0.,0.));
#5173=DIRECTION('',(0.377964473009261,0.654653670707963,-0.654653670707972));
#5174=DIRECTION('',(0.965925826289074,-0.258819045102499,0.));
#5175=DIRECTION('',(0.,0.,1.));
#5176=DIRECTION('',(-0.25056280708571,-0.935113126531033,0.250562807085741));
#5177=DIRECTION('',(-0.612372435695782,-0.353553390593267,-0.707106781186562));
#5178=DIRECTION('',(0.5,-0.866025403784439,0.));
#5179=DIRECTION('',(-0.612372435695781,0.353553390593266,0.707106781186563));
#5180=DIRECTION('',(0.5,0.866025403784439,0.));
#5181=DIRECTION('',(0.5,0.866025403784439,0.));
#5182=DIRECTION('',(0.755928946018453,-6.42568566586978E-14,0.654653670707979));
#5183=DIRECTION('',(0.,0.,1.));
#5184=DIRECTION('',(-1.,0.,0.));
#5185=DIRECTION('',(-0.612372435695811,-0.353553390593285,0.707106781186528));
#5186=DIRECTION('',(-0.5,0.866025403784438,0.));
#5187=DIRECTION('',(-0.5,0.866025403784438,0.));
#5188=DIRECTION('',(0.250562807085708,-0.935113126531026,-0.250562807085766));
#5189=DIRECTION('',(-0.873483234741584,-0.486854227285107,0.));
#5190=DIRECTION('',(0.,0.,1.));
#5191=DIRECTION('',(-0.366670625554142,0.657857375255352,0.657857375255361));
#5192=DIRECTION('',(0.965925826289074,0.258819045102499,0.));
#5193=DIRECTION('',(0.,0.,-1.));
#5194=DIRECTION('',(-0.25056280708571,0.935113126531032,0.250562807085745));
#5195=DIRECTION('',(0.,0.707106781186553,-0.707106781186543));
#5196=DIRECTION('',(-1.,0.,0.));
#5197=DIRECTION('',(-0.377964473009255,-0.654653670707965,-0.654653670707974));
#5198=DIRECTION('',(0.612372435695784,0.353553390593269,-0.70710678118656));
#5199=DIRECTION('',(-0.5,0.866025403784438,0.));
#5200=DIRECTION('',(0.,0.,1.));
#5201=DIRECTION('',(-1.,0.,0.));
#5202=DIRECTION('',(0.,1.,0.));
#5203=DIRECTION('',(-1.,0.,0.));
#5204=DIRECTION('',(-0.5,0.,-0.866025403784438));
#5205=DIRECTION('',(-1.,0.,6.43849113744497E-16));
#5206=DIRECTION('',(-0.5,0.,0.866025403784439));
#5207=DIRECTION('',(0.5,0.,0.866025403784438));
#5208=DIRECTION('',(1.,0.,0.));
#5209=DIRECTION('',(0.5,0.,-0.866025403784439));
#5210=DIRECTION('',(-0.866025403784438,0.,0.5));
#5211=DIRECTION('',(-0.5,0.,-0.866025403784438));
#5212=DIRECTION('',(0.,1.,0.));
#5213=DIRECTION('',(0.,1.,0.));
#5214=DIRECTION('',(-0.866025403784439,0.,-0.5));
#5215=DIRECTION('',(0.5,0.,-0.86602540378444));
#5216=DIRECTION('',(0.,1.,0.));
#5217=DIRECTION('',(0.,0.,-1.));
#5218=DIRECTION('',(1.,0.,0.));
#5219=DIRECTION('',(0.,1.,0.));
#5220=DIRECTION('',(0.866025403784438,0.,-0.5));
#5221=DIRECTION('',(0.5,0.,0.866025403784438));
#5222=DIRECTION('',(0.,1.,0.));
#5223=DIRECTION('',(0.86602540378444,0.,0.5));
#5224=DIRECTION('',(-0.5,0.,0.86602540378444));
#5225=DIRECTION('',(0.,1.,0.));
#5226=DIRECTION('',(6.43849113744498E-16,0.,1.));
#5227=DIRECTION('',(-1.,0.,6.43849113744498E-16));
#5228=DIRECTION('',(0.,1.,0.));
#5229=DIRECTION('',(-1.,0.,0.));
#5230=DIRECTION('',(-0.5,0.,-0.866025403784438));
#5231=DIRECTION('',(-1.,0.,6.43849113744497E-16));
#5232=DIRECTION('',(-0.5,0.,0.866025403784439));
#5233=DIRECTION('',(0.5,0.,0.866025403784438));
#5234=DIRECTION('',(1.,0.,0.));
#5235=DIRECTION('',(0.5,0.,-0.866025403784439));
#5236=DIRECTION('',(-0.866025403784438,0.,0.5));
#5237=DIRECTION('',(-0.5,0.,-0.866025403784438));
#5238=DIRECTION('',(0.,1.,0.));
#5239=DIRECTION('',(0.,1.,0.));
#5240=DIRECTION('',(-0.866025403784439,0.,-0.5));
#5241=DIRECTION('',(0.5,0.,-0.86602540378444));
#5242=DIRECTION('',(0.,1.,0.));
#5243=DIRECTION('',(0.,0.,-1.));
#5244=DIRECTION('',(1.,0.,0.));
#5245=DIRECTION('',(0.,1.,0.));
#5246=DIRECTION('',(0.866025403784438,0.,-0.5));
#5247=DIRECTION('',(0.5,0.,0.866025403784438));
#5248=DIRECTION('',(0.,1.,0.));
#5249=DIRECTION('',(0.86602540378444,0.,0.5));
#5250=DIRECTION('',(-0.5,0.,0.86602540378444));
#5251=DIRECTION('',(0.,1.,0.));
#5252=DIRECTION('',(6.43849113744498E-16,0.,1.));
#5253=DIRECTION('',(-1.,0.,6.43849113744498E-16));
#5254=DIRECTION('',(0.,0.,1.));
#5255=DIRECTION('',(1.,0.,0.));
#5256=DIRECTION('',(-0.866025403784438,-0.5,0.));
#5257=DIRECTION('',(0.5,-0.866025403784438,0.));
#5258=DIRECTION('',(0.,0.,-1.));
#5259=DIRECTION('',(-0.866025403784439,0.5,0.));
#5260=DIRECTION('',(-0.5,-0.866025403784439,0.));
#5261=DIRECTION('',(0.,0.,1.));
#5262=DIRECTION('',(1.,0.,0.));
#5263=DIRECTION('',(0.,0.,1.));
#5264=DIRECTION('',(1.,0.,0.));
#5265=DIRECTION('',(0.5,0.866025403784439,0.));
#5266=DIRECTION('',(-0.5,0.86602540378444,0.));
#5267=DIRECTION('',(-1.,0.,0.));
#5268=DIRECTION('',(-0.5,-0.866025403784439,0.));
#5269=DIRECTION('',(0.5,-0.866025403784439,0.));
#5270=DIRECTION('',(1.,0.,0.));
#5271=DIRECTION('',(-0.866025403784439,0.5,0.));
#5272=DIRECTION('',(-0.5,-0.866025403784439,0.));
#5273=DIRECTION('',(0.,0.,-1.));
#5274=DIRECTION('',(0.5,0.866025403784439,0.));
#5275=DIRECTION('',(0.,0.,-1.));
#5276=DIRECTION('',(-0.86602540378444,-0.5,0.));
#5277=DIRECTION('',(0.5,-0.86602540378444,0.));
#5278=DIRECTION('',(-0.5,0.86602540378444,0.));
#5279=DIRECTION('',(0.,0.,-1.));
#5280=DIRECTION('',(0.,-1.,0.));
#5281=DIRECTION('',(0.,0.,-1.));
#5282=DIRECTION('',(-1.,0.,0.));
#5283=DIRECTION('',(0.,0.,-1.));
#5284=DIRECTION('',(0.866025403784439,-0.5,0.));
#5285=DIRECTION('',(0.5,0.866025403784439,0.));
#5286=DIRECTION('',(-0.5,-0.866025403784439,0.));
#5287=DIRECTION('',(0.,0.,-1.));
#5288=DIRECTION('',(0.866025403784439,0.5,0.));
#5289=DIRECTION('',(-0.5,0.866025403784439,0.));
#5290=DIRECTION('',(0.5,-0.866025403784439,0.));
#5291=DIRECTION('',(0.,0.,-1.));
#5292=DIRECTION('',(0.,1.,0.));
#5293=DIRECTION('',(0.,0.,1.));
#5294=DIRECTION('',(1.,0.,0.));
#5295=DIRECTION('',(-0.612372435695786,0.353553390593269,-0.707106781186557));
#5296=DIRECTION('',(0.5,0.866025403784439,0.));
#5297=DIRECTION('',(0.755928946018459,-1.79353629709841E-14,-0.654653670707972));
#5298=DIRECTION('',(0.377964473009232,-0.654653670707985,-0.654653670707967));
#5299=DIRECTION('',(0.,0.707106781186538,-0.707106781186557));
#5300=DIRECTION('',(1.,0.,0.));
#5301=DIRECTION('',(-0.377964473009268,-0.654653670707974,-0.654653670707956));
#5302=DIRECTION('',(-0.612372435695795,-0.353553390593274,-0.707106781186548));
#5303=DIRECTION('',(-0.5,0.866025403784439,0.));
#5304=DIRECTION('',(0.377964473009214,0.65465367070799,-0.654653670707972));
#5305=DIRECTION('',(0.61237243569577,0.353553390593258,-0.707106781186577));
#5306=DIRECTION('',(0.5,-0.86602540378444,0.));
#5307=DIRECTION('',(0.755928946018476,1.69774254163897E-14,0.654653670707952));
#5308=DIRECTION('',(0.,-0.707106781186538,-0.707106781186557));
#5309=DIRECTION('',(-1.,0.,0.));
#5310=DIRECTION('',(-0.37796447300925,0.65465367070798,-0.654653670707962));
#5311=DIRECTION('',(0.612372435695778,-0.353553390593264,-0.707106781186567));
#5312=DIRECTION('',(-0.5,-0.866025403784439,0.));
#5313=DIRECTION('',(0.,0.,1.));
#5314=DIRECTION('',(1.,0.,0.));
#5315=DIRECTION('',(0.,0.,1.));
#5316=DIRECTION('',(1.,0.,0.));
#5317=DIRECTION('',(0.,0.,1.));
#5318=DIRECTION('',(1.,0.,0.));
#5319=DIRECTION('',(0.5,0.866025403784439,0.));
#5320=DIRECTION('',(-0.5,0.866025403784439,0.));
#5321=DIRECTION('',(-1.,0.,0.));
#5322=DIRECTION('',(-0.5,-0.866025403784439,0.));
#5323=DIRECTION('',(0.5,-0.866025403784439,0.));
#5324=DIRECTION('',(1.,0.,0.));
#5325=DIRECTION('',(-0.866025403784439,0.5,0.));
#5326=DIRECTION('',(-0.5,-0.866025403784439,0.));
#5327=DIRECTION('',(0.,0.,-1.));
#5328=DIRECTION('',(0.5,0.866025403784439,0.));
#5329=DIRECTION('',(0.,0.,-1.));
#5330=DIRECTION('',(-0.866025403784439,-0.5,0.));
#5331=DIRECTION('',(0.5,-0.866025403784439,0.));
#5332=DIRECTION('',(-0.5,0.866025403784439,0.));
#5333=DIRECTION('',(0.,0.,-1.));
#5334=DIRECTION('',(0.,-1.,0.));
#5335=DIRECTION('',(0.,0.,-1.));
#5336=DIRECTION('',(-1.,0.,0.));
#5337=DIRECTION('',(0.,0.,-1.));
#5338=DIRECTION('',(0.866025403784439,-0.5,0.));
#5339=DIRECTION('',(0.5,0.866025403784439,0.));
#5340=DIRECTION('',(-0.5,-0.866025403784439,0.));
#5341=DIRECTION('',(0.,0.,-1.));
#5342=DIRECTION('',(0.866025403784439,0.5,0.));
#5343=DIRECTION('',(-0.5,0.866025403784439,0.));
#5344=DIRECTION('',(0.5,-0.866025403784439,0.));
#5345=DIRECTION('',(0.,0.,-1.));
#5346=DIRECTION('',(0.,1.,0.));
#5347=DIRECTION('',(0.,0.,1.));
#5348=DIRECTION('',(1.,0.,0.));
#5349=DIRECTION('',(-0.61237243569579,0.353553390593272,-0.707106781186553));
#5350=DIRECTION('',(0.5,0.866025403784439,0.));
#5351=DIRECTION('',(0.755928946018461,8.95539095788564E-15,-0.65465367070797));
#5352=DIRECTION('',(0.377964473009223,-0.654653670707987,-0.65465367070797));
#5353=DIRECTION('',(0.,0.707106781186538,-0.707106781186557));
#5354=DIRECTION('',(1.,0.,0.));
#5355=DIRECTION('',(-0.377964473009232,-0.654653670707985,-0.654653670707967));
#5356=DIRECTION('',(-0.612372435695786,-0.353553390593269,-0.707106781186557));
#5357=DIRECTION('',(-0.5,0.866025403784439,0.));
#5358=DIRECTION('',(0.377964473009232,0.654653670707985,-0.654653670707967));
#5359=DIRECTION('',(0.612372435695786,0.353553390593269,-0.707106781186557));
#5360=DIRECTION('',(0.5,-0.866025403784439,0.));
#5361=DIRECTION('',(0.755928946018463,0.,0.654653670707967));
#5362=DIRECTION('',(0.,-0.707106781186538,-0.707106781186557));
#5363=DIRECTION('',(-1.,0.,0.));
#5364=DIRECTION('',(-0.377964473009232,0.654653670707985,-0.654653670707967));
#5365=DIRECTION('',(0.612372435695786,-0.353553390593269,-0.707106781186557));
#5366=DIRECTION('',(-0.5,-0.866025403784439,0.));
#5367=DIRECTION('',(0.,0.,1.));
#5368=DIRECTION('',(1.,0.,0.));
#5369=DIRECTION('',(0.,0.,1.));
#5370=DIRECTION('',(1.,0.,0.));
#5371=DIRECTION('',(0.,0.,1.));
#5372=DIRECTION('',(1.,0.,0.));
#5373=DIRECTION('',(-0.5,-0.866025403784439,0.));
#5374=DIRECTION('',(0.,0.,1.));
#5375=DIRECTION('',(1.,0.,0.));
#5376=DIRECTION('',(0.48685422728513,0.873483234741571,0.));
#5377=DIRECTION('',(1.,0.,0.));
#5378=DIRECTION('',(0.5,0.866025403784438,0.));
#5379=DIRECTION('',(-0.5,0.866025403784439,0.));
#5380=DIRECTION('',(-1.,0.,0.));
#5381=DIRECTION('',(-0.866025403784438,0.5,0.));
#5382=DIRECTION('',(-0.5,-0.866025403784438,0.));
#5383=DIRECTION('',(0.,0.,-1.));
#5384=DIRECTION('',(0.5,0.866025403784438,0.));
#5385=DIRECTION('',(0.,0.,-1.));
#5386=DIRECTION('',(-0.866025403784439,-0.5,0.));
#5387=DIRECTION('',(0.5,-0.866025403784439,0.));
#5388=DIRECTION('',(-0.5,0.866025403784439,0.));
#5389=DIRECTION('',(0.,0.,-1.));
#5390=DIRECTION('',(0.,-1.,0.));
#5391=DIRECTION('',(0.,0.,-1.));
#5392=DIRECTION('',(-1.,0.,0.));
#5393=DIRECTION('',(0.,0.,-1.));
#5394=DIRECTION('',(0.866025403784439,-0.5,0.));
#5395=DIRECTION('',(0.5,0.866025403784439,0.));
#5396=DIRECTION('',(-0.5,-0.866025403784439,0.));
#5397=DIRECTION('',(0.,1.,0.));
#5398=DIRECTION('',(0.,0.,1.));
#5399=DIRECTION('',(-1.87041710045368E-16,0.,1.));
#5400=DIRECTION('',(1.,0.,0.));
#5401=DIRECTION('',(-0.61237243569579,0.353553390593272,-0.707106781186553));
#5402=DIRECTION('',(0.5,0.866025403784439,0.));
#5403=DIRECTION('',(0.37796447300925,-0.654653670707962,-0.65465367070798));
#5404=DIRECTION('',(0.,0.,1.));
#5405=DIRECTION('',(1.,0.,0.));
#5406=DIRECTION('',(0.,0.707106781186557,-0.707106781186538));
#5407=DIRECTION('',(1.,0.,0.));
#5408=DIRECTION('',(-0.377964473009259,-0.654653670707959,-0.654653670707977));
#5409=DIRECTION('',(-0.873483234741571,0.48685422728513,0.));
#5410=DIRECTION('',(0.,0.,1.));
#5411=DIRECTION('',(-0.366670625554165,-0.65785737525535,0.65785737525535));
#5412=DIRECTION('',(0.612372435695786,0.353553390593269,-0.707106781186557));
#5413=DIRECTION('',(0.5,-0.866025403784439,0.));
#5414=DIRECTION('',(0.755928946018468,-1.85474188307923E-14,0.654653670707962));
#5415=DIRECTION('',(0.,-0.707106781186548,-0.707106781186548));
#5416=DIRECTION('',(-1.,0.,0.));
#5417=DIRECTION('',(-0.377964473009262,0.654653670707967,-0.654653670707967));
#5418=DIRECTION('',(0.612372435695777,-0.353553390593266,-0.707106781186567));
#5419=DIRECTION('',(-0.5,-0.866025403784438,0.));
#5420=DIRECTION('',(0.,0.,1.));
#5421=DIRECTION('',(1.,0.,0.));
#5422=DIRECTION('',(0.,0.,1.));
#5423=DIRECTION('',(1.,0.,0.));
#5424=DIRECTION('',(0.,0.,1.));
#5425=DIRECTION('',(1.,0.,0.));
#5426=DIRECTION('',(0.5,0.866025403784438,0.));
#5427=DIRECTION('',(-0.5,0.866025403784439,0.));
#5428=DIRECTION('',(-1.,0.,0.));
#5429=DIRECTION('',(-0.5,-0.866025403784439,0.));
#5430=DIRECTION('',(0.5,-0.866025403784439,0.));
#5431=DIRECTION('',(1.,0.,0.));
#5432=DIRECTION('',(-0.866025403784438,0.5,0.));
#5433=DIRECTION('',(-0.5,-0.866025403784438,0.));
#5434=DIRECTION('',(0.,0.,-1.));
#5435=DIRECTION('',(0.5,0.866025403784438,0.));
#5436=DIRECTION('',(0.,0.,-1.));
#5437=DIRECTION('',(-0.866025403784439,-0.5,0.));
#5438=DIRECTION('',(0.5,-0.866025403784439,0.));
#5439=DIRECTION('',(-0.5,0.866025403784439,0.));
#5440=DIRECTION('',(0.,0.,-1.));
#5441=DIRECTION('',(0.,-1.,0.));
#5442=DIRECTION('',(0.,0.,-1.));
#5443=DIRECTION('',(-1.,0.,0.));
#5444=DIRECTION('',(0.,0.,-1.));
#5445=DIRECTION('',(0.866025403784439,-0.5,0.));
#5446=DIRECTION('',(0.5,0.866025403784439,0.));
#5447=DIRECTION('',(-0.5,-0.866025403784439,0.));
#5448=DIRECTION('',(0.,0.,-1.));
#5449=DIRECTION('',(0.866025403784439,0.5,0.));
#5450=DIRECTION('',(-0.5,0.866025403784439,0.));
#5451=DIRECTION('',(0.5,-0.866025403784439,0.));
#5452=DIRECTION('',(0.,0.,-1.));
#5453=DIRECTION('',(0.,1.,0.));
#5454=DIRECTION('',(0.,0.,1.));
#5455=DIRECTION('',(1.,0.,0.));
#5456=DIRECTION('',(-0.612372435695795,0.353553390593274,-0.707106781186548));
#5457=DIRECTION('',(0.5,0.866025403784439,0.));
#5458=DIRECTION('',(0.755928946018459,1.73970502768145E-14,-0.654653670707972));
#5459=DIRECTION('',(0.377964473009241,-0.654653670707964,-0.654653670707982));
#5460=DIRECTION('',(0.,0.707106781186557,-0.707106781186538));
#5461=DIRECTION('',(1.,0.,0.));
#5462=DIRECTION('',(-0.377964473009232,-0.654653670707967,-0.654653670707985));
#5463=DIRECTION('',(-0.612372435695787,-0.353553390593269,-0.707106781186557));
#5464=DIRECTION('',(-0.5,0.866025403784439,0.));
#5465=DIRECTION('',(0.377964473009246,0.654653670707972,-0.654653670707972));
#5466=DIRECTION('',(0.612372435695799,0.353553390593276,-0.707106781186543));
#5467=DIRECTION('',(0.5,-0.866025403784439,0.));
#5468=DIRECTION('',(0.755928946018461,-4.53194849259173E-14,0.654653670707969));
#5469=DIRECTION('',(0.,-0.707106781186548,-0.707106781186548));
#5470=DIRECTION('',(-1.,0.,0.));
#5471=DIRECTION('',(-0.377964473009262,0.654653670707967,-0.654653670707967));
#5472=DIRECTION('',(0.612372435695777,-0.353553390593266,-0.707106781186567));
#5473=DIRECTION('',(-0.5,-0.866025403784438,0.));
#5474=DIRECTION('',(0.,0.,1.));
#5475=DIRECTION('',(1.,0.,0.));
#5476=DIRECTION('',(0.,0.,1.));
#5477=DIRECTION('',(1.,0.,0.));
#5478=DIRECTION('',(0.,0.,1.));
#5479=DIRECTION('',(1.,0.,0.));
#5480=DIRECTION('',(0.5,0.866025403784439,0.));
#5481=DIRECTION('',(-0.5,0.866025403784439,0.));
#5482=DIRECTION('',(-1.,0.,0.));
#5483=DIRECTION('',(-0.5,-0.866025403784439,0.));
#5484=DIRECTION('',(0.5,-0.866025403784439,0.));
#5485=DIRECTION('',(1.,0.,0.));
#5486=DIRECTION('',(-0.866025403784439,0.5,0.));
#5487=DIRECTION('',(-0.5,-0.866025403784439,0.));
#5488=DIRECTION('',(0.,0.,-1.));
#5489=DIRECTION('',(0.5,0.866025403784439,0.));
#5490=DIRECTION('',(0.,0.,-1.));
#5491=DIRECTION('',(-0.866025403784439,-0.5,0.));
#5492=DIRECTION('',(0.5,-0.866025403784439,0.));
#5493=DIRECTION('',(-0.5,0.866025403784439,0.));
#5494=DIRECTION('',(0.,0.,-1.));
#5495=DIRECTION('',(0.,-1.,0.));
#5496=DIRECTION('',(0.,0.,-1.));
#5497=DIRECTION('',(-1.,0.,0.));
#5498=DIRECTION('',(0.,0.,-1.));
#5499=DIRECTION('',(0.866025403784439,-0.5,0.));
#5500=DIRECTION('',(0.5,0.866025403784439,0.));
#5501=DIRECTION('',(-0.5,-0.866025403784439,0.));
#5502=DIRECTION('',(0.,0.,-1.));
#5503=DIRECTION('',(0.866025403784439,0.5,0.));
#5504=DIRECTION('',(-0.5,0.866025403784439,0.));
#5505=DIRECTION('',(0.5,-0.866025403784439,0.));
#5506=DIRECTION('',(0.,0.,-1.));
#5507=DIRECTION('',(0.,1.,0.));
#5508=DIRECTION('',(0.,0.,1.));
#5509=DIRECTION('',(1.,0.,0.));
#5510=DIRECTION('',(-0.61237243569579,0.353553390593272,-0.707106781186553));
#5511=DIRECTION('',(0.5,0.866025403784439,0.));
#5512=DIRECTION('',(0.755928946018461,8.47642218058826E-15,-0.65465367070797));
#5513=DIRECTION('',(0.377964473009236,-0.654653670707975,-0.654653670707975));
#5514=DIRECTION('',(0.,0.707106781186548,-0.707106781186548));
#5515=DIRECTION('',(1.,0.,0.));
#5516=DIRECTION('',(-0.377964473009236,-0.654653670707975,-0.654653670707975));
#5517=DIRECTION('',(-0.612372435695787,-0.353553390593269,-0.707106781186557));
#5518=DIRECTION('',(-0.5,0.866025403784439,0.));
#5519=DIRECTION('',(0.377964473009232,0.654653670707985,-0.654653670707967));
#5520=DIRECTION('',(0.612372435695791,0.353553390593271,-0.707106781186553));
#5521=DIRECTION('',(0.5,-0.866025403784439,0.));
#5522=DIRECTION('',(0.755928946018461,-9.11814999883241E-15,0.65465367070797));
#5523=DIRECTION('',(0.,-0.707106781186538,-0.707106781186557));
#5524=DIRECTION('',(-1.,0.,0.));
#5525=DIRECTION('',(-0.377964473009232,0.654653670707985,-0.654653670707967));
#5526=DIRECTION('',(0.612372435695786,-0.353553390593269,-0.707106781186557));
#5527=DIRECTION('',(-0.5,-0.866025403784439,0.));
#5528=DIRECTION('',(0.,0.,1.));
#5529=DIRECTION('',(1.,0.,0.));
#5530=DIRECTION('',(0.,0.,1.));
#5531=DIRECTION('',(1.,0.,0.));
#5532=DIRECTION('',(0.,0.,1.));
#5533=DIRECTION('',(1.,0.,0.));
#5534=DIRECTION('',(0.5,0.866025403784438,0.));
#5535=DIRECTION('',(-0.5,0.866025403784439,0.));
#5536=DIRECTION('',(-1.,0.,0.));
#5537=DIRECTION('',(-0.5,-0.866025403784439,0.));
#5538=DIRECTION('',(0.5,-0.866025403784439,0.));
#5539=DIRECTION('',(1.,-6.63167417460632E-16,0.));
#5540=DIRECTION('',(-0.866025403784438,0.5,0.));
#5541=DIRECTION('',(-0.5,-0.866025403784438,0.));
#5542=DIRECTION('',(0.,0.,-1.));
#5543=DIRECTION('',(0.5,0.866025403784438,0.));
#5544=DIRECTION('',(0.,0.,-1.));
#5545=DIRECTION('',(-0.866025403784439,-0.5,0.));
#5546=DIRECTION('',(0.5,-0.866025403784439,0.));
#5547=DIRECTION('',(-0.5,0.866025403784439,0.));
#5548=DIRECTION('',(0.,0.,-1.));
#5549=DIRECTION('',(0.,-1.,0.));
#5550=DIRECTION('',(0.,0.,-1.));
#5551=DIRECTION('',(-1.,0.,0.));
#5552=DIRECTION('',(0.,0.,-1.));
#5553=DIRECTION('',(0.866025403784439,-0.5,0.));
#5554=DIRECTION('',(0.5,0.866025403784439,0.));
#5555=DIRECTION('',(-0.5,-0.866025403784439,0.));
#5556=DIRECTION('',(0.,0.,-1.));
#5557=DIRECTION('',(0.866025403784439,0.5,0.));
#5558=DIRECTION('',(-0.5,0.866025403784439,0.));
#5559=DIRECTION('',(0.5,-0.866025403784439,0.));
#5560=DIRECTION('',(0.,0.,-1.));
#5561=DIRECTION('',(6.63167417460632E-16,1.,0.));
#5562=DIRECTION('',(-1.,6.63167417460632E-16,0.));
#5563=DIRECTION('',(1.,-6.63167417460632E-16,0.));
#5564=DIRECTION('',(-0.612372435695795,0.353553390593274,-0.707106781186548));
#5565=DIRECTION('',(0.5,0.866025403784439,0.));
#5566=DIRECTION('',(0.755928946018463,3.36242418476619E-14,-0.654653670707967));
#5567=DIRECTION('',(0.377964473009224,-0.65465367070798,-0.654653670707976));
#5568=DIRECTION('',(0.,0.707106781186545,-0.70710678118655));
#5569=DIRECTION('',(1.,0.,0.));
#5570=DIRECTION('',(-0.377964473009254,-0.654653670707972,-0.654653670707968));
#5571=DIRECTION('',(-0.612372435695779,-0.353553390593265,-0.707106781186566));
#5572=DIRECTION('',(-0.5,0.866025403784439,0.));
#5573=DIRECTION('',(0.377964473009256,0.654653670707973,-0.654653670707965));
#5574=DIRECTION('',(0.612372435695781,0.353553390593266,-0.707106781186564));
#5575=DIRECTION('',(0.5,-0.866025403784439,0.));
#5576=DIRECTION('',(0.755928946018466,1.13298712314794E-14,0.654653670707963));
#5577=DIRECTION('',(-4.6893017794838E-16,-0.707106781186543,-0.707106781186552));
#5578=DIRECTION('',(-1.,6.63167417460632E-16,0.));
#5579=DIRECTION('',(-0.377964473009239,0.654653670707978,-0.65465367070797));
#5580=DIRECTION('',(0.612372435695786,-0.35355339059327,-0.707106781186557));
#5581=DIRECTION('',(-0.5,-0.866025403784438,0.));
#5582=DIRECTION('',(0.,0.,1.));
#5583=DIRECTION('',(1.,0.,0.));
#5584=DIRECTION('',(0.,0.,1.));
#5585=DIRECTION('',(1.,0.,0.));
#5586=DIRECTION('',(0.,0.,1.));
#5587=DIRECTION('',(1.,0.,0.));
#5588=DIRECTION('',(0.5,0.866025403784438,0.));
#5589=DIRECTION('',(-0.5,0.866025403784439,0.));
#5590=DIRECTION('',(-1.,0.,0.));
#5591=DIRECTION('',(-0.5,-0.866025403784439,0.));
#5592=DIRECTION('',(0.5,-0.866025403784439,0.));
#5593=DIRECTION('',(1.,0.,0.));
#5594=DIRECTION('',(-0.866025403784438,0.5,0.));
#5595=DIRECTION('',(-0.5,-0.866025403784438,0.));
#5596=DIRECTION('',(0.,0.,-1.));
#5597=DIRECTION('',(0.5,0.866025403784438,0.));
#5598=DIRECTION('',(0.,0.,-1.));
#5599=DIRECTION('',(-0.866025403784439,-0.5,0.));
#5600=DIRECTION('',(0.5,-0.866025403784439,0.));
#5601=DIRECTION('',(-0.5,0.866025403784439,0.));
#5602=DIRECTION('',(0.,0.,-1.));
#5603=DIRECTION('',(0.,-1.,0.));
#5604=DIRECTION('',(0.,0.,-1.));
#5605=DIRECTION('',(-1.,0.,0.));
#5606=DIRECTION('',(0.,0.,-1.));
#5607=DIRECTION('',(0.866025403784439,-0.5,0.));
#5608=DIRECTION('',(0.5,0.866025403784439,0.));
#5609=DIRECTION('',(-0.5,-0.866025403784439,0.));
#5610=DIRECTION('',(0.,0.,-1.));
#5611=DIRECTION('',(0.866025403784439,0.5,0.));
#5612=DIRECTION('',(-0.5,0.866025403784439,0.));
#5613=DIRECTION('',(0.5,-0.866025403784439,0.));
#5614=DIRECTION('',(0.,0.,-1.));
#5615=DIRECTION('',(0.,1.,0.));
#5616=DIRECTION('',(0.,0.,1.));
#5617=DIRECTION('',(1.,0.,0.));
#5618=DIRECTION('',(-0.612372435695786,0.353553390593269,-0.707106781186558));
#5619=DIRECTION('',(0.5,0.866025403784439,0.));
#5620=DIRECTION('',(0.755928946018465,2.91279296776333E-15,-0.654653670707965));
#5621=DIRECTION('',(0.37796447300924,-0.654653670707978,-0.654653670707969));
#5622=DIRECTION('',(0.,0.707106781186543,-0.707106781186553));
#5623=DIRECTION('',(1.,0.,0.));
#5624=DIRECTION('',(-0.377964473009234,-0.65465367070798,-0.654653670707971));
#5625=DIRECTION('',(-0.612372435695784,-0.353553390593268,-0.70710678118656));
#5626=DIRECTION('',(-0.5,0.866025403784439,0.));
#5627=DIRECTION('',(0.377964473009243,0.654653670707977,-0.654653670707968));
#5628=DIRECTION('',(0.612372435695788,0.35355339059327,-0.707106781186555));
#5629=DIRECTION('',(0.5,-0.866025403784439,0.));
#5630=DIRECTION('',(0.755928946018463,-8.39249720850324E-15,0.654653670707967));
#5631=DIRECTION('',(0.,-0.707106781186543,-0.707106781186553));
#5632=DIRECTION('',(-1.,0.,0.));
#5633=DIRECTION('',(-0.377964473009242,0.654653670707977,-0.654653670707969));
#5634=DIRECTION('',(0.612372435695784,-0.353553390593269,-0.707106781186559));
#5635=DIRECTION('',(-0.5,-0.866025403784438,0.));
#5636=DIRECTION('',(0.,0.,1.));
#5637=DIRECTION('',(1.,0.,0.));
#5638=DIRECTION('',(0.,0.,1.));
#5639=DIRECTION('',(1.,0.,0.));
#5640=DIRECTION('',(0.,0.,1.));
#5641=DIRECTION('',(1.,0.,0.));
#5642=DIRECTION('',(0.,0.,1.));
#5643=DIRECTION('',(1.,0.,0.));
#5644=DIRECTION('',(0.,0.,1.));
#5645=DIRECTION('',(1.,0.,0.));
#5646=DIRECTION('',(1.,0.,0.));
#5647=DIRECTION('',(0.,0.,1.));
#5648=DIRECTION('',(1.,0.,0.));
#5649=DIRECTION('',(0.,1.,0.));
#5650=DIRECTION('',(0.,0.,1.));
#5651=DIRECTION('',(1.,0.,0.));
#5652=DIRECTION('',(-1.,0.,0.));
#5653=DIRECTION('',(0.,0.,1.));
#5654=DIRECTION('',(1.,0.,0.));
#5655=DIRECTION('',(7.80527998189789E-16,-1.,0.));
#5656=DIRECTION('',(0.,0.,1.));
#5657=DIRECTION('',(1.,0.,0.));
#5658=DIRECTION('',(0.,0.,1.));
#5659=DIRECTION('',(1.,0.,0.));
#5660=DIRECTION('',(0.,0.,1.));
#5661=DIRECTION('',(1.,0.,0.));
#5662=DIRECTION('',(0.,0.,1.));
#5663=DIRECTION('',(0.,0.,1.));
#5664=DIRECTION('',(1.,7.80527998189789E-16,0.));
#5665=DIRECTION('',(-7.80527998189789E-16,1.,0.));
#5666=DIRECTION('',(0.,0.,1.));
#5667=DIRECTION('',(0.,0.,1.));
#5668=DIRECTION('',(1.,0.,0.));
#5669=DIRECTION('',(0.,0.,1.));
#5670=DIRECTION('',(0.,-1.,0.));
#5671=DIRECTION('',(0.,0.,-1.));
#5672=DIRECTION('',(0.,0.,1.));
#5673=DIRECTION('',(0.,0.,1.));
#5674=DIRECTION('',(1.,0.,0.));
#5675=DIRECTION('',(0.,0.,1.));
#5676=DIRECTION('',(-1.,0.,0.));
#5677=DIRECTION('',(0.,0.,1.));
#5678=DIRECTION('',(0.,0.,1.));
#5679=DIRECTION('',(0.,0.,1.));
#5680=DIRECTION('',(1.,0.,0.));
#5681=DIRECTION('',(0.,0.,1.));
#5682=DIRECTION('',(0.,1.,0.));
#5683=DIRECTION('',(0.,0.,1.));
#5684=DIRECTION('',(0.,0.,1.));
#5685=DIRECTION('',(1.,0.,0.));
#5686=DIRECTION('',(0.,0.,1.));
#5687=DIRECTION('',(1.,0.,0.));
#5688=DIRECTION('',(0.,0.,1.));
#5689=DIRECTION('',(1.,0.,0.));
#5690=DIRECTION('',(0.,0.,1.));
#5691=DIRECTION('',(1.,0.,0.));
#5692=DIRECTION('',(0.,0.,1.));
#5693=DIRECTION('',(1.,0.,0.));
#5694=DIRECTION('',(0.,0.,1.));
#5695=DIRECTION('',(1.,0.,0.));
#5696=DIRECTION('',(0.,0.,1.));
#5697=DIRECTION('',(1.,0.,0.));
#5698=DIRECTION('',(0.,0.,1.));
#5699=DIRECTION('',(1.,0.,0.));
#5700=DIRECTION('',(0.,0.,1.));
#5701=DIRECTION('',(1.,0.,0.));
#5702=DIRECTION('',(0.,0.,1.));
#5703=DIRECTION('',(1.,0.,0.));
#5704=DIRECTION('',(0.,0.,1.));
#5705=DIRECTION('',(1.,0.,0.));
#5706=DIRECTION('',(0.,0.,1.));
#5707=DIRECTION('',(1.,0.,0.));
#5708=CARTESIAN_POINT('',(0.,0.,0.));
#5709=CARTESIAN_POINT('',(0.09525,-0.0125,0.0600003039889082));
#5710=CARTESIAN_POINT('',(0.123856352173775,0.00401588512806236,0.0600003039889082));
#5711=CARTESIAN_POINT('',(0.123412462266748,0.004784725,0.0600003039889082));
#5712=CARTESIAN_POINT('',(0.126174924533497,-9.7993631438531E-18,0.0600003039889082));
#5713=CARTESIAN_POINT('',(0.11303103462647,-0.0227658851280624,0.0600003039889082));
#5714=CARTESIAN_POINT('',(0.123412462266748,-0.004784725,0.0600003039889082));
#5715=CARTESIAN_POINT('',(0.09525,-0.004784725,0.0600003039889082));
#5716=CARTESIAN_POINT('',(0.117887537733252,-0.004784725,0.0600003039889082));
#5717=CARTESIAN_POINT('',(0.11556896537353,-0.000768839871937644,0.0600003039889082));
#5718=CARTESIAN_POINT('',(0.115125075466503,-2.73656103564705E-17,0.0600003039889082));
#5719=CARTESIAN_POINT('',(0.104743647826225,-0.0179811601280624,0.0600003039889082));
#5720=CARTESIAN_POINT('',(0.117887537733252,0.004784725,0.0600003039889082));
#5721=CARTESIAN_POINT('',(0.09525,0.004784725,0.0600003039889082));
#5722=CARTESIAN_POINT('',(0.1458533974299,0.0167158851280623,0.0600003039889082));
#5723=CARTESIAN_POINT('',(0.123412462266748,0.055584725,0.0600003039889082));
#5724=CARTESIAN_POINT('',(0.126174924533497,0.0508,0.0600003039889082));
#5725=CARTESIAN_POINT('',(0.0910339893703449,-0.0100658851280623,0.0600003039889082));
#5726=CARTESIAN_POINT('',(0.123412462266748,0.046015275,0.0600003039889082));
#5727=CARTESIAN_POINT('',(0.09525,0.046015275,0.0600003039889082));
#5728=CARTESIAN_POINT('',(0.117887537733252,0.046015275,0.0600003039889082));
#5729=CARTESIAN_POINT('',(0.137566010629655,0.0119311601280623,0.0600003039889082));
#5730=CARTESIAN_POINT('',(0.115125075466503,0.0508,0.0600003039889082));
#5731=CARTESIAN_POINT('',(0.0827466025701,-0.00528116012806239,0.0600003039889082));
#5732=CARTESIAN_POINT('',(0.117887537733252,0.055584725,0.0600003039889082));
#5733=CARTESIAN_POINT('',(0.09525,0.055584725,0.0600003039889082));
#5734=CARTESIAN_POINT('',(0.09525,0.046015275,0.0600003039889082));
#5735=CARTESIAN_POINT('',(0.0789624622667483,0.046015275,0.0600003039889082));
#5736=CARTESIAN_POINT('',(0.0742706790195598,0.046015275,0.0600003039889082));
#5737=CARTESIAN_POINT('',(0.0543591977027669,0.0102913475195416,0.0600003039889082));
#5738=CARTESIAN_POINT('',(0.0741962196798153,0.0458816847356217,0.0600003039889082));
#5739=CARTESIAN_POINT('',(3.46944695195361E-18,2.08166817117217E-17,0.0600003039889082));
#5740=CARTESIAN_POINT('',(0.0772392743942768,-0.04055,0.0600003039889082));
#5741=CARTESIAN_POINT('',(0.078572,-0.04055,0.0600003039889082));
#5742=CARTESIAN_POINT('',(0.081072,-0.04055,0.0600003039889082));
#5743=CARTESIAN_POINT('',(0.081072,-0.06155,0.0600003039889082));
#5744=CARTESIAN_POINT('',(0.081072,-0.0496691015344758,0.0600003039889082));
#5745=CARTESIAN_POINT('',(0.0812919704525613,-0.0500501015344758,0.0600003039889082));
#5746=CARTESIAN_POINT('',(0.0817249245334967,-0.0508,0.0600003039889082));
#5747=CARTESIAN_POINT('',(0.0816516010493096,-0.050927,0.0600003039889082));
#5748=CARTESIAN_POINT('',(0.081072,-0.0519308984655242,0.0600003039889082));
#5749=CARTESIAN_POINT('',(0.081072,-0.06155,0.0600003039889082));
#5750=CARTESIAN_POINT('',(0.081072,-0.0635,0.0600003039889082));
#5751=CARTESIAN_POINT('',(0.078572,-0.0635,0.0600003039889082));
#5752=CARTESIAN_POINT('',(0.065972,-0.0635,0.0600003039889082));
#5753=CARTESIAN_POINT('',(0.065972,-0.06155,0.0600003039889082));
#5754=CARTESIAN_POINT('',(0.065972,-0.0570780450344472,0.0600003039889082));
#5755=CARTESIAN_POINT('',(3.46944695195361E-18,2.08166817117217E-17,0.0600003039889082));
#5756=CARTESIAN_POINT('',(0.05715,-0.0659096768991807,0.0600003039889082));
#5757=CARTESIAN_POINT('',(0.05715,-0.0774048384495903,0.0600003039889082));
#5758=CARTESIAN_POINT('',(0.05715,-0.0889,0.0600003039889082));
#5759=CARTESIAN_POINT('',(0.09525,-0.0889,0.0600003039889082));
#5760=CARTESIAN_POINT('',(0.0655920000038505,-0.0889,0.0600003039889082));
#5761=CARTESIAN_POINT('',(0.0655920000038505,-0.1139,0.0600003039889082));
#5762=CARTESIAN_POINT('',(0.0655920000038505,-0.1139,0.0600003039889082));
#5763=CARTESIAN_POINT('',(0.09525,-0.1139,0.0600003039889082));
#5764=CARTESIAN_POINT('',(0.12859199999615,-0.1139,0.0600003039889082));
#5765=CARTESIAN_POINT('',(0.12859199999615,-0.1139,0.0600003039889082));
#5766=CARTESIAN_POINT('',(0.12859199999615,-0.0889,0.0600003039889082));
#5767=CARTESIAN_POINT('',(0.09525,-0.0889,0.0600003039889082));
#5768=CARTESIAN_POINT('',(0.13335,-0.0889,0.0600003039889082));
#5769=CARTESIAN_POINT('',(0.13335,0.,0.0600003039889082));
#5770=CARTESIAN_POINT('',(0.13335,0.0889,0.0600003039889082));
#5771=CARTESIAN_POINT('',(0.09525,0.0889,0.0600003039889082));
#5772=CARTESIAN_POINT('',(0.05715,0.0889,0.0600003039889082));
#5773=CARTESIAN_POINT('',(0.05715,0.0774048384495903,0.0600003039889082));
#5774=CARTESIAN_POINT('',(0.05715,0.0705979923044848,0.0600003039889082));
#5775=CARTESIAN_POINT('',(3.46944695195361E-18,2.08166817117217E-17,0.0600003039889082));
#5776=CARTESIAN_POINT('',(0.0727468342406958,0.054388391457928,0.0600003039889082));
#5777=CARTESIAN_POINT('',(0.0494091025701,0.0139662544710468,0.0600003039889082));
#5778=CARTESIAN_POINT('',(0.0734375377332517,0.055584725,0.0600003039889082));
#5779=CARTESIAN_POINT('',(0.09525,0.055584725,0.0600003039889082));
#5780=CARTESIAN_POINT('',(0.0789624622667483,0.055584725,0.0600003039889082));
#5781=CARTESIAN_POINT('',(0.1125158974299,-0.0025315294710468,0.0600003039889082));
#5782=CARTESIAN_POINT('',(0.0817249245334967,0.0508,0.0600003039889082));
#5783=CARTESIAN_POINT('',(0.057696489370345,0.00918152947104691,0.0600003039889082));
#5784=CARTESIAN_POINT('',(0.123514420057962,0.00381847052895322,0.0600003039889082));
#5785=CARTESIAN_POINT('',(0.0789624622667483,0.080984725,0.0600003039889082));
#5786=CARTESIAN_POINT('',(0.0817249245334967,0.0762,0.0600003039889082));
#5787=CARTESIAN_POINT('',(0.0466979667422827,0.0155315294710467,0.0600003039889082));
#5788=CARTESIAN_POINT('',(0.0789624622667483,0.071415275,0.0600003039889082));
#5789=CARTESIAN_POINT('',(0.09525,0.071415275,0.0600003039889082));
#5790=CARTESIAN_POINT('',(0.0734375377332517,0.071415275,0.0600003039889082));
#5791=CARTESIAN_POINT('',(0.115227033257717,-0.000966254471046785,0.0600003039889082));
#5792=CARTESIAN_POINT('',(0.0706750754665033,0.0762,0.0600003039889082));
#5793=CARTESIAN_POINT('',(0.0384105799420376,0.0203162544710467,0.0600003039889082));
#5794=CARTESIAN_POINT('',(0.0734375377332517,0.080984725,0.0600003039889082));
#5795=CARTESIAN_POINT('',(0.09525,0.080984725,0.0600003039889082));
#5796=CARTESIAN_POINT('',(0.128212,-0.06155,0.0600003039889082));
#5797=CARTESIAN_POINT('',(0.128212,-0.0635,0.0600003039889082));
#5798=CARTESIAN_POINT('',(0.128212,-0.04055,0.0600003039889082));
#5799=CARTESIAN_POINT('',(0.120662,-0.0635,0.0600003039889082));
#5800=CARTESIAN_POINT('',(0.113112,-0.0635,0.0600003039889082));
#5801=CARTESIAN_POINT('',(0.113112,-0.06155,0.0600003039889082));
#5802=CARTESIAN_POINT('',(0.113112,-0.04055,0.0600003039889082));
#5803=CARTESIAN_POINT('',(0.120662,-0.04055,0.0600003039889082));
#5804=CARTESIAN_POINT('',(0.156851920057963,0.0230658851280621,0.0600003039889082));
#5805=CARTESIAN_POINT('',(0.123412462266748,0.080984725,0.0600003039889082));
#5806=CARTESIAN_POINT('',(0.126174924533497,0.0762,0.0600003039889082));
#5807=CARTESIAN_POINT('',(0.0800354667422827,-0.00371588512806238,0.0600003039889082));
#5808=CARTESIAN_POINT('',(0.123412462266748,0.071415275,0.0600003039889082));
#5809=CARTESIAN_POINT('',(0.09525,0.071415275,0.0600003039889082));
#5810=CARTESIAN_POINT('',(0.117887537733252,0.071415275,0.0600003039889082));
#5811=CARTESIAN_POINT('',(0.148564533257717,0.0182811601280624,0.0600003039889082));
#5812=CARTESIAN_POINT('',(0.115125075466503,0.0762,0.0600003039889082));
#5813=CARTESIAN_POINT('',(0.0717480799420377,0.00106883987193762,0.0600003039889082));
#5814=CARTESIAN_POINT('',(0.117887537733252,0.080984725,0.0600003039889082));
#5815=CARTESIAN_POINT('',(0.09525,0.080984725,0.0600003039889082));
#5816=CARTESIAN_POINT('',(0.134854874801838,0.0103658851280623,0.0600003039889082));
#5817=CARTESIAN_POINT('',(0.123412462266748,0.030184725,0.0600003039889082));
#5818=CARTESIAN_POINT('',(0.126174924533497,0.0254,0.0600003039889082));
#5819=CARTESIAN_POINT('',(0.102032511998407,-0.0164158851280624,0.0600003039889082));
#5820=CARTESIAN_POINT('',(0.123412462266748,0.020615275,0.0600003039889082));
#5821=CARTESIAN_POINT('',(0.09525,0.020615275,0.0600003039889082));
#5822=CARTESIAN_POINT('',(0.117887537733252,0.020615275,0.0600003039889082));
#5823=CARTESIAN_POINT('',(0.126567488001593,0.00558116012806233,0.0600003039889082));
#5824=CARTESIAN_POINT('',(0.115125075466503,0.0254,0.0600003039889082));
#5825=CARTESIAN_POINT('',(0.0937451251981624,-0.0116311601280624,0.0600003039889082));
#5826=CARTESIAN_POINT('',(0.117887537733252,0.030184725,0.0600003039889082));
#5827=CARTESIAN_POINT('',(0.09525,0.030184725,0.0600003039889082));
#5828=CARTESIAN_POINT('',(0.112857829545713,-0.00233411487193763,0.0600003039889082));
#5829=CARTESIAN_POINT('',(0.123412462266748,-0.020615275,0.0600003039889082));
#5830=CARTESIAN_POINT('',(0.126174924533497,-0.0254,0.0600003039889082));
#5831=CARTESIAN_POINT('',(0.124029557254532,-0.0291158851280624,0.0600003039889082));
#5832=CARTESIAN_POINT('',(0.123412462266748,-0.030184725,0.0600003039889082));
#5833=CARTESIAN_POINT('',(0.09525,-0.030184725,0.0600003039889082));
#5834=CARTESIAN_POINT('',(0.117887537733252,-0.030184725,0.0600003039889082));
#5835=CARTESIAN_POINT('',(0.104570442745468,-0.00711883987193763,0.0600003039889082));
#5836=CARTESIAN_POINT('',(0.115125075466503,-0.0254,0.0600003039889082));
#5837=CARTESIAN_POINT('',(0.115742170454287,-0.0243311601280624,0.0600003039889082));
#5838=CARTESIAN_POINT('',(0.117887537733252,-0.020615275,0.0600003039889082));
#5839=CARTESIAN_POINT('',(0.09525,-0.020615275,0.0600003039889082));
#5840=CARTESIAN_POINT('',(0.101125719967773,0.0744050573455389,0.0600003039889082));
#5841=CARTESIAN_POINT('',(0.111285719967773,0.0744050573455389,0.0600003039889082));
#5842=CARTESIAN_POINT('',(0.0909657199677732,0.0744050573455389,0.0600003039889082));
#5843=CARTESIAN_POINT('',(0.111285719967773,0.0713650573455389,0.0600003039889082));
#5844=CARTESIAN_POINT('',(0.114325719967773,0.0713650573455389,0.0600003039889082));
#5845=CARTESIAN_POINT('',(0.114325719967773,0.0624750573455389,0.0600003039889082));
#5846=CARTESIAN_POINT('',(0.114325719967773,0.0535850573455389,0.0600003039889082));
#5847=CARTESIAN_POINT('',(0.111285719967773,0.0535850573455389,0.0600003039889082));
#5848=CARTESIAN_POINT('',(0.111285719967773,0.0505450573455389,0.0600003039889082));
#5849=CARTESIAN_POINT('',(0.101125719967773,0.0505450573455389,0.0600003039889082));
#5850=CARTESIAN_POINT('',(0.0909657199677732,0.0505450573455389,0.0600003039889082));
#5851=CARTESIAN_POINT('',(0.0909657199677732,0.0535850573455389,0.0600003039889082));
#5852=CARTESIAN_POINT('',(0.0879257199677732,0.0535850573455389,0.0600003039889082));
#5853=CARTESIAN_POINT('',(0.0879257199677732,0.0624750573455389,0.0600003039889082));
#5854=CARTESIAN_POINT('',(0.0879257199677732,0.0713650573455389,0.0600003039889082));
#5855=CARTESIAN_POINT('',(0.0909657199677732,0.0713650573455389,0.0600003039889082));
#5856=CARTESIAN_POINT('',(0.12065,-0.0254,0.0633523039889082));
#5857=CARTESIAN_POINT('',(0.12065,-0.0254,0.0564062039889082));
#5858=CARTESIAN_POINT('',(0.1232027,-0.0254,0.0564062039889082));
#5859=CARTESIAN_POINT('',(0.12065,-0.0254,0.0285001519944541));
#5860=CARTESIAN_POINT('',(0.1232027,-0.0254,0.0285001519944541));
#5861=CARTESIAN_POINT('',(0.12065,-1.37214800136053E-17,0.0633523039889082));
#5862=CARTESIAN_POINT('',(0.12065,-1.37214800136053E-17,0.0564062039889082));
#5863=CARTESIAN_POINT('',(0.1232027,-1.37214800136053E-17,0.0564062039889082));
#5864=CARTESIAN_POINT('',(0.12065,-1.37214800136053E-17,0.0285001519944541));
#5865=CARTESIAN_POINT('',(0.1232027,-1.37214800136053E-17,0.0285001519944541));
#5866=CARTESIAN_POINT('',(0.12065,0.0254,0.0633523039889082));
#5867=CARTESIAN_POINT('',(0.12065,0.0254,0.0564062039889082));
#5868=CARTESIAN_POINT('',(0.1232027,0.0254,0.0564062039889082));
#5869=CARTESIAN_POINT('',(0.12065,0.0254,0.0285001519944541));
#5870=CARTESIAN_POINT('',(0.1232027,0.0254,0.0285001519944541));
#5871=CARTESIAN_POINT('',(0.12065,0.0508,0.0633523039889082));
#5872=CARTESIAN_POINT('',(0.12065,0.0508,0.0564062039889082));
#5873=CARTESIAN_POINT('',(0.1232027,0.0508,0.0564062039889082));
#5874=CARTESIAN_POINT('',(0.12065,0.0508,0.0285001519944541));
#5875=CARTESIAN_POINT('',(0.1232027,0.0508,0.0285001519944541));
#5876=CARTESIAN_POINT('',(3.46944695195361E-18,2.08166817117217E-17,0.0284981519944541));
#5877=CARTESIAN_POINT('',(0.0741962196798153,0.0458816847356217,0.0284981519944541));
#5878=CARTESIAN_POINT('',(0.0741962196798153,0.0458816847356217,0.0564062039889082));
#5879=CARTESIAN_POINT('',(3.46944695195361E-18,2.08166817117217E-17,0.0564062039889082));
#5880=CARTESIAN_POINT('',(0.05715,0.0659096768991807,0.0564062039889082));
#5881=CARTESIAN_POINT('',(0.05715,0.0659096768991807,0.0284981519944541));
#5882=CARTESIAN_POINT('',(0.05715,0.0659096768991807,0.0285001519944541));
#5883=CARTESIAN_POINT('',(3.46944695195361E-18,2.08166817117217E-17,0.0285001519944541));
#5884=CARTESIAN_POINT('',(0.0857566790923855,0.016,0.0285001519944541));
#5885=CARTESIAN_POINT('',(0.0857566790923855,0.016,0.0284981519944541));
#5886=CARTESIAN_POINT('',(0.0857566790923855,0.016,0.0434201519944541));
#5887=CARTESIAN_POINT('',(3.46944695195361E-18,2.08166817117217E-17,0.0434201519944541));
#5888=CARTESIAN_POINT('',(0.0857566790923855,-0.016,0.0434201519944541));
#5889=CARTESIAN_POINT('',(0.0857566790923855,-0.016,0.0284981519944541));
#5890=CARTESIAN_POINT('',(0.0857566790923855,-0.016,0.0285001519944541));
#5891=CARTESIAN_POINT('',(3.46944695195361E-18,2.08166817117217E-17,0.0285001519944541));
#5892=CARTESIAN_POINT('',(0.05715,-0.0659096768991807,0.0285001519944541));
#5893=CARTESIAN_POINT('',(0.05715,-0.0659096768991807,0.0284981519944541));
#5894=CARTESIAN_POINT('',(0.065972,-0.0570780450344472,0.0445003039889082));
#5895=CARTESIAN_POINT('',(0.065972,-0.0570780450344472,0.0409062039889082));
#5896=CARTESIAN_POINT('',(3.46944695195361E-18,2.08166817117217E-17,0.0409062039889082));
#5897=CARTESIAN_POINT('',(0.0741962196798153,-0.0458816847356217,0.0409062039889082));
#5898=CARTESIAN_POINT('',(0.0741962196798153,-0.0458816847356217,0.0284981519944541));
#5899=CARTESIAN_POINT('',(0.0741962196798153,-0.0458816847356217,0.0445003039889082));
#5900=CARTESIAN_POINT('',(3.46944695195361E-18,2.08166817117217E-17,0.0445003039889082));
#5901=CARTESIAN_POINT('',(0.0772392743942768,-0.04055,0.0445003039889082));
#5902=CARTESIAN_POINT('',(0.0772392743942768,-0.04055,0.0445003039889082));
#5903=CARTESIAN_POINT('',(0.0762,0.0508,0.0633523039889082));
#5904=CARTESIAN_POINT('',(0.0762,0.0508,0.0564062039889082));
#5905=CARTESIAN_POINT('',(0.0787527,0.0508,0.0564062039889082));
#5906=CARTESIAN_POINT('',(0.0762,0.0508,0.0285001519944541));
#5907=CARTESIAN_POINT('',(0.0787527,0.0508,0.0285001519944541));
#5908=CARTESIAN_POINT('',(0.0762,0.0762,0.0633523039889082));
#5909=CARTESIAN_POINT('',(0.0762,0.0762,0.0564062039889082));
#5910=CARTESIAN_POINT('',(0.0787527,0.0762,0.0564062039889082));
#5911=CARTESIAN_POINT('',(0.0762,0.0762,0.0285001519944541));
#5912=CARTESIAN_POINT('',(0.0787527,0.0762,0.0285001519944541));
#5913=CARTESIAN_POINT('',(0.12065,0.0762,0.0633523039889082));
#5914=CARTESIAN_POINT('',(0.12065,0.0762,0.0564062039889082));
#5915=CARTESIAN_POINT('',(0.1232027,0.0762,0.0564062039889082));
#5916=CARTESIAN_POINT('',(0.12065,0.0762,0.0285001519944541));
#5917=CARTESIAN_POINT('',(0.1232027,0.0762,0.0285001519944541));
#5918=CARTESIAN_POINT('',(0.120662,-0.0619,0.0520703039889082));
#5919=CARTESIAN_POINT('',(0.120662,-0.085008,0.0520703039889082));
#5920=CARTESIAN_POINT('',(0.120662,-0.085008,0.0495203039889082));
#5921=CARTESIAN_POINT('',(0.120662,-0.0667,0.0520703039889082));
#5922=CARTESIAN_POINT('',(0.120662,-0.0667,0.0495203039889082));
#5923=CARTESIAN_POINT('',(0.073522,-0.0619,0.0520703039889082));
#5924=CARTESIAN_POINT('',(0.073522,-0.085008,0.0520703039889082));
#5925=CARTESIAN_POINT('',(0.073522,-0.085008,0.0495203039889082));
#5926=CARTESIAN_POINT('',(0.073522,-0.0667,0.0520703039889082));
#5927=CARTESIAN_POINT('',(0.073522,-0.0667,0.0495203039889082));
#5928=CARTESIAN_POINT('',(0.081072,-0.06155,0.0445003039889082));
#5929=CARTESIAN_POINT('',(0.081072,-0.0641738203068951,0.0497479446026981));
#5930=CARTESIAN_POINT('',(0.081072,-0.0496691015344758,0.0570003039889082));
#5931=CARTESIAN_POINT('',(0.081072,-0.0501090424395983,0.0567803335363469));
#5932=CARTESIAN_POINT('',(0.081072,-0.0496691015344758,0.0600023039889082));
#5933=CARTESIAN_POINT('',(0.081072,-0.04055,0.0445003039889082));
#5934=CARTESIAN_POINT('',(0.081072,-0.04055,0.0445003039889082));
#5935=CARTESIAN_POINT('',(0.081072,-0.06155,0.0445003039889082));
#5936=CARTESIAN_POINT('',(0.081072,-0.0496691015344758,0.0445003039889082));
#5937=CARTESIAN_POINT('',(0.081072,-0.0322790438837324,0.0531953328142796));
#5938=CARTESIAN_POINT('',(0.081072,-0.0501090424395983,0.0442803335363469));
#5939=CARTESIAN_POINT('',(0.081072,-0.0501090424395983,0.0445003039889082));
#5940=CARTESIAN_POINT('',(0.081072,-0.06155,0.0445003039889082));
#5941=CARTESIAN_POINT('',(0.081072,-0.0233609561162675,0.0302153328142797));
#5942=CARTESIAN_POINT('',(0.081072,-0.0519308984655242,0.0445003039889082));
#5943=CARTESIAN_POINT('',(0.081072,-0.0514909575604017,0.0442803335363469));
#5944=CARTESIAN_POINT('',(0.081072,-0.06155,0.0445003039889082));
#5945=CARTESIAN_POINT('',(0.081072,-0.0635,0.0445003039889082));
#5946=CARTESIAN_POINT('',(0.081072,-0.0635,0.0445003039889082));
#5947=CARTESIAN_POINT('',(0.081072,-0.0519308984655242,0.0600023039889082));
#5948=CARTESIAN_POINT('',(0.081072,-0.0519308984655242,0.0570003039889082));
#5949=CARTESIAN_POINT('',(0.081072,-0.0546261796931051,0.0583479446026985));
#5950=CARTESIAN_POINT('',(0.081072,-0.0514909575604017,0.0567803335363469));
#5951=CARTESIAN_POINT('',(0.081072,-0.0514909575604017,0.0445003039889082));
#5952=CARTESIAN_POINT('',(0.09525,-0.0125,0.0445003039889082));
#5953=CARTESIAN_POINT('',(0.09525,-0.055584725,0.0445003039889082));
#5954=CARTESIAN_POINT('',(0.0734375377332517,-0.055584725,0.0445003039889082));
#5955=CARTESIAN_POINT('',(0.0789624622667483,-0.055584725,0.0445003039889082));
#5956=CARTESIAN_POINT('',(0.0602344201174055,-0.0327162544710468,0.0445003039889082));
#5957=CARTESIAN_POINT('',(0.0727468342406958,-0.054388391457928,0.0445003039889082));
#5958=CARTESIAN_POINT('',(3.46944695195361E-18,2.08166817117217E-17,0.0445003039889082));
#5959=CARTESIAN_POINT('',(0.065972,-0.0624331180818647,0.0445003039889082));
#5960=CARTESIAN_POINT('',(0.065972,-0.06155,0.0445003039889082));
#5961=CARTESIAN_POINT('',(0.065972,-0.0635,0.0445003039889082));
#5962=CARTESIAN_POINT('',(0.078572,-0.0635,0.0445003039889082));
#5963=CARTESIAN_POINT('',(0.101690579882594,-0.0162184705289532,0.0445003039889082));
#5964=CARTESIAN_POINT('',(0.09525,-0.0125,0.0445003039889082));
#5965=CARTESIAN_POINT('',(0.078572,-0.04055,0.0445003039889082));
#5966=CARTESIAN_POINT('',(0.0649906728351825,-0.0293656715539055,0.0445003039889082));
#5967=CARTESIAN_POINT('',(0.0742706790195597,-0.046015275,0.0445003039889082));
#5968=CARTESIAN_POINT('',(0.09525,-0.046015275,0.0445003039889082));
#5969=CARTESIAN_POINT('',(0.0789624622667483,-0.046015275,0.0445003039889082));
#5970=CARTESIAN_POINT('',(0.0685218069176505,-0.0279315294710468,0.0445003039889082));
#5971=CARTESIAN_POINT('',(0.0762,-0.0508,0.0633523039889082));
#5972=CARTESIAN_POINT('',(0.0762,-0.0508,0.0409062039889082));
#5973=CARTESIAN_POINT('',(0.0736473,-0.0508,0.0409062039889082));
#5974=CARTESIAN_POINT('',(0.0762,-0.0508,0.0285001519944541));
#5975=CARTESIAN_POINT('',(0.0787527,-0.0508,0.0285001519944541));
#5976=CARTESIAN_POINT('',(0.09525,-0.0125,0.0445003039889082));
#5977=CARTESIAN_POINT('',(0.135028079882594,-0.0354658851280623,0.0445003039889082));
#5978=CARTESIAN_POINT('',(0.123412462266748,-0.055584725,0.0445003039889082));
#5979=CARTESIAN_POINT('',(0.126174924533497,-0.0508,0.0445003039889082));
#5980=CARTESIAN_POINT('',(0.09525,-0.055584725,0.0445003039889082));
#5981=CARTESIAN_POINT('',(0.117887537733252,-0.055584725,0.0445003039889082));
#5982=CARTESIAN_POINT('',(0.0935719201174055,-0.0134688398719376,0.0445003039889082));
#5983=CARTESIAN_POINT('',(0.115125075466503,-0.0508,0.0445003039889082));
#5984=CARTESIAN_POINT('',(0.126740693082349,-0.0306811601280624,0.0445003039889082));
#5985=CARTESIAN_POINT('',(0.117887537733252,-0.046015275,0.0445003039889082));
#5986=CARTESIAN_POINT('',(0.09525,-0.046015275,0.0445003039889082));
#5987=CARTESIAN_POINT('',(0.123412462266748,-0.046015275,0.0445003039889082));
#5988=CARTESIAN_POINT('',(0.10185930691765,-0.00868411487193767,0.0445003039889082));
#5989=CARTESIAN_POINT('',(0.120662,-0.0635,0.0445003039889082));
#5990=CARTESIAN_POINT('',(0.113112,-0.0635,0.0445003039889082));
#5991=CARTESIAN_POINT('',(0.128212,-0.0635,0.0445003039889082));
#5992=CARTESIAN_POINT('',(0.128212,-0.06155,0.0445003039889082));
#5993=CARTESIAN_POINT('',(0.128212,-0.04055,0.0445003039889082));
#5994=CARTESIAN_POINT('',(0.120662,-0.04055,0.0445003039889082));
#5995=CARTESIAN_POINT('',(0.113112,-0.04055,0.0445003039889082));
#5996=CARTESIAN_POINT('',(0.113112,-0.06155,0.0445003039889082));
#5997=CARTESIAN_POINT('',(0.12065,-0.0508,0.0633523039889082));
#5998=CARTESIAN_POINT('',(0.12065,-0.0508,0.0409062039889082));
#5999=CARTESIAN_POINT('',(0.1180973,-0.0508,0.0409062039889082));
#6000=CARTESIAN_POINT('',(0.12065,-0.0508,0.0285001519944541));
#6001=CARTESIAN_POINT('',(0.1232027,-0.0508,0.0285001519944541));
#6002=CARTESIAN_POINT('',(0.097092,-0.015,0.0285001519944541));
#6003=CARTESIAN_POINT('',(0.097092,0.016,0.0285001519944541));
#6004=CARTESIAN_POINT('',(0.0970917060712655,0.016,0.0434201666336592));
#6005=CARTESIAN_POINT('',(0.112012,0.016,0.0285001519944541));
#6006=CARTESIAN_POINT('',(0.112012,-0.015,0.0285001519944541));
#6007=CARTESIAN_POINT('',(0.112012,-0.016,0.0285001519944541));
#6008=CARTESIAN_POINT('',(0.097092,-0.016,0.0285001519944541));
#6009=CARTESIAN_POINT('',(0.097092,-0.016,0.0434201519944541));
#6010=CARTESIAN_POINT('',(0.097092,0.,0.0434201519944541));
#6011=CARTESIAN_POINT('',(0.097092,0.,0.0285001519944541));
#6012=CARTESIAN_POINT('',(0.0762,-0.0762,0.0285001519944541));
#6013=CARTESIAN_POINT('',(0.0787527,-0.0762,0.0285001519944541));
#6014=CARTESIAN_POINT('',(0.091091585352703,-0.077008,0.0285001519944541));
#6015=CARTESIAN_POINT('',(0.091091585352703,-0.077008,0.0285001519944541));
#6016=CARTESIAN_POINT('',(0.091091585352703,-0.083408,0.0285001519944541));
#6017=CARTESIAN_POINT('',(0.09525,-0.083408,0.0285001519944541));
#6018=CARTESIAN_POINT('',(0.0775420000011403,-0.083408,0.0285001614941075));
#6019=CARTESIAN_POINT('',(0.0775420000007941,-0.083406,0.0285001709937608));
#6020=CARTESIAN_POINT('',(0.0775420000012268,-0.085008,0.0285001614941075));
#6021=CARTESIAN_POINT('',(0.09525,-0.085008,0.0285001519944541));
#6022=CARTESIAN_POINT('',(0.068592,-0.085008,0.0285001519944541));
#6023=CARTESIAN_POINT('',(0.068592,0.,0.0285001519944541));
#6024=CARTESIAN_POINT('',(0.068592,-0.0889,0.0285001614941075));
#6025=CARTESIAN_POINT('',(0.068592,-0.1139,0.0285001519944541));
#6026=CARTESIAN_POINT('',(0.068592,-0.105566666666667,0.0285001519944541));
#6027=CARTESIAN_POINT('',(0.068592,-0.0972333333333334,0.0285001519944541));
#6028=CARTESIAN_POINT('',(0.068592,-0.0889,0.0285001519944541));
#6029=CARTESIAN_POINT('',(0.068592,-0.1139,0.0285001614941075));
#6030=CARTESIAN_POINT('',(0.09525,-0.1139,0.0285001519944541));
#6031=CARTESIAN_POINT('',(0.0655920000038505,-0.1139,0.0285001519944541));
#6032=CARTESIAN_POINT('',(0.0655920000038504,-0.0889,0.0285001519944541));
#6033=CARTESIAN_POINT('',(0.0655920000038504,-0.0972333333333334,0.0285001519944541));
#6034=CARTESIAN_POINT('',(0.0655920000038504,-0.105566666666667,0.0285001519944541));
#6035=CARTESIAN_POINT('',(0.0655920000038504,-0.1139,0.0285001519944541));
#6036=CARTESIAN_POINT('',(0.0655920000038505,-0.0889,0.0285001519944541));
#6037=CARTESIAN_POINT('',(0.09525,-0.0889,0.0285001519944541));
#6038=CARTESIAN_POINT('',(0.05715,-0.0889,0.0285001519944541));
#6039=CARTESIAN_POINT('',(0.05715,-0.0774048384495903,0.0285001519944541));
#6040=CARTESIAN_POINT('',(0.097092,-0.016,0.0285001519944541));
#6041=CARTESIAN_POINT('',(0.088092,-0.016,0.0285001519944541));
#6042=CARTESIAN_POINT('',(0.088092,-0.02,0.0285001519944541));
#6043=CARTESIAN_POINT('',(0.088092,-0.021,0.0285001519944541));
#6044=CARTESIAN_POINT('',(0.097092,-0.021,0.0285001519944541));
#6045=CARTESIAN_POINT('',(0.089342,-0.021,0.0285001519944541));
#6046=CARTESIAN_POINT('',(0.089342,-0.0235,0.0285001519944541));
#6047=CARTESIAN_POINT('',(0.089342,-0.0245,0.0285001519944541));
#6048=CARTESIAN_POINT('',(0.097092,-0.0245,0.0285001519944541));
#6049=CARTESIAN_POINT('',(0.0925920000005944,-0.0245,0.0285002279916811));
#6050=CARTESIAN_POINT('',(0.0925920000011961,-0.04501,0.0285001709937608));
#6051=CARTESIAN_POINT('',(0.0925920000015771,-0.045008,0.0285001614941075));
#6052=CARTESIAN_POINT('',(0.097092,-0.045008,0.0285001519944541));
#6053=CARTESIAN_POINT('',(0.0835920000008557,-0.045008,0.0285001519944541));
#6054=CARTESIAN_POINT('',(0.0835920000008557,-0.046008,0.0285001519944541));
#6055=CARTESIAN_POINT('',(0.0835920000008557,-0.047008,0.0285001519944541));
#6056=CARTESIAN_POINT('',(0.097092,-0.047008,0.0285001519944541));
#6057=CARTESIAN_POINT('',(0.079592,-0.047008,0.0285001519944541));
#6058=CARTESIAN_POINT('',(0.079592,-0.061008,0.0285001519944541));
#6059=CARTESIAN_POINT('',(0.079592,-0.056008,0.0285001519944541));
#6060=CARTESIAN_POINT('',(0.097092,-0.056008,0.0285001519944541));
#6061=CARTESIAN_POINT('',(0.0835920000008557,-0.056008,0.0285001519944541));
#6062=CARTESIAN_POINT('',(0.0835920000008557,-0.046008,0.0285001519944541));
#6063=CARTESIAN_POINT('',(0.0835920000008557,-0.066008,0.0285001519944541));
#6064=CARTESIAN_POINT('',(0.097092,-0.066008,0.0285001519944541));
#6065=CARTESIAN_POINT('',(0.079592,-0.066008,0.0285001519944541));
#6066=CARTESIAN_POINT('',(0.079592,-0.061008,0.0285001519944541));
#6067=CARTESIAN_POINT('',(0.079592,-0.075008,0.0285001519944541));
#6068=CARTESIAN_POINT('',(0.097092,-0.075008,0.0285001519944541));
#6069=CARTESIAN_POINT('',(0.0835920000008557,-0.075008,0.0285001519944541));
#6070=CARTESIAN_POINT('',(0.0835920000008557,-0.046008,0.0285001519944541));
#6071=CARTESIAN_POINT('',(0.0835920000008557,-0.077008,0.0285001519944541));
#6072=CARTESIAN_POINT('',(0.097092,-0.077008,0.0285001519944541));
#6073=CARTESIAN_POINT('',(0.097092,0.,0.0285001519944541));
#6074=CARTESIAN_POINT('',(0.12065,-0.0762,0.0285001519944541));
#6075=CARTESIAN_POINT('',(0.1232027,-0.0762,0.0285001519944541));
#6076=CARTESIAN_POINT('',(0.103092418521891,-0.062006,0.0285001520333686));
#6077=CARTESIAN_POINT('',(0.103092418521893,-0.077008,0.0285001520139113));
#6078=CARTESIAN_POINT('',(0.103092418521893,-0.083408,0.0285001520139113));
#6079=CARTESIAN_POINT('',(0.097092,-0.077008,0.0285001519944541));
#6080=CARTESIAN_POINT('',(0.110591999999144,-0.077008,0.0285001519944541));
#6081=CARTESIAN_POINT('',(0.110591999999144,-0.046008,0.0285001519944541));
#6082=CARTESIAN_POINT('',(0.110591999999144,-0.075008,0.0285001519944541));
#6083=CARTESIAN_POINT('',(0.097092,-0.075008,0.0285001519944541));
#6084=CARTESIAN_POINT('',(0.114592,-0.075008,0.0285001519944541));
#6085=CARTESIAN_POINT('',(0.114592,-0.061008,0.0285001519944541));
#6086=CARTESIAN_POINT('',(0.114592,-0.066008,0.0285001519944541));
#6087=CARTESIAN_POINT('',(0.097092,-0.066008,0.0285001519944541));
#6088=CARTESIAN_POINT('',(0.110591999999144,-0.066008,0.0285001519944541));
#6089=CARTESIAN_POINT('',(0.110591999999144,-0.046008,0.0285001519944541));
#6090=CARTESIAN_POINT('',(0.110591999999144,-0.056008,0.0285001519944541));
#6091=CARTESIAN_POINT('',(0.097092,-0.056008,0.0285001519944541));
#6092=CARTESIAN_POINT('',(0.114592,-0.056008,0.0285001519944541));
#6093=CARTESIAN_POINT('',(0.114592,-0.061008,0.0285001519944541));
#6094=CARTESIAN_POINT('',(0.114592,-0.047008,0.0285001519944541));
#6095=CARTESIAN_POINT('',(0.097092,-0.047008,0.0285001519944541));
#6096=CARTESIAN_POINT('',(0.110591999999144,-0.047008,0.0285001519944541));
#6097=CARTESIAN_POINT('',(0.110591999999144,-0.046008,0.0285001519944541));
#6098=CARTESIAN_POINT('',(0.110591999999144,-0.045008,0.0285001519944541));
#6099=CARTESIAN_POINT('',(0.097092,-0.045008,0.0285001519944541));
#6100=CARTESIAN_POINT('',(0.10159199999744,-0.045008,0.0285001519944541));
#6101=CARTESIAN_POINT('',(0.10159199999744,-0.04501,0.0285001519944541));
#6102=CARTESIAN_POINT('',(0.10159199999744,-0.0245,0.0285001519944541));
#6103=CARTESIAN_POINT('',(0.097092,-0.0245,0.0285001519944541));
#6104=CARTESIAN_POINT('',(0.104842,-0.0245,0.0285001519944541));
#6105=CARTESIAN_POINT('',(0.104842,-0.0235,0.0285001519944541));
#6106=CARTESIAN_POINT('',(0.104842,-0.021,0.0285001519944541));
#6107=CARTESIAN_POINT('',(0.097092,-0.021,0.0285001519944541));
#6108=CARTESIAN_POINT('',(0.106092,-0.021,0.0285001519944541));
#6109=CARTESIAN_POINT('',(0.106092,-0.02,0.0285001519944541));
#6110=CARTESIAN_POINT('',(0.106092,-0.016,0.0285001519944541));
#6111=CARTESIAN_POINT('',(0.097092,-0.016,0.0285001519944541));
#6112=CARTESIAN_POINT('',(0.097092,0.016,0.0285001519944541));
#6113=CARTESIAN_POINT('',(0.108092,0.016,0.0285001519944541));
#6114=CARTESIAN_POINT('',(0.108092,0.0243,0.0285001519944541));
#6115=CARTESIAN_POINT('',(0.108092,0.0253,0.0285001519944541));
#6116=CARTESIAN_POINT('',(0.097092,0.0253,0.0285001519944541));
#6117=CARTESIAN_POINT('',(0.106092,0.0253,0.0285001519944541));
#6118=CARTESIAN_POINT('',(0.106092,0.0293,0.0285001519944541));
#6119=CARTESIAN_POINT('',(0.106092,0.0303,0.0285001519944541));
#6120=CARTESIAN_POINT('',(0.097092,0.0303,0.0285001519944541));
#6121=CARTESIAN_POINT('',(0.104842,0.0303,0.0285001519944541));
#6122=CARTESIAN_POINT('',(0.104842,0.0328,0.0285001519944541));
#6123=CARTESIAN_POINT('',(0.104842,0.0338,0.0285001519944541));
#6124=CARTESIAN_POINT('',(0.097092,0.0338,0.0285001519944541));
#6125=CARTESIAN_POINT('',(0.10159199999744,0.0338,0.0285001519944541));
#6126=CARTESIAN_POINT('',(0.10159199999744,0.033798,0.0285001519944541));
#6127=CARTESIAN_POINT('',(0.10159199999744,0.0889,0.0285001519944541));
#6128=CARTESIAN_POINT('',(0.09525,0.0889,0.0285001519944541));
#6129=CARTESIAN_POINT('',(0.13335,0.0889,0.0285001519944541));
#6130=CARTESIAN_POINT('',(0.13335,0.,0.0285001519944541));
#6131=CARTESIAN_POINT('',(0.13335,-0.0889,0.0285001519944541));
#6132=CARTESIAN_POINT('',(0.09525,-0.0889,0.0285001519944541));
#6133=CARTESIAN_POINT('',(0.12859199999615,-0.0889,0.0285001519944541));
#6134=CARTESIAN_POINT('',(0.12859199999615,-0.1139,0.0285001519944541));
#6135=CARTESIAN_POINT('',(0.12859199999615,-0.105566666666667,0.0285001519944541));
#6136=CARTESIAN_POINT('',(0.12859199999615,-0.0972333333333334,0.0285001519944541));
#6137=CARTESIAN_POINT('',(0.12859199999615,-0.0889,0.0285001519944541));
#6138=CARTESIAN_POINT('',(0.12859199999615,-0.1139,0.0285001519944541));
#6139=CARTESIAN_POINT('',(0.09525,-0.1139,0.0285001519944541));
#6140=CARTESIAN_POINT('',(0.125592,-0.1139,0.0285001614941075));
#6141=CARTESIAN_POINT('',(0.125592,-0.0889,0.0285001519944541));
#6142=CARTESIAN_POINT('',(0.125592,-0.0972333333333334,0.0285001519944541));
#6143=CARTESIAN_POINT('',(0.125592,-0.105566666666667,0.0285001519944541));
#6144=CARTESIAN_POINT('',(0.125592,-0.1139,0.0285001519944541));
#6145=CARTESIAN_POINT('',(0.125592,-0.0889,0.0285001614941075));
#6146=CARTESIAN_POINT('',(0.125592,0.,0.0285001519944541));
#6147=CARTESIAN_POINT('',(0.125592,-0.085008,0.0285001519944541));
#6148=CARTESIAN_POINT('',(0.09525,-0.085008,0.0285001519944541));
#6149=CARTESIAN_POINT('',(0.11664199999886,-0.085008,0.0285001614941075));
#6150=CARTESIAN_POINT('',(0.116641999999206,-0.085008,0.0285001519944541));
#6151=CARTESIAN_POINT('',(0.116641999999206,-0.0844746666666667,0.0285001519944541));
#6152=CARTESIAN_POINT('',(0.116641999999206,-0.0839413333333333,0.0285001519944541));
#6153=CARTESIAN_POINT('',(0.116641999999206,-0.083408,0.0285001519944541));
#6154=CARTESIAN_POINT('',(0.11664199999886,-0.083408,0.0285001614941075));
#6155=CARTESIAN_POINT('',(0.09525,-0.083408,0.0285001519944541));
#6156=CARTESIAN_POINT('',(0.09525,-0.0889,0.0284981519944541));
#6157=CARTESIAN_POINT('',(0.12859199999615,-0.0889,0.0427502279916811));
#6158=CARTESIAN_POINT('',(0.13335,-0.0889,0.0284981519944541));
#6159=CARTESIAN_POINT('',(0.097092,0.,0.0285001519944541));
#6160=CARTESIAN_POINT('',(0.086092,0.0243,0.0285001519944541));
#6161=CARTESIAN_POINT('',(0.086092,0.0253,0.0285001519944541));
#6162=CARTESIAN_POINT('',(0.086092,0.016,0.0285001519944541));
#6163=CARTESIAN_POINT('',(0.097092,0.016,0.0285001519944541));
#6164=CARTESIAN_POINT('',(0.05715,0.0774048384495903,0.0285001519944541));
#6165=CARTESIAN_POINT('',(0.05715,0.0889,0.0285001519944541));
#6166=CARTESIAN_POINT('',(0.09525,0.0889,0.0285001519944541));
#6167=CARTESIAN_POINT('',(0.0925920000005944,0.0889,0.0285002279916811));
#6168=CARTESIAN_POINT('',(0.092592000001196,0.033798,0.0285001709937608));
#6169=CARTESIAN_POINT('',(0.0925920000015771,0.0338,0.0285001614941075));
#6170=CARTESIAN_POINT('',(0.097092,0.0338,0.0285001519944541));
#6171=CARTESIAN_POINT('',(0.089342,0.0338,0.0285001519944541));
#6172=CARTESIAN_POINT('',(0.089342,0.0328,0.0285001519944541));
#6173=CARTESIAN_POINT('',(0.089342,0.0303,0.0285001519944541));
#6174=CARTESIAN_POINT('',(0.097092,0.0303,0.0285001519944541));
#6175=CARTESIAN_POINT('',(0.088092,0.0303,0.0285001519944541));
#6176=CARTESIAN_POINT('',(0.088092,0.0293,0.0285001519944541));
#6177=CARTESIAN_POINT('',(0.088092,0.0253,0.0285001519944541));
#6178=CARTESIAN_POINT('',(0.097092,0.0253,0.0285001519944541));
#6179=CARTESIAN_POINT('',(0.09525,0.0889,0.0284981519944541));
#6180=CARTESIAN_POINT('',(0.05715,0.0889,0.0284981519944541));
#6181=CARTESIAN_POINT('',(0.13335,0.0889,0.0284981519944541));
#6182=CARTESIAN_POINT('',(0.097092,0.0889,0.0285003039889082));
#6183=CARTESIAN_POINT('',(0.05715,0.0774048384495903,0.0284981519944541));
#6184=CARTESIAN_POINT('',(0.05715,0.0659096768991807,0.0564062039889082));
#6185=CARTESIAN_POINT('',(0.05715,0.0674808539018092,0.0575932731774823));
#6186=CARTESIAN_POINT('',(0.05715,0.0690432088867307,0.0587918502265841));
#6187=CARTESIAN_POINT('',(0.05715,0.0705979923044848,0.0600003039889082));
#6188=CARTESIAN_POINT('',(0.05715,-0.0774048384495903,0.0284981519944541));
#6189=CARTESIAN_POINT('',(0.05715,-0.0889,0.0284981519944541));
#6190=CARTESIAN_POINT('',(0.09525,-0.0889,0.0284981519944541));
#6191=CARTESIAN_POINT('',(0.0655920000038505,-0.0889,0.0427502279916811));
#6192=CARTESIAN_POINT('',(0.13335,0.,0.0284981519944541));
#6193=CARTESIAN_POINT('',(0.112092,-0.075008,0.0285001519944541));
#6194=CARTESIAN_POINT('',(0.097092,-0.075008,0.0285003039889082));
#6195=CARTESIAN_POINT('',(0.097092,-0.075008,0.0285003039889082));
#6196=CARTESIAN_POINT('',(0.112092,-0.066008,0.0285001519944541));
#6197=CARTESIAN_POINT('',(0.097092,-0.066008,0.0285003039889082));
#6198=CARTESIAN_POINT('',(0.097092,-0.066008,0.0285003039889082));
#6199=CARTESIAN_POINT('',(0.097092,-0.061008,0.0285003039889082));
#6200=CARTESIAN_POINT('',(0.112092,-0.056008,0.0285001519944541));
#6201=CARTESIAN_POINT('',(0.097092,-0.056008,0.0285003039889082));
#6202=CARTESIAN_POINT('',(0.097092,-0.056008,0.0285003039889082));
#6203=CARTESIAN_POINT('',(0.112092,-0.047008,0.0285001519944541));
#6204=CARTESIAN_POINT('',(0.097092,-0.047008,0.0285003039889082));
#6205=CARTESIAN_POINT('',(0.097092,-0.047008,0.0285003039889082));
#6206=CARTESIAN_POINT('',(0.097092,-0.061008,0.0285003039889082));
#6207=CARTESIAN_POINT('',(0.0271460000931767,-0.016,0.0312503038957315));
#6208=CARTESIAN_POINT('',(0.071692,-0.016,0.0434201519944541));
#6209=CARTESIAN_POINT('',(0.097092,-0.016,0.0285001519944541));
#6210=CARTESIAN_POINT('',(0.0271460000931767,0.016,0.0312503038957315));
#6211=CARTESIAN_POINT('',(0.097092,0.016,0.0285001519944541));
#6212=CARTESIAN_POINT('',(0.071692,0.016,0.0434201519944541));
#6213=CARTESIAN_POINT('',(0.097092,-0.046008,0.0285003039889082));
#6214=CARTESIAN_POINT('',(0.097092,-0.045008,0.0285003039889082));
#6215=CARTESIAN_POINT('',(0.097092,-0.045008,0.0285003039889082));
#6216=CARTESIAN_POINT('',(0.097092,-0.045008,0.0285003039889082));
#6217=CARTESIAN_POINT('',(0.097092,-0.0245,0.0285001519944541));
#6218=CARTESIAN_POINT('',(0.097092,-0.0245,0.0285001519944541));
#6219=CARTESIAN_POINT('',(0.097092,-0.0245,0.0285003039889082));
#6220=CARTESIAN_POINT('',(0.097092,-0.0235,0.0285001519944541));
#6221=CARTESIAN_POINT('',(0.097092,-0.021,0.0285001519944541));
#6222=CARTESIAN_POINT('',(0.097092,-0.021,0.0285001519944541));
#6223=CARTESIAN_POINT('',(0.097092,-0.021,0.0285001519944541));
#6224=CARTESIAN_POINT('',(0.097092,-0.02,0.0285001519944541));
#6225=CARTESIAN_POINT('',(0.097092,-0.046008,0.0285003039889082));
#6226=CARTESIAN_POINT('',(0.097092,-0.046008,0.0285003039889082));
#6227=CARTESIAN_POINT('',(0.097092,-0.077008,0.0285003039889082));
#6228=CARTESIAN_POINT('',(0.097092,-0.077008,0.0285003039889082));
#6229=CARTESIAN_POINT('',(0.0970920019372991,-0.077008,0.0284995941126093));
#6230=CARTESIAN_POINT('',(0.097092,0.0253,0.0285001519944541));
#6231=CARTESIAN_POINT('',(0.097092,0.0253,0.0285001519944541));
#6232=CARTESIAN_POINT('',(0.097092,0.0253,0.0285001519944541));
#6233=CARTESIAN_POINT('',(0.097092,0.0293,0.0285001519944541));
#6234=CARTESIAN_POINT('',(0.097092,0.0303,0.0285001519944541));
#6235=CARTESIAN_POINT('',(0.097092,0.0303,0.0285001519944541));
#6236=CARTESIAN_POINT('',(0.097092,0.0303,0.0285001519944541));
#6237=CARTESIAN_POINT('',(0.097092,0.0328,0.0285001519944541));
#6238=CARTESIAN_POINT('',(0.097092,0.0338,0.0285001519944541));
#6239=CARTESIAN_POINT('',(0.097092,0.0338,0.0285001519944541));
#6240=CARTESIAN_POINT('',(0.097092,0.0338,0.0285003039889082));
#6241=CARTESIAN_POINT('',(0.097092,0.0243,0.0285001519944541));
#6242=CARTESIAN_POINT('',(0.125592,-0.1139,0.033678470937296));
#6243=CARTESIAN_POINT('',(0.125592,-0.1139,0.033678470937296));
#6244=CARTESIAN_POINT('',(0.125592,-0.1139,0.0570003039889082));
#6245=CARTESIAN_POINT('',(0.125592,-0.1139,0.0570003039889082));
#6246=CARTESIAN_POINT('',(0.125592,-0.085008,0.0570003039889082));
#6247=CARTESIAN_POINT('',(0.125592,-0.085008,0.047928470937296));
#6248=CARTESIAN_POINT('',(0.12859199999615,-0.1139,0.0427502279916811));
#6249=CARTESIAN_POINT('',(0.12859199999615,-0.1139,0.0427502279916811));
#6250=CARTESIAN_POINT('',(0.068592,-0.1139,0.047928470937296));
#6251=CARTESIAN_POINT('',(0.068592,-0.1139,0.0570003039889082));
#6252=CARTESIAN_POINT('',(0.068592,-0.1139,0.0570003039889082));
#6253=CARTESIAN_POINT('',(0.068592,-0.085008,0.0570003039889082));
#6254=CARTESIAN_POINT('',(0.068592,-0.1139,0.047928470937296));
#6255=CARTESIAN_POINT('',(0.068592,-0.085008,0.033678470937296));
#6256=CARTESIAN_POINT('',(0.0655920000038505,-0.1139,0.0427502279916811));
#6257=CARTESIAN_POINT('',(0.0655920000038505,-0.1139,0.0427502279916811));
#6258=CARTESIAN_POINT('',(0.09525,-0.1139,0.0375721370405203));
#6259=CARTESIAN_POINT('',(0.09525,-0.1139,0.0570003039889082));
#6260=CARTESIAN_POINT('',(0.065972,-0.06155,0.0445003039889082));
#6261=CARTESIAN_POINT('',(0.065972,-0.0570780450344472,0.0409062039889082));
#6262=CARTESIAN_POINT('',(0.065972,-0.0588771107727454,0.0420833161835325));
#6263=CARTESIAN_POINT('',(0.065972,-0.0606613747062834,0.0432824825073476));
#6264=CARTESIAN_POINT('',(0.065972,-0.0624331180818647,0.0445003039889082));
#6265=CARTESIAN_POINT('',(0.065972,-0.0635,0.0445003039889082));
#6266=CARTESIAN_POINT('',(0.078572,-0.04055,0.0445003039889082));
#6267=CARTESIAN_POINT('',(0.113112,-0.06155,0.0445003039889082));
#6268=CARTESIAN_POINT('',(0.113112,-0.0635,0.0507503039889082));
#6269=CARTESIAN_POINT('',(0.113112,-0.04055,0.0445003039889082));
#6270=CARTESIAN_POINT('',(0.120662,-0.04055,0.0445003039889082));
#6271=CARTESIAN_POINT('',(0.128212,-0.04055,0.0445003039889082));
#6272=CARTESIAN_POINT('',(0.128212,-0.06155,0.0445003039889082));
#6273=CARTESIAN_POINT('',(0.128212,-0.0635,0.0507503039889082));
#6274=CARTESIAN_POINT('',(0.12065,-0.0762,0.0633523039889082));
#6275=CARTESIAN_POINT('',(0.12065,-0.0762,0.0445003039889082));
#6276=CARTESIAN_POINT('',(0.1180973,-0.0762,0.0445003039889082));
#6277=CARTESIAN_POINT('',(0.0762,-0.0762,0.0633523039889082));
#6278=CARTESIAN_POINT('',(0.0762,-0.0762,0.0445003039889082));
#6279=CARTESIAN_POINT('',(0.0736473,-0.0762,0.0445003039889082));
#6280=CARTESIAN_POINT('',(0.097092,-0.085008,0.0285003039889082));
#6281=CARTESIAN_POINT('',(0.09525,-0.085008,0.0570003039889082));
#6282=CARTESIAN_POINT('',(0.097092,-0.085008,0.0285004559833623));
#6283=CARTESIAN_POINT('',(0.097092,-0.083408,0.0285003039889082));
#6284=CARTESIAN_POINT('',(0.097092,-0.083408,0.0285004559833623));
#6285=CARTESIAN_POINT('',(0.0970920019372991,-0.083408,0.0284995941126093));
#6286=CARTESIAN_POINT('',(0.097092,-0.083406,0.0285004559833623));
#6287=CARTESIAN_POINT('',(0.0970920019372991,-0.062006,0.0284995941126093));
#6288=CARTESIAN_POINT('',(0.071692,0.,0.0434201519944541));
#6289=CARTESIAN_POINT('',(0.097092,0.033798,0.0285003039889082));
#6290=CARTESIAN_POINT('',(0.097092,-0.04501,0.0285003039889082));
#6291=CARTESIAN_POINT('',(0.078572,-0.0635,0.0445003039889082));
#6292=CARTESIAN_POINT('',(0.120662,-0.0635,0.0445003039889082));
#6293=CARTESIAN_POINT('',(0.097092,-0.0635,0.0507503039889082));
#6294=CARTESIAN_POINT('',(0.117630911086755,-0.0635,0.0538203039889082));
#6295=CARTESIAN_POINT('',(0.118641274057836,-0.0635,0.0555703039889082));
#6296=CARTESIAN_POINT('',(0.116620548115673,-0.0635,0.0520703039889082));
#6297=CARTESIAN_POINT('',(0.117630911086755,-0.0635,0.0503203039889082));
#6298=CARTESIAN_POINT('',(0.118641274057836,-0.0635,0.0485703039889082));
#6299=CARTESIAN_POINT('',(0.120662,-0.0635,0.0485703039889082));
#6300=CARTESIAN_POINT('',(0.122682725942164,-0.0635,0.0485703039889082));
#6301=CARTESIAN_POINT('',(0.123693088913246,-0.0635,0.0503203039889082));
#6302=CARTESIAN_POINT('',(0.124703451884327,-0.0635,0.0520703039889082));
#6303=CARTESIAN_POINT('',(0.123693088913246,-0.0635,0.0538203039889082));
#6304=CARTESIAN_POINT('',(0.122682725942164,-0.0635,0.0555703039889082));
#6305=CARTESIAN_POINT('',(0.120662,-0.0635,0.0555703039889082));
#6306=CARTESIAN_POINT('',(0.097092,-0.0635,0.0507503039889082));
#6307=CARTESIAN_POINT('',(0.0704909110867546,-0.0635,0.0538203039889082));
#6308=CARTESIAN_POINT('',(0.0715012740578364,-0.0635,0.0555703039889082));
#6309=CARTESIAN_POINT('',(0.0694805481156727,-0.0635,0.0520703039889082));
#6310=CARTESIAN_POINT('',(0.0704909110867546,-0.0635,0.0503203039889082));
#6311=CARTESIAN_POINT('',(0.0715012740578364,-0.0635,0.0485703039889082));
#6312=CARTESIAN_POINT('',(0.073522,-0.0635,0.0485703039889082));
#6313=CARTESIAN_POINT('',(0.0755427259421638,-0.0635,0.0485703039889082));
#6314=CARTESIAN_POINT('',(0.0765530889132456,-0.0635,0.0503203039889082));
#6315=CARTESIAN_POINT('',(0.0775634518843275,-0.0635,0.0520703039889082));
#6316=CARTESIAN_POINT('',(0.0765530889132456,-0.0635,0.0538203039889082));
#6317=CARTESIAN_POINT('',(0.0755427259421638,-0.0635,0.0555703039889082));
#6318=CARTESIAN_POINT('',(0.073522,-0.0635,0.0555703039889082));
#6319=CARTESIAN_POINT('',(0.124573722947561,-0.0485346375,0.0446654039889081));
#6320=CARTESIAN_POINT('',(0.123265815298374,-0.046269275,0.0446654039889081));
#6321=CARTESIAN_POINT('',(0.123265815298374,-0.046269275,0.0442463039889082));
#6322=CARTESIAN_POINT('',(0.123265815298374,-0.046269275,0.0411602039889081));
#6323=CARTESIAN_POINT('',(0.124573722947561,-0.0485346375,0.0411602039889081));
#6324=CARTESIAN_POINT('',(0.125881630596748,-0.0508,0.0411602039889081));
#6325=CARTESIAN_POINT('',(0.125881630596748,-0.0508,0.0446654039889081));
#6326=CARTESIAN_POINT('',(0.125881630596748,-0.0508,0.0442463039889082));
#6327=CARTESIAN_POINT('',(0.124573722947561,-0.0485346375,0.0442463039889082));
#6328=CARTESIAN_POINT('',(0.124573722947561,-0.0530653625,0.0446654039889081));
#6329=CARTESIAN_POINT('',(0.124573722947561,-0.0530653625,0.0411602039889081));
#6330=CARTESIAN_POINT('',(0.123265815298374,-0.055330725,0.0411602039889081));
#6331=CARTESIAN_POINT('',(0.123265815298374,-0.055330725,0.0446654039889081));
#6332=CARTESIAN_POINT('',(0.123265815298374,-0.055330725,0.0442463039889082));
#6333=CARTESIAN_POINT('',(0.124573722947561,-0.0530653625,0.0442463039889082));
#6334=CARTESIAN_POINT('',(0.12065,-0.055330725,0.0446654039889081));
#6335=CARTESIAN_POINT('',(0.12065,-0.055330725,0.0411602039889081));
#6336=CARTESIAN_POINT('',(0.118034184701626,-0.055330725,0.0411602039889081));
#6337=CARTESIAN_POINT('',(0.118034184701626,-0.055330725,0.0446654039889081));
#6338=CARTESIAN_POINT('',(0.118034184701626,-0.055330725,0.0442463039889082));
#6339=CARTESIAN_POINT('',(0.12065,-0.055330725,0.0442463039889082));
#6340=CARTESIAN_POINT('',(0.116726277052439,-0.0530653625,0.0446654039889081));
#6341=CARTESIAN_POINT('',(0.116726277052439,-0.0530653625,0.0411602039889081));
#6342=CARTESIAN_POINT('',(0.115418369403252,-0.0508,0.0411602039889081));
#6343=CARTESIAN_POINT('',(0.115418369403252,-0.0508,0.0446654039889081));
#6344=CARTESIAN_POINT('',(0.115418369403252,-0.0508,0.0442463039889082));
#6345=CARTESIAN_POINT('',(0.116726277052439,-0.0530653625,0.0442463039889082));
#6346=CARTESIAN_POINT('',(0.116726277052439,-0.0485346375,0.0446654039889081));
#6347=CARTESIAN_POINT('',(0.116726277052439,-0.0485346375,0.0411602039889081));
#6348=CARTESIAN_POINT('',(0.118034184701626,-0.046269275,0.0411602039889081));
#6349=CARTESIAN_POINT('',(0.118034184701626,-0.046269275,0.0446654039889081));
#6350=CARTESIAN_POINT('',(0.118034184701626,-0.046269275,0.0442463039889082));
#6351=CARTESIAN_POINT('',(0.116726277052439,-0.0485346375,0.0442463039889082));
#6352=CARTESIAN_POINT('',(0.12065,-0.046269275,0.0446654039889081));
#6353=CARTESIAN_POINT('',(0.12065,-0.046269275,0.0411602039889081));
#6354=CARTESIAN_POINT('',(0.12065,-0.046269275,0.0442463039889082));
#6355=CARTESIAN_POINT('',(0.12065,-0.0508,0.0411602039889081));
#6356=CARTESIAN_POINT('',(0.12065,-0.0508,0.0411602039889081));
#6357=CARTESIAN_POINT('',(0.1178433,-0.0508,0.0411602039889081));
#6358=CARTESIAN_POINT('',(0.0935719201174055,-0.0134688398719376,0.0445003039889082));
#6359=CARTESIAN_POINT('',(0.121762571246987,-0.0508,0.0387520640254976));
#6360=CARTESIAN_POINT('',(0.124834857052065,-0.0435516149634114,0.0324671939523194));
#6361=CARTESIAN_POINT('',(0.09525,-0.055584725,0.0445003039889082));
#6362=CARTESIAN_POINT('',(0.119389253371498,-0.0486163227839643,0.0375319017728723));
#6363=CARTESIAN_POINT('',(0.126740693082349,-0.0306811601280624,0.0445003039889082));
#6364=CARTESIAN_POINT('',(0.114653603771358,-0.0404139370696784,0.0501016419192299));
#6365=CARTESIAN_POINT('',(0.135028079882594,-0.0354658851280623,0.0445003039889082));
#6366=CARTESIAN_POINT('',(0.11228028589587,-0.0508,0.0324671939523192));
#6367=CARTESIAN_POINT('',(0.09525,-0.046015275,0.0445003039889082));
#6368=CARTESIAN_POINT('',(0.129570506652205,-0.0353492292491256,0.0551663497397827));
#6369=CARTESIAN_POINT('',(0.10185930691765,-0.00868411487193767,0.0445003039889082));
#6370=CARTESIAN_POINT('',(0.12065,-0.0508,0.0409062039889082));
#6371=CARTESIAN_POINT('',(0.0801237229475612,-0.0485346375,0.0446654039889081));
#6372=CARTESIAN_POINT('',(0.0788158152983741,-0.046269275,0.0446654039889081));
#6373=CARTESIAN_POINT('',(0.0788158152983741,-0.046269275,0.0442463039889082));
#6374=CARTESIAN_POINT('',(0.0788158152983741,-0.046269275,0.0411602039889081));
#6375=CARTESIAN_POINT('',(0.0801237229475612,-0.0485346375,0.0411602039889081));
#6376=CARTESIAN_POINT('',(0.0814316305967483,-0.0508,0.0411602039889081));
#6377=CARTESIAN_POINT('',(0.0814316305967483,-0.0508,0.0446654039889081));
#6378=CARTESIAN_POINT('',(0.0814316305967483,-0.0508,0.0567463039889082));
#6379=CARTESIAN_POINT('',(0.0814316305967483,-0.0508,0.0567463039889082));
#6380=CARTESIAN_POINT('',(0.0811060295474389,-0.0502360424395983,0.0567463039889082));
#6381=CARTESIAN_POINT('',(0.0811060295474389,-0.0502360424395983,0.0446654039889081));
#6382=CARTESIAN_POINT('',(0.0811060295474389,-0.0502360424395983,0.0442463039889082));
#6383=CARTESIAN_POINT('',(0.0801237229475612,-0.0485346375,0.0442463039889082));
#6384=CARTESIAN_POINT('',(0.0801237229475612,-0.0530653625,0.0446654039889081));
#6385=CARTESIAN_POINT('',(0.0811060295474389,-0.0513639575604017,0.0446654039889081));
#6386=CARTESIAN_POINT('',(0.0811060295474389,-0.0513639575604017,0.0567463039889082));
#6387=CARTESIAN_POINT('',(0.0811060295474389,-0.0513639575604017,0.0442463039889082));
#6388=CARTESIAN_POINT('',(0.081072,-0.0514228984655242,0.0567463039889082));
#6389=CARTESIAN_POINT('',(0.0801237229475612,-0.0530653625,0.0411602039889081));
#6390=CARTESIAN_POINT('',(0.0788158152983742,-0.055330725,0.0411602039889081));
#6391=CARTESIAN_POINT('',(0.0788158152983742,-0.055330725,0.0446654039889081));
#6392=CARTESIAN_POINT('',(0.0788158152983742,-0.055330725,0.0442463039889082));
#6393=CARTESIAN_POINT('',(0.0801237229475612,-0.0530653625,0.0442463039889082));
#6394=CARTESIAN_POINT('',(0.0762,-0.055330725,0.0446654039889081));
#6395=CARTESIAN_POINT('',(0.0762,-0.055330725,0.0411602039889081));
#6396=CARTESIAN_POINT('',(0.0735841847016258,-0.055330725,0.0411602039889081));
#6397=CARTESIAN_POINT('',(0.0735841847016258,-0.055330725,0.0446654039889081));
#6398=CARTESIAN_POINT('',(0.0735841847016258,-0.055330725,0.0442463039889082));
#6399=CARTESIAN_POINT('',(0.0762,-0.055330725,0.0442463039889082));
#6400=CARTESIAN_POINT('',(0.0722762770524388,-0.0530653625,0.0446654039889081));
#6401=CARTESIAN_POINT('',(0.0722762770524388,-0.0530653625,0.0411602039889081));
#6402=CARTESIAN_POINT('',(0.0710859609813132,-0.0510036745877448,0.0411602039889081));
#6403=CARTESIAN_POINT('',(0.0727736909957902,-0.0539269087222778,0.044246303988922));
#6404=CARTESIAN_POINT('',(0.0722119698056274,-0.0529539790812277,0.0432157331140498));
#6405=CARTESIAN_POINT('',(0.0716494260595528,-0.0519796247315465,0.0421869611085736));
#6406=CARTESIAN_POINT('',(0.0710859609813132,-0.0510036745877448,0.0411602039889082));
#6407=CARTESIAN_POINT('',(0.0727736909957901,-0.0539269087222778,0.044246303988922));
#6408=CARTESIAN_POINT('',(0.0722762770524388,-0.0530653625,0.0442463039889082));
#6409=CARTESIAN_POINT('',(0.0762,-0.046269275,0.0446654039889081));
#6410=CARTESIAN_POINT('',(0.074412251254506,-0.046269275,0.0446654039889081));
#6411=CARTESIAN_POINT('',(0.074412251254506,-0.046269275,0.0411602039889081));
#6412=CARTESIAN_POINT('',(0.074412251254506,-0.046269275,0.0442463039889082));
#6413=CARTESIAN_POINT('',(0.0762,-0.046269275,0.0411602039889081));
#6414=CARTESIAN_POINT('',(0.0762,-0.046269275,0.0442463039889082));
#6415=CARTESIAN_POINT('',(0.0762,-0.0508,0.0411602039889081));
#6416=CARTESIAN_POINT('',(0.0762,-0.0508,0.0411602039889081));
#6417=CARTESIAN_POINT('',(0.0733933,-0.0508,0.0411602039889081));
#6418=CARTESIAN_POINT('',(0.0741962196798153,-0.0458816847356217,0.0411602039889081));
#6419=CARTESIAN_POINT('',(0.0743377281297735,-0.0461355702966078,0.0411602039889081));
#6420=CARTESIAN_POINT('',(3.46944695195361E-18,2.08166817117217E-17,0.0411602039889081));
#6421=CARTESIAN_POINT('',(0.101690579882594,-0.0162184705289532,0.0445003039889082));
#6422=CARTESIAN_POINT('',(0.0906171646957715,-0.0158679179491669,0.0347351688405738));
#6423=CARTESIAN_POINT('',(0.0812892533714985,-0.0596148454120267,0.0485304244009349));
#6424=CARTESIAN_POINT('',(0.09525,-0.055584725,0.0445003039889082));
#6425=CARTESIAN_POINT('',(0.0772098570520649,-0.0490508762774426,0.0379664552663506));
#6426=CARTESIAN_POINT('',(0.081072,-0.0514909575604017,0.0445003039889082));
#6427=CARTESIAN_POINT('',(0.0806457116965987,-0.0530818871673684,0.0572066218397484));
#6428=CARTESIAN_POINT('',(0.0602344201174055,-0.0327162544710468,0.0445003039889082));
#6429=CARTESIAN_POINT('',(0.0727468342406958,-0.054388391457928,0.0445003039889082));
#6430=CARTESIAN_POINT('',(0.0727559468451094,-0.0542346288712092,0.0444155309486319));
#6431=CARTESIAN_POINT('',(0.0727648994374595,-0.0540808014307292,0.044330864055987));
#6432=CARTESIAN_POINT('',(0.0727736909957817,-0.0539269087222803,0.0442463039889167));
#6433=CARTESIAN_POINT('',(0.0801237229475612,-0.0530653625,0.0567463039889082));
#6434=CARTESIAN_POINT('',(0.0816516010493096,-0.050927,0.0570003039889082));
#6435=CARTESIAN_POINT('',(0.0817249245334967,-0.0508,0.0570003039889082));
#6436=CARTESIAN_POINT('',(0.0806842547972127,-0.0508,0.0560990575603366));
#6437=CARTESIAN_POINT('',(3.46944695195361E-18,2.08166817117217E-17,0.0409062039889082));
#6438=CARTESIAN_POINT('',(0.0741962196798153,-0.0458816847356217,0.0409062039889082));
#6439=CARTESIAN_POINT('',(0.0742433983670311,-0.0459663297690025,0.040990849022289));
#6440=CARTESIAN_POINT('',(0.0742905678200553,-0.0460509582349773,0.0410755157601631));
#6441=CARTESIAN_POINT('',(0.0743377281297735,-0.0461355702966078,0.0411602039889081));
#6442=CARTESIAN_POINT('',(0.0801237229475612,-0.0485346375,0.0567463039889082));
#6443=CARTESIAN_POINT('',(0.0812919704525613,-0.0500501015344758,0.0570003039889082));
#6444=CARTESIAN_POINT('',(0.0806457116965987,-0.0485181128326316,0.0572066218397485));
#6445=CARTESIAN_POINT('',(0.0741962196798153,-0.0458816847356217,0.0284981519944541));
#6446=CARTESIAN_POINT('',(0.0780884346218772,-0.0528648519905521,0.0376507269983559));
#6447=CARTESIAN_POINT('',(0.081072,-0.0501090424395983,0.0445003039889082));
#6448=CARTESIAN_POINT('',(0.0750739745267025,-0.0277241066281574,0.0502783590096453));
#6449=CARTESIAN_POINT('',(0.09525,-0.046015275,0.0445003039889082));
#6450=CARTESIAN_POINT('',(0.0819455066522049,-0.0408484905631567,0.0496670884257515));
#6451=CARTESIAN_POINT('',(0.0685218069176505,-0.0279315294710468,0.0445003039889082));
#6452=CARTESIAN_POINT('',(0.0762,-0.0508,0.0409062039889082));
#6453=CARTESIAN_POINT('',(0.073522,-0.0667,0.0520703039889082));
#6454=CARTESIAN_POINT('',(0.0704909110867546,-0.0667,0.0538203039889082));
#6455=CARTESIAN_POINT('',(0.0715012740578364,-0.0667,0.0555703039889082));
#6456=CARTESIAN_POINT('',(0.0694805481156727,-0.0667,0.0520703039889082));
#6457=CARTESIAN_POINT('',(0.073522,-0.0667,0.0555703039889082));
#6458=CARTESIAN_POINT('',(0.0755427259421638,-0.0667,0.0555703039889082));
#6459=CARTESIAN_POINT('',(0.0765530889132456,-0.0667,0.0538203039889082));
#6460=CARTESIAN_POINT('',(0.0775634518843275,-0.0667,0.0520703039889082));
#6461=CARTESIAN_POINT('',(0.0765530889132456,-0.0667,0.0503203039889082));
#6462=CARTESIAN_POINT('',(0.0755427259421638,-0.0667,0.0485703039889082));
#6463=CARTESIAN_POINT('',(0.073522,-0.0667,0.0485703039889082));
#6464=CARTESIAN_POINT('',(0.0715012740578364,-0.0667,0.0485703039889082));
#6465=CARTESIAN_POINT('',(0.0704909110867546,-0.0667,0.0503203039889082));
#6466=CARTESIAN_POINT('',(0.0704909110867546,-0.0667,0.0538203039889082));
#6467=CARTESIAN_POINT('',(0.0715012740578364,-0.0667,0.0555703039889082));
#6468=CARTESIAN_POINT('',(0.0694805481156727,-0.0667,0.0520703039889082));
#6469=CARTESIAN_POINT('',(0.0704909110867546,-0.0667,0.0503203039889082));
#6470=CARTESIAN_POINT('',(0.0715012740578364,-0.0667,0.0485703039889082));
#6471=CARTESIAN_POINT('',(0.073522,-0.0667,0.0485703039889082));
#6472=CARTESIAN_POINT('',(0.0755427259421638,-0.0667,0.0485703039889082));
#6473=CARTESIAN_POINT('',(0.0765530889132456,-0.0667,0.0503203039889082));
#6474=CARTESIAN_POINT('',(0.0775634518843275,-0.0667,0.0520703039889082));
#6475=CARTESIAN_POINT('',(0.0765530889132456,-0.0667,0.0538203039889082));
#6476=CARTESIAN_POINT('',(0.0755427259421638,-0.0667,0.0555703039889082));
#6477=CARTESIAN_POINT('',(0.073522,-0.0667,0.0555703039889082));
#6478=CARTESIAN_POINT('',(0.120662,-0.0667,0.0520703039889082));
#6479=CARTESIAN_POINT('',(0.117630911086755,-0.0667,0.0538203039889082));
#6480=CARTESIAN_POINT('',(0.118641274057836,-0.0667,0.0555703039889082));
#6481=CARTESIAN_POINT('',(0.116620548115673,-0.0667,0.0520703039889082));
#6482=CARTESIAN_POINT('',(0.120662,-0.0667,0.0555703039889082));
#6483=CARTESIAN_POINT('',(0.122682725942164,-0.0667,0.0555703039889082));
#6484=CARTESIAN_POINT('',(0.123693088913246,-0.0667,0.0538203039889082));
#6485=CARTESIAN_POINT('',(0.124703451884327,-0.0667,0.0520703039889082));
#6486=CARTESIAN_POINT('',(0.123693088913246,-0.0667,0.0503203039889082));
#6487=CARTESIAN_POINT('',(0.122682725942164,-0.0667,0.0485703039889082));
#6488=CARTESIAN_POINT('',(0.120662,-0.0667,0.0485703039889082));
#6489=CARTESIAN_POINT('',(0.118641274057836,-0.0667,0.0485703039889082));
#6490=CARTESIAN_POINT('',(0.117630911086755,-0.0667,0.0503203039889082));
#6491=CARTESIAN_POINT('',(0.117630911086755,-0.0667,0.0538203039889082));
#6492=CARTESIAN_POINT('',(0.118641274057836,-0.0667,0.0555703039889082));
#6493=CARTESIAN_POINT('',(0.116620548115673,-0.0667,0.0520703039889082));
#6494=CARTESIAN_POINT('',(0.117630911086755,-0.0667,0.0503203039889082));
#6495=CARTESIAN_POINT('',(0.118641274057836,-0.0667,0.0485703039889082));
#6496=CARTESIAN_POINT('',(0.120662,-0.0667,0.0485703039889082));
#6497=CARTESIAN_POINT('',(0.122682725942164,-0.0667,0.0485703039889082));
#6498=CARTESIAN_POINT('',(0.123693088913246,-0.0667,0.0503203039889082));
#6499=CARTESIAN_POINT('',(0.124703451884327,-0.0667,0.0520703039889082));
#6500=CARTESIAN_POINT('',(0.123693088913246,-0.0667,0.0538203039889082));
#6501=CARTESIAN_POINT('',(0.122682725942164,-0.0667,0.0555703039889082));
#6502=CARTESIAN_POINT('',(0.120662,-0.0667,0.0555703039889082));
#6503=CARTESIAN_POINT('',(0.09525,-0.0125,0.0570003039889082));
#6504=CARTESIAN_POINT('',(0.0812919704525613,-0.0500501015344758,0.0600023039889082));
#6505=CARTESIAN_POINT('',(0.0817249245334967,-0.0508,0.0600023039889082));
#6506=CARTESIAN_POINT('',(0.0816516010493096,-0.050927,0.0600023039889082));
#6507=CARTESIAN_POINT('',(0.12065,0.0762,0.0566602039889082));
#6508=CARTESIAN_POINT('',(0.12065,0.0762,0.0566602039889082));
#6509=CARTESIAN_POINT('',(0.1234567,0.0762,0.0566602039889082));
#6510=CARTESIAN_POINT('',(0.124573722947561,0.0739346375,0.0566602039889082));
#6511=CARTESIAN_POINT('',(0.123265815298374,0.071669275,0.0566602039889082));
#6512=CARTESIAN_POINT('',(0.125881630596748,0.0762,0.0566602039889082));
#6513=CARTESIAN_POINT('',(0.124573722947561,0.0784653625,0.0566602039889082));
#6514=CARTESIAN_POINT('',(0.123265815298374,0.080730725,0.0566602039889082));
#6515=CARTESIAN_POINT('',(0.12065,0.080730725,0.0566602039889082));
#6516=CARTESIAN_POINT('',(0.118034184701626,0.080730725,0.0566602039889082));
#6517=CARTESIAN_POINT('',(0.116726277052439,0.0784653625,0.0566602039889082));
#6518=CARTESIAN_POINT('',(0.115418369403252,0.0762,0.0566602039889082));
#6519=CARTESIAN_POINT('',(0.116726277052439,0.0739346375,0.0566602039889082));
#6520=CARTESIAN_POINT('',(0.118034184701626,0.071669275,0.0566602039889082));
#6521=CARTESIAN_POINT('',(0.12065,0.071669275,0.0566602039889082));
#6522=CARTESIAN_POINT('',(0.124573722947561,0.0739346375,0.0601654039889082));
#6523=CARTESIAN_POINT('',(0.123265815298374,0.071669275,0.0601654039889082));
#6524=CARTESIAN_POINT('',(0.123265815298374,0.071669275,0.0597463039889082));
#6525=CARTESIAN_POINT('',(0.124573722947561,0.0739346375,0.0597463039889082));
#6526=CARTESIAN_POINT('',(0.125881630596748,0.0762,0.0597463039889082));
#6527=CARTESIAN_POINT('',(0.125881630596748,0.0762,0.0601654039889082));
#6528=CARTESIAN_POINT('',(0.124573722947561,0.0784653625,0.0601654039889082));
#6529=CARTESIAN_POINT('',(0.124573722947561,0.0784653625,0.0597463039889082));
#6530=CARTESIAN_POINT('',(0.123265815298374,0.080730725,0.0597463039889082));
#6531=CARTESIAN_POINT('',(0.123265815298374,0.080730725,0.0601654039889082));
#6532=CARTESIAN_POINT('',(0.12065,0.080730725,0.0601654039889082));
#6533=CARTESIAN_POINT('',(0.12065,0.080730725,0.0597463039889082));
#6534=CARTESIAN_POINT('',(0.118034184701626,0.080730725,0.0597463039889082));
#6535=CARTESIAN_POINT('',(0.118034184701626,0.080730725,0.0601654039889082));
#6536=CARTESIAN_POINT('',(0.116726277052439,0.0784653625,0.0601654039889082));
#6537=CARTESIAN_POINT('',(0.116726277052439,0.0784653625,0.0597463039889082));
#6538=CARTESIAN_POINT('',(0.115418369403252,0.0762,0.0597463039889082));
#6539=CARTESIAN_POINT('',(0.115418369403252,0.0762,0.0601654039889082));
#6540=CARTESIAN_POINT('',(0.116726277052439,0.0739346375,0.0601654039889082));
#6541=CARTESIAN_POINT('',(0.116726277052439,0.0739346375,0.0597463039889082));
#6542=CARTESIAN_POINT('',(0.118034184701626,0.071669275,0.0597463039889082));
#6543=CARTESIAN_POINT('',(0.118034184701626,0.071669275,0.0601654039889082));
#6544=CARTESIAN_POINT('',(0.12065,0.071669275,0.0601654039889082));
#6545=CARTESIAN_POINT('',(0.12065,0.071669275,0.0597463039889082));
#6546=CARTESIAN_POINT('',(0.0717480799420376,0.00106883987193763,0.0600003039889082));
#6547=CARTESIAN_POINT('',(0.134233337061484,0.0762,0.0434520640254967));
#6548=CARTESIAN_POINT('',(0.131070239959313,0.0581516149634102,0.037167193952319));
#6549=CARTESIAN_POINT('',(0.09525,0.080984725,0.0600003039889082));
#6550=CARTESIAN_POINT('',(0.119389253371498,0.0740163227839636,0.053031901772872));
#6551=CARTESIAN_POINT('',(0.148564533257717,0.0182811601280624,0.0600003039889082));
#6552=CARTESIAN_POINT('',(0.114653603771359,0.0658139370696787,0.0656016419192293));
#6553=CARTESIAN_POINT('',(0.156851920057963,0.0230658851280621,0.0600003039889082));
#6554=CARTESIAN_POINT('',(0.0998095200813718,0.0762,0.0371671939523182));
#6555=CARTESIAN_POINT('',(0.09525,0.071415275,0.0600003039889082));
#6556=CARTESIAN_POINT('',(0.135805889559453,0.0499492292491255,0.0814663497397821));
#6557=CARTESIAN_POINT('',(0.0800354667422827,-0.00371588512806238,0.0600003039889082));
#6558=CARTESIAN_POINT('',(0.12065,0.0762,0.0566602039889082));
#6559=CARTESIAN_POINT('',(0.0762,0.0762,0.0566602039889082));
#6560=CARTESIAN_POINT('',(0.0762,0.0762,0.0566602039889082));
#6561=CARTESIAN_POINT('',(0.0790067,0.0762,0.0566602039889082));
#6562=CARTESIAN_POINT('',(0.0801237229475613,0.0739346375,0.0566602039889082));
#6563=CARTESIAN_POINT('',(0.0788158152983742,0.071669275,0.0566602039889082));
#6564=CARTESIAN_POINT('',(0.0814316305967484,0.0762,0.0566602039889082));
#6565=CARTESIAN_POINT('',(0.0801237229475613,0.0784653625,0.0566602039889082));
#6566=CARTESIAN_POINT('',(0.0788158152983742,0.080730725,0.0566602039889082));
#6567=CARTESIAN_POINT('',(0.0762,0.080730725,0.0566602039889082));
#6568=CARTESIAN_POINT('',(0.0735841847016258,0.080730725,0.0566602039889082));
#6569=CARTESIAN_POINT('',(0.0722762770524388,0.0784653625,0.0566602039889082));
#6570=CARTESIAN_POINT('',(0.0709683694032517,0.0762,0.0566602039889082));
#6571=CARTESIAN_POINT('',(0.0722762770524388,0.0739346375,0.0566602039889082));
#6572=CARTESIAN_POINT('',(0.0735841847016258,0.071669275,0.0566602039889082));
#6573=CARTESIAN_POINT('',(0.0762,0.071669275,0.0566602039889082));
#6574=CARTESIAN_POINT('',(0.0801237229475613,0.0739346375,0.0601654039889082));
#6575=CARTESIAN_POINT('',(0.0788158152983742,0.071669275,0.0601654039889082));
#6576=CARTESIAN_POINT('',(0.0788158152983742,0.071669275,0.0597463039889082));
#6577=CARTESIAN_POINT('',(0.0801237229475613,0.0739346375,0.0597463039889082));
#6578=CARTESIAN_POINT('',(0.0814316305967484,0.0762,0.0597463039889082));
#6579=CARTESIAN_POINT('',(0.0814316305967484,0.0762,0.0601654039889082));
#6580=CARTESIAN_POINT('',(0.0801237229475613,0.0784653625,0.0601654039889082));
#6581=CARTESIAN_POINT('',(0.0801237229475613,0.0784653625,0.0597463039889082));
#6582=CARTESIAN_POINT('',(0.0788158152983742,0.080730725,0.0597463039889082));
#6583=CARTESIAN_POINT('',(0.0788158152983742,0.080730725,0.0601654039889082));
#6584=CARTESIAN_POINT('',(0.0762,0.080730725,0.0601654039889082));
#6585=CARTESIAN_POINT('',(0.0762,0.080730725,0.0597463039889082));
#6586=CARTESIAN_POINT('',(0.0735841847016258,0.080730725,0.0597463039889082));
#6587=CARTESIAN_POINT('',(0.0735841847016258,0.080730725,0.0601654039889082));
#6588=CARTESIAN_POINT('',(0.0722762770524388,0.0784653625,0.0601654039889082));
#6589=CARTESIAN_POINT('',(0.0722762770524388,0.0784653625,0.0597463039889082));
#6590=CARTESIAN_POINT('',(0.0709683694032517,0.0762,0.0597463039889082));
#6591=CARTESIAN_POINT('',(0.0709683694032517,0.0762,0.0601654039889082));
#6592=CARTESIAN_POINT('',(0.0722762770524388,0.0739346375,0.0601654039889082));
#6593=CARTESIAN_POINT('',(0.0722762770524388,0.0739346375,0.0597463039889082));
#6594=CARTESIAN_POINT('',(0.0735841847016258,0.071669275,0.0597463039889082));
#6595=CARTESIAN_POINT('',(0.0735841847016258,0.071669275,0.0601654039889082));
#6596=CARTESIAN_POINT('',(0.0762,0.071669275,0.0601654039889082));
#6597=CARTESIAN_POINT('',(0.0762,0.071669275,0.0597463039889082));
#6598=CARTESIAN_POINT('',(0.0384105799420376,0.0203162544710467,0.0600003039889082));
#6599=CARTESIAN_POINT('',(0.0961333370614827,0.0762,0.0379528027114668));
#6600=CARTESIAN_POINT('',(0.083445239959313,0.0636508762774412,0.0426664552663498));
#6601=CARTESIAN_POINT('',(0.09525,0.080984725,0.0600003039889082));
#6602=CARTESIAN_POINT('',(0.0812892533714986,0.0850148454120268,0.0640304244009349));
#6603=CARTESIAN_POINT('',(0.115227033257717,-0.000966254471046788,0.0600003039889082));
#6604=CARTESIAN_POINT('',(0.0765536037713586,0.0768124596977411,0.0546031192911672));
#6605=CARTESIAN_POINT('',(0.123514420057962,0.00381847052895322,0.0600003039889082));
#6606=CARTESIAN_POINT('',(0.0617095200813739,0.0762,0.0426664552663501));
#6607=CARTESIAN_POINT('',(0.09525,0.071415275,0.0600003039889082));
#6608=CARTESIAN_POINT('',(0.0881808895594531,0.0554484905631559,0.0759670884257519));
#6609=CARTESIAN_POINT('',(0.0466979667422827,0.0155315294710467,0.0600003039889082));
#6610=CARTESIAN_POINT('',(0.0762,0.0762,0.0566602039889082));
#6611=CARTESIAN_POINT('',(0.0762,0.0508,0.0566602039889082));
#6612=CARTESIAN_POINT('',(0.0762,0.0508,0.0566602039889082));
#6613=CARTESIAN_POINT('',(0.0790067,0.0508,0.0566602039889082));
#6614=CARTESIAN_POINT('',(0.0722762770524388,0.0530653625,0.0566602039889082));
#6615=CARTESIAN_POINT('',(0.0735841847016258,0.055330725,0.0566602039889082));
#6616=CARTESIAN_POINT('',(0.0710859609813132,0.0510036745877448,0.0566602039889082));
#6617=CARTESIAN_POINT('',(3.46944695195361E-18,2.08166817117217E-17,0.0566602039889082));
#6618=CARTESIAN_POINT('',(0.0743377281297735,0.0461355702966078,0.0566602039889082));
#6619=CARTESIAN_POINT('',(0.0741962196798153,0.0458816847356217,0.0566602039889082));
#6620=CARTESIAN_POINT('',(0.074412251254506,0.046269275,0.0566602039889082));
#6621=CARTESIAN_POINT('',(0.0762,0.046269275,0.0566602039889082));
#6622=CARTESIAN_POINT('',(0.0788158152983741,0.046269275,0.0566602039889082));
#6623=CARTESIAN_POINT('',(0.0801237229475612,0.0485346375,0.0566602039889082));
#6624=CARTESIAN_POINT('',(0.0814316305967483,0.0508,0.0566602039889082));
#6625=CARTESIAN_POINT('',(0.0801237229475612,0.0530653625,0.0566602039889082));
#6626=CARTESIAN_POINT('',(0.0788158152983742,0.055330725,0.0566602039889082));
#6627=CARTESIAN_POINT('',(0.0762,0.055330725,0.0566602039889082));
#6628=CARTESIAN_POINT('',(0.0801237229475612,0.0485346375,0.0601654039889082));
#6629=CARTESIAN_POINT('',(0.0788158152983741,0.046269275,0.0601654039889082));
#6630=CARTESIAN_POINT('',(0.0788158152983741,0.046269275,0.0597463039889082));
#6631=CARTESIAN_POINT('',(0.0801237229475612,0.0485346375,0.0597463039889082));
#6632=CARTESIAN_POINT('',(0.0814316305967483,0.0508,0.0597463039889082));
#6633=CARTESIAN_POINT('',(0.0814316305967483,0.0508,0.0601654039889082));
#6634=CARTESIAN_POINT('',(0.0801237229475612,0.0530653625,0.0601654039889082));
#6635=CARTESIAN_POINT('',(0.0801237229475612,0.0530653625,0.0597463039889082));
#6636=CARTESIAN_POINT('',(0.0788158152983742,0.055330725,0.0597463039889082));
#6637=CARTESIAN_POINT('',(0.0788158152983742,0.055330725,0.0601654039889082));
#6638=CARTESIAN_POINT('',(0.0762,0.055330725,0.0601654039889082));
#6639=CARTESIAN_POINT('',(0.0762,0.055330725,0.0597463039889082));
#6640=CARTESIAN_POINT('',(0.0735841847016258,0.055330725,0.0597463039889082));
#6641=CARTESIAN_POINT('',(0.0735841847016258,0.055330725,0.0601654039889082));
#6642=CARTESIAN_POINT('',(0.0722762770524388,0.0530653625,0.0601654039889082));
#6643=CARTESIAN_POINT('',(0.0722762770524388,0.0530653625,0.0597463039889082));
#6644=CARTESIAN_POINT('',(0.0727736909957907,0.0539269087222788,0.0597463039889231));
#6645=CARTESIAN_POINT('',(0.0727736909957908,0.0539269087222788,0.0597463039889231));
#6646=CARTESIAN_POINT('',(0.0722119698056278,0.0529539790812284,0.0587157331140506));
#6647=CARTESIAN_POINT('',(0.071649426059553,0.0519796247315468,0.057686961108574));
#6648=CARTESIAN_POINT('',(0.0710859609813132,0.0510036745877448,0.0566602039889082));
#6649=CARTESIAN_POINT('',(0.0762,0.046269275,0.0601654039889082));
#6650=CARTESIAN_POINT('',(0.074412251254506,0.046269275,0.0601654039889082));
#6651=CARTESIAN_POINT('',(0.074412251254506,0.046269275,0.0597463039889082));
#6652=CARTESIAN_POINT('',(0.0762,0.046269275,0.0597463039889082));
#6653=CARTESIAN_POINT('',(0.0494091025701,0.0139662544710468,0.0600003039889082));
#6654=CARTESIAN_POINT('',(0.0803028049227235,0.0436937334203001,0.048109312409208));
#6655=CARTESIAN_POINT('',(0.0727468342406958,0.054388391457928,0.0600003039889082));
#6656=CARTESIAN_POINT('',(0.0727559468451094,0.0542346288712096,0.0599155309486322));
#6657=CARTESIAN_POINT('',(0.0727648994374595,0.05408080143073,0.0598308640559875));
#6658=CARTESIAN_POINT('',(0.0727736909957817,0.0539269087222815,0.0597463039889174));
#6659=CARTESIAN_POINT('',(3.46944695195361E-18,2.08166817117217E-17,0.0564062039889082));
#6660=CARTESIAN_POINT('',(0.0741962196798153,0.0458816847356217,0.0564062039889082));
#6661=CARTESIAN_POINT('',(0.0742433983670311,0.0459663297690025,0.056490849022289));
#6662=CARTESIAN_POINT('',(0.0742905678200553,0.0460509582349773,0.0565755157601631));
#6663=CARTESIAN_POINT('',(0.0743377281297735,0.0461355702966078,0.0566602039889082));
#6664=CARTESIAN_POINT('',(0.09525,0.055584725,0.0600003039889082));
#6665=CARTESIAN_POINT('',(0.081289253371499,0.0596148454120269,0.0640304244009352));
#6666=CARTESIAN_POINT('',(0.0741962196798153,0.0458816847356217,0.0284981519944541));
#6667=CARTESIAN_POINT('',(0.0818272977391871,0.0595728850463088,0.0464426939425994));
#6668=CARTESIAN_POINT('',(0.1125158974299,-0.0025315294710468,0.0600003039889082));
#6669=CARTESIAN_POINT('',(0.0679943901545529,0.0508,0.0481093124092078));
#6670=CARTESIAN_POINT('',(0.09525,0.046015275,0.0600003039889082));
#6671=CARTESIAN_POINT('',(0.0850384545228637,0.0354913477060143,0.0705242312828939));
#6672=CARTESIAN_POINT('',(0.057696489370345,0.00918152947104691,0.0600003039889082));
#6673=CARTESIAN_POINT('',(0.0762,0.0508,0.0566602039889082));
#6674=CARTESIAN_POINT('',(0.12065,0.0508,0.0566602039889082));
#6675=CARTESIAN_POINT('',(0.12065,0.0508,0.0566602039889082));
#6676=CARTESIAN_POINT('',(0.1234567,0.0508,0.0566602039889082));
#6677=CARTESIAN_POINT('',(0.124573722947561,0.0485346375,0.0566602039889082));
#6678=CARTESIAN_POINT('',(0.123265815298374,0.046269275,0.0566602039889082));
#6679=CARTESIAN_POINT('',(0.125881630596748,0.0508,0.0566602039889082));
#6680=CARTESIAN_POINT('',(0.124573722947561,0.0530653625,0.0566602039889082));
#6681=CARTESIAN_POINT('',(0.123265815298374,0.055330725,0.0566602039889082));
#6682=CARTESIAN_POINT('',(0.12065,0.055330725,0.0566602039889082));
#6683=CARTESIAN_POINT('',(0.118034184701626,0.055330725,0.0566602039889082));
#6684=CARTESIAN_POINT('',(0.116726277052439,0.0530653625,0.0566602039889082));
#6685=CARTESIAN_POINT('',(0.115418369403252,0.0508,0.0566602039889082));
#6686=CARTESIAN_POINT('',(0.116726277052439,0.0485346375,0.0566602039889082));
#6687=CARTESIAN_POINT('',(0.118034184701626,0.046269275,0.0566602039889082));
#6688=CARTESIAN_POINT('',(0.12065,0.046269275,0.0566602039889082));
#6689=CARTESIAN_POINT('',(0.124573722947561,0.0485346375,0.0601654039889082));
#6690=CARTESIAN_POINT('',(0.123265815298374,0.046269275,0.0601654039889082));
#6691=CARTESIAN_POINT('',(0.123265815298374,0.046269275,0.0597463039889082));
#6692=CARTESIAN_POINT('',(0.124573722947561,0.0485346375,0.0597463039889082));
#6693=CARTESIAN_POINT('',(0.125881630596748,0.0508,0.0597463039889082));
#6694=CARTESIAN_POINT('',(0.125881630596748,0.0508,0.0601654039889082));
#6695=CARTESIAN_POINT('',(0.124573722947561,0.0530653625,0.0601654039889082));
#6696=CARTESIAN_POINT('',(0.124573722947561,0.0530653625,0.0597463039889082));
#6697=CARTESIAN_POINT('',(0.123265815298374,0.055330725,0.0597463039889082));
#6698=CARTESIAN_POINT('',(0.123265815298374,0.055330725,0.0601654039889082));
#6699=CARTESIAN_POINT('',(0.12065,0.055330725,0.0601654039889082));
#6700=CARTESIAN_POINT('',(0.12065,0.055330725,0.0597463039889082));
#6701=CARTESIAN_POINT('',(0.118034184701626,0.055330725,0.0597463039889082));
#6702=CARTESIAN_POINT('',(0.118034184701626,0.055330725,0.0601654039889082));
#6703=CARTESIAN_POINT('',(0.116726277052439,0.0530653625,0.0601654039889082));
#6704=CARTESIAN_POINT('',(0.116726277052439,0.0530653625,0.0597463039889082));
#6705=CARTESIAN_POINT('',(0.115418369403252,0.0508,0.0597463039889082));
#6706=CARTESIAN_POINT('',(0.115418369403252,0.0508,0.0601654039889082));
#6707=CARTESIAN_POINT('',(0.116726277052439,0.0485346375,0.0601654039889082));
#6708=CARTESIAN_POINT('',(0.116726277052439,0.0485346375,0.0597463039889082));
#6709=CARTESIAN_POINT('',(0.118034184701626,0.046269275,0.0597463039889082));
#6710=CARTESIAN_POINT('',(0.118034184701626,0.046269275,0.0601654039889082));
#6711=CARTESIAN_POINT('',(0.12065,0.046269275,0.0601654039889082));
#6712=CARTESIAN_POINT('',(0.12065,0.046269275,0.0597463039889082));
#6713=CARTESIAN_POINT('',(0.0827466025701,-0.00528116012806239,0.0600003039889082));
#6714=CARTESIAN_POINT('',(0.127948466988304,0.0508,0.048894921168355));
#6715=CARTESIAN_POINT('',(0.127927804922723,0.038194472106269,0.0426100510951768));
#6716=CARTESIAN_POINT('',(0.09525,0.055584725,0.0600003039889082));
#6717=CARTESIAN_POINT('',(0.119389253371498,0.0486163227839644,0.0530319017728724));
#6718=CARTESIAN_POINT('',(0.137566010629655,0.0119311601280623,0.0600003039889082));
#6719=CARTESIAN_POINT('',(0.114653603771358,0.0404139370696784,0.0656016419192297));
#6720=CARTESIAN_POINT('',(0.1458533974299,0.0167158851280623,0.0600003039889082));
#6721=CARTESIAN_POINT('',(0.106094390154554,0.0508000000000012,0.0426100510951779));
#6722=CARTESIAN_POINT('',(0.09525,0.046015275,0.0600003039889082));
#6723=CARTESIAN_POINT('',(0.132663454522864,0.0299920863919836,0.0760234925969246));
#6724=CARTESIAN_POINT('',(0.0910339893703449,-0.0100658851280623,0.0600003039889082));
#6725=CARTESIAN_POINT('',(0.12065,0.0508,0.0566602039889082));
#6726=CARTESIAN_POINT('',(0.12065,0.0254,0.0566602039889082));
#6727=CARTESIAN_POINT('',(0.12065,0.0254,0.0566602039889082));
#6728=CARTESIAN_POINT('',(0.1234567,0.0254,0.0566602039889082));
#6729=CARTESIAN_POINT('',(0.124573722947561,0.0231346375,0.0566602039889082));
#6730=CARTESIAN_POINT('',(0.123265815298374,0.020869275,0.0566602039889082));
#6731=CARTESIAN_POINT('',(0.125881630596748,0.0254,0.0566602039889082));
#6732=CARTESIAN_POINT('',(0.124573722947561,0.0276653625,0.0566602039889082));
#6733=CARTESIAN_POINT('',(0.123265815298374,0.029930725,0.0566602039889082));
#6734=CARTESIAN_POINT('',(0.12065,0.029930725,0.0566602039889082));
#6735=CARTESIAN_POINT('',(0.118034184701626,0.029930725,0.0566602039889082));
#6736=CARTESIAN_POINT('',(0.116726277052439,0.0276653625,0.0566602039889082));
#6737=CARTESIAN_POINT('',(0.115418369403252,0.0254,0.0566602039889082));
#6738=CARTESIAN_POINT('',(0.116726277052439,0.0231346375,0.0566602039889082));
#6739=CARTESIAN_POINT('',(0.118034184701626,0.020869275,0.0566602039889082));
#6740=CARTESIAN_POINT('',(0.12065,0.020869275,0.0566602039889082));
#6741=CARTESIAN_POINT('',(0.124573722947561,0.0231346375,0.0601654039889082));
#6742=CARTESIAN_POINT('',(0.123265815298374,0.020869275,0.0601654039889082));
#6743=CARTESIAN_POINT('',(0.123265815298374,0.020869275,0.0597463039889082));
#6744=CARTESIAN_POINT('',(0.124573722947561,0.0231346375,0.0597463039889082));
#6745=CARTESIAN_POINT('',(0.125881630596748,0.0254,0.0597463039889082));
#6746=CARTESIAN_POINT('',(0.125881630596748,0.0254,0.0601654039889082));
#6747=CARTESIAN_POINT('',(0.124573722947561,0.0276653625,0.0601654039889082));
#6748=CARTESIAN_POINT('',(0.124573722947561,0.0276653625,0.0597463039889082));
#6749=CARTESIAN_POINT('',(0.123265815298374,0.029930725,0.0597463039889082));
#6750=CARTESIAN_POINT('',(0.123265815298374,0.029930725,0.0601654039889082));
#6751=CARTESIAN_POINT('',(0.12065,0.029930725,0.0601654039889082));
#6752=CARTESIAN_POINT('',(0.12065,0.029930725,0.0597463039889082));
#6753=CARTESIAN_POINT('',(0.118034184701626,0.029930725,0.0597463039889082));
#6754=CARTESIAN_POINT('',(0.118034184701626,0.029930725,0.0601654039889082));
#6755=CARTESIAN_POINT('',(0.116726277052439,0.0276653625,0.0601654039889082));
#6756=CARTESIAN_POINT('',(0.116726277052439,0.0276653625,0.0597463039889082));
#6757=CARTESIAN_POINT('',(0.115418369403252,0.0254,0.0597463039889082));
#6758=CARTESIAN_POINT('',(0.115418369403252,0.0254,0.0601654039889082));
#6759=CARTESIAN_POINT('',(0.116726277052439,0.0231346375,0.0601654039889082));
#6760=CARTESIAN_POINT('',(0.116726277052439,0.0231346375,0.0597463039889082));
#6761=CARTESIAN_POINT('',(0.118034184701626,0.020869275,0.0597463039889082));
#6762=CARTESIAN_POINT('',(0.118034184701626,0.020869275,0.0601654039889082));
#6763=CARTESIAN_POINT('',(0.12065,0.020869275,0.0601654039889082));
#6764=CARTESIAN_POINT('',(0.12065,0.020869275,0.0597463039889082));
#6765=CARTESIAN_POINT('',(0.0937451251981624,-0.0116311601280624,0.0600003039889082));
#6766=CARTESIAN_POINT('',(0.121663596915126,0.0254,0.0543377783112118));
#6767=CARTESIAN_POINT('',(0.124785369886134,0.0182373292491253,0.0480529082380335));
#6768=CARTESIAN_POINT('',(0.09525,0.030184725,0.0600003039889082));
#6769=CARTESIAN_POINT('',(0.119389253371498,0.0232163227839642,0.0530319017728724));
#6770=CARTESIAN_POINT('',(0.126567488001593,0.00558116012806233,0.0600003039889082));
#6771=CARTESIAN_POINT('',(0.114653603771358,0.0150139370696785,0.0656016419192295));
#6772=CARTESIAN_POINT('',(0.134854874801838,0.0103658851280623,0.0600003039889082));
#6773=CARTESIAN_POINT('',(0.112379260227731,0.0254,0.0480529082380335));
#6774=CARTESIAN_POINT('',(0.09525,0.020615275,0.0600003039889082));
#6775=CARTESIAN_POINT('',(0.129521019486274,0.0100349435348391,0.0705806354540688));
#6776=CARTESIAN_POINT('',(0.102032511998407,-0.0164158851280624,0.0600003039889082));
#6777=CARTESIAN_POINT('',(0.12065,0.0254,0.0566602039889082));
#6778=CARTESIAN_POINT('',(0.12065,-1.28478970698772E-17,0.0566602039889082));
#6779=CARTESIAN_POINT('',(0.12065,-1.37214800136053E-17,0.0566602039889082));
#6780=CARTESIAN_POINT('',(0.1234567,-1.37214800136053E-17,0.0566602039889082));
#6781=CARTESIAN_POINT('',(0.124573722947561,-0.00226536250000002,0.0566602039889082));
#6782=CARTESIAN_POINT('',(0.123265815298374,-0.004530725,0.0566602039889082));
#6783=CARTESIAN_POINT('',(0.125881630596748,-9.54097911787244E-18,0.0566602039889082));
#6784=CARTESIAN_POINT('',(0.124573722947561,0.0022653625,0.0566602039889082));
#6785=CARTESIAN_POINT('',(0.123265815298374,0.004530725,0.0566602039889082));
#6786=CARTESIAN_POINT('',(0.12065,0.004530725,0.0566602039889082));
#6787=CARTESIAN_POINT('',(0.118034184701626,0.004530725,0.0566602039889082));
#6788=CARTESIAN_POINT('',(0.116726277052439,0.0022653625,0.0566602039889082));
#6789=CARTESIAN_POINT('',(0.115418369403252,-1.86482773667507E-17,0.0566602039889082));
#6790=CARTESIAN_POINT('',(0.116726277052439,-0.00226536250000002,0.0566602039889082));
#6791=CARTESIAN_POINT('',(0.118034184701626,-0.004530725,0.0566602039889082));
#6792=CARTESIAN_POINT('',(0.12065,-0.004530725,0.0566602039889082));
#6793=CARTESIAN_POINT('',(0.124573722947561,-0.00226536250000002,0.0601654039889082));
#6794=CARTESIAN_POINT('',(0.123265815298374,-0.004530725,0.0601654039889082));
#6795=CARTESIAN_POINT('',(0.123265815298374,-0.004530725,0.0597463039889082));
#6796=CARTESIAN_POINT('',(0.124573722947561,-0.00226536250000002,0.0597463039889082));
#6797=CARTESIAN_POINT('',(0.125881630596748,-9.54097911787244E-18,0.0597463039889082));
#6798=CARTESIAN_POINT('',(0.125881630596748,-9.54097911787244E-18,0.0601654039889082));
#6799=CARTESIAN_POINT('',(0.124573722947561,0.0022653625,0.0601654039889082));
#6800=CARTESIAN_POINT('',(0.124573722947561,0.0022653625,0.0597463039889082));
#6801=CARTESIAN_POINT('',(0.123265815298374,0.004530725,0.0597463039889082));
#6802=CARTESIAN_POINT('',(0.123265815298374,0.004530725,0.0601654039889082));
#6803=CARTESIAN_POINT('',(0.12065,0.004530725,0.0601654039889082));
#6804=CARTESIAN_POINT('',(0.12065,0.004530725,0.0597463039889082));
#6805=CARTESIAN_POINT('',(0.118034184701626,0.004530725,0.0597463039889082));
#6806=CARTESIAN_POINT('',(0.118034184701626,0.004530725,0.0601654039889082));
#6807=CARTESIAN_POINT('',(0.116726277052439,0.0022653625,0.0601654039889082));
#6808=CARTESIAN_POINT('',(0.116726277052439,0.0022653625,0.0597463039889082));
#6809=CARTESIAN_POINT('',(0.115418369403252,-1.86482773667507E-17,0.0597463039889082));
#6810=CARTESIAN_POINT('',(0.115418369403252,-1.86482773667507E-17,0.0601654039889082));
#6811=CARTESIAN_POINT('',(0.116726277052439,-0.00226536250000002,0.0601654039889082));
#6812=CARTESIAN_POINT('',(0.116726277052439,-0.00226536250000002,0.0597463039889082));
#6813=CARTESIAN_POINT('',(0.118034184701626,-0.004530725,0.0597463039889082));
#6814=CARTESIAN_POINT('',(0.118034184701626,-0.004530725,0.0601654039889082));
#6815=CARTESIAN_POINT('',(0.12065,-0.004530725,0.0601654039889082));
#6816=CARTESIAN_POINT('',(0.12065,-0.004530725,0.0597463039889082));
#6817=CARTESIAN_POINT('',(0.104743647826225,-0.0179811601280624,0.0600003039889082));
#6818=CARTESIAN_POINT('',(0.115378726841947,-1.21430643318376E-17,0.0597806354540689));
#6819=CARTESIAN_POINT('',(0.121642934849545,-0.00171981360801794,0.0534957653808903));
#6820=CARTESIAN_POINT('',(0.09525,0.004784725,0.0600003039889082));
#6821=CARTESIAN_POINT('',(0.119389253371498,-0.00218367721603608,0.0530319017728721));
#6822=CARTESIAN_POINT('',(0.11556896537353,-0.000768839871937642,0.0600003039889082));
#6823=CARTESIAN_POINT('',(0.114653603771358,-0.0103860629303217,0.0656016419192298));
#6824=CARTESIAN_POINT('',(0.123856352173775,0.00401588512806236,0.0600003039889082));
#6825=CARTESIAN_POINT('',(0.118664130300909,-1.2490009027033E-16,0.0534957653808902));
#6826=CARTESIAN_POINT('',(0.09525,-0.004784725,0.0600003039889082));
#6827=CARTESIAN_POINT('',(0.126378584449685,-0.00992219932230348,0.0651377783112116));
#6828=CARTESIAN_POINT('',(0.11303103462647,-0.0227658851280624,0.0600003039889082));
#6829=CARTESIAN_POINT('',(0.12065,-1.37214800136053E-17,0.0566602039889082));
#6830=CARTESIAN_POINT('',(0.12065,-0.0254,0.0566602039889082));
#6831=CARTESIAN_POINT('',(0.12065,-0.0254,0.0566602039889082));
#6832=CARTESIAN_POINT('',(0.1234567,-0.0254,0.0566602039889082));
#6833=CARTESIAN_POINT('',(0.124573722947561,-0.0276653625,0.0566602039889082));
#6834=CARTESIAN_POINT('',(0.123265815298374,-0.029930725,0.0566602039889082));
#6835=CARTESIAN_POINT('',(0.125881630596748,-0.0254,0.0566602039889082));
#6836=CARTESIAN_POINT('',(0.124573722947561,-0.0231346375,0.0566602039889082));
#6837=CARTESIAN_POINT('',(0.123265815298374,-0.020869275,0.0566602039889082));
#6838=CARTESIAN_POINT('',(0.12065,-0.020869275,0.0566602039889082));
#6839=CARTESIAN_POINT('',(0.118034184701626,-0.020869275,0.0566602039889082));
#6840=CARTESIAN_POINT('',(0.116726277052439,-0.0231346375,0.0566602039889082));
#6841=CARTESIAN_POINT('',(0.115418369403252,-0.0254,0.0566602039889082));
#6842=CARTESIAN_POINT('',(0.116726277052439,-0.0276653625,0.0566602039889082));
#6843=CARTESIAN_POINT('',(0.118034184701626,-0.029930725,0.0566602039889082));
#6844=CARTESIAN_POINT('',(0.12065,-0.029930725,0.0566602039889082));
#6845=CARTESIAN_POINT('',(0.124573722947561,-0.0276653625,0.0601654039889082));
#6846=CARTESIAN_POINT('',(0.123265815298374,-0.029930725,0.0601654039889082));
#6847=CARTESIAN_POINT('',(0.123265815298374,-0.029930725,0.0597463039889082));
#6848=CARTESIAN_POINT('',(0.124573722947561,-0.0276653625,0.0597463039889082));
#6849=CARTESIAN_POINT('',(0.125881630596748,-0.0254,0.0597463039889082));
#6850=CARTESIAN_POINT('',(0.125881630596748,-0.0254,0.0601654039889082));
#6851=CARTESIAN_POINT('',(0.124573722947561,-0.0231346375,0.0601654039889082));
#6852=CARTESIAN_POINT('',(0.124573722947561,-0.0231346375,0.0597463039889082));
#6853=CARTESIAN_POINT('',(0.123265815298374,-0.020869275,0.0597463039889082));
#6854=CARTESIAN_POINT('',(0.123265815298374,-0.020869275,0.0601654039889082));
#6855=CARTESIAN_POINT('',(0.12065,-0.020869275,0.0601654039889082));
#6856=CARTESIAN_POINT('',(0.12065,-0.020869275,0.0597463039889082));
#6857=CARTESIAN_POINT('',(0.118034184701626,-0.020869275,0.0597463039889082));
#6858=CARTESIAN_POINT('',(0.118034184701626,-0.020869275,0.0601654039889082));
#6859=CARTESIAN_POINT('',(0.116726277052439,-0.0231346375,0.0601654039889082));
#6860=CARTESIAN_POINT('',(0.116726277052439,-0.0231346375,0.0597463039889082));
#6861=CARTESIAN_POINT('',(0.115418369403252,-0.0254,0.0597463039889082));
#6862=CARTESIAN_POINT('',(0.115418369403252,-0.0254,0.0601654039889082));
#6863=CARTESIAN_POINT('',(0.116726277052439,-0.0276653625,0.0601654039889082));
#6864=CARTESIAN_POINT('',(0.116726277052439,-0.0276653625,0.0597463039889082));
#6865=CARTESIAN_POINT('',(0.118034184701626,-0.029930725,0.0597463039889082));
#6866=CARTESIAN_POINT('',(0.118034184701626,-0.029930725,0.0601654039889082));
#6867=CARTESIAN_POINT('',(0.12065,-0.029930725,0.0601654039889082));
#6868=CARTESIAN_POINT('',(0.12065,-0.029930725,0.0597463039889082));
#6869=CARTESIAN_POINT('',(0.115742170454287,-0.0243311601280624,0.0600003039889082));
#6870=CARTESIAN_POINT('',(0.109093856768769,-0.0254,0.0652234925969259));
#6871=CARTESIAN_POINT('',(0.118500499812956,-0.0216769564651607,0.0589386225237475));
#6872=CARTESIAN_POINT('',(0.09525,-0.020615275,0.0600003039889082));
#6873=CARTESIAN_POINT('',(0.119389253371498,-0.0275836772160358,0.0530319017728725));
#6874=CARTESIAN_POINT('',(0.104570442745468,-0.00711883987193763,0.0600003039889082));
#6875=CARTESIAN_POINT('',(0.114653603771358,-0.0357860629303216,0.0656016419192297));
#6876=CARTESIAN_POINT('',(0.112857829545713,-0.00233411487193763,0.0600003039889082));
#6877=CARTESIAN_POINT('',(0.124949000374088,-0.0254,0.0589386225237475));
#6878=CARTESIAN_POINT('',(0.09525,-0.030184725,0.0600003039889082));
#6879=CARTESIAN_POINT('',(0.123236149413096,-0.0298793421794464,0.0596949211683546));
#6880=CARTESIAN_POINT('',(0.124029557254532,-0.0291158851280624,0.0600003039889082));
#6881=CARTESIAN_POINT('',(0.12065,-0.0254,0.0566602039889082));
#6882=CARTESIAN_POINT('',(0.101125719967773,0.0624750573455389,0.0578503039889082));
#6883=CARTESIAN_POINT('',(0.0909657199677732,0.0713650573455389,0.0578503039889082));
#6884=CARTESIAN_POINT('',(0.0922157199677732,0.0713650573455389,0.0578503039889082));
#6885=CARTESIAN_POINT('',(0.111285719967773,0.0713650573455389,0.0578503039889082));
#6886=CARTESIAN_POINT('',(0.112535719967773,0.0713650573455389,0.0578503039889082));
#6887=CARTESIAN_POINT('',(0.111285719967773,0.0535850573455389,0.0578503039889082));
#6888=CARTESIAN_POINT('',(0.112535719967773,0.0535850573455389,0.0578503039889082));
#6889=CARTESIAN_POINT('',(0.101125719967773,0.0744050573455389,0.0578503039889082));
#6890=CARTESIAN_POINT('',(0.0909657199677732,0.0744050573455389,0.0578503039889082));
#6891=CARTESIAN_POINT('',(0.111285719967773,0.0744050573455389,0.0578503039889082));
#6892=CARTESIAN_POINT('',(0.0909657199677732,0.0713650573455389,0.0578503039889082));
#6893=CARTESIAN_POINT('',(0.0879257199677732,0.0713650573455389,0.0578503039889082));
#6894=CARTESIAN_POINT('',(0.0879257199677732,0.0624750573455389,0.0578503039889082));
#6895=CARTESIAN_POINT('',(0.0879257199677732,0.0535850573455389,0.0578503039889082));
#6896=CARTESIAN_POINT('',(0.0909657199677732,0.0535850573455389,0.0578503039889082));
#6897=CARTESIAN_POINT('',(0.0909657199677732,0.0505450573455389,0.0578503039889082));
#6898=CARTESIAN_POINT('',(0.101125719967773,0.0505450573455389,0.0578503039889082));
#6899=CARTESIAN_POINT('',(0.111285719967773,0.0505450573455389,0.0578503039889082));
#6900=CARTESIAN_POINT('',(0.111285719967773,0.0535850573455389,0.0578503039889082));
#6901=CARTESIAN_POINT('',(0.114325719967773,0.0535850573455389,0.0578503039889082));
#6902=CARTESIAN_POINT('',(0.114325719967773,0.0624750573455389,0.0578503039889082));
#6903=CARTESIAN_POINT('',(0.114325719967773,0.0713650573455389,0.0578503039889082));
#6904=CARTESIAN_POINT('',(0.111285719967773,0.0713650573455389,0.0578503039889082));
#6905=CARTESIAN_POINT('',(0.0909657199677732,0.0535850573455389,0.0578503039889082));
#6906=CARTESIAN_POINT('',(0.0922157199677732,0.0535850573455389,0.0578503039889082));
#6907=CARTESIAN_POINT('',(0.111285719967773,0.0713650573455389,-0.578071414299471));
#6908=CARTESIAN_POINT('',(0.114325719967773,0.0713650573455389,-0.578071414299471));
#6909=CARTESIAN_POINT('',(0.111285719967773,0.0744050573455389,-0.578071414299471));
#6910=CARTESIAN_POINT('',(0.114325719967773,0.0624750573455389,-0.578071414299471));
#6911=CARTESIAN_POINT('',(0.114325719967773,0.0535850573455389,-0.578071414299471));
#6912=CARTESIAN_POINT('',(0.111285719967773,0.0535850573455389,-0.578071414299471));
#6913=CARTESIAN_POINT('',(0.111285719967773,0.0505450573455389,-0.578071414299471));
#6914=CARTESIAN_POINT('',(0.101125719967773,0.0505450573455389,-0.578071414299471));
#6915=CARTESIAN_POINT('',(0.0909657199677732,0.0505450573455389,-0.578071414299471));
#6916=CARTESIAN_POINT('',(0.0909657199677732,0.0535850573455389,-0.578071414299471));
#6917=CARTESIAN_POINT('',(0.0879257199677732,0.0535850573455389,-0.578071414299471));
#6918=CARTESIAN_POINT('',(0.0879257199677732,0.0624750573455389,-0.578071414299471));
#6919=CARTESIAN_POINT('',(0.0879257199677732,0.0713650573455389,-0.578071414299471));
#6920=CARTESIAN_POINT('',(0.0909657199677732,0.0713650573455389,-0.578071414299471));
#6921=CARTESIAN_POINT('',(0.0909657199677732,0.0744050573455389,-0.578071414299471));
#6922=CARTESIAN_POINT('',(0.101125719967773,0.0744050573455389,-0.578071414299471));
#6923=CARTESIAN_POINT('',(0.101125719967773,0.0624750573455389,0.0573503039889082));
#6924=CARTESIAN_POINT('',(0.0909657199677732,0.0713650573455389,0.0573503039889082));
#6925=CARTESIAN_POINT('',(0.0922157199677732,0.0713650573455389,0.0573503039889082));
#6926=CARTESIAN_POINT('',(0.0909657199677732,0.0713650573455389,-0.578071414299471));
#6927=CARTESIAN_POINT('',(0.101125719967773,0.0624750573455389,0.0573503039889082));
#6928=CARTESIAN_POINT('',(0.0909657199677732,0.0535850573455389,0.0573503039889082));
#6929=CARTESIAN_POINT('',(0.0922157199677732,0.0535850573455389,0.0573503039889082));
#6930=CARTESIAN_POINT('',(0.0909657199677732,0.0535850573455389,-0.578071414299471));
#6931=CARTESIAN_POINT('',(0.101125719967773,0.0624750573455389,0.0573503039889082));
#6932=CARTESIAN_POINT('',(0.111285719967773,0.0535850573455389,0.0573503039889082));
#6933=CARTESIAN_POINT('',(0.112535719967773,0.0535850573455389,0.0573503039889082));
#6934=CARTESIAN_POINT('',(0.111285719967773,0.0535850573455389,-0.578071414299471));
#6935=CARTESIAN_POINT('',(0.101125719967773,0.0624750573455389,0.0573503039889082));
#6936=CARTESIAN_POINT('',(0.111285719967773,0.0713650573455389,0.0573503039889082));
#6937=CARTESIAN_POINT('',(0.112535719967773,0.0713650573455389,0.0573503039889082));
#6938=CARTESIAN_POINT('',(0.111285719967773,0.0713650573455389,-0.578071414299471));
#6939=MECHANICAL_DESIGN_GEOMETRIC_PRESENTATION_REPRESENTATION('',(#4234),
#6940);
#6940=(
GEOMETRIC_REPRESENTATION_CONTEXT(3)
GLOBAL_UNCERTAINTY_ASSIGNED_CONTEXT((#6941))
GLOBAL_UNIT_ASSIGNED_CONTEXT((#6944,#6943,#6942))
REPRESENTATION_CONTEXT('House Top','TOP_LEVEL_ASSEMBLY_PART')
);
#6941=UNCERTAINTY_MEASURE_WITH_UNIT(LENGTH_MEASURE(2.E-5),#6944,
'DISTANCE_ACCURACY_VALUE','Maximum Tolerance applied to model');
#6942=(
NAMED_UNIT(*)
SI_UNIT($,.STERADIAN.)
SOLID_ANGLE_UNIT()
);
#6943=(
NAMED_UNIT(*)
PLANE_ANGLE_UNIT()
SI_UNIT($,.RADIAN.)
);
#6944=(
LENGTH_UNIT()
NAMED_UNIT(*)
SI_UNIT($,.METRE.)
);
#6945=PRODUCT_DEFINITION_SHAPE('','',#6946);
#6946=PRODUCT_DEFINITION('','',#6948,#6947);
#6947=PRODUCT_DEFINITION_CONTEXT('',#6954,'design');
#6948=PRODUCT_DEFINITION_FORMATION_WITH_SPECIFIED_SOURCE('','',#6950,
 .NOT_KNOWN.);
#6949=PRODUCT_RELATED_PRODUCT_CATEGORY('','',(#6950));
#6950=PRODUCT('House Top','House Top','House Top',(#6952));
#6951=PRODUCT_CATEGORY('','');
#6952=PRODUCT_CONTEXT('',#6954,'mechanical');
#6953=APPLICATION_PROTOCOL_DEFINITION('international standard',
'ap242_managed_model_based_3d_engineering',2011,#6954);
#6954=APPLICATION_CONTEXT('managed model based 3d engineering');
ENDSEC;
END-ISO-10303-21;
