ISO-10303-21;
HEADER;
/* Generated by software containing ST-Developer
 * from STEP Tools, Inc. (www.steptools.com) 
 */
/* OPTION: using custom renumber hook */

FILE_DESCRIPTION(
/* description */ ('STEP AP242',
'CAx-IF Rec.Pracs.---Representation and Presentation of Product Manufa
cturing Information (PMI)---4.0---2014-10-13',
'CAx-IF Rec.Pracs.---3D Tessellated Geometry---0.4---2014-09-14','2;1'),

/* implementation_level */ '2;1');

FILE_NAME(
/* name */ '68fb1a2178a1d30a472b1db3',
/* time_stamp */ '2025-10-24T06:18:10Z',
/* author */ (''),
/* organization */ (''),
/* preprocessor_version */ 'ST-DEVELOPER v20',
/* originating_system */ 'ONSHAPE BY PTC INC, 1.205',
/* authorisation */ '  ');

FILE_SCHEMA (('AP242_MANAGED_MODEL_BASED_3D_ENGINEERING_MIM_LF { 1 0 10303 442 1 1 4 }'));
ENDSEC;

DATA;
#10=SHAPE_REPRESENTATION_RELATIONSHIP('','',#2308,#11);
#11=ADVANCED_BREP_SHAPE_REPRESENTATION('',(#2306),#3784);
#12=CONICAL_SURFACE('',#2463,0.0025527,0.785398163397455);
#13=CONICAL_SURFACE('',#2477,0.0872365061711804,0.785398163397455);
#14=CONICAL_SURFACE('',#2483,0.0025527,0.785398163397455);
#15=B_SPLINE_CURVE_WITH_KNOTS('',3,(#3539,#3540,#3541,#3542),
 .UNSPECIFIED.,.F.,.F.,(4,4),(0.,0.00644936912830839),.UNSPECIFIED.);
#16=B_SPLINE_CURVE_WITH_KNOTS('',3,(#3686,#3687,#3688,#3689),
 .UNSPECIFIED.,.F.,.F.,(4,4),(0.00037569017937551,0.00494928211888919),
 .UNSPECIFIED.);
#17=B_SPLINE_CURVE_WITH_KNOTS('',3,(#3712,#3713,#3714,#3715),
 .UNSPECIFIED.,.F.,.F.,(4,4),(0.,0.000527409268959675),.UNSPECIFIED.);
#18=B_SPLINE_CURVE_WITH_KNOTS('',3,(#3719,#3720,#3721,#3722),
 .UNSPECIFIED.,.F.,.F.,(4,4),(0.,0.000386003263570144),.UNSPECIFIED.);
#19=LINE('',#3145,#262);
#20=LINE('',#3148,#263);
#21=LINE('',#3150,#264);
#22=LINE('',#3152,#265);
#23=LINE('',#3153,#266);
#24=LINE('',#3156,#267);
#25=LINE('',#3158,#268);
#26=LINE('',#3160,#269);
#27=LINE('',#3164,#270);
#28=LINE('',#3166,#271);
#29=LINE('',#3168,#272);
#30=LINE('',#3170,#273);
#31=LINE('',#3172,#274);
#32=LINE('',#3174,#275);
#33=LINE('',#3176,#276);
#34=LINE('',#3178,#277);
#35=LINE('',#3180,#278);
#36=LINE('',#3182,#279);
#37=LINE('',#3184,#280);
#38=LINE('',#3186,#281);
#39=LINE('',#3188,#282);
#40=LINE('',#3192,#283);
#41=LINE('',#3194,#284);
#42=LINE('',#3196,#285);
#43=LINE('',#3201,#286);
#44=LINE('',#3205,#287);
#45=LINE('',#3206,#288);
#46=LINE('',#3210,#289);
#47=LINE('',#3214,#290);
#48=LINE('',#3218,#291);
#49=LINE('',#3219,#292);
#50=LINE('',#3221,#293);
#51=LINE('',#3223,#294);
#52=LINE('',#3225,#295);
#53=LINE('',#3227,#296);
#54=LINE('',#3229,#297);
#55=LINE('',#3231,#298);
#56=LINE('',#3234,#299);
#57=LINE('',#3236,#300);
#58=LINE('',#3237,#301);
#59=LINE('',#3239,#302);
#60=LINE('',#3241,#303);
#61=LINE('',#3244,#304);
#62=LINE('',#3245,#305);
#63=LINE('',#3247,#306);
#64=LINE('',#3251,#307);
#65=LINE('',#3253,#308);
#66=LINE('',#3255,#309);
#67=LINE('',#3257,#310);
#68=LINE('',#3258,#311);
#69=LINE('',#3265,#312);
#70=LINE('',#3268,#313);
#71=LINE('',#3270,#314);
#72=LINE('',#3272,#315);
#73=LINE('',#3274,#316);
#74=LINE('',#3276,#317);
#75=LINE('',#3277,#318);
#76=LINE('',#3280,#319);
#77=LINE('',#3282,#320);
#78=LINE('',#3284,#321);
#79=LINE('',#3294,#322);
#80=LINE('',#3298,#323);
#81=LINE('',#3302,#324);
#82=LINE('',#3305,#325);
#83=LINE('',#3307,#326);
#84=LINE('',#3309,#327);
#85=LINE('',#3311,#328);
#86=LINE('',#3313,#329);
#87=LINE('',#3315,#330);
#88=LINE('',#3317,#331);
#89=LINE('',#3319,#332);
#90=LINE('',#3321,#333);
#91=LINE('',#3323,#334);
#92=LINE('',#3325,#335);
#93=LINE('',#3327,#336);
#94=LINE('',#3329,#337);
#95=LINE('',#3331,#338);
#96=LINE('',#3333,#339);
#97=LINE('',#3335,#340);
#98=LINE('',#3337,#341);
#99=LINE('',#3338,#342);
#100=LINE('',#3340,#343);
#101=LINE('',#3342,#344);
#102=LINE('',#3344,#345);
#103=LINE('',#3346,#346);
#104=LINE('',#3348,#347);
#105=LINE('',#3350,#348);
#106=LINE('',#3352,#349);
#107=LINE('',#3354,#350);
#108=LINE('',#3368,#351);
#109=LINE('',#3371,#352);
#110=LINE('',#3373,#353);
#111=LINE('',#3375,#354);
#112=LINE('',#3377,#355);
#113=LINE('',#3379,#356);
#114=LINE('',#3381,#357);
#115=LINE('',#3383,#358);
#116=LINE('',#3385,#359);
#117=LINE('',#3387,#360);
#118=LINE('',#3389,#361);
#119=LINE('',#3391,#362);
#120=LINE('',#3393,#363);
#121=LINE('',#3395,#364);
#122=LINE('',#3397,#365);
#123=LINE('',#3399,#366);
#124=LINE('',#3401,#367);
#125=LINE('',#3403,#368);
#126=LINE('',#3405,#369);
#127=LINE('',#3406,#370);
#128=LINE('',#3408,#371);
#129=LINE('',#3410,#372);
#130=LINE('',#3412,#373);
#131=LINE('',#3414,#374);
#132=LINE('',#3416,#375);
#133=LINE('',#3418,#376);
#134=LINE('',#3420,#377);
#135=LINE('',#3422,#378);
#136=LINE('',#3424,#379);
#137=LINE('',#3426,#380);
#138=LINE('',#3428,#381);
#139=LINE('',#3430,#382);
#140=LINE('',#3432,#383);
#141=LINE('',#3434,#384);
#142=LINE('',#3436,#385);
#143=LINE('',#3438,#386);
#144=LINE('',#3440,#387);
#145=LINE('',#3441,#388);
#146=LINE('',#3447,#389);
#147=LINE('',#3450,#390);
#148=LINE('',#3452,#391);
#149=LINE('',#3454,#392);
#150=LINE('',#3456,#393);
#151=LINE('',#3458,#394);
#152=LINE('',#3460,#395);
#153=LINE('',#3462,#396);
#154=LINE('',#3464,#397);
#155=LINE('',#3465,#398);
#156=LINE('',#3467,#399);
#157=LINE('',#3469,#400);
#158=LINE('',#3470,#401);
#159=LINE('',#3473,#402);
#160=LINE('',#3492,#403);
#161=LINE('',#3494,#404);
#162=LINE('',#3526,#405);
#163=LINE('',#3527,#406);
#164=LINE('',#3529,#407);
#165=LINE('',#3532,#408);
#166=LINE('',#3533,#409);
#167=LINE('',#3535,#410);
#168=LINE('',#3538,#411);
#169=LINE('',#3545,#412);
#170=LINE('',#3546,#413);
#171=LINE('',#3548,#414);
#172=LINE('',#3550,#415);
#173=LINE('',#3577,#416);
#174=LINE('',#3580,#417);
#175=LINE('',#3582,#418);
#176=LINE('',#3584,#419);
#177=LINE('',#3586,#420);
#178=LINE('',#3588,#421);
#179=LINE('',#3590,#422);
#180=LINE('',#3593,#423);
#181=LINE('',#3595,#424);
#182=LINE('',#3597,#425);
#183=LINE('',#3599,#426);
#184=LINE('',#3601,#427);
#185=LINE('',#3603,#428);
#186=LINE('',#3606,#429);
#187=LINE('',#3608,#430);
#188=LINE('',#3610,#431);
#189=LINE('',#3612,#432);
#190=LINE('',#3614,#433);
#191=LINE('',#3616,#434);
#192=LINE('',#3618,#435);
#193=LINE('',#3620,#436);
#194=LINE('',#3622,#437);
#195=LINE('',#3624,#438);
#196=LINE('',#3626,#439);
#197=LINE('',#3628,#440);
#198=LINE('',#3630,#441);
#199=LINE('',#3632,#442);
#200=LINE('',#3634,#443);
#201=LINE('',#3636,#444);
#202=LINE('',#3637,#445);
#203=LINE('',#3642,#446);
#204=LINE('',#3643,#447);
#205=LINE('',#3645,#448);
#206=LINE('',#3647,#449);
#207=LINE('',#3649,#450);
#208=LINE('',#3651,#451);
#209=LINE('',#3655,#452);
#210=LINE('',#3658,#453);
#211=LINE('',#3660,#454);
#212=LINE('',#3662,#455);
#213=LINE('',#3664,#456);
#214=LINE('',#3666,#457);
#215=LINE('',#3668,#458);
#216=LINE('',#3671,#459);
#217=LINE('',#3673,#460);
#218=LINE('',#3675,#461);
#219=LINE('',#3676,#462);
#220=LINE('',#3678,#463);
#221=LINE('',#3680,#464);
#222=LINE('',#3682,#465);
#223=LINE('',#3684,#466);
#224=LINE('',#3691,#467);
#225=LINE('',#3693,#468);
#226=LINE('',#3696,#469);
#227=LINE('',#3697,#470);
#228=LINE('',#3703,#471);
#229=LINE('',#3705,#472);
#230=LINE('',#3706,#473);
#231=LINE('',#3708,#474);
#232=LINE('',#3710,#475);
#233=LINE('',#3717,#476);
#234=LINE('',#3724,#477);
#235=LINE('',#3726,#478);
#236=LINE('',#3728,#479);
#237=LINE('',#3730,#480);
#238=LINE('',#3734,#481);
#239=LINE('',#3737,#482);
#240=LINE('',#3739,#483);
#241=LINE('',#3741,#484);
#242=LINE('',#3743,#485);
#243=LINE('',#3745,#486);
#244=LINE('',#3747,#487);
#245=LINE('',#3748,#488);
#246=LINE('',#3750,#489);
#247=LINE('',#3752,#490);
#248=LINE('',#3754,#491);
#249=LINE('',#3756,#492);
#250=LINE('',#3759,#493);
#251=LINE('',#3762,#494);
#252=LINE('',#3764,#495);
#253=LINE('',#3766,#496);
#254=LINE('',#3768,#497);
#255=LINE('',#3770,#498);
#256=LINE('',#3772,#499);
#257=LINE('',#3773,#500);
#258=LINE('',#3775,#501);
#259=LINE('',#3777,#502);
#260=LINE('',#3779,#503);
#261=LINE('',#3781,#504);
#262=VECTOR('',#2528,1.);
#263=VECTOR('',#2529,1.);
#264=VECTOR('',#2530,1.);
#265=VECTOR('',#2531,1.);
#266=VECTOR('',#2532,1.);
#267=VECTOR('',#2533,1.);
#268=VECTOR('',#2534,1.);
#269=VECTOR('',#2535,1.);
#270=VECTOR('',#2538,1.);
#271=VECTOR('',#2539,1.);
#272=VECTOR('',#2540,1.);
#273=VECTOR('',#2541,1.);
#274=VECTOR('',#2542,1.);
#275=VECTOR('',#2543,1.);
#276=VECTOR('',#2544,1.);
#277=VECTOR('',#2545,1.);
#278=VECTOR('',#2546,1.);
#279=VECTOR('',#2547,1.);
#280=VECTOR('',#2548,1.);
#281=VECTOR('',#2549,1.);
#282=VECTOR('',#2550,1.);
#283=VECTOR('',#2553,1.);
#284=VECTOR('',#2554,1.);
#285=VECTOR('',#2555,1.);
#286=VECTOR('',#2560,1.);
#287=VECTOR('',#2563,1.);
#288=VECTOR('',#2564,1.);
#289=VECTOR('',#2567,1.);
#290=VECTOR('',#2570,1.);
#291=VECTOR('',#2573,1.);
#292=VECTOR('',#2574,1.);
#293=VECTOR('',#2577,1.);
#294=VECTOR('',#2578,1.);
#295=VECTOR('',#2579,1.);
#296=VECTOR('',#2580,1.);
#297=VECTOR('',#2581,1.);
#298=VECTOR('',#2584,1.);
#299=VECTOR('',#2585,1.);
#300=VECTOR('',#2586,1.);
#301=VECTOR('',#2587,1.);
#302=VECTOR('',#2588,1.);
#303=VECTOR('',#2591,1.);
#304=VECTOR('',#2592,1.);
#305=VECTOR('',#2593,1.);
#306=VECTOR('',#2594,1.);
#307=VECTOR('',#2597,1.);
#308=VECTOR('',#2600,1.);
#309=VECTOR('',#2601,1.);
#310=VECTOR('',#2602,1.);
#311=VECTOR('',#2603,1.);
#312=VECTOR('',#2612,1.);
#313=VECTOR('',#2613,1.);
#314=VECTOR('',#2614,1.);
#315=VECTOR('',#2615,1.);
#316=VECTOR('',#2616,1.);
#317=VECTOR('',#2617,1.);
#318=VECTOR('',#2618,1.);
#319=VECTOR('',#2619,1.);
#320=VECTOR('',#2620,1.);
#321=VECTOR('',#2621,1.);
#322=VECTOR('',#2632,1.);
#323=VECTOR('',#2635,1.);
#324=VECTOR('',#2640,1.);
#325=VECTOR('',#2641,1.);
#326=VECTOR('',#2642,1.);
#327=VECTOR('',#2643,1.);
#328=VECTOR('',#2644,1.);
#329=VECTOR('',#2645,1.);
#330=VECTOR('',#2646,1.);
#331=VECTOR('',#2647,1.);
#332=VECTOR('',#2648,1.);
#333=VECTOR('',#2649,1.);
#334=VECTOR('',#2650,1.);
#335=VECTOR('',#2651,1.);
#336=VECTOR('',#2652,1.);
#337=VECTOR('',#2653,1.);
#338=VECTOR('',#2654,1.);
#339=VECTOR('',#2655,1.);
#340=VECTOR('',#2656,1.);
#341=VECTOR('',#2657,1.);
#342=VECTOR('',#2658,1.);
#343=VECTOR('',#2659,1.);
#344=VECTOR('',#2660,1.);
#345=VECTOR('',#2661,1.);
#346=VECTOR('',#2662,1.);
#347=VECTOR('',#2663,1.);
#348=VECTOR('',#2664,1.);
#349=VECTOR('',#2665,1.);
#350=VECTOR('',#2666,1.);
#351=VECTOR('',#2681,1.);
#352=VECTOR('',#2682,1.);
#353=VECTOR('',#2683,1.);
#354=VECTOR('',#2684,1.);
#355=VECTOR('',#2685,1.);
#356=VECTOR('',#2686,1.);
#357=VECTOR('',#2687,1.);
#358=VECTOR('',#2688,1.);
#359=VECTOR('',#2689,1.);
#360=VECTOR('',#2690,1.);
#361=VECTOR('',#2691,1.);
#362=VECTOR('',#2692,1.);
#363=VECTOR('',#2693,1.);
#364=VECTOR('',#2694,1.);
#365=VECTOR('',#2695,1.);
#366=VECTOR('',#2696,1.);
#367=VECTOR('',#2697,1.);
#368=VECTOR('',#2698,1.);
#369=VECTOR('',#2699,1.);
#370=VECTOR('',#2700,1.);
#371=VECTOR('',#2701,1.);
#372=VECTOR('',#2702,1.);
#373=VECTOR('',#2703,1.);
#374=VECTOR('',#2704,1.);
#375=VECTOR('',#2705,1.);
#376=VECTOR('',#2706,1.);
#377=VECTOR('',#2707,1.);
#378=VECTOR('',#2708,1.);
#379=VECTOR('',#2709,1.);
#380=VECTOR('',#2710,1.);
#381=VECTOR('',#2711,1.);
#382=VECTOR('',#2712,1.);
#383=VECTOR('',#2713,1.);
#384=VECTOR('',#2714,1.);
#385=VECTOR('',#2715,1.);
#386=VECTOR('',#2716,1.);
#387=VECTOR('',#2719,1.);
#388=VECTOR('',#2720,1.);
#389=VECTOR('',#2727,1.);
#390=VECTOR('',#2728,1.);
#391=VECTOR('',#2729,1.);
#392=VECTOR('',#2730,1.);
#393=VECTOR('',#2731,1.);
#394=VECTOR('',#2732,1.);
#395=VECTOR('',#2733,1.);
#396=VECTOR('',#2734,1.);
#397=VECTOR('',#2735,1.);
#398=VECTOR('',#2736,1.);
#399=VECTOR('',#2739,1.);
#400=VECTOR('',#2742,1.);
#401=VECTOR('',#2743,1.);
#402=VECTOR('',#2748,1.);
#403=VECTOR('',#2785,1.);
#404=VECTOR('',#2788,1.);
#405=VECTOR('',#2851,1.);
#406=VECTOR('',#2852,1.);
#407=VECTOR('',#2855,1.);
#408=VECTOR('',#2860,1.);
#409=VECTOR('',#2861,1.);
#410=VECTOR('',#2864,1.);
#411=VECTOR('',#2869,1.);
#412=VECTOR('',#2874,1.);
#413=VECTOR('',#2875,1.);
#414=VECTOR('',#2878,1.);
#415=VECTOR('',#2881,1.);
#416=VECTOR('',#2930,1.);
#417=VECTOR('',#2931,1.);
#418=VECTOR('',#2932,1.);
#419=VECTOR('',#2933,1.);
#420=VECTOR('',#2934,1.);
#421=VECTOR('',#2935,1.);
#422=VECTOR('',#2938,1.);
#423=VECTOR('',#2939,1.);
#424=VECTOR('',#2940,1.);
#425=VECTOR('',#2941,1.);
#426=VECTOR('',#2942,1.);
#427=VECTOR('',#2943,1.);
#428=VECTOR('',#2946,1.);
#429=VECTOR('',#2947,1.);
#430=VECTOR('',#2948,1.);
#431=VECTOR('',#2949,1.);
#432=VECTOR('',#2952,1.);
#433=VECTOR('',#2953,1.);
#434=VECTOR('',#2954,1.);
#435=VECTOR('',#2957,1.);
#436=VECTOR('',#2958,1.);
#437=VECTOR('',#2959,1.);
#438=VECTOR('',#2962,1.);
#439=VECTOR('',#2963,1.);
#440=VECTOR('',#2964,1.);
#441=VECTOR('',#2967,1.);
#442=VECTOR('',#2968,1.);
#443=VECTOR('',#2969,1.);
#444=VECTOR('',#2972,1.);
#445=VECTOR('',#2973,1.);
#446=VECTOR('',#2980,1.);
#447=VECTOR('',#2981,1.);
#448=VECTOR('',#2984,1.);
#449=VECTOR('',#2987,1.);
#450=VECTOR('',#2990,1.);
#451=VECTOR('',#2993,1.);
#452=VECTOR('',#3000,1.);
#453=VECTOR('',#3001,1.);
#454=VECTOR('',#3002,1.);
#455=VECTOR('',#3003,1.);
#456=VECTOR('',#3004,1.);
#457=VECTOR('',#3005,1.);
#458=VECTOR('',#3008,1.);
#459=VECTOR('',#3009,1.);
#460=VECTOR('',#3010,1.);
#461=VECTOR('',#3011,1.);
#462=VECTOR('',#3012,1.);
#463=VECTOR('',#3015,1.);
#464=VECTOR('',#3016,1.);
#465=VECTOR('',#3017,1.);
#466=VECTOR('',#3020,1.);
#467=VECTOR('',#3021,1.);
#468=VECTOR('',#3024,1.);
#469=VECTOR('',#3025,1.);
#470=VECTOR('',#3026,1.);
#471=VECTOR('',#3033,1.);
#472=VECTOR('',#3036,1.);
#473=VECTOR('',#3037,1.);
#474=VECTOR('',#3040,1.);
#475=VECTOR('',#3043,1.);
#476=VECTOR('',#3048,1.);
#477=VECTOR('',#3053,1.);
#478=VECTOR('',#3056,1.);
#479=VECTOR('',#3059,1.);
#480=VECTOR('',#3062,1.);
#481=VECTOR('',#3069,1.);
#482=VECTOR('',#3070,1.);
#483=VECTOR('',#3071,1.);
#484=VECTOR('',#3072,1.);
#485=VECTOR('',#3073,1.);
#486=VECTOR('',#3074,1.);
#487=VECTOR('',#3077,1.);
#488=VECTOR('',#3078,1.);
#489=VECTOR('',#3081,1.);
#490=VECTOR('',#3084,1.);
#491=VECTOR('',#3087,1.);
#492=VECTOR('',#3090,1.);
#493=VECTOR('',#3095,1.);
#494=VECTOR('',#3096,1.);
#495=VECTOR('',#3097,1.);
#496=VECTOR('',#3098,1.);
#497=VECTOR('',#3099,1.);
#498=VECTOR('',#3100,1.);
#499=VECTOR('',#3103,1.);
#500=VECTOR('',#3104,1.);
#501=VECTOR('',#3107,1.);
#502=VECTOR('',#3110,1.);
#503=VECTOR('',#3113,1.);
#504=VECTOR('',#3116,1.);
#505=PLANE('',#2316);
#506=PLANE('',#2332);
#507=PLANE('',#2333);
#508=PLANE('',#2334);
#509=PLANE('',#2336);
#510=PLANE('',#2340);
#511=PLANE('',#2347);
#512=PLANE('',#2349);
#513=PLANE('',#2356);
#514=PLANE('',#2357);
#515=PLANE('',#2360);
#516=PLANE('',#2361);
#517=PLANE('',#2362);
#518=PLANE('',#2363);
#519=PLANE('',#2364);
#520=PLANE('',#2366);
#521=PLANE('',#2369);
#522=PLANE('',#2373);
#523=PLANE('',#2376);
#524=PLANE('',#2380);
#525=PLANE('',#2382);
#526=PLANE('',#2386);
#527=PLANE('',#2388);
#528=PLANE('',#2393);
#529=PLANE('',#2399);
#530=PLANE('',#2401);
#531=PLANE('',#2406);
#532=PLANE('',#2410);
#533=PLANE('',#2413);
#534=PLANE('',#2414);
#535=PLANE('',#2415);
#536=PLANE('',#2416);
#537=PLANE('',#2417);
#538=PLANE('',#2418);
#539=PLANE('',#2419);
#540=PLANE('',#2420);
#541=PLANE('',#2421);
#542=PLANE('',#2422);
#543=PLANE('',#2423);
#544=PLANE('',#2435);
#545=PLANE('',#2439);
#546=PLANE('',#2442);
#547=PLANE('',#2445);
#548=PLANE('',#2446);
#549=PLANE('',#2447);
#550=PLANE('',#2448);
#551=PLANE('',#2449);
#552=PLANE('',#2450);
#553=PLANE('',#2451);
#554=PLANE('',#2452);
#555=PLANE('',#2453);
#556=PLANE('',#2454);
#557=PLANE('',#2455);
#558=PLANE('',#2457);
#559=PLANE('',#2458);
#560=PLANE('',#2459);
#561=PLANE('',#2460);
#562=PLANE('',#2461);
#563=PLANE('',#2462);
#564=PLANE('',#2464);
#565=PLANE('',#2465);
#566=PLANE('',#2466);
#567=PLANE('',#2467);
#568=PLANE('',#2468);
#569=PLANE('',#2469);
#570=PLANE('',#2472);
#571=PLANE('',#2473);
#572=PLANE('',#2474);
#573=PLANE('',#2475);
#574=PLANE('',#2476);
#575=PLANE('',#2478);
#576=PLANE('',#2479);
#577=PLANE('',#2480);
#578=PLANE('',#2481);
#579=PLANE('',#2482);
#580=PLANE('',#2484);
#581=PLANE('',#2485);
#582=PLANE('',#2486);
#583=PLANE('',#2487);
#584=PLANE('',#2488);
#585=PLANE('',#2489);
#586=PLANE('',#2490);
#587=PLANE('',#2491);
#588=PLANE('',#2492);
#589=PLANE('',#2493);
#590=PLANE('',#2494);
#591=PLANE('',#2495);
#592=PLANE('',#2496);
#593=PLANE('',#2497);
#594=ORIENTED_EDGE('',*,*,#1222,.T.);
#595=ORIENTED_EDGE('',*,*,#1223,.F.);
#596=ORIENTED_EDGE('',*,*,#1224,.T.);
#597=ORIENTED_EDGE('',*,*,#1225,.F.);
#598=ORIENTED_EDGE('',*,*,#1226,.T.);
#599=ORIENTED_EDGE('',*,*,#1227,.T.);
#600=ORIENTED_EDGE('',*,*,#1228,.T.);
#601=ORIENTED_EDGE('',*,*,#1229,.T.);
#602=ORIENTED_EDGE('',*,*,#1230,.T.);
#603=ORIENTED_EDGE('',*,*,#1231,.T.);
#604=ORIENTED_EDGE('',*,*,#1232,.T.);
#605=ORIENTED_EDGE('',*,*,#1233,.F.);
#606=ORIENTED_EDGE('',*,*,#1234,.T.);
#607=ORIENTED_EDGE('',*,*,#1235,.F.);
#608=ORIENTED_EDGE('',*,*,#1236,.T.);
#609=ORIENTED_EDGE('',*,*,#1237,.T.);
#610=ORIENTED_EDGE('',*,*,#1238,.T.);
#611=ORIENTED_EDGE('',*,*,#1239,.T.);
#612=ORIENTED_EDGE('',*,*,#1240,.T.);
#613=ORIENTED_EDGE('',*,*,#1241,.T.);
#614=ORIENTED_EDGE('',*,*,#1242,.F.);
#615=ORIENTED_EDGE('',*,*,#1243,.T.);
#616=ORIENTED_EDGE('',*,*,#1244,.T.);
#617=ORIENTED_EDGE('',*,*,#1245,.T.);
#618=ORIENTED_EDGE('',*,*,#1246,.F.);
#619=ORIENTED_EDGE('',*,*,#1247,.T.);
#620=ORIENTED_EDGE('',*,*,#1248,.T.);
#621=ORIENTED_EDGE('',*,*,#1249,.T.);
#622=ORIENTED_EDGE('',*,*,#1250,.F.);
#623=ORIENTED_EDGE('',*,*,#1251,.T.);
#624=ORIENTED_EDGE('',*,*,#1252,.T.);
#625=ORIENTED_EDGE('',*,*,#1253,.T.);
#626=ORIENTED_EDGE('',*,*,#1254,.T.);
#627=ORIENTED_EDGE('',*,*,#1255,.T.);
#628=ORIENTED_EDGE('',*,*,#1256,.F.);
#629=ORIENTED_EDGE('',*,*,#1257,.T.);
#630=ORIENTED_EDGE('',*,*,#1258,.T.);
#631=ORIENTED_EDGE('',*,*,#1259,.T.);
#632=ORIENTED_EDGE('',*,*,#1260,.T.);
#633=ORIENTED_EDGE('',*,*,#1261,.T.);
#634=ORIENTED_EDGE('',*,*,#1262,.T.);
#635=ORIENTED_EDGE('',*,*,#1255,.F.);
#636=ORIENTED_EDGE('',*,*,#1263,.F.);
#637=ORIENTED_EDGE('',*,*,#1264,.F.);
#638=ORIENTED_EDGE('',*,*,#1265,.F.);
#639=ORIENTED_EDGE('',*,*,#1266,.F.);
#640=ORIENTED_EDGE('',*,*,#1267,.T.);
#641=ORIENTED_EDGE('',*,*,#1268,.F.);
#642=ORIENTED_EDGE('',*,*,#1269,.T.);
#643=ORIENTED_EDGE('',*,*,#1241,.F.);
#644=ORIENTED_EDGE('',*,*,#1270,.F.);
#645=ORIENTED_EDGE('',*,*,#1271,.T.);
#646=ORIENTED_EDGE('',*,*,#1272,.T.);
#647=ORIENTED_EDGE('',*,*,#1273,.T.);
#648=ORIENTED_EDGE('',*,*,#1274,.T.);
#649=ORIENTED_EDGE('',*,*,#1275,.T.);
#650=ORIENTED_EDGE('',*,*,#1239,.F.);
#651=ORIENTED_EDGE('',*,*,#1276,.T.);
#652=ORIENTED_EDGE('',*,*,#1277,.T.);
#653=ORIENTED_EDGE('',*,*,#1278,.T.);
#654=ORIENTED_EDGE('',*,*,#1258,.F.);
#655=ORIENTED_EDGE('',*,*,#1279,.F.);
#656=ORIENTED_EDGE('',*,*,#1280,.T.);
#657=ORIENTED_EDGE('',*,*,#1281,.T.);
#658=ORIENTED_EDGE('',*,*,#1282,.T.);
#659=ORIENTED_EDGE('',*,*,#1280,.F.);
#660=ORIENTED_EDGE('',*,*,#1283,.F.);
#661=ORIENTED_EDGE('',*,*,#1284,.T.);
#662=ORIENTED_EDGE('',*,*,#1285,.T.);
#663=ORIENTED_EDGE('',*,*,#1286,.T.);
#664=ORIENTED_EDGE('',*,*,#1274,.F.);
#665=ORIENTED_EDGE('',*,*,#1287,.T.);
#666=ORIENTED_EDGE('',*,*,#1288,.T.);
#667=ORIENTED_EDGE('',*,*,#1289,.T.);
#668=ORIENTED_EDGE('',*,*,#1259,.F.);
#669=ORIENTED_EDGE('',*,*,#1290,.F.);
#670=ORIENTED_EDGE('',*,*,#1291,.T.);
#671=ORIENTED_EDGE('',*,*,#1292,.F.);
#672=ORIENTED_EDGE('',*,*,#1293,.T.);
#673=ORIENTED_EDGE('',*,*,#1294,.T.);
#674=ORIENTED_EDGE('',*,*,#1295,.T.);
#675=ORIENTED_EDGE('',*,*,#1296,.T.);
#676=ORIENTED_EDGE('',*,*,#1297,.T.);
#677=ORIENTED_EDGE('',*,*,#1298,.T.);
#678=ORIENTED_EDGE('',*,*,#1299,.F.);
#679=ORIENTED_EDGE('',*,*,#1300,.F.);
#680=ORIENTED_EDGE('',*,*,#1301,.T.);
#681=ORIENTED_EDGE('',*,*,#1302,.F.);
#682=ORIENTED_EDGE('',*,*,#1303,.T.);
#683=ORIENTED_EDGE('',*,*,#1304,.F.);
#684=ORIENTED_EDGE('',*,*,#1305,.F.);
#685=ORIENTED_EDGE('',*,*,#1306,.F.);
#686=ORIENTED_EDGE('',*,*,#1307,.T.);
#687=ORIENTED_EDGE('',*,*,#1308,.T.);
#688=ORIENTED_EDGE('',*,*,#1292,.T.);
#689=ORIENTED_EDGE('',*,*,#1309,.T.);
#690=ORIENTED_EDGE('',*,*,#1310,.F.);
#691=ORIENTED_EDGE('',*,*,#1311,.F.);
#692=ORIENTED_EDGE('',*,*,#1312,.F.);
#693=ORIENTED_EDGE('',*,*,#1313,.T.);
#694=ORIENTED_EDGE('',*,*,#1314,.T.);
#695=ORIENTED_EDGE('',*,*,#1315,.T.);
#696=ORIENTED_EDGE('',*,*,#1316,.F.);
#697=ORIENTED_EDGE('',*,*,#1317,.F.);
#698=ORIENTED_EDGE('',*,*,#1318,.F.);
#699=ORIENTED_EDGE('',*,*,#1319,.F.);
#700=ORIENTED_EDGE('',*,*,#1320,.F.);
#701=ORIENTED_EDGE('',*,*,#1321,.T.);
#702=ORIENTED_EDGE('',*,*,#1322,.T.);
#703=ORIENTED_EDGE('',*,*,#1323,.F.);
#704=ORIENTED_EDGE('',*,*,#1324,.T.);
#705=ORIENTED_EDGE('',*,*,#1325,.F.);
#706=ORIENTED_EDGE('',*,*,#1326,.T.);
#707=ORIENTED_EDGE('',*,*,#1327,.T.);
#708=ORIENTED_EDGE('',*,*,#1264,.T.);
#709=ORIENTED_EDGE('',*,*,#1328,.T.);
#710=ORIENTED_EDGE('',*,*,#1329,.T.);
#711=ORIENTED_EDGE('',*,*,#1330,.F.);
#712=ORIENTED_EDGE('',*,*,#1331,.T.);
#713=ORIENTED_EDGE('',*,*,#1332,.T.);
#714=ORIENTED_EDGE('',*,*,#1333,.F.);
#715=ORIENTED_EDGE('',*,*,#1334,.T.);
#716=ORIENTED_EDGE('',*,*,#1335,.F.);
#717=ORIENTED_EDGE('',*,*,#1336,.T.);
#718=ORIENTED_EDGE('',*,*,#1337,.T.);
#719=ORIENTED_EDGE('',*,*,#1304,.T.);
#720=ORIENTED_EDGE('',*,*,#1338,.F.);
#721=ORIENTED_EDGE('',*,*,#1339,.F.);
#722=ORIENTED_EDGE('',*,*,#1340,.F.);
#723=ORIENTED_EDGE('',*,*,#1341,.F.);
#724=ORIENTED_EDGE('',*,*,#1342,.F.);
#725=ORIENTED_EDGE('',*,*,#1343,.T.);
#726=ORIENTED_EDGE('',*,*,#1344,.T.);
#727=ORIENTED_EDGE('',*,*,#1345,.T.);
#728=ORIENTED_EDGE('',*,*,#1346,.T.);
#729=ORIENTED_EDGE('',*,*,#1347,.T.);
#730=ORIENTED_EDGE('',*,*,#1348,.F.);
#731=ORIENTED_EDGE('',*,*,#1349,.T.);
#732=ORIENTED_EDGE('',*,*,#1350,.T.);
#733=ORIENTED_EDGE('',*,*,#1351,.T.);
#734=ORIENTED_EDGE('',*,*,#1352,.T.);
#735=ORIENTED_EDGE('',*,*,#1353,.T.);
#736=ORIENTED_EDGE('',*,*,#1354,.F.);
#737=ORIENTED_EDGE('',*,*,#1355,.T.);
#738=ORIENTED_EDGE('',*,*,#1356,.F.);
#739=ORIENTED_EDGE('',*,*,#1357,.T.);
#740=ORIENTED_EDGE('',*,*,#1358,.F.);
#741=ORIENTED_EDGE('',*,*,#1359,.T.);
#742=ORIENTED_EDGE('',*,*,#1360,.F.);
#743=ORIENTED_EDGE('',*,*,#1361,.F.);
#744=ORIENTED_EDGE('',*,*,#1308,.F.);
#745=ORIENTED_EDGE('',*,*,#1362,.T.);
#746=ORIENTED_EDGE('',*,*,#1363,.T.);
#747=ORIENTED_EDGE('',*,*,#1364,.F.);
#748=ORIENTED_EDGE('',*,*,#1365,.T.);
#749=ORIENTED_EDGE('',*,*,#1366,.F.);
#750=ORIENTED_EDGE('',*,*,#1367,.F.);
#751=ORIENTED_EDGE('',*,*,#1368,.T.);
#752=ORIENTED_EDGE('',*,*,#1369,.F.);
#753=ORIENTED_EDGE('',*,*,#1370,.F.);
#754=ORIENTED_EDGE('',*,*,#1371,.F.);
#755=ORIENTED_EDGE('',*,*,#1372,.F.);
#756=ORIENTED_EDGE('',*,*,#1373,.F.);
#757=ORIENTED_EDGE('',*,*,#1374,.T.);
#758=ORIENTED_EDGE('',*,*,#1375,.T.);
#759=ORIENTED_EDGE('',*,*,#1376,.T.);
#760=ORIENTED_EDGE('',*,*,#1377,.F.);
#761=ORIENTED_EDGE('',*,*,#1378,.F.);
#762=ORIENTED_EDGE('',*,*,#1379,.F.);
#763=ORIENTED_EDGE('',*,*,#1245,.F.);
#764=ORIENTED_EDGE('',*,*,#1380,.F.);
#765=ORIENTED_EDGE('',*,*,#1351,.F.);
#766=ORIENTED_EDGE('',*,*,#1381,.F.);
#767=ORIENTED_EDGE('',*,*,#1382,.F.);
#768=ORIENTED_EDGE('',*,*,#1383,.F.);
#769=ORIENTED_EDGE('',*,*,#1384,.T.);
#770=ORIENTED_EDGE('',*,*,#1385,.F.);
#771=ORIENTED_EDGE('',*,*,#1386,.T.);
#772=ORIENTED_EDGE('',*,*,#1387,.F.);
#773=ORIENTED_EDGE('',*,*,#1388,.T.);
#774=ORIENTED_EDGE('',*,*,#1389,.T.);
#775=ORIENTED_EDGE('',*,*,#1390,.T.);
#776=ORIENTED_EDGE('',*,*,#1391,.F.);
#777=ORIENTED_EDGE('',*,*,#1268,.T.);
#778=ORIENTED_EDGE('',*,*,#1392,.F.);
#779=ORIENTED_EDGE('',*,*,#1352,.F.);
#780=ORIENTED_EDGE('',*,*,#1380,.T.);
#781=ORIENTED_EDGE('',*,*,#1244,.F.);
#782=ORIENTED_EDGE('',*,*,#1393,.F.);
#783=ORIENTED_EDGE('',*,*,#1394,.F.);
#784=ORIENTED_EDGE('',*,*,#1329,.F.);
#785=ORIENTED_EDGE('',*,*,#1395,.T.);
#786=ORIENTED_EDGE('',*,*,#1253,.F.);
#787=ORIENTED_EDGE('',*,*,#1328,.F.);
#788=ORIENTED_EDGE('',*,*,#1263,.T.);
#789=ORIENTED_EDGE('',*,*,#1254,.F.);
#790=ORIENTED_EDGE('',*,*,#1395,.F.);
#791=ORIENTED_EDGE('',*,*,#1269,.F.);
#792=ORIENTED_EDGE('',*,*,#1391,.T.);
#793=ORIENTED_EDGE('',*,*,#1396,.T.);
#794=ORIENTED_EDGE('',*,*,#1242,.T.);
#795=ORIENTED_EDGE('',*,*,#1390,.F.);
#796=ORIENTED_EDGE('',*,*,#1397,.F.);
#797=ORIENTED_EDGE('',*,*,#1353,.F.);
#798=ORIENTED_EDGE('',*,*,#1393,.T.);
#799=ORIENTED_EDGE('',*,*,#1243,.F.);
#800=ORIENTED_EDGE('',*,*,#1396,.F.);
#801=ORIENTED_EDGE('',*,*,#1398,.F.);
#802=ORIENTED_EDGE('',*,*,#1376,.F.);
#803=ORIENTED_EDGE('',*,*,#1399,.F.);
#804=ORIENTED_EDGE('',*,*,#1313,.F.);
#805=ORIENTED_EDGE('',*,*,#1400,.F.);
#806=ORIENTED_EDGE('',*,*,#1315,.F.);
#807=ORIENTED_EDGE('',*,*,#1401,.T.);
#808=ORIENTED_EDGE('',*,*,#1374,.F.);
#809=ORIENTED_EDGE('',*,*,#1401,.F.);
#810=ORIENTED_EDGE('',*,*,#1314,.F.);
#811=ORIENTED_EDGE('',*,*,#1399,.T.);
#812=ORIENTED_EDGE('',*,*,#1375,.F.);
#813=ORIENTED_EDGE('',*,*,#1317,.T.);
#814=ORIENTED_EDGE('',*,*,#1402,.T.);
#815=ORIENTED_EDGE('',*,*,#1372,.T.);
#816=ORIENTED_EDGE('',*,*,#1403,.F.);
#817=ORIENTED_EDGE('',*,*,#1370,.T.);
#818=ORIENTED_EDGE('',*,*,#1404,.T.);
#819=ORIENTED_EDGE('',*,*,#1319,.T.);
#820=ORIENTED_EDGE('',*,*,#1405,.T.);
#821=ORIENTED_EDGE('',*,*,#1371,.T.);
#822=ORIENTED_EDGE('',*,*,#1405,.F.);
#823=ORIENTED_EDGE('',*,*,#1318,.T.);
#824=ORIENTED_EDGE('',*,*,#1403,.T.);
#825=ORIENTED_EDGE('',*,*,#1327,.F.);
#826=ORIENTED_EDGE('',*,*,#1406,.F.);
#827=ORIENTED_EDGE('',*,*,#1362,.F.);
#828=ORIENTED_EDGE('',*,*,#1307,.F.);
#829=ORIENTED_EDGE('',*,*,#1407,.F.);
#830=ORIENTED_EDGE('',*,*,#1265,.T.);
#831=ORIENTED_EDGE('',*,*,#1267,.F.);
#832=ORIENTED_EDGE('',*,*,#1408,.T.);
#833=ORIENTED_EDGE('',*,*,#1305,.T.);
#834=ORIENTED_EDGE('',*,*,#1361,.T.);
#835=ORIENTED_EDGE('',*,*,#1409,.T.);
#836=ORIENTED_EDGE('',*,*,#1392,.T.);
#837=ORIENTED_EDGE('',*,*,#1369,.T.);
#838=ORIENTED_EDGE('',*,*,#1410,.T.);
#839=ORIENTED_EDGE('',*,*,#1320,.T.);
#840=ORIENTED_EDGE('',*,*,#1404,.F.);
#841=ORIENTED_EDGE('',*,*,#1410,.F.);
#842=ORIENTED_EDGE('',*,*,#1368,.F.);
#843=ORIENTED_EDGE('',*,*,#1411,.F.);
#844=ORIENTED_EDGE('',*,*,#1321,.F.);
#845=ORIENTED_EDGE('',*,*,#1323,.T.);
#846=ORIENTED_EDGE('',*,*,#1412,.F.);
#847=ORIENTED_EDGE('',*,*,#1366,.T.);
#848=ORIENTED_EDGE('',*,*,#1413,.T.);
#849=ORIENTED_EDGE('',*,*,#1413,.F.);
#850=ORIENTED_EDGE('',*,*,#1365,.F.);
#851=ORIENTED_EDGE('',*,*,#1414,.T.);
#852=ORIENTED_EDGE('',*,*,#1324,.F.);
#853=ORIENTED_EDGE('',*,*,#1325,.T.);
#854=ORIENTED_EDGE('',*,*,#1414,.F.);
#855=ORIENTED_EDGE('',*,*,#1364,.T.);
#856=ORIENTED_EDGE('',*,*,#1415,.T.);
#857=ORIENTED_EDGE('',*,*,#1415,.F.);
#858=ORIENTED_EDGE('',*,*,#1363,.F.);
#859=ORIENTED_EDGE('',*,*,#1406,.T.);
#860=ORIENTED_EDGE('',*,*,#1326,.F.);
#861=ORIENTED_EDGE('',*,*,#1400,.T.);
#862=ORIENTED_EDGE('',*,*,#1373,.T.);
#863=ORIENTED_EDGE('',*,*,#1402,.F.);
#864=ORIENTED_EDGE('',*,*,#1316,.T.);
#865=ORIENTED_EDGE('',*,*,#1377,.T.);
#866=ORIENTED_EDGE('',*,*,#1398,.T.);
#867=ORIENTED_EDGE('',*,*,#1312,.T.);
#868=ORIENTED_EDGE('',*,*,#1416,.F.);
#869=ORIENTED_EDGE('',*,*,#1417,.F.);
#870=ORIENTED_EDGE('',*,*,#1378,.T.);
#871=ORIENTED_EDGE('',*,*,#1416,.T.);
#872=ORIENTED_EDGE('',*,*,#1311,.T.);
#873=ORIENTED_EDGE('',*,*,#1418,.F.);
#874=ORIENTED_EDGE('',*,*,#1359,.F.);
#875=ORIENTED_EDGE('',*,*,#1419,.T.);
#876=ORIENTED_EDGE('',*,*,#1384,.F.);
#877=ORIENTED_EDGE('',*,*,#1358,.T.);
#878=ORIENTED_EDGE('',*,*,#1420,.T.);
#879=ORIENTED_EDGE('',*,*,#1385,.T.);
#880=ORIENTED_EDGE('',*,*,#1419,.F.);
#881=ORIENTED_EDGE('',*,*,#1420,.F.);
#882=ORIENTED_EDGE('',*,*,#1357,.F.);
#883=ORIENTED_EDGE('',*,*,#1421,.T.);
#884=ORIENTED_EDGE('',*,*,#1386,.F.);
#885=ORIENTED_EDGE('',*,*,#1356,.T.);
#886=ORIENTED_EDGE('',*,*,#1422,.T.);
#887=ORIENTED_EDGE('',*,*,#1387,.T.);
#888=ORIENTED_EDGE('',*,*,#1421,.F.);
#889=ORIENTED_EDGE('',*,*,#1422,.F.);
#890=ORIENTED_EDGE('',*,*,#1355,.F.);
#891=ORIENTED_EDGE('',*,*,#1423,.F.);
#892=ORIENTED_EDGE('',*,*,#1388,.F.);
#893=ORIENTED_EDGE('',*,*,#1360,.T.);
#894=ORIENTED_EDGE('',*,*,#1418,.T.);
#895=ORIENTED_EDGE('',*,*,#1383,.T.);
#896=ORIENTED_EDGE('',*,*,#1409,.F.);
#897=ORIENTED_EDGE('',*,*,#1348,.T.);
#898=ORIENTED_EDGE('',*,*,#1347,.F.);
#899=ORIENTED_EDGE('',*,*,#1424,.T.);
#900=ORIENTED_EDGE('',*,*,#1248,.F.);
#901=ORIENTED_EDGE('',*,*,#1425,.F.);
#902=ORIENTED_EDGE('',*,*,#1379,.T.);
#903=ORIENTED_EDGE('',*,*,#1350,.F.);
#904=ORIENTED_EDGE('',*,*,#1426,.F.);
#905=ORIENTED_EDGE('',*,*,#1246,.T.);
#906=ORIENTED_EDGE('',*,*,#1349,.F.);
#907=ORIENTED_EDGE('',*,*,#1425,.T.);
#908=ORIENTED_EDGE('',*,*,#1247,.F.);
#909=ORIENTED_EDGE('',*,*,#1426,.T.);
#910=ORIENTED_EDGE('',*,*,#1250,.T.);
#911=ORIENTED_EDGE('',*,*,#1427,.T.);
#912=ORIENTED_EDGE('',*,*,#1333,.T.);
#913=ORIENTED_EDGE('',*,*,#1332,.F.);
#914=ORIENTED_EDGE('',*,*,#1428,.T.);
#915=ORIENTED_EDGE('',*,*,#1394,.T.);
#916=ORIENTED_EDGE('',*,*,#1252,.F.);
#917=ORIENTED_EDGE('',*,*,#1429,.F.);
#918=ORIENTED_EDGE('',*,*,#1330,.T.);
#919=ORIENTED_EDGE('',*,*,#1428,.F.);
#920=ORIENTED_EDGE('',*,*,#1331,.F.);
#921=ORIENTED_EDGE('',*,*,#1429,.T.);
#922=ORIENTED_EDGE('',*,*,#1251,.F.);
#923=ORIENTED_EDGE('',*,*,#1284,.F.);
#924=ORIENTED_EDGE('',*,*,#1430,.T.);
#925=ORIENTED_EDGE('',*,*,#1256,.T.);
#926=ORIENTED_EDGE('',*,*,#1262,.F.);
#927=ORIENTED_EDGE('',*,*,#1431,.T.);
#928=ORIENTED_EDGE('',*,*,#1240,.F.);
#929=ORIENTED_EDGE('',*,*,#1275,.F.);
#930=ORIENTED_EDGE('',*,*,#1290,.T.);
#931=ORIENTED_EDGE('',*,*,#1270,.T.);
#932=ORIENTED_EDGE('',*,*,#1432,.F.);
#933=ORIENTED_EDGE('',*,*,#1236,.F.);
#934=ORIENTED_EDGE('',*,*,#1433,.F.);
#935=ORIENTED_EDGE('',*,*,#1300,.T.);
#936=ORIENTED_EDGE('',*,*,#1235,.T.);
#937=ORIENTED_EDGE('',*,*,#1434,.F.);
#938=ORIENTED_EDGE('',*,*,#1301,.F.);
#939=ORIENTED_EDGE('',*,*,#1433,.T.);
#940=ORIENTED_EDGE('',*,*,#1435,.F.);
#941=ORIENTED_EDGE('',*,*,#1302,.T.);
#942=ORIENTED_EDGE('',*,*,#1434,.T.);
#943=ORIENTED_EDGE('',*,*,#1234,.F.);
#944=ORIENTED_EDGE('',*,*,#1436,.F.);
#945=ORIENTED_EDGE('',*,*,#1337,.F.);
#946=ORIENTED_EDGE('',*,*,#1437,.F.);
#947=ORIENTED_EDGE('',*,*,#1309,.F.);
#948=ORIENTED_EDGE('',*,*,#1382,.T.);
#949=ORIENTED_EDGE('',*,*,#1229,.F.);
#950=ORIENTED_EDGE('',*,*,#1381,.T.);
#951=ORIENTED_EDGE('',*,*,#1228,.F.);
#952=ORIENTED_EDGE('',*,*,#1338,.T.);
#953=ORIENTED_EDGE('',*,*,#1232,.F.);
#954=ORIENTED_EDGE('',*,*,#1339,.T.);
#955=ORIENTED_EDGE('',*,*,#1231,.F.);
#956=ORIENTED_EDGE('',*,*,#1340,.T.);
#957=ORIENTED_EDGE('',*,*,#1230,.F.);
#958=ORIENTED_EDGE('',*,*,#1341,.T.);
#959=ORIENTED_EDGE('',*,*,#1227,.F.);
#960=ORIENTED_EDGE('',*,*,#1342,.T.);
#961=ORIENTED_EDGE('',*,*,#1226,.F.);
#962=ORIENTED_EDGE('',*,*,#1224,.F.);
#963=ORIENTED_EDGE('',*,*,#1222,.F.);
#964=ORIENTED_EDGE('',*,*,#1249,.F.);
#965=ORIENTED_EDGE('',*,*,#1424,.F.);
#966=ORIENTED_EDGE('',*,*,#1346,.F.);
#967=ORIENTED_EDGE('',*,*,#1438,.F.);
#968=ORIENTED_EDGE('',*,*,#1334,.F.);
#969=ORIENTED_EDGE('',*,*,#1427,.F.);
#970=ORIENTED_EDGE('',*,*,#1438,.T.);
#971=ORIENTED_EDGE('',*,*,#1345,.F.);
#972=ORIENTED_EDGE('',*,*,#1439,.F.);
#973=ORIENTED_EDGE('',*,*,#1335,.T.);
#974=ORIENTED_EDGE('',*,*,#1439,.T.);
#975=ORIENTED_EDGE('',*,*,#1344,.F.);
#976=ORIENTED_EDGE('',*,*,#1440,.F.);
#977=ORIENTED_EDGE('',*,*,#1336,.F.);
#978=ORIENTED_EDGE('',*,*,#1440,.T.);
#979=ORIENTED_EDGE('',*,*,#1343,.F.);
#980=ORIENTED_EDGE('',*,*,#1417,.T.);
#981=ORIENTED_EDGE('',*,*,#1310,.T.);
#982=ORIENTED_EDGE('',*,*,#1266,.T.);
#983=ORIENTED_EDGE('',*,*,#1407,.T.);
#984=ORIENTED_EDGE('',*,*,#1306,.T.);
#985=ORIENTED_EDGE('',*,*,#1408,.F.);
#986=ORIENTED_EDGE('',*,*,#1389,.F.);
#987=ORIENTED_EDGE('',*,*,#1423,.T.);
#988=ORIENTED_EDGE('',*,*,#1354,.T.);
#989=ORIENTED_EDGE('',*,*,#1397,.T.);
#990=ORIENTED_EDGE('',*,*,#1322,.F.);
#991=ORIENTED_EDGE('',*,*,#1411,.T.);
#992=ORIENTED_EDGE('',*,*,#1367,.T.);
#993=ORIENTED_EDGE('',*,*,#1412,.T.);
#994=ORIENTED_EDGE('',*,*,#1437,.T.);
#995=ORIENTED_EDGE('',*,*,#1436,.T.);
#996=ORIENTED_EDGE('',*,*,#1441,.F.);
#997=ORIENTED_EDGE('',*,*,#1442,.F.);
#998=ORIENTED_EDGE('',*,*,#1443,.F.);
#999=ORIENTED_EDGE('',*,*,#1444,.F.);
#1000=ORIENTED_EDGE('',*,*,#1445,.F.);
#1001=ORIENTED_EDGE('',*,*,#1446,.F.);
#1002=ORIENTED_EDGE('',*,*,#1435,.T.);
#1003=ORIENTED_EDGE('',*,*,#1233,.T.);
#1004=ORIENTED_EDGE('',*,*,#1432,.T.);
#1005=ORIENTED_EDGE('',*,*,#1299,.T.);
#1006=ORIENTED_EDGE('',*,*,#1447,.F.);
#1007=ORIENTED_EDGE('',*,*,#1448,.F.);
#1008=ORIENTED_EDGE('',*,*,#1449,.F.);
#1009=ORIENTED_EDGE('',*,*,#1450,.F.);
#1010=ORIENTED_EDGE('',*,*,#1451,.F.);
#1011=ORIENTED_EDGE('',*,*,#1452,.F.);
#1012=ORIENTED_EDGE('',*,*,#1257,.F.);
#1013=ORIENTED_EDGE('',*,*,#1430,.F.);
#1014=ORIENTED_EDGE('',*,*,#1283,.T.);
#1015=ORIENTED_EDGE('',*,*,#1279,.T.);
#1016=ORIENTED_EDGE('',*,*,#1453,.F.);
#1017=ORIENTED_EDGE('',*,*,#1454,.T.);
#1018=ORIENTED_EDGE('',*,*,#1455,.T.);
#1019=ORIENTED_EDGE('',*,*,#1456,.F.);
#1020=ORIENTED_EDGE('',*,*,#1455,.F.);
#1021=ORIENTED_EDGE('',*,*,#1457,.T.);
#1022=ORIENTED_EDGE('',*,*,#1458,.T.);
#1023=ORIENTED_EDGE('',*,*,#1459,.F.);
#1024=ORIENTED_EDGE('',*,*,#1458,.F.);
#1025=ORIENTED_EDGE('',*,*,#1460,.T.);
#1026=ORIENTED_EDGE('',*,*,#1461,.T.);
#1027=ORIENTED_EDGE('',*,*,#1462,.F.);
#1028=ORIENTED_EDGE('',*,*,#1461,.F.);
#1029=ORIENTED_EDGE('',*,*,#1463,.T.);
#1030=ORIENTED_EDGE('',*,*,#1464,.T.);
#1031=ORIENTED_EDGE('',*,*,#1465,.F.);
#1032=ORIENTED_EDGE('',*,*,#1464,.F.);
#1033=ORIENTED_EDGE('',*,*,#1466,.T.);
#1034=ORIENTED_EDGE('',*,*,#1467,.T.);
#1035=ORIENTED_EDGE('',*,*,#1468,.F.);
#1036=ORIENTED_EDGE('',*,*,#1467,.F.);
#1037=ORIENTED_EDGE('',*,*,#1469,.T.);
#1038=ORIENTED_EDGE('',*,*,#1453,.T.);
#1039=ORIENTED_EDGE('',*,*,#1470,.F.);
#1040=ORIENTED_EDGE('',*,*,#1471,.T.);
#1041=ORIENTED_EDGE('',*,*,#1456,.T.);
#1042=ORIENTED_EDGE('',*,*,#1459,.T.);
#1043=ORIENTED_EDGE('',*,*,#1462,.T.);
#1044=ORIENTED_EDGE('',*,*,#1465,.T.);
#1045=ORIENTED_EDGE('',*,*,#1468,.T.);
#1046=ORIENTED_EDGE('',*,*,#1470,.T.);
#1047=ORIENTED_EDGE('',*,*,#1472,.F.);
#1048=ORIENTED_EDGE('',*,*,#1463,.F.);
#1049=ORIENTED_EDGE('',*,*,#1473,.F.);
#1050=ORIENTED_EDGE('',*,*,#1297,.F.);
#1051=ORIENTED_EDGE('',*,*,#1473,.T.);
#1052=ORIENTED_EDGE('',*,*,#1460,.F.);
#1053=ORIENTED_EDGE('',*,*,#1474,.F.);
#1054=ORIENTED_EDGE('',*,*,#1298,.F.);
#1055=ORIENTED_EDGE('',*,*,#1472,.T.);
#1056=ORIENTED_EDGE('',*,*,#1296,.F.);
#1057=ORIENTED_EDGE('',*,*,#1475,.F.);
#1058=ORIENTED_EDGE('',*,*,#1466,.F.);
#1059=ORIENTED_EDGE('',*,*,#1474,.T.);
#1060=ORIENTED_EDGE('',*,*,#1457,.F.);
#1061=ORIENTED_EDGE('',*,*,#1476,.F.);
#1062=ORIENTED_EDGE('',*,*,#1293,.F.);
#1063=ORIENTED_EDGE('',*,*,#1475,.T.);
#1064=ORIENTED_EDGE('',*,*,#1295,.F.);
#1065=ORIENTED_EDGE('',*,*,#1477,.F.);
#1066=ORIENTED_EDGE('',*,*,#1469,.F.);
#1067=ORIENTED_EDGE('',*,*,#1476,.T.);
#1068=ORIENTED_EDGE('',*,*,#1454,.F.);
#1069=ORIENTED_EDGE('',*,*,#1477,.T.);
#1070=ORIENTED_EDGE('',*,*,#1294,.F.);
#1071=ORIENTED_EDGE('',*,*,#1471,.F.);
#1072=ORIENTED_EDGE('',*,*,#1303,.F.);
#1073=ORIENTED_EDGE('',*,*,#1478,.F.);
#1074=ORIENTED_EDGE('',*,*,#1479,.T.);
#1075=ORIENTED_EDGE('',*,*,#1480,.T.);
#1076=ORIENTED_EDGE('',*,*,#1481,.T.);
#1077=ORIENTED_EDGE('',*,*,#1482,.T.);
#1078=ORIENTED_EDGE('',*,*,#1483,.F.);
#1079=ORIENTED_EDGE('',*,*,#1484,.T.);
#1080=ORIENTED_EDGE('',*,*,#1485,.T.);
#1081=ORIENTED_EDGE('',*,*,#1486,.T.);
#1082=ORIENTED_EDGE('',*,*,#1487,.F.);
#1083=ORIENTED_EDGE('',*,*,#1482,.F.);
#1084=ORIENTED_EDGE('',*,*,#1488,.T.);
#1085=ORIENTED_EDGE('',*,*,#1486,.F.);
#1086=ORIENTED_EDGE('',*,*,#1489,.T.);
#1087=ORIENTED_EDGE('',*,*,#1490,.T.);
#1088=ORIENTED_EDGE('',*,*,#1491,.F.);
#1089=ORIENTED_EDGE('',*,*,#1490,.F.);
#1090=ORIENTED_EDGE('',*,*,#1492,.T.);
#1091=ORIENTED_EDGE('',*,*,#1493,.T.);
#1092=ORIENTED_EDGE('',*,*,#1494,.F.);
#1093=ORIENTED_EDGE('',*,*,#1495,.T.);
#1094=ORIENTED_EDGE('',*,*,#1496,.T.);
#1095=ORIENTED_EDGE('',*,*,#1478,.T.);
#1096=ORIENTED_EDGE('',*,*,#1497,.F.);
#1097=ORIENTED_EDGE('',*,*,#1498,.T.);
#1098=ORIENTED_EDGE('',*,*,#1494,.T.);
#1099=ORIENTED_EDGE('',*,*,#1499,.T.);
#1100=ORIENTED_EDGE('',*,*,#1500,.T.);
#1101=ORIENTED_EDGE('',*,*,#1497,.T.);
#1102=ORIENTED_EDGE('',*,*,#1483,.T.);
#1103=ORIENTED_EDGE('',*,*,#1487,.T.);
#1104=ORIENTED_EDGE('',*,*,#1491,.T.);
#1105=ORIENTED_EDGE('',*,*,#1276,.F.);
#1106=ORIENTED_EDGE('',*,*,#1282,.F.);
#1107=ORIENTED_EDGE('',*,*,#1501,.F.);
#1108=ORIENTED_EDGE('',*,*,#1485,.F.);
#1109=ORIENTED_EDGE('',*,*,#1502,.F.);
#1110=ORIENTED_EDGE('',*,*,#1501,.T.);
#1111=ORIENTED_EDGE('',*,*,#1281,.F.);
#1112=ORIENTED_EDGE('',*,*,#1503,.F.);
#1113=ORIENTED_EDGE('',*,*,#1489,.F.);
#1114=ORIENTED_EDGE('',*,*,#1502,.T.);
#1115=ORIENTED_EDGE('',*,*,#1484,.F.);
#1116=ORIENTED_EDGE('',*,*,#1504,.F.);
#1117=ORIENTED_EDGE('',*,*,#1277,.F.);
#1118=ORIENTED_EDGE('',*,*,#1503,.T.);
#1119=ORIENTED_EDGE('',*,*,#1286,.F.);
#1120=ORIENTED_EDGE('',*,*,#1505,.F.);
#1121=ORIENTED_EDGE('',*,*,#1492,.F.);
#1122=ORIENTED_EDGE('',*,*,#1504,.T.);
#1123=ORIENTED_EDGE('',*,*,#1488,.F.);
#1124=ORIENTED_EDGE('',*,*,#1506,.F.);
#1125=ORIENTED_EDGE('',*,*,#1237,.F.);
#1126=ORIENTED_EDGE('',*,*,#1278,.F.);
#1127=ORIENTED_EDGE('',*,*,#1431,.F.);
#1128=ORIENTED_EDGE('',*,*,#1261,.F.);
#1129=ORIENTED_EDGE('',*,*,#1507,.F.);
#1130=ORIENTED_EDGE('',*,*,#1499,.F.);
#1131=ORIENTED_EDGE('',*,*,#1493,.F.);
#1132=ORIENTED_EDGE('',*,*,#1505,.T.);
#1133=ORIENTED_EDGE('',*,*,#1285,.F.);
#1134=ORIENTED_EDGE('',*,*,#1506,.T.);
#1135=ORIENTED_EDGE('',*,*,#1481,.F.);
#1136=ORIENTED_EDGE('',*,*,#1508,.F.);
#1137=ORIENTED_EDGE('',*,*,#1271,.F.);
#1138=ORIENTED_EDGE('',*,*,#1238,.F.);
#1139=ORIENTED_EDGE('',*,*,#1260,.F.);
#1140=ORIENTED_EDGE('',*,*,#1289,.F.);
#1141=ORIENTED_EDGE('',*,*,#1509,.F.);
#1142=ORIENTED_EDGE('',*,*,#1495,.F.);
#1143=ORIENTED_EDGE('',*,*,#1500,.F.);
#1144=ORIENTED_EDGE('',*,*,#1507,.T.);
#1145=ORIENTED_EDGE('',*,*,#1508,.T.);
#1146=ORIENTED_EDGE('',*,*,#1480,.F.);
#1147=ORIENTED_EDGE('',*,*,#1510,.F.);
#1148=ORIENTED_EDGE('',*,*,#1272,.F.);
#1149=ORIENTED_EDGE('',*,*,#1509,.T.);
#1150=ORIENTED_EDGE('',*,*,#1288,.F.);
#1151=ORIENTED_EDGE('',*,*,#1511,.F.);
#1152=ORIENTED_EDGE('',*,*,#1496,.F.);
#1153=ORIENTED_EDGE('',*,*,#1510,.T.);
#1154=ORIENTED_EDGE('',*,*,#1479,.F.);
#1155=ORIENTED_EDGE('',*,*,#1511,.T.);
#1156=ORIENTED_EDGE('',*,*,#1287,.F.);
#1157=ORIENTED_EDGE('',*,*,#1273,.F.);
#1158=ORIENTED_EDGE('',*,*,#1498,.F.);
#1159=ORIENTED_EDGE('',*,*,#1291,.F.);
#1160=ORIENTED_EDGE('',*,*,#1512,.T.);
#1161=ORIENTED_EDGE('',*,*,#1513,.T.);
#1162=ORIENTED_EDGE('',*,*,#1514,.T.);
#1163=ORIENTED_EDGE('',*,*,#1515,.T.);
#1164=ORIENTED_EDGE('',*,*,#1516,.T.);
#1165=ORIENTED_EDGE('',*,*,#1517,.T.);
#1166=ORIENTED_EDGE('',*,*,#1225,.T.);
#1167=ORIENTED_EDGE('',*,*,#1447,.T.);
#1168=ORIENTED_EDGE('',*,*,#1518,.F.);
#1169=ORIENTED_EDGE('',*,*,#1512,.F.);
#1170=ORIENTED_EDGE('',*,*,#1519,.T.);
#1171=ORIENTED_EDGE('',*,*,#1452,.T.);
#1172=ORIENTED_EDGE('',*,*,#1520,.F.);
#1173=ORIENTED_EDGE('',*,*,#1513,.F.);
#1174=ORIENTED_EDGE('',*,*,#1518,.T.);
#1175=ORIENTED_EDGE('',*,*,#1451,.T.);
#1176=ORIENTED_EDGE('',*,*,#1521,.F.);
#1177=ORIENTED_EDGE('',*,*,#1514,.F.);
#1178=ORIENTED_EDGE('',*,*,#1520,.T.);
#1179=ORIENTED_EDGE('',*,*,#1450,.T.);
#1180=ORIENTED_EDGE('',*,*,#1522,.F.);
#1181=ORIENTED_EDGE('',*,*,#1515,.F.);
#1182=ORIENTED_EDGE('',*,*,#1521,.T.);
#1183=ORIENTED_EDGE('',*,*,#1449,.T.);
#1184=ORIENTED_EDGE('',*,*,#1523,.F.);
#1185=ORIENTED_EDGE('',*,*,#1516,.F.);
#1186=ORIENTED_EDGE('',*,*,#1522,.T.);
#1187=ORIENTED_EDGE('',*,*,#1448,.T.);
#1188=ORIENTED_EDGE('',*,*,#1519,.F.);
#1189=ORIENTED_EDGE('',*,*,#1517,.F.);
#1190=ORIENTED_EDGE('',*,*,#1523,.T.);
#1191=ORIENTED_EDGE('',*,*,#1524,.T.);
#1192=ORIENTED_EDGE('',*,*,#1525,.T.);
#1193=ORIENTED_EDGE('',*,*,#1526,.T.);
#1194=ORIENTED_EDGE('',*,*,#1527,.T.);
#1195=ORIENTED_EDGE('',*,*,#1528,.T.);
#1196=ORIENTED_EDGE('',*,*,#1529,.T.);
#1197=ORIENTED_EDGE('',*,*,#1223,.T.);
#1198=ORIENTED_EDGE('',*,*,#1441,.T.);
#1199=ORIENTED_EDGE('',*,*,#1530,.F.);
#1200=ORIENTED_EDGE('',*,*,#1524,.F.);
#1201=ORIENTED_EDGE('',*,*,#1531,.T.);
#1202=ORIENTED_EDGE('',*,*,#1446,.T.);
#1203=ORIENTED_EDGE('',*,*,#1532,.F.);
#1204=ORIENTED_EDGE('',*,*,#1525,.F.);
#1205=ORIENTED_EDGE('',*,*,#1530,.T.);
#1206=ORIENTED_EDGE('',*,*,#1445,.T.);
#1207=ORIENTED_EDGE('',*,*,#1533,.F.);
#1208=ORIENTED_EDGE('',*,*,#1526,.F.);
#1209=ORIENTED_EDGE('',*,*,#1532,.T.);
#1210=ORIENTED_EDGE('',*,*,#1444,.T.);
#1211=ORIENTED_EDGE('',*,*,#1534,.F.);
#1212=ORIENTED_EDGE('',*,*,#1527,.F.);
#1213=ORIENTED_EDGE('',*,*,#1533,.T.);
#1214=ORIENTED_EDGE('',*,*,#1443,.T.);
#1215=ORIENTED_EDGE('',*,*,#1535,.F.);
#1216=ORIENTED_EDGE('',*,*,#1528,.F.);
#1217=ORIENTED_EDGE('',*,*,#1534,.T.);
#1218=ORIENTED_EDGE('',*,*,#1442,.T.);
#1219=ORIENTED_EDGE('',*,*,#1531,.F.);
#1220=ORIENTED_EDGE('',*,*,#1529,.F.);
#1221=ORIENTED_EDGE('',*,*,#1535,.T.);
#1222=EDGE_CURVE('',#1536,#1536,#1752,.F.);
#1223=EDGE_CURVE('',#1537,#1537,#1753,.F.);
#1224=EDGE_CURVE('',#1538,#1538,#1754,.F.);
#1225=EDGE_CURVE('',#1539,#1539,#1755,.F.);
#1226=EDGE_CURVE('',#1540,#1540,#1756,.T.);
#1227=EDGE_CURVE('',#1541,#1541,#1757,.T.);
#1228=EDGE_CURVE('',#1542,#1542,#1758,.T.);
#1229=EDGE_CURVE('',#1543,#1543,#1759,.T.);
#1230=EDGE_CURVE('',#1544,#1544,#1760,.T.);
#1231=EDGE_CURVE('',#1545,#1545,#1761,.T.);
#1232=EDGE_CURVE('',#1546,#1546,#1762,.T.);
#1233=EDGE_CURVE('',#1547,#1548,#19,.T.);
#1234=EDGE_CURVE('',#1547,#1549,#20,.T.);
#1235=EDGE_CURVE('',#1550,#1549,#21,.T.);
#1236=EDGE_CURVE('',#1550,#1548,#22,.T.);
#1237=EDGE_CURVE('',#1551,#1552,#23,.T.);
#1238=EDGE_CURVE('',#1552,#1553,#24,.T.);
#1239=EDGE_CURVE('',#1553,#1554,#25,.T.);
#1240=EDGE_CURVE('',#1554,#1555,#26,.T.);
#1241=EDGE_CURVE('',#1555,#1556,#1763,.T.);
#1242=EDGE_CURVE('',#1557,#1556,#27,.T.);
#1243=EDGE_CURVE('',#1557,#1558,#28,.T.);
#1244=EDGE_CURVE('',#1558,#1559,#29,.T.);
#1245=EDGE_CURVE('',#1559,#1560,#30,.T.);
#1246=EDGE_CURVE('',#1561,#1560,#31,.T.);
#1247=EDGE_CURVE('',#1561,#1562,#32,.T.);
#1248=EDGE_CURVE('',#1562,#1563,#33,.T.);
#1249=EDGE_CURVE('',#1563,#1564,#34,.T.);
#1250=EDGE_CURVE('',#1565,#1564,#35,.T.);
#1251=EDGE_CURVE('',#1565,#1566,#36,.T.);
#1252=EDGE_CURVE('',#1566,#1567,#37,.T.);
#1253=EDGE_CURVE('',#1567,#1568,#38,.T.);
#1254=EDGE_CURVE('',#1568,#1569,#39,.T.);
#1255=EDGE_CURVE('',#1569,#1570,#1764,.T.);
#1256=EDGE_CURVE('',#1571,#1570,#40,.T.);
#1257=EDGE_CURVE('',#1571,#1572,#41,.T.);
#1258=EDGE_CURVE('',#1572,#1551,#42,.T.);
#1259=EDGE_CURVE('',#1573,#1574,#1765,.T.);
#1260=EDGE_CURVE('',#1574,#1575,#43,.F.);
#1261=EDGE_CURVE('',#1575,#1576,#1766,.T.);
#1262=EDGE_CURVE('',#1576,#1570,#44,.T.);
#1263=EDGE_CURVE('',#1577,#1569,#45,.T.);
#1264=EDGE_CURVE('',#1578,#1577,#1767,.T.);
#1265=EDGE_CURVE('',#1579,#1578,#46,.F.);
#1266=EDGE_CURVE('',#1580,#1579,#1768,.T.);
#1267=EDGE_CURVE('',#1580,#1581,#47,.F.);
#1268=EDGE_CURVE('',#1582,#1581,#1769,.T.);
#1269=EDGE_CURVE('',#1582,#1556,#48,.T.);
#1270=EDGE_CURVE('',#1573,#1555,#49,.T.);
#1271=EDGE_CURVE('',#1553,#1583,#50,.T.);
#1272=EDGE_CURVE('',#1583,#1584,#51,.T.);
#1273=EDGE_CURVE('',#1584,#1585,#52,.F.);
#1274=EDGE_CURVE('',#1585,#1586,#53,.T.);
#1275=EDGE_CURVE('',#1586,#1554,#54,.T.);
#1276=EDGE_CURVE('',#1587,#1588,#55,.F.);
#1277=EDGE_CURVE('',#1588,#1589,#56,.T.);
#1278=EDGE_CURVE('',#1589,#1551,#57,.T.);
#1279=EDGE_CURVE('',#1590,#1572,#58,.T.);
#1280=EDGE_CURVE('',#1590,#1587,#59,.T.);
#1281=EDGE_CURVE('',#1591,#1592,#60,.T.);
#1282=EDGE_CURVE('',#1592,#1587,#61,.T.);
#1283=EDGE_CURVE('',#1593,#1590,#62,.T.);
#1284=EDGE_CURVE('',#1593,#1594,#63,.T.);
#1285=EDGE_CURVE('',#1594,#1595,#1770,.F.);
#1286=EDGE_CURVE('',#1595,#1591,#64,.T.);
#1287=EDGE_CURVE('',#1585,#1596,#65,.T.);
#1288=EDGE_CURVE('',#1596,#1597,#66,.T.);
#1289=EDGE_CURVE('',#1597,#1574,#67,.T.);
#1290=EDGE_CURVE('',#1586,#1573,#68,.T.);
#1291=EDGE_CURVE('',#1598,#1598,#1771,.T.);
#1292=EDGE_CURVE('',#1599,#1599,#1772,.T.);
#1293=EDGE_CURVE('',#1600,#1601,#69,.T.);
#1294=EDGE_CURVE('',#1601,#1602,#70,.T.);
#1295=EDGE_CURVE('',#1602,#1603,#71,.T.);
#1296=EDGE_CURVE('',#1603,#1604,#72,.T.);
#1297=EDGE_CURVE('',#1604,#1605,#73,.T.);
#1298=EDGE_CURVE('',#1605,#1600,#74,.T.);
#1299=EDGE_CURVE('',#1606,#1607,#75,.T.);
#1300=EDGE_CURVE('',#1608,#1606,#76,.T.);
#1301=EDGE_CURVE('',#1608,#1609,#77,.T.);
#1302=EDGE_CURVE('',#1607,#1609,#78,.T.);
#1303=EDGE_CURVE('',#1610,#1610,#1773,.T.);
#1304=EDGE_CURVE('',#1611,#1611,#1774,.T.);
#1305=EDGE_CURVE('',#1612,#1613,#1775,.T.);
#1306=EDGE_CURVE('',#1614,#1612,#79,.T.);
#1307=EDGE_CURVE('',#1614,#1615,#1776,.T.);
#1308=EDGE_CURVE('',#1615,#1613,#80,.T.);
#1309=EDGE_CURVE('',#1616,#1616,#1777,.T.);
#1310=EDGE_CURVE('',#1617,#1618,#81,.T.);
#1311=EDGE_CURVE('',#1619,#1617,#82,.T.);
#1312=EDGE_CURVE('',#1620,#1619,#83,.T.);
#1313=EDGE_CURVE('',#1620,#1621,#84,.T.);
#1314=EDGE_CURVE('',#1621,#1622,#85,.F.);
#1315=EDGE_CURVE('',#1622,#1623,#86,.T.);
#1316=EDGE_CURVE('',#1624,#1623,#87,.T.);
#1317=EDGE_CURVE('',#1625,#1624,#88,.T.);
#1318=EDGE_CURVE('',#1626,#1625,#89,.T.);
#1319=EDGE_CURVE('',#1627,#1626,#90,.T.);
#1320=EDGE_CURVE('',#1628,#1627,#91,.T.);
#1321=EDGE_CURVE('',#1628,#1629,#92,.T.);
#1322=EDGE_CURVE('',#1629,#1630,#93,.T.);
#1323=EDGE_CURVE('',#1631,#1630,#94,.T.);
#1324=EDGE_CURVE('',#1631,#1632,#95,.T.);
#1325=EDGE_CURVE('',#1633,#1632,#96,.T.);
#1326=EDGE_CURVE('',#1633,#1634,#97,.T.);
#1327=EDGE_CURVE('',#1634,#1578,#98,.T.);
#1328=EDGE_CURVE('',#1577,#1635,#99,.T.);
#1329=EDGE_CURVE('',#1635,#1636,#100,.T.);
#1330=EDGE_CURVE('',#1637,#1636,#101,.T.);
#1331=EDGE_CURVE('',#1637,#1638,#102,.T.);
#1332=EDGE_CURVE('',#1638,#1639,#103,.T.);
#1333=EDGE_CURVE('',#1640,#1639,#104,.T.);
#1334=EDGE_CURVE('',#1640,#1641,#105,.T.);
#1335=EDGE_CURVE('',#1642,#1641,#106,.T.);
#1336=EDGE_CURVE('',#1642,#1618,#107,.T.);
#1337=EDGE_CURVE('',#1643,#1643,#1778,.T.);
#1338=EDGE_CURVE('',#1644,#1644,#1779,.T.);
#1339=EDGE_CURVE('',#1645,#1645,#1780,.T.);
#1340=EDGE_CURVE('',#1646,#1646,#1781,.T.);
#1341=EDGE_CURVE('',#1647,#1647,#1782,.T.);
#1342=EDGE_CURVE('',#1648,#1648,#1783,.T.);
#1343=EDGE_CURVE('',#1649,#1650,#108,.T.);
#1344=EDGE_CURVE('',#1650,#1651,#109,.T.);
#1345=EDGE_CURVE('',#1651,#1652,#110,.T.);
#1346=EDGE_CURVE('',#1652,#1653,#111,.T.);
#1347=EDGE_CURVE('',#1653,#1654,#112,.T.);
#1348=EDGE_CURVE('',#1655,#1654,#113,.T.);
#1349=EDGE_CURVE('',#1655,#1656,#114,.T.);
#1350=EDGE_CURVE('',#1656,#1657,#115,.T.);
#1351=EDGE_CURVE('',#1657,#1658,#116,.T.);
#1352=EDGE_CURVE('',#1658,#1659,#117,.T.);
#1353=EDGE_CURVE('',#1659,#1660,#118,.T.);
#1354=EDGE_CURVE('',#1661,#1660,#119,.T.);
#1355=EDGE_CURVE('',#1661,#1662,#120,.T.);
#1356=EDGE_CURVE('',#1663,#1662,#121,.F.);
#1357=EDGE_CURVE('',#1663,#1664,#122,.T.);
#1358=EDGE_CURVE('',#1665,#1664,#123,.F.);
#1359=EDGE_CURVE('',#1665,#1666,#124,.T.);
#1360=EDGE_CURVE('',#1667,#1666,#125,.F.);
#1361=EDGE_CURVE('',#1613,#1667,#126,.T.);
#1362=EDGE_CURVE('',#1615,#1668,#127,.T.);
#1363=EDGE_CURVE('',#1668,#1669,#128,.F.);
#1364=EDGE_CURVE('',#1670,#1669,#129,.T.);
#1365=EDGE_CURVE('',#1670,#1671,#130,.F.);
#1366=EDGE_CURVE('',#1672,#1671,#131,.T.);
#1367=EDGE_CURVE('',#1673,#1672,#132,.T.);
#1368=EDGE_CURVE('',#1673,#1674,#133,.T.);
#1369=EDGE_CURVE('',#1675,#1674,#134,.F.);
#1370=EDGE_CURVE('',#1676,#1675,#135,.T.);
#1371=EDGE_CURVE('',#1677,#1676,#136,.F.);
#1372=EDGE_CURVE('',#1678,#1677,#137,.T.);
#1373=EDGE_CURVE('',#1679,#1678,#138,.F.);
#1374=EDGE_CURVE('',#1679,#1680,#139,.T.);
#1375=EDGE_CURVE('',#1680,#1681,#140,.T.);
#1376=EDGE_CURVE('',#1681,#1682,#141,.T.);
#1377=EDGE_CURVE('',#1683,#1682,#142,.F.);
#1378=EDGE_CURVE('',#1649,#1683,#143,.T.);
#1379=EDGE_CURVE('',#1560,#1657,#144,.T.);
#1380=EDGE_CURVE('',#1658,#1559,#145,.T.);
#1381=EDGE_CURVE('',#1684,#1684,#1784,.T.);
#1382=EDGE_CURVE('',#1685,#1685,#1785,.T.);
#1383=EDGE_CURVE('',#1686,#1687,#146,.T.);
#1384=EDGE_CURVE('',#1686,#1688,#147,.T.);
#1385=EDGE_CURVE('',#1689,#1688,#148,.T.);
#1386=EDGE_CURVE('',#1689,#1690,#149,.T.);
#1387=EDGE_CURVE('',#1691,#1690,#150,.T.);
#1388=EDGE_CURVE('',#1691,#1692,#151,.T.);
#1389=EDGE_CURVE('',#1692,#1693,#152,.T.);
#1390=EDGE_CURVE('',#1693,#1694,#153,.T.);
#1391=EDGE_CURVE('',#1582,#1694,#154,.T.);
#1392=EDGE_CURVE('',#1687,#1581,#155,.T.);
#1393=EDGE_CURVE('',#1659,#1558,#156,.T.);
#1394=EDGE_CURVE('',#1636,#1567,#157,.T.);
#1395=EDGE_CURVE('',#1635,#1568,#158,.T.);
#1396=EDGE_CURVE('',#1694,#1557,#159,.T.);
#1397=EDGE_CURVE('',#1660,#1693,#1786,.T.);
#1398=EDGE_CURVE('',#1682,#1620,#1787,.F.);
#1399=EDGE_CURVE('',#1621,#1681,#1788,.T.);
#1400=EDGE_CURVE('',#1623,#1679,#1789,.F.);
#1401=EDGE_CURVE('',#1622,#1680,#1790,.T.);
#1402=EDGE_CURVE('',#1624,#1678,#1791,.F.);
#1403=EDGE_CURVE('',#1625,#1677,#1792,.T.);
#1404=EDGE_CURVE('',#1675,#1627,#1793,.F.);
#1405=EDGE_CURVE('',#1626,#1676,#1794,.T.);
#1406=EDGE_CURVE('',#1668,#1634,#1795,.F.);
#1407=EDGE_CURVE('',#1579,#1614,#160,.T.);
#1408=EDGE_CURVE('',#1580,#1612,#161,.T.);
#1409=EDGE_CURVE('',#1667,#1687,#1796,.F.);
#1410=EDGE_CURVE('',#1674,#1628,#1797,.T.);
#1411=EDGE_CURVE('',#1629,#1673,#1798,.F.);
#1412=EDGE_CURVE('',#1672,#1630,#1799,.T.);
#1413=EDGE_CURVE('',#1671,#1631,#1800,.T.);
#1414=EDGE_CURVE('',#1670,#1632,#1801,.T.);
#1415=EDGE_CURVE('',#1669,#1633,#1802,.T.);
#1416=EDGE_CURVE('',#1683,#1619,#1803,.T.);
#1417=EDGE_CURVE('',#1649,#1617,#1804,.F.);
#1418=EDGE_CURVE('',#1666,#1686,#1805,.T.);
#1419=EDGE_CURVE('',#1665,#1688,#1806,.T.);
#1420=EDGE_CURVE('',#1664,#1689,#1807,.T.);
#1421=EDGE_CURVE('',#1663,#1690,#1808,.T.);
#1422=EDGE_CURVE('',#1662,#1691,#1809,.T.);
#1423=EDGE_CURVE('',#1692,#1661,#1810,.F.);
#1424=EDGE_CURVE('',#1653,#1563,#162,.T.);
#1425=EDGE_CURVE('',#1655,#1562,#163,.T.);
#1426=EDGE_CURVE('',#1561,#1656,#164,.T.);
#1427=EDGE_CURVE('',#1564,#1640,#165,.T.);
#1428=EDGE_CURVE('',#1638,#1565,#166,.T.);
#1429=EDGE_CURVE('',#1637,#1566,#167,.T.);
#1430=EDGE_CURVE('',#1593,#1571,#168,.T.);
#1431=EDGE_CURVE('',#1576,#1594,#15,.T.);
#1432=EDGE_CURVE('',#1548,#1606,#169,.T.);
#1433=EDGE_CURVE('',#1608,#1550,#170,.T.);
#1434=EDGE_CURVE('',#1609,#1549,#171,.T.);
#1435=EDGE_CURVE('',#1607,#1547,#172,.T.);
#1436=EDGE_CURVE('',#1695,#1695,#1811,.F.);
#1437=EDGE_CURVE('',#1696,#1696,#1812,.F.);
#1438=EDGE_CURVE('',#1641,#1652,#1813,.F.);
#1439=EDGE_CURVE('',#1642,#1651,#1814,.F.);
#1440=EDGE_CURVE('',#1618,#1650,#1815,.T.);
#1441=EDGE_CURVE('',#1697,#1698,#173,.T.);
#1442=EDGE_CURVE('',#1699,#1697,#174,.T.);
#1443=EDGE_CURVE('',#1700,#1699,#175,.T.);
#1444=EDGE_CURVE('',#1701,#1700,#176,.T.);
#1445=EDGE_CURVE('',#1702,#1701,#177,.T.);
#1446=EDGE_CURVE('',#1698,#1702,#178,.T.);
#1447=EDGE_CURVE('',#1703,#1704,#179,.T.);
#1448=EDGE_CURVE('',#1705,#1703,#180,.T.);
#1449=EDGE_CURVE('',#1706,#1705,#181,.T.);
#1450=EDGE_CURVE('',#1707,#1706,#182,.T.);
#1451=EDGE_CURVE('',#1708,#1707,#183,.T.);
#1452=EDGE_CURVE('',#1704,#1708,#184,.T.);
#1453=EDGE_CURVE('',#1709,#1710,#185,.T.);
#1454=EDGE_CURVE('',#1709,#1711,#186,.T.);
#1455=EDGE_CURVE('',#1711,#1712,#187,.T.);
#1456=EDGE_CURVE('',#1710,#1712,#188,.T.);
#1457=EDGE_CURVE('',#1711,#1713,#189,.T.);
#1458=EDGE_CURVE('',#1713,#1714,#190,.T.);
#1459=EDGE_CURVE('',#1712,#1714,#191,.T.);
#1460=EDGE_CURVE('',#1713,#1715,#192,.T.);
#1461=EDGE_CURVE('',#1715,#1716,#193,.T.);
#1462=EDGE_CURVE('',#1714,#1716,#194,.T.);
#1463=EDGE_CURVE('',#1715,#1717,#195,.T.);
#1464=EDGE_CURVE('',#1717,#1718,#196,.T.);
#1465=EDGE_CURVE('',#1716,#1718,#197,.T.);
#1466=EDGE_CURVE('',#1717,#1719,#198,.T.);
#1467=EDGE_CURVE('',#1719,#1720,#199,.T.);
#1468=EDGE_CURVE('',#1718,#1720,#200,.T.);
#1469=EDGE_CURVE('',#1719,#1709,#201,.T.);
#1470=EDGE_CURVE('',#1720,#1710,#202,.T.);
#1471=EDGE_CURVE('',#1721,#1721,#1816,.F.);
#1472=EDGE_CURVE('',#1717,#1604,#203,.F.);
#1473=EDGE_CURVE('',#1605,#1715,#204,.T.);
#1474=EDGE_CURVE('',#1600,#1713,#205,.T.);
#1475=EDGE_CURVE('',#1719,#1603,#206,.F.);
#1476=EDGE_CURVE('',#1601,#1711,#207,.F.);
#1477=EDGE_CURVE('',#1709,#1602,#208,.F.);
#1478=EDGE_CURVE('',#1722,#1723,#209,.T.);
#1479=EDGE_CURVE('',#1722,#1724,#210,.T.);
#1480=EDGE_CURVE('',#1724,#1725,#211,.T.);
#1481=EDGE_CURVE('',#1725,#1726,#212,.T.);
#1482=EDGE_CURVE('',#1726,#1727,#213,.T.);
#1483=EDGE_CURVE('',#1723,#1727,#214,.T.);
#1484=EDGE_CURVE('',#1728,#1729,#215,.T.);
#1485=EDGE_CURVE('',#1729,#1730,#216,.T.);
#1486=EDGE_CURVE('',#1730,#1731,#217,.T.);
#1487=EDGE_CURVE('',#1727,#1731,#218,.T.);
#1488=EDGE_CURVE('',#1726,#1728,#219,.T.);
#1489=EDGE_CURVE('',#1730,#1732,#220,.T.);
#1490=EDGE_CURVE('',#1732,#1733,#221,.T.);
#1491=EDGE_CURVE('',#1731,#1733,#222,.T.);
#1492=EDGE_CURVE('',#1732,#1734,#223,.T.);
#1493=EDGE_CURVE('',#1734,#1735,#16,.T.);
#1494=EDGE_CURVE('',#1733,#1735,#224,.T.);
#1495=EDGE_CURVE('',#1736,#1737,#225,.T.);
#1496=EDGE_CURVE('',#1737,#1722,#226,.T.);
#1497=EDGE_CURVE('',#1736,#1723,#227,.T.);
#1498=EDGE_CURVE('',#1738,#1738,#1817,.F.);
#1499=EDGE_CURVE('',#1735,#1739,#1818,.F.);
#1500=EDGE_CURVE('',#1739,#1736,#228,.T.);
#1501=EDGE_CURVE('',#1730,#1592,#229,.F.);
#1502=EDGE_CURVE('',#1588,#1729,#230,.T.);
#1503=EDGE_CURVE('',#1732,#1591,#231,.F.);
#1504=EDGE_CURVE('',#1589,#1728,#232,.F.);
#1505=EDGE_CURVE('',#1734,#1595,#17,.F.);
#1506=EDGE_CURVE('',#1552,#1726,#233,.F.);
#1507=EDGE_CURVE('',#1739,#1575,#18,.F.);
#1508=EDGE_CURVE('',#1583,#1725,#234,.T.);
#1509=EDGE_CURVE('',#1737,#1597,#235,.T.);
#1510=EDGE_CURVE('',#1584,#1724,#236,.F.);
#1511=EDGE_CURVE('',#1722,#1596,#237,.F.);
#1512=EDGE_CURVE('',#1740,#1741,#238,.T.);
#1513=EDGE_CURVE('',#1741,#1742,#239,.T.);
#1514=EDGE_CURVE('',#1742,#1743,#240,.T.);
#1515=EDGE_CURVE('',#1743,#1744,#241,.T.);
#1516=EDGE_CURVE('',#1744,#1745,#242,.T.);
#1517=EDGE_CURVE('',#1745,#1740,#243,.T.);
#1518=EDGE_CURVE('',#1741,#1704,#244,.T.);
#1519=EDGE_CURVE('',#1740,#1703,#245,.T.);
#1520=EDGE_CURVE('',#1742,#1708,#246,.T.);
#1521=EDGE_CURVE('',#1743,#1707,#247,.T.);
#1522=EDGE_CURVE('',#1744,#1706,#248,.T.);
#1523=EDGE_CURVE('',#1745,#1705,#249,.T.);
#1524=EDGE_CURVE('',#1746,#1747,#250,.T.);
#1525=EDGE_CURVE('',#1747,#1748,#251,.T.);
#1526=EDGE_CURVE('',#1748,#1749,#252,.T.);
#1527=EDGE_CURVE('',#1749,#1750,#253,.T.);
#1528=EDGE_CURVE('',#1750,#1751,#254,.T.);
#1529=EDGE_CURVE('',#1751,#1746,#255,.T.);
#1530=EDGE_CURVE('',#1747,#1698,#256,.T.);
#1531=EDGE_CURVE('',#1746,#1697,#257,.T.);
#1532=EDGE_CURVE('',#1748,#1702,#258,.T.);
#1533=EDGE_CURVE('',#1749,#1701,#259,.T.);
#1534=EDGE_CURVE('',#1750,#1700,#260,.T.);
#1535=EDGE_CURVE('',#1751,#1699,#261,.T.);
#1536=VERTEX_POINT('',#3122);
#1537=VERTEX_POINT('',#3124);
#1538=VERTEX_POINT('',#3127);
#1539=VERTEX_POINT('',#3129);
#1540=VERTEX_POINT('',#3132);
#1541=VERTEX_POINT('',#3134);
#1542=VERTEX_POINT('',#3136);
#1543=VERTEX_POINT('',#3138);
#1544=VERTEX_POINT('',#3140);
#1545=VERTEX_POINT('',#3142);
#1546=VERTEX_POINT('',#3144);
#1547=VERTEX_POINT('',#3146);
#1548=VERTEX_POINT('',#3147);
#1549=VERTEX_POINT('',#3149);
#1550=VERTEX_POINT('',#3151);
#1551=VERTEX_POINT('',#3154);
#1552=VERTEX_POINT('',#3155);
#1553=VERTEX_POINT('',#3157);
#1554=VERTEX_POINT('',#3159);
#1555=VERTEX_POINT('',#3161);
#1556=VERTEX_POINT('',#3163);
#1557=VERTEX_POINT('',#3165);
#1558=VERTEX_POINT('',#3167);
#1559=VERTEX_POINT('',#3169);
#1560=VERTEX_POINT('',#3171);
#1561=VERTEX_POINT('',#3173);
#1562=VERTEX_POINT('',#3175);
#1563=VERTEX_POINT('',#3177);
#1564=VERTEX_POINT('',#3179);
#1565=VERTEX_POINT('',#3181);
#1566=VERTEX_POINT('',#3183);
#1567=VERTEX_POINT('',#3185);
#1568=VERTEX_POINT('',#3187);
#1569=VERTEX_POINT('',#3189);
#1570=VERTEX_POINT('',#3191);
#1571=VERTEX_POINT('',#3193);
#1572=VERTEX_POINT('',#3195);
#1573=VERTEX_POINT('',#3199);
#1574=VERTEX_POINT('',#3200);
#1575=VERTEX_POINT('',#3202);
#1576=VERTEX_POINT('',#3204);
#1577=VERTEX_POINT('',#3207);
#1578=VERTEX_POINT('',#3209);
#1579=VERTEX_POINT('',#3211);
#1580=VERTEX_POINT('',#3213);
#1581=VERTEX_POINT('',#3215);
#1582=VERTEX_POINT('',#3217);
#1583=VERTEX_POINT('',#3222);
#1584=VERTEX_POINT('',#3224);
#1585=VERTEX_POINT('',#3226);
#1586=VERTEX_POINT('',#3228);
#1587=VERTEX_POINT('',#3232);
#1588=VERTEX_POINT('',#3233);
#1589=VERTEX_POINT('',#3235);
#1590=VERTEX_POINT('',#3238);
#1591=VERTEX_POINT('',#3242);
#1592=VERTEX_POINT('',#3243);
#1593=VERTEX_POINT('',#3246);
#1594=VERTEX_POINT('',#3248);
#1595=VERTEX_POINT('',#3250);
#1596=VERTEX_POINT('',#3254);
#1597=VERTEX_POINT('',#3256);
#1598=VERTEX_POINT('',#3261);
#1599=VERTEX_POINT('',#3263);
#1600=VERTEX_POINT('',#3266);
#1601=VERTEX_POINT('',#3267);
#1602=VERTEX_POINT('',#3269);
#1603=VERTEX_POINT('',#3271);
#1604=VERTEX_POINT('',#3273);
#1605=VERTEX_POINT('',#3275);
#1606=VERTEX_POINT('',#3278);
#1607=VERTEX_POINT('',#3279);
#1608=VERTEX_POINT('',#3281);
#1609=VERTEX_POINT('',#3283);
#1610=VERTEX_POINT('',#3287);
#1611=VERTEX_POINT('',#3289);
#1612=VERTEX_POINT('',#3292);
#1613=VERTEX_POINT('',#3293);
#1614=VERTEX_POINT('',#3295);
#1615=VERTEX_POINT('',#3297);
#1616=VERTEX_POINT('',#3301);
#1617=VERTEX_POINT('',#3303);
#1618=VERTEX_POINT('',#3304);
#1619=VERTEX_POINT('',#3306);
#1620=VERTEX_POINT('',#3308);
#1621=VERTEX_POINT('',#3310);
#1622=VERTEX_POINT('',#3312);
#1623=VERTEX_POINT('',#3314);
#1624=VERTEX_POINT('',#3316);
#1625=VERTEX_POINT('',#3318);
#1626=VERTEX_POINT('',#3320);
#1627=VERTEX_POINT('',#3322);
#1628=VERTEX_POINT('',#3324);
#1629=VERTEX_POINT('',#3326);
#1630=VERTEX_POINT('',#3328);
#1631=VERTEX_POINT('',#3330);
#1632=VERTEX_POINT('',#3332);
#1633=VERTEX_POINT('',#3334);
#1634=VERTEX_POINT('',#3336);
#1635=VERTEX_POINT('',#3339);
#1636=VERTEX_POINT('',#3341);
#1637=VERTEX_POINT('',#3343);
#1638=VERTEX_POINT('',#3345);
#1639=VERTEX_POINT('',#3347);
#1640=VERTEX_POINT('',#3349);
#1641=VERTEX_POINT('',#3351);
#1642=VERTEX_POINT('',#3353);
#1643=VERTEX_POINT('',#3357);
#1644=VERTEX_POINT('',#3359);
#1645=VERTEX_POINT('',#3361);
#1646=VERTEX_POINT('',#3363);
#1647=VERTEX_POINT('',#3365);
#1648=VERTEX_POINT('',#3367);
#1649=VERTEX_POINT('',#3369);
#1650=VERTEX_POINT('',#3370);
#1651=VERTEX_POINT('',#3372);
#1652=VERTEX_POINT('',#3374);
#1653=VERTEX_POINT('',#3376);
#1654=VERTEX_POINT('',#3378);
#1655=VERTEX_POINT('',#3380);
#1656=VERTEX_POINT('',#3382);
#1657=VERTEX_POINT('',#3384);
#1658=VERTEX_POINT('',#3386);
#1659=VERTEX_POINT('',#3388);
#1660=VERTEX_POINT('',#3390);
#1661=VERTEX_POINT('',#3392);
#1662=VERTEX_POINT('',#3394);
#1663=VERTEX_POINT('',#3396);
#1664=VERTEX_POINT('',#3398);
#1665=VERTEX_POINT('',#3400);
#1666=VERTEX_POINT('',#3402);
#1667=VERTEX_POINT('',#3404);
#1668=VERTEX_POINT('',#3407);
#1669=VERTEX_POINT('',#3409);
#1670=VERTEX_POINT('',#3411);
#1671=VERTEX_POINT('',#3413);
#1672=VERTEX_POINT('',#3415);
#1673=VERTEX_POINT('',#3417);
#1674=VERTEX_POINT('',#3419);
#1675=VERTEX_POINT('',#3421);
#1676=VERTEX_POINT('',#3423);
#1677=VERTEX_POINT('',#3425);
#1678=VERTEX_POINT('',#3427);
#1679=VERTEX_POINT('',#3429);
#1680=VERTEX_POINT('',#3431);
#1681=VERTEX_POINT('',#3433);
#1682=VERTEX_POINT('',#3435);
#1683=VERTEX_POINT('',#3437);
#1684=VERTEX_POINT('',#3444);
#1685=VERTEX_POINT('',#3446);
#1686=VERTEX_POINT('',#3448);
#1687=VERTEX_POINT('',#3449);
#1688=VERTEX_POINT('',#3451);
#1689=VERTEX_POINT('',#3453);
#1690=VERTEX_POINT('',#3455);
#1691=VERTEX_POINT('',#3457);
#1692=VERTEX_POINT('',#3459);
#1693=VERTEX_POINT('',#3461);
#1694=VERTEX_POINT('',#3463);
#1695=VERTEX_POINT('',#3553);
#1696=VERTEX_POINT('',#3556);
#1697=VERTEX_POINT('',#3578);
#1698=VERTEX_POINT('',#3579);
#1699=VERTEX_POINT('',#3581);
#1700=VERTEX_POINT('',#3583);
#1701=VERTEX_POINT('',#3585);
#1702=VERTEX_POINT('',#3587);
#1703=VERTEX_POINT('',#3591);
#1704=VERTEX_POINT('',#3592);
#1705=VERTEX_POINT('',#3594);
#1706=VERTEX_POINT('',#3596);
#1707=VERTEX_POINT('',#3598);
#1708=VERTEX_POINT('',#3600);
#1709=VERTEX_POINT('',#3604);
#1710=VERTEX_POINT('',#3605);
#1711=VERTEX_POINT('',#3607);
#1712=VERTEX_POINT('',#3609);
#1713=VERTEX_POINT('',#3613);
#1714=VERTEX_POINT('',#3615);
#1715=VERTEX_POINT('',#3619);
#1716=VERTEX_POINT('',#3621);
#1717=VERTEX_POINT('',#3625);
#1718=VERTEX_POINT('',#3627);
#1719=VERTEX_POINT('',#3631);
#1720=VERTEX_POINT('',#3633);
#1721=VERTEX_POINT('',#3640);
#1722=VERTEX_POINT('',#3656);
#1723=VERTEX_POINT('',#3657);
#1724=VERTEX_POINT('',#3659);
#1725=VERTEX_POINT('',#3661);
#1726=VERTEX_POINT('',#3663);
#1727=VERTEX_POINT('',#3665);
#1728=VERTEX_POINT('',#3669);
#1729=VERTEX_POINT('',#3670);
#1730=VERTEX_POINT('',#3672);
#1731=VERTEX_POINT('',#3674);
#1732=VERTEX_POINT('',#3679);
#1733=VERTEX_POINT('',#3681);
#1734=VERTEX_POINT('',#3685);
#1735=VERTEX_POINT('',#3690);
#1736=VERTEX_POINT('',#3694);
#1737=VERTEX_POINT('',#3695);
#1738=VERTEX_POINT('',#3700);
#1739=VERTEX_POINT('',#3702);
#1740=VERTEX_POINT('',#3735);
#1741=VERTEX_POINT('',#3736);
#1742=VERTEX_POINT('',#3738);
#1743=VERTEX_POINT('',#3740);
#1744=VERTEX_POINT('',#3742);
#1745=VERTEX_POINT('',#3744);
#1746=VERTEX_POINT('',#3760);
#1747=VERTEX_POINT('',#3761);
#1748=VERTEX_POINT('',#3763);
#1749=VERTEX_POINT('',#3765);
#1750=VERTEX_POINT('',#3767);
#1751=VERTEX_POINT('',#3769);
#1752=CIRCLE('',#2311,0.00255);
#1753=CIRCLE('',#2312,0.00255);
#1754=CIRCLE('',#2314,0.00255);
#1755=CIRCLE('',#2315,0.00255);
#1756=CIRCLE('',#2317,0.0025527);
#1757=CIRCLE('',#2318,0.0025527);
#1758=CIRCLE('',#2319,0.0025527);
#1759=CIRCLE('',#2320,0.0025527);
#1760=CIRCLE('',#2321,0.0025527);
#1761=CIRCLE('',#2322,0.0025527);
#1762=CIRCLE('',#2323,0.0025527);
#1763=CIRCLE('',#2324,0.0872365061711804);
#1764=CIRCLE('',#2325,0.0872365061711804);
#1765=CIRCLE('',#2327,0.0872365061711804);
#1766=CIRCLE('',#2328,0.0872365061711804);
#1767=CIRCLE('',#2329,0.0872365061711804);
#1768=CIRCLE('',#2330,0.0872365061711804);
#1769=CIRCLE('',#2331,0.0872365061711804);
#1770=CIRCLE('',#2335,0.0908306061711804);
#1771=CIRCLE('',#2338,0.0025527);
#1772=CIRCLE('',#2339,0.0025527);
#1773=CIRCLE('',#2342,0.0025527);
#1774=CIRCLE('',#2343,0.0025527);
#1775=CIRCLE('',#2345,0.01492);
#1776=CIRCLE('',#2346,0.01492);
#1777=CIRCLE('',#2348,0.0025527);
#1778=CIRCLE('',#2350,0.0025527);
#1779=CIRCLE('',#2351,0.0025527);
#1780=CIRCLE('',#2352,0.0025527);
#1781=CIRCLE('',#2353,0.0025527);
#1782=CIRCLE('',#2354,0.0025527);
#1783=CIRCLE('',#2355,0.0025527);
#1784=CIRCLE('',#2358,0.0025527);
#1785=CIRCLE('',#2359,0.0025527);
#1786=CIRCLE('',#2365,0.00450000000000728);
#1787=CIRCLE('',#2367,0.0135);
#1788=CIRCLE('',#2368,0.0175000000006601);
#1789=CIRCLE('',#2370,0.0135);
#1790=CIRCLE('',#2371,0.0175000000006601);
#1791=CIRCLE('',#2374,0.0135);
#1792=CIRCLE('',#2375,0.0175000000006601);
#1793=CIRCLE('',#2377,0.0135);
#1794=CIRCLE('',#2378,0.0175000000006601);
#1795=CIRCLE('',#2381,0.009);
#1796=CIRCLE('',#2383,0.011);
#1797=CIRCLE('',#2385,0.0135);
#1798=CIRCLE('',#2387,0.00450000000000728);
#1799=CIRCLE('',#2389,0.00450000000000728);
#1800=CIRCLE('',#2390,0.00775);
#1801=CIRCLE('',#2392,0.00775);
#1802=CIRCLE('',#2394,0.009);
#1803=CIRCLE('',#2398,0.0135);
#1804=CIRCLE('',#2400,0.00600041661053024);
#1805=CIRCLE('',#2402,0.011);
#1806=CIRCLE('',#2403,0.009);
#1807=CIRCLE('',#2405,0.009);
#1808=CIRCLE('',#2407,0.00775);
#1809=CIRCLE('',#2409,0.00775);
#1810=CIRCLE('',#2411,0.00450000000000728);
#1811=CIRCLE('',#2425,0.0025527);
#1812=CIRCLE('',#2427,0.0025527);
#1813=CIRCLE('',#2436,0.0195500000005909);
#1814=CIRCLE('',#2438,0.0195500000005909);
#1815=CIRCLE('',#2440,0.00600041661053024);
#1816=CIRCLE('',#2456,0.0028067);
#1817=CIRCLE('',#2470,0.0028067);
#1818=CIRCLE('',#2471,0.0874905061711804);
#1819=EDGE_LOOP('',(#594));
#1820=EDGE_LOOP('',(#595));
#1821=EDGE_LOOP('',(#596));
#1822=EDGE_LOOP('',(#597));
#1823=EDGE_LOOP('',(#598));
#1824=EDGE_LOOP('',(#599));
#1825=EDGE_LOOP('',(#600));
#1826=EDGE_LOOP('',(#601));
#1827=EDGE_LOOP('',(#602));
#1828=EDGE_LOOP('',(#603));
#1829=EDGE_LOOP('',(#604));
#1830=EDGE_LOOP('',(#605,#606,#607,#608));
#1831=EDGE_LOOP('',(#609,#610,#611,#612,#613,#614,#615,#616,#617,#618,#619,
#620,#621,#622,#623,#624,#625,#626,#627,#628,#629,#630));
#1832=EDGE_LOOP('',(#631,#632,#633,#634,#635,#636,#637,#638,#639,#640,#641,
#642,#643,#644));
#1833=EDGE_LOOP('',(#645,#646,#647,#648,#649,#650));
#1834=EDGE_LOOP('',(#651,#652,#653,#654,#655,#656));
#1835=EDGE_LOOP('',(#657,#658,#659,#660,#661,#662,#663));
#1836=EDGE_LOOP('',(#664,#665,#666,#667,#668,#669));
#1837=EDGE_LOOP('',(#670));
#1838=EDGE_LOOP('',(#671));
#1839=EDGE_LOOP('',(#672,#673,#674,#675,#676,#677));
#1840=EDGE_LOOP('',(#678,#679,#680,#681));
#1841=EDGE_LOOP('',(#682));
#1842=EDGE_LOOP('',(#683));
#1843=EDGE_LOOP('',(#684,#685,#686,#687));
#1844=EDGE_LOOP('',(#688));
#1845=EDGE_LOOP('',(#689));
#1846=EDGE_LOOP('',(#690,#691,#692,#693,#694,#695,#696,#697,#698,#699,#700,
#701,#702,#703,#704,#705,#706,#707,#708,#709,#710,#711,#712,#713,#714,#715,
#716,#717));
#1847=EDGE_LOOP('',(#718));
#1848=EDGE_LOOP('',(#719));
#1849=EDGE_LOOP('',(#720));
#1850=EDGE_LOOP('',(#721));
#1851=EDGE_LOOP('',(#722));
#1852=EDGE_LOOP('',(#723));
#1853=EDGE_LOOP('',(#724));
#1854=EDGE_LOOP('',(#725,#726,#727,#728,#729,#730,#731,#732,#733,#734,#735,
#736,#737,#738,#739,#740,#741,#742,#743,#744,#745,#746,#747,#748,#749,#750,
#751,#752,#753,#754,#755,#756,#757,#758,#759,#760,#761));
#1855=EDGE_LOOP('',(#762,#763,#764,#765));
#1856=EDGE_LOOP('',(#766));
#1857=EDGE_LOOP('',(#767));
#1858=EDGE_LOOP('',(#768,#769,#770,#771,#772,#773,#774,#775,#776,#777,#778));
#1859=EDGE_LOOP('',(#779,#780,#781,#782));
#1860=EDGE_LOOP('',(#783,#784,#785,#786));
#1861=EDGE_LOOP('',(#787,#788,#789,#790));
#1862=EDGE_LOOP('',(#791,#792,#793,#794));
#1863=EDGE_LOOP('',(#795,#796,#797,#798,#799,#800));
#1864=EDGE_LOOP('',(#801,#802,#803,#804));
#1865=EDGE_LOOP('',(#805,#806,#807,#808));
#1866=EDGE_LOOP('',(#809,#810,#811,#812));
#1867=EDGE_LOOP('',(#813,#814,#815,#816));
#1868=EDGE_LOOP('',(#817,#818,#819,#820));
#1869=EDGE_LOOP('',(#821,#822,#823,#824));
#1870=EDGE_LOOP('',(#825,#826,#827,#828,#829,#830));
#1871=EDGE_LOOP('',(#831,#832,#833,#834,#835,#836));
#1872=EDGE_LOOP('',(#837,#838,#839,#840));
#1873=EDGE_LOOP('',(#841,#842,#843,#844));
#1874=EDGE_LOOP('',(#845,#846,#847,#848));
#1875=EDGE_LOOP('',(#849,#850,#851,#852));
#1876=EDGE_LOOP('',(#853,#854,#855,#856));
#1877=EDGE_LOOP('',(#857,#858,#859,#860));
#1878=EDGE_LOOP('',(#861,#862,#863,#864));
#1879=EDGE_LOOP('',(#865,#866,#867,#868));
#1880=EDGE_LOOP('',(#869,#870,#871,#872));
#1881=EDGE_LOOP('',(#873,#874,#875,#876));
#1882=EDGE_LOOP('',(#877,#878,#879,#880));
#1883=EDGE_LOOP('',(#881,#882,#883,#884));
#1884=EDGE_LOOP('',(#885,#886,#887,#888));
#1885=EDGE_LOOP('',(#889,#890,#891,#892));
#1886=EDGE_LOOP('',(#893,#894,#895,#896));
#1887=EDGE_LOOP('',(#897,#898,#899,#900,#901));
#1888=EDGE_LOOP('',(#902,#903,#904,#905));
#1889=EDGE_LOOP('',(#906,#907,#908,#909));
#1890=EDGE_LOOP('',(#910,#911,#912,#913,#914));
#1891=EDGE_LOOP('',(#915,#916,#917,#918));
#1892=EDGE_LOOP('',(#919,#920,#921,#922));
#1893=EDGE_LOOP('',(#923,#924,#925,#926,#927));
#1894=EDGE_LOOP('',(#928,#929,#930,#931));
#1895=EDGE_LOOP('',(#932,#933,#934,#935));
#1896=EDGE_LOOP('',(#936,#937,#938,#939));
#1897=EDGE_LOOP('',(#940,#941,#942,#943));
#1898=EDGE_LOOP('',(#944));
#1899=EDGE_LOOP('',(#945));
#1900=EDGE_LOOP('',(#946));
#1901=EDGE_LOOP('',(#947));
#1902=EDGE_LOOP('',(#948));
#1903=EDGE_LOOP('',(#949));
#1904=EDGE_LOOP('',(#950));
#1905=EDGE_LOOP('',(#951));
#1906=EDGE_LOOP('',(#952));
#1907=EDGE_LOOP('',(#953));
#1908=EDGE_LOOP('',(#954));
#1909=EDGE_LOOP('',(#955));
#1910=EDGE_LOOP('',(#956));
#1911=EDGE_LOOP('',(#957));
#1912=EDGE_LOOP('',(#958));
#1913=EDGE_LOOP('',(#959));
#1914=EDGE_LOOP('',(#960));
#1915=EDGE_LOOP('',(#961));
#1916=EDGE_LOOP('',(#962));
#1917=EDGE_LOOP('',(#963));
#1918=EDGE_LOOP('',(#964,#965,#966,#967,#968,#969));
#1919=EDGE_LOOP('',(#970,#971,#972,#973));
#1920=EDGE_LOOP('',(#974,#975,#976,#977));
#1921=EDGE_LOOP('',(#978,#979,#980,#981));
#1922=EDGE_LOOP('',(#982,#983,#984,#985));
#1923=EDGE_LOOP('',(#986,#987,#988,#989));
#1924=EDGE_LOOP('',(#990,#991,#992,#993));
#1925=EDGE_LOOP('',(#994));
#1926=EDGE_LOOP('',(#995));
#1927=EDGE_LOOP('',(#996,#997,#998,#999,#1000,#1001));
#1928=EDGE_LOOP('',(#1002,#1003,#1004,#1005));
#1929=EDGE_LOOP('',(#1006,#1007,#1008,#1009,#1010,#1011));
#1930=EDGE_LOOP('',(#1012,#1013,#1014,#1015));
#1931=EDGE_LOOP('',(#1016,#1017,#1018,#1019));
#1932=EDGE_LOOP('',(#1020,#1021,#1022,#1023));
#1933=EDGE_LOOP('',(#1024,#1025,#1026,#1027));
#1934=EDGE_LOOP('',(#1028,#1029,#1030,#1031));
#1935=EDGE_LOOP('',(#1032,#1033,#1034,#1035));
#1936=EDGE_LOOP('',(#1036,#1037,#1038,#1039));
#1937=EDGE_LOOP('',(#1040));
#1938=EDGE_LOOP('',(#1041,#1042,#1043,#1044,#1045,#1046));
#1939=EDGE_LOOP('',(#1047,#1048,#1049,#1050));
#1940=EDGE_LOOP('',(#1051,#1052,#1053,#1054));
#1941=EDGE_LOOP('',(#1055,#1056,#1057,#1058));
#1942=EDGE_LOOP('',(#1059,#1060,#1061,#1062));
#1943=EDGE_LOOP('',(#1063,#1064,#1065,#1066));
#1944=EDGE_LOOP('',(#1067,#1068,#1069,#1070));
#1945=EDGE_LOOP('',(#1071));
#1946=EDGE_LOOP('',(#1072));
#1947=EDGE_LOOP('',(#1073,#1074,#1075,#1076,#1077,#1078));
#1948=EDGE_LOOP('',(#1079,#1080,#1081,#1082,#1083,#1084));
#1949=EDGE_LOOP('',(#1085,#1086,#1087,#1088));
#1950=EDGE_LOOP('',(#1089,#1090,#1091,#1092));
#1951=EDGE_LOOP('',(#1093,#1094,#1095,#1096));
#1952=EDGE_LOOP('',(#1097));
#1953=EDGE_LOOP('',(#1098,#1099,#1100,#1101,#1102,#1103,#1104));
#1954=EDGE_LOOP('',(#1105,#1106,#1107,#1108,#1109));
#1955=EDGE_LOOP('',(#1110,#1111,#1112,#1113));
#1956=EDGE_LOOP('',(#1114,#1115,#1116,#1117));
#1957=EDGE_LOOP('',(#1118,#1119,#1120,#1121));
#1958=EDGE_LOOP('',(#1122,#1123,#1124,#1125,#1126));
#1959=EDGE_LOOP('',(#1127,#1128,#1129,#1130,#1131,#1132,#1133));
#1960=EDGE_LOOP('',(#1134,#1135,#1136,#1137,#1138));
#1961=EDGE_LOOP('',(#1139,#1140,#1141,#1142,#1143,#1144));
#1962=EDGE_LOOP('',(#1145,#1146,#1147,#1148));
#1963=EDGE_LOOP('',(#1149,#1150,#1151,#1152));
#1964=EDGE_LOOP('',(#1153,#1154,#1155,#1156,#1157));
#1965=EDGE_LOOP('',(#1158));
#1966=EDGE_LOOP('',(#1159));
#1967=EDGE_LOOP('',(#1160,#1161,#1162,#1163,#1164,#1165));
#1968=EDGE_LOOP('',(#1166));
#1969=EDGE_LOOP('',(#1167,#1168,#1169,#1170));
#1970=EDGE_LOOP('',(#1171,#1172,#1173,#1174));
#1971=EDGE_LOOP('',(#1175,#1176,#1177,#1178));
#1972=EDGE_LOOP('',(#1179,#1180,#1181,#1182));
#1973=EDGE_LOOP('',(#1183,#1184,#1185,#1186));
#1974=EDGE_LOOP('',(#1187,#1188,#1189,#1190));
#1975=EDGE_LOOP('',(#1191,#1192,#1193,#1194,#1195,#1196));
#1976=EDGE_LOOP('',(#1197));
#1977=EDGE_LOOP('',(#1198,#1199,#1200,#1201));
#1978=EDGE_LOOP('',(#1202,#1203,#1204,#1205));
#1979=EDGE_LOOP('',(#1206,#1207,#1208,#1209));
#1980=EDGE_LOOP('',(#1210,#1211,#1212,#1213));
#1981=EDGE_LOOP('',(#1214,#1215,#1216,#1217));
#1982=EDGE_LOOP('',(#1218,#1219,#1220,#1221));
#1983=FACE_BOUND('',#1819,.T.);
#1984=FACE_BOUND('',#1820,.T.);
#1985=FACE_BOUND('',#1821,.T.);
#1986=FACE_BOUND('',#1822,.T.);
#1987=FACE_BOUND('',#1823,.T.);
#1988=FACE_BOUND('',#1824,.T.);
#1989=FACE_BOUND('',#1825,.T.);
#1990=FACE_BOUND('',#1826,.T.);
#1991=FACE_BOUND('',#1827,.T.);
#1992=FACE_BOUND('',#1828,.T.);
#1993=FACE_BOUND('',#1829,.T.);
#1994=FACE_BOUND('',#1830,.T.);
#1995=FACE_BOUND('',#1831,.T.);
#1996=FACE_BOUND('',#1832,.T.);
#1997=FACE_BOUND('',#1833,.T.);
#1998=FACE_BOUND('',#1834,.T.);
#1999=FACE_BOUND('',#1835,.T.);
#2000=FACE_BOUND('',#1836,.T.);
#2001=FACE_BOUND('',#1837,.T.);
#2002=FACE_BOUND('',#1838,.T.);
#2003=FACE_BOUND('',#1839,.T.);
#2004=FACE_BOUND('',#1840,.T.);
#2005=FACE_BOUND('',#1841,.T.);
#2006=FACE_BOUND('',#1842,.T.);
#2007=FACE_BOUND('',#1843,.T.);
#2008=FACE_BOUND('',#1844,.T.);
#2009=FACE_BOUND('',#1845,.T.);
#2010=FACE_BOUND('',#1846,.T.);
#2011=FACE_BOUND('',#1847,.T.);
#2012=FACE_BOUND('',#1848,.T.);
#2013=FACE_BOUND('',#1849,.T.);
#2014=FACE_BOUND('',#1850,.T.);
#2015=FACE_BOUND('',#1851,.T.);
#2016=FACE_BOUND('',#1852,.T.);
#2017=FACE_BOUND('',#1853,.T.);
#2018=FACE_BOUND('',#1854,.T.);
#2019=FACE_BOUND('',#1855,.T.);
#2020=FACE_BOUND('',#1856,.T.);
#2021=FACE_BOUND('',#1857,.T.);
#2022=FACE_BOUND('',#1858,.T.);
#2023=FACE_BOUND('',#1859,.T.);
#2024=FACE_BOUND('',#1860,.T.);
#2025=FACE_BOUND('',#1861,.T.);
#2026=FACE_BOUND('',#1862,.T.);
#2027=FACE_BOUND('',#1863,.T.);
#2028=FACE_BOUND('',#1864,.T.);
#2029=FACE_BOUND('',#1865,.T.);
#2030=FACE_BOUND('',#1866,.T.);
#2031=FACE_BOUND('',#1867,.T.);
#2032=FACE_BOUND('',#1868,.T.);
#2033=FACE_BOUND('',#1869,.T.);
#2034=FACE_BOUND('',#1870,.T.);
#2035=FACE_BOUND('',#1871,.T.);
#2036=FACE_BOUND('',#1872,.T.);
#2037=FACE_BOUND('',#1873,.T.);
#2038=FACE_BOUND('',#1874,.T.);
#2039=FACE_BOUND('',#1875,.T.);
#2040=FACE_BOUND('',#1876,.T.);
#2041=FACE_BOUND('',#1877,.T.);
#2042=FACE_BOUND('',#1878,.T.);
#2043=FACE_BOUND('',#1879,.T.);
#2044=FACE_BOUND('',#1880,.T.);
#2045=FACE_BOUND('',#1881,.T.);
#2046=FACE_BOUND('',#1882,.T.);
#2047=FACE_BOUND('',#1883,.T.);
#2048=FACE_BOUND('',#1884,.T.);
#2049=FACE_BOUND('',#1885,.T.);
#2050=FACE_BOUND('',#1886,.T.);
#2051=FACE_BOUND('',#1887,.T.);
#2052=FACE_BOUND('',#1888,.T.);
#2053=FACE_BOUND('',#1889,.T.);
#2054=FACE_BOUND('',#1890,.T.);
#2055=FACE_BOUND('',#1891,.T.);
#2056=FACE_BOUND('',#1892,.T.);
#2057=FACE_BOUND('',#1893,.T.);
#2058=FACE_BOUND('',#1894,.T.);
#2059=FACE_BOUND('',#1895,.T.);
#2060=FACE_BOUND('',#1896,.T.);
#2061=FACE_BOUND('',#1897,.T.);
#2062=FACE_BOUND('',#1898,.T.);
#2063=FACE_BOUND('',#1899,.T.);
#2064=FACE_BOUND('',#1900,.T.);
#2065=FACE_BOUND('',#1901,.T.);
#2066=FACE_BOUND('',#1902,.T.);
#2067=FACE_BOUND('',#1903,.T.);
#2068=FACE_BOUND('',#1904,.T.);
#2069=FACE_BOUND('',#1905,.T.);
#2070=FACE_BOUND('',#1906,.T.);
#2071=FACE_BOUND('',#1907,.T.);
#2072=FACE_BOUND('',#1908,.T.);
#2073=FACE_BOUND('',#1909,.T.);
#2074=FACE_BOUND('',#1910,.T.);
#2075=FACE_BOUND('',#1911,.T.);
#2076=FACE_BOUND('',#1912,.T.);
#2077=FACE_BOUND('',#1913,.T.);
#2078=FACE_BOUND('',#1914,.T.);
#2079=FACE_BOUND('',#1915,.T.);
#2080=FACE_BOUND('',#1916,.T.);
#2081=FACE_BOUND('',#1917,.T.);
#2082=FACE_BOUND('',#1918,.T.);
#2083=FACE_BOUND('',#1919,.T.);
#2084=FACE_BOUND('',#1920,.T.);
#2085=FACE_BOUND('',#1921,.T.);
#2086=FACE_BOUND('',#1922,.T.);
#2087=FACE_BOUND('',#1923,.T.);
#2088=FACE_BOUND('',#1924,.T.);
#2089=FACE_BOUND('',#1925,.T.);
#2090=FACE_BOUND('',#1926,.T.);
#2091=FACE_BOUND('',#1927,.T.);
#2092=FACE_BOUND('',#1928,.T.);
#2093=FACE_BOUND('',#1929,.T.);
#2094=FACE_BOUND('',#1930,.T.);
#2095=FACE_BOUND('',#1931,.T.);
#2096=FACE_BOUND('',#1932,.T.);
#2097=FACE_BOUND('',#1933,.T.);
#2098=FACE_BOUND('',#1934,.T.);
#2099=FACE_BOUND('',#1935,.T.);
#2100=FACE_BOUND('',#1936,.T.);
#2101=FACE_BOUND('',#1937,.T.);
#2102=FACE_BOUND('',#1938,.T.);
#2103=FACE_BOUND('',#1939,.T.);
#2104=FACE_BOUND('',#1940,.T.);
#2105=FACE_BOUND('',#1941,.T.);
#2106=FACE_BOUND('',#1942,.T.);
#2107=FACE_BOUND('',#1943,.T.);
#2108=FACE_BOUND('',#1944,.T.);
#2109=FACE_BOUND('',#1945,.T.);
#2110=FACE_BOUND('',#1946,.T.);
#2111=FACE_BOUND('',#1947,.T.);
#2112=FACE_BOUND('',#1948,.T.);
#2113=FACE_BOUND('',#1949,.T.);
#2114=FACE_BOUND('',#1950,.T.);
#2115=FACE_BOUND('',#1951,.T.);
#2116=FACE_BOUND('',#1952,.T.);
#2117=FACE_BOUND('',#1953,.T.);
#2118=FACE_BOUND('',#1954,.T.);
#2119=FACE_BOUND('',#1955,.T.);
#2120=FACE_BOUND('',#1956,.T.);
#2121=FACE_BOUND('',#1957,.T.);
#2122=FACE_BOUND('',#1958,.T.);
#2123=FACE_BOUND('',#1959,.T.);
#2124=FACE_BOUND('',#1960,.T.);
#2125=FACE_BOUND('',#1961,.T.);
#2126=FACE_BOUND('',#1962,.T.);
#2127=FACE_BOUND('',#1963,.T.);
#2128=FACE_BOUND('',#1964,.T.);
#2129=FACE_BOUND('',#1965,.T.);
#2130=FACE_BOUND('',#1966,.T.);
#2131=FACE_BOUND('',#1967,.T.);
#2132=FACE_BOUND('',#1968,.T.);
#2133=FACE_BOUND('',#1969,.T.);
#2134=FACE_BOUND('',#1970,.T.);
#2135=FACE_BOUND('',#1971,.T.);
#2136=FACE_BOUND('',#1972,.T.);
#2137=FACE_BOUND('',#1973,.T.);
#2138=FACE_BOUND('',#1974,.T.);
#2139=FACE_BOUND('',#1975,.T.);
#2140=FACE_BOUND('',#1976,.T.);
#2141=FACE_BOUND('',#1977,.T.);
#2142=FACE_BOUND('',#1978,.T.);
#2143=FACE_BOUND('',#1979,.T.);
#2144=FACE_BOUND('',#1980,.T.);
#2145=FACE_BOUND('',#1981,.T.);
#2146=FACE_BOUND('',#1982,.T.);
#2147=CYLINDRICAL_SURFACE('',#2310,0.00255);
#2148=CYLINDRICAL_SURFACE('',#2313,0.00255);
#2149=CYLINDRICAL_SURFACE('',#2326,0.0872365061711804);
#2150=CYLINDRICAL_SURFACE('',#2337,0.0025527);
#2151=CYLINDRICAL_SURFACE('',#2341,0.0025527);
#2152=CYLINDRICAL_SURFACE('',#2344,0.01492);
#2153=CYLINDRICAL_SURFACE('',#2372,0.0175000000006601);
#2154=CYLINDRICAL_SURFACE('',#2379,0.0175000000006601);
#2155=CYLINDRICAL_SURFACE('',#2384,0.0135);
#2156=CYLINDRICAL_SURFACE('',#2391,0.00775);
#2157=CYLINDRICAL_SURFACE('',#2395,0.009);
#2158=CYLINDRICAL_SURFACE('',#2396,0.0135);
#2159=CYLINDRICAL_SURFACE('',#2397,0.0135);
#2160=CYLINDRICAL_SURFACE('',#2404,0.009);
#2161=CYLINDRICAL_SURFACE('',#2408,0.00775);
#2162=CYLINDRICAL_SURFACE('',#2412,0.011);
#2163=CYLINDRICAL_SURFACE('',#2424,0.0025527);
#2164=CYLINDRICAL_SURFACE('',#2426,0.0025527);
#2165=CYLINDRICAL_SURFACE('',#2428,0.0025527);
#2166=CYLINDRICAL_SURFACE('',#2429,0.0025527);
#2167=CYLINDRICAL_SURFACE('',#2430,0.0025527);
#2168=CYLINDRICAL_SURFACE('',#2431,0.0025527);
#2169=CYLINDRICAL_SURFACE('',#2432,0.0025527);
#2170=CYLINDRICAL_SURFACE('',#2433,0.0025527);
#2171=CYLINDRICAL_SURFACE('',#2434,0.0025527);
#2172=CYLINDRICAL_SURFACE('',#2437,0.0195500000005909);
#2173=CYLINDRICAL_SURFACE('',#2441,0.00600041661053024);
#2174=CYLINDRICAL_SURFACE('',#2443,0.00450000000000728);
#2175=CYLINDRICAL_SURFACE('',#2444,0.00450000000000728);
#2176=ADVANCED_FACE('',(#1983,#1984),#2147,.F.);
#2177=ADVANCED_FACE('',(#1985,#1986),#2148,.F.);
#2178=ADVANCED_FACE('',(#1987,#1988,#1989,#1990,#1991,#1992,#1993,#1994,
#1995),#505,.F.);
#2179=ADVANCED_FACE('',(#1996),#2149,.F.);
#2180=ADVANCED_FACE('',(#1997),#506,.T.);
#2181=ADVANCED_FACE('',(#1998),#507,.T.);
#2182=ADVANCED_FACE('',(#1999),#508,.T.);
#2183=ADVANCED_FACE('',(#2000),#509,.T.);
#2184=ADVANCED_FACE('',(#2001,#2002),#2150,.F.);
#2185=ADVANCED_FACE('',(#2003,#2004),#510,.T.);
#2186=ADVANCED_FACE('',(#2005,#2006),#2151,.F.);
#2187=ADVANCED_FACE('',(#2007),#2152,.F.);
#2188=ADVANCED_FACE('',(#2008,#2009,#2010),#511,.F.);
#2189=ADVANCED_FACE('',(#2011,#2012,#2013,#2014,#2015,#2016,#2017,#2018),
#512,.F.);
#2190=ADVANCED_FACE('',(#2019),#513,.T.);
#2191=ADVANCED_FACE('',(#2020,#2021,#2022),#514,.F.);
#2192=ADVANCED_FACE('',(#2023),#515,.T.);
#2193=ADVANCED_FACE('',(#2024),#516,.T.);
#2194=ADVANCED_FACE('',(#2025),#517,.T.);
#2195=ADVANCED_FACE('',(#2026),#518,.F.);
#2196=ADVANCED_FACE('',(#2027),#519,.T.);
#2197=ADVANCED_FACE('',(#2028),#520,.F.);
#2198=ADVANCED_FACE('',(#2029),#521,.F.);
#2199=ADVANCED_FACE('',(#2030),#2153,.F.);
#2200=ADVANCED_FACE('',(#2031),#522,.T.);
#2201=ADVANCED_FACE('',(#2032),#523,.T.);
#2202=ADVANCED_FACE('',(#2033),#2154,.F.);
#2203=ADVANCED_FACE('',(#2034),#524,.F.);
#2204=ADVANCED_FACE('',(#2035),#525,.T.);
#2205=ADVANCED_FACE('',(#2036),#2155,.F.);
#2206=ADVANCED_FACE('',(#2037),#526,.F.);
#2207=ADVANCED_FACE('',(#2038),#527,.T.);
#2208=ADVANCED_FACE('',(#2039),#2156,.F.);
#2209=ADVANCED_FACE('',(#2040),#528,.T.);
#2210=ADVANCED_FACE('',(#2041),#2157,.F.);
#2211=ADVANCED_FACE('',(#2042),#2158,.F.);
#2212=ADVANCED_FACE('',(#2043),#2159,.F.);
#2213=ADVANCED_FACE('',(#2044),#529,.T.);
#2214=ADVANCED_FACE('',(#2045),#530,.F.);
#2215=ADVANCED_FACE('',(#2046),#2160,.F.);
#2216=ADVANCED_FACE('',(#2047),#531,.F.);
#2217=ADVANCED_FACE('',(#2048),#2161,.F.);
#2218=ADVANCED_FACE('',(#2049),#532,.F.);
#2219=ADVANCED_FACE('',(#2050),#2162,.F.);
#2220=ADVANCED_FACE('',(#2051),#533,.F.);
#2221=ADVANCED_FACE('',(#2052),#534,.F.);
#2222=ADVANCED_FACE('',(#2053),#535,.T.);
#2223=ADVANCED_FACE('',(#2054),#536,.T.);
#2224=ADVANCED_FACE('',(#2055),#537,.F.);
#2225=ADVANCED_FACE('',(#2056),#538,.T.);
#2226=ADVANCED_FACE('',(#2057),#539,.F.);
#2227=ADVANCED_FACE('',(#2058),#540,.T.);
#2228=ADVANCED_FACE('',(#2059),#541,.T.);
#2229=ADVANCED_FACE('',(#2060),#542,.F.);
#2230=ADVANCED_FACE('',(#2061),#543,.T.);
#2231=ADVANCED_FACE('',(#2062,#2063),#2163,.F.);
#2232=ADVANCED_FACE('',(#2064,#2065),#2164,.F.);
#2233=ADVANCED_FACE('',(#2066,#2067),#2165,.F.);
#2234=ADVANCED_FACE('',(#2068,#2069),#2166,.F.);
#2235=ADVANCED_FACE('',(#2070,#2071),#2167,.F.);
#2236=ADVANCED_FACE('',(#2072,#2073),#2168,.F.);
#2237=ADVANCED_FACE('',(#2074,#2075),#2169,.F.);
#2238=ADVANCED_FACE('',(#2076,#2077),#2170,.F.);
#2239=ADVANCED_FACE('',(#2078,#2079),#2171,.F.);
#2240=ADVANCED_FACE('',(#2080,#2081,#2082),#544,.F.);
#2241=ADVANCED_FACE('',(#2083),#2172,.F.);
#2242=ADVANCED_FACE('',(#2084),#545,.F.);
#2243=ADVANCED_FACE('',(#2085),#2173,.F.);
#2244=ADVANCED_FACE('',(#2086),#546,.F.);
#2245=ADVANCED_FACE('',(#2087),#2174,.F.);
#2246=ADVANCED_FACE('',(#2088),#2175,.F.);
#2247=ADVANCED_FACE('',(#2089),#547,.F.);
#2248=ADVANCED_FACE('',(#2090),#548,.F.);
#2249=ADVANCED_FACE('',(#2091,#2092),#549,.T.);
#2250=ADVANCED_FACE('',(#2093,#2094),#550,.T.);
#2251=ADVANCED_FACE('',(#2095),#551,.T.);
#2252=ADVANCED_FACE('',(#2096),#552,.T.);
#2253=ADVANCED_FACE('',(#2097),#553,.T.);
#2254=ADVANCED_FACE('',(#2098),#554,.T.);
#2255=ADVANCED_FACE('',(#2099),#555,.T.);
#2256=ADVANCED_FACE('',(#2100),#556,.T.);
#2257=ADVANCED_FACE('',(#2101,#2102),#557,.T.);
#2258=ADVANCED_FACE('',(#2103),#558,.F.);
#2259=ADVANCED_FACE('',(#2104),#559,.F.);
#2260=ADVANCED_FACE('',(#2105),#560,.F.);
#2261=ADVANCED_FACE('',(#2106),#561,.F.);
#2262=ADVANCED_FACE('',(#2107),#562,.F.);
#2263=ADVANCED_FACE('',(#2108),#563,.F.);
#2264=ADVANCED_FACE('',(#2109,#2110),#12,.F.);
#2265=ADVANCED_FACE('',(#2111),#564,.T.);
#2266=ADVANCED_FACE('',(#2112),#565,.T.);
#2267=ADVANCED_FACE('',(#2113),#566,.T.);
#2268=ADVANCED_FACE('',(#2114),#567,.T.);
#2269=ADVANCED_FACE('',(#2115),#568,.T.);
#2270=ADVANCED_FACE('',(#2116,#2117),#569,.T.);
#2271=ADVANCED_FACE('',(#2118),#570,.F.);
#2272=ADVANCED_FACE('',(#2119),#571,.F.);
#2273=ADVANCED_FACE('',(#2120),#572,.F.);
#2274=ADVANCED_FACE('',(#2121),#573,.F.);
#2275=ADVANCED_FACE('',(#2122),#574,.T.);
#2276=ADVANCED_FACE('',(#2123),#13,.F.);
#2277=ADVANCED_FACE('',(#2124),#575,.T.);
#2278=ADVANCED_FACE('',(#2125),#576,.T.);
#2279=ADVANCED_FACE('',(#2126),#577,.F.);
#2280=ADVANCED_FACE('',(#2127),#578,.F.);
#2281=ADVANCED_FACE('',(#2128),#579,.F.);
#2282=ADVANCED_FACE('',(#2129,#2130),#14,.F.);
#2283=ADVANCED_FACE('',(#2131,#2132),#580,.T.);
#2284=ADVANCED_FACE('',(#2133),#581,.F.);
#2285=ADVANCED_FACE('',(#2134),#582,.F.);
#2286=ADVANCED_FACE('',(#2135),#583,.F.);
#2287=ADVANCED_FACE('',(#2136),#584,.F.);
#2288=ADVANCED_FACE('',(#2137),#585,.F.);
#2289=ADVANCED_FACE('',(#2138),#586,.F.);
#2290=ADVANCED_FACE('',(#2139,#2140),#587,.T.);
#2291=ADVANCED_FACE('',(#2141),#588,.F.);
#2292=ADVANCED_FACE('',(#2142),#589,.F.);
#2293=ADVANCED_FACE('',(#2143),#590,.F.);
#2294=ADVANCED_FACE('',(#2144),#591,.F.);
#2295=ADVANCED_FACE('',(#2145),#592,.F.);
#2296=ADVANCED_FACE('',(#2146),#593,.F.);
#2297=CLOSED_SHELL('',(#2176,#2177,#2178,#2179,#2180,#2181,#2182,#2183,
#2184,#2185,#2186,#2187,#2188,#2189,#2190,#2191,#2192,#2193,#2194,#2195,
#2196,#2197,#2198,#2199,#2200,#2201,#2202,#2203,#2204,#2205,#2206,#2207,
#2208,#2209,#2210,#2211,#2212,#2213,#2214,#2215,#2216,#2217,#2218,#2219,
#2220,#2221,#2222,#2223,#2224,#2225,#2226,#2227,#2228,#2229,#2230,#2231,
#2232,#2233,#2234,#2235,#2236,#2237,#2238,#2239,#2240,#2241,#2242,#2243,
#2244,#2245,#2246,#2247,#2248,#2249,#2250,#2251,#2252,#2253,#2254,#2255,
#2256,#2257,#2258,#2259,#2260,#2261,#2262,#2263,#2264,#2265,#2266,#2267,
#2268,#2269,#2270,#2271,#2272,#2273,#2274,#2275,#2276,#2277,#2278,#2279,
#2280,#2281,#2282,#2283,#2284,#2285,#2286,#2287,#2288,#2289,#2290,#2291,
#2292,#2293,#2294,#2295,#2296));
#2298=STYLED_ITEM('',(#2299),#2306);
#2299=PRESENTATION_STYLE_ASSIGNMENT((#2300));
#2300=SURFACE_STYLE_USAGE(.BOTH.,#2301);
#2301=SURFACE_SIDE_STYLE('',(#2302));
#2302=SURFACE_STYLE_FILL_AREA(#2303);
#2303=FILL_AREA_STYLE('',(#2304));
#2304=FILL_AREA_STYLE_COLOUR('',#2305);
#2305=COLOUR_RGB('',0.980392156862745,0.713725490196078,0.00392156862745098);
#2306=MANIFOLD_SOLID_BREP('House Bottom',#2297);
#2307=SHAPE_DEFINITION_REPRESENTATION(#3789,#2308);
#2308=SHAPE_REPRESENTATION('House Bottom',(#2309),#3784);
#2309=AXIS2_PLACEMENT_3D('',#3119,#2498,#2499);
#2310=AXIS2_PLACEMENT_3D('',#3120,#2500,#2501);
#2311=AXIS2_PLACEMENT_3D('',#3121,#2502,#2503);
#2312=AXIS2_PLACEMENT_3D('',#3123,#2504,#2505);
#2313=AXIS2_PLACEMENT_3D('',#3125,#2506,#2507);
#2314=AXIS2_PLACEMENT_3D('',#3126,#2508,#2509);
#2315=AXIS2_PLACEMENT_3D('',#3128,#2510,#2511);
#2316=AXIS2_PLACEMENT_3D('',#3130,#2512,#2513);
#2317=AXIS2_PLACEMENT_3D('',#3131,#2514,#2515);
#2318=AXIS2_PLACEMENT_3D('',#3133,#2516,#2517);
#2319=AXIS2_PLACEMENT_3D('',#3135,#2518,#2519);
#2320=AXIS2_PLACEMENT_3D('',#3137,#2520,#2521);
#2321=AXIS2_PLACEMENT_3D('',#3139,#2522,#2523);
#2322=AXIS2_PLACEMENT_3D('',#3141,#2524,#2525);
#2323=AXIS2_PLACEMENT_3D('',#3143,#2526,#2527);
#2324=AXIS2_PLACEMENT_3D('',#3162,#2536,#2537);
#2325=AXIS2_PLACEMENT_3D('',#3190,#2551,#2552);
#2326=AXIS2_PLACEMENT_3D('',#3197,#2556,#2557);
#2327=AXIS2_PLACEMENT_3D('',#3198,#2558,#2559);
#2328=AXIS2_PLACEMENT_3D('',#3203,#2561,#2562);
#2329=AXIS2_PLACEMENT_3D('',#3208,#2565,#2566);
#2330=AXIS2_PLACEMENT_3D('',#3212,#2568,#2569);
#2331=AXIS2_PLACEMENT_3D('',#3216,#2571,#2572);
#2332=AXIS2_PLACEMENT_3D('',#3220,#2575,#2576);
#2333=AXIS2_PLACEMENT_3D('',#3230,#2582,#2583);
#2334=AXIS2_PLACEMENT_3D('',#3240,#2589,#2590);
#2335=AXIS2_PLACEMENT_3D('',#3249,#2595,#2596);
#2336=AXIS2_PLACEMENT_3D('',#3252,#2598,#2599);
#2337=AXIS2_PLACEMENT_3D('',#3259,#2604,#2605);
#2338=AXIS2_PLACEMENT_3D('',#3260,#2606,#2607);
#2339=AXIS2_PLACEMENT_3D('',#3262,#2608,#2609);
#2340=AXIS2_PLACEMENT_3D('',#3264,#2610,#2611);
#2341=AXIS2_PLACEMENT_3D('',#3285,#2622,#2623);
#2342=AXIS2_PLACEMENT_3D('',#3286,#2624,#2625);
#2343=AXIS2_PLACEMENT_3D('',#3288,#2626,#2627);
#2344=AXIS2_PLACEMENT_3D('',#3290,#2628,#2629);
#2345=AXIS2_PLACEMENT_3D('',#3291,#2630,#2631);
#2346=AXIS2_PLACEMENT_3D('',#3296,#2633,#2634);
#2347=AXIS2_PLACEMENT_3D('',#3299,#2636,#2637);
#2348=AXIS2_PLACEMENT_3D('',#3300,#2638,#2639);
#2349=AXIS2_PLACEMENT_3D('',#3355,#2667,#2668);
#2350=AXIS2_PLACEMENT_3D('',#3356,#2669,#2670);
#2351=AXIS2_PLACEMENT_3D('',#3358,#2671,#2672);
#2352=AXIS2_PLACEMENT_3D('',#3360,#2673,#2674);
#2353=AXIS2_PLACEMENT_3D('',#3362,#2675,#2676);
#2354=AXIS2_PLACEMENT_3D('',#3364,#2677,#2678);
#2355=AXIS2_PLACEMENT_3D('',#3366,#2679,#2680);
#2356=AXIS2_PLACEMENT_3D('',#3439,#2717,#2718);
#2357=AXIS2_PLACEMENT_3D('',#3442,#2721,#2722);
#2358=AXIS2_PLACEMENT_3D('',#3443,#2723,#2724);
#2359=AXIS2_PLACEMENT_3D('',#3445,#2725,#2726);
#2360=AXIS2_PLACEMENT_3D('',#3466,#2737,#2738);
#2361=AXIS2_PLACEMENT_3D('',#3468,#2740,#2741);
#2362=AXIS2_PLACEMENT_3D('',#3471,#2744,#2745);
#2363=AXIS2_PLACEMENT_3D('',#3472,#2746,#2747);
#2364=AXIS2_PLACEMENT_3D('',#3474,#2749,#2750);
#2365=AXIS2_PLACEMENT_3D('',#3475,#2751,#2752);
#2366=AXIS2_PLACEMENT_3D('',#3476,#2753,#2754);
#2367=AXIS2_PLACEMENT_3D('',#3477,#2755,#2756);
#2368=AXIS2_PLACEMENT_3D('',#3478,#2757,#2758);
#2369=AXIS2_PLACEMENT_3D('',#3479,#2759,#2760);
#2370=AXIS2_PLACEMENT_3D('',#3480,#2761,#2762);
#2371=AXIS2_PLACEMENT_3D('',#3481,#2763,#2764);
#2372=AXIS2_PLACEMENT_3D('',#3482,#2765,#2766);
#2373=AXIS2_PLACEMENT_3D('',#3483,#2767,#2768);
#2374=AXIS2_PLACEMENT_3D('',#3484,#2769,#2770);
#2375=AXIS2_PLACEMENT_3D('',#3485,#2771,#2772);
#2376=AXIS2_PLACEMENT_3D('',#3486,#2773,#2774);
#2377=AXIS2_PLACEMENT_3D('',#3487,#2775,#2776);
#2378=AXIS2_PLACEMENT_3D('',#3488,#2777,#2778);
#2379=AXIS2_PLACEMENT_3D('',#3489,#2779,#2780);
#2380=AXIS2_PLACEMENT_3D('',#3490,#2781,#2782);
#2381=AXIS2_PLACEMENT_3D('',#3491,#2783,#2784);
#2382=AXIS2_PLACEMENT_3D('',#3493,#2786,#2787);
#2383=AXIS2_PLACEMENT_3D('',#3495,#2789,#2790);
#2384=AXIS2_PLACEMENT_3D('',#3496,#2791,#2792);
#2385=AXIS2_PLACEMENT_3D('',#3497,#2793,#2794);
#2386=AXIS2_PLACEMENT_3D('',#3498,#2795,#2796);
#2387=AXIS2_PLACEMENT_3D('',#3499,#2797,#2798);
#2388=AXIS2_PLACEMENT_3D('',#3500,#2799,#2800);
#2389=AXIS2_PLACEMENT_3D('',#3501,#2801,#2802);
#2390=AXIS2_PLACEMENT_3D('',#3502,#2803,#2804);
#2391=AXIS2_PLACEMENT_3D('',#3503,#2805,#2806);
#2392=AXIS2_PLACEMENT_3D('',#3504,#2807,#2808);
#2393=AXIS2_PLACEMENT_3D('',#3505,#2809,#2810);
#2394=AXIS2_PLACEMENT_3D('',#3506,#2811,#2812);
#2395=AXIS2_PLACEMENT_3D('',#3507,#2813,#2814);
#2396=AXIS2_PLACEMENT_3D('',#3508,#2815,#2816);
#2397=AXIS2_PLACEMENT_3D('',#3509,#2817,#2818);
#2398=AXIS2_PLACEMENT_3D('',#3510,#2819,#2820);
#2399=AXIS2_PLACEMENT_3D('',#3511,#2821,#2822);
#2400=AXIS2_PLACEMENT_3D('',#3512,#2823,#2824);
#2401=AXIS2_PLACEMENT_3D('',#3513,#2825,#2826);
#2402=AXIS2_PLACEMENT_3D('',#3514,#2827,#2828);
#2403=AXIS2_PLACEMENT_3D('',#3515,#2829,#2830);
#2404=AXIS2_PLACEMENT_3D('',#3516,#2831,#2832);
#2405=AXIS2_PLACEMENT_3D('',#3517,#2833,#2834);
#2406=AXIS2_PLACEMENT_3D('',#3518,#2835,#2836);
#2407=AXIS2_PLACEMENT_3D('',#3519,#2837,#2838);
#2408=AXIS2_PLACEMENT_3D('',#3520,#2839,#2840);
#2409=AXIS2_PLACEMENT_3D('',#3521,#2841,#2842);
#2410=AXIS2_PLACEMENT_3D('',#3522,#2843,#2844);
#2411=AXIS2_PLACEMENT_3D('',#3523,#2845,#2846);
#2412=AXIS2_PLACEMENT_3D('',#3524,#2847,#2848);
#2413=AXIS2_PLACEMENT_3D('',#3525,#2849,#2850);
#2414=AXIS2_PLACEMENT_3D('',#3528,#2853,#2854);
#2415=AXIS2_PLACEMENT_3D('',#3530,#2856,#2857);
#2416=AXIS2_PLACEMENT_3D('',#3531,#2858,#2859);
#2417=AXIS2_PLACEMENT_3D('',#3534,#2862,#2863);
#2418=AXIS2_PLACEMENT_3D('',#3536,#2865,#2866);
#2419=AXIS2_PLACEMENT_3D('',#3537,#2867,#2868);
#2420=AXIS2_PLACEMENT_3D('',#3543,#2870,#2871);
#2421=AXIS2_PLACEMENT_3D('',#3544,#2872,#2873);
#2422=AXIS2_PLACEMENT_3D('',#3547,#2876,#2877);
#2423=AXIS2_PLACEMENT_3D('',#3549,#2879,#2880);
#2424=AXIS2_PLACEMENT_3D('',#3551,#2882,#2883);
#2425=AXIS2_PLACEMENT_3D('',#3552,#2884,#2885);
#2426=AXIS2_PLACEMENT_3D('',#3554,#2886,#2887);
#2427=AXIS2_PLACEMENT_3D('',#3555,#2888,#2889);
#2428=AXIS2_PLACEMENT_3D('',#3557,#2890,#2891);
#2429=AXIS2_PLACEMENT_3D('',#3558,#2892,#2893);
#2430=AXIS2_PLACEMENT_3D('',#3559,#2894,#2895);
#2431=AXIS2_PLACEMENT_3D('',#3560,#2896,#2897);
#2432=AXIS2_PLACEMENT_3D('',#3561,#2898,#2899);
#2433=AXIS2_PLACEMENT_3D('',#3562,#2900,#2901);
#2434=AXIS2_PLACEMENT_3D('',#3563,#2902,#2903);
#2435=AXIS2_PLACEMENT_3D('',#3564,#2904,#2905);
#2436=AXIS2_PLACEMENT_3D('',#3565,#2906,#2907);
#2437=AXIS2_PLACEMENT_3D('',#3566,#2908,#2909);
#2438=AXIS2_PLACEMENT_3D('',#3567,#2910,#2911);
#2439=AXIS2_PLACEMENT_3D('',#3568,#2912,#2913);
#2440=AXIS2_PLACEMENT_3D('',#3569,#2914,#2915);
#2441=AXIS2_PLACEMENT_3D('',#3570,#2916,#2917);
#2442=AXIS2_PLACEMENT_3D('',#3571,#2918,#2919);
#2443=AXIS2_PLACEMENT_3D('',#3572,#2920,#2921);
#2444=AXIS2_PLACEMENT_3D('',#3573,#2922,#2923);
#2445=AXIS2_PLACEMENT_3D('',#3574,#2924,#2925);
#2446=AXIS2_PLACEMENT_3D('',#3575,#2926,#2927);
#2447=AXIS2_PLACEMENT_3D('',#3576,#2928,#2929);
#2448=AXIS2_PLACEMENT_3D('',#3589,#2936,#2937);
#2449=AXIS2_PLACEMENT_3D('',#3602,#2944,#2945);
#2450=AXIS2_PLACEMENT_3D('',#3611,#2950,#2951);
#2451=AXIS2_PLACEMENT_3D('',#3617,#2955,#2956);
#2452=AXIS2_PLACEMENT_3D('',#3623,#2960,#2961);
#2453=AXIS2_PLACEMENT_3D('',#3629,#2965,#2966);
#2454=AXIS2_PLACEMENT_3D('',#3635,#2970,#2971);
#2455=AXIS2_PLACEMENT_3D('',#3638,#2974,#2975);
#2456=AXIS2_PLACEMENT_3D('',#3639,#2976,#2977);
#2457=AXIS2_PLACEMENT_3D('',#3641,#2978,#2979);
#2458=AXIS2_PLACEMENT_3D('',#3644,#2982,#2983);
#2459=AXIS2_PLACEMENT_3D('',#3646,#2985,#2986);
#2460=AXIS2_PLACEMENT_3D('',#3648,#2988,#2989);
#2461=AXIS2_PLACEMENT_3D('',#3650,#2991,#2992);
#2462=AXIS2_PLACEMENT_3D('',#3652,#2994,#2995);
#2463=AXIS2_PLACEMENT_3D('',#3653,#2996,#2997);
#2464=AXIS2_PLACEMENT_3D('',#3654,#2998,#2999);
#2465=AXIS2_PLACEMENT_3D('',#3667,#3006,#3007);
#2466=AXIS2_PLACEMENT_3D('',#3677,#3013,#3014);
#2467=AXIS2_PLACEMENT_3D('',#3683,#3018,#3019);
#2468=AXIS2_PLACEMENT_3D('',#3692,#3022,#3023);
#2469=AXIS2_PLACEMENT_3D('',#3698,#3027,#3028);
#2470=AXIS2_PLACEMENT_3D('',#3699,#3029,#3030);
#2471=AXIS2_PLACEMENT_3D('',#3701,#3031,#3032);
#2472=AXIS2_PLACEMENT_3D('',#3704,#3034,#3035);
#2473=AXIS2_PLACEMENT_3D('',#3707,#3038,#3039);
#2474=AXIS2_PLACEMENT_3D('',#3709,#3041,#3042);
#2475=AXIS2_PLACEMENT_3D('',#3711,#3044,#3045);
#2476=AXIS2_PLACEMENT_3D('',#3716,#3046,#3047);
#2477=AXIS2_PLACEMENT_3D('',#3718,#3049,#3050);
#2478=AXIS2_PLACEMENT_3D('',#3723,#3051,#3052);
#2479=AXIS2_PLACEMENT_3D('',#3725,#3054,#3055);
#2480=AXIS2_PLACEMENT_3D('',#3727,#3057,#3058);
#2481=AXIS2_PLACEMENT_3D('',#3729,#3060,#3061);
#2482=AXIS2_PLACEMENT_3D('',#3731,#3063,#3064);
#2483=AXIS2_PLACEMENT_3D('',#3732,#3065,#3066);
#2484=AXIS2_PLACEMENT_3D('',#3733,#3067,#3068);
#2485=AXIS2_PLACEMENT_3D('',#3746,#3075,#3076);
#2486=AXIS2_PLACEMENT_3D('',#3749,#3079,#3080);
#2487=AXIS2_PLACEMENT_3D('',#3751,#3082,#3083);
#2488=AXIS2_PLACEMENT_3D('',#3753,#3085,#3086);
#2489=AXIS2_PLACEMENT_3D('',#3755,#3088,#3089);
#2490=AXIS2_PLACEMENT_3D('',#3757,#3091,#3092);
#2491=AXIS2_PLACEMENT_3D('',#3758,#3093,#3094);
#2492=AXIS2_PLACEMENT_3D('',#3771,#3101,#3102);
#2493=AXIS2_PLACEMENT_3D('',#3774,#3105,#3106);
#2494=AXIS2_PLACEMENT_3D('',#3776,#3108,#3109);
#2495=AXIS2_PLACEMENT_3D('',#3778,#3111,#3112);
#2496=AXIS2_PLACEMENT_3D('',#3780,#3114,#3115);
#2497=AXIS2_PLACEMENT_3D('',#3782,#3117,#3118);
#2498=DIRECTION('',(0.,0.,1.));
#2499=DIRECTION('',(1.,0.,0.));
#2500=DIRECTION('',(0.,-1.,0.));
#2501=DIRECTION('',(0.,0.,-1.));
#2502=DIRECTION('',(0.,1.,0.));
#2503=DIRECTION('',(0.,0.,1.));
#2504=DIRECTION('',(0.,1.,0.));
#2505=DIRECTION('',(0.,0.,1.));
#2506=DIRECTION('',(0.,-1.,0.));
#2507=DIRECTION('',(0.,0.,-1.));
#2508=DIRECTION('',(0.,1.,0.));
#2509=DIRECTION('',(0.,0.,1.));
#2510=DIRECTION('',(0.,1.,0.));
#2511=DIRECTION('',(0.,0.,1.));
#2512=DIRECTION('',(0.,0.,1.));
#2513=DIRECTION('',(1.,0.,0.));
#2514=DIRECTION('',(0.,0.,1.));
#2515=DIRECTION('',(1.,0.,0.));
#2516=DIRECTION('',(0.,0.,1.));
#2517=DIRECTION('',(1.,0.,0.));
#2518=DIRECTION('',(0.,0.,1.));
#2519=DIRECTION('',(1.,0.,0.));
#2520=DIRECTION('',(0.,0.,1.));
#2521=DIRECTION('',(1.,0.,0.));
#2522=DIRECTION('',(0.,0.,1.));
#2523=DIRECTION('',(1.,0.,0.));
#2524=DIRECTION('',(0.,0.,1.));
#2525=DIRECTION('',(1.,0.,0.));
#2526=DIRECTION('',(0.,0.,1.));
#2527=DIRECTION('',(1.,0.,0.));
#2528=DIRECTION('',(-1.,0.,0.));
#2529=DIRECTION('',(0.,1.,0.));
#2530=DIRECTION('',(1.,0.,0.));
#2531=DIRECTION('',(0.,-1.,0.));
#2532=DIRECTION('',(0.5,0.866025403784439,0.));
#2533=DIRECTION('',(-0.5,0.866025403784438,0.));
#2534=DIRECTION('',(0.,1.,0.));
#2535=DIRECTION('',(-1.,0.,0.));
#2536=DIRECTION('',(0.,0.,1.));
#2537=DIRECTION('',(1.,0.,0.));
#2538=DIRECTION('',(0.,-1.,0.));
#2539=DIRECTION('',(1.,3.64246399155235E-16,0.));
#2540=DIRECTION('',(3.12211199275916E-16,-1.,0.));
#2541=DIRECTION('',(-1.,0.,0.));
#2542=DIRECTION('',(0.,1.,0.));
#2543=DIRECTION('',(-1.,0.,0.));
#2544=DIRECTION('',(0.,1.,0.));
#2545=DIRECTION('',(-1.,0.,0.));
#2546=DIRECTION('',(0.,1.,0.));
#2547=DIRECTION('',(-1.,0.,0.));
#2548=DIRECTION('',(0.,1.,0.));
#2549=DIRECTION('',(-1.,0.,0.));
#2550=DIRECTION('',(0.,1.,0.));
#2551=DIRECTION('',(0.,0.,1.));
#2552=DIRECTION('',(1.,0.,0.));
#2553=DIRECTION('',(0.,1.,0.));
#2554=DIRECTION('',(1.,0.,0.));
#2555=DIRECTION('',(0.,1.,0.));
#2556=DIRECTION('',(0.,0.,-1.));
#2557=DIRECTION('',(-1.,0.,0.));
#2558=DIRECTION('',(0.,0.,-1.));
#2559=DIRECTION('',(-1.,0.,0.));
#2560=DIRECTION('',(0.,0.,-1.));
#2561=DIRECTION('',(0.,0.,-1.));
#2562=DIRECTION('',(-1.,0.,0.));
#2563=DIRECTION('',(0.,0.,-1.));
#2564=DIRECTION('',(0.,0.,-1.));
#2565=DIRECTION('',(0.,0.,-1.));
#2566=DIRECTION('',(-1.,0.,0.));
#2567=DIRECTION('',(0.,0.,-1.));
#2568=DIRECTION('',(1.65211759616839E-16,0.,-1.));
#2569=DIRECTION('',(-1.,0.,-1.65211759616839E-16));
#2570=DIRECTION('',(0.,0.,-1.));
#2571=DIRECTION('',(0.,0.,-1.));
#2572=DIRECTION('',(-1.,0.,0.));
#2573=DIRECTION('',(0.,0.,-1.));
#2574=DIRECTION('',(0.,0.,-1.));
#2575=DIRECTION('',(-1.,0.,0.));
#2576=DIRECTION('',(0.,0.,1.));
#2577=DIRECTION('',(0.,-0.894427190999905,0.447213595499979));
#2578=DIRECTION('',(0.,0.,1.));
#2579=DIRECTION('',(0.,-0.894427190999921,0.447213595499947));
#2580=DIRECTION('',(0.,1.,0.));
#2581=DIRECTION('',(0.,0.,-1.));
#2582=DIRECTION('',(-1.,0.,0.));
#2583=DIRECTION('',(0.,0.,1.));
#2584=DIRECTION('',(0.,-0.894427190999914,-0.447213595499963));
#2585=DIRECTION('',(0.,0.,-1.));
#2586=DIRECTION('',(0.,-0.894427190999924,-0.447213595499942));
#2587=DIRECTION('',(0.,0.,-1.));
#2588=DIRECTION('',(0.,1.,0.));
#2589=DIRECTION('',(0.,0.,-1.));
#2590=DIRECTION('',(1.,0.,0.));
#2591=DIRECTION('',(1.,0.,0.));
#2592=DIRECTION('',(0.5,0.866025403784439,0.));
#2593=DIRECTION('',(1.,0.,0.));
#2594=DIRECTION('',(0.,1.,0.));
#2595=DIRECTION('',(0.,0.,-1.));
#2596=DIRECTION('',(-1.,0.,0.));
#2597=DIRECTION('',(0.5,-0.866025403784439,0.));
#2598=DIRECTION('',(0.,0.,-1.));
#2599=DIRECTION('',(1.,0.,0.));
#2600=DIRECTION('',(-0.5,0.866025403784438,0.));
#2601=DIRECTION('',(-1.,0.,0.));
#2602=DIRECTION('',(-0.486854227285107,0.873483234741584,0.));
#2603=DIRECTION('',(-1.,0.,0.));
#2604=DIRECTION('',(0.,0.,1.));
#2605=DIRECTION('',(1.,0.,0.));
#2606=DIRECTION('',(0.,0.,-1.));
#2607=DIRECTION('',(-1.,0.,0.));
#2608=DIRECTION('',(0.,0.,-1.));
#2609=DIRECTION('',(1.,0.,0.));
#2610=DIRECTION('',(0.,0.,-1.));
#2611=DIRECTION('',(1.,0.,0.));
#2612=DIRECTION('',(0.5,0.866025403784439,0.));
#2613=DIRECTION('',(-0.5,0.866025403784438,0.));
#2614=DIRECTION('',(-1.,0.,0.));
#2615=DIRECTION('',(-0.5,-0.866025403784439,0.));
#2616=DIRECTION('',(0.5,-0.866025403784439,0.));
#2617=DIRECTION('',(1.,0.,0.));
#2618=DIRECTION('',(1.,0.,0.));
#2619=DIRECTION('',(0.,-1.,0.));
#2620=DIRECTION('',(1.,0.,0.));
#2621=DIRECTION('',(0.,1.,0.));
#2622=DIRECTION('',(0.,0.,1.));
#2623=DIRECTION('',(1.,0.,0.));
#2624=DIRECTION('',(0.,0.,-1.));
#2625=DIRECTION('',(-1.,0.,0.));
#2626=DIRECTION('',(0.,0.,-1.));
#2627=DIRECTION('',(1.,0.,0.));
#2628=DIRECTION('',(0.,1.,0.));
#2629=DIRECTION('',(0.,0.,1.));
#2630=DIRECTION('',(0.,-1.,0.));
#2631=DIRECTION('',(0.,0.,-1.));
#2632=DIRECTION('',(0.,1.,0.));
#2633=DIRECTION('',(0.,-1.,0.));
#2634=DIRECTION('',(0.,0.,-1.));
#2635=DIRECTION('',(0.,1.,0.));
#2636=DIRECTION('',(0.,0.,-1.));
#2637=DIRECTION('',(1.,0.,0.));
#2638=DIRECTION('',(0.,0.,-1.));
#2639=DIRECTION('',(1.,0.,0.));
#2640=DIRECTION('',(0.,-1.,0.));
#2641=DIRECTION('',(1.,0.,0.));
#2642=DIRECTION('',(0.,-1.,0.));
#2643=DIRECTION('',(-1.,0.,0.));
#2644=DIRECTION('',(0.,-1.,0.));
#2645=DIRECTION('',(1.,0.,0.));
#2646=DIRECTION('',(0.,-1.,0.));
#2647=DIRECTION('',(1.,0.,0.));
#2648=DIRECTION('',(0.,-1.,0.));
#2649=DIRECTION('',(-1.,0.,0.));
#2650=DIRECTION('',(0.,-1.,0.));
#2651=DIRECTION('',(1.,0.,0.));
#2652=DIRECTION('',(-3.64246399155235E-16,1.,0.));
#2653=DIRECTION('',(1.,0.,0.));
#2654=DIRECTION('',(0.,1.,0.));
#2655=DIRECTION('',(1.,0.,0.));
#2656=DIRECTION('',(0.,1.,0.));
#2657=DIRECTION('',(-1.,0.,0.));
#2658=DIRECTION('',(0.,-1.,0.));
#2659=DIRECTION('',(1.,0.,0.));
#2660=DIRECTION('',(0.,1.,0.));
#2661=DIRECTION('',(1.,0.,0.));
#2662=DIRECTION('',(0.,1.,0.));
#2663=DIRECTION('',(0.,-1.,0.));
#2664=DIRECTION('',(1.,0.,0.));
#2665=DIRECTION('',(0.,-1.,0.));
#2666=DIRECTION('',(1.,0.,0.));
#2667=DIRECTION('',(0.,0.,-1.));
#2668=DIRECTION('',(1.,0.,0.));
#2669=DIRECTION('',(0.,0.,-1.));
#2670=DIRECTION('',(1.,0.,0.));
#2671=DIRECTION('',(0.,0.,1.));
#2672=DIRECTION('',(1.,0.,0.));
#2673=DIRECTION('',(0.,0.,1.));
#2674=DIRECTION('',(1.,0.,0.));
#2675=DIRECTION('',(0.,0.,1.));
#2676=DIRECTION('',(1.,0.,0.));
#2677=DIRECTION('',(0.,0.,1.));
#2678=DIRECTION('',(1.,0.,0.));
#2679=DIRECTION('',(0.,0.,1.));
#2680=DIRECTION('',(1.,0.,0.));
#2681=DIRECTION('',(0.,-1.,0.));
#2682=DIRECTION('',(1.,0.,0.));
#2683=DIRECTION('',(0.,-1.,0.));
#2684=DIRECTION('',(1.,0.,0.));
#2685=DIRECTION('',(0.,-1.,0.));
#2686=DIRECTION('',(0.,1.,0.));
#2687=DIRECTION('',(1.,0.,0.));
#2688=DIRECTION('',(0.,1.,0.));
#2689=DIRECTION('',(1.,0.,0.));
#2690=DIRECTION('',(-3.12211199275916E-16,1.,0.));
#2691=DIRECTION('',(-1.,-3.64246399155235E-16,0.));
#2692=DIRECTION('',(-3.64246399155235E-16,1.,0.));
#2693=DIRECTION('',(1.,0.,0.));
#2694=DIRECTION('',(0.,-1.,0.));
#2695=DIRECTION('',(1.,0.,0.));
#2696=DIRECTION('',(0.,-1.,0.));
#2697=DIRECTION('',(1.,0.,0.));
#2698=DIRECTION('',(0.,-1.,0.));
#2699=DIRECTION('',(-1.,0.,0.));
#2700=DIRECTION('',(-1.,0.,0.));
#2701=DIRECTION('',(0.,1.,0.));
#2702=DIRECTION('',(1.,0.,0.));
#2703=DIRECTION('',(0.,1.,0.));
#2704=DIRECTION('',(1.,0.,0.));
#2705=DIRECTION('',(-3.64246399155235E-16,1.,0.));
#2706=DIRECTION('',(1.,0.,0.));
#2707=DIRECTION('',(0.,-1.,0.));
#2708=DIRECTION('',(-1.,0.,0.));
#2709=DIRECTION('',(0.,-1.,0.));
#2710=DIRECTION('',(1.,0.,0.));
#2711=DIRECTION('',(0.,-1.,0.));
#2712=DIRECTION('',(1.,0.,0.));
#2713=DIRECTION('',(0.,-1.,0.));
#2714=DIRECTION('',(-1.,0.,0.));
#2715=DIRECTION('',(0.,-1.,0.));
#2716=DIRECTION('',(1.,0.,0.));
#2717=DIRECTION('',(0.,-1.,0.));
#2718=DIRECTION('',(0.,0.,-1.));
#2719=DIRECTION('',(0.,0.,1.));
#2720=DIRECTION('',(0.,0.,-1.));
#2721=DIRECTION('',(0.,0.,-1.));
#2722=DIRECTION('',(1.,0.,0.));
#2723=DIRECTION('',(0.,0.,1.));
#2724=DIRECTION('',(1.,0.,0.));
#2725=DIRECTION('',(0.,0.,1.));
#2726=DIRECTION('',(1.,0.,0.));
#2727=DIRECTION('',(0.,-1.,0.));
#2728=DIRECTION('',(1.,0.,0.));
#2729=DIRECTION('',(0.,-1.,0.));
#2730=DIRECTION('',(1.,0.,0.));
#2731=DIRECTION('',(0.,-1.,0.));
#2732=DIRECTION('',(1.,0.,0.));
#2733=DIRECTION('',(-3.64246399155235E-16,1.,0.));
#2734=DIRECTION('',(-1.,-3.64246399155235E-16,0.));
#2735=DIRECTION('',(0.,1.,0.));
#2736=DIRECTION('',(-1.,0.,0.));
#2737=DIRECTION('',(1.,3.12211199275916E-16,0.));
#2738=DIRECTION('',(-3.12211199275916E-16,1.,0.));
#2739=DIRECTION('',(0.,0.,-1.));
#2740=DIRECTION('',(0.,-1.,0.));
#2741=DIRECTION('',(0.,0.,-1.));
#2742=DIRECTION('',(0.,0.,-1.));
#2743=DIRECTION('',(0.,0.,-1.));
#2744=DIRECTION('',(-1.,0.,0.));
#2745=DIRECTION('',(0.,0.,1.));
#2746=DIRECTION('',(1.,0.,0.));
#2747=DIRECTION('',(0.,0.,-1.));
#2748=DIRECTION('',(0.,0.,-1.));
#2749=DIRECTION('',(-3.64246399155235E-16,1.,0.));
#2750=DIRECTION('',(-1.,-3.64246399155235E-16,0.));
#2751=DIRECTION('',(-3.64246399155235E-16,1.,0.));
#2752=DIRECTION('',(-1.,-3.64246399155235E-16,0.));
#2753=DIRECTION('',(0.,-1.,0.));
#2754=DIRECTION('',(0.,0.,-1.));
#2755=DIRECTION('',(0.,-1.,0.));
#2756=DIRECTION('',(0.,0.,-1.));
#2757=DIRECTION('',(0.,-1.,0.));
#2758=DIRECTION('',(0.,0.,-1.));
#2759=DIRECTION('',(0.,1.,0.));
#2760=DIRECTION('',(0.,0.,1.));
#2761=DIRECTION('',(0.,1.,0.));
#2762=DIRECTION('',(0.,0.,1.));
#2763=DIRECTION('',(0.,-1.,0.));
#2764=DIRECTION('',(0.,0.,-1.));
#2765=DIRECTION('',(0.,-1.,0.));
#2766=DIRECTION('',(0.,0.,-1.));
#2767=DIRECTION('',(0.,1.,0.));
#2768=DIRECTION('',(0.,0.,1.));
#2769=DIRECTION('',(0.,1.,0.));
#2770=DIRECTION('',(0.,0.,1.));
#2771=DIRECTION('',(0.,-1.,0.));
#2772=DIRECTION('',(0.,0.,-1.));
#2773=DIRECTION('',(0.,-1.,0.));
#2774=DIRECTION('',(0.,0.,-1.));
#2775=DIRECTION('',(0.,-1.,0.));
#2776=DIRECTION('',(0.,0.,-1.));
#2777=DIRECTION('',(0.,-1.,0.));
#2778=DIRECTION('',(0.,0.,-1.));
#2779=DIRECTION('',(0.,-1.,0.));
#2780=DIRECTION('',(0.,0.,-1.));
#2781=DIRECTION('',(0.,-1.,0.));
#2782=DIRECTION('',(1.,0.,0.));
#2783=DIRECTION('',(0.,-1.,0.));
#2784=DIRECTION('',(0.,0.,-1.));
#2785=DIRECTION('',(1.,0.,1.65211759616839E-16));
#2786=DIRECTION('',(0.,-1.,0.));
#2787=DIRECTION('',(1.,0.,0.));
#2788=DIRECTION('',(1.,0.,1.65211759616839E-16));
#2789=DIRECTION('',(0.,-1.,-5.25073993875232E-16));
#2790=DIRECTION('',(0.,5.25073993875232E-16,-1.));
#2791=DIRECTION('',(0.,-1.,0.));
#2792=DIRECTION('',(0.,0.,-1.));
#2793=DIRECTION('',(0.,1.,0.));
#2794=DIRECTION('',(0.,0.,1.));
#2795=DIRECTION('',(0.,1.,0.));
#2796=DIRECTION('',(-1.,0.,0.));
#2797=DIRECTION('',(0.,1.,0.));
#2798=DIRECTION('',(0.,0.,1.));
#2799=DIRECTION('',(0.,1.,0.));
#2800=DIRECTION('',(-1.,0.,0.));
#2801=DIRECTION('',(-3.64246399155235E-16,1.,0.));
#2802=DIRECTION('',(-1.,-3.64246399155235E-16,0.));
#2803=DIRECTION('',(0.,1.,0.));
#2804=DIRECTION('',(0.,0.,1.));
#2805=DIRECTION('',(0.,1.,0.));
#2806=DIRECTION('',(0.,0.,1.));
#2807=DIRECTION('',(0.,1.,0.));
#2808=DIRECTION('',(0.,0.,1.));
#2809=DIRECTION('',(0.,1.,0.));
#2810=DIRECTION('',(-1.,0.,0.));
#2811=DIRECTION('',(0.,1.,0.));
#2812=DIRECTION('',(0.,0.,1.));
#2813=DIRECTION('',(0.,1.,0.));
#2814=DIRECTION('',(0.,0.,1.));
#2815=DIRECTION('',(0.,-1.,0.));
#2816=DIRECTION('',(0.,0.,-1.));
#2817=DIRECTION('',(0.,-1.,0.));
#2818=DIRECTION('',(0.,0.,-1.));
#2819=DIRECTION('',(0.,1.,0.));
#2820=DIRECTION('',(0.,0.,1.));
#2821=DIRECTION('',(0.,1.,0.));
#2822=DIRECTION('',(-1.,0.,0.));
#2823=DIRECTION('',(0.,-1.,0.));
#2824=DIRECTION('',(0.,0.,-1.));
#2825=DIRECTION('',(0.,1.,0.));
#2826=DIRECTION('',(-1.,0.,0.));
#2827=DIRECTION('',(0.,1.,0.));
#2828=DIRECTION('',(0.,0.,1.));
#2829=DIRECTION('',(0.,1.,0.));
#2830=DIRECTION('',(0.,0.,1.));
#2831=DIRECTION('',(0.,-1.,0.));
#2832=DIRECTION('',(0.,0.,-1.));
#2833=DIRECTION('',(0.,1.,0.));
#2834=DIRECTION('',(0.,0.,1.));
#2835=DIRECTION('',(0.,1.,0.));
#2836=DIRECTION('',(-1.,0.,0.));
#2837=DIRECTION('',(0.,1.,0.));
#2838=DIRECTION('',(0.,0.,1.));
#2839=DIRECTION('',(0.,-1.,0.));
#2840=DIRECTION('',(0.,0.,-1.));
#2841=DIRECTION('',(0.,1.,0.));
#2842=DIRECTION('',(0.,0.,1.));
#2843=DIRECTION('',(0.,1.,0.));
#2844=DIRECTION('',(-1.,0.,0.));
#2845=DIRECTION('',(0.,1.,0.));
#2846=DIRECTION('',(0.,0.,1.));
#2847=DIRECTION('',(0.,-1.,0.));
#2848=DIRECTION('',(0.,0.,-1.));
#2849=DIRECTION('',(1.,0.,0.));
#2850=DIRECTION('',(0.,0.,-1.));
#2851=DIRECTION('',(0.,0.,-1.));
#2852=DIRECTION('',(0.,0.,-1.));
#2853=DIRECTION('',(-1.,0.,0.));
#2854=DIRECTION('',(0.,0.,1.));
#2855=DIRECTION('',(0.,0.,1.));
#2856=DIRECTION('',(0.,-1.,0.));
#2857=DIRECTION('',(1.,0.,0.));
#2858=DIRECTION('',(1.,0.,0.));
#2859=DIRECTION('',(0.,0.,-1.));
#2860=DIRECTION('',(0.,0.,1.));
#2861=DIRECTION('',(0.,0.,-1.));
#2862=DIRECTION('',(1.,0.,0.));
#2863=DIRECTION('',(0.,0.,-1.));
#2864=DIRECTION('',(0.,0.,-1.));
#2865=DIRECTION('',(0.,-1.,0.));
#2866=DIRECTION('',(1.,0.,0.));
#2867=DIRECTION('',(-1.,0.,0.));
#2868=DIRECTION('',(0.,0.,1.));
#2869=DIRECTION('',(0.,0.,-1.));
#2870=DIRECTION('',(0.,-1.,0.));
#2871=DIRECTION('',(0.,0.,-1.));
#2872=DIRECTION('',(1.,0.,0.));
#2873=DIRECTION('',(0.,0.,-1.));
#2874=DIRECTION('',(0.,0.,1.));
#2875=DIRECTION('',(0.,0.,-1.));
#2876=DIRECTION('',(0.,1.,0.));
#2877=DIRECTION('',(0.,0.,1.));
#2878=DIRECTION('',(0.,0.,-1.));
#2879=DIRECTION('',(-1.,0.,0.));
#2880=DIRECTION('',(0.,0.,1.));
#2881=DIRECTION('',(0.,0.,-1.));
#2882=DIRECTION('',(0.,0.,1.));
#2883=DIRECTION('',(1.,0.,0.));
#2884=DIRECTION('',(0.,0.,-1.));
#2885=DIRECTION('',(-1.,0.,0.));
#2886=DIRECTION('',(0.,0.,1.));
#2887=DIRECTION('',(1.,0.,0.));
#2888=DIRECTION('',(0.,0.,-1.));
#2889=DIRECTION('',(-1.,0.,0.));
#2890=DIRECTION('',(0.,0.,1.));
#2891=DIRECTION('',(1.,0.,0.));
#2892=DIRECTION('',(0.,0.,1.));
#2893=DIRECTION('',(1.,0.,0.));
#2894=DIRECTION('',(0.,0.,1.));
#2895=DIRECTION('',(1.,0.,0.));
#2896=DIRECTION('',(0.,0.,1.));
#2897=DIRECTION('',(1.,0.,0.));
#2898=DIRECTION('',(0.,0.,1.));
#2899=DIRECTION('',(1.,0.,0.));
#2900=DIRECTION('',(0.,0.,1.));
#2901=DIRECTION('',(1.,0.,0.));
#2902=DIRECTION('',(0.,0.,1.));
#2903=DIRECTION('',(1.,0.,0.));
#2904=DIRECTION('',(0.,1.,0.));
#2905=DIRECTION('',(1.,0.,1.21734980770302E-16));
#2906=DIRECTION('',(0.,1.,0.));
#2907=DIRECTION('',(0.,0.,1.));
#2908=DIRECTION('',(0.,-1.,0.));
#2909=DIRECTION('',(0.,0.,-1.));
#2910=DIRECTION('',(0.,1.,0.));
#2911=DIRECTION('',(0.,0.,1.));
#2912=DIRECTION('',(0.,1.,0.));
#2913=DIRECTION('',(1.,0.,1.21734980770302E-16));
#2914=DIRECTION('',(0.,-1.,0.));
#2915=DIRECTION('',(0.,0.,-1.));
#2916=DIRECTION('',(0.,-1.,0.));
#2917=DIRECTION('',(0.000199653484588738,0.,-0.999999980069243));
#2918=DIRECTION('',(1.65211759616839E-16,0.,-1.));
#2919=DIRECTION('',(-1.,0.,-1.65211759616839E-16));
#2920=DIRECTION('',(-3.64246399155235E-16,1.,0.));
#2921=DIRECTION('',(-1.,-3.64246399155235E-16,0.));
#2922=DIRECTION('',(-3.64246399155235E-16,1.,0.));
#2923=DIRECTION('',(-1.,-3.64246399155235E-16,0.));
#2924=DIRECTION('',(0.,0.,-1.));
#2925=DIRECTION('',(-1.,0.,0.));
#2926=DIRECTION('',(0.,0.,-1.));
#2927=DIRECTION('',(-1.,0.,0.));
#2928=DIRECTION('',(0.,1.,0.));
#2929=DIRECTION('',(-1.,0.,0.));
#2930=DIRECTION('',(-0.5,0.,0.866025403784438));
#2931=DIRECTION('',(-1.,0.,-6.43849113744497E-16));
#2932=DIRECTION('',(-0.5,0.,-0.866025403784439));
#2933=DIRECTION('',(0.5,0.,-0.866025403784438));
#2934=DIRECTION('',(1.,0.,0.));
#2935=DIRECTION('',(0.5,0.,0.866025403784439));
#2936=DIRECTION('',(0.,1.,0.));
#2937=DIRECTION('',(-1.,0.,0.));
#2938=DIRECTION('',(-0.5,0.,0.866025403784438));
#2939=DIRECTION('',(-1.,0.,-6.43849113744497E-16));
#2940=DIRECTION('',(-0.5,0.,-0.866025403784439));
#2941=DIRECTION('',(0.5,0.,-0.866025403784438));
#2942=DIRECTION('',(1.,0.,0.));
#2943=DIRECTION('',(0.5,0.,0.866025403784439));
#2944=DIRECTION('',(-0.866025403784438,-0.5,0.));
#2945=DIRECTION('',(0.5,-0.866025403784438,0.));
#2946=DIRECTION('',(0.,0.,1.));
#2947=DIRECTION('',(0.5,-0.866025403784438,0.));
#2948=DIRECTION('',(0.,0.,1.));
#2949=DIRECTION('',(0.5,-0.866025403784438,0.));
#2950=DIRECTION('',(-0.866025403784439,0.5,0.));
#2951=DIRECTION('',(-0.5,-0.866025403784439,0.));
#2952=DIRECTION('',(-0.5,-0.866025403784439,0.));
#2953=DIRECTION('',(0.,0.,1.));
#2954=DIRECTION('',(-0.5,-0.866025403784439,0.));
#2955=DIRECTION('',(0.,1.,0.));
#2956=DIRECTION('',(0.,0.,1.));
#2957=DIRECTION('',(-1.,0.,0.));
#2958=DIRECTION('',(0.,0.,1.));
#2959=DIRECTION('',(-1.,0.,0.));
#2960=DIRECTION('',(0.866025403784439,0.5,0.));
#2961=DIRECTION('',(-0.5,0.866025403784439,0.));
#2962=DIRECTION('',(-0.5,0.866025403784439,0.));
#2963=DIRECTION('',(0.,0.,1.));
#2964=DIRECTION('',(-0.5,0.866025403784439,0.));
#2965=DIRECTION('',(0.866025403784439,-0.5,0.));
#2966=DIRECTION('',(0.5,0.866025403784439,0.));
#2967=DIRECTION('',(0.5,0.866025403784439,0.));
#2968=DIRECTION('',(0.,0.,1.));
#2969=DIRECTION('',(0.5,0.866025403784439,0.));
#2970=DIRECTION('',(0.,-1.,0.));
#2971=DIRECTION('',(0.,0.,-1.));
#2972=DIRECTION('',(1.,0.,0.));
#2973=DIRECTION('',(1.,0.,0.));
#2974=DIRECTION('',(0.,0.,-1.));
#2975=DIRECTION('',(1.,0.,0.));
#2976=DIRECTION('',(0.,0.,-1.));
#2977=DIRECTION('',(-1.,0.,0.));
#2978=DIRECTION('',(-0.61237243569579,-0.353553390593272,0.707106781186553));
#2979=DIRECTION('',(0.5,-0.866025403784439,0.));
#2980=DIRECTION('',(0.755928946018461,-8.64427212475833E-15,0.654653670707969));
#2981=DIRECTION('',(0.377964473009243,0.654653670707968,0.654653670707977));
#2982=DIRECTION('',(0.,-0.707106781186553,0.707106781186543));
#2983=DIRECTION('',(1.,0.,0.));
#2984=DIRECTION('',(-0.377964473009234,0.654653670707971,0.65465367070798));
#2985=DIRECTION('',(-0.612372435695787,0.353553390593269,0.707106781186557));
#2986=DIRECTION('',(-0.5,-0.866025403784439,0.));
#2987=DIRECTION('',(0.377964473009252,-0.654653670707966,0.654653670707974));
#2988=DIRECTION('',(0.612372435695795,-0.353553390593274,0.707106781186548));
#2989=DIRECTION('',(0.5,0.866025403784439,0.));
#2990=DIRECTION('',(0.755928946018457,9.62169983134253E-15,-0.654653670707974));
#2991=DIRECTION('',(0.,0.707106781186553,0.707106781186543));
#2992=DIRECTION('',(-1.,0.,0.));
#2993=DIRECTION('',(-0.377964473009242,-0.654653670707968,0.654653670707977));
#2994=DIRECTION('',(0.61237243569579,0.353553390593273,0.707106781186552));
#2995=DIRECTION('',(-0.5,0.866025403784438,0.));
#2996=DIRECTION('',(0.,0.,-1.));
#2997=DIRECTION('',(-1.,0.,0.));
#2998=DIRECTION('',(-0.866025403784438,-0.5,0.));
#2999=DIRECTION('',(0.5,-0.866025403784438,0.));
#3000=DIRECTION('',(0.,0.,1.));
#3001=DIRECTION('',(0.5,-0.866025403784438,0.));
#3002=DIRECTION('',(0.,0.,-1.));
#3003=DIRECTION('',(0.5,-0.866025403784438,0.));
#3004=DIRECTION('',(0.,0.,1.));
#3005=DIRECTION('',(0.5,-0.866025403784438,0.));
#3006=DIRECTION('',(-0.866025403784439,0.5,0.));
#3007=DIRECTION('',(-0.5,-0.866025403784439,0.));
#3008=DIRECTION('',(0.,0.,1.));
#3009=DIRECTION('',(-0.5,-0.866025403784439,0.));
#3010=DIRECTION('',(0.,0.,1.));
#3011=DIRECTION('',(-0.5,-0.866025403784439,0.));
#3012=DIRECTION('',(-0.5,-0.866025403784439,0.));
#3013=DIRECTION('',(0.,1.,0.));
#3014=DIRECTION('',(0.,0.,1.));
#3015=DIRECTION('',(-1.,0.,0.));
#3016=DIRECTION('',(0.,0.,1.));
#3017=DIRECTION('',(-1.,0.,0.));
#3018=DIRECTION('',(0.866025403784439,0.5,0.));
#3019=DIRECTION('',(-0.5,0.866025403784439,0.));
#3020=DIRECTION('',(-0.5,0.866025403784439,0.));
#3021=DIRECTION('',(-0.5,0.866025403784439,0.));
#3022=DIRECTION('',(0.,-1.,0.));
#3023=DIRECTION('',(0.,0.,-1.));
#3024=DIRECTION('',(-9.35208550226842E-17,0.,-1.));
#3025=DIRECTION('',(1.,0.,0.));
#3026=DIRECTION('',(1.,0.,0.));
#3027=DIRECTION('',(0.,0.,-1.));
#3028=DIRECTION('',(1.,0.,0.));
#3029=DIRECTION('',(0.,0.,-1.));
#3030=DIRECTION('',(-1.,0.,0.));
#3031=DIRECTION('',(0.,0.,-1.));
#3032=DIRECTION('',(-1.,0.,0.));
#3033=DIRECTION('',(0.486854227285107,-0.873483234741584,0.));
#3034=DIRECTION('',(0.612372435695799,-0.353553390593276,0.707106781186543));
#3035=DIRECTION('',(0.5,0.866025403784439,0.));
#3036=DIRECTION('',(-0.377964473009225,0.654653670707973,0.654653670707982));
#3037=DIRECTION('',(0.250562807085709,0.935113126531029,0.250562807085754));
#3038=DIRECTION('',(0.,-0.707106781186553,0.707106781186543));
#3039=DIRECTION('',(1.,0.,0.));
#3040=DIRECTION('',(0.377964473009261,0.654653670707963,0.654653670707972));
#3041=DIRECTION('',(0.965925826289074,-0.258819045102499,0.));
#3042=DIRECTION('',(0.,0.,-1.));
#3043=DIRECTION('',(-0.25056280708571,-0.935113126531033,-0.250562807085741));
#3044=DIRECTION('',(-0.612372435695782,-0.353553390593267,0.707106781186562));
#3045=DIRECTION('',(0.5,-0.866025403784439,0.));
#3046=DIRECTION('',(-0.612372435695781,0.353553390593266,-0.707106781186563));
#3047=DIRECTION('',(0.5,0.866025403784439,0.));
#3048=DIRECTION('',(0.755928946018453,-6.42568566586978E-14,-0.654653670707979));
#3049=DIRECTION('',(0.,0.,-1.));
#3050=DIRECTION('',(-1.,0.,0.));
#3051=DIRECTION('',(-0.612372435695811,-0.353553390593285,-0.707106781186528));
#3052=DIRECTION('',(-0.5,0.866025403784438,0.));
#3053=DIRECTION('',(0.250562807085708,-0.935113126531026,0.250562807085766));
#3054=DIRECTION('',(-0.873483234741584,-0.486854227285107,0.));
#3055=DIRECTION('',(0.,0.,-1.));
#3056=DIRECTION('',(-0.366670625554142,0.657857375255352,-0.657857375255361));
#3057=DIRECTION('',(0.965925826289074,0.258819045102499,0.));
#3058=DIRECTION('',(0.,0.,1.));
#3059=DIRECTION('',(-0.25056280708571,0.935113126531032,-0.250562807085745));
#3060=DIRECTION('',(0.,0.707106781186553,0.707106781186543));
#3061=DIRECTION('',(-1.,0.,0.));
#3062=DIRECTION('',(-0.377964473009255,-0.654653670707965,0.654653670707974));
#3063=DIRECTION('',(0.612372435695784,0.353553390593269,0.70710678118656));
#3064=DIRECTION('',(-0.5,0.866025403784438,0.));
#3065=DIRECTION('',(0.,0.,-1.));
#3066=DIRECTION('',(-1.,0.,0.));
#3067=DIRECTION('',(0.,1.,0.));
#3068=DIRECTION('',(-1.,0.,0.));
#3069=DIRECTION('',(-0.5,0.,0.866025403784438));
#3070=DIRECTION('',(0.5,0.,0.866025403784439));
#3071=DIRECTION('',(1.,0.,0.));
#3072=DIRECTION('',(0.5,0.,-0.866025403784438));
#3073=DIRECTION('',(-0.5,0.,-0.866025403784439));
#3074=DIRECTION('',(-1.,0.,-6.43849113744497E-16));
#3075=DIRECTION('',(-0.866025403784438,0.,-0.5));
#3076=DIRECTION('',(-0.5,0.,0.866025403784438));
#3077=DIRECTION('',(0.,1.,0.));
#3078=DIRECTION('',(0.,1.,0.));
#3079=DIRECTION('',(-0.866025403784439,0.,0.5));
#3080=DIRECTION('',(0.5,0.,0.86602540378444));
#3081=DIRECTION('',(0.,1.,0.));
#3082=DIRECTION('',(0.,0.,1.));
#3083=DIRECTION('',(1.,0.,0.));
#3084=DIRECTION('',(0.,1.,0.));
#3085=DIRECTION('',(0.866025403784438,0.,0.5));
#3086=DIRECTION('',(0.5,0.,-0.866025403784438));
#3087=DIRECTION('',(0.,1.,0.));
#3088=DIRECTION('',(0.86602540378444,0.,-0.5));
#3089=DIRECTION('',(-0.5,0.,-0.86602540378444));
#3090=DIRECTION('',(0.,1.,0.));
#3091=DIRECTION('',(6.43849113744498E-16,0.,-1.));
#3092=DIRECTION('',(-1.,0.,-6.43849113744498E-16));
#3093=DIRECTION('',(0.,1.,0.));
#3094=DIRECTION('',(-1.,0.,0.));
#3095=DIRECTION('',(-0.5,0.,0.866025403784438));
#3096=DIRECTION('',(0.5,0.,0.866025403784439));
#3097=DIRECTION('',(1.,0.,0.));
#3098=DIRECTION('',(0.5,0.,-0.866025403784438));
#3099=DIRECTION('',(-0.5,0.,-0.866025403784439));
#3100=DIRECTION('',(-1.,0.,-6.43849113744497E-16));
#3101=DIRECTION('',(-0.866025403784438,0.,-0.5));
#3102=DIRECTION('',(-0.5,0.,0.866025403784438));
#3103=DIRECTION('',(0.,1.,0.));
#3104=DIRECTION('',(0.,1.,0.));
#3105=DIRECTION('',(-0.866025403784439,0.,0.5));
#3106=DIRECTION('',(0.5,0.,0.86602540378444));
#3107=DIRECTION('',(0.,1.,0.));
#3108=DIRECTION('',(0.,0.,1.));
#3109=DIRECTION('',(1.,0.,0.));
#3110=DIRECTION('',(0.,1.,0.));
#3111=DIRECTION('',(0.866025403784438,0.,0.5));
#3112=DIRECTION('',(0.5,0.,-0.866025403784438));
#3113=DIRECTION('',(0.,1.,0.));
#3114=DIRECTION('',(0.86602540378444,0.,-0.5));
#3115=DIRECTION('',(-0.5,0.,-0.86602540378444));
#3116=DIRECTION('',(0.,1.,0.));
#3117=DIRECTION('',(6.43849113744498E-16,0.,-1.));
#3118=DIRECTION('',(-1.,0.,-6.43849113744498E-16));
#3119=CARTESIAN_POINT('',(0.,0.,0.));
#3120=CARTESIAN_POINT('',(0.120662,-0.0619,0.00493));
#3121=CARTESIAN_POINT('',(0.120662,-0.085008,0.00493));
#3122=CARTESIAN_POINT('',(0.120662,-0.085008,0.00748));
#3123=CARTESIAN_POINT('',(0.120662,-0.0667,0.00493));
#3124=CARTESIAN_POINT('',(0.120662,-0.0667,0.00748));
#3125=CARTESIAN_POINT('',(0.073522,-0.0619,0.00493));
#3126=CARTESIAN_POINT('',(0.073522,-0.085008,0.00493));
#3127=CARTESIAN_POINT('',(0.073522,-0.085008,0.00748));
#3128=CARTESIAN_POINT('',(0.073522,-0.0667,0.00493));
#3129=CARTESIAN_POINT('',(0.073522,-0.0667,0.00748));
#3130=CARTESIAN_POINT('',(0.,-0.0134153000348836,0.));
#3131=CARTESIAN_POINT('',(0.12065,-0.0254,0.));
#3132=CARTESIAN_POINT('',(0.1232027,-0.0254,0.));
#3133=CARTESIAN_POINT('',(0.12065,0.0762,0.));
#3134=CARTESIAN_POINT('',(0.1232027,0.0762,0.));
#3135=CARTESIAN_POINT('',(0.0762,0.0762,0.));
#3136=CARTESIAN_POINT('',(0.0787527,0.0762,0.));
#3137=CARTESIAN_POINT('',(0.0762,0.0508,0.));
#3138=CARTESIAN_POINT('',(0.0787527,0.0508,0.));
#3139=CARTESIAN_POINT('',(0.12065,-1.37214800136053E-17,0.));
#3140=CARTESIAN_POINT('',(0.1232027,-1.37214800136053E-17,0.));
#3141=CARTESIAN_POINT('',(0.12065,0.0254,0.));
#3142=CARTESIAN_POINT('',(0.1232027,0.0254,0.));
#3143=CARTESIAN_POINT('',(0.12065,0.0508,0.));
#3144=CARTESIAN_POINT('',(0.1232027,0.0508,0.));
#3145=CARTESIAN_POINT('',(0.120662,-0.0635,0.));
#3146=CARTESIAN_POINT('',(0.128212,-0.0635,0.));
#3147=CARTESIAN_POINT('',(0.113112,-0.0635,0.));
#3148=CARTESIAN_POINT('',(0.128212,-0.06155,0.));
#3149=CARTESIAN_POINT('',(0.128212,-0.04055,0.));
#3150=CARTESIAN_POINT('',(0.120662,-0.04055,0.));
#3151=CARTESIAN_POINT('',(0.113112,-0.04055,0.));
#3152=CARTESIAN_POINT('',(0.113112,-0.06155,0.));
#3153=CARTESIAN_POINT('',(0.0816516010493096,-0.050927,0.));
#3154=CARTESIAN_POINT('',(0.081072,-0.0519308984655242,0.));
#3155=CARTESIAN_POINT('',(0.0817249245334967,-0.0508,0.));
#3156=CARTESIAN_POINT('',(0.0812919704525613,-0.0500501015344758,0.));
#3157=CARTESIAN_POINT('',(0.081072,-0.0496691015344758,0.));
#3158=CARTESIAN_POINT('',(0.081072,-0.06155,0.));
#3159=CARTESIAN_POINT('',(0.081072,-0.04055,0.));
#3160=CARTESIAN_POINT('',(0.078572,-0.04055,0.));
#3161=CARTESIAN_POINT('',(0.0772392743942768,-0.04055,0.));
#3162=CARTESIAN_POINT('',(3.46944695195361E-18,2.08166817117217E-17,0.));
#3163=CARTESIAN_POINT('',(0.05715,0.0659096768991807,0.));
#3164=CARTESIAN_POINT('',(0.05715,0.0774048384495903,0.));
#3165=CARTESIAN_POINT('',(0.05715,0.0889,0.));
#3166=CARTESIAN_POINT('',(0.09525,0.0889,0.));
#3167=CARTESIAN_POINT('',(0.13335,0.0889,0.));
#3168=CARTESIAN_POINT('',(0.13335,0.,0.));
#3169=CARTESIAN_POINT('',(0.13335,-0.0889,0.));
#3170=CARTESIAN_POINT('',(0.09525,-0.0889,0.));
#3171=CARTESIAN_POINT('',(0.12859199999615,-0.0889,0.));
#3172=CARTESIAN_POINT('',(0.12859199999615,-0.1139,0.));
#3173=CARTESIAN_POINT('',(0.12859199999615,-0.1139,0.));
#3174=CARTESIAN_POINT('',(0.09525,-0.1139,0.));
#3175=CARTESIAN_POINT('',(0.125592,-0.1139,0.));
#3176=CARTESIAN_POINT('',(0.125592,-0.1139,0.));
#3177=CARTESIAN_POINT('',(0.125592,-0.085008,0.));
#3178=CARTESIAN_POINT('',(0.09525,-0.085008,0.));
#3179=CARTESIAN_POINT('',(0.068592,-0.085008,0.));
#3180=CARTESIAN_POINT('',(0.068592,-0.1139,0.));
#3181=CARTESIAN_POINT('',(0.068592,-0.1139,0.));
#3182=CARTESIAN_POINT('',(0.09525,-0.1139,0.));
#3183=CARTESIAN_POINT('',(0.0655920000038505,-0.1139,0.));
#3184=CARTESIAN_POINT('',(0.0655920000038505,-0.1139,0.));
#3185=CARTESIAN_POINT('',(0.0655920000038505,-0.0889,0.));
#3186=CARTESIAN_POINT('',(0.09525,-0.0889,0.));
#3187=CARTESIAN_POINT('',(0.05715,-0.0889,0.));
#3188=CARTESIAN_POINT('',(0.05715,-0.0774048384495903,0.));
#3189=CARTESIAN_POINT('',(0.05715,-0.0659096768991807,0.));
#3190=CARTESIAN_POINT('',(3.46944695195361E-18,2.08166817117217E-17,0.));
#3191=CARTESIAN_POINT('',(0.065972,-0.0570780450344472,0.));
#3192=CARTESIAN_POINT('',(0.065972,-0.06155,0.));
#3193=CARTESIAN_POINT('',(0.065972,-0.0635,0.));
#3194=CARTESIAN_POINT('',(0.078572,-0.0635,0.));
#3195=CARTESIAN_POINT('',(0.081072,-0.0635,0.));
#3196=CARTESIAN_POINT('',(0.081072,-0.06155,0.));
#3197=CARTESIAN_POINT('',(3.46944695195361E-18,2.08166817117217E-17,0.0285021519944541));
#3198=CARTESIAN_POINT('',(3.46944695195361E-18,2.08166817117217E-17,0.0125));
#3199=CARTESIAN_POINT('',(0.0772392743942768,-0.04055,0.0125));
#3200=CARTESIAN_POINT('',(0.0741962196798153,-0.0458816847356217,0.0125));
#3201=CARTESIAN_POINT('',(0.0741962196798153,-0.0458816847356217,0.0285021519944541));
#3202=CARTESIAN_POINT('',(0.0741962196798153,-0.0458816847356217,0.0160941));
#3203=CARTESIAN_POINT('',(3.46944695195361E-18,2.08166817117217E-17,0.0160941));
#3204=CARTESIAN_POINT('',(0.065972,-0.0570780450344472,0.0160941));
#3205=CARTESIAN_POINT('',(0.065972,-0.0570780450344472,0.0125));
#3206=CARTESIAN_POINT('',(0.05715,-0.0659096768991807,0.0285021519944541));
#3207=CARTESIAN_POINT('',(0.05715,-0.0659096768991807,0.0285001519944541));
#3208=CARTESIAN_POINT('',(3.46944695195361E-18,2.08166817117217E-17,0.0285001519944541));
#3209=CARTESIAN_POINT('',(0.0857566790923855,-0.016,0.0285001519944541));
#3210=CARTESIAN_POINT('',(0.0857566790923855,-0.016,0.0285021519944541));
#3211=CARTESIAN_POINT('',(0.0857566790923855,-0.016,0.0135801519944541));
#3212=CARTESIAN_POINT('',(3.46944695195361E-18,2.08166817117217E-17,0.0135801519944541));
#3213=CARTESIAN_POINT('',(0.0857566790923855,0.016,0.0135801519944541));
#3214=CARTESIAN_POINT('',(0.0857566790923855,0.016,0.0285021519944541));
#3215=CARTESIAN_POINT('',(0.0857566790923855,0.016,0.0285001519944541));
#3216=CARTESIAN_POINT('',(3.46944695195361E-18,2.08166817117217E-17,0.0285001519944541));
#3217=CARTESIAN_POINT('',(0.05715,0.0659096768991807,0.0285001519944541));
#3218=CARTESIAN_POINT('',(0.05715,0.0659096768991807,0.0285021519944541));
#3219=CARTESIAN_POINT('',(0.0772392743942768,-0.04055,0.0125));
#3220=CARTESIAN_POINT('',(0.081072,-0.06155,0.0125));
#3221=CARTESIAN_POINT('',(0.081072,-0.0641738203068951,0.00725235938621008));
#3222=CARTESIAN_POINT('',(0.081072,-0.0501090424395983,0.00021997045256124));
#3223=CARTESIAN_POINT('',(0.081072,-0.0501090424395983,0.0125));
#3224=CARTESIAN_POINT('',(0.081072,-0.0501090424395983,0.0127199704525612));
#3225=CARTESIAN_POINT('',(0.081072,-0.0322790438837324,0.00380497117462861));
#3226=CARTESIAN_POINT('',(0.081072,-0.0496691015344758,0.0125));
#3227=CARTESIAN_POINT('',(0.081072,-0.06155,0.0125));
#3228=CARTESIAN_POINT('',(0.081072,-0.04055,0.0125));
#3229=CARTESIAN_POINT('',(0.081072,-0.04055,0.0125));
#3230=CARTESIAN_POINT('',(0.081072,-0.06155,0.0125));
#3231=CARTESIAN_POINT('',(0.081072,-0.0233609561162675,0.0267849711746285));
#3232=CARTESIAN_POINT('',(0.081072,-0.0519308984655242,0.0125));
#3233=CARTESIAN_POINT('',(0.081072,-0.0514909575604017,0.0127199704525612));
#3234=CARTESIAN_POINT('',(0.081072,-0.0514909575604017,0.0125));
#3235=CARTESIAN_POINT('',(0.081072,-0.0514909575604017,0.000219970452561243));
#3236=CARTESIAN_POINT('',(0.081072,-0.0546261796931051,-0.00134764061379038));
#3237=CARTESIAN_POINT('',(0.081072,-0.0635,0.0125));
#3238=CARTESIAN_POINT('',(0.081072,-0.0635,0.0125));
#3239=CARTESIAN_POINT('',(0.081072,-0.06155,0.0125));
#3240=CARTESIAN_POINT('',(0.09525,-0.0125,0.0125));
#3241=CARTESIAN_POINT('',(0.09525,-0.055584725,0.0125));
#3242=CARTESIAN_POINT('',(0.0734375377332517,-0.055584725,0.0125));
#3243=CARTESIAN_POINT('',(0.0789624622667483,-0.055584725,0.0125));
#3244=CARTESIAN_POINT('',(0.101690579882594,-0.0162184705289532,0.0125));
#3245=CARTESIAN_POINT('',(0.078572,-0.0635,0.0125));
#3246=CARTESIAN_POINT('',(0.065972,-0.0635,0.0125));
#3247=CARTESIAN_POINT('',(0.065972,-0.06155,0.0125));
#3248=CARTESIAN_POINT('',(0.065972,-0.0624331180818647,0.0125));
#3249=CARTESIAN_POINT('',(3.46944695195361E-18,2.08166817117217E-17,0.0125));
#3250=CARTESIAN_POINT('',(0.0727468342406958,-0.054388391457928,0.0125));
#3251=CARTESIAN_POINT('',(0.0602344201174055,-0.0327162544710468,0.0125));
#3252=CARTESIAN_POINT('',(0.09525,-0.0125,0.0125));
#3253=CARTESIAN_POINT('',(0.0685218069176505,-0.0279315294710468,0.0125));
#3254=CARTESIAN_POINT('',(0.0789624622667483,-0.046015275,0.0125));
#3255=CARTESIAN_POINT('',(0.09525,-0.046015275,0.0125));
#3256=CARTESIAN_POINT('',(0.0742706790195597,-0.046015275,0.0125));
#3257=CARTESIAN_POINT('',(0.0649906728351825,-0.0293656715539055,0.0125));
#3258=CARTESIAN_POINT('',(0.078572,-0.04055,0.0125));
#3259=CARTESIAN_POINT('',(0.0762,-0.0508,-0.006352));
#3260=CARTESIAN_POINT('',(0.0762,-0.0508,0.0160941));
#3261=CARTESIAN_POINT('',(0.0736473,-0.0508,0.0160941));
#3262=CARTESIAN_POINT('',(0.0762,-0.0508,0.0285001519944541));
#3263=CARTESIAN_POINT('',(0.0787527,-0.0508,0.0285001519944541));
#3264=CARTESIAN_POINT('',(0.09525,-0.0125,0.0125));
#3265=CARTESIAN_POINT('',(0.135028079882594,-0.0354658851280623,0.0125));
#3266=CARTESIAN_POINT('',(0.123412462266748,-0.055584725,0.0125));
#3267=CARTESIAN_POINT('',(0.126174924533497,-0.0508,0.0125));
#3268=CARTESIAN_POINT('',(0.10185930691765,-0.00868411487193767,0.0125));
#3269=CARTESIAN_POINT('',(0.123412462266748,-0.046015275,0.0125));
#3270=CARTESIAN_POINT('',(0.09525,-0.046015275,0.0125));
#3271=CARTESIAN_POINT('',(0.117887537733252,-0.046015275,0.0125));
#3272=CARTESIAN_POINT('',(0.126740693082349,-0.0306811601280624,0.0125));
#3273=CARTESIAN_POINT('',(0.115125075466503,-0.0508,0.0125));
#3274=CARTESIAN_POINT('',(0.0935719201174055,-0.0134688398719376,0.0125));
#3275=CARTESIAN_POINT('',(0.117887537733252,-0.055584725,0.0125));
#3276=CARTESIAN_POINT('',(0.09525,-0.055584725,0.0125));
#3277=CARTESIAN_POINT('',(0.120662,-0.0635,0.0125));
#3278=CARTESIAN_POINT('',(0.113112,-0.0635,0.0125));
#3279=CARTESIAN_POINT('',(0.128212,-0.0635,0.0125));
#3280=CARTESIAN_POINT('',(0.113112,-0.06155,0.0125));
#3281=CARTESIAN_POINT('',(0.113112,-0.04055,0.0125));
#3282=CARTESIAN_POINT('',(0.120662,-0.04055,0.0125));
#3283=CARTESIAN_POINT('',(0.128212,-0.04055,0.0125));
#3284=CARTESIAN_POINT('',(0.128212,-0.06155,0.0125));
#3285=CARTESIAN_POINT('',(0.12065,-0.0508,-0.006352));
#3286=CARTESIAN_POINT('',(0.12065,-0.0508,0.0160941));
#3287=CARTESIAN_POINT('',(0.1180973,-0.0508,0.0160941));
#3288=CARTESIAN_POINT('',(0.12065,-0.0508,0.0285001519944541));
#3289=CARTESIAN_POINT('',(0.1232027,-0.0508,0.0285001519944541));
#3290=CARTESIAN_POINT('',(0.097092,-0.015,0.0285001519944541));
#3291=CARTESIAN_POINT('',(0.097092,0.016,0.0285001519944541));
#3292=CARTESIAN_POINT('',(0.0970914110201845,0.016,0.0135801309849328));
#3293=CARTESIAN_POINT('',(0.112012,0.016,0.0285001519944541));
#3294=CARTESIAN_POINT('',(0.097092,0.,0.0135801519944541));
#3295=CARTESIAN_POINT('',(0.097092,-0.016,0.0135801519944541));
#3296=CARTESIAN_POINT('',(0.097092,-0.016,0.0285001519944541));
#3297=CARTESIAN_POINT('',(0.112012,-0.016,0.0285001519944541));
#3298=CARTESIAN_POINT('',(0.112012,-0.015,0.0285001519944541));
#3299=CARTESIAN_POINT('',(0.097092,0.,0.0285001519944541));
#3300=CARTESIAN_POINT('',(0.0762,-0.0762,0.0285001519944541));
#3301=CARTESIAN_POINT('',(0.0787527,-0.0762,0.0285001519944541));
#3302=CARTESIAN_POINT('',(0.0910915853527066,-0.062006,0.0285001519558999));
#3303=CARTESIAN_POINT('',(0.0910915853527048,-0.077008,0.028500151975177));
#3304=CARTESIAN_POINT('',(0.0910915853527048,-0.083408,0.028500151975177));
#3305=CARTESIAN_POINT('',(0.097092,-0.077008,0.0285001519944541));
#3306=CARTESIAN_POINT('',(0.0835920000008557,-0.077008,0.0285001519944541));
#3307=CARTESIAN_POINT('',(0.0835920000008557,-0.046008,0.0285001519944541));
#3308=CARTESIAN_POINT('',(0.0835920000008557,-0.075008,0.0285001519944541));
#3309=CARTESIAN_POINT('',(0.097092,-0.075008,0.0285001519944541));
#3310=CARTESIAN_POINT('',(0.079592,-0.075008,0.0285001519944541));
#3311=CARTESIAN_POINT('',(0.079592,-0.061008,0.0285001519944541));
#3312=CARTESIAN_POINT('',(0.079592,-0.066008,0.0285001519944541));
#3313=CARTESIAN_POINT('',(0.097092,-0.066008,0.0285001519944541));
#3314=CARTESIAN_POINT('',(0.0835920000008557,-0.066008,0.0285001519944541));
#3315=CARTESIAN_POINT('',(0.0835920000008557,-0.046008,0.0285001519944541));
#3316=CARTESIAN_POINT('',(0.0835920000008557,-0.056008,0.0285001519944541));
#3317=CARTESIAN_POINT('',(0.097092,-0.056008,0.0285001519944541));
#3318=CARTESIAN_POINT('',(0.079592,-0.056008,0.0285001519944541));
#3319=CARTESIAN_POINT('',(0.079592,-0.061008,0.0285001519944541));
#3320=CARTESIAN_POINT('',(0.079592,-0.047008,0.0285001519944541));
#3321=CARTESIAN_POINT('',(0.097092,-0.047008,0.0285001519944541));
#3322=CARTESIAN_POINT('',(0.0835920000008557,-0.047008,0.0285001519944541));
#3323=CARTESIAN_POINT('',(0.0835920000008557,-0.046008,0.0285001519944541));
#3324=CARTESIAN_POINT('',(0.0835920000008557,-0.045008,0.0285001519944541));
#3325=CARTESIAN_POINT('',(0.097092,-0.045008,0.0285001519944541));
#3326=CARTESIAN_POINT('',(0.0925920000015771,-0.045008,0.0285001424948007));
#3327=CARTESIAN_POINT('',(0.0925920000011961,-0.04501,0.0285001329951473));
#3328=CARTESIAN_POINT('',(0.0925920000011961,-0.0245,0.0285001329951473));
#3329=CARTESIAN_POINT('',(0.097092,-0.0245,0.0285001519944541));
#3330=CARTESIAN_POINT('',(0.089342,-0.0245,0.0285001519944541));
#3331=CARTESIAN_POINT('',(0.089342,-0.0235,0.0285001519944541));
#3332=CARTESIAN_POINT('',(0.089342,-0.021,0.0285001519944541));
#3333=CARTESIAN_POINT('',(0.097092,-0.021,0.0285001519944541));
#3334=CARTESIAN_POINT('',(0.088092,-0.021,0.0285001519944541));
#3335=CARTESIAN_POINT('',(0.088092,-0.02,0.0285001519944541));
#3336=CARTESIAN_POINT('',(0.088092,-0.016,0.0285001519944541));
#3337=CARTESIAN_POINT('',(0.097092,-0.016,0.0285001519944541));
#3338=CARTESIAN_POINT('',(0.05715,-0.0774048384495903,0.0285001519944541));
#3339=CARTESIAN_POINT('',(0.05715,-0.0889,0.0285001519944541));
#3340=CARTESIAN_POINT('',(0.09525,-0.0889,0.0285001519944541));
#3341=CARTESIAN_POINT('',(0.0655920000038505,-0.0889,0.0285001519944541));
#3342=CARTESIAN_POINT('',(0.0655920000038505,-0.1139,0.0285001519944541));
#3343=CARTESIAN_POINT('',(0.0655920000038505,-0.1139,0.0285001519944541));
#3344=CARTESIAN_POINT('',(0.09525,-0.1139,0.0285001519944541));
#3345=CARTESIAN_POINT('',(0.068592,-0.1139,0.0285001329951473));
#3346=CARTESIAN_POINT('',(0.068592,-0.1139,0.0285001329951473));
#3347=CARTESIAN_POINT('',(0.068592,-0.0889,0.0285001329951473));
#3348=CARTESIAN_POINT('',(0.068592,0.,0.0285001519944541));
#3349=CARTESIAN_POINT('',(0.068592,-0.085008,0.0285001519944541));
#3350=CARTESIAN_POINT('',(0.09525,-0.085008,0.0285001519944541));
#3351=CARTESIAN_POINT('',(0.0775420000011403,-0.085008,0.0285001424948007));
#3352=CARTESIAN_POINT('',(0.0775420000007941,-0.083406,0.0285001329951473));
#3353=CARTESIAN_POINT('',(0.0775420000011403,-0.083408,0.0285001424948007));
#3354=CARTESIAN_POINT('',(0.09525,-0.083408,0.0285001519944541));
#3355=CARTESIAN_POINT('',(0.097092,0.,0.0285001519944541));
#3356=CARTESIAN_POINT('',(0.12065,-0.0762,0.0285001519944541));
#3357=CARTESIAN_POINT('',(0.1232027,-0.0762,0.0285001519944541));
#3358=CARTESIAN_POINT('',(0.12065,0.0508,0.0285001519944541));
#3359=CARTESIAN_POINT('',(0.1232027,0.0508,0.0285001519944541));
#3360=CARTESIAN_POINT('',(0.12065,0.0254,0.0285001519944541));
#3361=CARTESIAN_POINT('',(0.1232027,0.0254,0.0285001519944541));
#3362=CARTESIAN_POINT('',(0.12065,-1.37214800136053E-17,0.0285001519944541));
#3363=CARTESIAN_POINT('',(0.1232027,-1.37214800136053E-17,0.0285001519944541));
#3364=CARTESIAN_POINT('',(0.12065,0.0762,0.0285001519944541));
#3365=CARTESIAN_POINT('',(0.1232027,0.0762,0.0285001519944541));
#3366=CARTESIAN_POINT('',(0.12065,-0.0254,0.0285001519944541));
#3367=CARTESIAN_POINT('',(0.1232027,-0.0254,0.0285001519944541));
#3368=CARTESIAN_POINT('',(0.103092418521895,-0.077008,0.0285001519944541));
#3369=CARTESIAN_POINT('',(0.103092418521895,-0.077008,0.0285001519944541));
#3370=CARTESIAN_POINT('',(0.103092418521895,-0.083408,0.0285001519944541));
#3371=CARTESIAN_POINT('',(0.09525,-0.083408,0.0285001519944541));
#3372=CARTESIAN_POINT('',(0.11664199999886,-0.083408,0.0285001424948007));
#3373=CARTESIAN_POINT('',(0.116641999999206,-0.083406,0.0285001329951473));
#3374=CARTESIAN_POINT('',(0.11664199999886,-0.085008,0.0285001424948007));
#3375=CARTESIAN_POINT('',(0.09525,-0.085008,0.0285001519944541));
#3376=CARTESIAN_POINT('',(0.125592,-0.085008,0.0285001519944541));
#3377=CARTESIAN_POINT('',(0.125592,0.,0.0285001519944541));
#3378=CARTESIAN_POINT('',(0.125592,-0.0889,0.0285001329951473));
#3379=CARTESIAN_POINT('',(0.125592,-0.1139,0.0285001329951473));
#3380=CARTESIAN_POINT('',(0.125592,-0.1139,0.0285001329951473));
#3381=CARTESIAN_POINT('',(0.09525,-0.1139,0.0285001519944541));
#3382=CARTESIAN_POINT('',(0.12859199999615,-0.1139,0.0285001519944541));
#3383=CARTESIAN_POINT('',(0.12859199999615,-0.1139,0.0285001519944541));
#3384=CARTESIAN_POINT('',(0.12859199999615,-0.0889,0.0285001519944541));
#3385=CARTESIAN_POINT('',(0.09525,-0.0889,0.0285001519944541));
#3386=CARTESIAN_POINT('',(0.13335,-0.0889,0.0285001519944541));
#3387=CARTESIAN_POINT('',(0.13335,0.,0.0285001519944541));
#3388=CARTESIAN_POINT('',(0.13335,0.0889,0.0285001519944541));
#3389=CARTESIAN_POINT('',(0.09525,0.0889,0.0285001519944541));
#3390=CARTESIAN_POINT('',(0.10159199999744,0.0889,0.0285001519944541));
#3391=CARTESIAN_POINT('',(0.10159199999744,0.033798,0.0285001519944541));
#3392=CARTESIAN_POINT('',(0.10159199999744,0.0338,0.0285001519944541));
#3393=CARTESIAN_POINT('',(0.097092,0.0338,0.0285001519944541));
#3394=CARTESIAN_POINT('',(0.104842,0.0338,0.0285001519944541));
#3395=CARTESIAN_POINT('',(0.104842,0.0328,0.0285001519944541));
#3396=CARTESIAN_POINT('',(0.104842,0.0303,0.0285001519944541));
#3397=CARTESIAN_POINT('',(0.097092,0.0303,0.0285001519944541));
#3398=CARTESIAN_POINT('',(0.106092,0.0303,0.0285001519944541));
#3399=CARTESIAN_POINT('',(0.106092,0.0293,0.0285001519944541));
#3400=CARTESIAN_POINT('',(0.106092,0.0253,0.0285001519944541));
#3401=CARTESIAN_POINT('',(0.097092,0.0253,0.0285001519944541));
#3402=CARTESIAN_POINT('',(0.108092,0.0253,0.0285001519944541));
#3403=CARTESIAN_POINT('',(0.108092,0.0243,0.0285001519944541));
#3404=CARTESIAN_POINT('',(0.108092,0.016,0.0285001519944541));
#3405=CARTESIAN_POINT('',(0.097092,0.016,0.0285001519944541));
#3406=CARTESIAN_POINT('',(0.097092,-0.016,0.0285001519944541));
#3407=CARTESIAN_POINT('',(0.106092,-0.016,0.0285001519944541));
#3408=CARTESIAN_POINT('',(0.106092,-0.02,0.0285001519944541));
#3409=CARTESIAN_POINT('',(0.106092,-0.021,0.0285001519944541));
#3410=CARTESIAN_POINT('',(0.097092,-0.021,0.0285001519944541));
#3411=CARTESIAN_POINT('',(0.104842,-0.021,0.0285001519944541));
#3412=CARTESIAN_POINT('',(0.104842,-0.0235,0.0285001519944541));
#3413=CARTESIAN_POINT('',(0.104842,-0.0245,0.0285001519944541));
#3414=CARTESIAN_POINT('',(0.097092,-0.0245,0.0285001519944541));
#3415=CARTESIAN_POINT('',(0.10159199999744,-0.0245,0.0285001519944541));
#3416=CARTESIAN_POINT('',(0.10159199999744,-0.04501,0.0285001519944541));
#3417=CARTESIAN_POINT('',(0.10159199999744,-0.045008,0.0285001519944541));
#3418=CARTESIAN_POINT('',(0.097092,-0.045008,0.0285001519944541));
#3419=CARTESIAN_POINT('',(0.110591999999144,-0.045008,0.0285001519944541));
#3420=CARTESIAN_POINT('',(0.110591999999144,-0.046008,0.0285001519944541));
#3421=CARTESIAN_POINT('',(0.110591999999144,-0.047008,0.0285001519944541));
#3422=CARTESIAN_POINT('',(0.097092,-0.047008,0.0285001519944541));
#3423=CARTESIAN_POINT('',(0.114592,-0.047008,0.0285001519944541));
#3424=CARTESIAN_POINT('',(0.114592,-0.061008,0.0285001519944541));
#3425=CARTESIAN_POINT('',(0.114592,-0.056008,0.0285001519944541));
#3426=CARTESIAN_POINT('',(0.097092,-0.056008,0.0285001519944541));
#3427=CARTESIAN_POINT('',(0.110591999999144,-0.056008,0.0285001519944541));
#3428=CARTESIAN_POINT('',(0.110591999999144,-0.046008,0.0285001519944541));
#3429=CARTESIAN_POINT('',(0.110591999999144,-0.066008,0.0285001519944541));
#3430=CARTESIAN_POINT('',(0.097092,-0.066008,0.0285001519944541));
#3431=CARTESIAN_POINT('',(0.114592,-0.066008,0.0285001519944541));
#3432=CARTESIAN_POINT('',(0.114592,-0.061008,0.0285001519944541));
#3433=CARTESIAN_POINT('',(0.114592,-0.075008,0.0285001519944541));
#3434=CARTESIAN_POINT('',(0.097092,-0.075008,0.0285001519944541));
#3435=CARTESIAN_POINT('',(0.110591999999144,-0.075008,0.0285001519944541));
#3436=CARTESIAN_POINT('',(0.110591999999144,-0.046008,0.0285001519944541));
#3437=CARTESIAN_POINT('',(0.110591999999144,-0.077008,0.0285001519944541));
#3438=CARTESIAN_POINT('',(0.097092,-0.077008,0.0285001519944541));
#3439=CARTESIAN_POINT('',(0.09525,-0.0889,0.0285021519944541));
#3440=CARTESIAN_POINT('',(0.12859199999615,-0.0889,0.014250075997227));
#3441=CARTESIAN_POINT('',(0.13335,-0.0889,0.0285021519944541));
#3442=CARTESIAN_POINT('',(0.097092,0.,0.0285001519944541));
#3443=CARTESIAN_POINT('',(0.0762,0.0762,0.0285001519944541));
#3444=CARTESIAN_POINT('',(0.0787527,0.0762,0.0285001519944541));
#3445=CARTESIAN_POINT('',(0.0762,0.0508,0.0285001519944541));
#3446=CARTESIAN_POINT('',(0.0787527,0.0508,0.0285001519944541));
#3447=CARTESIAN_POINT('',(0.086092,0.0243,0.0285001519944541));
#3448=CARTESIAN_POINT('',(0.086092,0.0253,0.0285001519944541));
#3449=CARTESIAN_POINT('',(0.086092,0.016,0.0285001519944541));
#3450=CARTESIAN_POINT('',(0.097092,0.0253,0.0285001519944541));
#3451=CARTESIAN_POINT('',(0.088092,0.0253,0.0285001519944541));
#3452=CARTESIAN_POINT('',(0.088092,0.0293,0.0285001519944541));
#3453=CARTESIAN_POINT('',(0.088092,0.0303,0.0285001519944541));
#3454=CARTESIAN_POINT('',(0.097092,0.0303,0.0285001519944541));
#3455=CARTESIAN_POINT('',(0.089342,0.0303,0.0285001519944541));
#3456=CARTESIAN_POINT('',(0.089342,0.0328,0.0285001519944541));
#3457=CARTESIAN_POINT('',(0.089342,0.0338,0.0285001519944541));
#3458=CARTESIAN_POINT('',(0.097092,0.0338,0.0285001519944541));
#3459=CARTESIAN_POINT('',(0.0925920000015771,0.0338,0.0285001424948007));
#3460=CARTESIAN_POINT('',(0.092592000001196,0.033798,0.0285001329951473));
#3461=CARTESIAN_POINT('',(0.092592000001196,0.0889,0.0285001329951473));
#3462=CARTESIAN_POINT('',(0.09525,0.0889,0.0285001519944541));
#3463=CARTESIAN_POINT('',(0.05715,0.0889,0.0285001519944541));
#3464=CARTESIAN_POINT('',(0.05715,0.0774048384495903,0.0285001519944541));
#3465=CARTESIAN_POINT('',(0.097092,0.016,0.0285001519944541));
#3466=CARTESIAN_POINT('',(0.13335,0.,0.0285021519944541));
#3467=CARTESIAN_POINT('',(0.13335,0.0889,0.0285021519944541));
#3468=CARTESIAN_POINT('',(0.09525,-0.0889,0.0285021519944541));
#3469=CARTESIAN_POINT('',(0.0655920000038505,-0.0889,0.014250075997227));
#3470=CARTESIAN_POINT('',(0.05715,-0.0889,0.0285021519944541));
#3471=CARTESIAN_POINT('',(0.05715,-0.0774048384495903,0.0285021519944541));
#3472=CARTESIAN_POINT('',(0.05715,0.0774048384495903,0.0285021519944541));
#3473=CARTESIAN_POINT('',(0.05715,0.0889,0.0285021519944541));
#3474=CARTESIAN_POINT('',(0.09525,0.0889,0.0285021519944541));
#3475=CARTESIAN_POINT('',(0.097092,0.0889,0.0285));
#3476=CARTESIAN_POINT('',(0.112092,-0.075008,0.0285001519944541));
#3477=CARTESIAN_POINT('',(0.097092,-0.075008,0.0285));
#3478=CARTESIAN_POINT('',(0.097092,-0.075008,0.0285));
#3479=CARTESIAN_POINT('',(0.112092,-0.066008,0.0285001519944541));
#3480=CARTESIAN_POINT('',(0.097092,-0.066008,0.0285));
#3481=CARTESIAN_POINT('',(0.097092,-0.066008,0.0285));
#3482=CARTESIAN_POINT('',(0.097092,-0.061008,0.0285));
#3483=CARTESIAN_POINT('',(0.112092,-0.056008,0.0285001519944541));
#3484=CARTESIAN_POINT('',(0.097092,-0.056008,0.0285));
#3485=CARTESIAN_POINT('',(0.097092,-0.056008,0.0285));
#3486=CARTESIAN_POINT('',(0.112092,-0.047008,0.0285001519944541));
#3487=CARTESIAN_POINT('',(0.097092,-0.047008,0.0285));
#3488=CARTESIAN_POINT('',(0.097092,-0.047008,0.0285));
#3489=CARTESIAN_POINT('',(0.097092,-0.061008,0.0285));
#3490=CARTESIAN_POINT('',(0.0271460000931767,-0.016,0.0257500000931766));
#3491=CARTESIAN_POINT('',(0.097092,-0.016,0.0285001519944541));
#3492=CARTESIAN_POINT('',(0.071692,-0.016,0.0135801519944541));
#3493=CARTESIAN_POINT('',(0.0271460000931767,0.016,0.0257500000931766));
#3494=CARTESIAN_POINT('',(0.071692,0.016,0.0135801519944541));
#3495=CARTESIAN_POINT('',(0.097092,0.016,0.0285001519944541));
#3496=CARTESIAN_POINT('',(0.097092,-0.046008,0.0285));
#3497=CARTESIAN_POINT('',(0.097092,-0.045008,0.0285));
#3498=CARTESIAN_POINT('',(0.097092,-0.045008,0.0285));
#3499=CARTESIAN_POINT('',(0.097092,-0.045008,0.0285));
#3500=CARTESIAN_POINT('',(0.097092,-0.0245,0.0285001519944541));
#3501=CARTESIAN_POINT('',(0.097092,-0.0245,0.0285));
#3502=CARTESIAN_POINT('',(0.097092,-0.0245,0.0285001519944541));
#3503=CARTESIAN_POINT('',(0.097092,-0.0235,0.0285001519944541));
#3504=CARTESIAN_POINT('',(0.097092,-0.021,0.0285001519944541));
#3505=CARTESIAN_POINT('',(0.097092,-0.021,0.0285001519944541));
#3506=CARTESIAN_POINT('',(0.097092,-0.021,0.0285001519944541));
#3507=CARTESIAN_POINT('',(0.097092,-0.02,0.0285001519944541));
#3508=CARTESIAN_POINT('',(0.097092,-0.046008,0.0285));
#3509=CARTESIAN_POINT('',(0.097092,-0.046008,0.0285));
#3510=CARTESIAN_POINT('',(0.097092,-0.077008,0.0285));
#3511=CARTESIAN_POINT('',(0.097092,-0.077008,0.0285));
#3512=CARTESIAN_POINT('',(0.0970920019372991,-0.077008,0.0285007098762988));
#3513=CARTESIAN_POINT('',(0.097092,0.0253,0.0285001519944541));
#3514=CARTESIAN_POINT('',(0.097092,0.0253,0.0285001519944541));
#3515=CARTESIAN_POINT('',(0.097092,0.0253,0.0285001519944541));
#3516=CARTESIAN_POINT('',(0.097092,0.0293,0.0285001519944541));
#3517=CARTESIAN_POINT('',(0.097092,0.0303,0.0285001519944541));
#3518=CARTESIAN_POINT('',(0.097092,0.0303,0.0285001519944541));
#3519=CARTESIAN_POINT('',(0.097092,0.0303,0.0285001519944541));
#3520=CARTESIAN_POINT('',(0.097092,0.0328,0.0285001519944541));
#3521=CARTESIAN_POINT('',(0.097092,0.0338,0.0285001519944541));
#3522=CARTESIAN_POINT('',(0.097092,0.0338,0.0285001519944541));
#3523=CARTESIAN_POINT('',(0.097092,0.0338,0.0285));
#3524=CARTESIAN_POINT('',(0.097092,0.0243,0.0285001519944541));
#3525=CARTESIAN_POINT('',(0.125592,-0.1139,0.0233218330516122));
#3526=CARTESIAN_POINT('',(0.125592,-0.085008,0.00907183305161218));
#3527=CARTESIAN_POINT('',(0.125592,-0.1139,0.0233218330516122));
#3528=CARTESIAN_POINT('',(0.12859199999615,-0.1139,0.014250075997227));
#3529=CARTESIAN_POINT('',(0.12859199999615,-0.1139,0.014250075997227));
#3530=CARTESIAN_POINT('',(0.09525,-0.1139,0.0194281669483878));
#3531=CARTESIAN_POINT('',(0.068592,-0.1139,0.00907183305161217));
#3532=CARTESIAN_POINT('',(0.068592,-0.085008,0.0233218330516121));
#3533=CARTESIAN_POINT('',(0.068592,-0.1139,0.00907183305161217));
#3534=CARTESIAN_POINT('',(0.0655920000038505,-0.1139,0.014250075997227));
#3535=CARTESIAN_POINT('',(0.0655920000038505,-0.1139,0.014250075997227));
#3536=CARTESIAN_POINT('',(0.09525,-0.1139,0.0194281669483878));
#3537=CARTESIAN_POINT('',(0.065972,-0.06155,0.0125));
#3538=CARTESIAN_POINT('',(0.065972,-0.0635,0.0125));
#3539=CARTESIAN_POINT('',(0.065972,-0.0570780450344472,0.0160941));
#3540=CARTESIAN_POINT('',(0.065972,-0.0588771107727454,0.0149169878053757));
#3541=CARTESIAN_POINT('',(0.065972,-0.0606613747062834,0.0137178214815605));
#3542=CARTESIAN_POINT('',(0.065972,-0.0624331180818647,0.0125));
#3543=CARTESIAN_POINT('',(0.078572,-0.04055,0.0125));
#3544=CARTESIAN_POINT('',(0.113112,-0.06155,0.0125));
#3545=CARTESIAN_POINT('',(0.113112,-0.0635,0.00625));
#3546=CARTESIAN_POINT('',(0.113112,-0.04055,0.0125));
#3547=CARTESIAN_POINT('',(0.120662,-0.04055,0.0125));
#3548=CARTESIAN_POINT('',(0.128212,-0.04055,0.0125));
#3549=CARTESIAN_POINT('',(0.128212,-0.06155,0.0125));
#3550=CARTESIAN_POINT('',(0.128212,-0.0635,0.00625));
#3551=CARTESIAN_POINT('',(0.12065,-0.0762,-0.006352));
#3552=CARTESIAN_POINT('',(0.12065,-0.0762,0.0125));
#3553=CARTESIAN_POINT('',(0.1180973,-0.0762,0.0125));
#3554=CARTESIAN_POINT('',(0.0762,-0.0762,-0.006352));
#3555=CARTESIAN_POINT('',(0.0762,-0.0762,0.0125));
#3556=CARTESIAN_POINT('',(0.0736473,-0.0762,0.0125));
#3557=CARTESIAN_POINT('',(0.0762,0.0508,-0.006352));
#3558=CARTESIAN_POINT('',(0.0762,0.0762,-0.006352));
#3559=CARTESIAN_POINT('',(0.12065,0.0508,-0.006352));
#3560=CARTESIAN_POINT('',(0.12065,0.0254,-0.006352));
#3561=CARTESIAN_POINT('',(0.12065,-1.37214800136053E-17,-0.006352));
#3562=CARTESIAN_POINT('',(0.12065,0.0762,-0.006352));
#3563=CARTESIAN_POINT('',(0.12065,-0.0254,-0.006352));
#3564=CARTESIAN_POINT('',(0.097092,-0.085008,0.0285));
#3565=CARTESIAN_POINT('',(0.097092,-0.085008,0.0284998480055459));
#3566=CARTESIAN_POINT('',(0.097092,-0.083406,0.0284998480055459));
#3567=CARTESIAN_POINT('',(0.097092,-0.083408,0.0284998480055459));
#3568=CARTESIAN_POINT('',(0.097092,-0.083408,0.0285));
#3569=CARTESIAN_POINT('',(0.0970920019372991,-0.083408,0.0285007098762988));
#3570=CARTESIAN_POINT('',(0.0970920019372991,-0.062006,0.0285007098762988));
#3571=CARTESIAN_POINT('',(0.071692,0.,0.0135801519944541));
#3572=CARTESIAN_POINT('',(0.097092,0.033798,0.0285));
#3573=CARTESIAN_POINT('',(0.097092,-0.04501,0.0285));
#3574=CARTESIAN_POINT('',(0.078572,-0.0635,0.0125));
#3575=CARTESIAN_POINT('',(0.120662,-0.0635,0.0125));
#3576=CARTESIAN_POINT('',(0.097092,-0.0635,0.00625));
#3577=CARTESIAN_POINT('',(0.117630911086755,-0.0635,0.00318));
#3578=CARTESIAN_POINT('',(0.118641274057836,-0.0635,0.00143));
#3579=CARTESIAN_POINT('',(0.116620548115673,-0.0635,0.00493));
#3580=CARTESIAN_POINT('',(0.120662,-0.0635,0.00143));
#3581=CARTESIAN_POINT('',(0.122682725942164,-0.0635,0.00143));
#3582=CARTESIAN_POINT('',(0.123693088913246,-0.0635,0.00318));
#3583=CARTESIAN_POINT('',(0.124703451884327,-0.0635,0.00493));
#3584=CARTESIAN_POINT('',(0.123693088913246,-0.0635,0.00668));
#3585=CARTESIAN_POINT('',(0.122682725942164,-0.0635,0.00843));
#3586=CARTESIAN_POINT('',(0.120662,-0.0635,0.00843));
#3587=CARTESIAN_POINT('',(0.118641274057836,-0.0635,0.00843));
#3588=CARTESIAN_POINT('',(0.117630911086755,-0.0635,0.00668));
#3589=CARTESIAN_POINT('',(0.097092,-0.0635,0.00625));
#3590=CARTESIAN_POINT('',(0.0704909110867546,-0.0635,0.00318));
#3591=CARTESIAN_POINT('',(0.0715012740578364,-0.0635,0.00142999999999998));
#3592=CARTESIAN_POINT('',(0.0694805481156727,-0.0635,0.00493));
#3593=CARTESIAN_POINT('',(0.073522,-0.0635,0.00143));
#3594=CARTESIAN_POINT('',(0.0755427259421638,-0.0635,0.00143));
#3595=CARTESIAN_POINT('',(0.0765530889132456,-0.0635,0.00318));
#3596=CARTESIAN_POINT('',(0.0775634518843275,-0.0635,0.00493));
#3597=CARTESIAN_POINT('',(0.0765530889132456,-0.0635,0.00668));
#3598=CARTESIAN_POINT('',(0.0755427259421638,-0.0635,0.00843));
#3599=CARTESIAN_POINT('',(0.073522,-0.0635,0.00843));
#3600=CARTESIAN_POINT('',(0.0715012740578364,-0.0635,0.00843));
#3601=CARTESIAN_POINT('',(0.0704909110867546,-0.0635,0.00668));
#3602=CARTESIAN_POINT('',(0.124573722947561,-0.0485346375,0.0123349));
#3603=CARTESIAN_POINT('',(0.123265815298374,-0.046269275,0.0123349));
#3604=CARTESIAN_POINT('',(0.123265815298374,-0.046269275,0.012754));
#3605=CARTESIAN_POINT('',(0.123265815298374,-0.046269275,0.0158401));
#3606=CARTESIAN_POINT('',(0.124573722947561,-0.0485346375,0.012754));
#3607=CARTESIAN_POINT('',(0.125881630596748,-0.0508,0.012754));
#3608=CARTESIAN_POINT('',(0.125881630596748,-0.0508,0.0123349));
#3609=CARTESIAN_POINT('',(0.125881630596748,-0.0508,0.0158401));
#3610=CARTESIAN_POINT('',(0.124573722947561,-0.0485346375,0.0158401));
#3611=CARTESIAN_POINT('',(0.124573722947561,-0.0530653625,0.0123349));
#3612=CARTESIAN_POINT('',(0.124573722947561,-0.0530653625,0.012754));
#3613=CARTESIAN_POINT('',(0.123265815298374,-0.055330725,0.012754));
#3614=CARTESIAN_POINT('',(0.123265815298374,-0.055330725,0.0123349));
#3615=CARTESIAN_POINT('',(0.123265815298374,-0.055330725,0.0158401));
#3616=CARTESIAN_POINT('',(0.124573722947561,-0.0530653625,0.0158401));
#3617=CARTESIAN_POINT('',(0.12065,-0.055330725,0.0123349));
#3618=CARTESIAN_POINT('',(0.12065,-0.055330725,0.012754));
#3619=CARTESIAN_POINT('',(0.118034184701626,-0.055330725,0.012754));
#3620=CARTESIAN_POINT('',(0.118034184701626,-0.055330725,0.0123349));
#3621=CARTESIAN_POINT('',(0.118034184701626,-0.055330725,0.0158401));
#3622=CARTESIAN_POINT('',(0.12065,-0.055330725,0.0158401));
#3623=CARTESIAN_POINT('',(0.116726277052439,-0.0530653625,0.0123349));
#3624=CARTESIAN_POINT('',(0.116726277052439,-0.0530653625,0.012754));
#3625=CARTESIAN_POINT('',(0.115418369403252,-0.0508,0.012754));
#3626=CARTESIAN_POINT('',(0.115418369403252,-0.0508,0.0123349));
#3627=CARTESIAN_POINT('',(0.115418369403252,-0.0508,0.0158401));
#3628=CARTESIAN_POINT('',(0.116726277052439,-0.0530653625,0.0158401));
#3629=CARTESIAN_POINT('',(0.116726277052439,-0.0485346375,0.0123349));
#3630=CARTESIAN_POINT('',(0.116726277052439,-0.0485346375,0.012754));
#3631=CARTESIAN_POINT('',(0.118034184701626,-0.046269275,0.012754));
#3632=CARTESIAN_POINT('',(0.118034184701626,-0.046269275,0.0123349));
#3633=CARTESIAN_POINT('',(0.118034184701626,-0.046269275,0.0158401));
#3634=CARTESIAN_POINT('',(0.116726277052439,-0.0485346375,0.0158401));
#3635=CARTESIAN_POINT('',(0.12065,-0.046269275,0.0123349));
#3636=CARTESIAN_POINT('',(0.12065,-0.046269275,0.012754));
#3637=CARTESIAN_POINT('',(0.12065,-0.046269275,0.0158401));
#3638=CARTESIAN_POINT('',(0.12065,-0.0508,0.0158401));
#3639=CARTESIAN_POINT('',(0.12065,-0.0508,0.0158401));
#3640=CARTESIAN_POINT('',(0.1178433,-0.0508,0.0158401));
#3641=CARTESIAN_POINT('',(0.0935719201174055,-0.0134688398719376,0.0125));
#3642=CARTESIAN_POINT('',(0.121762571246987,-0.0508,0.0182482399634106));
#3643=CARTESIAN_POINT('',(0.124834857052065,-0.0435516149634114,0.0245331100365887));
#3644=CARTESIAN_POINT('',(0.09525,-0.055584725,0.0125));
#3645=CARTESIAN_POINT('',(0.119389253371498,-0.0486163227839643,0.0194684022160358));
#3646=CARTESIAN_POINT('',(0.126740693082349,-0.0306811601280624,0.0125));
#3647=CARTESIAN_POINT('',(0.114653603771358,-0.0404139370696784,0.0068986620696783));
#3648=CARTESIAN_POINT('',(0.135028079882594,-0.0354658851280623,0.0125));
#3649=CARTESIAN_POINT('',(0.11228028589587,-0.0508,0.024533110036589));
#3650=CARTESIAN_POINT('',(0.09525,-0.046015275,0.0125));
#3651=CARTESIAN_POINT('',(0.129570506652205,-0.0353492292491256,0.00183395424912549));
#3652=CARTESIAN_POINT('',(0.10185930691765,-0.00868411487193767,0.0125));
#3653=CARTESIAN_POINT('',(0.12065,-0.0508,0.0160941));
#3654=CARTESIAN_POINT('',(0.0801237229475612,-0.0485346375,0.0123349));
#3655=CARTESIAN_POINT('',(0.0788158152983741,-0.046269275,0.0123349));
#3656=CARTESIAN_POINT('',(0.0788158152983741,-0.046269275,0.012754));
#3657=CARTESIAN_POINT('',(0.0788158152983741,-0.046269275,0.0158401));
#3658=CARTESIAN_POINT('',(0.0801237229475612,-0.0485346375,0.012754));
#3659=CARTESIAN_POINT('',(0.0811060295474389,-0.0502360424395983,0.012754));
#3660=CARTESIAN_POINT('',(0.0811060295474389,-0.0502360424395983,0.0123349));
#3661=CARTESIAN_POINT('',(0.0811060295474389,-0.0502360424395983,0.000254));
#3662=CARTESIAN_POINT('',(0.0814316305967483,-0.0508,0.000254));
#3663=CARTESIAN_POINT('',(0.0814316305967483,-0.0508,0.000254));
#3664=CARTESIAN_POINT('',(0.0814316305967483,-0.0508,0.0123349));
#3665=CARTESIAN_POINT('',(0.0814316305967483,-0.0508,0.0158401));
#3666=CARTESIAN_POINT('',(0.0801237229475612,-0.0485346375,0.0158401));
#3667=CARTESIAN_POINT('',(0.0801237229475612,-0.0530653625,0.0123349));
#3668=CARTESIAN_POINT('',(0.0811060295474389,-0.0513639575604017,0.0123349));
#3669=CARTESIAN_POINT('',(0.0811060295474389,-0.0513639575604017,0.000254));
#3670=CARTESIAN_POINT('',(0.0811060295474389,-0.0513639575604017,0.012754));
#3671=CARTESIAN_POINT('',(0.0801237229475612,-0.0530653625,0.012754));
#3672=CARTESIAN_POINT('',(0.0788158152983742,-0.055330725,0.012754));
#3673=CARTESIAN_POINT('',(0.0788158152983742,-0.055330725,0.0123349));
#3674=CARTESIAN_POINT('',(0.0788158152983742,-0.055330725,0.0158401));
#3675=CARTESIAN_POINT('',(0.0801237229475612,-0.0530653625,0.0158401));
#3676=CARTESIAN_POINT('',(0.081072,-0.0514228984655242,0.000254));
#3677=CARTESIAN_POINT('',(0.0762,-0.055330725,0.0123349));
#3678=CARTESIAN_POINT('',(0.0762,-0.055330725,0.012754));
#3679=CARTESIAN_POINT('',(0.0735841847016258,-0.055330725,0.012754));
#3680=CARTESIAN_POINT('',(0.0735841847016258,-0.055330725,0.0123349));
#3681=CARTESIAN_POINT('',(0.0735841847016258,-0.055330725,0.0158401));
#3682=CARTESIAN_POINT('',(0.0762,-0.055330725,0.0158401));
#3683=CARTESIAN_POINT('',(0.0722762770524388,-0.0530653625,0.0123349));
#3684=CARTESIAN_POINT('',(0.0722762770524388,-0.0530653625,0.012754));
#3685=CARTESIAN_POINT('',(0.0727736909957901,-0.0539269087222778,0.0127539999999862));
#3686=CARTESIAN_POINT('',(0.0727736909957902,-0.0539269087222777,0.0127539999999862));
#3687=CARTESIAN_POINT('',(0.0722119698056274,-0.0529539790812277,0.0137845708748583));
#3688=CARTESIAN_POINT('',(0.0716494260595528,-0.0519796247315465,0.0148133428803346));
#3689=CARTESIAN_POINT('',(0.0710859609813132,-0.0510036745877448,0.0158401));
#3690=CARTESIAN_POINT('',(0.0710859609813132,-0.0510036745877448,0.0158401));
#3691=CARTESIAN_POINT('',(0.0722762770524388,-0.0530653625,0.0158401));
#3692=CARTESIAN_POINT('',(0.0762,-0.046269275,0.0123349));
#3693=CARTESIAN_POINT('',(0.074412251254506,-0.046269275,0.0123349));
#3694=CARTESIAN_POINT('',(0.074412251254506,-0.046269275,0.0158401));
#3695=CARTESIAN_POINT('',(0.074412251254506,-0.046269275,0.012754));
#3696=CARTESIAN_POINT('',(0.0762,-0.046269275,0.012754));
#3697=CARTESIAN_POINT('',(0.0762,-0.046269275,0.0158401));
#3698=CARTESIAN_POINT('',(0.0762,-0.0508,0.0158401));
#3699=CARTESIAN_POINT('',(0.0762,-0.0508,0.0158401));
#3700=CARTESIAN_POINT('',(0.0733933,-0.0508,0.0158401));
#3701=CARTESIAN_POINT('',(3.46944695195361E-18,2.08166817117217E-17,0.0158401));
#3702=CARTESIAN_POINT('',(0.0743377281297735,-0.0461355702966078,0.0158401));
#3703=CARTESIAN_POINT('',(0.0741962196798153,-0.0458816847356217,0.0158401));
#3704=CARTESIAN_POINT('',(0.101690579882594,-0.0162184705289532,0.0125));
#3705=CARTESIAN_POINT('',(0.0812892533714985,-0.0596148454120267,0.00846987958797326));
#3706=CARTESIAN_POINT('',(0.0906171646957715,-0.0158679179491669,0.0222651351483344));
#3707=CARTESIAN_POINT('',(0.09525,-0.055584725,0.0125));
#3708=CARTESIAN_POINT('',(0.0772098570520649,-0.0490508762774426,0.0190338487225575));
#3709=CARTESIAN_POINT('',(0.081072,-0.0514909575604017,0.0125));
#3710=CARTESIAN_POINT('',(0.0806457116965987,-0.0530818871673684,-0.000206317850840256));
#3711=CARTESIAN_POINT('',(0.0602344201174055,-0.0327162544710468,0.0125));
#3712=CARTESIAN_POINT('',(0.0727468342406958,-0.054388391457928,0.0125));
#3713=CARTESIAN_POINT('',(0.0727559468451094,-0.0542346288712092,0.0125847730402762));
#3714=CARTESIAN_POINT('',(0.0727648994374595,-0.0540808014307292,0.0126694399329211));
#3715=CARTESIAN_POINT('',(0.0727736909957817,-0.0539269087222803,0.0127539999999915));
#3716=CARTESIAN_POINT('',(0.0801237229475612,-0.0530653625,0.000254));
#3717=CARTESIAN_POINT('',(0.0806842547972127,-0.0508,0.000901246428571527));
#3718=CARTESIAN_POINT('',(3.46944695195361E-18,2.08166817117217E-17,0.0160941));
#3719=CARTESIAN_POINT('',(0.0741962196798153,-0.0458816847356217,0.0160941));
#3720=CARTESIAN_POINT('',(0.0742433983670311,-0.0459663297690025,0.0160094549666192));
#3721=CARTESIAN_POINT('',(0.0742905678200552,-0.0460509582349773,0.015924788228745));
#3722=CARTESIAN_POINT('',(0.0743377281297735,-0.0461355702966078,0.0158401));
#3723=CARTESIAN_POINT('',(0.0801237229475612,-0.0485346375,0.000254));
#3724=CARTESIAN_POINT('',(0.0806457116965987,-0.0485181128326316,-0.000206317850840296));
#3725=CARTESIAN_POINT('',(0.0741962196798153,-0.0458816847356217,0.0285021519944541));
#3726=CARTESIAN_POINT('',(0.0780884346218772,-0.0528648519905521,0.0193495769905522));
#3727=CARTESIAN_POINT('',(0.081072,-0.0501090424395983,0.0125));
#3728=CARTESIAN_POINT('',(0.0750739745267025,-0.0277241066281574,0.00672194497926283));
#3729=CARTESIAN_POINT('',(0.09525,-0.046015275,0.0125));
#3730=CARTESIAN_POINT('',(0.0819455066522049,-0.0408484905631567,0.00733321556315663));
#3731=CARTESIAN_POINT('',(0.0685218069176505,-0.0279315294710468,0.0125));
#3732=CARTESIAN_POINT('',(0.0762,-0.0508,0.0160941));
#3733=CARTESIAN_POINT('',(0.073522,-0.0667,0.00493));
#3734=CARTESIAN_POINT('',(0.0704909110867546,-0.0667,0.00318));
#3735=CARTESIAN_POINT('',(0.0715012740578364,-0.0667,0.00142999999999998));
#3736=CARTESIAN_POINT('',(0.0694805481156727,-0.0667,0.00493));
#3737=CARTESIAN_POINT('',(0.0704909110867546,-0.0667,0.00668));
#3738=CARTESIAN_POINT('',(0.0715012740578364,-0.0667,0.00843));
#3739=CARTESIAN_POINT('',(0.073522,-0.0667,0.00843));
#3740=CARTESIAN_POINT('',(0.0755427259421638,-0.0667,0.00843));
#3741=CARTESIAN_POINT('',(0.0765530889132456,-0.0667,0.00668));
#3742=CARTESIAN_POINT('',(0.0775634518843275,-0.0667,0.00493));
#3743=CARTESIAN_POINT('',(0.0765530889132456,-0.0667,0.00318));
#3744=CARTESIAN_POINT('',(0.0755427259421638,-0.0667,0.00143));
#3745=CARTESIAN_POINT('',(0.073522,-0.0667,0.00143));
#3746=CARTESIAN_POINT('',(0.0704909110867546,-0.0667,0.00318));
#3747=CARTESIAN_POINT('',(0.0694805481156727,-0.0667,0.00493));
#3748=CARTESIAN_POINT('',(0.0715012740578364,-0.0667,0.00142999999999998));
#3749=CARTESIAN_POINT('',(0.0704909110867546,-0.0667,0.00668));
#3750=CARTESIAN_POINT('',(0.0715012740578364,-0.0667,0.00843));
#3751=CARTESIAN_POINT('',(0.073522,-0.0667,0.00843));
#3752=CARTESIAN_POINT('',(0.0755427259421638,-0.0667,0.00843));
#3753=CARTESIAN_POINT('',(0.0765530889132456,-0.0667,0.00668));
#3754=CARTESIAN_POINT('',(0.0775634518843275,-0.0667,0.00493));
#3755=CARTESIAN_POINT('',(0.0765530889132456,-0.0667,0.00318));
#3756=CARTESIAN_POINT('',(0.0755427259421638,-0.0667,0.00143));
#3757=CARTESIAN_POINT('',(0.073522,-0.0667,0.00143));
#3758=CARTESIAN_POINT('',(0.120662,-0.0667,0.00493));
#3759=CARTESIAN_POINT('',(0.117630911086755,-0.0667,0.00318));
#3760=CARTESIAN_POINT('',(0.118641274057836,-0.0667,0.00143));
#3761=CARTESIAN_POINT('',(0.116620548115673,-0.0667,0.00493));
#3762=CARTESIAN_POINT('',(0.117630911086755,-0.0667,0.00668));
#3763=CARTESIAN_POINT('',(0.118641274057836,-0.0667,0.00843));
#3764=CARTESIAN_POINT('',(0.120662,-0.0667,0.00843));
#3765=CARTESIAN_POINT('',(0.122682725942164,-0.0667,0.00843));
#3766=CARTESIAN_POINT('',(0.123693088913246,-0.0667,0.00668));
#3767=CARTESIAN_POINT('',(0.124703451884327,-0.0667,0.00493));
#3768=CARTESIAN_POINT('',(0.123693088913246,-0.0667,0.00318));
#3769=CARTESIAN_POINT('',(0.122682725942164,-0.0667,0.00143));
#3770=CARTESIAN_POINT('',(0.120662,-0.0667,0.00143));
#3771=CARTESIAN_POINT('',(0.117630911086755,-0.0667,0.00318));
#3772=CARTESIAN_POINT('',(0.116620548115673,-0.0667,0.00493));
#3773=CARTESIAN_POINT('',(0.118641274057836,-0.0667,0.00143));
#3774=CARTESIAN_POINT('',(0.117630911086755,-0.0667,0.00668));
#3775=CARTESIAN_POINT('',(0.118641274057836,-0.0667,0.00843));
#3776=CARTESIAN_POINT('',(0.120662,-0.0667,0.00843));
#3777=CARTESIAN_POINT('',(0.122682725942164,-0.0667,0.00843));
#3778=CARTESIAN_POINT('',(0.123693088913246,-0.0667,0.00668));
#3779=CARTESIAN_POINT('',(0.124703451884327,-0.0667,0.00493));
#3780=CARTESIAN_POINT('',(0.123693088913246,-0.0667,0.00318));
#3781=CARTESIAN_POINT('',(0.122682725942164,-0.0667,0.00143));
#3782=CARTESIAN_POINT('',(0.120662,-0.0667,0.00143));
#3783=MECHANICAL_DESIGN_GEOMETRIC_PRESENTATION_REPRESENTATION('',(#2298),
#3784);
#3784=(
GEOMETRIC_REPRESENTATION_CONTEXT(3)
GLOBAL_UNCERTAINTY_ASSIGNED_CONTEXT((#3785))
GLOBAL_UNIT_ASSIGNED_CONTEXT((#3788,#3787,#3786))
REPRESENTATION_CONTEXT('House Bottom','TOP_LEVEL_ASSEMBLY_PART')
);
#3785=UNCERTAINTY_MEASURE_WITH_UNIT(LENGTH_MEASURE(2.E-5),#3788,
'DISTANCE_ACCURACY_VALUE','Maximum Tolerance applied to model');
#3786=(
NAMED_UNIT(*)
SI_UNIT($,.STERADIAN.)
SOLID_ANGLE_UNIT()
);
#3787=(
NAMED_UNIT(*)
PLANE_ANGLE_UNIT()
SI_UNIT($,.RADIAN.)
);
#3788=(
LENGTH_UNIT()
NAMED_UNIT(*)
SI_UNIT($,.METRE.)
);
#3789=PRODUCT_DEFINITION_SHAPE('','',#3790);
#3790=PRODUCT_DEFINITION('','',#3792,#3791);
#3791=PRODUCT_DEFINITION_CONTEXT('',#3798,'design');
#3792=PRODUCT_DEFINITION_FORMATION_WITH_SPECIFIED_SOURCE('','',#3794,
 .NOT_KNOWN.);
#3793=PRODUCT_RELATED_PRODUCT_CATEGORY('','',(#3794));
#3794=PRODUCT('House Bottom','House Bottom','House Bottom',(#3796));
#3795=PRODUCT_CATEGORY('','');
#3796=PRODUCT_CONTEXT('',#3798,'mechanical');
#3797=APPLICATION_PROTOCOL_DEFINITION('international standard',
'ap242_managed_model_based_3d_engineering',2011,#3798);
#3798=APPLICATION_CONTEXT('managed model based 3d engineering');
ENDSEC;
END-ISO-10303-21;
